cmd_storage_time_s,cmd_sim_time,linear_x,angular_z,encounter_id,center_distance,clock_bracket_gap_s
1788523995.831653,17.607163396383957,0.2,0.04210526315789473,1,4.6071354495292525,0.007424116134643555
1788523995.9303768,17.659802390527258,0.2,0.0,1,4.658432780947615,0.004268646240234375
1788523996.0437036,17.738945315872787,0.2,0.0,1,4.730296529776967,0.0049703121185302734
1788523996.132523,17.798991981451067,0.2,0.0,1,4.780647991040903,0.0024678707122802734
1788523996.2293005,17.862849244258324,0.2,0.0,1,4.831779482623978,0.007287502288818359
1788523996.3329523,17.93805166330645,0.2,0.0,1,4.891941466596298,0.000946044921875
1788523996.4299195,17.982955058043117,0.2,0.0,1,4.9278642116157325,0.0028753280639648438
1788523996.529293,18.032364110589462,0.2,0.0,1,4.902663264782537,0.0050275325775146484
1788523996.6339784,18.07544220115721,0.2,0.0,1,4.850969584402051,0.0019366741180419922
1788523996.7372813,18.12621721190687,0.2,0.0,1,4.790039605009053,0.0016179084777832031
1788523996.8382053,18.17255634893324,0.2,0.0,1,4.73443267130281,0.005542755126953125
1788523996.9384027,18.20099657003102,0.2,0.0,1,4.700304424914145,0.007993698120117188
1788523997.0312216,18.25992523197716,0.2,0.0,1,4.629590069977762,0.0013360977172851562
1788523997.136371,18.30575420875421,0.2,0.0,1,4.5745953286581935,7.081031799316406e-05
1788523997.2286637,18.377402631091346,0.2,0.0,1,4.488617270342244,0.0012867450714111328
1788523997.3289366,18.43740103224668,0.2,0.0,1,4.4166192298712685,0.00540471076965332
1788523997.435511,18.509979963570128,0.2,0.0,1,4.3295245621779115,0.0010471343994140625
1788523997.5367465,18.577309660047124,0.2,0.0,1,4.248728973105664,0.0014166831970214844
1788523997.6317594,18.61795030549898,0.2,0.0,1,4.19996022695474,0.0029265880584716797
1788523997.7361522,18.670967674931845,0.2,0.0,1,4.1363394209131,0.007346153259277344
1788523997.8347685,18.719975029585797,0.2,0.0,1,4.077530630038642,0.002014636993408203
1788523997.937446,18.771696824294462,0.2,0.0,1,4.015464513295764,0.0037763118743896484
1788523998.0303257,18.805007393073335,0.2,0.0,1,3.975491854686164,0.004805088043212891
1788523998.1350346,18.844546945252578,0.2,0.0,1,3.928044420634027,0.0009014606475830078
1788523998.2321863,18.89029863587732,0.2,0.0,1,3.873142425165231,0.00534820556640625
1788523998.334376,18.946459746751998,0.2,0.0,1,3.8057491333215165,0.008680105209350586
1788523998.4349897,19.001726396029074,0.2,0.0,1,3.7394291951375545,0.00672459602355957
1788523998.5379696,19.042203969621546,0.2,-0.04210526315789474,1,3.6908561367497232,0.003735780715942383
1788523998.6287384,19.102987858592822,0.2,-0.04210526315789474,1,3.6179154877528465,0.006224870681762695
1788523998.731214,19.16499877876209,0.2,-0.04210526315789474,1,3.5435023967084227,0.012299299240112305
1788523998.8325832,19.225998104465038,0.2,-0.04210526315789474,1,3.4703032952099413,0.005660057067871094
1788523998.9350967,19.29404476333262,0.2,-0.04210526315789474,1,3.3886475935536606,0.0011131763458251953
1788523999.0374393,19.38592551417454,0.2,-0.04210526315789474,1,3.27839159691151,0.0017156600952148438
1788523999.1287389,19.434611003935487,0.2,-0.04210526315789474,1,3.219969815235638,0.0030896663665771484
1788523999.2306113,19.494060299869624,0.2,-0.04210526315789474,1,3.1486320328725665,0.0021944046020507812
1788523999.3344452,19.551735190127513,0.2,-0.04210526315789474,1,3.079423975931403,0.010452032089233398
1788523999.438964,19.616769227522163,0.17777777777777778,-0.04210526315789474,1,3.001441712293057,0.005648136138916016
1788523999.532125,19.650905590841372,0.2,0.0,1,2.9611575661360487,0.006081104278564453
1788523999.6285865,19.69246379268588,0.2,-0.04210526315789474,1,2.911569745885586,0.0009844303131103516
1788523999.7301705,19.740991034818265,0.2,-0.04210526315789474,1,2.8533399065316196,0.003430604934692383
1788523999.832395,19.794176700717237,0.2,0.0,1,2.7895208375160006,0.001096963882446289
1788523999.9360085,19.859585597381344,0.2,0.0,1,2.7110351889291735,0.0021851062774658203
1788524000.0335758,19.90340052842744,0.2,0.0,1,2.658460677518699,0.002436399459838867
1788524000.130523,19.973643866689933,0.2,0.0,1,2.574174191853567,0.0013663768768310547
1788524000.2326393,20.041056257955027,0.2,0.0,1,2.4932846957460684,0.005619525909423828
1788524000.3315127,20.107273297614142,0.2,0.0,1,2.413829605717792,0.00520634651184082
1788524000.4347234,20.15427388764045,0.2,0.0,1,2.357432752623687,0.005304813385009766
1788524000.5312614,20.211430515063167,0.2,0.0,1,2.288849551208972,0.0009813308715820312
1788524000.632869,20.27708232196751,0.2,0.0,1,2.2100729346577586,0.003712892532348633
1788524000.7332735,20.342332471492973,0.2,0.0,1,2.131778383151439,0.0035963058471679688
1788524000.8282526,20.39530668003509,0.2,0.0,1,2.0682139913932684,0.0019023418426513672
1788524000.9319205,20.454089467748233,0.2,0.0,1,1.9976799191603802,0.01099252700805664
1788524001.0290866,20.512057783018868,0.2,0.0,1,1.9281232589494082,0.000606536865234375
1788524001.1297429,20.55508914728682,0.2,0.0,1,1.876489653226259,0.00018453598022460938
1788524001.2292273,20.59907252075142,0.2,0.0,1,1.8237138063219458,0.0005457401275634766
1788524001.3407552,20.652409393579074,0.2,0.0,1,1.7597147734956458,0.0020051002502441406
1788524001.4334714,20.6878627796325,0.2,0.0,1,1.7171742558328753,0.009069681167602539
1788524001.5300794,20.73675999711101,0.2,0.0,1,1.658502599400439,0.009903192520141602
1788524001.6324222,20.79799261660364,0.2,0.0,1,1.5850299308187288,0.0013239383697509766
1788524001.7308373,20.86099542713568,0.2,0.0,1,1.5094334945079704,0.004744529724121094
1788524001.832959,20.937015650936686,0.2,0.0,1,1.4182180286118793,0.003016233444213867
1788524001.9309733,21.00330164092664,0.2,0.0,1,1.3386829739052688,0.0004940032958984375
1788524002.0301976,21.061466341552347,0.2,0.0,1,1.2688928878394743,0.005231142044067383
1788524002.1290705,21.102441152828156,0.2,0.0,1,1.2197287089694075,0.012160539627075195
1788524002.236096,21.16398951163553,0.2,0.0,1,1.145879576984382,0.0029096603393554688
1788524002.3444335,21.201419087649896,0.2,0.0,1,1.1009698321153305,0.003857135772705078
1788524002.4334111,21.239177534613667,0.2,0.0,1,1.0556657890574919,0.005338191986083984
1788524002.5319395,21.287786069232713,0.2,0.0,1,0.9973438954395039,0.005661487579345703
1788524002.629762,21.34490845688646,0.2,0.0,1,0.9288076992585872,0.0048885345458984375
1788524002.7314503,21.38915948317736,0.2,0.0,1,0.8757155017296986,0.0073626041412353516
1788524002.8334553,21.422841064058858,0.2,0.0,1,0.8353050182063497,0.005314826965332031
1788524002.935884,21.461012776637006,0.2,0.0,1,0.7895080254485969,0.0010449886322021484
1788524003.0380824,21.522995398100804,0.2,0.0,1,0.7151454255533943,0.0032639503479003906
1788524003.1422522,21.577027315541603,0.2,0.0,1,0.6503239223583507,0.0015187263488769531
1788524003.2321012,21.621991076740034,0.2,0.0,1,0.596383619401168,0.0016031265258789062
1788524003.3388216,21.67707821269772,0.2,0.0,1,0.5303026432712676,0.003270864486694336
1788524003.4307714,21.719667438782263,0.2,0.0,1,0.4792176249648411,0.004323005676269531
1788524003.5337198,21.785076918109016,0.2,0.0,1,0.4007697655148555,0.0036916732788085938
1788524003.6359875,21.853052341434502,0.2,0.0,1,0.31926504598432476,0.004022121429443359
1788524003.733833,21.909445749505757,0.2,0.0,1,0.25167782741292494,0.006150484085083008
1788524003.834968,21.975480484848486,0.17777777777777778,0.0,1,0.17265082831307973,0.0019669532775878906
1788524003.9373393,22.022625820344544,0.2,0.0,1,0.11728206703826931,0.0023250579833984375
1788524004.0297298,22.073458373632914,0.2,0.0,1,0.05744613861663669,0.006409168243408203
1788524004.1327693,22.134971241570806,0.2,0.0,1,0.02277576541249435,0.006010532379150391
1788524004.2363195,22.212895833333334,0.2,0.0,1,0.11242872214759628,0.00011444091796875
1788524004.3458297,22.257007311169293,0.2,0.0,1,0.16508462543164118,0.00482630729675293
1788524004.4373822,22.29285044122773,0.2,0.0,1,0.20797349144717012,0.012995481491088867
1788524004.5350688,22.33807366684992,0.2,0.0,1,0.2621427394759244,0.005204200744628906
1788524004.6351721,22.393212579771806,0.2,0.0,1,0.3282320244404976,0.004931449890136719
1788524004.7340004,22.43990492796416,0.2,0.0,1,0.3842172112548399,0.009366512298583984
1788524004.833426,22.503378541289933,0.2,0.0,1,0.460340199533078,0.0015821456909179688
1788524004.935125,22.572247831586555,0.2,0.0,1,0.5429472910128545,0.0052776336669921875
1788524005.0325868,22.625259359466433,0.2,0.0,1,0.6065392730508107,0.007578372955322266
1788524005.135315,22.68824084121036,0.2,0.0,1,0.6820955945973177,0.004262685775756836
1788524005.2293696,22.740060206185564,0.2,0.0,1,0.7442638546285291,0.005781650543212891
1788524005.3381777,22.797982417924384,0.2,0.0,1,0.8137558979427498,0.0015323162078857422
1788524005.4363878,22.851495122453887,0.2,0.0,1,0.8779591981585717,0.013882160186767578
1788524005.5337296,22.909581466087285,0.2,0.0,1,0.9476511704713578,0.012619495391845703
1788524005.633463,22.97466378030678,0.2,0.0,1,1.0257382065151,0.0019273757934570312
1788524005.7303228,23.02988947153761,0.2,0.0,1,1.0919999400744675,0.004091978073120117
1788524005.8346133,23.080999133347778,0.2,0.0,1,1.1533236989399327,0.014305353164672852
1788524005.9392924,23.14404513604695,0.2,0.0,1,1.228969881008741,0.01194310188293457
1788524006.044306,23.214772277227723,0.2,0.0,1,1.3138330338656736,4.8160552978515625e-05
1788524006.1404455,23.260075102233408,0.2,0.0,1,1.3681907218431733,0.0030317306518554688
1788524006.230954,23.300224021042492,0.2,0.0,1,1.416364557715527,0.0064356327056884766
1788524006.3338094,23.352996235351267,0.2,0.0,1,1.4796850548990947,0.003926515579223633
1788524006.4523573,23.44286153846154,0.2,0.0,1,1.5875134624600689,4.649162292480469e-05
1788524006.5322816,23.473509433962263,0.2,0.0,1,1.6242876756572806,1.2636184692382812e-05
1788524006.6433027,23.53099733333333,0.2,0.0,1,1.6932671980383436,0.004559755325317383
1788524006.7332535,23.57314337690338,0.2,0.0,1,1.743838204436528,0.0035386085510253906
1788524006.8337364,23.6178726154547,0.2,0.0,1,1.7975088859774349,0.004186868667602539
1788524006.9428675,23.679368695425516,0.2,0.0,1,1.8712982803506717,0.001829385757446289
1788524007.0322497,23.725997916438207,0.2,0.0,1,1.9272489784210656,0.004348278045654297
1788524007.137472,23.769350009695557,0.2,0.0,1,1.9792675058004274,0.0012295246124267578
1788524007.2442222,23.815988201125432,0.2,0.0,1,2.0352291238347244,0.0013134479522705078
1788524007.3291264,23.854326647037173,0.2,0.0,1,2.081231850580957,0.0012955665588378906
1788524007.429128,23.90183891161005,0.2,0.0,1,2.1382424065301255,0.0028564929962158203
1788524007.5425794,23.9437024122807,0.2,0.0,1,2.1884749937751433,0.00217437744140625
1788524007.6384814,24.00002496187495,0.2,0.0,1,2.2531646267541525,0.002970457077026367
1788524007.7329352,24.034926727835106,0.2,0.0,1,2.228087022639218,0.009172677993774414
1788524007.8305602,24.083000952453517,0.2,0.0,1,2.1896293275976193,0.0062580108642578125
1788524007.935544,24.12634963649616,0.2,0.0,1,2.1549520870276644,0.012757062911987305
1788524008.0344899,24.13942913464873,0.2,0.0,1,2.14448903975401,0.013062238693237305
1788524008.1438487,24.162701966717094,0.2,-0.12631578947368421,1,2.1258717924507406,0.0012607574462890625
1788524008.2322624,24.210008192524324,0.2,-0.12631578947368421,1,2.0880286316542302,0.002328157424926758
1788524008.3313005,24.240001808015883,0.2,-0.12631578947368421,1,2.0640344876722896,0.022813081741333008
1788524008.433325,24.257472803887698,0.17777777777777778,-0.12631578947368421,1,2.0500190988884843,0.01476740837097168
1788524008.5423954,24.27227575667948,0.17777777777777778,-0.12631578947368421,1,2.0378984898991064,0.007254838943481445
1788524008.6293755,24.310705381080044,0.2,-0.12631578947368421,1,2.006315777738762,0.0049800872802734375
1788524008.7340248,24.358265883317394,0.2,-0.12631578947368421,1,1.9679639051126592,0.001744985580444336
1788524008.8370855,24.415990013999068,0.2,-0.12631578947368421,1,1.9217801467849622,0.002554655075073242
1788524008.9309137,24.45975746426202,0.2,-0.04210526315789474,1,1.8867609862921124,0.003952741622924805
1788524009.0394292,24.513366917175514,0.2,-0.04210526315789474,1,1.8438657469942321,0.006091117858886719
1788524009.1297383,24.551027581156944,0.2,-0.04210526315789474,1,1.8137316967877022,0.001953601837158203
1788524009.2300062,24.61228397244631,0.2,-0.04210526315789474,1,1.7647174509912076,0.006472349166870117
1788524009.3341486,24.654218696868316,0.2,0.0,1,1.731163369639697,0.008694171905517578
1788524009.4362564,24.69247575159979,0.2,0.0,1,1.7005523186040736,0.0059239864349365234
1788524009.5329983,24.731166202743054,0.2,0.0,1,1.669595212034705,0.0047109127044677734
1788524009.63369,24.782003519249226,0.2,0.0,1,1.6289203224163222,0.0022356510162353516
1788524009.7362473,24.839016826923075,0.2,0.0,1,1.583305768030285,0.00079345703125
1788524009.835129,24.891345346296355,0.2,0.0,1,1.541441119159604,0.007528543472290039
1788524009.9396229,24.934421339050132,0.2,0.0,1,1.506980177309879,0.00289154052734375
1788524010.0311515,24.9739172186414,0.2,0.0,1,1.4753844977716086,0.008026838302612305
1788524010.130985,25.019002945368168,0.2,0.0,1,1.4393185375011353,0.0025093555450439453
1788524010.2384539,25.083387141339,0.2,0.0,1,1.3878178379127923,0.002243518829345703
1788524010.3296387,25.13663375553182,0.2,0.0,2,1.3452288924064806,0.001562356948852539
1788524010.429691,25.189199922995478,0.2,0.0,2,1.3031869833659844,0.012384653091430664
1788524010.529204,25.23249543613148,0.2,0.0,2,1.2685619274844218,0.00929880142211914
1788524010.63098,25.300581967213112,0.2,0.0,2,1.2141151628432731,2.9087066650390625e-05
1788524010.7350872,25.363373268698062,0.2,0.0,2,1.1639084211783273,0.0024099349975585938
1788524010.8382185,25.405765794200217,0.2,0.0,2,1.1300155590367063,0.013672590255737305
1788524010.9348984,25.44508328362825,0.2,0.0,2,1.0985839002832438,0.01079249382019043
1788524011.03868,25.489150848405743,0.2,0.0,2,1.0633582712326761,0.007671833038330078
1788524011.1346195,25.538031357001262,0.2,0.0,2,1.024290018093161,0.0013229846954345703
1788524011.2382786,25.58638580990629,0.2,0.0,2,0.9856475570400974,0.008014440536499023
1788524011.328301,25.61978796161675,0.2,0.0,2,0.9589576645325049,0.004099607467651367
1788524011.4341066,25.660385365036838,0.2,0.0,2,0.9265226070539785,0.007119178771972656
1788524011.53076,25.70726507736028,0.2,0.0,2,0.8890746615402545,0.0015101432800292969
1788524011.6308644,25.7568707181701,0.2,0.0,2,0.8494575539655274,0.00425267219543457
1788524011.730719,25.808261623872312,0.2,0.0,2,0.8084250190741613,0.004122734069824219
1788524011.834062,25.827941686367218,0.2,0.0,2,0.7927148083616957,0.009379148483276367
1788524011.934838,25.8412211536138,0.2,0.0,2,0.7821151322713621,0.009866476058959961
1788524012.0326061,25.861507677494554,0.2,0.0,2,0.7659241680487232,0.009409427642822266
1788524012.13208,25.909861067193678,0.2,0.0,2,0.7273419196724558,0.0012063980102539062
1788524012.2453697,25.936915837696336,0.2,0.0,2,0.7057606375852443,0.00728607177734375
1788524012.3336735,25.96263759296822,0.2,-0.04210526315789474,2,0.6852473889458119,0.00035262107849121094
1788524012.429514,26.001000718719375,0.2,-0.04210526315789474,2,0.6546620542017063,0.014595985412597656
1788524012.546872,26.044445373154808,0.2,0.0,2,0.6200411698604058,0.02085137367248535
1788524012.6315422,26.05929869777537,0.2,0.0,2,0.608208963262718,0.007030487060546875
1788524012.7319064,26.080139391669785,0.2,-0.04210526315789474,2,0.591611335918186,0.0057299137115478516
1788524012.8312206,26.117444414703783,0.2,-0.04210526315789474,2,0.5619148413232797,0.005344390869140625
1788524012.930809,26.15499640990684,0.2,-0.04210526315789474,2,0.5320417817380986,0.005246400833129883
1788524013.0359921,26.221462629493153,0.2,-0.04210526315789474,2,0.4792285488931009,0.0034291744232177734
1788524013.136657,26.27702295115966,0.2,-0.04210526315789474,2,0.4351595977303459,0.006897687911987305
1788524013.2417939,26.293644067222335,0.2,-0.04210526315789474,2,0.4219938390380267,0.007036685943603516
1788524013.3372211,26.31351241155545,0.2,-0.04210526315789474,2,0.40626854965830145,0.00609898567199707
1788524013.4367633,26.353721453495368,0.2,-0.04210526315789474,2,0.3744932216408106,0.003962993621826172
1788524013.556198,26.405003099849274,0.2,-0.04210526315789474,2,0.3340887573017549,0.008383512496948242
1788524013.6447432,26.419997516893268,0.2,-0.04210526315789474,2,0.32230715674801114,0.011713981628417969
1788524013.728876,26.4311791918429,0.2,-0.04210526315789474,2,0.3135328397561857,0.00252532958984375
1788524013.847492,26.48232526322296,0.2,-0.04210526315789474,2,0.2735504926234178,0.011571168899536133
1788524013.9450154,26.499023348899264,0.2,0.0,2,0.26056425225182794,0.0025017261505126953
1788524014.030132,26.510991049726915,0.2,0.0,2,0.25128219838416865,0.008337736129760742
1788524014.1673596,26.561514616985434,0.2,0.0,2,0.21239566867036316,0.0072176456451416016
1788524014.2381094,26.570413699575894,0.2,0.0,2,0.20560978877952327,0.014503955841064453
1788524014.3391135,26.585919453799725,0.2,0.0,2,0.19384493673143907,0.014299869537353516
1788524014.438843,26.610461626226517,0.2,0.0,2,0.17540897849839407,0.003134489059448242
1788524014.5376198,26.64200541056652,0.2,0.0,2,0.1521644223607489,0.003745555877685547
1788524014.631956,26.673148161148163,0.2,0.0,2,0.12995912159957504,0.006113290786743164
1788524014.7354286,26.713288181603588,0.2,0.0,2,0.10320419268653988,0.012120246887207031
1788524014.8299224,26.75381067806721,0.2,0.0,2,0.08031854224718067,0.011990070343017578
1788524014.9339612,26.81340286373013,0.2,0.0,2,0.06405670958905553,0.00589442253112793
1788524015.038466,26.86869240288389,0.2,0.0,2,0.07746771784275099,0.004431247711181641
1788524015.1352916,26.948995559964104,0.2,0.0,2,0.12548176309873718,0.00504755973815918
1788524015.2326312,27.018181990383216,0.2,0.0,2,0.17543827519672278,0.008181333541870117
1788524015.3494973,27.061521306294445,0.17777777777777778,0.0,2,0.20817452152536134,0.009052753448486328
1788524015.430415,27.10305211190346,0.2,0.0,2,0.2408531480607348,0.00043463706970214844
1788524015.5299847,27.16144966263254,0.2,0.0,2,0.28654375787327996,0.004452228546142578
1788524015.639576,27.215335131039403,0.2,0.0,2,0.3287648859511954,0.010698318481445312
1788524015.7296164,27.253996026556685,0.2,0.0,2,0.35919566381542406,0.004740238189697266
1788524015.8375227,27.311101458001808,0.2,0.0,2,0.4042946667073965,0.00554347038269043
1788524015.935582,27.352117694617696,0.2,0.0,2,0.43677040334576506,0.004128456115722656
1788524018.8751705,27.40708311718934,0.2,0.0,2,0.48037231093507277,0.002022266387939453
1788524018.9704986,27.462397918393215,0.2,0.0,2,0.5243240462878019,0.009781360626220703
1788524019.074259,27.52998677637379,0.2,0.0,2,0.5781032095640293,0.0008113384246826172
1788524019.179839,27.600774104683197,0.2,0.0,2,0.6344940882372642,0.004500389099121094
1788524019.2697153,27.65930721161966,0.2,0.0,2,0.6811626676372889,0.002823352813720703
1788524019.376462,27.70521360695054,0.2,0.0,2,0.7177841960693185,0.01053762435913086
1788524019.472197,27.74853106190292,0.2,0.0,2,0.7523541842483465,0.004317522048950195
1788524019.5692575,27.80247089059058,0.2,0.0,2,0.7954174846548107,0.006818532943725586
1788524019.669179,27.853062272727275,0.2,0.0,2,0.8358213819868922,0.0005245208740234375
1788524019.7705655,27.90226299192411,0.2,0.0,2,0.8751257111653113,0.009299516677856445
1788524019.876793,27.955091681657464,0.2,0.0,2,0.917338797120846,0.003843545913696289
1788524019.984997,28.008528538916703,0.2,0.0,2,0.9600474990492603,0.005238056182861328
1788524020.076018,28.05832146726513,0.2,0.0,2,0.9998514891285588,0.0015404224395751953
1788524020.1713755,28.101123542251326,0.2,0.04210526315789473,2,1.0340722770950515,0.0038230419158935547
1788524020.27878,28.159987612811893,0.2,0.0,2,1.0811394066974482,0.0013473033905029297
1788524020.3818805,28.216794014447885,0.2,0.04210526315789473,2,1.12656571611964,0.0023102760314941406
1788524020.4735708,28.255875921908896,0.2,0.04210526315789473,2,1.157820742856265,0.0010991096496582031
1788524020.5693989,28.300357039449874,0.2,0.04210526315789473,2,1.193394396545714,0.0013175010681152344
1788524020.6781073,28.357535042350648,0.2,0.0,2,1.239122958350105,0.0031807422637939453
1788524020.7698262,28.416562907402447,0.2,0.04210526315789473,2,1.2863337498221017,0.0026700496673583984
1788524020.8728864,28.46140491178985,0.2,0.04210526315789473,2,1.3222005710219706,0.0030677318572998047
1788524020.9705448,28.5289614481409,0.2,0.0,2,1.3762353451832974,0.0024366378784179688
1788524021.0717328,28.591996007922262,0.2,0.0,2,1.4266551464054895,0.007704257965087891
1788524021.1715326,28.62914609815743,0.2,0.04210526315789473,2,1.456372459085704,0.009846925735473633
1788524021.274151,28.684285986653958,0.2,0.04210526315789473,2,1.5004808626228099,0.003251314163208008
1788524021.3756218,28.74597825964517,0.2,0.0,2,1.5498296392710476,0.004233121871948242
1788524021.4734688,28.80588306471733,0.2,0.0,2,1.5977489599525438,0.009556293487548828
1788524021.5729213,28.860297999069335,0.2,0.04210526315789473,2,1.6412791088763183,0.005123615264892578
1788524021.678313,28.932988857216895,0.2,0.0,2,1.6994294367877054,0.002760171890258789
1788524021.7725697,28.99816830825847,0.2,0.04210526315789473,2,1.7515711786162047,0.002202749252319336
1788524021.87287,29.059813729128013,0.2,0.04210526315789473,2,1.8008860566946518,0.0019276142120361328
1788524021.9708626,29.108792597738415,0.2,0.0,2,1.8400666301956197,0.006177663803100586
1788524022.0770917,29.155262809917357,0.2,0.0,2,1.877240463876845,0.0030291080474853516
1788524022.1799407,29.191780991735538,0.2,0.04210526315789473,2,1.906453920611352,0.0035772323608398438
1788524022.2743666,29.236760299625466,0.2,0.0,2,1.9424358940820812,0.0008912086486816406
1788524022.3700132,29.270548469267418,0.2,0.0,2,1.9694652049880847,0.0050542354583740234
1788524022.4791913,29.31452811630065,0.2,0.04210526315789473,2,2.0046480814147345,0.003854036331176758
1788524022.5773306,29.363996379435193,0.2,0.04210526315789473,2,2.0442216805351436,0.005597352981567383
1788524022.6844158,29.417764258555135,0.2,0.0,2,2.0872333977909827,0.006395816802978516
1788524022.7716806,29.447033234691553,0.2,0.0,2,2.110646817778227,0.003142118453979492
1788524022.8707387,29.48914258970359,0.2,0.0,2,2.1443323232358944,0.0030565261840820312
1788524022.9726539,29.551199716536743,0.2,0.04210526315789473,2,2.1939763039079643,0.005719423294067383
1788524023.074637,29.6082064801771,0.2,0.0,2,2.23957985035668,0.001184701919555664
1788524023.1705422,29.655361372750164,0.2,0.04210526315789473,2,2.2773018505862224,0.007669687271118164
1788524023.2776163,29.717335420170684,0.2,0.0,2,2.326878019520087,0.007654666900634766
1788524023.3748655,29.77025243523316,0.2,0.0,2,2.3692085667830325,0.003451108932495117
1788524023.4726274,29.81062272919307,0.2,0.04210526315789473,2,2.401503002890135,0.003950357437133789
1788524023.573724,29.873593736482395,0.2,0.0,3,2.4518762799424456,0.002755880355834961
1788524023.681483,29.922393369565217,0.2,0.0,3,2.4909126969123654,0.002193450927734375
1788524023.7737877,29.98946790176648,0.2,0.04210526315789473,3,2.544568794875079,0.0016601085662841797
1788524023.8766694,30.045709045304907,0.2,0.04210526315789473,3,2.498234573834956,0.0015208721160888672
1788524023.9717875,30.107896342373724,0.2,0.0,3,2.423737326089029,0.0047910213470458984
1788524024.076633,30.146996221261094,0.2,0.0,3,2.3769002606872576,0.00523686408996582
1788524024.182913,30.202412085911906,0.2,0.04210526315789473,3,2.3105237268838863,0.0019648075103759766
1788524024.2811248,30.255246845590797,0.2,0.0,3,2.247243845847535,0.003420114517211914
1788524024.3818924,30.317020445087753,0.2,0.0,3,2.1732647956703213,0.003953218460083008
1788524024.4779203,30.35397251082251,0.2,0.0,3,2.1290161828701497,0.0011014938354492188
1788524024.576871,30.400883679312813,0.2,0.0,3,2.072847314229906,0.003996849060058594
1788524024.6854846,30.44705975485189,0.2,0.0,3,2.017564924830443,0.0014004707336425781
1788524024.7824953,30.48344141084763,0.2,0.04210526315789473,3,1.9740132425361154,0.01235651969909668
1788524024.875845,30.535046056159164,0.2,0.0,3,1.9122451312365005,0.008448362350463867
1788524024.9735374,30.586275713472638,0.2,0.0,3,1.850934493319573,0.002932310104370117
1788524025.0728035,30.624989968080257,0.2,0.04210526315789473,3,1.804609060287568,0.0010457038879394531
1788524025.1726522,30.656128419066967,0.2,0.04210526315789473,3,1.7673531595900538,0.003286123275756836
1788524025.2801373,30.686105910475383,0.2,0.0,3,1.731489731624454,0.0061838626861572266
1788524025.374112,30.70735156395025,0.2,0.0,3,1.7060749586090627,0.010274887084960938
1788524025.4750416,30.7372610813778,0.2,0.0,3,1.67030012698442,0.010424137115478516
1788524025.571374,30.772076191429715,0.2,0.0,3,1.6286639266595435,0.0023813247680664062
1788524025.6767528,30.80997727810651,0.2,0.04210526315789473,3,1.5833453163400384,0.0030219554901123047
1788524025.7774332,30.85688938296507,0.2,0.0,3,1.527264086789322,0.005200862884521484
1788524025.87511,30.896236229311334,0.2,0.0,3,1.4802377935852922,0.009132862091064453
1788524025.9701438,30.94030707070707,0.2,0.0,3,1.4275799466502799,0.001062154769897461
1788524026.0736606,30.99918060594784,0.2,0.04210526315789473,3,1.3572620246657576,0.007688283920288086
1788524026.1717532,31.03784943796129,0.2,0.0,3,1.3110944280181422,0.013341188430786133
1788524026.2757885,31.082058922729267,0.2,0.0,3,1.2583314609744858,0.0070688724517822266
1788524026.3774357,31.13076373096936,0.2,0.04210526315789473,3,1.2002322712139726,0.006185770034790039
1788524026.4727082,31.173051437216337,0.2,0.0,3,1.1498148611015142,0.0003151893615722656
1788524026.5773454,31.207851516483515,0.2,0.0,3,1.108345683131086,0.005424022674560547
1788524026.674291,31.246869747899158,0.2,0.0,3,1.0618766797302357,5.6743621826171875e-05
1788524026.778819,31.283957787958116,0.2,0.0,3,1.017736072927538,0.00145721435546875
1788524026.8769507,31.32608362041967,0.2,0.04210526315789473,3,0.9676397831082933,0.0007612705230712891
1788524026.9725256,31.368768791083166,0.2,0.0,3,0.916927516306483,0.010844945907592773
1788524027.0869222,31.41946210233104,0.2,0.0,3,0.8567773854361185,0.0016262531280517578
1788524027.1868799,31.465448937762307,0.2,0.0,3,0.8022999466669093,0.0073282718658447266
1788524027.2858915,31.480960820848228,0.2,0.04210526315789473,3,0.7839462280232986,0.018809795379638672
1788524027.3808503,31.491881993728338,0.2,0.04210526315789473,3,0.7710315498988656,0.0043337345123291016
1788524027.4690974,31.51521948488242,0.2,0.0,3,0.7434558574720431,0.0023419857025146484
1788524027.574733,31.566057709100573,0.2,0.0,3,0.6835039926241749,0.006279706954956055
1788524027.6734636,31.593596829355185,0.2,0.0,3,0.6511093709551723,0.006692409515380859
1788524027.778842,31.62796730591497,0.2,0.04210526315789473,3,0.6107765736415796,0.010318756103515625
1788524027.8782783,31.666388787768476,0.2,-0.04210526315789474,3,0.5658437435939453,0.00589442253112793
1788524027.979383,31.720983332454242,0.2,-0.04210526315789474,3,0.5023624758911543,0.0045201778411865234
1788524028.0782402,31.76182039742436,0.2,-0.04210526315789474,3,0.4552589959392156,0.003443479537963867
1788524028.179725,31.80056432003943,0.2,-0.04210526315789474,3,0.41098459933933185,0.011609554290771484
1788524028.2748642,31.839571520796827,0.2,-0.04210526315789474,3,0.3669679802355262,0.002585172653198242
1788524028.373624,31.872615428930555,0.2,-0.04210526315789474,3,0.3302851596598353,0.004552364349365234
1788524028.4848044,31.924685338947867,0.2,-0.04210526315789474,3,0.2741711590007425,0.00803995132446289
1788524028.575359,31.967291891481114,0.2,-0.04210526315789474,3,0.23071184194509214,0.003137350082397461
1788524028.6717858,31.992564363477214,0.2,-0.04210526315789474,3,0.20660241390146916,0.008716106414794922
1788524028.7860284,32.02636484553776,0.2,-0.04210526315789474,3,0.17736999657546348,0.011669158935546875
1788524028.8743749,32.05710941894172,0.2,-0.04210526315789474,3,0.1552721282520843,0.005510568618774414
1788524028.9739103,32.106713613550816,0.2,-0.04210526315789474,3,0.134133428189647,0.0015201568603515625
1788524029.0736117,32.14699783376658,0.2,-0.04210526315789474,3,0.13505616081070188,0.007153987884521484
1788524029.1914988,32.18524587186262,0.2,-0.04210526315789474,3,0.15100681668321886,0.002887725830078125
1788524029.2740595,32.20599342969777,0.2,-0.04210526315789474,3,0.16444281572975547,0.004898786544799805
1788524029.3834684,32.22979352023672,0.2,0.0,3,0.18284041641949614,0.004753828048706055
1788524029.4784527,32.286216856604085,0.2,0.0,3,0.23472194781750236,0.002907991409301758
1788524029.5761795,32.32383849129594,0.2,0.0,3,0.27318867700171934,0.0002465248107910156
1788524029.682325,32.368004157303375,0.2,0.0,3,0.3205737814368125,0.012731552124023438
1788524029.7821884,32.38715853243903,0.2,0.0,3,0.3416365394848855,0.015427112579345703
1788524029.884756,32.407643665189504,0.2,0.0,3,0.3644192160962821,0.008661985397338867
1788524029.9786456,32.436890818181816,0.2,0.0,3,0.3973174835562929,0.005245208740234375
1788524030.0848205,32.457792984163014,0.2,0.0,3,0.42104583286926633,0.004410982131958008
1788524030.1896107,32.48442349223071,0.2,0.0,3,0.4514883575627869,0.011768579483032227
1788524030.282272,32.50442409862648,0.2,0.0,3,0.47448230420237436,0.009998321533203125
1788524030.3908756,32.53290080019697,0.2,0.0,3,0.5073810116344109,0.009683370590209961
1788524030.485477,32.56222673267327,0.2,0.0,3,0.5414247745284164,0.00890970230102539
1788524030.5695293,32.59336697782964,0.2,0.0,3,0.5777242952538106,0.005721092224121094
1788524030.6724138,32.64833833192924,0.2,0.0,3,0.6421003774998267,0.0014150142669677734
1788524030.7727444,32.7042243376534,0.2,0.0,3,0.7078450766504472,0.0020787715911865234
1788524030.8765926,32.75899631048673,0.2,0.0,3,0.772496845393038,0.003360271453857422
1788524030.976006,32.80351623293437,0.2,0.0,3,0.8251707901181556,0.006513833999633789
1788524031.0718942,32.84091485867405,0.2,0.0,3,0.8694888145883183,0.00827479362487793
1788524031.175819,32.88600673240034,0.2,0.0,3,0.9229942707694544,0.004497528076171875
1788524031.2817464,32.960837458475645,0.2,0.0,3,1.011926766553323,0.005095720291137695
1788524031.3706892,33.00644945623821,0.2,0.0,3,1.0662038318513436,0.011882305145263672
1788524031.4708607,33.052352346041054,0.2,0.0,3,1.1208708338967537,0.009756088256835938
1788524031.578326,33.12970790948724,0.2,0.0,3,1.2130785804734525,0.0011484622955322266
1788524031.6703916,33.17674795521782,0.2,0.0,3,1.2691930019872197,0.004110097885131836
1788524031.7846746,33.249001356545335,0.2,0.0,3,1.3554366823720816,0.003163576126098633
1788524031.8808286,33.307962256325176,0.2,0.0,3,1.4258538150184255,0.006897926330566406
1788524031.971606,33.34981549631987,0.2,0.0,3,1.4758578768269575,0.004794120788574219
1788524032.075726,33.40065057894167,0.2,0.0,3,1.536611340318105,0.004406452178955078
1788524032.1742644,33.45882276465906,0.2,0.0,3,1.6061553839536227,0.00898599624633789
1788524032.285765,33.51909251660805,0.2,0.0,3,1.6782287615861478,0.0024404525756835938
1788524032.3722842,33.55735857545533,0.2,0.0,3,1.7239993245440026,0.004398345947265625
1788524032.4720216,33.618124287233016,0.2,0.0,3,1.7966966247171952,0.002466917037963867
1788524032.571745,33.67703166815343,0.2,0.0,3,1.8671860663440918,0.0005345344543457031
1788524032.6697714,33.72599590128939,0.2,0.0,3,1.925787694933231,0.0027921199798583984
1788524032.7715347,33.783993513045985,0.2,0.0,3,1.995211597127112,0.001653909683227539
1788524032.8690186,33.8365410674204,0.2,0.0,3,2.058120967411358,0.005735874176025391
1788524032.9742699,33.89433303100264,0.2,0.0,3,2.127318088848737,0.00289154052734375
1788524033.0737896,33.951984032233995,0.2,0.0,3,2.1963551523991316,0.0015976428985595703
1788524033.169179,33.99299178826354,0.2,0.0,3,2.245466793158475,0.003774404525756836
1788524033.2707973,34.05087783333334,0.2,0.0,3,2.314798502574438,0.001430511474609375
1788524033.3718302,34.10401442466205,0.2,0.0,3,2.3784476749933656,0.0028924942016601562
1788524033.469514,34.14001938602853,0.2,0.0,3,2.4215789177588443,0.00493168830871582
1788524033.5730395,34.179627375886525,0.2,0.0,3,2.469028972767765,0.0033617019653320312
1788524033.6734996,34.20786064641871,0.2,0.0,3,2.5028538182585978,0.0014679431915283203
1788524033.7738295,34.25900452790974,0.2,0.0,3,2.5641299306964114,0.0064239501953125
1788524033.8738244,34.32472827603937,0.2,0.0,3,2.6428800681911357,0.012983322143554688
1788524033.9727433,34.382714495539666,0.2,0.0,3,2.7123640245695158,0.011038064956665039
1788524034.0715594,34.41966752202164,0.2,0.0,3,2.756646480914892,0.015887975692749023
1788524034.174504,34.47737739345275,0.2,0.0,3,2.8258060472562416,0.001157999038696289
1788524034.2835875,34.54700672969075,0.2,0.0,3,2.9092548430960066,0.0014879703521728516
1788524034.368724,34.592634620367974,0.2,0.0,3,2.963941303561765,0.0009200572967529297
1788524034.4708555,34.642786649022206,0.2,0.0,3,3.024052407340848,0.0016214847564697266
1788524034.5729287,34.70400398550725,0.2,0.0,3,3.0974292376403003,0.001316070556640625
1788524034.6703718,34.74290584150327,0.2,0.0,3,3.1440597690095524,0.0023345947265625
1788524034.77493,34.78820596517228,0.2,0.0,3,3.1983612625692492,0.006434917449951172
1788524034.8807545,34.82586067886068,0.2,0.0,3,3.243499370543873,0.0026199817657470703
1788524034.9823117,34.87246093699306,0.2,0.0,3,3.299362281704689,0.014697074890136719
1788524035.0719411,34.92398492883059,0.2,0.0,3,3.3611293802207522,0.0034170150756835938
1788524035.1728911,34.976184205114144,0.2,0.0,3,3.4237078088817814,0.003477811813354492
1788524035.284348,35.01044854362877,0.2,0.04210526315789473,3,3.46478610700729,0.007645130157470703
1788524035.37717,35.04801019044437,0.2,0.0,3,3.5098182906156876,0.0014271736145019531
1788524035.4705174,35.099311130334485,0.2,0.0,3,3.5713237365810184,0.0016536712646484375
1788524035.5766861,35.15770496972755,0.2,0.04210526315789473,4,3.6413347602592863,0.0056705474853515625
1788524035.6707394,35.201608286908076,0.2,0.04210526315789473,4,3.693973690895616,0.001369476318359375
1788524035.7727978,35.2430336063259,0.2,0.0,4,3.743642572774651,0.0008442401885986328
1788524035.8843317,35.29647163962538,0.2,0.0,4,3.807716001583686,0.0036149024963378906
1788524035.9731722,35.325127281266774,0.2,0.0,4,3.8420753418000166,0.0035533905029296875
1788524036.0723965,35.35211351955307,0.2,0.04210526315789473,4,3.8744333468994774,0.0021338462829589844
1788524036.1739643,35.399246397007595,0.2,0.0,4,3.9309491384704653,0.006501436233520508
1788524036.271001,35.45368689368837,0.2,0.0,4,3.9962285981608527,0.005972146987915039
1788524036.3699682,35.50597658988955,0.2,0.04210526315789473,4,4.058930223416257,0.0063245296478271484
1788524036.4739835,35.567010516871854,0.2,0.04210526315789473,4,4.132118705229765,0.0047833919525146484
1788524036.5707362,35.614998216017064,0.2,0.0,4,4.189663989941724,0.006147623062133789
1788524036.6750772,35.67102612089672,0.2,0.0,4,4.2568519735107815,0.0071468353271484375
1788524036.7703812,35.71333349614675,0.2,0.0,4,4.307587230904021,0.004393100738525391
1788524036.8702357,35.75383825417202,0.2,0.0,4,4.356161372872689,0.0001857280731201172
1788524036.9738796,35.80443323442137,0.2,0.0,4,4.416836704196639,0.0011248588562011719
1788524037.0696793,35.85578901983329,0.2,0.04210526315789473,4,4.4784252801407884,0.00414729118347168
1788524037.1709695,35.88857974184142,0.2,0.0,4,4.517750103393519,0.005559682846069336
1788524037.2702994,35.94553355320724,0.2,0.0,4,4.5860537321326085,0.003542184829711914
1788524037.3695188,35.99178658536585,0.2,-0.04210526315789474,4,4.641524830874538,3.910064697265625e-05
1788524037.469238,36.04676507359622,0.2,-0.04210526315789474,4,4.613995768078077,0.006560087203979492
1788524037.5792637,36.10330505289532,0.2,-0.04210526315789474,4,4.568804024164317,0.00342559814453125
1788524037.6775568,36.14999711414071,0.2,-0.04210526315789474,4,4.531484274157637,0.004791736602783203
1788524037.7720382,36.20657288417551,0.2,-0.04210526315789474,4,4.486265556223186,0.001146554946899414
1788524037.8796115,36.27441723265896,0.2,-0.04210526315789474,4,4.432041524541644,0.00659942626953125
1788524037.9795778,36.32730601339965,0.2,-0.04210526315789474,4,4.389771533058378,0.005800485610961914
1788524038.0732846,36.36925634352635,0.2,-0.04210526315789474,4,4.356244406305761,0.008061885833740234
1788524038.17557,36.43299675093918,0.2,-0.04210526315789474,4,4.305303455561506,0.002348184585571289
1788524038.28147,36.476747465095286,0.2,-0.04210526315789474,4,4.2703388835486225,0.008982181549072266
1788524038.3735797,36.5029605136717,0.17777777777777778,-0.04210526315789474,4,4.249337685621537,0.008187532424926758
1788524038.4731507,36.53960201729107,0.2,0.0,4,4.219317060553043,0.004136562347412109
1788524038.5697286,36.59841704278054,0.2,0.0,4,4.172049036045988,0.006180524826049805
1788524038.6728327,36.656911484593834,0.2,0.0,4,4.125305930123563,0.0012767314910888672
1788524038.7740812,36.70856619061714,0.2,0.0,4,4.084030055380136,0.006443977355957031
1788524038.87932,36.769837950747586,0.2,0.0,4,4.035071434140749,0.0010843276977539062
1788524038.9711325,36.82907483966579,0.2,0.0,4,3.9877408714395317,0.009330987930297852
1788524039.07453,36.87854754534984,0.2,0.0,4,3.948213586089033,0.0066242218017578125
1788524039.1702986,36.92538269582548,0.2,0.0,4,3.910795057924648,0.00873255729675293
1788524039.2728457,36.97720766995933,0.2,0.0,4,3.869391619788606,0.0020515918731689453
1788524039.3719544,37.033838095238096,0.2,0.0,4,3.824151128888065,2.5033950805664062e-05
1788524039.4719517,37.10533323038913,0.2,0.0,4,3.76703882766464,0.0015439987182617188
1788524039.5791788,37.16033746660618,0.2,0.0,4,3.7231024394659444,0.0047299861907958984
1788524039.6755803,37.21040322234157,0.2,0.0,4,3.683112801806104,0.0011098384857177734
1788524039.7739313,37.25300665981501,0.2,0.0,4,3.649085168909329,0.005799531936645508
1788524039.8718843,37.31003511688312,0.2,0.0,4,3.603538465330145,0.004589557647705078
1788524039.9698372,37.366357477417196,0.2,0.0,4,3.5585583522064606,0.008551597595214844
1788524040.0698297,37.4417890006913,0.2,0.0,4,3.498321607848299,0.003103971481323242
1788524040.1738448,37.51715072916667,0.2,0.0,4,3.4381457657337755,0.00457763671875
1788524040.2689445,37.56184117594335,0.2,0.0,4,3.402463290589259,0.002660036087036133
1788524040.3811936,37.62236175840786,0.2,0.0,4,3.3541446183956984,0.0037856101989746094
1788524040.4742212,37.672987390704094,0.2,0.0,4,3.31372881278034,0.0025904178619384766
1788524040.5770602,37.74110625085301,0.2,0.0,4,3.259352037332647,0.003493785858154297
1788524040.6734335,37.79261184466019,0.2,0.0,4,3.2182404695714166,0.0012278556823730469
1788524040.7819285,37.840037165695506,0.2,0.04210526315789473,4,3.180388496808547,0.006382942199707031
1788524040.8755996,37.90618769305019,0.2,0.0,4,3.1275957947443502,0.004940032958984375
1788524040.978301,37.976465854065786,0.2,0.0,4,3.071514971905043,0.0014278888702392578
1788524041.0709178,38.030508889244814,0.2,0.0,4,3.0283939272826164,0.011908531188964844
1788524041.1713657,38.09099663075974,0.2,0.0,4,2.9801354147259485,0.0050241947174072266
1788524041.2759092,38.14834340075737,0.2,0.0,4,2.934387717852817,0.002581357955932617
1788524041.3745625,38.2027160483322,0.2,0.0,4,2.891017183185534,0.005603790283203125
1788524041.4699273,38.25647088704858,0.2,0.0,4,2.848144043196095,0.005585193634033203
1788524041.571067,38.320005742913004,0.2,0.0,4,2.7974768569039434,0.003902435302734375
1788524041.6733608,38.390707583417594,0.2,0.0,4,2.7411025150166153,0.0011789798736572266
1788524041.7707322,38.4482677430802,0.2,0.0,4,2.6952135616777184,0.0013437271118164062
1788524041.8755646,38.521001315904904,0.2,0.0,4,2.6372371330795548,0.005435466766357422
1788524041.9771297,38.57330900777863,0.2,0.0,4,2.595549089170463,0.004015207290649414
1788524042.075064,38.61376309090909,0.2,0.0,4,2.563312189758063,0.003933906555175781
1788524042.169798,38.654623026246995,0.2,0.0,4,2.5307556473534993,0.0068399906158447266
1788524042.2720246,38.70803067071115,0.2,0.04210526315789473,4,2.48820724753685,0.0007073879241943359
1788524042.3903365,38.756031833876534,0.2,0.0,4,2.4499718553209964,0.01477670669555664
1788524042.475541,38.80362101732812,0.2,0.0,4,2.4120702672934935,0.003838777542114258
1788524042.5746226,38.84485966909532,0.2,0.0,4,2.3792313759601362,0.006282806396484375
1788524042.6770148,38.89204227138228,0.2,0.0,4,2.3416651108312476,0.001692056655883789
1788524042.7738588,38.93789047273899,0.2,0.0,4,2.3051675645566374,0.0029604434967041016
1788524042.871205,38.996482422452,0.2,0.0,4,2.2585348303961146,0.0064563751220703125
1788524042.9765918,39.06599818007005,0.2,0.0,4,2.2032226382802063,0.006943225860595703
1788524043.0738153,39.12377272950297,0.2,0.04210526315789473,4,2.157265630298123,0.004859209060668945
1788524043.1698132,39.18972670452516,0.2,0.0,4,2.1048170208244965,0.0066754817962646484
1788524043.2706268,39.241104339740865,0.2,0.04210526315789473,4,2.063971427908594,0.011795282363891602
1788524043.36944,39.312444792259534,0.2,0.12631578947368421,4,2.0072730493746773,0.0008378028869628906
1788524043.4724145,39.370622813500866,0.2,0.12631578947368421,4,1.9610494773561409,0.0038709640502929688
1788524043.5830417,39.41101023890785,0.2,0.12631578947368421,4,1.9289672463728929,0.0009081363677978516
1788524043.6690798,39.452994474226806,0.2,0.12631578947368421,4,1.895622002971045,0.0028908252716064453
1788524043.7715838,39.50248337845759,0.2,0.12631578947368421,4,1.856323368942868,0.00854182243347168
1788524043.872402,39.55088625592417,0.2,0.12631578947368421,4,1.8178943078210248,5.030632019042969e-05
1788524043.9707367,39.6233534529906,0.2,0.04210526315789473,4,1.7603731512277427,0.009590625762939453
1788524044.0727046,39.687997231531405,0.2,0.04210526315789473,4,1.7090792151808518,0.003272533416748047
1788524044.1806884,39.74396586588678,0.2,0.04210526315789473,4,1.6646866794856419,0.011413097381591797
1788524044.269929,39.80030621972183,0.2,0.04210526315789473,4,1.620017330847562,0.012205123901367188
1788524044.3775783,39.860412757536956,0.2,0.04210526315789473,4,1.5723834882123666,0.0020482540130615234
1788524044.4698796,39.91001855474913,0.2,0.04210526315789473,4,1.533089452042083,0.003777742385864258
1788524044.5765247,39.95786684006851,0.2,0.04210526315789473,4,1.4952044464086771,0.0037581920623779297
1788524044.6710403,39.99341978099804,0.2,0.04210526315789473,4,1.4670659163651498,0.008752822875976562
1788524044.7699778,40.04574440224701,0.2,0.04210526315789473,4,1.425672397349579,0.006026744842529297
1788524044.8723097,40.11200052409593,0.2,0.04210526315789473,4,1.373293030756804,0.009553194046020508
1788524044.9692483,40.17377394929577,0.2,0.04210526315789473,4,1.3244967485883765,0.010579824447631836
1788524045.082845,40.22767227894851,0.2,0.04210526315789473,4,1.2819555275021666,0.004389762878417969
1788524045.1808493,40.277472835092006,0.2,0.04210526315789473,4,1.242680088455962,0.005467891693115234
1788524045.2779913,40.324552671755725,0.2,0.04210526315789473,4,1.205580773350334,0.002186298370361328
1788524045.3703587,40.36338749439713,0.2,0.04210526315789473,4,1.1750029438209622,0.0010638236999511719
1788524045.473484,40.40888207513921,0.2,-0.04210526315789474,4,1.1392118519377659,0.013529777526855469
1788524045.5693507,40.477868903966126,0.2,-0.04210526315789474,4,1.085017070980268,0.005235910415649414
1788524045.674211,40.539991009642655,0.2,-0.04210526315789474,4,1.0363126937165128,0.016813278198242188
1788524045.7729726,40.61262583668005,0.2,-0.04210526315789474,4,0.9795026707490067,0.0007123947143554688
1788524045.8756585,40.69618742485324,0.2,-0.04210526315789474,4,0.9143617202532628,0.003371000289916992
1788524045.9697149,40.75335823621817,0.2,-0.04210526315789474,4,0.8699518874733903,0.00652623176574707
1788524046.0736678,40.824809262709614,0.2,-0.04210526315789474,4,0.8146660285760929,0.0044786930084228516
1788524046.1733553,40.890386514983355,0.2,-0.04210526315789474,4,0.7641786094659706,0.0017185211181640625
1788524046.278067,40.948852175293744,0.2,-0.04210526315789474,4,0.7194136497282558,0.0015015602111816406
1788524046.375268,41.005835941889394,0.2,0.0,4,0.6760535408458287,0.002970457077026367
1788524046.4788504,41.06886046511628,0.2,0.0,4,0.6284692907848952,4.100799560546875e-05
1788524046.5705657,41.13440161897323,0.2,0.0,4,0.5794939040849709,0.0033576488494873047
1788524046.673563,41.19306035852053,0.2,0.0,4,0.5362162165097378,0.002101421356201172
1788524046.7695878,41.238367135761585,0.2,0.0,4,0.5032374185263736,0.002880096435546875
1788524046.8726912,41.29017035933358,0.2,0.0,4,0.46612474099669543,0.012321233749389648
1788524046.9728746,41.33982633470392,0.2,0.0,4,0.4312913654214146,0.007364034652709961
1788524047.0730274,41.4017362222422,0.2,0.0,4,0.38917674448370443,0.0026519298553466797
1788524047.1772063,41.456541557513695,0.2,0.0,4,0.3535024513134724,0.005005598068237305
1788524047.2760715,41.50623752834467,0.2,0.0,4,0.322898130907318,0.0012617111206054688
1788524047.374228,41.57118573627501,0.2,0.0,4,0.28631205102433904,0.0009293556213378906
1788524047.4749098,41.62379574733011,0.2,0.0,4,0.2605348898679556,0.0049784183502197266
1788524047.5689304,41.68008898662914,0.2,0.0,4,0.23815746773700308,0.006775856018066406
1788524047.673154,41.73602332447594,0.2,0.0,4,0.22281888067482666,0.0008075237274169922
1788524047.7868328,41.80199890840122,0.2,0.0,4,0.21553617612497794,0.01747298240661621
1788524047.8832972,41.861988805166845,0.2,0.0,4,0.21997589335646206,0.0022149085998535156
1788524047.972342,41.919387557231346,0.2,0.0,4,0.2335632323516965,0.0008852481842041016
1788524048.0762546,41.98542858469539,0.2,0.0,4,0.25857189855960183,0.002567291259765625
1788524048.1693652,42.035061072492546,0.2,0.0,4,0.24319214175047035,0.0004801750183105469
1788524048.273669,42.10453204449152,0.2,0.0,4,0.21780389349555573,0.0009002685546875
1788524048.372726,42.179620765542715,0.2,0.0,4,0.22454185101960455,0.0030333995819091797
1788524048.4729557,42.23399296853872,0.2,0.0,4,0.2504265416070794,0.002644777297973633
1788524048.57473,42.30492833226473,0.2,0.0,4,0.3025768620372445,0.006693363189697266
1788524048.6732817,42.36241368948247,0.2,0.0,4,0.354336455269622,0.002142190933227539
1788524048.7754047,42.43097112970711,0.2,0.0,4,0.42254945307243963,0.0005698204040527344
1788524048.873918,42.49731198125183,0.2,0.0,4,0.49266138305538737,0.0024416446685791016
1788524048.9766176,42.58008551694366,0.2,0.0,4,0.5835667225032184,0.005522966384887695
1788524049.0738745,42.64304045321386,0.2,0.0,4,0.6543479110504673,0.005534172058105469
1788524049.1733365,42.7011573922874,0.2,0.0,4,0.7205490626721581,0.001898050308227539
1788524049.2756276,42.77545029944242,0.2,0.0,4,0.8060459288251695,0.006927013397216797
1788524049.3729458,42.81778505884409,0.2,0.0,4,0.8550990051431573,0.016368865966796875
1788524049.4707484,42.85108214721431,0.2,0.0,4,0.8938174228051214,0.0017588138580322266
1788524049.5744078,42.896036070242054,0.2,0.0,4,0.9462539060918368,0.0010046958923339844
1788524049.6696806,42.948564640844054,0.2,0.0,4,1.0077275493478108,0.006598472595214844
1788524049.7797382,43.004004541895064,0.2,0.0,4,1.0728047474420879,0.00456690788269043
1788524049.8735983,43.0609173565829,0.2,0.0,4,1.1397851262367031,0.0032541751861572266
1788524049.97637,43.117047868362,0.2,0.0,4,1.2059892784004314,0.00031876564025878906
1788524050.0737095,43.18240943487361,0.2,0.0,4,1.283232309337379,0.0014808177947998047
1788524050.178229,43.25298514741743,0.2,0.0,4,1.3667895936704493,0.0010755062103271484
1788524050.2765162,43.29058050368795,0.2,0.0,4,1.4113553270992867,0.007175922393798828
1788524050.3694298,43.34031304664723,0.2,0.0,4,1.470359949409726,0.001308441162109375
1788524050.479618,43.3960365535248,0.2,0.0,4,1.536534353289894,0.0006392002105712891
1788524050.5771465,43.44888778250168,0.2,0.0,4,1.5993510996641347,0.0021309852600097656
1788524050.6689143,43.50051053879172,0.2,0.0,4,1.66075209808683,0.003721475601196289
1788524050.774194,43.5624255382577,0.2,0.0,4,1.734446094233188,0.007197856903076172
1788524050.8704338,43.63372438234103,0.2,0.0,4,1.819370003884248,0.0023546218872070312
1788524050.9754272,43.70958139743797,0.2,0.0,4,1.9097853247288115,0.013270139694213867
1788524053.9152536,43.79412226066897,0.2,0.0,4,2.0106162400426926,0.002067089080810547
1788524054.015699,43.85928764440963,0.2,0.0,4,2.0883790846371135,0.0012176036834716797
1788524054.119365,43.92901915403033,0.2,0.0,4,2.1716253878344105,0.0002987384796142578
1788524054.2234783,44.009171490783494,0.2,0.0,4,2.267351418858089,0.00635075569152832
1788524054.3159285,44.064981515711644,0.2,0.0,4,2.334027563482656,0.0047724246978759766
1788524054.4170866,44.12681246227111,0.2,0.0,4,2.407916055817372,0.0035545825958251953
1788524054.5133078,44.185889642487645,0.2,0.0,4,2.478530988892743,0.002074003219604492
1788524054.618793,44.24405148685181,0.2,0.0,4,2.548066874197426,0.0019402503967285156
1788524054.7137134,44.30856981519507,0.2,0.0,4,2.625218334342954,0.0023221969604492188
1788524054.8231537,44.38116255916435,0.2,0.0,4,2.7120436543862425,0.0014607906341552734
1788524054.917188,44.41865508245598,0.2,0.0,4,2.756894042890921,0.005117893218994141
1788524055.0139203,44.457371416963845,0.2,0.0,4,2.8032131400320033,0.005281686782836914
1788524055.1159818,44.496998076161375,0.2,0.0,4,2.850626053862611,0.008427143096923828
1788524055.2296686,44.578483562447396,0.2,0.0,4,2.9481367117900037,0.009348154067993164
1788524055.3138032,44.62364574537949,0.2,0.0,4,3.0021882306469414,0.005082607269287109
1788524055.422832,44.710979503350416,0.2,0.0,4,3.1067261419311474,0.0012097358703613281
1788524055.5147836,44.7749383670291,0.2,0.0,4,3.183295405489017,0.008266687393188477
1788524055.623972,44.836631181705535,0.2,0.0,,3.25715991487794,0.0021164417266845703
1788524055.7154865,44.90293839364519,0.2,0.0,,3.336557455730302,0.002701282501220703
1788524055.8157191,44.95217972391538,0.2,0.0,,3.3955251551802053,0.0026597976684570312
1788524055.916371,45.00099760508841,0.2,0.0,,3.453989870672855,0.015331029891967773
1788524056.0132296,45.04762869041422,0.2,0.0,,3.5098392904190634,0.003206014633178711
1788524056.1159027,45.10200341576232,0.2,0.0,,3.574967417196695,0.006700754165649414
1788524056.215989,45.15910363525701,0.2,0.0,,3.6433647188547353,0.004308938980102539
1788524056.3144112,45.21961515619432,0.2,0.0,,3.715853172605096,0.0020072460174560547
1788524056.4136477,45.295989207939876,0.2,0.0,,3.8073506072279453,0.0012371540069580078
1788524056.5167239,45.37752033678757,0.2,0.0,,3.905034132285171,0.0018405914306640625
1788524056.6155634,45.45518389057751,0.2,0.0,,3.9980908467638963,0.00031375885009765625
1788524056.7222526,45.54605995077356,0.17777777777777778,0.0,,4.1068926851416405,0.002712249755859375
1788524056.8148103,45.606370904126216,0.2,0.0,,4.1779502127037835,0.0015716552734375
1788524056.9196274,45.670277289666856,0.2,0.0,,4.254258431425616,0.01055598258972168
1788524057.018582,45.733707280528506,0.2,0.0,,4.330277810760541,0.010502099990844727
1788524057.1204488,45.80399259707608,0.2,0.0,,4.414517018817822,0.005120754241943359
1788524057.2195158,45.84323114446529,0.2,0.0,,4.461547368863937,0.0057184696197509766
1788524057.3150156,45.88690686941314,0.2,0.0,,4.513897377227292,0.0049076080322265625
1788524057.418239,45.959492508853174,0.17777777777777778,0.0,,4.600902054577855,0.002625703811645508
1788524057.5168037,46.011995810505965,0.2,0.0,,4.66269961939474,0.004438877105712891
1788524057.6226802,46.06201567209162,0.2,0.0,,4.7223849213059905,0.0031642913818359375
1788524057.721795,46.11800301617073,0.2,0.0,,4.789500254006947,0.009406566619873047
1788524057.817275,46.18264391902578,0.2,0.0,,4.866991495743959,0.0030150413513183594
1788524057.9164622,46.230285524215006,0.2,0.0,,4.924105615380379,0.0008959770202636719
1788524058.0158534,46.280254183963294,0.2,0.0,,4.984010845219219,0.005456209182739258
1788524058.1172342,46.350196562032885,0.2,0.0,,5.067863951385671,0.0022330284118652344
1788524058.215966,46.41539013215859,0.2,0.0,,5.146026041787383,0.0013530254364013672
1788524058.312895,46.47645477864336,0.2,0.0,,5.21923977063773,0.002509593963623047
1788524058.4182723,46.548331941856134,0.2,0.0,,5.305419465209563,0.003198385238647461
1788524058.5155368,46.60765185185185,0.2,0.0,,5.376544946702248,3.218650817871094e-05
1788524058.6149101,46.66428155935173,0.2,0.0,,5.444446253292957,0.002721548080444336
1788524058.7146065,46.72499264593228,0.2,0.0,,5.517242778803514,0.003112316131591797
1788524058.8169947,46.78086167770536,0.2,0.0,,5.584234670238403,0.009035348892211914
1788524058.932007,46.862176883780336,0.2,0.0,,5.681740905517654,0.0018668174743652344
1788524059.02062,46.920821094073766,0.2,0.0,,5.752063532627974,0.005753040313720703
1788524059.114081,46.9879942109437,0.2,0.0,,5.83261500222116,0.003006458282470703
1788524059.215495,47.03421838286109,0.2,0.0,,5.888046177353501,0.0017249584197998047
1788524059.3190725,47.08004729003531,0.2,0.0,,5.9430040520724425,0.0015528202056884766
1788524059.4180694,47.12988580330534,0.2,0.0,,6.002770995110413,0.0017600059509277344
1788524059.517009,47.17700094630939,0.2,0.0,,6.059272749156668,0.004786968231201172
1788524059.6207862,47.23846866051543,0.2,0.0,,6.132987499122253,0.002248048782348633
1788524059.7146115,47.29842565164961,0.2,0.0,,6.204891584186523,0.007710695266723633
1788524059.8170435,47.352792877552446,0.2,0.0,,6.270092955786114,0.006842136383056641
1788524059.9219477,47.41582692307692,0.2,0.0,,6.345689252213502,2.47955322265625e-05
1788524060.0141242,47.47570056090896,0.2,0.0,,6.417496260821088,0.003315448760986328
1788524060.123095,47.537127167630054,0.2,0.0,,6.491166705506454,4.124641418457031e-05
1788524060.2164993,47.59958113812625,0.2,0.0,,6.566070242323529,0.0072858333587646484
1788524060.319358,47.65899372813098,0.2,0.0,,6.6373269893274776,0.003611326217651367
1788524060.4140866,47.70378787878788,0.2,0.0,,6.691051585111807,2.3603439331054688e-05
1788524060.5171432,47.76799750921912,0.2,0.0,,6.768063235074959,0.007370471954345703
1788524060.619614,47.81509548629209,0.2,0.0,,6.824552105323671,0.002287149429321289
1788524060.7139542,47.8567109403255,0.2,0.0,,6.874465679318329,0.0026369094848632812
1788524060.8148344,47.91204260651629,0.2,0.0,,6.9408310305861205,0.0011415481567382812
1788524060.9134753,47.978885542168676,0.2,0.0,,7.021003931268629,3.9577484130859375e-05
1788524061.0189662,48.03235316071845,0.2,0.0,,7.020461059461172,0.0010221004486083984
1788524061.1192818,48.07729137486178,0.2,0.0,,6.984530564913029,0.0038809776306152344
1788524061.2166116,48.151277102857804,0.2,0.0,,6.925375496245913,0.0020606517791748047
1788524061.3288004,48.21599595621934,0.2,0.0,,6.873630208524709,0.00442194938659668
1788524061.4232461,48.26111226158039,0.2,0.0,,6.837558204720496,0.0004374980926513672
1788524061.5305789,48.319484437865334,0.2,0.0,,6.7908880219202485,0.006281375885009766
1788524061.6140633,48.36755590607519,0.2,0.0,,6.752453831964886,0.014661788940429688
1788524061.7141602,48.412997866995305,0.2,0.0,,6.716122235332461,0.005029916763305664
1788524061.822114,48.47102652259332,0.2,0.0,,6.669727720978969,0.001941680908203125
1788524061.9183238,48.513720811518326,0.2,0.0,,6.635593449062439,0.003643035888671875
1788524062.015182,48.57315367483296,0.2,0.0,,6.588076982492854,0.00042819976806640625
1788524062.1191947,48.62652355823596,0.2,0.0,,6.545408230576374,0.001897573471069336
1788524062.2183208,48.67945927161524,0.2,0.0,,6.503086949718753,0.0034303665161132812
1788524062.3171508,48.7313544600939,0.2,0.0,,6.461597903207362,0.0038595199584960938
1788524062.414623,48.78899696066398,0.2,0.0,,6.415514424221849,0.004079103469848633
1788524062.5148861,48.849955260598435,0.2,0.0,,6.3667805473226,0.004167318344116211
1788524062.6184506,48.91014622795558,0.2,0.0,,6.31866062522391,0.0029201507568359375
1788524062.7190707,48.962437838699394,0.2,0.0,,6.276856290172491,0.0014958381652832031
1788524062.8186502,49.02145931541465,0.2,0.0,,6.229672260279152,0.010378360748291016
1788524062.9227328,49.095858035529844,0.2,0.0,,6.170195802587011,0.004616737365722656
1788524063.021743,49.14525586227367,0.2,0.0,,6.130706232035157,0.0016064643859863281
1788524063.1143844,49.20493759099291,0.2,0.0,,6.082996014741549,0.007369279861450195
1788524063.2231047,49.273515309656865,0.2,0.0,,6.028174941181113,0.005162477493286133
1788524063.3203712,49.327735265098404,0.2,0.0,,5.984832011149749,0.004591226577758789
1788524063.4139752,49.38218852641748,0.2,0.0,,5.941303068253082,0.0032083988189697266
1788524063.5256019,49.43999023068714,0.2,0.0,,5.895097990254025,0.002904176712036133
1788524063.621949,49.49121078901901,0.2,0.0,,5.854154180724905,0.001241922378540039
1788524063.7177389,49.540483769161405,0.2,0.0,,5.814767630451945,0.0063457489013671875
1788524063.821018,49.597779852521406,0.2,0.0,,5.768968332613614,0.00801849365234375
1788524063.9171674,49.655857045423545,0.2,0.0,,5.722545278449627,0.0017478466033935547
1788524064.0199366,49.72061018214392,0.2,0.0,,5.6707866713782344,0.0015969276428222656
1788524064.1165073,49.75660825588935,0.2,0.0,,5.642012970262144,0.011031627655029297
1788524064.2237659,49.82200188553683,0.2,0.0,,5.589743698989259,0.004299163818359375
1788524064.3164635,49.87081967213115,0.2,0.0,,5.550724100287434,5.817413330078125e-05
1788524064.4229984,49.93999172576832,0.2,0.0,,5.495436375988168,0.0022187232971191406
1788524064.515531,50.000742498636114,0.2,0.0,,5.446880441637499,0.0026221275329589844
1788524064.6201227,50.05713433427089,0.2,0.0,,5.401809175614933,0.006018400192260742
1788524064.7205572,50.11420962351012,0.2,0.0,,5.356192387095995,0.0037806034088134766
1788524064.823654,50.16402048558422,0.2,0.0,,5.316382224933677,0.0003142356872558594
1788524064.9202542,50.20385256375548,0.2,0.0,,5.284547792431794,0.008806705474853516
1788524065.014383,50.2459037750166,0.2,0.0,,5.250940207360029,0.005027294158935547
1788524065.1158702,50.299825887135974,0.2,0.0,,5.207845960962737,0.005395174026489258
1788524065.219383,50.35334069063724,0.2,0.0,,5.165077955327803,0.0013394355773925781
1788524065.3221931,50.397738721044426,0.2,0.0,,5.129596458907272,0.0041272640228271484
1788524065.4145138,50.42970080637066,0.2,0.0,,5.104053695124909,0.0071256160736083984
1788524065.5205233,50.48501429255829,0.2,0.0,,5.059850113355769,0.0029859542846679688
1788524065.6335728,50.5409835264961,0.2,0.0,,5.015123346012141,0.003270864486694336
1788524065.7144468,50.58143597629345,0.2,0.0,,4.9827970739061085,0.0074422359466552734
1788524065.8209229,50.634136663611365,0.2,0.0,,4.9406837226444775,0.005202293395996094
1788524065.9143271,50.684142621599335,0.2,0.0,,4.900724496539001,0.0002892017364501953
1788524066.015804,50.74870135746606,0.2,0.0,,4.849137418655726,5.269050598144531e-05
1788524066.1194735,50.80302260523895,0.2,0.0,,4.8057318337851695,0.00803685188293457
1788524066.217145,50.85901691729323,0.2,0.0,,4.760990368533147,0.0002536773681640625
1788524066.3153353,50.91399595741814,0.2,0.0,,4.71706114472439,0.0035386085510253906
1788524066.4176288,50.971186236138294,0.2,0.0,,4.671366186859279,0.0007309913635253906
1788524066.5217855,51.02901165743306,0.2,0.0,,4.625164908429745,0.0020656585693359375
1788524066.620187,51.073258976999654,0.2,0.0,,4.589813051556388,0.006945133209228516
1788524066.7204092,51.1429877444685,0.2,0.0,,4.534103991014401,0.006497621536254883
1788524066.8167367,51.186106498194945,0.2,0.0,,4.499655640925601,0.00013208389282226562
1788524066.9183967,51.2508871324037,0.2,0.12631578947368421,,4.447902570277805,0.0034537315368652344
1788524067.0247767,51.31799422831872,0.2,0.12631578947368421,,4.394290054046228,0.006361484527587891
1788524067.1173415,51.375254374479226,0.2,0.12631578947368421,,4.34854093274235,0.0020029544830322266
1788524067.2168152,51.44217881292261,0.2,0.12631578947368421,,4.295065446005185,0.0006346702575683594
1788524067.314321,51.51701345707657,0.2,-0.04210526315789474,,4.235261724524201,0.002568960189819336
1788524067.4137564,51.57481398745132,0.2,-0.04210526315789474,,4.189068872541804,0.0044078826904296875
1788524067.515778,51.65399571098648,0.2,-0.04210526315789474,,4.125794082646869,0.004335880279541016
1788524067.6137764,51.745202058165546,0.2,-0.04210526315789474,,4.052918273523647,0.002664327621459961
1788524067.7187264,51.82510358360677,0.2,-0.04210526315789474,,3.9890823410320286,0.003705739974975586
1788524067.8134475,51.87075227825031,0.2,-0.04210526315789474,,3.952615121168549,0.0015697479248046875
1788524067.9155798,51.928261979989465,0.2,0.0,,3.9066756558454876,0.0018110275268554688
1788524068.0230668,52.00184540066092,0.2,0.0,,3.847899948033346,0.013635873794555664
1788524068.122093,52.06300139720559,0.2,0.0,,3.7990529801824127,0.0035834312438964844
1788524068.213229,52.11501850094877,0.2,0.0,,3.7575071045901995,0.0030155181884765625
1788524068.3200011,52.17430766218509,0.2,0.04210526315789473,,3.7101549250008863,0.0018265247344970703
1788524068.417322,52.21694481867048,0.2,0.04210526315789473,,3.676102833351244,0.003504037857055664
1788524068.514091,52.264492577030815,0.2,0.04210526315789473,,3.638128861189447,0.0034046173095703125
1788524068.617928,52.312019157814866,0.2,0.04210526315789473,,3.6001717283911243,0.0012569427490234375
1788524068.7170157,52.39010884886453,0.2,0.04210526315789473,,3.537805128394343,0.01613640785217285
1788524068.8131034,52.4465937040306,0.2,0.04210526315789473,,3.492693067590002,0.0008103847503662109
1788524068.9134028,52.50844471840125,0.2,0.04210526315789473,,3.443294979345478,0.014698028564453125
1788524069.0185122,52.56677355690287,0.2,0.04210526315789473,,3.396709592375658,0.007550239562988281
1788524069.1199887,52.61287037185768,0.2,0.04210526315789473,,3.3598932680637903,0.005937099456787109
1788524069.214673,52.67601656486685,0.2,0.04210526315789473,,3.3094596424884557,0.009758472442626953
1788524069.3197448,52.74899333475906,0.2,-0.04210526315789474,,3.251173853372657,0.0066890716552734375
1788524069.4218838,52.797921491852556,0.2,-0.04210526315789474,,3.212096861536451,0.006028175354003906
1788524069.5184743,52.85623937862624,0.2,-0.04210526315789474,,3.1655256412981254,0.002547740936279297
1788524069.6127527,52.90878671003718,0.2,-0.04210526315789474,,3.123567421034915,0.001026153564453125
1788524069.7156909,52.962610857221996,0.2,-0.04210526315789474,,3.0805944412388997,0.0034432411193847656
1788524069.8177164,53.03167296431333,0.2,-0.04210526315789474,,3.0254628794206146,0.012947559356689453
1788524069.9204056,53.0931603242276,0.2,-0.04210526315789474,,2.976385239140356,0.004529714584350586
1788524070.0199225,53.14772795905311,0.2,-0.04210526315789474,,2.932836529647993,0.007452964782714844
1788524070.1169977,53.19579248801813,0.2,-0.04210526315789474,,2.894482365754515,0.011889219284057617
1788524070.218438,53.25151355641466,0.2,-0.04210526315789474,,2.850024116493629,0.00931239128112793
1788524070.321089,53.30543931496649,0.2,-0.04210526315789474,,2.8070041778372343,0.00032019615173339844
1788524070.413189,53.37868332402754,0.2,-0.04210526315789474,,2.7485825150010874,0.0025620460510253906
1788524070.5172844,53.43533069184124,0.2,-0.04210526315789474,,2.703406816830149,0.003459930419921875
1788524070.617784,53.47681245054075,0.2,-0.04210526315789474,,2.6703300875272715,0.0072307586669921875
1788524070.717791,53.53001374897204,0.2,0.0,,2.627914318219654,0.00927734375
1788524070.8151457,53.595616414733385,0.2,0.0,,2.575619548512045,0.008848428726196289
1788524070.924139,53.641642505963105,0.2,0.0,,2.5389347895692644,0.0048978328704833984
1788524071.0164812,53.6756168428909,0.2,0.0,,2.5118583484684596,0.009583234786987305
1788524071.113324,53.7287999371201,0.2,0.0,,2.469477698066662,0.0022749900817871094
1788524071.2169652,53.79016313099489,0.2,0.0,,2.4205857029090305,0.003405332565307617
1788524071.319096,53.84748341684562,0.2,0.0,,2.3749223525074354,0.0009992122650146484
1788524071.4131787,53.923860418301544,0.2,0.0,,2.314089608102207,0.006987810134887695
1788524071.5148852,54.00193416797079,0.2,0.0,,2.2658790112061764,0.004570484161376953
1788524071.614742,54.0724775291463,0.2,0.0,,2.3400315610437783,0.0050716400146484375
1788524071.7166088,54.13372972972973,0.2,0.0,,2.4132170678943523,1.7642974853515625e-05
1788524071.812778,54.208554599334256,0.2,0.0,,2.502644727710918,0.0029366016387939453
1788524071.919239,54.27399685405553,0.2,0.0,,2.58087928265589,0.003486156463623047
1788524072.0181072,54.33048663220089,0.2,0.0,,2.648425475508664,0.0064563751220703125
1788524072.119153,54.37770860396119,0.2,0.0,,2.7048992017830544,0.005946636199951172
1788524072.2272127,54.4407456925116,0.2,0.0,,2.780298767969548,0.0028781890869140625
1788524072.3236322,54.51579444490233,0.2,0.0,,2.870082466315402,0.002892732620239258
1788524072.4195175,54.57899615981095,0.2,-0.04210526315789474,,2.945706113657034,0.003228425979614258
1788524072.5223389,54.63067870967742,0.2,-0.04210526315789474,,3.0075555996509977,0.009053945541381836
1788524072.6179528,54.68102156334231,0.2,-0.04210526315789474,,3.067809900255544,0.0005307197570800781
1788524072.7172503,54.74068162870329,0.2,-0.04210526315789474,,3.139225459585813,0.0032029151916503906
1788524072.8231106,54.804877394636016,0.2,-0.04210526315789474,,3.2160813106293795,6.222724914550781e-05
1788524072.916496,54.86308003247302,0.2,-0.04210526315789474,,3.2857710989662867,0.007048368453979492
1788524073.015215,54.91331404743289,0.2,-0.04210526315789474,,3.345925938684026,0.0009148120880126953
1788524073.124818,54.98061293420842,0.2,-0.04210526315789474,,3.226129185651548,0.001489400863647461
1788524073.2140493,55.02591612516245,0.2,-0.04210526315789474,,3.480785596682978,0.0023849010467529297
1788524073.317298,55.101572886150116,0.2,-0.04210526315789474,,3.571410835870046,0.002360105514526367
1788524073.417573,55.15682250349976,0.2,-0.04210526315789474,,3.637597721811555,0.0040874481201171875
1788524073.5186994,55.24030666666667,0.2,0.0,,3.7376176324614954,1.7881393432617188e-05
1788524073.6156669,55.32099804174182,0.2,-0.04210526315789474,,3.834300276062139,0.00462651252746582
1788524073.7174952,55.39509712391867,0.2,-0.04210526315789474,,3.9230909885046428,0.004244327545166016
1788524073.8141792,55.4349988323567,0.2,-0.04210526315789474,,3.9709068013995923,0.011026144027709961
1788524073.9234586,55.511188629377465,0.2,-0.04210526315789474,,4.06221306200227,0.008299112319946289
1788524074.0131083,55.56000601915185,0.2,-0.04210526315789474,,4.120719252145875,0.002614259719848633
1788524074.1190116,55.62059126792331,0.2,-0.04210526315789474,,4.19333203579282,0.0014798641204833984
1788524074.2166166,55.67659718219661,0.2,-0.04210526315789474,,4.260459244227899,0.0037229061126708984
1788524074.3143067,55.74166483790523,0.2,0.0,,4.338450748817825,0.0009560585021972656
1788524074.4264998,55.823568970189704,0.2,-0.04210526315789474,,4.436626976827557,0.0017595291137695312
1788524074.514136,55.88776923076923,0.2,-0.04210526315789474,,4.513585048165969,2.1696090698242188e-05
1788524074.617911,55.96304916341967,0.2,-0.04210526315789474,,4.603827616806888,0.004160881042480469
1788524074.7126267,56.02340516245024,0.2,-0.04210526315789474,,4.67618208701651,0.0037131309509277344
1788524074.8158393,56.08081697064492,0.2,-0.04210526315789474,,4.745008603697868,0.008536100387573242
1788524074.915958,56.13209873046875,0.2,-0.04210526315789474,,4.80648738754894,0.0048828125
1788524075.0153232,56.18449656842955,0.2,0.0,,4.869305122028836,0.0011811256408691406
1788524075.1136675,56.234451247893425,0.2,0.0,,4.929194759708847,0.005941867828369141
1788524075.2137644,56.30457885074353,0.2,-0.04210526315789474,,5.013270945930811,0.001298666000366211
1788524075.323269,56.37825203802814,0.2,-0.04210526315789474,,5.10159958337931,0.010557889938354492
1788524075.420966,56.41516917583478,0.2,-0.04210526315789474,,5.145860885512529,0.0024704933166503906
1788524075.5171838,56.47569751484495,0.2,-0.04210526315789474,,5.218430996443793,0.0054204463958740234
1788524075.6146014,56.520138661462305,0.2,-0.04210526315789474,,5.271713754090037,0.005008697509765625
1788524075.7153478,56.577046096456165,0.2,-0.04210526315789474,,5.339943207454331,0.0035791397094726562
1788524075.8166406,56.61828310922822,0.2,-0.04210526315789474,,5.389384633576085,0.0025887489318847656
1788524075.9165123,56.67573087175138,0.2,-0.04210526315789474,,5.458262083778099,0.007871150970458984
1788524076.0165825,56.73179262086514,0.2,0.04210526315789473,,5.5254776947545805,0.001499176025390625
1788524076.1170845,56.79054500679348,0.2,-0.04210526315789474,,5.595920075516193,0.0028076171875
1788524076.2161305,56.84371263091082,0.2,-0.04210526315789474,,5.659667236142721,0.0015025138854980469
1788524076.3259215,56.92200175869577,0.2,-0.04210526315789474,,5.753534267935417,0.008540630340576172
1788524076.413962,56.96920942991174,0.2,-0.04210526315789474,,5.810134897584591,0.011994361877441406
1788524076.5147607,57.03369977642925,0.2,-0.04210526315789474,,5.88745637837352,0.0029859542846679688
1788524076.615377,57.09686980609418,0.2,-0.04210526315789474,,5.963194047968062,8.606910705566406e-05
1788524076.7145028,57.16790339714507,0.2,-0.04210526315789474,,6.048358574117938,0.006463766098022461
1788524076.8181462,57.229996966019414,0.2,-0.04210526315789474,,6.12280347390258,0.002750396728515625
1788524076.9154358,57.292290037402246,0.2,-0.04210526315789474,,6.197486347655275,0.0014023780822753906
1788524077.0245788,57.36070486229173,0.2,0.12631578947368421,,6.2795070311607795,0.009816646575927734
1788524077.1193314,57.420692416799284,0.2,-0.04210526315789474,,6.351426166575547,0.006891727447509766
1788524077.228921,57.491735539102265,0.2,0.04210526315789473,,6.436602776003077,0.0020608901977539062
1788524077.3168836,57.546653596614945,0.2,-0.04210526315789474,,6.502446416378493,0.0016903877258300781
1788524077.42027,57.593980863192186,0.2,-0.04210526315789474,,6.559189479212847,0.001171112060546875
1788524077.5184395,57.64671425070457,0.17777777777777778,0.04210526315789473,,6.622331372495838,0.0019457340240478516
1788524077.6200836,57.70260925738681,0.17777777777777778,0.04210526315789473,,6.688238603407479,0.002122163772583008
1788524077.717184,57.76944064878579,0.17777777777777778,0.04210526315789473,,6.766884836996005,0.0052623748779296875
1788524077.8232663,57.818841823299735,0.17777777777777778,0.04210526315789473,,6.825020920273791,0.002625703811645508
1788524077.919706,57.87134109295031,0.15555555555555556,0.04210526315789473,,6.886703599495794,0.002888202667236328
1788524078.0184827,57.90538866707617,0.2,0.04210526315789473,,6.926153564098606,0.001552581787109375
1788524078.1197202,57.97898731642189,0.2,0.04210526315789473,,7.0133033656784045,0.0010714530944824219
1788524078.2307296,58.03823131000309,0.2,0.04210526315789473,,7.084344008516375,0.007698535919189453
1788524078.3180835,58.08999769681073,0.2,0.04210526315789473,,7.146419497227642,0.007453203201293945
1788524078.4148538,58.154124941724945,0.2,0.04210526315789473,,7.223319169124956,0.0010228157043457031
1788524078.5213027,58.205358841636766,0.2,0.04210526315789473,,7.284758805910682,0.012160062789916992
1788524078.6166224,58.25960772229908,0.2,0.12631578947368421,,7.349815219287443,0.0018956661224365234
1788524078.7218525,58.33341982318695,0.2,0.12631578947368421,,7.438335644864548,0.003317117691040039
1788524078.8222854,58.40171794450829,0.2,0.21052631578947367,,7.5202471792856915,0.0043566226959228516
1788524078.9175003,58.469002547616164,0.2,0.0,,7.600946317518756,0.0019652843475341797
1788524079.0143025,58.53078870991148,0.17777777777777778,0.12631578947368421,,7.674944300925206,0.0016429424285888672
1788524079.1200936,58.62344008996728,0.2,0.12631578947368421,,7.784145195379718,0.003498077392578125
1788524079.2221856,58.69277419653607,0.2,0.04210526315789473,,7.867013844875242,0.0025742053985595703
1788524079.3144739,58.745301208981,0.2,0.04210526315789473,,7.93001495175799,0.0006902217864990234
1788524079.4165533,58.804733699552806,0.2,0.04210526315789473,,8.001298608902784,0.008636951446533203
1788524079.5186212,58.86272411493695,0.2,0.04210526315789473,,8.070852677747164,0.003932952880859375
1788524079.6129792,58.92964733535711,0.2,0.0,,8.151120777131709,0.011309623718261719
1788524079.7153032,58.99370791163348,0.2,0.0,,8.227955704531027,0.004381656646728516
1788524079.8239732,59.06868943043355,0.2,0.0,,8.317890194103743,0.0016827583312988281
1788524079.9146948,59.12711355522285,0.2,0.0,,8.387966016339908,0.002070188522338867
1788524080.0142713,59.18900343388681,0.2,0.0,,8.462199369525555,0.005485057830810547
1788524080.1186454,59.235969879518066,0.2,0.0,,8.518533318829984,0.002849578857421875
1788524080.2188296,59.27225,0.2,0.0,,8.562049774424022,0.0014982223510742188
1788524080.318666,59.331013244636225,0.2,0.0,,8.632534193543302,0.003978252410888672
1788524080.4191177,59.39538570787861,0.2,0.0,,8.709747248033059,0.003189563751220703
1788524080.5230112,59.45761148454004,0.2,0.0,,8.784385968502969,0.001241445541381836
1788524080.6290362,59.51232216284757,0.2,0.0,,8.850010904271095,0.0026323795318603516
1788524080.7195628,59.57089605734767,0.2,0.0,,8.92027017965874,6.651878356933594e-05
1788524080.8153172,59.61724267618419,0.2,0.0,,8.97586318289125,0.011556625366210938
1788524080.9230545,59.69635498227352,0.2,0.04210526315789473,,9.07075943247144,0.003160715103149414
1788524081.017989,59.760822917099524,0.2,0.04210526315789473,,9.148089762151303,0.011475086212158203
1788524081.1183717,59.808741599816635,0.2,0.04210526315789473,,9.205568807899166,0.010402202606201172
1788524081.220571,59.863996932515334,0.2,0.04210526315789473,,9.271848028519635,0.007383823394775391
1788524081.316654,59.9162624266749,0.2,0.04210526315789473,,9.334540629169915,0.0015444755554199219
1788524081.4143443,59.97801709963828,0.2,0.04210526315789473,,9.408615113807484,0.0007250308990478516
1788524081.5174603,60.03545516059451,0.2,0.04210526315789473,,9.40662982019053,0.01613759994506836
1788524081.6244395,60.08200507787984,0.2,0.04210526315789473,,9.369403304944393,0.004178762435913086
1788524081.7136276,60.1097966641395,0.2,0.04210526315789473,,9.347177774927024,0.009434223175048828
1788524081.818574,60.16389852714034,0.2,0.04210526315789473,,9.303910780716915,0.00864410400390625
1788524081.9190083,60.21580891772048,0.2,0.04210526315789473,,9.26239558411084,0.002903461456298828
1788524082.0153844,60.280614343094065,0.2,0.04210526315789473,,9.21056646091502,0.0036802291870117188
1788524082.120899,60.34054193679093,0.2,0.04210526315789473,,9.16263720755957,0.0011768341064453125
1788524082.2130873,60.39280911571683,0.2,0.12631578947368421,,9.120833577228419,0.010571718215942383
1788524082.3156037,60.4548040199389,0.2,0.04210526315789473,,9.071246655612011,0.007413625717163086
1788524082.4213274,60.52639377327992,0.2,0.0,,9.013980992697626,0.003392457962036133
1788524082.5141873,60.59001524507912,0.2,0.0,,8.963088218383268,0.0024709701538085938
1788524082.6137512,60.654663070492546,0.2,0.04210526315789473,,8.911374563233135,0.0042209625244140625
1788524082.7149746,60.72623331973067,0.2,0.0,,8.854122335964389,0.0023369789123535156
1788524082.8133063,60.787874065769806,0.2,0.0,,8.804812113031131,0.0012760162353515625
1788524082.9147234,60.83749758308157,0.2,0.0,,8.765115296434612,0.0031566619873046875
1788524083.0185964,60.90808658210171,0.2,0.0,,8.70864708439695,0.0020487308502197266
1788524083.1142714,60.96733209854766,0.2,0.0,,8.661253313022439,0.008109569549560547
1788524083.2195323,61.02601692473893,0.2,0.0,,8.614308192105335,0.0026483535766601562
1788524083.3154163,61.07722948690193,0.2,0.0,,8.573340635342023,0.0022025108337402344
1788524083.4193861,61.13346202808283,0.2,0.0,,8.528357450736335,0.008727550506591797
1788524083.5156803,61.179272811219484,0.2,0.0,,8.491711231800025,0.0041310787200927734
1788524083.627227,61.24932046905151,0.2,-0.04210526315789474,,8.435676941749122,0.0016062259674072266
1788524083.7180698,61.309161101836395,0.2,-0.04210526315789474,,8.38780862892068,0.0037131309509277344
1788524083.8140144,61.374692772108844,0.2,-0.04210526315789474,,8.335390190293447,0.002803802490234375
1788524083.9164991,61.43199875837281,0.2,-0.04210526315789474,,8.289553401231696,0.00729680061340332
1788524084.0146394,61.48101675671443,0.2,-0.04210526315789474,,8.250347231519807,0.0030448436737060547
1788524084.1197534,61.53601551891368,0.2,-0.04210526315789474,,8.20635898914267,0.0027039051055908203
1788524084.2141662,61.584239001800874,0.2,-0.04210526315789474,,8.167790907899636,0.005560398101806641
1788524084.315422,61.637003322521956,0.2,-0.04210526315789474,,8.12559248528081,0.0030138492584228516
1788524084.4155047,61.674685579003224,0.2,-0.04210526315789474,,8.095456822556379,0.00584101676940918
1788524084.518525,61.72899543615807,0.2,-0.04210526315789474,,8.052024729280966,0.004597187042236328
1788524084.6165051,61.80420384661047,0.2,-0.04210526315789474,,7.991882085013328,0.002008199691772461
1788524084.7220848,61.86031833674165,0.2,-0.04210526315789474,,7.947010081954552,0.011891841888427734
1788524084.827362,61.92380459770115,0.2,-0.04210526315789474,,7.896244868520881,4.1484832763671875e-05
1788524084.913515,61.97453506829088,0.2,-0.04210526315789474,,7.855680689627826,0.0012917518615722656
1788524085.0186806,62.051017256956996,0.2,-0.04210526315789474,,7.794527305467072,0.0026388168334960938
1788524085.1150992,62.11332698726666,0.2,-0.04210526315789474,,7.744707525083566,0.001928567886352539
1788524085.2213485,62.18511340908124,0.2,-0.04210526315789474,,7.687312393855489,0.011205196380615234
1788524085.3156922,62.228774580759044,0.2,-0.04210526315789474,,7.652405020995835,0.006753206253051758
1788524085.4159105,62.28107112010796,0.2,-0.04210526315789474,,7.610594449202199,0.0017666816711425781
1788524085.5177605,62.35680395550062,0.2,-0.04210526315789474,,7.550048368398941,0.0009644031524658203
1788524085.6223752,62.41692727476468,0.2,0.0,,7.50198287512655,0.0021276473999023438
1788524085.7140062,62.45819010731657,0.2,0.0,,7.468995843997632,0.009264230728149414
1788524085.8227978,62.51753601633129,0.2,0.0,,7.42155291899906,0.0016350746154785156
1788524085.918096,62.5820022675737,0.2,0.0,,7.370017152819265,0.0043108463287353516
1788524086.0257237,62.646227625214344,0.2,0.0,,7.3186745078583675,0.009315729141235352
1788524086.1222396,62.699992446431324,0.2,0.0,,7.27569458838585,0.001546621322631836
1788524089.0915833,62.75011420669876,0.2,0.0,,7.235627310652867,0.004655361175537109
1788524089.18846,62.81741149455452,0.2,0.0,,7.181830488002133,0.0018169879913330078
1788524089.291617,62.888004419563934,0.2,0.0,,7.125399858350589,0.0016183853149414062
1788524089.388195,62.95527151501569,0.2,0.0,,7.0716285100311715,0.0021276473999023438
1788524089.490368,63.026679487179486,0.2,0.0,,7.014547806169936,3.719329833984375e-05
1788524089.5938458,63.100829545454545,0.2,0.0,,6.955276013779737,4.1961669921875e-05
1788524089.6877477,63.179468263473055,0.2,0.0,,6.892417158619695,0.0013935565948486328
1788524089.788765,63.251394447773116,0.2,0.0,,6.834924754760602,0.002387523651123047
1788524089.884473,63.31483068317516,0.2,0.0,,6.784219289895126,0.003793478012084961
1788524089.9875753,63.35645611553637,0.2,0.0,,6.750947872197993,0.003202676773071289
1788524090.0899646,63.40471186440678,0.2,0.0,,6.712377181853495,1.4066696166992188e-05
1788524090.1906774,63.47900628072092,0.2,0.0,,6.65299465247888,0.0008730888366699219
1788524090.2868934,63.544168767368,0.2,0.0,,6.600911966297976,0.0048046112060546875
1788524090.3898752,63.600944874532836,0.2,0.0,,6.555532931130469,0.008931159973144531
1788524090.4895217,63.67383162300837,0.2,0.0,,6.497278146365355,0.005297183990478516
1788524090.5904534,63.723862448539286,0.2,0.0,,6.457291564731806,0.010829687118530273
1788524090.68964,63.7773957321417,0.2,0.0,,6.414506226638614,0.007362842559814453
1788524090.786377,63.854976579843125,0.2,0.0,,6.352502405821648,0.006443977355957031
1788524090.888684,63.92259170992607,0.2,0.04210526315789473,,6.298464347821046,0.0030312538146972656
1788524090.9903648,63.9880539124914,0.2,0.04210526315789473,,6.2461473154722915,0.004506349563598633
1788524091.095249,64.06009971048628,0.2,0.04210526315789473,,6.188568492463044,0.004858732223510742
1788524091.19093,64.11283458099396,0.2,0.04210526315789473,,6.146422646063172,0.004586219787597656
1788524091.2912045,64.18181294964029,0.2,0.04210526315789473,,6.091294552376114,0.00848388671875
1788524091.390122,64.25442750554548,0.2,0.04210526315789473,,6.033259705372915,0.0011823177337646484
1788524091.4849331,64.31539971448964,0.2,0.04210526315789473,,5.984528996734132,0.0010020732879638672
1788524091.586252,64.37442381145875,0.2,0.04210526315789473,,5.937354617364189,0.0011734962463378906
1788524091.6929708,64.44034809711286,0.2,0.04210526315789473,,5.884664487428859,0.007266998291015625
1788524091.7870147,64.50789660351201,0.2,0.04210526315789473,,5.830675089251853,0.002063751220703125
1788524091.890539,64.57079213637613,0.2,0.04210526315789473,,5.780403597581643,0.0008671283721923828
1788524091.9937594,64.6411672619655,0.2,0.04210526315789473,,5.724152423025082,0.002336263656616211
1788524092.0904162,64.70407278358498,0.2,0.04210526315789473,,5.673870367209934,0.0006158351898193359
1788524092.1871037,64.77344758800777,0.2,0.04210526315789473,,5.618415647843277,0.012143373489379883
1788524092.2875538,64.83199771401912,0.2,0.04210526315789473,,5.571612227977213,0.005110502243041992
1788524092.3898048,64.88137929460108,0.2,0.04210526315789473,,5.53213685808633,0.004177570343017578
1788524092.4889069,64.94495474250576,0.2,0.0,,5.481313440006679,0.00775456428527832
1788524092.5900185,65.00700306407374,0.17777777777777778,0.04210526315789473,,5.431617236913705,0.009648561477661133
1788524092.686182,65.06072289033315,0.2,0.0,,5.387599768563385,0.004658937454223633
1788524092.792077,65.11640860973888,0.2,0.0,,5.342683071156793,0.0016891956329345703
1788524092.8930824,65.16360242334603,0.2,0.0,,5.304954795749157,0.004191160202026367
1788524092.9912353,65.21746130434782,0.2,0.0,,5.261898816758892,0.002193450927734375
1788524093.0878637,65.2584365119197,0.17777777777777778,0.04210526315789473,,5.229142745847243,0.0019001960754394531
1788524093.1847034,65.3315822587174,0.2,0.0,,5.169103812026327,0.00412297248840332
1788524093.2855783,65.3904496057038,0.2,0.0,,5.121778188387427,0.002207040786743164
1788524093.3890798,65.44498633933874,0.2,0.0,,5.078180348714854,0.0036127567291259766
1788524093.4896746,65.51272911919152,0.17777777777777778,0.0,,5.023899441724137,0.0024063587188720703
1788524093.595683,65.58002051571617,0.2,0.0,,4.968706183355627,0.0012667179107666016
1788524093.6887136,65.6376488528644,0.2,0.0,,4.922360517483578,0.0017354488372802734
1788524093.7844737,65.70274825256291,0.2,0.0,,4.870322692915954,0.0020465850830078125
1788524093.8846138,65.75727666328086,0.2,0.0,,4.826735737954603,0.007511138916015625
1788524093.9905746,65.81460370454032,0.2,0.0,,4.780912573872779,0.005277395248413086
1788524094.087012,65.8670150622135,0.2,0.0,,4.739019450089357,0.0029125213623046875
1788524094.189519,65.90753570565977,0.2,0.0,,4.706631270622197,0.002961397171020508
1788524094.285039,65.9530233254115,0.2,0.0,,4.670273549036158,0.0027086734771728516
1788524094.3853333,66.00465118700541,0.2,0.0,,4.638296884017027,0.0045795440673828125
1788524094.492789,66.06099467254525,0.2,0.0,,4.70577987423943,0.005191326141357422
1788524094.5874963,66.1179857324033,0.2,0.0,,4.774042030963496,0.0022559165954589844
1788524094.6878076,66.17211132310854,0.2,0.0,,4.83887519533362,0.003248929977416992
1788524094.7856007,66.24035691268989,0.2,0.0,,4.92062591603623,0.0015537738800048828
1788524094.885607,66.31310027100271,0.2,0.0,,5.007769412686475,0.0009677410125732422
1788524094.984796,66.36121851716136,0.2,0.0,,5.065415733883197,0.0058557987213134766
1788524095.0852153,66.40795830273989,0.2,0.0,,5.121412601585041,0.006169557571411133
1788524095.1898136,66.4801102502676,0.2,0.0,,5.207858304262049,0.004677534103393555
1788524095.2916658,66.53283221393035,0.2,-0.04210526315789474,,5.271027526234167,0.003833770751953125
1788524095.3883612,66.57540211263041,0.2,-0.04210526315789474,,5.3220352091132686,0.003679037094116211
1788524095.4919152,66.62283842718277,0.2,-0.04210526315789474,,5.378876897904519,0.002722501754760742
1788524095.5868201,66.67273442502668,0.2,0.0,,5.4386693032191475,0.00714874267578125
1788524095.6868465,66.72272234778923,0.2,0.0,,5.498574440365489,0.003375530242919922
1788524095.7846138,66.80050903186523,0.2,-0.04210526315789474,,5.591796731102776,0.004698753356933594
1788524095.8854203,66.86134374393792,0.2,0.0,,5.664706951339134,0.0012290477752685547
1788524095.987904,66.91502455795678,0.2,0.12631578947368421,,5.729046084101599,0.00024271011352539062
1788524096.0902514,66.98241925304296,0.2,-0.04210526315789474,,5.809820606214762,0.013750553131103516
1788524096.1852012,67.03219460450498,0.17777777777777778,-0.04210526315789474,,5.8693686969074035,0.0018205642700195312
1788524096.2908354,67.0812568735271,0.2,-0.04210526315789474,,5.9272013911254176,0.0030350685119628906
1788524096.3904011,67.14605003474635,0.2,-0.04210526315789474,,6.004622958943397,0.00034308433532714844
1788524096.4843276,67.20270855498387,0.2,-0.04210526315789474,,6.0725393151314755,0.002733945846557617
1788524096.5909393,67.2765148511634,0.2,-0.04210526315789474,,6.1610156334385975,0.007336616516113281
1788524096.6863518,67.34000382468153,0.2,-0.04210526315789474,,6.237128161883972,0.007729768753051758
1788524096.7848387,67.39656925903246,0.2,-0.04210526315789474,,6.304943704689169,0.0019466876983642578
1788524096.8847568,67.43713939720129,0.2,-0.04210526315789474,,6.35358442581897,0.004429817199707031
1788524096.9877765,67.47486549707602,0.2,-0.04210526315789474,,6.398816604249163,4.076957702636719e-05
1788524097.0877542,67.53133816112764,0.2,-0.04210526315789474,,6.466527364790813,0.0036873817443847656
1788524097.1855304,67.57762288860778,0.2,-0.04210526315789474,,6.522024615177291,0.0032041072845458984
1788524097.2933831,67.63669495268138,0.2,-0.04210526315789474,,6.592856708169532,0.004534721374511719
1788524097.3940735,67.69267989646247,0.2,-0.04210526315789474,,6.659989353146169,0.0022106170654296875
1788524097.4980536,67.76010231850327,0.2,-0.04210526315789474,,6.740839608911589,0.0026633739471435547
1788524097.5908413,67.81599270154952,0.2,-0.04210526315789474,,6.8078632495103175,0.004246711730957031
1788524097.6890597,67.88520645078715,0.2,-0.04210526315789474,,6.890866711843614,0.0018627643585205078
1788524097.7932043,67.96066429350932,0.2,-0.04210526315789474,,6.981361177085348,0.004587888717651367
1788524097.8863304,68.0100070700204,0.2,-0.04210526315789474,,7.040538094748287,0.0052607059478759766
1788524097.9882689,68.06341891891891,0.2,-0.04210526315789474,,7.104596281229835,1.7642974853515625e-05
1788524098.087312,68.1207003387475,0.2,-0.04210526315789474,,7.173296667772781,0.008234739303588867
1788524098.1851695,68.19468397742696,0.2,0.04210526315789473,,7.262030692924479,0.0033376216888427734
1788524098.2893317,68.2434037298387,0.2,-0.04210526315789474,,7.3204645856984545,0.0004730224609375
1788524098.3923652,68.30355198936473,0.2,-0.04210526315789474,,7.392606349285399,0.0025107860565185547
1788524098.4877875,68.35980016682555,0.2,-0.04210526315789474,,7.460071404516523,0.004001617431640625
1788524098.5867546,68.40664588672476,0.2,-0.04210526315789474,,7.516259695677685,0.007442474365234375
1788524098.6889486,68.4493911205074,0.2,-0.04210526315789474,,7.567530230361397,0.0025937557220458984
1788524098.785757,68.51043726585142,0.2,-0.04210526315789474,,7.6407524394916715,0.0033729076385498047
1788524098.8899512,68.5835974980143,0.2,0.0,,7.7285059725532035,0.0024013519287109375
1788524098.9846027,68.64155302444537,0.2,0.0,,7.798022530655621,0.00400853157043457
1788524099.0878563,68.71737660294609,0.2,0.0,,7.888972170725205,0.0050013065338134766
1788524099.1960442,68.79578081929556,0.2,0.0,,7.983018058108768,0.0012454986572265625
1788524099.294149,68.84364344400674,0.2,0.0,,8.040429681238404,0.002118349075317383
1788524099.4009755,68.88920091828926,0.2,0.0,,8.095076522224348,0.0028040409088134766
1788524099.4853847,68.93237225228837,0.2,0.0,,8.146861387834528,0.007136821746826172
1788524099.5888124,68.98254441695715,0.2,0.0,,8.207044167995235,0.004240512847900391
1788524099.6857417,69.05202211525953,0.2,0.0,,8.290384909634836,0.001832723617553711
1788524099.796028,69.12324968245328,0.2,0.0,,8.37582524507566,0.003941774368286133
1788524099.889347,69.18494589279695,0.2,0.04210526315789473,,8.449832786683288,0.004243373870849609
1788524099.9889991,69.24499595204733,0.2,0.0,,8.521866066318028,0.003062725067138672
1788524100.0899496,69.31001685823755,0.2,0.0,,8.599862545849007,0.0012445449829101562
1788524100.1880987,69.38428299570289,0.2,0.0,,8.688949777750793,0.001165151596069336
1788524100.2872534,69.4380983967431,0.2,0.0,,8.753505326577299,0.017978906631469727
1788524100.390719,69.52140689225659,0.2,0.0,,8.853440587716152,0.0034453868865966797
1788524100.4892497,69.58062720689449,0.2,0.0,,8.924480540415653,0.003983736038208008
1788524100.5882752,69.63684099952252,0.2,0.0,,8.991914211907883,0.0014979839324951172
1788524100.6857567,69.6808932581907,0.2,0.0,,9.04475919587807,0.0056688785552978516
1788524100.787583,69.73372985503461,0.2,0.0,,9.108142081807378,0.007302284240722656
1788524100.890262,69.80342095808383,0.2,0.0,,9.191744043486691,0.0027871131896972656
1788524100.9960945,69.85735095272994,0.2,0.0,,9.256439150648708,0.013012886047363281
1788524101.0935087,69.90672966000184,0.2,0.0,,9.315674690680876,0.005175113677978516
1788524101.1951005,69.95176919022387,0.2,0.0,,9.369705055740855,0.008594274520874023
1788524101.2847755,70.01863877832211,0.2,0.0,,9.449923519225354,0.0031147003173828125
1788524101.3851116,70.06599019860717,0.2,0.0,,9.506727705466043,0.0018486976623535156
1788524101.4886227,70.12270319309793,0.2,0.0,,9.574762546618595,0.002680540084838867
1788524101.604355,70.17500077160494,0.2,0.0,,9.637500721420963,0.0061798095703125
1788524101.687201,70.22453741780608,0.2,-0.04210526315789474,,9.696926964583403,0.0022842884063720703
1788524101.7864788,70.291011102738,0.2,-0.04210526315789474,,9.77667185051649,0.0047457218170166016
1788524101.8885324,70.34063276836157,0.2,-0.04210526315789474,,9.836200412776181,8.440017700195312e-05
1788524101.9984438,70.40204267889214,0.2,-0.04210526315789474,,9.909870789635363,0.010088920593261719
1788524102.0845377,70.45236801128004,0.2,-0.04210526315789474,,9.970243541357062,0.0038890838623046875
1788524102.186019,70.51126485482781,0.2,-0.04210526315789474,,10.040899007717716,0.0014123916625976562
1788524102.2886982,70.58498887591841,0.2,-0.04210526315789474,,10.129341592237317,0.0034720897674560547
1788524102.3863742,70.65589635380634,0.2,-0.04210526315789474,,10.214404890008964,0.00930476188659668
1788524102.4909267,70.73732263475732,0.2,-0.04210526315789474,,10.312086215495732,0.002131938934326172
1788524102.5884047,70.78317639706384,0.2,-0.04210526315789474,,10.36709329134368,0.010491132736206055
1788524102.6877303,70.83744797637658,0.2,0.0,,10.432198084437761,0.0013725757598876953
1788524102.7927246,70.88860272122974,0.2,0.0,,10.493563667007042,0.0022954940795898438
1788524102.8942611,70.96920903225806,0.2,0.0,,10.590259737396584,0.0009238719940185547
1788524102.9867756,71.03625348089967,0.2,0.04210526315789473,,10.670687052819693,0.0013356208801269531
1788524103.0852888,71.08371277084291,0.2,0.0,,10.727620136025795,0.0057108402252197266
1788524103.201254,71.14628384321843,0.2,0.04210526315789473,,10.802682102030248,0.007372379302978516
1788524103.2875884,71.2070344362618,0.2,0.0,,10.875560660349317,0.006895780563354492
1788524103.3910031,71.2859333054193,0.2,0.04210526315789473,,10.970211248209443,0.003985881805419922
1788524103.488246,71.34602327263165,0.2,0.0,,11.042298312622927,0.003626585006713867
1788524103.5884304,71.40189822561368,0.17777777777777778,0.0,,11.109295514390041,0.007779836654663086
1788524103.690227,71.45296681511901,0.2,0.0,,11.169520001107376,0.01648855209350586
1788524103.7865705,71.51114284373973,0.2,0.04210526315789473,,11.239039280060446,0.005082368850708008
1788524103.8889418,71.55600101109471,0.2,0.0,,11.292854247467512,0.008724689483642578
1788524103.9931722,71.60245766695434,0.2,0.0,,11.348587132736311,0.012984514236450195
1788524104.0893192,71.65783372166914,0.17777777777777778,0.12631578947368421,,11.41498088037819,0.0011255741119384766
1788524104.1948192,71.71017516201395,0.2,0.0,,11.476688317370442,0.003826141357421875
1788524104.2859135,71.75072047944934,0.2,0.0,,11.525087278277555,0.0060269832611083984
1788524104.384093,71.80118295028217,0.0,0.0,,11.585402551280053,0.007562398910522461
1788524105.29726,72.33562789981524,0.0,1.0,,11.448818164688461,0.004645347595214844
1788524105.3997524,72.39342654926003,0.0,1.0,,11.391035976821899,0.012211322784423828
1788524105.4966962,72.45200444021566,0.0,1.0,,11.33247494068274,0.005262136459350586
1788524105.5963044,72.51785898723283,0.0,1.0,,11.266639551462493,0.0016620159149169922
1788524105.696835,72.58243117977527,0.0,1.0,,11.202086362346643,0.0022068023681640625
1788524105.795892,72.64317792044022,0.0,1.0,,11.141357700347072,0.0020797252655029297
1788524105.899508,72.7232333110368,0.0,1.0,,11.061326438037929,0.0017821788787841797
1788524105.996094,72.7866645517806,0.0,1.0,,10.997914564534922,0.0011649131774902344
1788524106.0962613,72.85173203748698,0.0,1.0,,10.932867179126161,0.0006868839263916016
1788524106.1965945,72.91452991694219,0.0,1.0,,10.870088927012274,0.005913257598876953
1788524106.2963383,72.97348140900196,0.0,1.0,,10.811156067575496,0.0018274784088134766
1788524106.3976402,73.01799195215594,0.0,1.0,,10.766659727904573,0.0032291412353515625
1788524106.49595,73.06947055500635,0.0,1.0,,10.715197699204898,0.001688241958618164
1788524106.598363,73.13845278341222,0.0,1.0,,10.6462379317099,0.0010578632354736328
1788524106.6955254,73.1882668581996,0.0,1.0,,10.596440258408569,0.007219791412353516
1788524106.7957032,73.23500454614914,0.0,1.0,,10.549718099846345,0.0062408447265625
1788524106.8957722,73.29418410601838,0.0,1.0,,10.490558401884199,0.010866403579711914
1788524106.9983053,73.36655390230207,0.0,1.0,,10.418213201069083,0.004246234893798828
1788524107.095648,73.4212564563793,0.0,1.0,,10.363529466019417,0.001855611801147461
1788524107.197995,73.48236475366036,0.0,1.0,,10.302442427778022,0.0022308826446533203
1788524107.2958724,73.53231268530284,0.0,1.0,,10.252512060772737,0.0022516250610351562
1788524107.3956316,73.58310153937241,0.0,1.0,,10.201741243388783,0.0016107559204101562
1788524107.4957,73.6465324038926,0.0,1.0,,10.138333158859792,0.003454446792602539
1788524107.5968294,73.70509141811134,0.0,1.0,,10.079795429472131,0.004428386688232422
1788524107.6977267,73.78667480537864,0.0,0.8979979653907985,,9.998242111427555,0.004042625427246094
1788524107.7962656,73.84657955875217,0.0,0.6755343235768654,,9.938359751446663,0.008353471755981445
1788524107.8973856,73.89624645995355,0.0,0.5215550752640221,,9.888711622243775,0.011802911758422852
1788524107.999711,73.9459891936353,0.0,0.4,,9.8389878791413,0.008405923843383789
1788524108.0968013,74.00245227309496,0.0,0.0,,9.782546589911531,0.0029473304748535156
1788524117.2543006,79.18399643071987,0.2,-0.8,,6.970527815918554,0.005944967269897461
1788524117.3563716,79.2112145232816,0.2,-0.7157894736842105,,6.99772457841674,0.009462356567382812
1788524117.4677484,79.23201526410926,0.2,-0.7157894736842105,,7.018518846916508,0.0011870861053466797
1788524117.5870726,79.25094804805752,0.2,-0.631578947368421,,7.037465152335668,0.030242919921875
1788524117.6747322,79.27501094196005,0.2,-0.631578947368421,,7.061584203332624,0.0010023117065429688
1788524117.7665665,79.29729047301798,0.2,-0.631578947368421,,7.083969208836366,0.001073598861694336
1788524117.8606048,79.32999013421029,0.2,-0.631578947368421,,7.116956232518428,0.0026824474334716797
1788524117.9526138,79.3813204609156,0.2,-0.631578947368421,,7.16912483874051,0.00535893440246582
1788524118.060913,79.41770068831259,0.2,-0.631578947368421,,7.206414420805382,0.0034291744232177734
1788524118.155614,79.4592357746479,0.2,-0.631578947368421,,7.249200606879638,0.0016927719116210938
1788524118.260628,79.49689655172413,0.2,-0.631578947368421,,7.288196226964159,0.00014519691467285156
1788524118.3574045,79.52828400222965,0.2,-0.631578947368421,,7.320839062363242,0.0017108917236328125
1788524118.4525754,79.56011155394364,0.2,-0.5473684210526315,,7.354062151857198,0.005982160568237305
1788524118.5544116,79.59135966817496,0.2,-0.5473684210526315,,7.386811020871813,0.007903575897216797
1788524118.659656,79.63558516312057,0.2,-0.5473684210526315,,7.433339672271538,0.008404254913330078
1788524118.7577093,79.68952723203182,0.2,-0.46315789473684205,,7.490389713930451,0.0019173622131347656
1788524118.8549764,79.73780139402805,0.2,-0.46315789473684205,,7.541695651837794,0.002770662307739258
1788524118.9534304,79.78285275046316,0.17777777777777778,-0.5473684210526315,,7.589759921451843,0.013383865356445312
1788524119.0532653,79.83957355813715,0.2,-0.5473684210526315,,7.650158001475365,0.0023190975189208984
1788524119.1509855,79.89166160405009,0.2,-0.46315789473684205,,7.706226868704568,0.0035791397094726562
1788524119.2551985,79.94799364471669,0.2,-0.46315789473684205,,7.767258870267461,0.0031137466430664062
1788524119.350885,80.00813234613605,0.2,-0.46315789473684205,,7.8327263947145696,0.003606557846069336
1788524119.4559536,80.06399640049648,0.2,-0.46315789473684205,,7.893822004180544,0.005762577056884766
1788524119.5570335,80.13288370291468,0.2,-0.46315789473684205,,7.96953160624231,0.007386445999145508
1788524119.6542742,80.18726313848423,0.2,-0.46315789473684205,,8.0295777321485,0.0012929439544677734
1788524119.7516875,80.25242197389672,0.2,-0.3789473684210526,,8.101847382314233,0.005461931228637695
1788524119.857069,80.30815879861085,0.2,-0.631578947368421,,8.16391870434719,0.006247282028198242
1788524119.9527743,80.37829127839255,0.2,-0.5473684210526315,,8.242404698062883,0.006549835205078125
1788524120.0555084,80.42847046641066,0.2,-0.3789473684210526,,8.298860777984828,0.005525827407836914
1788524120.1578712,80.48214400091501,0.2,-0.5473684210526315,,8.359454466459656,0.002084493637084961
1788524120.2538786,80.55107956932774,0.2,-0.5473684210526315,,8.437597596016216,0.00817108154296875
1788524120.3542068,80.6182713714637,0.2,-0.5473684210526315,,8.514137626979007,0.0015506744384765625
1788524120.459919,80.69780826612903,0.2,-0.5473684210526315,,8.605207264017716,0.00118255615234375
1788524120.5590315,80.75500715623328,0.2,-0.46315789473684205,,8.67099858561204,0.0035648345947265625
1788524120.6515734,80.80298654463493,0.2,-0.3789473684210526,,8.726354465665482,0.0034906864166259766
1788524120.7527783,80.84499570443008,0.2,-0.46315789473684205,,8.774928922519846,0.005494832992553711
1788524120.854571,80.88609941400226,0.2,-0.3789473684210526,,8.822547005972579,0.006957292556762695
1788524120.9546459,80.93481632653061,0.2,-0.3789473684210526,,8.879098449798395,3.504753112792969e-05
1788524121.0543044,80.97781358236725,0.2,-0.46315789473684205,,8.929100743341976,0.0033316612243652344
1788524121.1515577,81.03680852930853,0.2,-0.3789473684210526,,8.99785955706842,0.0013585090637207031
1788524121.2542777,81.08585324574962,0.2,-0.3789473684210526,,9.055149619766024,0.0061702728271484375
1788524124.2291276,81.12699615960099,0.17777777777777778,-0.3789473684210526,,9.103226824386743,0.004780292510986328
1788524124.3305109,81.16016578293845,0.17777777777777778,-0.3789473684210526,,9.141587179399,0.0035521984100341797
1788524124.4342077,81.22653937149002,0.2,-0.3789473684210526,,9.218217967832091,0.0019953250885009766
1788524124.5292366,81.272367401027,0.2,-0.3789473684210526,,9.2718356249888,0.0043179988861083984
1788524124.6313767,81.33126747997086,0.2,-0.3789473684210526,,9.34118984672266,0.003928184509277344
1788524124.7302957,81.3949960727844,0.2,-0.3789473684210526,,9.416365475188359,0.003642559051513672
1788524124.829832,81.43515910492769,0.2,-0.3789473684210526,,9.463812519759033,0.006957530975341797
1788524124.9358323,81.47855277194117,0.2,-0.3789473684210526,,9.51513345473429,0.0014750957489013672
1788524125.0275726,81.53688063452176,0.2,-0.3789473684210526,,9.584209152587455,0.006072044372558594
1788524125.1289735,81.6008588949135,0.17777777777777778,-0.3789473684210526,,9.660073324543255,0.0073871612548828125
1788524125.232796,81.663203013744,0.2,-0.29473684210526313,,9.732888676727564,0.002879619598388672
1788524125.3285215,81.70471404261112,0.2,-0.3789473684210526,,9.782021774798002,0.0035026073455810547
1788524125.4301598,81.77800517003676,0.2,-0.29473684210526313,,9.869257615674007,0.0020751953125
1788524125.5313258,81.84018523873787,0.2,-0.29473684210526313,,9.943354697380787,0.007420063018798828
1788524125.632998,81.90256231581692,0.2,-0.29473684210526313,,10.017751359501235,0.009142160415649414
1788524125.7265673,81.96571886540426,0.2,-0.29473684210526313,,10.093138705516784,0.003034353256225586
1788524125.830106,82.0255624489796,0.2,-0.29473684210526313,,10.164623940109504,0.005549192428588867
1788524125.9282079,82.08437438802629,0.2,-0.29473684210526313,,10.234923031855407,0.0034089088439941406
1788524126.029351,82.14761909440028,0.2,-0.29473684210526313,,10.31056797970524,0.0026695728302001953
1788524126.1329465,82.21575780320366,0.2,-0.29473684210526313,,10.392115761093645,0.005209445953369141
1788524126.2296052,82.28241862109606,0.2,-0.12631578947368421,,10.471939330068595,0.002022981643676758
1788524126.3309586,82.35730595500662,0.2,-0.12631578947368421,,10.561647714932905,0.002702474594116211
1788524126.4350188,82.4285821250297,0.2,-0.12631578947368421,,10.647048672718531,0.0010030269622802734
1788524126.5280309,82.50060051768766,0.2,-0.12631578947368421,,10.733355629138183,0.00027632713317871094
1788524126.6282392,82.56477489251934,0.2,-0.12631578947368421,,10.810275842996,0.001386404037475586
1788524126.7376978,82.63200955819882,0.2,-0.12631578947368421,,10.890876590470752,0.0033674240112304688
1788524126.8282447,82.69114390792662,0.2,-0.12631578947368421,,10.961776469312051,0.0027551651000976562
1788524126.928187,82.76027027027027,0.2,-0.12631578947368421,,11.044666976326774,2.6464462280273438e-05
1788524127.0293496,82.81441632917543,0.2,-0.12631578947368421,,11.10960191754898,0.0029435157775878906
1788524127.128717,82.86140590706717,0.2,-0.12631578947368421,,11.165959112572038,0.011406183242797852
1788524127.227318,82.9244414306409,0.2,-0.12631578947368421,,11.241567635476233,0.00477290153503418
1788524127.3304813,82.98573435045995,0.2,-0.12631578947368421,,11.315092312989263,0.001062631607055664
1788524127.4300146,83.03729459241325,0.2,-0.04210526315789474,,11.376946318787766,0.0032494068145751953
1788524127.529695,83.1025665070292,0.2,-0.12631578947368421,,11.455252746895951,0.001543283462524414
1788524127.6281285,83.16552664686354,0.2,-0.04210526315789474,,11.53078891758534,0.006822347640991211
1788524127.695508,83.20488676130736,-0.15000000596046448,0.0,,11.577329083082185,0.003610849380493164
1788524127.7252252,83.22345453585385,0.0,0.0,,11.596307694195268,0.004515171051025391
1788524127.7969878,83.25921603308694,-0.15000000596046448,0.0,,11.627328522351155,0.0027093887329101562
1788524127.8958266,83.30934038327872,-0.15000000596046448,0.0,,11.66995824206304,0.002401113510131836
1788524127.9948306,83.36920541719688,-0.15000000596046448,0.0,,11.720847488026758,0.0013115406036376953
1788524128.1039224,83.45101858529819,-0.15000000596046448,0.0,,11.790394224542553,0.0008594989776611328
1788524128.1952524,83.50133638025595,-0.15000000596046448,0.0,,11.833167828805752,0.0056078433990478516
1788524128.2965806,83.57098916026345,-0.15000000596046448,0.0,,11.892377592534514,0.0017375946044921875
1788524128.3948271,83.62908380690689,-0.15000000596046448,0.0,,11.941762204666864,0.0038177967071533203
1788524128.4951415,83.69482025664527,-0.15000000596046448,0.0,,11.99764297808604,0.002601146697998047
1788524128.597629,83.7654070185723,-0.15000000596046448,0.0,,12.057646964954863,0.008947610855102539
1788524128.6956155,83.81763157322902,-0.15000000596046448,0.0,,12.102041774932415,0.0043888092041015625
1788524128.7969983,83.87908214971209,-0.15000000596046448,0.0,,12.154279466119261,0.009937286376953125
1788524128.8950198,83.95912745413582,-0.15000000596046448,0.0,,12.222324205585853,0.0014815330505371094
1788524128.9947622,84.02427494671575,-0.15000000596046448,0.0,,12.229156815189365,0.001230478286743164
1788524129.0948744,84.09318987216332,-0.15000000596046448,0.0,,12.149915744343687,0.004811763763427734
1788524129.1947668,84.15472408088235,-0.15000000596046448,0.0,,12.079161312726425,0.002593994140625
1788524129.2950368,84.21467494900797,-0.15000000596046448,0.0,,12.01022747068703,0.0012857913970947266
1788524129.3955243,84.28839451382694,-0.15000000596046448,0.0,,11.92546184910635,0.0010690689086914062
1788524129.49963,84.37400029799467,-0.15000000596046448,0.0,,11.827028995977331,0.013601303100585938
1788524129.5946724,84.42900482062781,-0.15000000596046448,0.0,,11.763782664257567,0.0021266937255859375
1788524129.6952243,84.50108285862248,-0.15000000596046448,0.0,,11.68090454681006,0.0004603862762451172
1788524129.7956147,84.56653458758747,-0.15000000596046448,0.0,,11.605645619810018,0.0020782947540283203
1788524129.8953896,84.63454754704301,-0.15000000596046448,0.0,,11.527441695032351,0.0014190673828125
1788524129.9964125,84.70799102333932,-0.15000000596046448,0.0,,11.442993557157198,0.0023903846740722656
1788524130.0977547,84.77467772307693,-0.15000000596046448,0.0,,11.366314625518688,0.0038743019104003906
1788524130.1950092,84.83213247944943,-0.15000000596046448,0.0,,11.300250940700518,0.002494335174560547
1788524130.294668,84.89753838245373,-0.15000000596046448,0.0,,11.225044726049065,0.0013914108276367188
1788524130.3956978,84.97148934961659,-0.15000000596046448,0.0,,11.14001307407683,0.005036830902099609
1788524130.4950528,85.03933192373322,-0.15000000596046448,0.0,,11.06200509097849,0.003213644027709961
1788524130.594799,85.10415217909026,-0.15000000596046448,0.0,,10.987472289812857,0.001001119613647461
1788524130.6984532,85.175113596381,-0.15000000596046448,0.0,,10.90587815150979,0.0018973350524902344
1788524130.795852,85.2312762810883,-0.15000000596046448,0.0,,10.84130016294218,0.007141828536987305
1788524130.8988087,85.28503031694993,0.0,0.0,,10.779518121913268,0.0015571117401123047
1788524131.1788082,85.46441322423122,0.2,-0.04210526315789474,,10.588831722566987,0.001806497573852539
1788524131.2814333,85.52340229044835,0.2,-0.04210526315789474,,10.531580470171486,0.0029354095458984375
1788524131.3756247,85.57831806996542,0.2,0.0,,10.481393912571761,0.0071697235107421875
1788524131.4778755,85.64797429554743,0.2,0.0,,10.422121492934556,0.002216815948486328
1788524131.5825226,85.7017722964763,0.2,0.0,,10.378895081385474,0.0009810924530029297
1788524131.6743352,85.76235086455331,0.2,-0.04210526315789474,,10.33042810567646,0.0016546249389648438
1788524131.7817755,85.82400327723431,0.2,0.0,,10.281102595938558,0.009675741195678711
1788524131.8788455,85.8771173791685,0.2,0.0,,10.238608769622235,0.006491661071777344
1788524131.981495,85.93607309417041,0.2,0.0,,10.191441462394383,0.0005316734313964844
1788524132.0743039,86.00202714559911,0.2,-0.04210526315789474,,10.13867527495407,0.012173175811767578
1788524132.1759815,86.05910826814825,0.2,0.0,,10.093008330738078,0.0032613277435302734
1788524132.285198,86.11599229887983,0.2,0.0,,10.047499553049477,0.00374603271484375
1788524132.3826287,86.16830418790734,0.2,-0.04210526315789474,,10.0056486970188,0.003694772720336914
1788524132.4745977,86.22699772970086,0.2,0.0,,9.958692835494368,0.0053558349609375
1788524132.5785904,86.28249024326051,0.2,0.0,,9.914298329983513,0.006341218948364258
1788524132.6766176,86.34192827148856,0.2,0.0,,9.866747472155117,0.002782106399536133
1788524132.7779667,86.38427509881423,0.2,-0.04210526315789474,,9.832869760917097,0.0009047985076904297
1788524132.879549,86.42780744452398,0.2,0.0,,9.798043861904361,0.0026645660400390625
1788524132.9852107,86.48346315070651,0.2,0.0,,9.753519585668911,0.004538774490356445
1788524133.0790741,86.53747791017415,0.2,0.0,,9.710308137740215,0.0013005733489990234
1788524133.1896124,86.60799726083683,0.2,-0.04210526315789474,,9.653893245313995,0.003481626510620117
1788524133.2789924,86.65886322081576,0.2,0.0,,9.613201211848933,0.0006780624389648438
1788524133.381566,86.72099788732395,0.2,0.0,,9.563494739011988,0.005078315734863281
1788524133.475624,86.77887666804807,0.2,-0.04210526315789474,,9.51719297925384,0.0028765201568603516
1788524133.5744007,86.83248747992624,0.2,0.0,,9.474305818038392,0.00400853157043457
1788524133.6807969,86.88955198861665,0.2,0.0,,9.428656113059036,0.006869792938232422
1788524133.7787807,86.93800591300862,0.2,0.04210526315789473,,9.389894657002788,0.004757881164550781
1788524133.8741317,86.99940068275883,0.2,0.04210526315789473,,9.340780763357571,0.00789189338684082
1788524133.9856207,87.04568782986651,0.2,0.04210526315789473,,9.303752120850346,0.0015358924865722656
1788524134.0816882,87.098858033241,0.2,0.04210526315789473,,9.26121677349398,0.0037870407104492188
1788524134.173272,87.15364183766431,0.2,0.04210526315789473,,9.21739002633114,0.005495786666870117
1788524134.2753692,87.21373461113158,0.2,0.04210526315789473,,9.16931546365561,0.0032341480255126953
1788524134.3784554,87.27641612491645,0.2,0.04210526315789473,,9.119169075867593,0.003924131393432617
1788524134.4835966,87.3222197046691,0.2,0.04210526315789473,,9.082524780877554,0.003988027572631836
1788524134.5745986,87.35499788169253,0.2,0.04210526315789473,,9.05630089414838,0.004502058029174805
1788524134.6813722,87.41399875266359,0.2,0.04210526315789473,,9.009097087991227,0.009174823760986328
1788524134.7760506,87.46206975290838,0.2,0.04210526315789473,,8.970637067550753,0.004959583282470703
1788524134.8764102,87.51999797215828,0.2,0.0,,8.924289731328988,0.004350185394287109
1788524134.9761724,87.58458818635607,0.2,0.0,,8.872611731820841,0.0008597373962402344
1788524135.0749266,87.65157266712298,0.2,0.0,,8.819018331379157,0.0010449886322021484
1788524135.175804,87.72134700670865,0.2,0.0,,8.763193055276934,0.004655599594116211
1788524135.2753026,87.77939143501126,0.2,0.0,,8.716752884713681,0.002856016159057617
1788524135.389311,87.82706067119155,0.2,0.0,,8.678613833607036,0.0063228607177734375
1788524135.4768217,87.87821598091831,0.2,0.0,,8.637685796847602,0.0019991397857666016
1788524135.57993,87.95115865623609,0.2,0.0,,8.579326510380334,0.00911259651184082
1788524135.6855118,88.00700478077883,0.2,0.0,,8.534645877973102,0.005834817886352539
1788524135.7746232,88.05577880023296,0.2,0.0,,8.495623551836816,0.002046823501586914
1788524135.876174,88.1149979005413,0.2,0.0,,8.448244685152863,0.009425640106201172
1788524135.9752493,88.17902009756098,0.2,0.0,,8.397023288811408,0.0012218952178955078
1788524136.083866,88.23296435728601,0.2,0.0,,8.353865010788983,0.0016655921936035156
1788524136.173885,88.30238251569057,0.2,0.0,,8.298327058608143,0.0064198970794677734
1788524136.274431,88.38477824402841,0.2,0.0,,8.232406809563045,0.0007386207580566406
1788524136.3750696,88.44936179277437,0.2,0.0,,8.1807374063352,0.0013990402221679688
1788524136.475979,88.49699444910605,0.2,0.0,,8.142629567699307,0.003693819046020508
1788524136.5779877,88.5563801427219,0.2,0.0,,8.095119091219956,0.006548404693603516
1788524136.6812387,88.63206385383998,0.2,0.0,,8.034570025155046,0.006537914276123047
1788524136.7837312,88.69849201009251,0.2,0.0,,7.9814259908737215,0.0008504390716552734
1788524136.8834035,88.75699491485337,0.2,0.0,,7.93462259963617,0.0020160675048828125
1788524136.979807,88.80414258740804,0.2,0.0,,7.896903782872477,0.007323741912841797
1788524137.0849743,88.8494993334017,0.2,0.0,,7.8606178883888065,0.004649639129638672
1788524137.1807425,88.8853477804321,0.2,0.04210526315789473,,7.831938836791033,0.00908207893371582
1788524137.2781417,88.93533652198744,0.2,0.0,,7.7919471971140934,0.0016698837280273438
1788524137.3741887,88.99077787303357,0.2,0.0,,7.747593183624594,0.0055620670318603516
1788524137.476643,89.04469391578002,0.2,0.0,,7.704459672900044,0.00954580307006836
1788524137.583656,89.09631900616613,0.2,0.0,,7.663159177435212,0.0026292800903320312
1788524137.6773672,89.14753550225599,0.2,0.0,,7.622185781476412,0.004015922546386719
1788524137.7792974,89.21283483111249,0.2,0.0,,7.5699463890554535,0.0007693767547607422
1788524137.888022,89.28330069379336,0.2,0.0,,7.513574191307231,0.006357431411743164
1788524137.9799654,89.33799531511433,0.2,0.0,,7.469819180288661,0.004274845123291016
1788524138.0758069,89.3999950166113,0.2,0.0,,7.420220524368236,0.003444671630859375
1788524138.1782522,89.46423182382469,0.2,0.0,,7.368832598155814,0.0044171810150146484
1788524138.2740188,89.53624981675644,0.2,0.0,,7.311220370329336,0.00748133659362793
1788524138.377595,89.60029605083976,0.2,0.0,,7.259985729918253,0.002626180648803711
1788524138.4780188,89.66203898514853,0.2,0.0,,7.2105940275983045,0.00077056884765625
1788524138.574417,89.72571809826793,0.2,0.0,,7.159653867028096,0.0013489723205566406
1788524138.6792762,89.77459143407123,0.2,0.04210526315789473,,7.120557880940129,0.0004954338073730469
1788524138.7763846,89.82204659931358,0.2,0.04210526315789473,,7.082596252877395,0.0049321651458740234
1788524138.874418,89.89354772291048,0.2,-0.04210526315789474,,7.025398192616399,0.0013663768768310547
1788524138.9758105,89.95669711876317,0.2,-0.04210526315789474,,6.9748815777573245,0.0013570785522460938
1788524139.0763495,90.01719377574105,0.2,-0.04210526315789474,,6.960868825636982,0.008220195770263672
1788524139.1786034,90.07833101325124,0.2,0.04210526315789473,,7.034213020370627,0.0017812252044677734
1788524139.280085,90.1365707674845,0.2,0.04210526315789473,,7.104081335759691,0.005461215972900391
1788524139.3797696,90.20937815193749,0.2,0.04210526315789473,,7.191424617609998,0.0029594898223876953
1788524139.474537,90.264943583118,0.2,0.04210526315789473,,7.258082523581935,0.0033216476440429688
1788524139.5762715,90.31989361386871,0.2,0.04210526315789473,,7.324001175529128,0.006436347961425781
1788524139.6745272,90.36893445081134,0.2,0.04210526315789473,,7.382830160346822,0.0044519901275634766
1788524139.7747397,90.44187408417106,0.2,0.04210526315789473,,7.470326303305799,0.0027985572814941406
1788524139.8807375,90.51600910710751,0.2,0.04210526315789473,,7.559254177010988,0.0012042522430419922
1788524139.974249,90.57528063054187,0.2,0.0,,7.630350999475408,0.0060498714447021484
1788524140.0740397,90.62292758231614,0.2,0.0,,7.687503381231705,0.002324342727661133
1788524140.1781485,90.68777341567417,0.2,0.0,,7.765285785939815,0.0016214847564697266
1788524140.2761934,90.72663792625451,0.2,0.0,,7.811903682194912,0.010319709777832031
1788524140.376762,90.80344852173913,0.2,0.0,,7.904037866137609,0.0013709068298339844
1788524140.4800794,90.85299559941325,0.2,0.0,,7.963469533154995,0.0035758018493652344
1788524140.5777516,90.91379679946658,0.2,0.0,,8.036400537382542,0.00429081916809082
1788524140.6771038,90.96666166905523,0.2,0.0,,8.099811943490549,0.0021626949310302734
1788524140.773775,91.020370396905,0.2,0.0,,8.16423558135791,0.008319616317749023
1788524140.8829513,91.08540332654,0.2,0.0,,8.242242634611047,0.010879755020141602
1788524140.9753385,91.15066074450084,0.2,0.0,,8.320518995430222,0.001972675323486328
1788524141.0822911,91.2170109808577,0.2,0.0,,8.400106226960016,0.0016067028045654297
1788524141.1730165,91.27424285480974,0.2,0.0,,8.468755992343443,0.0014598369598388672
1788524141.2750344,91.33988413747832,0.2,0.0,,8.547492892340404,0.0050847530364990234
1788524141.375264,91.38634781960015,0.2,0.0,,8.603226225998016,0.01118612289428711
1788524141.4749963,91.4559880597015,0.2,0.0,,8.686759942286805,0.0011181831359863281
1788524141.5780091,91.50845731040651,0.2,0.0,,8.749697017275631,0.004797458648681641
1788524141.6763258,91.55650199761874,0.2,0.0,,8.807326826727365,0.009011030197143555
1788524141.781926,91.62013508421987,0.2,0.0,,8.883655011444569,0.004302978515625
1788524141.879928,91.67823357113738,0.2,0.0,,8.953344440339702,0.011696815490722656
1788524141.979376,91.73697109615102,0.2,0.04210526315789473,,9.02380041903117,0.003258228302001953
1788524142.0750804,91.8016908032553,0.2,0.04210526315789473,,9.101431093741896,0.012861013412475586
1788524142.1747394,91.85699078282828,0.2,0.0,,9.167761260776611,0.001888275146484375
1788524142.2769146,91.92599758636295,0.2,0.04210526315789473,,9.250531240274276,0.006321907043457031
1788524142.3787355,91.98752328269485,0.2,0.0,,8.44079030324518,0.002887725830078125
1788524142.4809284,92.0325822122571,0.2,0.0,,9.378371515948006,0.0019140243530273438
1788524142.573592,92.08953788079471,0.2,0.0,,9.44668505446265,0.0036001205444335938
1788524142.6779299,92.16040491681765,0.2,0.0,,9.531684124262112,0.005789756774902344
1788524142.7748644,92.19873887980728,0.2,0.0,,9.577662506563595,0.002771139144897461
1788524142.8828862,92.26776068376068,0.2,0.0,,9.66044839902799,2.7894973754882812e-05
1788524142.9782395,92.32948736906962,0.2,0.04210526315789473,,9.734484402483709,0.004256486892700195
1788524143.07395,92.37316403854578,0.2,0.04210526315789473,,9.786870393639402,0.0010886192321777344
1788524143.1768744,92.4420273853131,0.2,0.04210526315789473,,9.869463261041496,0.0013668537139892578
1788524143.276475,92.52213366923533,0.2,0.04210526315789473,,9.965537115321801,0.0008044242858886719
1788524143.383526,92.60052954365602,0.2,0.04210526315789473,,10.059555843609779,0.0018076896667480469
1788524143.4765103,92.67383670658049,0.2,0.04210526315789473,,10.147468193085793,0.0022499561309814453
1788524143.573859,92.73473055084001,0.2,0.0,,10.220491401754092,0.004072904586791992
1788524143.675274,92.80197896150403,0.2,0.0,,10.301133542562678,0.0005326271057128906
1788524143.77584,92.87494552554938,0.2,0.0,,10.388632689407968,0.0072040557861328125
1788524143.8742712,92.9350063936064,0.2,0.0,,10.460655743721887,0.0023865699768066406
1788524143.9795132,92.98854833181242,0.2,0.0,,10.52486150871316,0.010711908340454102
1788524144.076391,93.03303062730627,0.2,0.0,,10.578203243093512,0.0006461143493652344
1788524144.1755717,93.0986972711176,0.2,0.0,,10.6569485659376,0.004578113555908203
1788524144.2746487,93.16929961616617,0.2,0.0,,10.741612624026248,0.0010559558868408203
1788524144.3759708,93.23555855855857,0.2,0.0,,10.82106821483721,2.6464462280273438e-05
1788524144.4768777,93.30027226595845,0.2,0.0,,10.8986708107633,0.005027294158935547
1788524144.5731742,93.36833499820553,0.2,0.0,,10.980289450767305,0.007971763610839844
1788524144.6829956,93.42848598130841,0.2,0.0,,11.052420576619182,0.0011734962463378906
1788524144.7791793,93.50042922294334,0.2,0.0,,11.138692601168362,0.0013592243194580078
1788524144.880022,93.56828775880165,0.2,0.0,,11.220066378958615,0.0024988651275634766
1788524144.9742167,93.63379149596524,0.2,0.0,,11.298616358836158,0.003840923309326172
1788524145.0773084,93.69404144121205,0.2,0.0,,11.370866160942446,0.0037453174591064453
1788524145.17342,93.75701402474108,0.2,0.0,,11.446380864488662,0.003314971923828125
1788524145.2743824,93.82103181076671,0.2,0.0,,11.52314894231726,0.0008769035339355469
1788524145.377222,93.88454425578036,0.2,0.0,,11.599311032326556,0.00131988525390625
1788524145.478332,93.9351040887041,0.2,0.0,,11.65994076538894,0.003440380096435547
1788524145.578531,93.98055994700817,0.2,0.0,,11.714449975966087,0.002159595489501953
1788524145.6770535,94.03820489977728,0.2,0.0,,11.783575959193412,0.002890348434448242
1788524145.7741504,94.09725207054467,0.2,0.0,,11.854383438125904,0.004893779754638672
1788524145.8781865,94.14492347727088,0.2,0.0,,11.911549465139926,0.002931833267211914
1788524145.976841,94.19940661206552,0.2,0.0,,11.976883899278818,0.0023870468139648438
1788524146.0908966,94.26700628988992,0.2,-0.04210526315789474,,12.057947285553471,0.002577543258666992
1788524146.1846557,94.31789055223763,0.2,-0.04210526315789474,,12.118966852882435,0.009062051773071289
1788524146.276148,94.3520158994654,0.0,0.0,,12.159171656245837,0.0034339427947998047
1788524147.1792223,94.90508879363135,0.11111111111111112,-0.46315789473684205,,12.713304396235593,0.0015573501586914062
1788524147.2758732,94.96048308135349,0.08888888888888889,-0.29473684210526313,,12.770201045904955,0.004967451095581055
1788524147.386667,95.0299692925748,0.0,-0.29473684210526313,,12.844961952618217,0.0051631927490234375
1788524147.4828134,95.08377375565611,0.0,-0.29473684210526313,,12.899380335152669,5.269050598144531e-05
1788524147.581895,95.14262397996283,0.044444444444444446,-0.29473684210526313,,12.95823999276016,0.002950906753540039
1788524147.677319,95.19809320014197,0.044444444444444446,-0.29473684210526313,,13.015130660705022,0.004701852798461914
1788524147.7757876,95.2508576625739,0.022222222222222223,-0.21052631578947367,,13.070139744413249,0.0031456947326660156
1788524147.8785162,95.32215543723122,0.022222222222222223,-0.21052631578947367,,13.143162734519013,0.0023283958435058594
1788524147.9870815,95.38604590665646,0.022222222222222223,-0.8,,13.20847908532646,0.0003116130828857422
1788524148.0760295,95.43599442275517,0.022222222222222223,-0.7157894736842105,,13.259534266809093,0.0017099380493164062
1788524148.1751883,95.50886736422521,0.022222222222222223,-0.7157894736842105,,13.334003836568522,0.0023925304412841797
1788524148.2828426,95.5756989272388,0.022222222222222223,-0.8,,13.402288771526239,0.0010223388671875
1788524148.3797648,95.61614283824017,0.022222222222222223,-0.8,,13.443605307100775,0.003603696823120117
1788524148.4760294,95.6766858478691,0.022222222222222223,-0.8,,13.505441974141126,0.001325845718383789
1788524148.5829744,95.72063489462126,0.044444444444444446,0.0,,13.550324962112738,0.00727391242980957
1788524148.6799464,95.78491653474055,0.06666666666666667,0.21052631578947367,,13.617105127496124,0.005421638488769531
1788524148.7771106,95.8287327534493,0.06666666666666667,0.21052631578947367,,13.663443226963908,0.003974437713623047
1788524148.8760486,95.88301774056201,0.06666666666666667,0.21052631578947367,,13.721178800080535,0.0016798973083496094
1788524148.9776554,95.95657502325975,0.08888888888888889,0.29473684210526313,,13.79943370352811,0.005637645721435547
1788524149.0833316,96.0252978696016,0.08888888888888889,0.29473684210526313,,13.823188837037542,0.0037043094635009766
1788524149.1778831,96.0937027972028,0.11111111111111112,0.21052631578947367,,13.760699972223772,0.003954887390136719
1788524149.28336,96.16499013703827,0.06666666666666667,0.21052631578947367,,13.69673094099229,0.0050280094146728516
1788524149.3770418,96.23105997946912,0.06666666666666667,0.21052631578947367,,13.635166207493425,0.0016257762908935547
1788524149.480673,96.28296682407071,0.06666666666666667,0.21052631578947367,,13.586654279635981,0.0019690990447998047
1788524149.5789661,96.3232957875758,0.2,0.21052631578947367,,13.548990233398484,0.007272958755493164
1788524149.6781337,96.38377993423691,0.2,0.21052631578947367,,13.494273038310196,0.002972841262817383
1788524149.775313,96.44044616330294,0.2,0.21052631578947367,,13.446258641450013,0.0023272037506103516
1788524149.879661,96.50642215568863,0.2,0.21052631578947367,,13.39318463971366,0.002627849578857422
1788524149.9802442,96.55512536528346,0.2,0.21052631578947367,,13.354124139740861,0.0032634735107421875
1788524150.0801556,96.62579656111679,0.2,0.21052631578947367,,13.297469838423773,0.0014004707336425781
1788524150.1795356,96.69063780663781,0.2,0.21052631578947367,,13.245510970903764,0.0016522407531738281
1788524150.2747939,96.75227034959903,0.2,0.21052631578947367,,13.196138800945723,0.004548788070678711
1788524150.3775156,96.80122320403947,0.2,0.21052631578947367,,13.156938634629462,0.0020775794982910156
1788524150.4750512,96.86869072164949,0.2,0.12631578947368421,,13.102910583971783,0.0001850128173828125
1788524150.574406,96.92251388053718,0.2,0.12631578947368421,,13.05983071335355,0.009515762329101562
1788524150.6784196,96.96908375225267,0.2,0.12631578947368421,,13.022560474816254,0.005027294158935547
1788524150.7878284,97.02507345926351,0.2,0.12631578947368421,,12.977755840919261,0.003748655319213867
1788524150.8797445,97.08014747536946,0.2,0.12631578947368421,,12.933688174261697,0.003871917724609375
1788524150.981194,97.13869542131589,0.2,0.12631578947368421,,12.886659311344378,0.0030982494354248047
1788524151.07917,97.20499606492868,0.2,0.12631578947368421,,12.833571266152491,0.0029082298278808594
1788524151.1791909,97.26532324580923,0.2,0.12631578947368421,,12.785311188243588,0.0016071796417236328
1788524151.277162,97.32368528864059,0.2,0.12631578947368421,,12.738625341982264,0.003968954086303711
1788524151.3785887,97.40095053346265,0.2,0.21052631578947367,,12.676820398024521,0.0004916191101074219
1788524151.4844978,97.45030009123447,0.2,0.12631578947368421,,12.637346153272997,0.003397226333618164
1788524151.5764883,97.50513710526316,0.2,0.12631578947368421,,12.5934824471838,0.0009059906005859375
1788524151.6753986,97.57498725549813,0.2,0.12631578947368421,,12.537608826351175,0.009409904479980469
1788524151.7841,97.63846622613804,0.2,0.0,,12.486829759503506,0.002597808837890625
1788524151.8809807,97.69732571428571,0.2,0.0,,12.439744970767011,0.0014603137969970703
1788524151.9807286,97.75999061088662,0.022222222222222223,-0.12631578947368421,,12.389616167359476,0.002006053924560547
1788524152.0760524,97.82098511083228,0.022222222222222223,-0.12631578947368421,,12.330341189040608,0.0028502941131591797
1788524152.1801107,97.90820820789098,0.022222222222222223,-0.12631578947368421,,12.245066841354465,0.001504659652709961
1788524152.2781448,97.97398560589154,0.022222222222222223,-0.12631578947368421,,12.180759285244575,0.002136707305908203
1788524152.3822296,98.03199478499542,0.13333333333333333,-0.04210526315789474,,12.124063230522179,0.002605915069580078
1788524152.4758525,98.0939951579261,0.13333333333333333,-0.12631578947368421,,12.06536424855041,0.003200531005859375
1788524152.5788007,98.15399109879745,0.2,-0.12631578947368421,,12.012118491057489,0.004044532775878906
1788524152.6786525,98.21699847206537,0.2,-0.12631578947368421,,11.959542360964395,0.007177829742431641
1788524152.774923,98.27403571428572,0.2,-0.12631578947368421,,11.913884365144739,0.00031375885009765625
1788524152.876455,98.34780638868568,0.2,-0.04210526315789474,,11.8548667170452,0.0009777545928955078
1788524152.977077,98.40877817440082,0.2,-0.04210526315789474,,11.806085464604791,0.0014026165008544922
1788524153.08071,98.47539434541376,0.2,-0.04210526315789474,,11.75278673885606,0.004039287567138672
1788524153.1758437,98.5335846406234,0.2,0.0,,11.70622798944796,0.011626482009887695
1788524153.1972876,98.54669083905543,0.0,1.0,,11.694872725196523,0.0028471946716308594
1788524153.2742472,98.60111677200555,0.0,0.0,,11.641384554819544,0.003093242645263672
1788524153.298657,98.61262451171875,0.0,1.0,,11.629878374433698,0.00048828125
1788524153.400896,98.67798260239216,0.0,1.0,,11.564529204100152,0.0013155937194824219
1788524153.4984248,98.73223394413806,0.0,1.0,,11.510285352339757,0.0013401508331298828
1788524153.6004941,98.79460385925086,0.0,1.0,,11.44792414375306,0.0012602806091308594
1788524153.6978784,98.85636285915741,0.0,1.0,,11.386173868286818,0.002705097198486328
1788524153.8000102,98.93848469199557,0.0,1.0,,11.304063798819376,0.0012927055358886719
1788524153.8990655,98.99930062131591,0.0,1.0,,11.243256700793303,0.0014965534210205078
1788524153.99786,99.05200504436836,0.0,1.0,,11.190560015681218,0.006475210189819336
1788524154.0982199,99.10359635790077,0.0,1.0,,11.138976354173304,0.0033254623413085938
1788524154.1981945,99.17944558051931,0.0,1.0,,11.063138521456226,0.003544330596923828
1788524154.2986221,99.23114222603473,0.0,1.0,,11.011449736174786,0.00555872917175293
1788524154.397474,99.2970093992644,0.0,1.0,,10.945592694848608,0.0005834102630615234
1788524154.4974775,99.3721975347168,0.0,1.0,,10.870416285200697,0.001528024673461914
1788524154.5975657,99.43473610723262,0.0,1.0,,10.807887600365623,0.0017075538635253906
1788524154.6985936,99.51198450813322,0.0,1.0,,10.730651583252573,0.001538991928100586
1788524154.7982123,99.57909010580164,0.0,1.0,,10.663556899135967,0.002050638198852539
1788524154.8984854,99.65133914799853,0.0,1.0,,10.591319772090557,0.0012984275817871094
1788524154.9986343,99.71772434017595,0.0,1.0,,10.524945681714097,0.0016260147094726562
1788524155.099902,99.77371428571429,0.0,1.0,,10.468965216218216,4.172325134277344e-05
1788524155.198347,99.82802761300171,0.0,1.0,,10.414661188511772,0.006872892379760742
1788524155.3035593,99.88067849557522,0.0,1.0,,10.362019419813375,0.0026941299438476562
1788524155.397543,99.94385879927854,0.0,1.0,,10.29885018245367,0.00462651252746582
1788524155.5015123,100.00561697441978,0.0,0.919130211815587,,10.237102964030356,0.005629539489746094
1788524155.5979319,100.0457555433136,0.0,0.7783829681658568,,10.196971591842003,0.0034623146057128906
1788524155.698856,100.10818119481496,0.0,0.5483388624762743,,10.134557251758363,0.0025382041931152344
1788524155.7972937,100.17090039115801,0.0,0.4,,10.071849568917171,0.0026209354400634766
1788524155.8975768,100.22885607495266,0.0,0.0,,10.013904658521714,0.0023920536041259766
