stamp_ns,robot_x,robot_y,robot_yaw,cmd_v,cmd_w,scan_min,front_min,left_min,right_min,hard_negative
24600000000,0.00024015272151283427,2.1653908898724404e-08,0.00014245994926444255,0.030988777056336403,0.0071229999884963036,0.9525095224380493,2.734717607498169,2.728844165802002,nan,0
24800000000,0.009683737512504289,1.9858151200277537e-05,0.006080546592602632,0.050132665783166885,0.07185015082359314,0.8447489142417908,0.9568398594856262,2.6876838207244873,nan,0
25000000000,0.010456729703616467,-1.0968281813239395e-05,0.02421249188781366,-0.055675752460956573,0.09534168243408203,0.7659400105476379,0.7772508859634399,nan,nan,0
25200000000,-0.0054386728607939494,-0.0005447578949612079,0.03996491051592446,-0.10228372365236282,0.05438078194856644,0.7128230333328247,0.7128230333328247,nan,nan,0
25400000000,-0.027437348204572914,-0.0014730079455000298,0.03403890231860709,-0.09974843263626099,-0.20678368210792542,0.6798978447914124,0.6798978447914124,nan,nan,1
25600000000,-0.047436312911135946,-0.0016412698291501688,-0.018519140302919568,-0.09999991208314896,-0.26118916273117065,0.6717907786369324,0.6717907786369324,nan,nan,1
25800000000,-0.06542341576170417,-0.0009873900777105542,-0.04927516348860169,-0.09999983757734299,-0.08966983109712601,0.7006203532218933,0.7006203532218933,nan,nan,0
26000000000,-0.08539073616933608,0.0001528676366367445,-0.06306185941167229,-0.09999999403953552,-0.03694044053554535,0.7369458675384521,0.7369458675384521,nan,nan,0
26200000000,-0.10534959348620336,0.0014346895509324263,-0.06010452008183778,-0.09944640845060349,0.13965415954589844,0.7966590523719788,0.7966590523719788,0.8595418930053711,nan,0
26400000000,-0.12473168440624355,0.0022475062874589046,-0.017008336504983415,-0.09251774102449417,0.32648995518684387,0.8681771755218506,0.8681771755218506,0.8780660629272461,nan,0
26600000000,-0.14410012354270577,0.0018629984638577142,0.05851354031960834,-0.1003950908780098,0.39751937985420227,0.9684777855873108,0.9701400995254517,0.9684777855873108,nan,0
26800000000,-0.16358017967840927,-8.802164435196328e-05,0.14599240155253504,-0.08301763236522675,0.4946911036968231,1.0669968128204346,1.0669968128204346,1.0711538791656494,nan,0
27000000000,-0.17910797578936585,-0.003228283443088924,0.2652941104348838,-0.057409364730119705,0.5965288281440735,1.1669402122497559,1.1669402122497559,1.1858365535736084,nan,0
27200000000,-0.18703685181327573,-0.005879799727086921,0.3887299197537836,-0.040109727531671524,0.6425862908363342,1.2868019342422485,1.2868019342422485,1.3318089246749878,nan,0
27400000000,-0.1910921623416551,-0.007773564264738354,0.5053687016961902,-0.008143719285726547,0.6626789569854736,1.3920295238494873,1.3920295238494873,nan,nan,0
27600000000,-0.1918191361039351,-0.008196159942560382,0.6549643530577809,0.007855374366044998,0.6979110240936279,1.5202054977416992,1.5202054977416992,2.84061336517334,nan,0
27800000000,-0.1894737220226134,-0.006060170329073142,0.7787560199085185,0.04725941643118858,0.6778174638748169,1.6385301351547241,1.6385301351547241,2.397310733795166,nan,0
28000000000,-0.18140713690849877,0.0031796308670163,0.915177710410486,0.0730106383562088,0.6752416491508484,1.6778185367584229,1.7487854957580566,2.150980234146118,nan,0
28200000000,-0.1724067288257951,0.016713449678045153,1.0480917525452433,0.08652057498693466,0.658191442489624,1.685689926147461,1.8578237295150757,1.9694162607192993,nan,0
28400000000,-0.16435993629722162,0.03316139918905921,1.1791080079773304,0.10064880549907684,0.6434379816055298,1.6814581155776978,1.9643738269805908,1.8535370826721191,nan,0
28600000000,-0.15745400637971996,0.0535508965078248,1.3038669160662115,0.11915276199579239,0.5982447266578674,1.7015591859817505,2.082270622253418,1.7948437929153442,nan,0
28800000000,-0.1521973003503654,0.07869461408291129,1.4198380591187785,0.14421114325523376,0.5495335459709167,1.7049925327301025,2.191049575805664,1.7401245832443237,nan,0
29000000000,-0.14922220835664937,0.10946461647300179,1.5236609424258987,0.16915634274482727,0.4805099666118622,1.7112492322921753,2.2788302898406982,1.7112492322921753,nan,0
29200000000,-0.1492248890528221,0.14436354533076845,1.6153117089341593,0.18318554759025574,0.41023048758506775,1.7345399856567383,2.383735418319702,1.7345399856567383,nan,0
29400000000,-0.15286890030565556,0.1858660498650697,1.6967177645180769,0.20039694011211395,0.3219750225543976,1.7223551273345947,2.4895803928375244,1.7223551273345947,nan,0
29600000000,-0.159363550960731,0.22724750716862868,1.7518153188324628,0.22460050880908966,0.23072852194309235,1.7250043153762817,2.594937324523926,1.7250043153762817,nan,0
29800000000,-0.16712702692844678,0.26567827582404413,1.7888736625718915,0.15498536825180054,0.22836953401565552,1.718656301498413,2.602678060531616,1.718656301498413,nan,0
30000000000,-0.17160611371246343,0.28421285148598574,1.843051600327214,0.028641600161790848,0.3385745882987976,1.7166517972946167,2.443512439727783,1.7166517972946167,nan,0
30200000000,-0.17180645256458418,0.2850605503141422,1.929534752783595,-0.012393197976052761,0.4551422595977783,1.704885721206665,2.2768747806549072,1.704885721206665,nan,0
30400000000,-0.17097699039174172,0.2831461415752319,2.033064321768069,-0.01594063639640808,0.5834278464317322,1.706905722618103,2.127568006515503,1.706905722618103,nan,0
30600000000,-0.16909068036152544,0.27983019715892343,2.1454108480997127,-0.022412916645407677,0.6771945953369141,1.7077234983444214,1.9475367069244385,1.7077234983444214,nan,0
30800000000,-0.1663842749259373,0.2762260207233639,2.2871505040079496,-0.01779250055551529,0.7713351845741272,1.732106328010559,1.8764675855636597,1.732106328010559,nan,0
31000000000,-0.16357788760975694,0.2735559390626822,2.4659139724931616,-0.023832576349377632,0.8590041399002075,1.7271994352340698,1.7619930505752563,1.7271994352340698,nan,0
31200000000,-0.16108785598172268,0.2718098969579701,2.6437479860478086,-0.0016747063491493464,0.9198248982429504,1.7511858940124512,1.7511858940124512,1.7563711404800415,nan,0
31400000000,-0.16163011991322132,0.2720238766625829,2.8113589349364694,0.0031916911248117685,0.9512084722518921,1.756040096282959,1.756040096282959,1.785759449005127,nan,0
31600000000,-0.16305693592536205,0.2723223490666303,3.0038359909855594,0.019667401909828186,0.9885175228118896,1.7488021850585938,1.7488021850585938,1.9037693738937378,nan,0
31800000000,-0.16791480793238606,0.2724526253817839,-3.0800947007556427,0.038904089480638504,0.9881991744041443,1.7423796653747559,1.7423796653747559,2.118704319000244,nan,0
32000000000,-0.17783242645078504,0.2707937351570771,-2.8851373660274318,0.06372114270925522,0.9514697790145874,1.7382502555847168,1.7382502555847168,2.4760777950286865,nan,0
32200000000,-0.19132438368199375,0.265779401834067,-2.6995368123506704,0.08433688431978226,0.8995233178138733,1.7281758785247803,1.734336495399475,3.05220890045166,nan,0
32400000000,-0.20757383198282825,0.25611689935056314,-2.522035930220027,0.11377519369125366,0.8566919565200806,1.7082189321517944,1.7335284948349,nan,nan,0
32600000000,-0.22381414017483803,0.24235215386203063,-2.35216053755578,0.10003334283828735,0.8361655473709106,1.6854603290557861,1.762257695198059,nan,nan,0
32800000000,-0.23715654882902576,0.22637508352599348,-2.1864256946765686,0.11257829517126083,0.8078924417495728,1.6756983995437622,1.8717325925827026,nan,nan,0
33000000000,-0.250361003438938,0.20399453383384725,-2.0321236206492266,0.14977973699569702,0.7134409546852112,1.650524377822876,2.016892671585083,nan,nan,0
33200000000,-0.2623707557502419,0.17486391142456478,-1.896965285569085,0.16289880871772766,0.6191210746765137,1.6435999870300293,2.2288317680358887,nan,nan,0
33400000000,-0.2711828886110694,0.14249500109434585,-1.7806546200777966,0.17777271568775177,0.5259165167808533,1.6227760314941406,2.4658091068267822,nan,nan,0
33600000000,-0.27689909455294426,0.10692439947912766,-1.6827277719331009,0.17481321096420288,0.4329358637332916,1.6173981428146362,2.7927145957946777,nan,nan,0
33800000000,-0.27937427308605634,0.07189650460873229,-1.6038306594090677,0.18955132365226746,0.3287692666053772,1.6170928478240967,3.1616153717041016,nan,nan,0
34000000000,-0.2795007066030957,0.03434586470609415,-1.5490989264495885,0.18661554157733917,0.19183623790740967,1.5976425409317017,3.5,nan,nan,0
34200000000,-0.27806879053517325,-0.0033374817656879902,-1.520240711704638,0.18838860094547272,0.07893631607294083,1.6078009605407715,nan,nan,nan,0
34400000000,-0.27590516232867146,-0.04182821161618439,-1.5118443332992861,0.19454218447208405,-0.005499564111232758,1.599072813987732,nan,nan,nan,0
34600000000,-0.27366502038169693,-0.08092376441835229,-1.516542597938262,0.19962844252586365,-0.048498496413230896,1.6109930276870728,nan,nan,nan,0
34800000000,-0.2717267855667944,-0.12092534476770704,-1.5290936098587298,0.19973540306091309,-0.06920423358678818,1.6159307956695557,nan,nan,nan,0
35000000000,-0.27031897678766986,-0.1614404820954564,-1.5427954239460715,0.20135298371315002,-0.06799978017807007,1.6084949970245361,nan,nan,nan,0
35200000000,-0.2694695899419866,-0.20217113588400404,-1.5573815270102416,0.20653827488422394,-0.08866439759731293,1.6339954137802124,3.4783124923706055,nan,nan,0
35400000000,-0.26928131906851,-0.24332387548261936,-1.5751027180420876,0.20018474757671356,-0.08523008227348328,1.563480019569397,3.385467767715454,nan,nan,0
35600000000,-0.26979625733847656,-0.2841368604726545,-1.590836804547537,0.2061293125152588,-0.06536610424518585,1.4835537672042847,3.2592906951904297,nan,nan,0
35800000000,-0.2708849385767291,-0.3257928227695863,-1.6019589558599932,0.20940068364143372,-0.04268088564276695,1.4039047956466675,3.2209970951080322,nan,nan,0
36000000000,-0.2723555779919353,-0.36711810980971954,-1.610642773958842,0.2114952951669693,-0.04477924853563309,1.3122227191925049,3.184562921524048,nan,nan,0
36200000000,-0.27423382883784,-0.40990217125378603,-1.6181250151453637,0.21450045704841614,-0.024078812450170517,1.2617833614349365,3.1327085494995117,nan,nan,0
36400000000,-0.27635931082907617,-0.45329317645884104,-1.6201886486660357,0.2240833342075348,0.0061393119394779205,1.1872597932815552,3.1040291786193848,3.438257932662964,nan,0
36600000000,-0.2784197784146946,-0.49669353824475765,-1.6146147815814527,0.21169044077396393,0.04211140796542168,1.1274908781051636,3.1327388286590576,3.3360304832458496,nan,0
36800000000,-0.2800816489834447,-0.538830634521014,-1.6051865006626658,0.2024572491645813,0.04433342441916466,1.075097918510437,3.1903765201568604,3.24068284034729,nan,0
37000000000,-0.2813090296067584,-0.5793347606069672,-1.5977228124890677,0.2052931785583496,0.019598275423049927,1.0253068208694458,3.212311267852783,3.1455719470977783,nan,0
37200000000,-0.2823723579176826,-0.6216338711108671,-1.5946275840564452,0.21958844363689423,0.006580711808055639,0.9751909971237183,3.2314932346343994,3.0599253177642822,nan,0
37400000000,-0.2835180682705197,-0.671022285891877,-1.5930463071332661,0.22735068202018738,0.021358352154493332,0.9353938102722168,3.234360933303833,2.9713125228881836,nan,0
37600000000,-0.2843317085490987,-0.711989610196472,-1.5878149210926404,0.23196062445640564,0.031116699799895287,0.9145486950874329,3.292820692062378,2.8914945125579834,nan,0
37800000000,-0.2849772208565703,-0.7588648354104999,-1.5810267059764262,0.24050547182559967,0.04585922136902809,0.8826661109924316,3.32708477973938,2.835500478744507,nan,0
38000000000,-0.28524503612166807,-0.8067444250495032,-1.5717429907224487,0.23584821820259094,0.04697815701365471,0.8727906346321106,3.3550939559936523,0.8998152017593384,nan,0
38200000000,-0.28507809646794624,-0.8550394613806767,-1.5637299730484895,0.24175189435482025,0.027838610112667084,0.8707833290100098,3.424515724182129,0.8707833290100098,nan,0
38400000000,-0.2846263990229371,-0.9034099427137399,-1.5602420054281956,0.24885298311710358,0.00014838745119050145,0.8553538918495178,3.450040340423584,0.8553538918495178,nan,0
38600000000,-0.284109610577864,-0.9534272270218803,-1.560934764333312,0.25137272477149963,-0.005010061897337437,0.8798877000808716,3.4458937644958496,0.8798877000808716,nan,0
38800000000,-0.2836260459781309,-1.0042749753570517,-1.5609900913624013,0.2523261606693268,0.013227131217718124,0.9022640585899353,3.4383623600006104,0.9022640585899353,nan,0
39000000000,-0.2830620063768632,-1.054111751911225,-1.5578665464813837,0.24899879097938538,0.00635572848841548,0.9256808161735535,3.4637699127197266,0.9256808161735535,nan,0
39200000000,-0.28244311254331517,-1.1039598639200998,-1.5609433799221137,0.25398874282836914,-0.04485901817679405,0.9605034589767456,3.4589879512786865,0.9605034589767456,nan,0
39400000000,-0.2821875121899414,-1.1552070837622859,-1.5706098473367098,0.2562762498855591,-0.0388387031853199,0.9892707467079163,3.4035279750823975,0.9892707467079163,nan,0
39600000000,-0.2823504843145037,-1.2054448410766234,-1.5766854808719162,0.2407791018486023,-0.016649574041366577,1.0525821447372437,3.3515079021453857,1.0525821447372437,nan,0
39800000000,-0.28268106452801695,-1.2528828524884192,-1.5778601258123088,0.23010298609733582,0.007581258658319712,1.092523217201233,3.3484792709350586,1.092523217201233,nan,0
40000000000,-0.28297232572958253,-1.2983579160949794,-1.5763010118657592,0.2285919487476349,-0.0033357064239680767,1.1579437255859375,3.355377197265625,1.1579437255859375,nan,0
40200000000,-0.2832992663544966,-1.3452500887819496,-1.5807978913093268,0.23862405121326447,-0.0592481754720211,1.2061498165130615,3.3395209312438965,1.2061498165130615,nan,0
40400000000,-0.28407668450936757,-1.3929054960196687,-1.5940355476886536,0.230881929397583,-0.07973365485668182,1.2909966707229614,3.257446050643921,1.2909966707229614,nan,0
40600000000,-0.2855522505123194,-1.4394296105327973,-1.6115097592796794,0.2346166968345642,-0.0994897112250328,1.367266058921814,3.169907569885254,1.367266058921814,nan,0
40800000000,-0.287906830130622,-1.485851839383922,-1.6320580281980261,0.2330419272184372,-0.10006265342235565,1.4223207235336304,3.0414021015167236,1.4223207235336304,nan,0
41000000000,-0.2912283574498377,-1.5326159644415276,-1.6510901457614797,0.24082016944885254,-0.0745454728603363,1.5122190713882446,2.9727909564971924,1.5122190713882446,nan,0
41200000000,-0.29545653139580774,-1.581134107688049,-1.6632401881337429,0.24979113042354584,-0.03857596218585968,1.5894852876663208,2.911569118499756,1.5894852876663208,nan,0
41400000000,-0.3002352095863965,-1.6308790769567816,-1.6689056812975012,0.2471623718738556,-0.008371417410671711,1.5943552255630493,2.8425869941711426,1.6480637788772583,nan,0
41600000000,-0.3050056622357595,-1.6795678458866488,-1.6665040335724932,0.23934480547904968,0.03718132525682449,1.5982837677001953,2.851416826248169,1.7390073537826538,nan,0
41800000000,-0.30931553849948484,-1.726361592781827,-1.6584776996099344,0.2364083230495453,0.04655855521559715,1.5928999185562134,2.9112548828125,1.8258981704711914,nan,0
42000000000,-0.313171425694345,-1.7726790117763087,-1.6490506366674478,0.23396036028862,0.041325896978378296,1.594612717628479,2.916513681411743,1.9098623991012573,nan,0
42200000000,-0.3166479546306322,-1.8192173803699272,-1.6421954296123515,0.23627978563308716,0.022398244589567184,1.5804555416107178,2.1317687034606934,1.9927235841751099,nan,0
42400000000,-0.3199545235899049,-1.867002557171658,-1.6373789502981657,0.243772491812706,0.03216526284813881,1.5780872106552124,2.1353423595428467,2.082787275314331,nan,0
42600000000,-0.32298570415116057,-1.915071138614976,-1.62931358391284,0.23474253714084625,0.05212290585041046,1.5764243602752686,2.1716389656066895,2.151583433151245,nan,0
42800000000,-0.3254574274766599,-1.9615753154466897,-1.6180786136408296,0.23214773833751678,0.06690815836191177,1.5784801244735718,2.166727066040039,2.1621811389923096,nan,0
43000000000,-0.32731054837166207,-2.0073420290014936,-1.6036941809609504,0.22184553742408752,0.087143674492836,1.5710597038269043,2.0215539932250977,1.9943468570709229,nan,0
43200000000,-0.328380505792133,-2.051832436783326,-1.5867476916309493,0.2316816747188568,0.07101766020059586,1.5738158226013184,1.9461463689804077,1.829681634902954,nan,0
43400000000,-0.3288261251380099,-2.0990733585878623,-1.5746438802687523,0.23539012670516968,0.04772735759615898,1.5807530879974365,2.8126230239868164,1.6739715337753296,nan,0
43600000000,-0.32881705001922723,-2.1455771520389155,-1.5670462502179503,0.23583504557609558,0.02777310088276863,1.5261039733886719,2.7597827911376953,1.5261039733886719,nan,0
43800000000,-0.32848211113541553,-2.1938099617295,-1.5608126102206776,0.24819956719875336,0.026969466358423233,1.3798012733459473,2.711527109146118,1.3798012733459473,nan,0
44000000000,-0.3278638901581823,-2.2436117532192013,-1.5557801822163961,0.24421918392181396,0.02754814922809601,1.2473615407943726,2.673492193222046,1.2473615407943726,nan,0
44200000000,-0.3270055472647679,-2.2920967586344037,-1.5509456313961245,0.2397083342075348,0.022843781858682632,1.1317089796066284,2.6166908740997314,1.1317089796066284,nan,0
44400000000,-0.3259614507377986,-2.340223508729747,-1.5480036075165533,0.23662732541561127,-0.0007231230847537518,1.0349438190460205,2.5703752040863037,1.0349438190460205,nan,0
44600000000,-0.3248920529774257,-2.3874052790572087,-1.5485714254997265,0.23935209214687347,-0.013939392752945423,0.9465033411979675,2.520395517349243,0.9465033411979675,nan,0
44800000000,-0.3238775854602427,-2.4358104825450404,-1.5506971342607427,0.2530263662338257,-0.004081048537045717,0.9038125276565552,2.4747376441955566,0.9038125276565552,nan,0
45000000000,-0.3229098316294894,-2.4863030861960205,-1.5527801787959343,0.2569662928581238,-0.017396079376339912,0.892655611038208,2.4242401123046875,0.892655611038208,nan,0
45200000000,-0.3220524345171322,-2.537803077548835,-1.5551535532562242,0.2535759210586548,-0.016287382692098618,0.9269234538078308,2.3742661476135254,2.811894655227661,nan,0
45400000000,-0.32138352872822173,-2.5877818488696755,-1.5604407645539422,0.24727408587932587,-0.03970024362206459,0.968023419380188,2.3050146102905273,2.728973150253296,nan,0
45600000000,-0.32113612092354005,-2.6369139351275463,-1.572702024106288,0.25005269050598145,-0.0698910802602768,1.0427210330963135,2.2586915493011475,2.6486778259277344,nan,0
45800000000,-0.3215523572571356,-2.6877638567493447,-1.5843177824781325,0.25791412591934204,-0.04545366391539574,1.1562484502792358,2.2249860763549805,2.5755972862243652,nan,0
46000000000,-0.32248456758910743,-2.7398048835789353,-1.5928927148278826,0.25599178671836853,-0.033312223851680756,1.2778642177581787,2.1763203144073486,2.4958436489105225,nan,0
46200000000,-0.32375180637537804,-2.79066692505055,-1.59766387941444,0.2522552013397217,-0.006462275981903076,1.4220588207244873,2.1114096641540527,2.4210407733917236,nan,0
46400000000,-0.32512931944901113,-2.8412295699668917,-1.5980420761622451,0.255572646856308,0.011303731240332127,1.5697143077850342,2.0657403469085693,2.3843777179718018,nan,0
46600000000,-0.3264133281049114,-2.892017529948584,-1.592704751238665,0.2521527111530304,0.048878028988838196,1.5890241861343384,2.009751319885254,2.3350424766540527,nan,0
46800000000,-0.32723443002339625,-2.9427372331788924,-1.5804447471337193,0.2541098892688751,0.08627667278051376,1.5836143493652344,1.9571551084518433,2.30678653717041,nan,0
47000000000,-0.32724607344550305,-2.9937477071908654,-1.5607727357942809,0.24689839780330658,0.1063927710056305,1.5838991403579712,1.9073071479797363,2.2661657333374023,nan,0
47200000000,-0.3262223973791485,-3.0431893139177126,-1.5396276677498257,0.2485102415084839,0.10558737814426422,1.576595425605774,1.8704898357391357,2.2282145023345947,nan,0
47400000000,-0.3241488922341309,-3.0930652417510927,-1.5193604173773771,0.25162777304649353,0.10257546603679657,1.5770801305770874,1.8018548488616943,2.190661907196045,nan,0
47600000000,-0.32104427125088825,-3.1432542979015463,-1.4985552727703566,0.24584536254405975,0.10889153927564621,1.5888363122940063,1.7739406824111938,2.170559883117676,nan,0
47800000000,-0.31695558405625784,-3.192211694853212,-1.4762375940570411,0.23773273825645447,0.11055480688810349,1.5836458206176758,1.7071508169174194,2.136829137802124,nan,0
48000000000,-0.3119045675991606,-3.239509409889217,-1.451688833692428,0.23412439227104187,0.1314755380153656,1.5852618217468262,1.669415831565857,2.125797986984253,nan,0
48200000000,-0.3058001916192504,-3.285411014840026,-1.4252952176174194,0.2309793084859848,0.14455817639827728,1.59772789478302,1.6157149076461792,2.1082756519317627,nan,0
48400000000,-0.2985017181108248,-3.3305169587913044,-1.3940892183843945,0.23017996549606323,0.18053829669952393,1.5771657228469849,1.5771657228469849,2.120415210723877,nan,0
48600000000,-0.2896948286164291,-3.375090221077033,-1.356384831692844,0.2199416160583496,0.1967766433954239,1.5370019674301147,1.5370019674301147,2.1214070320129395,nan,0
48800000000,-0.2794333181436793,-3.4180969604287426,-1.3164570580895651,0.22012630105018616,0.21116171777248383,1.4880013465881348,1.4880013465881348,2.1116552352905273,nan,0
49000000000,-0.2674071321895467,-3.460577684828821,-1.2730679595511192,0.2232550084590912,0.22280117869377136,1.4500409364700317,1.4500409364700317,2.0164897441864014,nan,0
49200000000,-0.2538168904161369,-3.501620358813095,-1.2284292948426754,0.20774278044700623,0.23037412762641907,1.399840235710144,1.399840235710144,1.9070048332214355,nan,0
49400000000,-0.24275976293165846,-3.530475703106148,-1.168544231660013,0.09432955086231232,0.377265989780426,1.3812299966812134,1.3812299966812134,1.8122954368591309,nan,0
49600000000,-0.23590741000740326,-3.5450413536890806,-1.0856549771700872,0.0715961754322052,0.4401388168334961,1.361206293106079,1.3669294118881226,1.7113621234893799,nan,0
49800000000,-0.2279258526808583,-3.55866369471033,-1.0003442998985812,0.08707652240991592,0.399233877658844,1.348584771156311,1.3672103881835938,1.602143406867981,nan,0
50000000000,-0.21792484482939858,-3.5729964628110564,-0.9239339223964749,0.09253623336553574,0.35699760913848877,1.327936053276062,1.3579431772232056,1.5107866525650024,nan,0
50200000000,-0.20588210600491932,-3.587828581061396,-0.8573354485420117,0.10203959047794342,0.28783804178237915,1.3219693899154663,1.3626409769058228,1.4155372381210327,nan,0
50400000000,-0.19189375087363567,-3.603110221220444,-0.804135806526355,0.10050295293331146,0.2157878875732422,1.2830164432525635,1.357120394706726,1.3197120428085327,nan,0
50600000000,-0.17784229952059,-3.6171108394925464,-0.7647302781857992,0.09501025080680847,0.15360704064369202,1.2172013521194458,1.3542978763580322,1.2172013521194458,nan,0
50800000000,-0.1641537207594661,-3.6298789893618157,-0.7380181280527832,0.09700203686952591,0.106082022190094,1.0982747077941895,1.3603895902633667,1.0982747077941895,nan,0
51000000000,-0.15060024132444075,-3.6419759838655357,-0.7204156318241426,0.07909713685512543,0.05538499355316162,1.0238395929336548,1.3544293642044067,1.0238395929336548,nan,0
51200000000,-0.13917394316948548,-3.651924904861229,-0.7137399635319934,0.06969180703163147,0.008886299096047878,0.9369977712631226,1.3515369892120361,0.9369977712631226,nan,0
51400000000,-0.12768194276757786,-3.6618957353694386,-0.7178172250869912,0.08825801312923431,-0.07776801288127899,0.9341760873794556,1.3317145109176636,0.9341760873794556,nan,0
51600000000,-0.11448952880563665,-3.6736523028464623,-0.7408303942503489,0.08862459659576416,-0.1623416692018509,1.0156896114349365,1.3173781633377075,1.0156896114349365,nan,0
51800000000,-0.10084308655590406,-3.686579559922389,-0.7745679474799243,0.11324502527713776,-0.14273397624492645,1.106803297996521,1.2840744256973267,1.106803297996521,nan,0
52000000000,-0.08371391736193676,-3.703825972578073,-0.8018909809766106,0.12935148179531097,-0.1196078360080719,1.1819205284118652,1.2480051517486572,1.1819205284118652,nan,0
52200000000,-0.06618506493852733,-3.722353401350926,-0.8235338087918954,0.12152910977602005,-0.10284700244665146,1.1759474277496338,1.2120161056518555,1.2549331188201904,nan,0
52400000000,-0.049926567792449514,-3.7402708491896632,-0.844129681808208,0.12139909714460373,-0.10169858485460281,1.1671552658081055,1.2027530670166016,1.3211848735809326,nan,0
52600000000,-0.03213490433552827,-3.7607410753292045,-0.8661405856939973,0.12124638259410858,-0.09854854643344879,1.158339023590088,1.1852748394012451,1.425134301185608,nan,0
52800000000,-0.01833253850952513,-3.7772552675044353,-0.8832873007783165,0.1107969805598259,-0.08548764139413834,1.1300057172775269,1.1586352586746216,1.508829951286316,nan,0
53000000000,-0.004284886397608121,-3.794641331893101,-0.8973067449579272,0.11445566266775131,-0.03274722769856453,1.1144280433654785,1.1342641115188599,1.5853337049484253,nan,0
53200000000,0.010239433814287054,-3.812920711398254,-0.8993613800855482,0.11784346401691437,0.036437250673770905,1.0916650295257568,1.1155015230178833,1.6708059310913086,nan,0
53400000000,0.02462616360410158,-3.8308610853405054,-0.8890589271655325,0.11115678399801254,0.07699102908372879,1.0807311534881592,1.0973739624023438,1.7629622220993042,nan,0
53600000000,0.040117627197160784,-3.84959571963951,-0.8696079431290944,0.10806532949209213,0.10374393314123154,1.066175937652588,1.0814985036849976,1.840498685836792,nan,0
53800000000,0.05307501675911521,-3.8646078054497686,-0.8460489328151514,0.11190555989742279,0.17542175948619843,1.0294482707977295,1.069484829902649,1.8289339542388916,nan,0
54000000000,0.06723290475685345,-3.8799982230200953,-0.8042550570364224,0.09346465021371841,0.2530660331249237,1.016514778137207,1.0620172023773193,1.7235575914382935,nan,0
54200000000,0.08116694426986239,-3.8937062435155365,-0.7487142665996926,0.09733367711305618,0.31063616275787354,1.0099676847457886,1.0773646831512451,1.6053225994110107,nan,0
54400000000,0.09571764309753329,-3.9063624593031676,-0.681655259420648,0.10676811635494232,0.3649269938468933,1.0056418180465698,1.08550226688385,1.5320188999176025,nan,0
54600000000,0.11281496565948819,-3.9191978870488464,-0.6056575699368064,0.12030103802680969,0.4020760655403137,0.9798929691314697,1.1269848346710205,1.42420494556427,nan,0
54800000000,0.13374650647098704,-3.9324620100066023,-0.5236489467440218,0.12360121309757233,0.4292451739311218,0.9701213836669922,1.1399376392364502,1.306880235671997,nan,0
55000000000,0.15593082280517773,-3.9440075907548873,-0.4359530618246795,0.13110028207302094,0.44421064853668213,0.9534663558006287,1.2128534317016602,1.2130769491195679,nan,0
55200000000,0.179967642012538,-3.953947601708208,-0.3475836251648963,0.12329171597957611,0.43798625469207764,0.9427559971809387,1.0922722816467285,1.118078589439392,nan,0
55400000000,0.20130388253125986,-3.960698504345976,-0.26151449550847006,0.09658286720514297,0.41525202989578247,0.9329633116722107,0.9933041930198669,1.0459500551223755,nan,0
55600000000,0.21687896229706358,-3.9642812984592832,-0.18444449983221947,0.050046391785144806,0.35626915097236633,0.9029931426048279,0.9029931426048279,1.0145375728607178,nan,0
55800000000,0.22348731513191739,-3.965331678638955,-0.11542055512686235,0.003860269207507372,0.3179413378238678,0.8061450719833374,0.8061450719833374,nan,nan,0
56000000000,0.2144764531797004,-3.9647388088456923,-0.05224589889214862,-0.11016426235437393,0.29017093777656555,0.7375826835632324,0.7375826835632324,nan,nan,0
56200000000,0.19370750177984694,-3.964210619850808,2.9367210394792163e-05,-0.09957180917263031,0.22624272108078003,0.656765341758728,0.656765341758728,nan,nan,1
56400000000,0.17374524081159087,-3.9646461287442403,0.0430164824742316,-0.10002157837152481,0.19009797275066376,0.5908507108688354,0.5908507108688354,nan,nan,1
56600000000,0.15377559513088832,-3.965887992787086,0.08140439570110103,-0.10002543777227402,0.1854202300310135,0.5398395657539368,0.5398395657539368,nan,nan,1
56800000000,0.13437409557126798,-3.9678128039047285,0.11595097877569825,-0.09509531408548355,0.1660539209842682,0.4659620225429535,0.4659620225429535,nan,nan,1
57000000000,0.11500748280483997,-3.970394692573816,0.14874520147129708,-0.1003691628575325,0.16897602379322052,0.4119246006011963,0.4119246006011963,0.5277522206306458,nan,1
57200000000,0.09526086140998971,-3.973705068059414,0.18377944330788207,-0.09998824447393417,0.17239752411842346,0.34031838178634644,0.34031838178634644,0.4078347682952881,nan,1
57400000000,0.07566924753700385,-3.9777163456904634,0.2210797185081776,-0.10000069439411163,0.17855744063854218,0.28458458185195923,0.28458458185195923,0.32158809900283813,nan,1
57600000000,0.05623371195859196,-3.9824308508615176,0.2531434384150291,-0.09999997913837433,0.07564491033554077,0.21951816976070404,0.21951816976070404,0.2477821260690689,nan,1
57800000000,0.03688128796780076,-3.987478893013799,0.2528268266387126,-0.10000000149011612,-0.11479103565216064,0.1749671995639801,0.1749671995639801,0.17951445281505585,nan,1
58000000000,0.017602415587620164,-3.9922011399752484,0.22828575155682948,-0.08885157108306885,0.052009716629981995,0.12618589401245117,0.12618589401245117,0.12769566476345062,nan,1
58200000000,-0.0012296714754314658,-3.9967705189887215,0.25076742529791196,-0.10026942938566208,0.14014655351638794,0.11999999731779099,0.11999999731779099,0.11999999731779099,nan,1
58400000000,-0.020557241456115226,-4.001984660804769,0.2764240065096091,-0.09998061507940292,0.23324817419052124,0.12528850138187408,0.12528850138187408,0.1308397501707077,nan,1
58600000000,-0.03968538317707767,-4.007818288547643,0.31434705399639623,-0.09584959596395493,0.24375088512897491,0.22170692682266235,0.22170692682266235,0.2253721058368683,nan,1
58800000000,-0.05820242173668616,-4.014288310119787,0.35742449020438627,-0.09961173683404922,0.34331515431404114,0.3042353391647339,0.3042353391647339,0.3628133237361908,nan,1
59000000000,-0.07478767235307317,-4.02114685705327,0.4270117103341266,-0.10309607535600662,0.14949849247932434,0.4026733934879303,0.4026733934879303,nan,nan,1
59200000000,-0.09303669221271609,-4.0298684399861155,0.47242019296844956,-0.0999385192990303,0.41131189465522766,0.5020979642868042,0.5020979642868042,nan,nan,1
59400000000,-0.11046941010043412,-4.039647083188793,0.5418022925655854,-0.1000068336725235,0.26404520869255066,0.6014570593833923,0.6014570593833923,nan,nan,1
59600000000,-0.1273690004945828,-4.050341440501106,0.579441366309832,-0.0999998226761818,0.08911149203777313,0.7079147696495056,0.7079147696495056,3.242896318435669,nan,0
59800000000,-0.14405664366070725,-4.0613651064616105,0.5850246619520759,-0.10000001639127731,0.045855555683374405,0.8058401346206665,0.8177990913391113,3.1809864044189453,nan,0
60000000000,-0.16066856462238868,-4.0725023576013495,0.5984304159824754,-0.10000000149011612,0.05067269504070282,0.7898923754692078,0.9157304763793945,3.062493085861206,nan,0
60200000000,-0.17710385729748454,-4.083898447099506,0.6146287112754629,-0.10000000149011612,0.026107143610715866,0.7858183979988098,1.0200165510177612,2.9580090045928955,nan,0
60400000000,-0.1934620655201953,-4.095405199085036,0.6061816351017356,-0.10000000149011612,-0.095014788210392,0.767188310623169,1.1207497119903564,2.9696664810180664,nan,0
60600000000,-0.21001408945403066,-4.106630910191137,0.5868897994106381,-0.10000000149011612,-0.0947980284690857,0.7502802014350891,1.2142771482467651,3.0152549743652344,nan,0
60800000000,-0.22677150266977258,-4.117547740657928,0.5683042187515644,-0.10000000149011612,-0.08086360991001129,0.7529270648956299,1.3277791738510132,3.0823585987091064,nan,0
61000000000,-0.24369940296939474,-4.12819863138198,0.5562004094027021,-0.10000000149011612,-0.033720288425683975,0.7386267185211182,1.4318187236785889,3.114759683609009,nan,0
61200000000,-0.2607086843657434,-4.138719276734489,0.5529054918827556,-0.10000000149011612,0.011770859360694885,0.7344200015068054,1.5386213064193726,3.074449300765991,nan,0
61400000000,-0.2777092611135072,-4.149253964862816,0.5575205845284319,-0.10000000149011612,0.03466152027249336,0.7173131108283997,1.6417196989059448,2.963562250137329,nan,0
61600000000,-0.2946350328590348,-4.159908315498012,0.567133531427747,-0.10000000149011612,0.07061371952295303,0.6995404362678528,1.7485111951828003,2.829951286315918,nan,0
61800000000,-0.3114223958609279,-4.170779202371896,0.5829255525261103,-0.10000000149011612,0.09197264909744263,0.6949554085731506,1.8530867099761963,2.7124555110931396,nan,0
62000000000,-0.32800970749941627,-4.181952700089273,0.6033179901567026,-0.10000000149011612,0.0996064618229866,0.6823575496673584,1.9588418006896973,2.6129910945892334,nan,0
62200000000,-0.34436587610023595,-4.193468292287345,0.6235163575706568,-0.09989729523658752,0.0945066586136818,0.6688827872276306,2.049870252609253,2.5093305110931396,nan,0
62400000000,-0.3602563945635588,-4.205118599136113,0.6413008724639606,-0.09683772176504135,0.082059346139431,0.6584145426750183,2.168860912322998,2.541879177093506,nan,0
62600000000,-0.37585831655967555,-4.216955250223161,0.6560669612194098,-0.10070643573999405,0.06781940162181854,0.6431264281272888,2.257235288619995,2.4833407402038574,nan,0
62800000000,-0.39158583496414395,-4.229229669029681,0.668853984165551,-0.09941761195659637,0.04664749279618263,0.6318930983543396,2.166761636734009,2.4195010662078857,nan,0
63000000000,-0.40687340057704796,-4.24141521352841,0.6763179833706986,-0.0882987380027771,0.016991181299090385,0.6158906817436218,2.0679714679718018,2.370131731033325,nan,0
63200000000,-0.417928368203526,-4.250309055296077,0.6786123730485911,-0.037413012236356735,0.004665316082537174,0.6080439686775208,1.959438443183899,2.334716320037842,nan,0
63400000000,-0.42039508628908334,-4.252299322841179,0.6785767165419477,0.04654993116855621,-0.014109610579907894,0.6148521304130554,1.844982385635376,2.319502592086792,nan,0
63600000000,-0.4110414859979078,-4.244802860116795,0.6720331256275791,0.07217685878276825,-0.06547052413225174,0.6124007701873779,1.724178671836853,2.3626701831817627,nan,0
63800000000,-0.3983062423467709,-4.234828520833692,0.6573980785490591,0.09928905218839645,-0.08710841834545135,0.6262362003326416,1.5938578844070435,2.4273345470428467,nan,0
64000000000,-0.380601270371003,-4.221446492167412,0.6374570524101261,0.13806262612342834,-0.1135365292429924,0.6348966360092163,1.4646443128585815,2.523345470428467,nan,0
64200000000,-0.35664836147998047,-4.204160007483989,0.6128240040081507,0.16096258163452148,-0.13152651488780975,0.6535707116127014,1.3335316181182861,2.6458115577697754,nan,0
64400000000,-0.3253506874224629,-4.1827966395309275,0.5890967822746089,0.26559412479400635,-0.089769646525383,0.6799154877662659,1.1975456476211548,2.8110265731811523,nan,0
64600000000,-0.2791829328527248,-4.152526195770564,0.573272455047349,0.3027268052101135,-0.059830255806446075,0.714389443397522,1.0762187242507935,2.93611216545105,nan,0
64800000000,-0.23357481566902435,-4.123332060444867,0.5713314189952896,0.20410291850566864,0.1184106171131134,0.7475181818008423,0.956456184387207,3.0794472694396973,nan,0
65000000000,-0.20531216072183348,-4.104612550250428,0.6054946881797052,0.08703804761171341,0.22787830233573914,0.7563514709472656,0.8764010071754456,2.980865955352783,nan,0
65200000000,-0.19529698756784009,-4.097329042009152,0.6629445892296209,0.046075303107500076,0.3005293011665344,0.7742483019828796,0.8183229565620422,2.7808120250701904,nan,0
65400000000,-0.18923374251873873,-4.092325011335294,0.7212366756446122,0.021901877596974373,0.27474263310432434,0.7641328573226929,0.8909009695053101,2.5965514183044434,nan,0
65600000000,-0.18687755381020005,-4.090159605027855,0.7732205958224625,-0.0011355973547324538,0.19340695440769196,0.768598735332489,0.8296492695808411,2.458033561706543,nan,0
65800000000,-0.1872355380730761,-4.090523293239559,0.7975548618335109,-0.0050139534287154675,0.021131891757249832,0.759854793548584,0.8442274332046509,2.4015696048736572,nan,0
66000000000,-0.18712929228354586,-4.090417237390988,0.7914424635909016,-0.002611099975183606,-0.11484299600124359,0.769786536693573,0.891228437423706,2.412175416946411,nan,0
66200000000,-0.18598363546367586,-4.089313286528678,0.7581479594408014,0.022698283195495605,-0.24972611665725708,0.7640875577926636,0.9641461372375488,2.4720571041107178,nan,0
66400000000,-0.18292665736328997,-4.0865703560284565,0.6995507119540034,0.017115261405706406,-0.3589954972267151,0.7784185409545898,1.0323598384857178,2.666374444961548,nan,0
66600000000,-0.18042368347905227,-4.084611908921813,0.6203107155003457,0.01196043286472559,-0.44338899850845337,0.7821540236473083,1.1231622695922852,2.945162534713745,nan,0
66800000000,-0.1789070113736141,-4.0836203490691965,0.5257834777019494,0.004246025811880827,-0.4957001209259033,0.7848578691482544,1.2258397340774536,3.4137840270996094,nan,0
67000000000,-0.17624137984903163,-4.082313739803416,0.4281143818036409,0.039857178926467896,-0.4694225490093231,0.7911702394485474,1.3210949897766113,1.3950533866882324,nan,0
67200000000,-0.16939512287705955,-4.0795503955222765,0.3346574480284834,0.033637356013059616,-0.4691324234008789,0.8011382222175598,1.4860230684280396,1.4355411529541016,nan,0
67400000000,-0.17266339804141684,-4.080254031290193,0.23958291519342348,-0.10228876024484634,-0.49233758449554443,0.7906904220581055,3.1318764686584473,1.5378119945526123,nan,0
67600000000,-0.18848356550367398,-4.083458813387857,0.1415994386258788,0.012536631897091866,-0.47368302941322327,0.7878923416137695,2.3006999492645264,1.6694761514663696,nan,0
67800000000,-0.18351489665566148,-4.0830511276351515,0.051417596746950116,0.041099805384874344,-0.415912926197052,0.8004206418991089,1.8623883724212646,1.7941288948059082,nan,0
68000000000,-0.17427815134753682,-4.0829608978942025,-0.02835689184447723,0.0487268790602684,-0.37657418847084045,0.8091941475868225,1.6200096607208252,1.9067306518554688,nan,0
68200000000,-0.16437630128253072,-4.0836083375775765,-0.10169647039537758,0.05182749405503273,-0.35169634222984314,0.8028275966644287,1.431044340133667,2.0425453186035156,nan,0
68400000000,-0.15430490008242861,-4.084984842900463,-0.16966225774601654,0.04198189452290535,-0.3198659420013428,0.8050107359886169,1.3161134719848633,2.1673386096954346,nan,0
68600000000,-0.14657454981293155,-4.086559109438259,-0.2334304905567406,0.0354151725769043,-0.310212641954422,0.8022197484970093,1.226294994354248,2.294428586959839,nan,0
68800000000,-0.14019846206664544,-4.088273596006645,-0.29461945909890136,0.022915920242667198,-0.29383307695388794,0.8061840534210205,1.127295970916748,2.4135613441467285,nan,0
69000000000,-0.13627693673724758,-4.089580434477594,-0.3518218719706206,0.017057787626981735,-0.26661622524261475,0.8043595552444458,1.083996057510376,2.5602869987487793,nan,0
69200000000,-0.13476404868663408,-4.090164774953714,-0.4037838278787717,0.00027056189719587564,-0.254652738571167,0.8155347108840942,1.0361533164978027,2.687562942504883,nan,0
69400000000,-0.14266100608365415,-4.086415017740173,-0.455687967157145,-0.10697813332080841,-0.2465653419494629,0.8113929033279419,1.0048679113388062,2.569845199584961,nan,0
69600000000,-0.16082489454371243,-4.076932637089134,-0.5093081251090734,-0.09978135675191879,-0.29469624161720276,0.8287879228591919,0.9728909134864807,2.479335069656372,nan,0
69800000000,-0.17796389461972573,-4.066665495273626,-0.5712420579560427,-0.10001421719789505,-0.3181948959827423,0.8373734354972839,0.952368974685669,2.3704440593719482,nan,0
70000000000,-0.19445771905972778,-4.055318089187824,-0.6334624717113659,-0.10033091902732849,-0.3157255947589874,0.8463559150695801,0.9420558214187622,2.2676713466644287,nan,0
70200000000,-0.20878011118721895,-4.044138234566321,-0.6938524528459767,-0.0719948410987854,-0.275868684053421,0.8539659976959229,0.9380373358726501,2.1517233848571777,nan,0
70400000000,-0.21788915886997992,-4.036169832854962,-0.7464224372062802,-0.048361558467149734,-0.24847620725631714,0.8654945492744446,0.9278610348701477,2.0409250259399414,nan,0
70600000000,-0.22373057599996093,-4.030528441154597,-0.7927264956935416,-0.019142434000968933,-0.18898332118988037,0.8755409717559814,0.9147131443023682,1.9320679903030396,nan,0
70800000000,-0.22649264406740005,-4.027612251892433,-0.8299610559928905,-0.026747530326247215,-0.18099690973758698,0.8775521516799927,0.9212288856506348,1.816746711730957,nan,0
71000000000,-0.22960512691729207,-4.024097952049614,-0.8622226373305539,-0.022415518760681152,-0.13351839780807495,0.8734195232391357,0.9044035077095032,1.746104121208191,nan,0
71200000000,-0.2324722541157189,-4.0206664126563245,-0.885979138968563,-0.018900414928793907,-0.09243082255125046,0.8931217789649963,0.8967324495315552,1.8639109134674072,nan,0
71400000000,-0.23450596581629152,-4.018134986124415,-0.9024157036476467,-0.009624152444303036,-0.05463116988539696,0.8869909048080444,0.8970974087715149,1.986436128616333,nan,0
71600000000,-0.23589947382364154,-4.016351338455868,-0.9120476246011502,-0.008272940292954445,-0.030802754685282707,0.8961089253425598,0.903706431388855,2.0834555625915527,nan,0
71800000000,-0.2368358745813643,-4.015137037959663,-0.9131374651988671,-0.00678937416523695,0.040495797991752625,0.8901119232177734,0.8998928666114807,2.223003625869751,nan,0
72000000000,-0.23753725056186797,-4.014239429686984,-0.8994658672342138,-0.012395353056490421,0.10935492068529129,0.8970925807952881,0.9054347276687622,2.3430111408233643,nan,0
72200000000,-0.23919325688985263,-4.0122058499150395,-0.8728288928678868,-0.011841051280498505,0.16232676804065704,0.897993803024292,0.9237960577011108,2.45415997505188,nan,0
72400000000,-0.24029991562986464,-4.010928337781758,-0.8347768593418465,-0.0068570515140891075,0.22627054154872894,0.8988120555877686,0.9326286315917969,2.5648136138916016,nan,0
72600000000,-0.24071425079285416,-4.010483285884555,-0.7868691727505744,-0.000725241145119071,0.26317232847213745,0.9002677202224731,0.9407891035079956,2.7123775482177734,nan,0
72800000000,-0.24068786866758982,-4.010516453094709,-0.7290451428562206,0.0023569173645228148,0.3258383274078369,0.8969050049781799,0.9570051431655884,2.8178532123565674,nan,0
73000000000,-0.23989188017171378,-4.011161777199524,-0.6588752871571198,0.008630081079900265,0.3703474998474121,0.8940728306770325,0.9812951683998108,2.9409801959991455,nan,0
73200000000,-0.23823424988273603,-4.012333747834884,-0.5812635664167467,0.017581554129719734,0.4047815203666687,0.8779091835021973,1.0119450092315674,3.049128532409668,nan,0
73400000000,-0.23443171948241662,-4.0146022579609175,-0.4992500615897024,0.0275704488158226,0.4243301749229431,0.8849495053291321,1.0673388242721558,3.1681599617004395,nan,0
73600000000,-0.22803235465423807,-4.017720641931094,-0.4161520541627397,0.047377221286296844,0.3938862681388855,0.8726368546485901,1.1114990711212158,3.2948896884918213,nan,0
73800000000,-0.2191575274349943,-4.021238427050678,-0.338679241558798,0.047989096492528915,0.38301926851272583,0.8756130337715149,1.1957935094833374,3.450705051422119,nan,0
74000000000,-0.20961501711972466,-4.024196237788527,-0.2648253447639724,0.05174640938639641,0.3426254391670227,0.8636802434921265,1.2790197134017944,nan,nan,0
74200000000,-0.2002670886607847,-4.026414798642979,-0.20021074168592914,0.04603135585784912,0.2921675443649292,0.8637540936470032,1.3593978881835938,nan,nan,0
74400000000,-0.19059057882892239,-4.02807129650494,-0.13886603078144003,0.039383016526699066,0.2576831877231598,0.8605299592018127,1.446166753768921,nan,nan,0
74600000000,-0.1826929946099159,-4.028985411284226,-0.09625186014187494,0.05570041388273239,0.21336965262889862,0.8585296273231506,1.5573441982269287,nan,nan,0
74800000000,-0.17101862627408734,-4.029869797132432,-0.0571868999221208,0.06272510439157486,0.17236573994159698,0.8599814772605896,1.6375679969787598,nan,nan,0
75000000000,-0.16509571329397557,-4.030151558615873,-0.016449204827696098,-0.02346189320087433,0.25541025400161743,0.8518859148025513,1.729478359222412,nan,nan,0
75200000000,-0.17027052764757405,-4.03020765440371,0.03987751461596443,-0.019269699230790138,0.32389190793037415,0.8551722764968872,1.923044204711914,nan,nan,0
75400000000,-0.17416403593733681,-4.030489320848817,0.1073602751012339,0.0,0.0,0.8459629416465759,2.233726739883423,nan,nan,0
75600000000,-0.1741774746851657,-4.030490695343293,0.11066997191636371,-0.007285282015800476,0.062421564012765884,0.8521662354469299,2.567046880722046,nan,nan,0
75800000000,-0.1770083464732242,-4.030834256073565,0.12949001271521768,-0.014792722649872303,0.15096138417720795,0.8501703143119812,2.689216375350952,nan,nan,0
76000000000,-0.1793205195596363,-4.0311656093432315,0.16471682863213008,-0.010666468180716038,0.22832663357257843,0.8457541465759277,2.566298246383667,nan,nan,0
76200000000,-0.1810051497543681,-4.031487260976768,0.21746510006992262,-0.002834719605743885,0.31853294372558594,0.844738245010376,2.4745800495147705,nan,nan,0
76400000000,-0.18076721228580306,-4.031408284184563,0.28739742112727895,0.011934321373701096,0.4162493944168091,0.8509783744812012,2.360121250152588,nan,nan,0
76600000000,-0.17823088061798129,-4.030529009376639,0.378267311901675,0.01640232652425766,0.5266249179840088,0.8356955051422119,2.2659735679626465,nan,nan,0
76800000000,-0.17485560588355054,-4.028964484734126,0.49115520883993447,0.025613799691200256,0.6195491552352905,0.8307430744171143,2.334092378616333,3.3338379859924316,nan,0
77000000000,-0.17008293644858816,-4.025979219959138,0.6193587306530863,0.044163912534713745,0.6609511375427246,0.8320029973983765,nan,2.772864580154419,nan,0
77200000000,-0.16297523296613556,-4.020140219570347,0.7550581862633983,0.04633571580052376,0.6921235918998718,0.8338513970375061,nan,2.3974809646606445,nan,0
77400000000,-0.1573588332159337,-4.014099236502484,0.8939316829900219,0.03977477177977562,0.6911478042602539,0.844149112701416,nan,2.1433732509613037,nan,0
77600000000,-0.15321198413735007,-4.008159560755079,1.0316949111910672,0.03829864785075188,0.6857635974884033,0.8323131799697876,nan,1.9824069738388062,nan,0
77800000000,-0.14922171067729598,-4.000189994653519,1.168752455203906,0.07405006885528564,0.6821253895759583,0.8423614501953125,nan,1.8508236408233643,nan,0
78000000000,-0.14339690493627077,-3.9830798881250025,1.301824627624853,0.11601132154464722,0.6466454267501831,0.8591853976249695,nan,1.8102350234985352,nan,0
78200000000,-0.13842257271550573,-3.959016488717944,1.4274436480954025,0.13062024116516113,0.5953153371810913,0.892802894115448,nan,1.7581956386566162,nan,0
78400000000,-0.13616374542638152,-3.9320305915354967,1.5444381752360667,0.13863272964954376,0.5612248778343201,0.9137353301048279,3.4689512252807617,1.7578505277633667,nan,0
78600000000,-0.13701273595922597,-3.903455884460115,1.6533996129813557,0.15751154720783234,0.5166212320327759,0.9342836737632751,2.9389631748199463,1.7450153827667236,nan,0
78800000000,-0.14141633856307656,-3.8708843762275404,1.752577919621318,0.1827506721019745,0.46492329239845276,0.9739371538162231,2.6277177333831787,1.752344012260437,nan,0
79000000000,-0.14979928634439893,-3.8346360268998714,1.8402115931479055,0.17932908236980438,0.3885137140750885,0.985889196395874,2.382341146469116,1.7477998733520508,nan,0
79200000000,-0.1606308149965618,-3.800466812391287,1.91386130492177,0.1731542944908142,0.32967495918273926,0.8922028541564941,2.223724365234375,1.7347166538238525,nan,0
79400000000,-0.17321679308003432,-3.768444790929282,1.9740819006542727,0.17571747303009033,0.24812841415405273,0.8190743327140808,2.11850905418396,1.7227553129196167,nan,0
79600000000,-0.18809460818058782,-3.735715605642878,2.0171248843593705,0.18450307846069336,0.15570206940174103,0.7552147507667542,2.034475088119507,1.706821084022522,nan,0
79800000000,-0.204684632043181,-3.702217922672937,2.0407021855112255,0.19105887413024902,0.05214187130331993,0.6894363164901733,1.985731840133667,1.6889334917068481,nan,0
80000000000,-0.22347001873703834,-3.665554273543102,2.0448814953308574,0.28491610288619995,-0.04138689115643501,0.6403688192367554,1.964523434638977,1.669235110282898,nan,0
80200000000,-0.2506887030903558,-3.6117654443454947,2.0317761649182997,0.36306387186050415,-0.12264859676361084,0.5973020195960999,1.9211047887802124,1.6237738132476807,nan,0
80400000000,-0.28431731551981543,-3.5415144950868687,2.0011450165994535,0.4398369789123535,-0.21573923528194427,0.5881571769714355,1.9157999753952026,1.5987004041671753,nan,0
80600000000,-0.3203417267891772,-3.457829815507618,1.9512994953860683,0.4832521080970764,-0.29303455352783203,0.6135252118110657,1.9103939533233643,1.5587210655212402,nan,0
80800000000,-0.3535848288190096,-3.3667993952557564,1.8896198364848258,0.49930045008659363,-0.3262511193752289,0.6764513850212097,1.9786731004714966,1.5126923322677612,nan,0
81000000000,-0.38143460824411884,-3.2720981446371455,1.8238377190356263,0.47923415899276733,-0.3072998523712158,0.8375234603881836,2.0429792404174805,1.4849315881729126,nan,0
81200000000,-0.4021903145875,-3.1808508186060456,1.7665062813548926,0.45058149099349976,-0.24647483229637146,0.9987176060676575,2.1238911151885986,1.4545046091079712,nan,0
81400000000,-0.4172847178130023,-3.094426036341414,1.7228372458346894,0.4156828224658966,-0.17436905205249786,1.1504439115524292,2.189434289932251,1.4350430965423584,nan,0
81600000000,-0.42820167704595563,-3.0141832347148276,1.6898951938489404,0.3901459276676178,-0.1454073190689087,1.2772126197814941,2.2537648677825928,1.417335867881775,nan,0
81800000000,-0.43623165195861996,-2.938276603282229,1.6633316915559797,0.3621678352355957,-0.10550176352262497,1.3940099477767944,2.311833143234253,1.3940099477767944,nan,0
82000000000,-0.4420940720231746,-2.8681183136852173,1.6465333090153824,0.3317147195339203,-0.0529925711452961,1.3915876150131226,2.3429059982299805,1.3915876150131226,nan,0
82200000000,-0.4467781310277513,-2.8025435417014757,1.638893669978749,0.32176804542541504,-0.019844578579068184,1.3776042461395264,2.3645365238189697,1.3776042461395264,nan,0
82400000000,-0.45099261086911796,-2.73950427142771,1.6369308746834388,0.3090973198413849,0.0012989112874493003,1.3712003231048584,2.3591697216033936,1.3712003231048584,nan,0
82600000000,-0.4551111444734254,-2.6779959063211085,1.639696367605198,0.3050316274166107,0.04815664142370224,1.361427664756775,2.321030855178833,1.361427664756775,nan,0
82800000000,-0.4595543511129586,-2.618465795365008,1.6525471260914164,0.29297786951065063,0.09345125406980515,1.3597432374954224,2.2920737266540527,1.3597432374954224,nan,0
83000000000,-0.4648565781980367,-2.5606038387444046,1.6726296292032943,0.282231867313385,0.11622275412082672,1.347658395767212,2.2120182514190674,1.347658395767212,nan,0
83200000000,-0.47123063720881525,-2.5046604263137064,1.6958412884024465,0.27874067425727844,0.11160164326429367,1.342862844467163,2.120988607406616,1.342862844467163,nan,0
83400000000,-0.4787426474353075,-2.449689929438206,1.7170771092502441,0.2728535830974579,0.09870961308479309,1.334120512008667,2.0515975952148438,1.334120512008667,nan,0
83600000000,-0.48716164203022705,-2.3961400094074756,1.7361639773687612,0.26197052001953125,0.09189476817846298,1.3118709325790405,2.010254144668579,1.3118709325790405,nan,0
83800000000,-0.49619321912545666,-2.3448739380527077,1.754176780638085,0.26004233956336975,0.08403399586677551,1.3039525747299194,1.9456077814102173,1.3039525747299194,nan,0
84000000000,-0.5061478840968573,-2.293575970913161,1.770633420211954,0.2568568289279938,0.07664361596107483,1.2981928586959839,1.862725853919983,1.2981928586959839,nan,0
84200000000,-0.5167008051199026,-2.243384897198535,1.784728837069357,0.25764182209968567,0.06867895275354385,1.2829070091247559,1.8469091653823853,1.2829070091247559,nan,0
84400000000,-0.5292434477558509,-2.1875722154004684,1.7990810837507336,0.25859227776527405,0.07075399160385132,1.2657850980758667,1.793025255203247,1.2657850980758667,nan,0
84600000000,-0.5411552119879613,-2.137814933821025,1.8120718437659435,0.2538732886314392,0.061148934066295624,1.2545019388198853,1.7674875259399414,1.2545019388198853,nan,0
84800000000,-0.5525132187051626,-2.092738158452347,1.823289138800673,0.26151859760284424,0.06513768434524536,1.2354166507720947,1.703987956047058,1.2354166507720947,nan,0
85000000000,-0.5659294849304353,-2.0421270637712343,1.8368627914093982,0.26115861535072327,0.08157876878976822,1.2239006757736206,1.6691229343414307,1.2239006757736206,nan,0
85200000000,-0.5802017403642793,-1.9914161353541027,1.8533215660156033,0.2583514451980591,0.0727827399969101,1.2111904621124268,1.6222087144851685,1.2111904621124268,nan,0
85400000000,-0.5948189601354181,-1.9422236276424814,1.8649275154304055,0.2566832900047302,0.053257569670677185,1.1752129793167114,1.5742380619049072,1.1752129793167114,nan,0
85600000000,-0.6098230897427686,-1.8935704683584764,1.8744271748518013,0.25584784150123596,0.028831757605075836,1.1778992414474487,1.5550330877304077,1.1778992414474487,nan,0
85800000000,-0.6253809559277211,-1.8444102279606738,1.8796124026138852,0.2620891034603119,0.016382280737161636,1.1492390632629395,1.5068550109863281,1.1492390632629395,nan,0
86000000000,-0.6413452877959558,-1.7946562435011386,1.883072215814895,0.2532614767551422,0.012647495605051517,1.140366554260254,1.4982750415802002,1.140366554260254,nan,0
86200000000,-0.6570211612528334,-1.7462818804686082,1.8848870081689095,0.2505708336830139,0.0059468988329172134,1.11992609500885,1.4542789459228516,1.11992609500885,nan,0
86400000000,-0.6723434563143137,-1.6991071873388663,1.8844538563823947,0.23967917263507843,-0.0038176027592271566,1.1024713516235352,1.4358391761779785,1.1024713516235352,nan,0
86600000000,-0.687234576030227,-1.653150413112439,1.8836175479322481,0.24586515128612518,-0.016648326069116592,1.0837305784225464,1.4163395166397095,1.0837305784225464,nan,0
86800000000,-0.7019986866750567,-1.6072347173732653,1.8803161380321374,0.24570459127426147,-0.01682005077600479,1.0603289604187012,1.4114679098129272,1.0603289604187012,nan,0
87000000000,-0.7169381891806078,-1.5602164911368568,1.8762287269558156,0.25018954277038574,-0.02432161569595337,1.0550141334533691,1.3901821374893188,1.0550141334533691,nan,0
87200000000,-0.7317856236674626,-1.5126486366910754,1.869782080814062,0.2474600076675415,-0.04419513791799545,1.0261240005493164,1.3611119985580444,1.0261240005493164,nan,0
87400000000,-0.7463210445909704,-1.4646116552006292,1.8583021859644882,0.24973979592323303,-0.08585545420646667,1.0007433891296387,1.3619067668914795,1.0007433891296387,nan,0
87600000000,-0.7600241060483597,-1.4167048870796528,1.8398221145256632,0.24263131618499756,-0.09873804450035095,0.9915171265602112,1.3556482791900635,0.9915171265602112,nan,0
87800000000,-0.7724568277039756,-1.3697874986071727,1.8197953171183872,0.2382287234067917,-0.10768201947212219,0.9870063066482544,1.3396416902542114,0.9870063066482544,nan,0
88000000000,-0.783816125060156,-1.3229118646726958,1.7962773393591147,0.23423907160758972,-0.1337513029575348,0.9620696306228638,1.3749113082885742,0.9620696306228638,nan,0
88200000000,-0.7938843817648312,-1.2761351651248938,1.7694052597893764,0.24399155378341675,-0.14510168135166168,0.9493693113327026,1.3992618322372437,0.9493693113327026,nan,0
88400000000,-0.8028962321937821,-1.2277848086165517,1.7411190458389887,0.25120091438293457,-0.14933307468891144,0.9345068335533142,1.4176585674285889,0.9345068335533142,nan,0
88600000000,-0.8105984707618725,-1.1786132142115193,1.710660370489236,0.24556724727153778,-0.15417176485061646,0.917873740196228,1.4292452335357666,0.917873740196228,nan,0
88800000000,-0.8166411184154955,-1.1302123652271094,1.6789627011700323,0.24265456199645996,-0.17740970849990845,0.9139018654823303,1.4817695617675781,0.9139018654823303,nan,0
89000000000,-0.8210475429470174,-1.0817265188048766,1.6442266849935814,0.24558784067630768,-0.1620982438325882,0.9042887687683105,1.5482603311538696,0.9042887687683105,nan,0
89200000000,-0.8238088024808699,-1.0331416101762938,1.6098792695832198,0.2423601597547531,-0.18055331707000732,0.9000635743141174,1.602364182472229,0.9000635743141174,nan,0
89400000000,-0.8248355030807901,-0.97991032375834,1.5705290533274245,0.24172835052013397,-0.17754533886909485,0.8882348537445068,1.6688421964645386,0.8882348537445068,nan,0
89600000000,-0.8241555870889303,-0.9357520705133991,1.5413640132354585,0.24413824081420898,-0.14338548481464386,0.8904524445533752,1.7661060094833374,0.8904524445533752,nan,0
89800000000,-0.8220455749807126,-0.886572318095117,1.5161005487738153,0.24869847297668457,-0.10129734128713608,0.8931177258491516,1.836798906326294,0.8971824645996094,nan,0
90000000000,-0.8188896165805469,-0.8373692216236317,1.498139051016654,0.24435359239578247,-0.09154852479696274,0.8793932795524597,1.9118108749389648,0.8793932795524597,nan,0
90200000000,-0.8148742807012784,-0.788115257471277,1.4813090635993391,0.2469724863767624,-0.07008421421051025,0.8935126662254333,1.9650720357894897,0.8935126662254333,nan,0
90400000000,-0.8101514414434257,-0.739247690967502,1.4679640533563585,0.24942952394485474,-0.055835019797086716,0.8951336145401001,2.0265448093414307,0.8984832167625427,nan,0
90600000000,-0.8047322248029739,-0.6893926657470418,1.4573779696683615,0.24733906984329224,-0.04513590410351753,0.8916398882865906,2.093099355697632,0.9015984535217285,nan,0
90800000000,-0.798942844632278,-0.6403601851685571,1.4499646695511872,0.25326642394065857,-0.01690289005637169,0.8881540894508362,2.1200618743896484,0.9066516757011414,nan,0
91000000000,-0.7927314115885608,-0.5899185879862053,1.4467053701292067,0.25516170263290405,-0.017031298950314522,0.8964862823486328,2.130281686782837,0.9096442461013794,nan,0
91200000000,-0.7863705454509328,-0.5394198335671604,1.4449847895029817,0.2601463198661804,0.00379914790391922,0.8970503807067871,2.1602017879486084,0.912770688533783,nan,0
91400000000,-0.7801486866890783,-0.4899174201886482,1.4471212739819048,0.23754212260246277,0.0220080204308033,0.8956480026245117,2.1485676765441895,0.8982309103012085,nan,0
91600000000,-0.7744314858302317,-0.44285203023824743,1.453093418859468,0.23457159101963043,0.03578536957502365,0.9093410968780518,2.13993239402771,0.9146904945373535,nan,0
91800000000,-0.7690838476135052,-0.3960194919328047,1.4617884609652678,0.23614796996116638,0.05742841958999634,0.9084514379501343,2.1141796112060547,0.9161451458930969,nan,0
92000000000,-0.7641476793637705,-0.34825530303422597,1.4742371513639163,0.23808199167251587,0.06047815829515457,0.9027571678161621,2.0463385581970215,0.9277706146240234,nan,0
92200000000,-0.7598743689914293,-0.30133385863819884,1.4853117364781327,0.22853226959705353,0.04489404708147049,0.9100704789161682,2.00473952293396,0.9100704789161682,nan,0
92400000000,-0.7562691861286728,-0.2567305705328606,1.4952507383852731,0.21647095680236816,0.056329358369112015,0.914399266242981,1.9579943418502808,0.9199216365814209,nan,0
92600000000,-0.7532388678382754,-0.2129629122789292,1.5092377231246894,0.21789492666721344,0.08848999440670013,0.922351598739624,1.9231858253479004,0.922351598739624,nan,0
92800000000,-0.7509969627447686,-0.17014301516204067,1.52877016024322,0.2140817940235138,0.11436836421489716,0.9109526872634888,1.8700414896011353,0.9205077290534973,nan,0
93000000000,-0.7496999797903984,-0.12780714138932936,1.551308294620967,0.20620594918727875,0.09228985011577606,0.9153425097465515,1.7884193658828735,0.9165685772895813,nan,0
93200000000,-0.7492496177924004,-0.08570521080993046,1.5682853567679051,0.20355410873889923,0.07402298599481583,0.9186914563179016,1.7496685981750488,0.9248573184013367,nan,0
93400000000,-0.7494465578349728,-0.045107141171409064,1.5831451622351216,0.19441795349121094,0.07072924822568893,0.9143401384353638,1.681793212890625,0.9143401384353638,nan,0
93600000000,-0.7501670296447774,-0.0068134893904384115,1.5949392136189597,0.18862378597259521,0.03802833333611488,0.9145168662071228,1.6716266870498657,0.9145168662071228,nan,0
93800000000,-0.751169991485253,0.029890359703148097,1.6001488731749498,0.17547491192817688,0.00828541163355112,0.9155302047729492,1.6449106931686401,0.9155302047729492,nan,0
94000000000,-0.752202118896428,0.06455635700122588,1.6003901207424034,0.17389878630638123,-0.008691796101629734,0.9112117290496826,1.6224608421325684,0.9112117290496826,nan,0
94200000000,-0.7532180729674194,0.09952239454633471,1.5996881605053852,0.17490063607692719,0.00467346515506506,0.9056070446968079,1.6412646770477295,0.9056070446968079,nan,0
94400000000,-0.7542323861461172,0.13446011724152418,1.5993537940351492,0.17104212939739227,-0.01370491087436676,0.8981897830963135,1.627290964126587,0.8981897830963135,nan,0
94600000000,-0.755166165419779,0.1683195077125051,1.5977825885627508,0.17303138971328735,-0.005043914075940847,0.897803008556366,1.6474921703338623,0.897803008556366,nan,0
94800000000,-0.7560818960044038,0.20325658051086365,1.5960012785711086,0.1751074194908142,-0.0043533965945243835,0.8799591660499573,1.6342365741729736,0.8958672881126404,nan,0
95000000000,-0.7569227208467952,0.23637010559251018,1.5984898443195945,0.14385080337524414,0.052297431975603104,0.7374207973480225,1.6263625621795654,0.8920817375183105,nan,0
95200000000,-0.7578284365210117,0.2636664792604727,1.611748003006915,0.12882468104362488,0.12611711025238037,0.6145914793014526,1.5820105075836182,0.8844924569129944,nan,0
95400000000,-0.7592679213133344,0.2895516711428119,1.64464741744782,0.1312318593263626,0.23230694234371185,0.5575481653213501,1.5298423767089844,0.8746533989906311,nan,0
95600000000,-0.7620755899727767,0.317712130966192,1.6965015416113205,0.15763942897319794,0.30210044980049133,0.6649168729782104,1.4175881147384644,0.87987220287323,nan,0
95800000000,-0.7672655843788088,0.3504873622887418,1.7591527793387554,0.17302730679512024,0.32090115547180176,0.7759727835655212,1.3180354833602905,0.8778939247131348,nan,0
96000000000,-0.77482779844222,0.38432928129200433,1.8222560051442684,0.1663265824317932,0.3061107397079468,0.8703511357307434,1.211334466934204,0.8703511357307434,nan,0
96200000000,-0.7819775311676292,0.4096185510010582,1.8714170861138708,0.02250766195356846,0.07568423449993134,0.8597851991653442,1.1666274070739746,0.8597851991653442,nan,0
96400000000,-0.782625700421801,0.41168833155711015,1.872905582604083,0.009420123882591724,-0.09802619367837906,0.8705764412879944,1.1316683292388916,0.8705764412879944,nan,0
96600000000,-0.783188919264627,0.4136093857702702,1.8378648744015693,0.02020750194787979,-0.22004978358745575,0.8643989562988281,1.1483036279678345,0.8643989562988281,nan,0
96800000000,-0.7845980168166405,0.41932619600477194,1.7924465483331884,0.055638387799263,-0.29784703254699707,0.8560547828674316,1.171242356300354,0.8560547828674316,nan,0
97000000000,-0.7870706123557941,0.43223195178379764,1.7321070576289441,0.08156348764896393,-0.2979138493537903,0.8490043878555298,1.2601491212844849,0.8490043878555298,nan,0
97200000000,-0.7895275421253591,0.4509936944260002,1.673885141175363,0.1087656244635582,-0.2808186709880829,0.8434497714042664,1.345970869064331,0.8434497714042664,nan,0
97400000000,-0.791276923424377,0.47475072498517795,1.6168200137174755,0.10803364217281342,-0.2313823103904724,0.8504908084869385,1.4196680784225464,0.8504908084869385,nan,0
97600000000,-0.7918099288699196,0.4945699795954791,1.5800007943259233,0.10560508817434311,-0.18307249248027802,0.8429195880889893,1.4960522651672363,0.8429195880889893,nan,0
97800000000,-0.7916599991408102,0.5142626355947226,1.5460557674923388,0.08723355084657669,-0.1556026041507721,0.8346999883651733,1.5646347999572754,0.8346999883651733,nan,0
98000000000,-0.7909973464508351,0.5311439217476184,1.5179519814188065,0.08071968704462051,-0.10896451771259308,0.8278424739837646,1.6354970932006836,0.8278424739837646,nan,0
98200000000,-0.7900310983507655,0.546516347395664,1.4989404065942844,0.07377707958221436,-0.07404252886772156,0.8406645059585571,1.6969693899154663,0.8406645059585571,nan,0
98400000000,-0.7889309317242276,0.5605153453609966,1.486362305813225,0.06642536073923111,-0.05671120062470436,0.8275747895240784,1.7360806465148926,0.8275747895240784,nan,0
98600000000,-0.7879006366425416,0.5719821559702521,1.4747470740229998,0.04321695864200592,-0.06613235920667648,0.8279708623886108,1.7587840557098389,0.835909903049469,nan,0
98800000000,-0.7870610196992239,0.5801989926971495,1.4640623434661133,0.04594162851572037,-0.03572753816843033,0.8246528506278992,1.7892836332321167,0.8433068990707397,nan,0
99000000000,-0.7861261320254342,0.5886304606708124,1.456042298344295,0.03339071944355965,-0.030636901035904884,0.828187882900238,1.8126262426376343,0.828187882900238,nan,0
99200000000,-0.7852950601354649,0.5956690524516891,1.4512755400044393,0.034733910113573074,-0.005524834617972374,0.8192704916000366,1.8337794542312622,0.8425725698471069,nan,0
99400000000,-0.7847535065610641,0.6001717040905385,1.4513258135423708,0.019977832213044167,-0.0005212705582380295,0.8252017498016357,1.8399523496627808,0.8321526646614075,nan,0
99600000000,-0.7841272328515917,0.6053929270442755,1.4512920274126928,0.03744111955165863,-0.0024245847016572952,0.8255111575126648,1.8428082466125488,0.8417879939079285,nan,0
99800000000,-0.7832988690474117,0.6122416373268992,1.448819298091819,0.03445136919617653,-0.015543895773589611,0.8282451629638672,1.8592913150787354,0.8423739671707153,nan,0
100000000000,-0.782467781583226,0.6189825347234696,1.4487412877516463,0.04079989716410637,0.011187460273504257,0.8335874080657959,1.8432183265686035,0.8420511484146118,nan,0
100200000000,-0.7814261779750151,0.6275038394164375,1.4481259369164723,0.06644467264413834,-0.037530507892370224,0.8333428502082825,1.8764888048171997,0.8445053100585938,nan,0
100400000000,-0.7793178418230682,0.6438301601726502,1.4362012032137503,0.1184995025396347,-0.09023448824882507,0.8251827359199524,1.9279890060424805,0.8394333124160767,nan,0
100600000000,-0.7756380929150298,0.6689725826379024,1.4130608368180828,0.12897728383541107,-0.15931189060211182,0.8312280774116516,1.9818748235702515,0.8402577638626099,nan,0
100800000000,-0.7709710757929972,0.6954908641021991,1.3798822410830345,0.13862204551696777,-0.17517077922821045,0.8261335492134094,2.1475985050201416,0.8261335492134094,nan,0
101000000000,-0.764752531418947,0.724863991629846,1.345769402118128,0.16267645359039307,-0.16589251160621643,0.8315874338150024,2.3299777507781982,0.862368106842041,nan,0
101200000000,-0.7565418579438391,0.7581920752801189,1.3142605105782665,0.18343739211559296,-0.1410066932439804,0.8345494866371155,2.5491907596588135,0.8583956956863403,nan,0
101400000000,-0.7462092049309274,0.7954113328546005,1.2870911735326744,0.2126472145318985,-0.12159843742847443,0.8400022983551025,2.553973913192749,0.8776158690452576,nan,0
101600000000,-0.7322781419385355,0.8410602657922333,1.2637232117065602,0.2243673950433731,-0.08384376764297485,0.8469768166542053,3.006229877471924,0.8868544697761536,nan,0
101800000000,-0.7198411411711655,0.8794041208876119,1.252132576680875,0.22051012516021729,-0.04315977543592453,0.8591055870056152,3.0648787021636963,0.9003879427909851,nan,0
102000000000,-0.7058632908612509,0.9212977654303139,1.2465604028320383,0.22359104454517365,-0.007249318994581699,0.8665499091148376,3.069504976272583,0.9001245498657227,nan,0
102200000000,-0.6902698155784611,0.967638709805276,1.246779839062957,0.22339634597301483,0.01277218945324421,0.884107768535614,3.087034225463867,0.9286670684814453,nan,0
102400000000,-0.6772375393161475,1.0066497506034977,1.2504952407954943,0.23966513574123383,0.041001759469509125,0.8994973301887512,3.0884485244750977,0.9427379369735718,nan,0
102600000000,-0.662224501171958,1.0526507187865897,1.2615784717254352,0.24175849556922913,0.08054713159799576,0.8912338614463806,3.101325273513794,0.9557787179946899,nan,0
102800000000,-0.6480154566529649,1.0985456477796476,1.281125777666003,0.24225351214408875,0.12181832641363144,0.9074414968490601,3.0934255123138428,0.9502733945846558,nan,0
103000000000,-0.6349224622716624,1.1445760250322201,1.306674223119266,0.22724714875221252,0.1338425874710083,0.9266714453697205,2.899069309234619,0.9614436626434326,nan,0
103200000000,-0.6236664514386467,1.1885683276761367,1.3339330690380746,0.2266056388616562,0.139337956905365,0.9317624568939209,2.6876144409179688,0.9559996128082275,nan,0
103400000000,-0.6137611973301608,1.232263061228177,1.3619416544056966,0.22891174256801605,0.1429060697555542,0.9449224472045898,2.5261101722717285,0.9581034779548645,nan,0
103600000000,-0.6049976374013423,1.276770688411998,1.390666487820123,0.2280810922384262,0.13801366090774536,0.9447176456451416,2.363955497741699,0.9467248916625977,nan,0
103800000000,-0.5973073676887611,1.3224148566201093,1.4157984446326777,0.23751169443130493,0.11176680773496628,0.9401129484176636,2.2647182941436768,0.958518385887146,nan,0
104000000000,-0.5903128826585904,1.3706869749554986,1.4370605257677773,0.2543753981590271,0.09433704614639282,0.9567167162895203,2.174583673477173,0.9567167162895203,nan,0
104200000000,-0.5839237845966225,1.4215634177140934,1.453569926666561,0.2594244182109833,0.0676732212305069,0.9532985687255859,2.102503538131714,0.9608700275421143,nan,0
104400000000,-0.5782145164663306,1.472672666068524,1.4646613366760446,0.25387057662010193,0.04654692858457565,0.9588240385055542,2.0551466941833496,0.9673788547515869,nan,0
104600000000,-0.5730610126021363,1.523111389852802,1.4732505224799683,0.2547299265861511,0.03923898935317993,0.9599350690841675,2.043666124343872,0.9690842032432556,nan,0
104800000000,-0.5682779053038303,1.5739218393968815,1.4800582245776919,0.2612726092338562,0.01801292411983013,0.9567971229553223,2.006333112716675,0.9567971229553223,nan,0
105000000000,-0.5636478739989718,1.6256578376420487,1.4825141448248116,0.25964248180389404,-0.0015574571443721652,0.9571429491043091,2.0024869441986084,0.9571429491043091,nan,0
105200000000,-0.5590028397149367,1.677853414656191,1.4808246842385895,0.26758790016174316,-0.019000373780727386,0.9612383246421814,2.0127198696136475,0.9664474129676819,nan,0
105400000000,-0.5540066262451772,1.7320257859044075,1.4766869728952194,0.27658766508102417,-0.019723419100046158,0.9622498154640198,2.036177396774292,0.9686249494552612,nan,0
105600000000,-0.548672389637492,1.7872921874968721,1.4725609115656295,0.27517732977867126,-0.0257825069129467,0.9615179300308228,2.0361428260803223,0.9615179300308228,nan,0
105800000000,-0.5432290252771597,1.8410842550776707,1.467254273566917,0.2663102149963379,-0.02857758291065693,0.9586478471755981,2.0773487091064453,0.9708030819892883,nan,0
106000000000,-0.5375388511703972,1.8943065687298821,1.4607953605621284,0.26568153500556946,-0.039748113602399826,0.9647029638290405,2.0643460750579834,0.9702458381652832,nan,0
106200000000,-0.5315175236667531,1.9468483980115348,1.4529142186270698,0.26514625549316406,-0.035303473472595215,0.9620783925056458,2.1128196716308594,0.9703245759010315,nan,0
106400000000,-0.5250647749492046,1.999680365061334,1.445947853597415,0.2624674141407013,-0.020110836252570152,0.9608451128005981,2.1566526889801025,0.9654837250709534,nan,0
106600000000,-0.5184796567060833,2.0514965796908586,1.4431870564536167,0.25751417875289917,-0.0077783227898180485,0.9638807773590088,2.179243564605713,0.9736936688423157,nan,0
106800000000,-0.5120733641693931,2.1009510998848557,1.4404086083236682,0.24332283437252045,-0.017021143808960915,0.9744632244110107,2.188493251800537,0.9839629530906677,nan,0
107000000000,-0.5055955408613162,2.149631214974314,1.4364172487984035,0.24891820549964905,-0.0258741807192564,0.9638723134994507,2.201611280441284,0.9687995314598083,nan,0
107200000000,-0.49873965108608487,2.1993508470897574,1.4308847936889482,0.254648357629776,-0.023599965497851372,0.9754993319511414,2.241088628768921,0.9889468550682068,nan,0
107400000000,-0.49150205391286445,2.249995193889898,1.4272319211364408,0.2549523115158081,-0.014171917922794819,0.9771881103515625,2.2656402587890625,0.988132119178772,nan,0
107600000000,-0.48413344168579925,2.300456435497898,1.4242492611129938,0.25283172726631165,-0.005424255970865488,0.9796068668365479,2.2682864665985107,0.9886753559112549,nan,0
107800000000,-0.47681733636961876,2.349867068006207,1.4238552794683412,0.25099682807922363,0.003050683531910181,0.9827873110771179,2.294968605041504,0.9953635334968567,nan,0
108000000000,-0.4694480955938795,2.3998645130160368,1.4252766428525774,0.25857895612716675,0.007403905503451824,0.9866607785224915,2.2892725467681885,0.9866607785224915,nan,0
108200000000,-0.46202862276070183,2.4509067049309827,1.427979862884273,0.2559323012828827,0.027684267610311508,0.9833033084869385,2.289547920227051,0.9881504774093628,nan,0
108400000000,-0.4548719260218767,2.5017590728472325,1.434006079836156,0.2536065876483917,0.03202605992555618,0.9805415868759155,2.2659912109375,0.9805415868759155,nan,0
108600000000,-0.44829522485348766,2.550813452915655,1.441700108178153,0.24280312657356262,0.048946574330329895,0.9880837202072144,2.2423317432403564,0.9966504573822021,nan,0
108800000000,-0.4421901273091285,2.599708099749409,1.4515989212148523,0.2537771463394165,0.051618482917547226,0.9922909736633301,2.198237895965576,0.9980510473251343,nan,0
109000000000,-0.43636185030606195,2.6505773417555165,1.4614664644653774,0.2578463852405548,0.045431528240442276,0.9877141118049622,2.166774034500122,0.9985196590423584,nan,0
109200000000,-0.4310394614403409,2.70104801229537,1.4698866825382362,0.25250017642974854,0.04470726102590561,0.9997295141220093,2.130603313446045,1.0024081468582153,nan,0
109400000000,-0.4261820808868617,2.7510914456921167,1.4774854500910521,0.25082218647003174,0.021570580080151558,0.9967942833900452,2.1117234230041504,0.9967942833900452,nan,0
109600000000,-0.42158409595339413,2.801270594132225,1.4811841848824108,0.24556739628314972,0.01480395719408989,1.001734733581543,2.091886043548584,1.0053050518035889,nan,0
109800000000,-0.417159405593168,2.851053254705268,1.4826025882077898,0.2552248537540436,-0.004015886224806309,0.9947264194488525,2.0771775245666504,0.9947264194488525,nan,0
110000000000,-0.41251153752448577,2.9030066232922036,1.4796632829248144,0.26312360167503357,-0.030778050422668457,0.9956470727920532,2.047407388687134,1.004019021987915,nan,0
110200000000,-0.4070991145349974,2.959793752462134,1.471402647601513,0.24615833163261414,-0.042521677911281586,0.9926949143409729,2.002434730529785,1.0130805969238281,nan,0
110400000000,-0.4025894352303532,3.0031828695917815,1.4627023110866018,0.24644333124160767,-0.04668054357171059,0.998794436454773,1.9572763442993164,0.998794436454773,nan,0
110600000000,-0.3970686980382468,3.0518258220270944,1.452511399965038,0.2426377534866333,-0.05961485207080841,0.9999871253967285,1.891319751739502,0.9999871253967285,nan,0
110800000000,-0.3909988796641268,3.100148288079691,1.438396605089483,0.24299246072769165,-0.09512516856193542,0.9994315505027771,1.853419303894043,0.9994315505027771,nan,0
111000000000,-0.3841282888071363,3.1481549927722856,1.4186916527297464,0.24221171438694,-0.09916628897190094,1.0054712295532227,1.803672194480896,1.0121155977249146,nan,0
111200000000,-0.37630461970202556,3.1958560087597485,1.3971260975074207,0.2339487373828888,-0.12797464430332184,0.9960609674453735,1.7553704977035522,1.0165822505950928,nan,0
111400000000,-0.367716403088667,3.2412286319919206,1.3692954215687274,0.23612511157989502,-0.1476079523563385,1.0102663040161133,1.705698847770691,1.0263075828552246,nan,0
111600000000,-0.35740032521332177,3.2880932488231074,1.3392319438165212,0.23813104629516602,-0.1548430323600769,1.0129998922348022,1.6496703624725342,1.03273606300354,nan,0
111800000000,-0.3460139119939387,3.3331347339326727,1.306070581256688,0.21933668851852417,-0.17706692218780518,1.0151723623275757,1.6101815700531006,1.0438878536224365,nan,0
112000000000,-0.33340469337128625,3.3764596189833993,1.2682197187683684,0.2258104681968689,-0.20145581662654877,1.0254298448562622,1.5675864219665527,1.0586698055267334,nan,0
112200000000,-0.31963231708418743,3.4177105549725266,1.228704083680407,0.20843344926834106,-0.20111045241355896,1.033798098564148,1.5212814807891846,1.0945767164230347,nan,0
112400000000,-0.3046697390923174,3.4571767817552264,1.1880636827219861,0.21530002355575562,-0.2088405191898346,1.044005036354065,1.4775874614715576,1.0954961776733398,nan,0
112600000000,-0.2876882682919584,3.496900033887489,1.1448651380128658,0.21565735340118408,-0.21568059921264648,1.0622037649154663,1.434571623802185,1.1414982080459595,nan,0
112800000000,-0.2698576284577669,3.5341515550925533,1.1039492722278954,0.19818389415740967,-0.2060668021440506,1.066315770149231,1.4029359817504883,1.1803019046783447,nan,0
113000000000,-0.2517197025325026,3.568324101417615,1.0606858212303922,0.1910650134086609,-0.22453317046165466,1.0906866788864136,1.3665201663970947,1.2118779420852661,nan,0
113200000000,-0.23250449104317608,3.6009064299060096,1.0148077263357818,0.18460194766521454,-0.2177315652370453,1.0951898097991943,1.3182134628295898,1.2618883848190308,nan,0
113400000000,-0.21328237977119574,3.6304771793881647,0.9746153761319325,0.17214353382587433,-0.18939755856990814,1.1095651388168335,1.2946887016296387,1.2677428722381592,nan,0
113600000000,-0.1938017369808046,3.6580954083401163,0.93920899219942,0.16005568206310272,-0.1442631632089615,1.1346288919448853,1.266505479812622,1.2634141445159912,nan,0
113800000000,-0.1746471407627322,3.683537139363124,0.9119766292704641,0.16200795769691467,-0.11564964801073074,1.1440378427505493,1.2553502321243286,1.2317472696304321,nan,0
114000000000,-0.15508578294994274,3.7082397612037723,0.8908441909861364,0.15460902452468872,-0.0794762521982193,1.168565034866333,1.2221711874008179,1.2105345726013184,nan,0
114200000000,-0.13540841167552461,3.732211770330611,0.8762206392129311,0.1515968143939972,-0.07850031554698944,1.1781467199325562,1.1951814889907837,1.1850993633270264,nan,0
114400000000,-0.11617825476450093,3.754937112320815,0.8607446377728675,0.14451518654823303,-0.076347716152668,1.1537728309631348,1.1537728309631348,1.161637783050537,nan,0
114600000000,-0.0979739017806351,3.775820563961106,0.8474566473853117,0.134987011551857,-0.057008277624845505,1.136143445968628,1.1513060331344604,1.136143445968628,nan,0
114800000000,-0.0801871364825464,3.7957138568374367,0.8348758491555104,0.1312999725341797,-0.059634771198034286,1.1165488958358765,1.118647813796997,1.1165488958358765,nan,0
115000000000,-0.06298531007820171,3.814510156749164,0.8248922626722749,0.12547540664672852,-0.05094919726252556,1.0817859172821045,1.1011457443237305,1.0817859172821045,nan,0
115200000000,-0.0457914467142455,3.8329361381214997,0.8152863943085628,0.1230466365814209,-0.04421396180987358,1.069205403327942,1.1034139394760132,1.069205403327942,nan,0
115400000000,-0.02970855058258223,3.8498546479662177,0.8057848736824603,0.11448825895786285,-0.05057018995285034,1.0429062843322754,1.0792970657348633,1.0429062843322754,nan,0
115600000000,-0.014128128788511801,3.865928610495919,0.7963235444121552,0.1034119576215744,-0.0407245010137558,1.0418789386749268,1.0577445030212402,1.0418789386749268,nan,0
115800000000,0.00036306239706015433,3.880627893426357,0.7890770985003266,0.10260992497205734,-0.03627828136086464,1.0175881385803223,1.0503337383270264,1.0175881385803223,nan,0
116000000000,0.014604471107107058,3.894857820324047,0.7801930275102968,0.09682969003915787,-0.05903163179755211,1.009737491607666,1.0349822044372559,1.009737491607666,nan,0
116200000000,0.027983320818429375,3.9079440626368256,0.7679498528024948,0.08185344189405441,-0.06802048534154892,0.9945408701896667,1.0218093395233154,0.9945408701896667,nan,0
116400000000,0.03897321240685061,3.9184202817733813,0.7549515683051043,0.07229451835155487,-0.057133227586746216,0.9779597520828247,1.0064587593078613,0.9779597520828247,nan,0
116600000000,0.04904258484119645,3.9277825003160514,0.7421976660778771,0.06199001893401146,-0.07155396789312363,0.9706039428710938,1.008249044418335,0.9706039428710938,nan,0
116800000000,0.05856479983749582,3.936396767116366,0.7292251818431125,0.06032661721110344,-0.060911860316991806,0.9523254632949829,0.9858295321464539,0.9523254632949829,nan,0
117000000000,0.06729666467409305,3.9441041690740954,0.717400864158076,0.05839699134230614,-0.04990173876285553,0.952793300151825,0.9852140545845032,0.952793300151825,nan,0
117200000000,0.07519931634481773,3.9509263449454832,0.7058829145478432,0.04547129571437836,-0.05944781005382538,0.9380396008491516,0.9805660843849182,0.9380396008491516,nan,0
117400000000,0.08200375240818697,3.956656739470076,0.6936184216953174,0.040273454040288925,-0.05152349919080734,0.9338991641998291,0.9895886778831482,0.9338991641998291,nan,0
117600000000,0.08777261751283486,3.961400032394335,0.6823297172784649,0.03726525977253914,-0.053211990743875504,0.9237931966781616,0.9791083335876465,0.9237931966781616,nan,0
117800000000,0.09380880772343175,3.966250973569603,0.6716063254161477,0.0371684655547142,-0.05049007013440132,0.9189410209655762,0.9717433452606201,0.9189410209655762,nan,0
118000000000,0.099645087253017,3.9708443411460106,0.6620535431700086,0.029644528403878212,-0.04166784510016441,0.9127324223518372,0.9638896584510803,0.9127324223518372,nan,0
118200000000,0.10430415843651498,3.9744449308439136,0.6538008224596916,0.02391640841960907,-0.03071444481611252,0.918603241443634,0.9620413780212402,0.918603241443634,nan,0
118400000000,0.1091269074505552,3.9781162074878003,0.647914994370131,0.034051377326250076,-0.028786005452275276,0.900060772895813,0.9646558165550232,0.900060772895813,nan,0
118600000000,0.11448429730490889,3.982143119937181,0.6405141104294552,0.029980022460222244,-0.040745001286268234,0.9065636992454529,0.9618174433708191,0.9065636992454529,nan,0
118800000000,0.11928830272348628,3.9856949096415306,0.6335767669383435,0.026885492727160454,-0.015603925101459026,0.893421471118927,0.9600066542625427,0.893421471118927,nan,0
119000000000,0.12247105404842355,3.988025568848414,0.6299771873318912,0.01044534333050251,-0.008097677491605282,0.8879936337471008,0.9602231383323669,0.8879936337471008,nan,0
119200000000,0.1246337583969389,3.989602345326094,0.631131995782997,0.012556818313896656,0.015083211474120617,0.8884228467941284,0.9602694511413574,0.8884228467941284,nan,0
119400000000,0.12606811530021816,3.99065240467126,0.6320285945562352,0.007364134769886732,-0.017140522599220276,0.8902857899665833,0.955308198928833,0.8902857899665833,nan,0
119600000000,0.1272533081101232,3.9915152848810136,0.6264734340647455,0.011700838804244995,-0.0312371626496315,0.896614670753479,0.963640570640564,0.896614670753479,nan,0
119800000000,0.12899917658492355,3.9927721218205114,0.621099055768372,0.008146497420966625,-0.02294302172958851,0.8505529761314392,0.9626527428627014,0.8945973515510559,nan,0
120000000000,0.12675309300961463,3.9911795976489324,0.6163440498328309,-0.03938426077365875,-0.016900960355997086,0.748781681060791,0.9693421721458435,0.8928768634796143,nan,0
120200000000,0.11472654115284465,3.982722717303824,0.6086508020497428,-0.10419344902038574,-0.061525773257017136,0.6669872999191284,0.9734182357788086,0.9034442901611328,nan,0
120400000000,0.10123001257980355,3.9734306415410945,0.5954842738071181,-0.05369672551751137,-0.0866483598947525,0.5772550702095032,0.9869050979614258,0.9180811643600464,nan,0
120600000000,0.0952651951154036,3.9694441740339172,0.5800224925861908,-0.006729181855916977,-0.04268859699368477,0.4871004819869995,1.0044596195220947,0.9138761162757874,nan,0
120800000000,0.09424329870336229,3.96877955327203,0.5759326845241562,-0.02665954828262329,0.007404513657093048,0.49044129252433777,1.0216790437698364,0.9169189929962158,nan,0
121000000000,0.08933929354763068,3.965584838243071,0.5801323545872002,-0.02036431059241295,0.0476873517036438,0.6010029315948486,1.0235490798950195,0.9194461107254028,nan,0
121200000000,0.08710613849683761,3.96410721583668,0.5943579197361151,0.0032907044515013695,0.11268888413906097,0.7025952935218811,1.0104271173477173,0.9157633781433105,nan,0
121400000000,0.08803649593977994,3.9647599023559263,0.6229216522669405,0.010092195123434067,0.1691906601190567,0.7942405343055725,1.008029818534851,0.9152324795722961,nan,0
121600000000,0.08400068934204516,3.9616709963716286,0.6562719772565406,-0.10329017788171768,0.16768266260623932,0.9018738865852356,0.9739565253257751,0.9279389977455139,nan,0
121800000000,0.07007520021906331,3.9506073014657046,0.6899973446012557,-0.04509870707988739,0.173139750957489,0.9437708258628845,0.9843681454658508,0.9437708258628845,nan,0
122000000000,0.06762944211976166,3.9485813436996406,0.7247512886154543,0.02407548576593399,0.15305116772651672,0.9353101849555969,0.9736292958259583,0.9353101849555969,nan,0
122200000000,0.07176979184820793,3.952351886267786,0.7487358656881964,0.02692209742963314,0.06852376461029053,0.9450093507766724,0.9801539778709412,0.9450093507766724,nan,0
122400000000,0.07613678162992521,3.9564520680715614,0.7556797940831231,0.036039162427186966,-0.016984622925519943,0.9236945509910583,0.9719464778900146,0.9236945509910583,nan,0
122600000000,0.08191641947172297,3.9618548310772215,0.7457603137583877,0.03803608566522598,-0.08726456761360168,0.9116703271865845,0.962609052658081,0.9116703271865845,nan,0
122800000000,0.08790408845975897,3.967251315386335,0.7170598414209672,0.034046515822410583,-0.17389190196990967,0.9306642413139343,0.9603992700576782,0.9306642413139343,nan,0
123000000000,0.09327367982170397,3.9717586912258294,0.6805485956040209,0.041990622878074646,-0.24078316986560822,0.9149223566055298,0.9760072827339172,0.9149223566055298,nan,0
123200000000,0.098514686645104,3.9758038005365877,0.6277164591899262,0.037209153175354004,-0.3095289468765259,0.9150809645652771,0.9891840815544128,0.9150809645652771,nan,0
123400000000,0.10330044785483938,3.979083259217306,0.5658985256582338,0.025770477950572968,-0.3185141682624817,0.9107612371444702,0.9847550392150879,0.9107612371444702,nan,0
123600000000,0.1083397470295678,3.9820406935535564,0.5028771570251809,0.039196938276290894,-0.3201714754104614,0.9113932847976685,1.0244204998016357,0.9113932847976685,nan,0
123800000000,0.11513405122050359,3.985505036408113,0.43851733350954786,0.03978442773222923,-0.3315196633338928,0.8934381604194641,1.0361131429672241,0.8934381604194641,nan,0
124000000000,0.12253160897641104,3.9886798150058085,0.37370805678661134,0.04107999429106712,-0.3160814642906189,0.8756398558616638,1.0960756540298462,0.8756398558616638,nan,0
124200000000,0.13084860697841677,3.9916355646597417,0.3122576237812102,0.045599572360515594,-0.2952920198440552,0.8802683353424072,1.1261241436004639,0.8802683353424072,nan,0
124400000000,0.1409805984380086,3.99457366001215,0.25560128764428725,0.06344789266586304,-0.2559547424316406,0.8772332668304443,1.1863844394683838,0.8772332668304443,nan,0
124600000000,0.15340283888037812,3.997490934089357,0.20778761730928405,0.07178756594657898,-0.21184541285037994,0.8793113827705383,1.2274479866027832,0.8793113827705383,nan,0
124800000000,0.16638870259881489,3.999956331860532,0.16667470462062692,0.051060788333415985,-0.19828692078590393,0.869142472743988,1.2796258926391602,0.869142472743988,nan,0
125000000000,0.1743409556139119,4.001152751872337,0.12609273855535785,0.033759213984012604,-0.21996790170669556,0.8564328551292419,1.3287384510040283,0.8564328551292419,nan,0
125200000000,0.1818350057681962,4.0019148130671995,0.07859320835147061,0.052586622536182404,-0.29050517082214355,0.8546847701072693,1.3890303373336792,0.8546847701072693,nan,0
125400000000,0.19230289296701097,4.002419897334253,0.017227235396694886,0.05285066366195679,-0.33017295598983765,0.850838840007782,1.495085597038269,0.8512023091316223,nan,0
125600000000,0.20341862544240377,4.002241204038311,-0.050622620533202586,0.06221199035644531,-0.35904431343078613,0.8537499904632568,1.6586886644363403,0.8537499904632568,nan,0
125800000000,0.2168318135560373,4.0010492275927225,-0.12350518548564283,0.07813355326652527,-0.37461531162261963,0.8520156741142273,1.882732629776001,0.8520156741142273,nan,0
126000000000,0.23251394172300974,3.998485568325128,-0.20104206815541156,0.08134029805660248,-0.39728471636772156,0.8543684482574463,2.2340173721313477,0.8580837249755859,nan,0
126200000000,0.24881914891530257,3.9944747674361882,-0.2804909597023644,0.08277270942926407,-0.39954397082328796,0.8478115200996399,2.7506558895111084,0.8794793486595154,nan,0
126400000000,0.2646225055955422,3.9892258408414083,-0.3609105024649984,0.08362114429473877,-0.40617886185646057,0.8518525958061218,2.7609212398529053,0.889638364315033,nan,0
126600000000,0.27922365435320873,3.983042749840979,-0.4407580421096678,0.07177139073610306,-0.3802591860294342,0.8455923795700073,2.653146266937256,0.932719349861145,nan,0
126800000000,0.2929508338562638,3.975898649676057,-0.5169890896420581,0.08039817214012146,-0.3811080753803253,0.8567453026771545,2.50579571723938,0.9525559544563293,nan,0
127000000000,0.3082159156455156,3.966396923551692,-0.5933592801541887,0.10301435738801956,-0.3768182098865509,0.8622857928276062,2.4361817836761475,1.0082035064697266,nan,0
127200000000,0.324888476318456,3.95425139782272,-0.6643150955891868,0.10283702611923218,-0.3210408389568329,0.8779578804969788,3.4342291355133057,1.0609736442565918,nan,0
127400000000,0.34125637352109894,3.940580918423058,-0.72482589374412,0.11360140889883041,-0.26526933908462524,0.8790506720542908,nan,1.1226887702941895,nan,0
127600000000,0.35849938342250887,3.9244999198352795,-0.7741315736185864,0.11679936945438385,-0.2054741233587265,0.8955708742141724,nan,1.1833542585372925,nan,0
127800000000,0.37437130216196135,3.908378136453136,-0.8109434888679845,0.10762454569339752,-0.15546032786369324,0.9107454419136047,nan,1.238092064857483,nan,0
128000000000,0.38862468406818784,3.8929417976854674,-0.838256962343918,0.10570038855075836,-0.09138689190149307,0.9283778667449951,nan,1.258333683013916,nan,0
128200000000,0.40215385306150464,3.877684831068464,-0.8504689422254786,0.08649439364671707,-0.03433837741613388,0.9393565058708191,3.4147450923919678,1.3397936820983887,nan,0
128400000000,0.4128257708878086,3.8654780905580495,-0.8525872932960915,0.07288777083158493,0.018108148127794266,0.9425969123840332,3.3548924922943115,1.3307446241378784,nan,0
128600000000,0.42268826840352236,3.8542686469352874,-0.8438350325070662,0.07227198034524918,0.07897726446390152,0.9525445699691772,3.2650251388549805,1.3326733112335205,nan,0
128800000000,0.43293050041900877,3.8429606516400496,-0.8248841407839599,0.08823920041322708,0.12701374292373657,0.9732704162597656,3.145202398300171,1.2594935894012451,nan,0
129000000000,0.44549077616930693,3.829722036741157,-0.7981842145402143,0.09120547771453857,0.1474982351064682,0.9800302982330322,3.068178415298462,1.13470458984375,nan,0
129200000000,0.4584789856933784,3.8168187267547116,-0.7650281225461486,0.09457260370254517,0.19555982947349548,0.9878338575363159,2.985168218612671,1.0895897150039673,nan,0
129400000000,0.47215110227019563,3.8042203562559913,-0.7227614670744631,0.09489048272371292,0.2385435700416565,0.9958707094192505,2.90594220161438,1.1923171281814575,nan,0
129600000000,0.48567179525240234,3.792857311984059,-0.6726446276533784,0.08440228551626205,0.2766205370426178,1.0192978382110596,2.8190386295318604,1.23637056350708,nan,0
129800000000,0.49965780493193857,3.782368520793872,-0.6135198120414772,0.09492871910333633,0.3241446912288666,1.0300931930541992,2.7470908164978027,1.2056033611297607,nan,0
130000000000,0.5155517762001373,3.771957791542247,-0.5458330596339656,0.10186757147312164,0.36514541506767273,1.0447582006454468,2.6739633083343506,1.1623963117599487,nan,0
130200000000,0.5340306706181168,3.7616762080543524,-0.4701251159402349,0.11187232285737991,0.39351391792297363,1.036101222038269,1.6029140949249268,1.1457359790802002,nan,0
130400000000,0.5542518812461452,3.752408134989177,-0.38757690585060833,0.11132307350635529,0.4514386057853699,1.0592687129974365,1.6775060892105103,1.120782732963562,nan,0
130600000000,0.5752385624539091,3.744963499173483,-0.2921698116554998,0.10577280074357986,0.5098249316215515,1.0567914247512817,1.7666351795196533,1.1036187410354614,nan,0
130800000000,0.5956313043969353,3.7399686443910833,-0.18641563172066203,0.10794946551322937,0.5455562472343445,1.0729111433029175,1.8524037599563599,1.0870094299316406,nan,0
131000000000,0.6170782423579676,3.7371254323026704,-0.07712867805192962,0.10859309881925583,0.5447382926940918,1.0812612771987915,1.9438341856002808,1.0812612771987915,nan,0
131200000000,0.64034992558125,3.73662129241463,0.030771086523935873,0.12294445931911469,0.5341724157333374,1.0812674760818481,1.870200276374817,1.0812674760818481,nan,0
131400000000,0.6657517122104383,3.738755446428959,0.13078565319251714,0.14835411310195923,0.418924480676651,1.0732649564743042,1.6443086862564087,1.0732649564743042,nan,0
131600000000,0.6969577829538937,3.7441485427776473,0.20688953767908536,0.1707541048526764,0.3197188079357147,1.0796961784362793,1.5117477178573608,1.0796961784362793,nan,0
131800000000,0.729837534692727,3.752073529199522,0.26309042114151265,0.17811709642410278,0.2284114509820938,1.0520812273025513,1.4180572032928467,1.0520812273025513,nan,0
132000000000,0.7635389443560036,3.7619182957140223,0.3034630805399619,0.1722387671470642,0.16881832480430603,1.0503931045532227,1.3542207479476929,1.0503931045532227,nan,0
132200000000,0.796594714675504,3.772821615331849,0.33114567129930156,0.173532173037529,0.09045053273439407,1.038731575012207,1.3030818700790405,1.038731575012207,nan,0
132400000000,0.8285872424572477,3.784069267050874,0.3418816528078634,0.1622147113084793,-0.00302403187379241,1.025085210800171,1.2714321613311768,1.025085210800171,nan,0
132600000000,0.858638420052137,3.7947030592916073,0.33610917116941136,0.1601976901292801,-0.0725942999124527,1.0187911987304688,1.2720891237258911,1.0187911987304688,nan,0
132800000000,0.8888063805345744,3.8049212250600997,0.3144001848722142,0.16036951541900635,-0.15114350616931915,0.9968695640563965,1.2782188653945923,0.9968695640563965,nan,0
133000000000,0.9194896377131849,3.8143343480689915,0.2796460861685304,0.16515672206878662,-0.19368208944797516,0.9725868701934814,1.2880661487579346,0.9725868701934814,nan,0
133200000000,0.9517705597043443,3.8228952521445128,0.23810764286771732,0.1738080084323883,-0.21536584198474884,0.9676968455314636,1.3358128070831299,0.9676968455314636,nan,0
133400000000,0.9861436718816607,3.8304444837448135,0.1942327319844297,0.18472672998905182,-0.2201453298330307,0.9648903012275696,1.3531923294067383,0.9648903012275696,nan,0
133600000000,1.022355265438618,3.8367547363913914,0.1508428351992659,0.1817760020494461,-0.21079006791114807,0.9386574625968933,1.4148519039154053,0.9386574625968933,nan,0
133800000000,1.059727171711245,3.841603598974803,0.10756486974543276,0.19963522255420685,-0.21275071799755096,0.94415682554245,1.4571477174758911,0.94415682554245,nan,0
134000000000,1.0994437715485177,3.84505315184897,0.0661808197106237,0.19592183828353882,-0.19159899652004242,0.9277456998825073,1.5254113674163818,0.9277456998825073,nan,0
134200000000,1.1390733961376385,3.8469363992449037,0.02978324928850171,0.19926880300045013,-0.15516254305839539,0.9193543791770935,1.5885015726089478,0.9193543791770935,nan,0
134400000000,1.1785709827199655,3.8475544279258407,0.002662441569030815,0.19117183983325958,-0.14432638883590698,0.9094222187995911,1.6340768337249756,0.9094222187995911,nan,0
134600000000,1.2152891982706058,3.847087756808135,-0.03007984818765788,0.1716390699148178,-0.1882607340812683,0.9202907681465149,1.702316164970398,0.9202907681465149,nan,0
134800000000,1.2493521650474864,3.845382645844214,-0.07175119802014533,0.1696399450302124,-0.2383240908384323,0.9154613018035889,1.8397549390792847,0.9184632897377014,nan,0
135000000000,1.2833572397134292,3.84211808296841,-0.11898294460169039,0.1731112003326416,-0.23740121722221375,0.9099114537239075,1.978074073791504,0.9150274991989136,nan,0
135200000000,1.318315277037239,3.8370808570721815,-0.16654189309011105,0.18535666167736053,-0.2354566901922226,0.9051717519760132,2.131627321243286,0.9060335159301758,nan,0
135400000000,1.355507959830711,3.8299163783524115,-0.21428765790727614,0.1903611570596695,-0.2308725267648697,0.9089130163192749,2.203782796859741,0.9379723072052002,nan,0
135600000000,1.394063828879748,3.8206023443967023,-0.2579397480413513,0.2031618058681488,-0.20327818393707275,0.9059427380561829,2.295041561126709,0.9386399984359741,nan,0
135800000000,1.4332199629239688,3.8094362367177634,-0.29653834969242815,0.20788951218128204,-0.17431485652923584,0.9167246222496033,3.011568069458008,0.9406130313873291,nan,0
136000000000,1.472220122174448,3.7967799934149182,-0.33057077678330793,0.20379848778247833,-0.15755900740623474,0.9369389414787292,2.9643242359161377,0.9584190249443054,nan,0
136200000000,1.5116681487424326,3.7825478998251185,-0.36101103648058375,0.22009137272834778,-0.1393449306488037,0.9379222989082336,2.9335622787475586,0.9900460243225098,nan,0
136400000000,1.553349679746993,3.7661259552129143,-0.38962391534628904,0.22166597843170166,-0.1415214091539383,0.9461983442306519,2.87685489654541,1.0059852600097656,nan,0
136600000000,1.5906037272548825,3.7501378058048496,-0.4257126397013214,0.17199130356311798,-0.24134400486946106,0.9518414735794067,2.8412938117980957,1.013717532157898,nan,0
136800000000,1.6192310815439759,3.736274186902511,-0.48033334326383886,0.14906896650791168,-0.3192245364189148,0.9665461778640747,2.7914557456970215,1.0610986948013306,nan,0
137000000000,1.6448050318359726,3.72186709529211,-0.5474076878287379,0.14170125126838684,-0.3651143014431,0.9769178628921509,2.6448521614074707,1.1002923250198364,nan,0
137200000000,1.6693747497612477,3.7055826430472356,-0.6232763834340153,0.14971700310707092,-0.3882450759410858,0.9909557104110718,2.6375832557678223,1.1642013788223267,nan,0
137400000000,1.6927388494273055,3.6873774716875505,-0.7003497036477228,0.15012580156326294,-0.3704362213611603,1.0048130750656128,2.6965901851654053,1.2496119737625122,nan,0
137600000000,1.7153736720924617,3.6668524540779788,-0.7703838379822305,0.16509434580802917,-0.32243242859840393,1.010435700416565,2.7074410915374756,1.3448532819747925,nan,0
137800000000,1.7391822859058135,3.642243762364075,-0.8308577743291193,0.1840101033449173,-0.28121668100357056,1.0528160333633423,2.6465938091278076,1.4252769947052002,nan,0
138000000000,1.7638796977711415,3.6136833889178153,-0.8824432329778235,0.18754160404205322,-0.22707045078277588,1.0754566192626953,2.599459171295166,1.5419994592666626,nan,0
138200000000,1.7876234809494431,3.583487117174064,-0.9248613629803004,0.201647087931633,-0.1970425844192505,1.0922493934631348,2.5858373641967773,1.6484113931655884,nan,0
138400000000,1.8107465562027603,3.551614323265714,-0.9604904787796759,0.190646693110466,-0.16033922135829926,1.1106561422348022,2.524528980255127,1.7450436353683472,nan,0
138600000000,1.8317246702542118,3.5206458736437782,-0.9894046705787292,0.1840633600950241,-0.13576442003250122,1.1598145961761475,2.52358078956604,1.878175973892212,nan,0
138800000000,1.8508845188677907,3.49063867601096,-1.0158377780592887,0.17298543453216553,-0.12604458630084991,1.1709564924240112,2.463151216506958,1.992906928062439,nan,0
139000000000,1.8685064431737581,3.461437939445157,-1.0395527012070451,0.16727706789970398,-0.10954739153385162,1.2051156759262085,2.445904016494751,2.0843119621276855,nan,0
139200000000,1.884968940175095,3.4327269960411164,-1.060618334421298,0.1671472042798996,-0.10620132088661194,1.2369177341461182,2.4093756675720215,2.206162929534912,nan,0
139400000000,1.899999436954477,3.4052465300423878,-1.080299318263884,0.1425102949142456,-0.08767962455749512,1.2491918802261353,2.3764984607696533,2.3181350231170654,nan,0
139600000000,1.9122859770703033,3.3817575184624884,-1.0981375427832367,0.12620162963867188,-0.08575921505689621,1.2688806056976318,2.36572003364563,2.4382669925689697,nan,0
139800000000,1.9234599015149711,3.3594655709914822,-1.1137231577642857,0.11758086830377579,-0.06978636980056763,1.3027724027633667,2.3434391021728516,2.5226569175720215,nan,0
140000000000,1.9337593971485851,3.3382031266767775,-1.1246188585486545,0.11856987327337265,-0.04393000155687332,1.3303533792495728,2.3060715198516846,2.4562551975250244,nan,0
140200000000,1.943593124292577,3.3174415081080033,-1.1319576610446076,0.10521738231182098,-0.039916008710861206,1.3442485332489014,2.2876651287078857,2.347750663757324,nan,0
140400000000,1.9522571058668063,3.298798930863049,-1.1392182069233707,0.09751924872398376,-0.03390999510884285,1.3595569133758545,2.286970615386963,2.3101563453674316,nan,0
140600000000,1.960191401238139,3.281436216778925,-1.1447789493432716,0.09754367917776108,-0.012567630037665367,1.3751204013824463,2.266500473022461,2.2462947368621826,nan,0
140800000000,1.9676348725245905,3.2650014341156077,-1.1454702703602841,0.08081326633691788,0.018882423639297485,1.381782054901123,2.2730093002319336,2.2291460037231445,nan,0
141000000000,1.9741245410527175,3.2507496860037977,-1.1412506635773672,0.07488605380058289,0.019053613767027855,1.397862434387207,2.249072313308716,2.2291321754455566,nan,0
141200000000,1.980028181777731,3.2379229943242507,-1.1374841567423097,0.0650380551815033,0.014852979220449924,1.418371319770813,2.2397618293762207,2.2082462310791016,nan,0
141400000000,1.9852512108201958,3.2266695188618444,-1.134892925337199,0.054730597883462906,0.009199026972055435,1.4355144500732422,2.2234976291656494,2.215898275375366,nan,0
141600000000,1.9895081433178923,3.217550311769718,-1.1332227710007,0.04557602107524872,0.015051216818392277,1.4463527202606201,2.2418723106384277,2.1879098415374756,nan,0
141800000000,1.9926737134027788,3.2108075087406367,-1.1306091299076724,0.03607025742530823,0.011900690384209156,1.4238276481628418,2.2142879962921143,2.2087209224700928,nan,0
142000000000,1.9955606206181293,3.2046951874081366,-1.1283662818859619,0.033266376703977585,0.009878543205559254,1.29136323928833,2.2191121578216553,2.164050579071045,nan,0
