sim_time,obstacle_x,obstacle_y
15.055000000,2.055000000,0.000000000
15.061000000,2.061000000,0.000000000
15.067000000,2.067000000,0.000000000
15.074000000,2.074000000,0.000000000
15.082000000,2.082000000,0.000000000
15.085000000,2.085000000,0.000000000
15.091000000,2.091000000,0.000000000
15.100000000,2.100000000,0.000000000
15.106000000,2.106000000,0.000000000
15.114000000,2.114000000,0.000000000
15.125000000,2.125000000,0.000000000
15.130000000,2.130000000,0.000000000
15.138000000,2.138000000,0.000000000
15.146000000,2.146000000,0.000000000
15.156000000,2.156000000,0.000000000
15.162000000,2.162000000,0.000000000
15.170000000,2.170000000,0.000000000
15.179000000,2.179000000,0.000000000
15.191000000,2.191000000,0.000000000
15.201000000,2.201000000,0.000000000
15.208000000,2.208000000,0.000000000
15.215000000,2.215000000,0.000000000
15.224000000,2.224000000,0.000000000
15.239000000,2.239000000,0.000000000
15.245000000,2.245000000,0.000000000
15.249000000,2.249000000,0.000000000
15.252000000,2.252000000,0.000000000
15.258000000,2.258000000,0.000000000
15.265000000,2.265000000,0.000000000
15.271000000,2.271000000,0.000000000
15.278000000,2.278000000,0.000000000
15.291000000,2.291000000,0.000000000
15.301000000,2.301000000,0.000000000
15.312000000,2.312000000,0.000000000
15.328000000,2.328000000,0.000000000
15.335000000,2.335000000,0.000000000
15.341000000,2.341000000,0.000000000
15.348000000,2.348000000,0.000000000
15.354000000,2.354000000,0.000000000
15.369000000,2.369000000,0.000000000
15.376000000,2.376000000,0.000000000
15.381000000,2.381000000,0.000000000
15.390000000,2.390000000,0.000000000
15.401000000,2.401000000,0.000000000
15.410000000,2.410000000,0.000000000
15.420000000,2.420000000,0.000000000
15.428000000,2.428000000,0.000000000
15.441000000,2.441000000,0.000000000
15.455000000,2.455000000,0.000000000
15.461000000,2.461000000,0.000000000
15.471000000,2.471000000,0.000000000
15.474000000,2.474000000,0.000000000
15.486000000,2.486000000,0.000000000
15.495000000,2.495000000,0.000000000
15.500000000,2.500000000,0.000000000
15.508000000,2.508000000,0.000000000
15.524000000,2.524000000,0.000000000
15.536000000,2.536000000,0.000000000
15.552000000,2.552000000,0.000000000
15.569000000,2.569000000,0.000000000
15.583000000,2.583000000,0.000000000
15.594000000,2.594000000,0.000000000
15.609000000,2.609000000,0.000000000
15.623000000,2.623000000,0.000000000
15.637000000,2.637000000,0.000000000
15.651000000,2.651000000,0.000000000
15.660000000,2.660000000,0.000000000
15.672000000,2.672000000,0.000000000
15.685000000,2.685000000,0.000000000
15.691000000,2.691000000,0.000000000
15.700000000,2.700000000,0.000000000
15.712000000,2.712000000,0.000000000
15.719000000,2.719000000,0.000000000
15.725000000,2.725000000,0.000000000
15.739000000,2.739000000,0.000000000
15.745000000,2.745000000,0.000000000
15.756000000,2.756000000,0.000000000
15.770000000,2.770000000,0.000000000
15.780000000,2.780000000,0.000000000
15.795000000,2.795000000,0.000000000
15.802000000,2.802000000,0.000000000
15.815000000,2.815000000,0.000000000
15.824000000,2.824000000,0.000000000
15.836000000,2.836000000,0.000000000
15.845000000,2.845000000,0.000000000
15.855000000,2.855000000,0.000000000
15.865000000,2.865000000,0.000000000
15.874000000,2.874000000,0.000000000
15.884000000,2.884000000,0.000000000
15.889000000,2.889000000,0.000000000
15.898000000,2.898000000,0.000000000
15.910000000,2.910000000,0.000000000
15.918000000,2.918000000,0.000000000
15.930000000,2.930000000,0.000000000
15.939000000,2.939000000,0.000000000
15.951000000,2.951000000,0.000000000
15.960000000,2.960000000,0.000000000
15.971000000,2.971000000,0.000000000
15.987000000,2.987000000,0.000000000
16.001000000,3.001000000,0.000000000
16.007000000,3.007000000,0.000000000
16.014000000,3.014000000,0.000000000
16.022000000,3.022000000,0.000000000
16.032000000,3.032000000,0.000000000
16.037000000,3.037000000,0.000000000
16.048000000,3.048000000,0.000000000
16.055000000,3.055000000,0.000000000
16.064000000,3.064000000,0.000000000
16.073000000,3.073000000,0.000000000
16.083000000,3.083000000,0.000000000
16.096000000,3.096000000,0.000000000
16.109000000,3.109000000,0.000000000
16.126000000,3.126000000,0.000000000
16.142000000,3.142000000,0.000000000
16.152000000,3.152000000,0.000000000
16.162000000,3.162000000,0.000000000
16.174000000,3.174000000,0.000000000
16.192000000,3.192000000,0.000000000
16.207000000,3.207000000,0.000000000
16.215000000,3.215000000,0.000000000
16.227000000,3.227000000,0.000000000
16.244000000,3.244000000,0.000000000
16.259000000,3.259000000,0.000000000
16.275000000,3.275000000,0.000000000
16.284000000,3.284000000,0.000000000
16.294000000,3.294000000,0.000000000
16.305000000,3.305000000,0.000000000
16.316000000,3.316000000,0.000000000
16.330000000,3.330000000,0.000000000
16.344000000,3.344000000,0.000000000
16.357000000,3.357000000,0.000000000
16.371000000,3.371000000,0.000000000
16.377000000,3.377000000,0.000000000
16.392000000,3.392000000,0.000000000
16.401000000,3.401000000,0.000000000
16.410000000,3.410000000,0.000000000
16.419000000,3.419000000,0.000000000
16.425000000,3.425000000,0.000000000
16.431000000,3.431000000,0.000000000
16.441000000,3.441000000,0.000000000
16.458000000,3.458000000,0.000000000
16.470000000,3.470000000,0.000000000
16.484000000,3.484000000,0.000000000
16.492000000,3.492000000,0.000000000
16.504000000,3.504000000,0.000000000
16.510000000,3.510000000,0.000000000
16.522000000,3.522000000,0.000000000
16.535000000,3.535000000,0.000000000
16.552000000,3.552000000,0.000000000
16.566000000,3.566000000,0.000000000
16.574000000,3.574000000,0.000000000
16.588000000,3.588000000,0.000000000
16.600000000,3.600000000,0.000000000
16.614000000,3.614000000,0.000000000
16.622000000,3.622000000,0.000000000
16.631000000,3.631000000,0.000000000
16.641000000,3.641000000,0.000000000
16.650000000,3.650000000,0.000000000
16.656000000,3.656000000,0.000000000
16.663000000,3.663000000,0.000000000
16.671000000,3.671000000,0.000000000
16.681000000,3.681000000,0.000000000
16.695000000,3.695000000,0.000000000
16.711000000,3.711000000,0.000000000
16.727000000,3.727000000,0.000000000
16.738000000,3.738000000,0.000000000
16.749000000,3.749000000,0.000000000
16.760000000,3.760000000,0.000000000
16.767000000,3.767000000,0.000000000
16.773000000,3.773000000,0.000000000
16.781000000,3.781000000,0.000000000
16.787000000,3.787000000,0.000000000
16.795000000,3.795000000,0.000000000
16.802000000,3.802000000,0.000000000
16.804000000,3.804000000,0.000000000
16.810000000,3.810000000,0.000000000
16.822000000,3.822000000,0.000000000
16.832000000,3.832000000,0.000000000
16.842000000,3.842000000,0.000000000
16.850000000,3.850000000,0.000000000
16.861000000,3.861000000,0.000000000
16.870000000,3.870000000,0.000000000
16.883000000,3.883000000,0.000000000
16.888000000,3.888000000,0.000000000
16.892000000,3.892000000,0.000000000
16.899000000,3.899000000,0.000000000
16.908000000,3.908000000,0.000000000
16.920000000,3.920000000,0.000000000
16.927000000,3.927000000,0.000000000
16.939000000,3.939000000,0.000000000
16.952000000,3.952000000,0.000000000
16.961000000,3.961000000,0.000000000
16.978000000,3.978000000,0.000000000
16.994000000,3.994000000,0.000000000
17.003000000,4.003000000,0.000000000
17.016000000,4.016000000,0.000000000
17.023000000,4.023000000,0.000000000
17.029000000,4.029000000,0.000000000
17.036000000,4.036000000,0.000000000
17.047000000,4.047000000,0.000000000
17.059000000,4.059000000,0.000000000
17.073000000,4.073000000,0.000000000
17.086000000,4.086000000,0.000000000
17.099000000,4.099000000,0.000000000
17.112000000,4.112000000,0.000000000
17.127000000,4.127000000,0.000000000
17.141000000,4.141000000,0.000000000
17.156000000,4.156000000,0.000000000
17.167000000,4.167000000,0.000000000
17.178000000,4.178000000,0.000000000
17.190000000,4.190000000,0.000000000
17.198000000,4.198000000,0.000000000
17.206000000,4.206000000,0.000000000
17.211000000,4.211000000,0.000000000
17.214000000,4.214000000,0.000000000
17.223000000,4.223000000,0.000000000
17.232000000,4.232000000,0.000000000
17.244000000,4.244000000,0.000000000
17.256000000,4.256000000,0.000000000
17.265000000,4.265000000,0.000000000
17.272000000,4.272000000,0.000000000
17.276000000,4.276000000,0.000000000
17.281000000,4.281000000,0.000000000
17.292000000,4.292000000,0.000000000
17.297000000,4.297000000,0.000000000
17.302000000,4.302000000,0.000000000
17.310000000,4.310000000,0.000000000
17.323000000,4.323000000,0.000000000
17.328000000,4.328000000,0.000000000
17.343000000,4.343000000,0.000000000
17.352000000,4.352000000,0.000000000
17.363000000,4.363000000,0.000000000
17.377000000,4.377000000,0.000000000
17.391000000,4.391000000,0.000000000
17.402000000,4.402000000,0.000000000
17.409000000,4.409000000,0.000000000
17.425000000,4.425000000,0.000000000
17.430000000,4.430000000,0.000000000
17.435000000,4.435000000,0.000000000
17.446000000,4.446000000,0.000000000
17.463000000,4.463000000,0.000000000
17.467000000,4.467000000,0.000000000
17.475000000,4.475000000,0.000000000
17.484000000,4.484000000,0.000000000
17.493000000,4.493000000,0.000000000
17.500000000,4.500000000,0.000000000
17.506000000,4.506000000,0.000000000
17.518000000,4.518000000,0.000000000
17.526000000,4.526000000,0.000000000
17.538000000,4.538000000,0.000000000
17.553000000,4.553000000,0.000000000
17.561000000,4.561000000,0.000000000
17.570000000,4.570000000,0.000000000
17.585000000,4.585000000,0.000000000
17.594000000,4.594000000,0.000000000
17.603000000,4.603000000,0.000000000
17.607000000,4.607000000,0.000000000
17.612000000,4.612000000,0.000000000
17.620000000,4.620000000,0.000000000
17.626000000,4.626000000,0.000000000
17.632000000,4.632000000,0.000000000
17.641000000,4.641000000,0.000000000
17.650000000,4.650000000,0.000000000
17.656000000,4.656000000,0.000000000
17.670000000,4.670000000,0.000000000
17.676000000,4.676000000,0.000000000
17.684000000,4.684000000,0.000000000
17.701000000,4.701000000,0.000000000
17.710000000,4.710000000,0.000000000
17.725000000,4.725000000,0.000000000
17.731000000,4.731000000,0.000000000
17.744000000,4.744000000,0.000000000
17.756000000,4.756000000,0.000000000
17.770000000,4.770000000,0.000000000
17.778000000,4.778000000,0.000000000
17.785000000,4.785000000,0.000000000
17.796000000,4.796000000,0.000000000
17.809000000,4.809000000,0.000000000
17.823000000,4.823000000,0.000000000
17.829000000,4.829000000,0.000000000
17.840000000,4.840000000,0.000000000
17.845000000,4.845000000,0.000000000
17.854000000,4.854000000,0.000000000
17.864000000,4.864000000,0.000000000
17.874000000,4.874000000,0.000000000
17.886000000,4.886000000,0.000000000
17.901000000,4.901000000,0.000000000
17.915000000,4.915000000,0.000000000
17.928000000,4.928000000,0.000000000
17.936000000,4.936000000,0.000000000
17.942000000,4.942000000,0.000000000
17.949000000,4.949000000,0.000000000
17.955000000,4.955000000,0.000000000
17.962000000,4.962000000,0.000000000
17.967000000,4.967000000,0.000000000
17.973000000,4.973000000,0.000000000
17.980000000,4.980000000,0.000000000
17.986000000,4.986000000,0.000000000
17.995000000,4.995000000,0.000000000
18.006000000,4.994000000,0.000000000
18.018000000,4.982000000,0.000000000
18.031000000,4.969000000,0.000000000
18.040000000,4.960000000,0.000000000
18.045000000,4.955000000,0.000000000
18.052000000,4.948000000,0.000000000
18.057000000,4.943000000,0.000000000
18.068000000,4.932000000,0.000000000
18.081000000,4.919000000,0.000000000
18.089000000,4.911000000,0.000000000
18.098000000,4.902000000,0.000000000
18.102000000,4.898000000,0.000000000
18.111000000,4.889000000,0.000000000
18.124000000,4.876000000,0.000000000
18.136000000,4.864000000,0.000000000
18.147000000,4.853000000,0.000000000
18.157000000,4.843000000,0.000000000
18.168000000,4.832000000,0.000000000
18.177000000,4.823000000,0.000000000
18.183000000,4.817000000,0.000000000
18.200000000,4.800000000,0.000000000
18.204000000,4.796000000,0.000000000
18.209000000,4.791000000,0.000000000
18.218000000,4.782000000,0.000000000
18.231000000,4.769000000,0.000000000
18.246000000,4.754000000,0.000000000
18.260000000,4.740000000,0.000000000
18.276000000,4.724000000,0.000000000
18.292000000,4.708000000,0.000000000
18.300000000,4.700000000,0.000000000
18.308000000,4.692000000,0.000000000
18.323000000,4.677000000,0.000000000
18.332000000,4.668000000,0.000000000
18.344000000,4.656000000,0.000000000
18.352000000,4.648000000,0.000000000
18.363000000,4.637000000,0.000000000
18.375000000,4.625000000,0.000000000
18.383000000,4.617000000,0.000000000
18.393000000,4.607000000,0.000000000
18.406000000,4.594000000,0.000000000
18.419000000,4.581000000,0.000000000
18.433000000,4.567000000,0.000000000
18.444000000,4.556000000,0.000000000
18.455000000,4.545000000,0.000000000
18.464000000,4.536000000,0.000000000
18.476000000,4.524000000,0.000000000
18.486000000,4.514000000,0.000000000
18.499000000,4.501000000,0.000000000
18.508000000,4.492000000,0.000000000
18.513000000,4.487000000,0.000000000
18.521000000,4.479000000,0.000000000
18.536000000,4.464000000,0.000000000
18.544000000,4.456000000,0.000000000
18.551000000,4.449000000,0.000000000
18.557000000,4.443000000,0.000000000
18.567000000,4.433000000,0.000000000
18.573000000,4.427000000,0.000000000
18.584000000,4.416000000,0.000000000
18.592000000,4.408000000,0.000000000
18.600000000,4.400000000,0.000000000
18.606000000,4.394000000,0.000000000
18.616000000,4.384000000,0.000000000
18.626000000,4.374000000,0.000000000
18.636000000,4.364000000,0.000000000
18.647000000,4.353000000,0.000000000
18.654000000,4.346000000,0.000000000
18.662000000,4.338000000,0.000000000
18.669000000,4.331000000,0.000000000
18.675000000,4.325000000,0.000000000
18.682000000,4.318000000,0.000000000
18.693000000,4.307000000,0.000000000
18.708000000,4.292000000,0.000000000
18.715000000,4.285000000,0.000000000
18.726000000,4.274000000,0.000000000
18.740000000,4.260000000,0.000000000
18.753000000,4.247000000,0.000000000
18.768000000,4.232000000,0.000000000
18.780000000,4.220000000,0.000000000
18.788000000,4.212000000,0.000000000
18.795000000,4.205000000,0.000000000
18.804000000,4.196000000,0.000000000
18.813000000,4.187000000,0.000000000
18.816000000,4.184000000,0.000000000
18.831000000,4.169000000,0.000000000
18.837000000,4.163000000,0.000000000
18.849000000,4.151000000,0.000000000
18.858000000,4.142000000,0.000000000
18.867000000,4.133000000,0.000000000
18.873000000,4.127000000,0.000000000
18.881000000,4.119000000,0.000000000
18.896000000,4.104000000,0.000000000
18.912000000,4.088000000,0.000000000
18.927000000,4.073000000,0.000000000
18.939000000,4.061000000,0.000000000
18.949000000,4.051000000,0.000000000
18.961000000,4.039000000,0.000000000
18.968000000,4.032000000,0.000000000
18.976000000,4.024000000,0.000000000
18.989000000,4.011000000,0.000000000
18.998000000,4.002000000,0.000000000
19.002000000,3.998000000,0.000000000
19.012000000,3.988000000,0.000000000
19.021000000,3.979000000,0.000000000
19.025000000,3.975000000,0.000000000
19.030000000,3.970000000,0.000000000
19.035000000,3.965000000,0.000000000
19.048000000,3.952000000,0.000000000
19.063000000,3.937000000,0.000000000
19.070000000,3.930000000,0.000000000
19.075000000,3.925000000,0.000000000
19.089000000,3.911000000,0.000000000
19.103000000,3.897000000,0.000000000
19.111000000,3.889000000,0.000000000
19.128000000,3.872000000,0.000000000
19.137000000,3.863000000,0.000000000
19.149000000,3.851000000,0.000000000
19.161000000,3.839000000,0.000000000
19.175000000,3.825000000,0.000000000
19.184000000,3.816000000,0.000000000
19.195000000,3.805000000,0.000000000
19.203000000,3.797000000,0.000000000
19.206000000,3.794000000,0.000000000
19.219000000,3.781000000,0.000000000
19.230000000,3.770000000,0.000000000
19.242000000,3.758000000,0.000000000
19.249000000,3.751000000,0.000000000
19.261000000,3.739000000,0.000000000
19.267000000,3.733000000,0.000000000
19.274000000,3.726000000,0.000000000
19.289000000,3.711000000,0.000000000
19.301000000,3.699000000,0.000000000
19.318000000,3.682000000,0.000000000
19.333000000,3.667000000,0.000000000
19.350000000,3.650000000,0.000000000
19.367000000,3.633000000,0.000000000
19.375000000,3.625000000,0.000000000
19.390000000,3.610000000,0.000000000
19.404000000,3.596000000,0.000000000
19.416000000,3.584000000,0.000000000
19.426000000,3.574000000,0.000000000
19.439000000,3.561000000,0.000000000
19.453000000,3.547000000,0.000000000
19.462000000,3.538000000,0.000000000
19.471000000,3.529000000,0.000000000
19.476000000,3.524000000,0.000000000
19.489000000,3.511000000,0.000000000
19.505000000,3.495000000,0.000000000
19.515000000,3.485000000,0.000000000
19.528000000,3.472000000,0.000000000
19.542000000,3.458000000,0.000000000
19.555000000,3.445000000,0.000000000
19.568000000,3.432000000,0.000000000
19.586000000,3.414000000,0.000000000
19.600000000,3.400000000,0.000000000
19.612000000,3.388000000,0.000000000
19.624000000,3.376000000,0.000000000
19.640000000,3.360000000,0.000000000
19.654000000,3.346000000,0.000000000
19.667000000,3.333000000,0.000000000
19.680000000,3.320000000,0.000000000
19.688000000,3.312000000,0.000000000
19.694000000,3.306000000,0.000000000
19.704000000,3.296000000,0.000000000
19.712000000,3.288000000,0.000000000
19.722000000,3.278000000,0.000000000
19.731000000,3.269000000,0.000000000
19.740000000,3.260000000,0.000000000
19.751000000,3.249000000,0.000000000
19.760000000,3.240000000,0.000000000
19.777000000,3.223000000,0.000000000
19.788000000,3.212000000,0.000000000
19.802000000,3.198000000,0.000000000
19.819000000,3.181000000,0.000000000
19.835000000,3.165000000,0.000000000
19.848000000,3.152000000,0.000000000
19.862000000,3.138000000,0.000000000
19.868000000,3.132000000,0.000000000
19.874000000,3.126000000,0.000000000
19.884000000,3.116000000,0.000000000
19.899000000,3.101000000,0.000000000
19.917000000,3.083000000,0.000000000
19.924000000,3.076000000,0.000000000
19.934000000,3.066000000,0.000000000
19.942000000,3.058000000,0.000000000
19.955000000,3.045000000,0.000000000
19.960000000,3.040000000,0.000000000
19.966000000,3.034000000,0.000000000
19.979000000,3.021000000,0.000000000
19.986000000,3.014000000,0.000000000
19.993000000,3.007000000,0.000000000
20.993000000,3.000000000,0.000000000
20.007000000,2.993000000,0.000000000
20.015000000,2.985000000,0.000000000
20.022000000,2.978000000,0.000000000
20.031000000,2.969000000,0.000000000
20.037000000,2.963000000,0.000000000
20.047000000,2.953000000,0.000000000
20.057000000,2.943000000,0.000000000
20.063000000,2.937000000,0.000000000
20.070000000,2.930000000,0.000000000
20.080000000,2.920000000,0.000000000
20.091000000,2.909000000,0.000000000
20.102000000,2.898000000,0.000000000
20.109000000,2.891000000,0.000000000
20.116000000,2.884000000,0.000000000
20.132000000,2.868000000,0.000000000
20.149000000,2.851000000,0.000000000
20.164000000,2.836000000,0.000000000
20.173000000,2.827000000,0.000000000
20.178000000,2.822000000,0.000000000
20.185000000,2.815000000,0.000000000
20.199000000,2.801000000,0.000000000
20.207000000,2.793000000,0.000000000
20.215000000,2.785000000,0.000000000
20.223000000,2.777000000,0.000000000
20.229000000,2.771000000,0.000000000
20.237000000,2.763000000,0.000000000
20.250000000,2.750000000,0.000000000
20.255000000,2.745000000,0.000000000
20.267000000,2.733000000,0.000000000
20.278000000,2.722000000,0.000000000
20.291000000,2.709000000,0.000000000
20.308000000,2.692000000,0.000000000
20.316000000,2.684000000,0.000000000
20.326000000,2.674000000,0.000000000
20.337000000,2.663000000,0.000000000
20.349000000,2.651000000,0.000000000
20.360000000,2.640000000,0.000000000
20.368000000,2.632000000,0.000000000
20.374000000,2.626000000,0.000000000
20.390000000,2.610000000,0.000000000
20.397000000,2.603000000,0.000000000
20.404000000,2.596000000,0.000000000
20.420000000,2.580000000,0.000000000
20.430000000,2.570000000,0.000000000
20.441000000,2.559000000,0.000000000
20.456000000,2.544000000,0.000000000
20.462000000,2.538000000,0.000000000
20.474000000,2.526000000,0.000000000
20.485000000,2.515000000,0.000000000
20.493000000,2.507000000,0.000000000
20.504000000,2.496000000,0.000000000
20.519000000,2.481000000,0.000000000
20.536000000,2.464000000,0.000000000
20.543000000,2.457000000,0.000000000
20.555000000,2.445000000,0.000000000
20.567000000,2.433000000,0.000000000
20.581000000,2.419000000,0.000000000
20.591000000,2.409000000,0.000000000
20.603000000,2.397000000,0.000000000
20.614000000,2.386000000,0.000000000
20.627000000,2.373000000,0.000000000
20.641000000,2.359000000,0.000000000
20.650000000,2.350000000,0.000000000
20.661000000,2.339000000,0.000000000
20.670000000,2.330000000,0.000000000
20.687000000,2.313000000,0.000000000
20.702000000,2.298000000,0.000000000
20.715000000,2.285000000,0.000000000
20.725000000,2.275000000,0.000000000
20.732000000,2.268000000,0.000000000
20.739000000,2.261000000,0.000000000
20.747000000,2.253000000,0.000000000
20.751000000,2.249000000,0.000000000
20.760000000,2.240000000,0.000000000
20.772000000,2.228000000,0.000000000
20.782000000,2.218000000,0.000000000
20.789000000,2.211000000,0.000000000
20.795000000,2.205000000,0.000000000
20.800000000,2.200000000,0.000000000
20.808000000,2.192000000,0.000000000
20.817000000,2.183000000,0.000000000
20.830000000,2.170000000,0.000000000
20.842000000,2.158000000,0.000000000
20.850000000,2.150000000,0.000000000
20.861000000,2.139000000,0.000000000
20.873000000,2.127000000,0.000000000
20.885000000,2.115000000,0.000000000
20.898000000,2.102000000,0.000000000
20.905000000,2.095000000,0.000000000
20.912000000,2.088000000,0.000000000
20.929000000,2.071000000,0.000000000
20.944000000,2.056000000,0.000000000
20.959000000,2.041000000,0.000000000
20.972000000,2.028000000,0.000000000
20.984000000,2.016000000,0.000000000
20.990000000,2.010000000,0.000000000
20.998000000,2.002000000,0.000000000
21.008000000,1.992000000,0.000000000
21.016000000,1.984000000,0.000000000
21.024000000,1.976000000,0.000000000
21.033000000,1.967000000,0.000000000
21.040000000,1.960000000,0.000000000
21.052000000,1.948000000,0.000000000
21.056000000,1.944000000,0.000000000
21.062000000,1.938000000,0.000000000
21.068000000,1.932000000,0.000000000
21.079000000,1.921000000,0.000000000
21.089000000,1.911000000,0.000000000
21.102000000,1.898000000,0.000000000
21.118000000,1.882000000,0.000000000
21.133000000,1.867000000,0.000000000
21.142000000,1.858000000,0.000000000
21.151000000,1.849000000,0.000000000
21.159000000,1.841000000,0.000000000
21.173000000,1.827000000,0.000000000
21.189000000,1.811000000,0.000000000
21.206000000,1.794000000,0.000000000
21.216000000,1.784000000,0.000000000
21.222000000,1.778000000,0.000000000
21.230000000,1.770000000,0.000000000
21.241000000,1.759000000,0.000000000
21.256000000,1.744000000,0.000000000
21.271000000,1.729000000,0.000000000
21.279000000,1.721000000,0.000000000
21.286000000,1.714000000,0.000000000
21.300000000,1.700000000,0.000000000
21.307000000,1.693000000,0.000000000
21.318000000,1.682000000,0.000000000
21.332000000,1.668000000,0.000000000
21.347000000,1.653000000,0.000000000
21.354000000,1.646000000,0.000000000
21.363000000,1.637000000,0.000000000
21.369000000,1.631000000,0.000000000
21.380000000,1.620000000,0.000000000
21.391000000,1.609000000,0.000000000
21.402000000,1.598000000,0.000000000
21.415000000,1.585000000,0.000000000
21.430000000,1.570000000,0.000000000
21.442000000,1.558000000,0.000000000
21.451000000,1.549000000,0.000000000
21.466000000,1.534000000,0.000000000
21.479000000,1.521000000,0.000000000
21.490000000,1.510000000,0.000000000
21.499000000,1.501000000,0.000000000
21.510000000,1.490000000,0.000000000
21.517000000,1.483000000,0.000000000
21.528000000,1.472000000,0.000000000
21.537000000,1.463000000,0.000000000
21.546000000,1.454000000,0.000000000
21.554000000,1.446000000,0.000000000
21.560000000,1.440000000,0.000000000
21.572000000,1.428000000,0.000000000
21.585000000,1.415000000,0.000000000
21.596000000,1.404000000,0.000000000
21.608000000,1.392000000,0.000000000
21.616000000,1.384000000,0.000000000
21.625000000,1.375000000,0.000000000
21.636000000,1.364000000,0.000000000
21.650000000,1.350000000,0.000000000
21.661000000,1.339000000,0.000000000
21.672000000,1.328000000,0.000000000
21.682000000,1.318000000,0.000000000
21.693000000,1.307000000,0.000000000
21.705000000,1.295000000,0.000000000
21.718000000,1.282000000,0.000000000
21.728000000,1.272000000,0.000000000
21.741000000,1.259000000,0.000000000
21.751000000,1.249000000,0.000000000
21.767000000,1.233000000,0.000000000
21.775000000,1.225000000,0.000000000
21.784000000,1.216000000,0.000000000
21.794000000,1.206000000,0.000000000
21.805000000,1.195000000,0.000000000
21.815000000,1.185000000,0.000000000
21.828000000,1.172000000,0.000000000
21.839000000,1.161000000,0.000000000
21.851000000,1.149000000,0.000000000
21.861000000,1.139000000,0.000000000
21.872000000,1.128000000,0.000000000
21.884000000,1.116000000,0.000000000
21.901000000,1.099000000,0.000000000
21.915000000,1.085000000,0.000000000
21.919000000,1.081000000,0.000000000
21.926000000,1.074000000,0.000000000
21.934000000,1.066000000,0.000000000
21.944000000,1.056000000,0.000000000
21.955000000,1.045000000,0.000000000
21.963000000,1.037000000,0.000000000
21.975000000,1.025000000,0.000000000
21.988000000,1.012000000,0.000000000
22.002000000,0.998000000,0.000000000
22.014000000,0.986000000,0.000000000
22.025000000,0.975000000,0.000000000
22.036000000,0.964000000,0.000000000
22.047000000,0.953000000,0.000000000
22.060000000,0.940000000,0.000000000
22.069000000,0.931000000,0.000000000
22.077000000,0.923000000,0.000000000
22.088000000,0.912000000,0.000000000
22.100000000,0.900000000,0.000000000
22.110000000,0.890000000,0.000000000
22.120000000,0.880000000,0.000000000
22.130000000,0.870000000,0.000000000
22.140000000,0.860000000,0.000000000
22.145000000,0.855000000,0.000000000
22.154000000,0.846000000,0.000000000
22.158000000,0.842000000,0.000000000
22.165000000,0.835000000,0.000000000
22.175000000,0.825000000,0.000000000
22.185000000,0.815000000,0.000000000
22.194000000,0.806000000,0.000000000
22.204000000,0.796000000,0.000000000
22.213000000,0.787000000,0.000000000
22.224000000,0.776000000,0.000000000
22.235000000,0.765000000,0.000000000
22.242000000,0.758000000,0.000000000
22.253000000,0.747000000,0.000000000
22.261000000,0.739000000,0.000000000
22.273000000,0.727000000,0.000000000
22.285000000,0.715000000,0.000000000
22.291000000,0.709000000,0.000000000
22.301000000,0.699000000,0.000000000
22.313000000,0.687000000,0.000000000
22.325000000,0.675000000,0.000000000
22.337000000,0.663000000,0.000000000
22.348000000,0.652000000,0.000000000
22.358000000,0.642000000,0.000000000
22.372000000,0.628000000,0.000000000
22.386000000,0.614000000,0.000000000
22.398000000,0.602000000,0.000000000
22.408000000,0.592000000,0.000000000
22.423000000,0.577000000,0.000000000
22.434000000,0.566000000,0.000000000
22.444000000,0.556000000,0.000000000
22.453000000,0.547000000,0.000000000
22.466000000,0.534000000,0.000000000
22.480000000,0.520000000,0.000000000
22.496000000,0.504000000,0.000000000
22.513000000,0.487000000,0.000000000
22.521000000,0.479000000,0.000000000
22.537000000,0.463000000,0.000000000
22.551000000,0.449000000,0.000000000
22.565000000,0.435000000,0.000000000
22.579000000,0.421000000,0.000000000
22.592000000,0.408000000,0.000000000
22.604000000,0.396000000,0.000000000
22.619000000,0.381000000,0.000000000
22.635000000,0.365000000,0.000000000
22.652000000,0.348000000,0.000000000
22.669000000,0.331000000,0.000000000
22.684000000,0.316000000,0.000000000
22.696000000,0.304000000,0.000000000
22.711000000,0.289000000,0.000000000
22.729000000,0.271000000,0.000000000
22.742000000,0.258000000,0.000000000
22.754000000,0.246000000,0.000000000
22.766000000,0.234000000,0.000000000
22.782000000,0.218000000,0.000000000
22.798000000,0.202000000,0.000000000
22.805000000,0.195000000,0.000000000
22.810000000,0.190000000,0.000000000
22.817000000,0.183000000,0.000000000
22.829000000,0.171000000,0.000000000
22.838000000,0.162000000,0.000000000
22.846000000,0.154000000,0.000000000
22.856000000,0.144000000,0.000000000
22.867000000,0.133000000,0.000000000
22.880000000,0.120000000,0.000000000
22.890000000,0.110000000,0.000000000
22.900000000,0.100000000,0.000000000
22.917000000,0.083000000,0.000000000
22.931000000,0.069000000,0.000000000
22.943000000,0.057000000,0.000000000
22.957000000,0.043000000,0.000000000
22.965000000,0.035000000,0.000000000
22.970000000,0.030000000,0.000000000
22.976000000,0.024000000,0.000000000
22.989000000,0.011000000,0.000000000
23.002000000,-0.002000000,0.000000000
23.011000000,-0.011000000,0.000000000
23.015000000,-0.015000000,0.000000000
23.021000000,-0.021000000,0.000000000
23.027000000,-0.027000000,0.000000000
23.034000000,-0.034000000,0.000000000
23.049000000,-0.049000000,0.000000000
23.058000000,-0.058000000,0.000000000
23.069000000,-0.069000000,0.000000000
23.074000000,-0.074000000,0.000000000
23.080000000,-0.080000000,0.000000000
23.084000000,-0.084000000,0.000000000
23.096000000,-0.096000000,0.000000000
23.105000000,-0.105000000,0.000000000
23.116000000,-0.116000000,0.000000000
23.122000000,-0.122000000,0.000000000
23.129000000,-0.129000000,0.000000000
23.139000000,-0.139000000,0.000000000
23.152000000,-0.152000000,0.000000000
23.159000000,-0.159000000,0.000000000
23.166000000,-0.166000000,0.000000000
23.178000000,-0.178000000,0.000000000
23.190000000,-0.190000000,0.000000000
23.200000000,-0.200000000,0.000000000
23.209000000,-0.209000000,0.000000000
23.218000000,-0.218000000,0.000000000
23.234000000,-0.234000000,0.000000000
23.250000000,-0.250000000,0.000000000
23.259000000,-0.259000000,0.000000000
23.267000000,-0.267000000,0.000000000
23.277000000,-0.277000000,0.000000000
23.287000000,-0.287000000,0.000000000
23.296000000,-0.296000000,0.000000000
23.302000000,-0.302000000,0.000000000
23.313000000,-0.313000000,0.000000000
23.329000000,-0.329000000,0.000000000
23.337000000,-0.337000000,0.000000000
23.344000000,-0.344000000,0.000000000
23.357000000,-0.357000000,0.000000000
23.363000000,-0.363000000,0.000000000
23.376000000,-0.376000000,0.000000000
23.385000000,-0.385000000,0.000000000
23.400000000,-0.400000000,0.000000000
23.403000000,-0.403000000,0.000000000
23.410000000,-0.410000000,0.000000000
23.422000000,-0.422000000,0.000000000
23.436000000,-0.436000000,0.000000000
23.443000000,-0.443000000,0.000000000
23.458000000,-0.458000000,0.000000000
23.473000000,-0.473000000,0.000000000
23.486000000,-0.486000000,0.000000000
23.499000000,-0.499000000,0.000000000
23.511000000,-0.511000000,0.000000000
23.523000000,-0.523000000,0.000000000
23.532000000,-0.532000000,0.000000000
23.547000000,-0.547000000,0.000000000
23.561000000,-0.561000000,0.000000000
23.578000000,-0.578000000,0.000000000
23.595000000,-0.595000000,0.000000000
23.606000000,-0.606000000,0.000000000
23.614000000,-0.614000000,0.000000000
23.627000000,-0.627000000,0.000000000
23.638000000,-0.638000000,0.000000000
23.651000000,-0.651000000,0.000000000
23.660000000,-0.660000000,0.000000000
23.670000000,-0.670000000,0.000000000
23.677000000,-0.677000000,0.000000000
23.689000000,-0.689000000,0.000000000
23.699000000,-0.699000000,0.000000000
23.710000000,-0.710000000,0.000000000
23.717000000,-0.717000000,0.000000000
23.722000000,-0.722000000,0.000000000
23.736000000,-0.736000000,0.000000000
23.752000000,-0.752000000,0.000000000
23.766000000,-0.766000000,0.000000000
23.773000000,-0.773000000,0.000000000
23.784000000,-0.784000000,0.000000000
23.793000000,-0.793000000,0.000000000
23.802000000,-0.802000000,0.000000000
23.809000000,-0.809000000,0.000000000
23.811000000,-0.811000000,0.000000000
23.821000000,-0.821000000,0.000000000
23.827000000,-0.827000000,0.000000000
23.839000000,-0.839000000,0.000000000
23.844000000,-0.844000000,0.000000000
23.851000000,-0.851000000,0.000000000
23.857000000,-0.857000000,0.000000000
23.864000000,-0.864000000,0.000000000
23.871000000,-0.871000000,0.000000000
23.881000000,-0.881000000,0.000000000
23.887000000,-0.887000000,0.000000000
23.898000000,-0.898000000,0.000000000
23.906000000,-0.906000000,0.000000000
23.915000000,-0.915000000,0.000000000
23.920000000,-0.920000000,0.000000000
23.926000000,-0.926000000,0.000000000
23.938000000,-0.938000000,0.000000000
23.952000000,-0.952000000,0.000000000
23.962000000,-0.962000000,0.000000000
23.971000000,-0.971000000,0.000000000
23.988000000,-0.988000000,0.000000000
24.003000000,-0.997000000,0.000000000
24.013000000,-0.987000000,0.000000000
24.020000000,-0.980000000,0.000000000
24.024000000,-0.976000000,0.000000000
24.031000000,-0.969000000,0.000000000
24.042000000,-0.958000000,0.000000000
24.056000000,-0.944000000,0.000000000
24.062000000,-0.938000000,0.000000000
24.074000000,-0.926000000,0.000000000
24.083000000,-0.917000000,0.000000000
24.094000000,-0.906000000,0.000000000
24.101000000,-0.899000000,0.000000000
24.108000000,-0.892000000,0.000000000
24.115000000,-0.885000000,0.000000000
24.124000000,-0.876000000,0.000000000
24.138000000,-0.862000000,0.000000000
24.153000000,-0.847000000,0.000000000
24.165000000,-0.835000000,0.000000000
24.179000000,-0.821000000,0.000000000
24.191000000,-0.809000000,0.000000000
24.198000000,-0.802000000,0.000000000
24.205000000,-0.795000000,0.000000000
24.209000000,-0.791000000,0.000000000
24.214000000,-0.786000000,0.000000000
24.222000000,-0.778000000,0.000000000
24.232000000,-0.768000000,0.000000000
24.239000000,-0.761000000,0.000000000
24.246000000,-0.754000000,0.000000000
24.260000000,-0.740000000,0.000000000
24.266000000,-0.734000000,0.000000000
24.274000000,-0.726000000,0.000000000
24.279000000,-0.721000000,0.000000000
24.295000000,-0.705000000,0.000000000
24.312000000,-0.688000000,0.000000000
24.327000000,-0.673000000,0.000000000
24.341000000,-0.659000000,0.000000000
24.354000000,-0.646000000,0.000000000
24.366000000,-0.634000000,0.000000000
24.370000000,-0.630000000,0.000000000
24.381000000,-0.619000000,0.000000000
24.394000000,-0.606000000,0.000000000
24.403000000,-0.597000000,0.000000000
24.408000000,-0.592000000,0.000000000
24.416000000,-0.584000000,0.000000000
24.424000000,-0.576000000,0.000000000
24.433000000,-0.567000000,0.000000000
24.441000000,-0.559000000,0.000000000
24.453000000,-0.547000000,0.000000000
24.461000000,-0.539000000,0.000000000
24.473000000,-0.527000000,0.000000000
24.477000000,-0.523000000,0.000000000
24.486000000,-0.514000000,0.000000000
24.500000000,-0.500000000,0.000000000
24.516000000,-0.484000000,0.000000000
24.532000000,-0.468000000,0.000000000
24.545000000,-0.455000000,0.000000000
24.555000000,-0.445000000,0.000000000
24.563000000,-0.437000000,0.000000000
24.577000000,-0.423000000,0.000000000
24.592000000,-0.408000000,0.000000000
24.601000000,-0.399000000,0.000000000
24.610000000,-0.390000000,0.000000000
24.620000000,-0.380000000,0.000000000
24.625000000,-0.375000000,0.000000000
24.630000000,-0.370000000,0.000000000
24.640000000,-0.360000000,0.000000000
24.645000000,-0.355000000,0.000000000
24.655000000,-0.345000000,0.000000000
24.667000000,-0.333000000,0.000000000
24.676000000,-0.324000000,0.000000000
24.681000000,-0.319000000,0.000000000
24.691000000,-0.309000000,0.000000000
24.698000000,-0.302000000,0.000000000
24.705000000,-0.295000000,0.000000000
24.721000000,-0.279000000,0.000000000
24.735000000,-0.265000000,0.000000000
24.742000000,-0.258000000,0.000000000
24.751000000,-0.249000000,0.000000000
24.763000000,-0.237000000,0.000000000
24.778000000,-0.222000000,0.000000000
24.787000000,-0.213000000,0.000000000
24.791000000,-0.209000000,0.000000000
24.800000000,-0.200000000,0.000000000
24.806000000,-0.194000000,0.000000000
24.810000000,-0.190000000,0.000000000
24.814000000,-0.186000000,0.000000000
24.824000000,-0.176000000,0.000000000
24.838000000,-0.162000000,0.000000000
24.848000000,-0.152000000,0.000000000
24.854000000,-0.146000000,0.000000000
24.869000000,-0.131000000,0.000000000
24.883000000,-0.117000000,0.000000000
24.892000000,-0.108000000,0.000000000
24.899000000,-0.101000000,0.000000000
24.907000000,-0.093000000,0.000000000
24.910000000,-0.090000000,0.000000000
24.920000000,-0.080000000,0.000000000
24.927000000,-0.073000000,0.000000000
24.937000000,-0.063000000,0.000000000
24.944000000,-0.056000000,0.000000000
24.952000000,-0.048000000,0.000000000
24.962000000,-0.038000000,0.000000000
24.977000000,-0.023000000,0.000000000
24.988000000,-0.012000000,0.000000000
24.999000000,-0.001000000,0.000000000
25.007000000,0.007000000,0.000000000
25.013000000,0.013000000,0.000000000
25.025000000,0.025000000,0.000000000
25.037000000,0.037000000,0.000000000
25.048000000,0.048000000,0.000000000
25.062000000,0.062000000,0.000000000
25.076000000,0.076000000,0.000000000
25.080000000,0.080000000,0.000000000
25.091000000,0.091000000,0.000000000
25.104000000,0.104000000,0.000000000
25.113000000,0.113000000,0.000000000
25.120000000,0.120000000,0.000000000
25.127000000,0.127000000,0.000000000
25.135000000,0.135000000,0.000000000
25.149000000,0.149000000,0.000000000
25.163000000,0.163000000,0.000000000
25.171000000,0.171000000,0.000000000
25.179000000,0.179000000,0.000000000
25.187000000,0.187000000,0.000000000
25.196000000,0.196000000,0.000000000
25.208000000,0.208000000,0.000000000
25.212000000,0.212000000,0.000000000
25.216000000,0.216000000,0.000000000
25.224000000,0.224000000,0.000000000
25.235000000,0.235000000,0.000000000
25.239000000,0.239000000,0.000000000
25.245000000,0.245000000,0.000000000
25.257000000,0.257000000,0.000000000
25.271000000,0.271000000,0.000000000
25.283000000,0.283000000,0.000000000
25.291000000,0.291000000,0.000000000
25.301000000,0.301000000,0.000000000
25.316000000,0.316000000,0.000000000
25.326000000,0.326000000,0.000000000
25.339000000,0.339000000,0.000000000
25.348000000,0.348000000,0.000000000
25.355000000,0.355000000,0.000000000
25.362000000,0.362000000,0.000000000
25.370000000,0.370000000,0.000000000
25.383000000,0.383000000,0.000000000
25.395000000,0.395000000,0.000000000
25.401000000,0.401000000,0.000000000
25.406000000,0.406000000,0.000000000
25.413000000,0.413000000,0.000000000
25.423000000,0.423000000,0.000000000
25.434000000,0.434000000,0.000000000
25.446000000,0.446000000,0.000000000
25.458000000,0.458000000,0.000000000
25.467000000,0.467000000,0.000000000
25.478000000,0.478000000,0.000000000
25.490000000,0.490000000,0.000000000
25.501000000,0.501000000,0.000000000
25.507000000,0.507000000,0.000000000
25.514000000,0.514000000,0.000000000
25.522000000,0.522000000,0.000000000
25.529000000,0.529000000,0.000000000
25.538000000,0.538000000,0.000000000
25.550000000,0.550000000,0.000000000
25.561000000,0.561000000,0.000000000
25.574000000,0.574000000,0.000000000
25.582000000,0.582000000,0.000000000
25.593000000,0.593000000,0.000000000
25.601000000,0.601000000,0.000000000
25.607000000,0.607000000,0.000000000
25.613000000,0.613000000,0.000000000
25.620000000,0.620000000,0.000000000
25.628000000,0.628000000,0.000000000
25.637000000,0.637000000,0.000000000
25.652000000,0.652000000,0.000000000
25.662000000,0.662000000,0.000000000
25.668000000,0.668000000,0.000000000
25.673000000,0.673000000,0.000000000
25.685000000,0.685000000,0.000000000
25.701000000,0.701000000,0.000000000
25.719000000,0.719000000,0.000000000
25.733000000,0.733000000,0.000000000
25.743000000,0.743000000,0.000000000
25.758000000,0.758000000,0.000000000
25.770000000,0.770000000,0.000000000
25.777000000,0.777000000,0.000000000
25.785000000,0.785000000,0.000000000
25.798000000,0.798000000,0.000000000
25.808000000,0.808000000,0.000000000
25.812000000,0.812000000,0.000000000
25.820000000,0.820000000,0.000000000
25.831000000,0.831000000,0.000000000
25.847000000,0.847000000,0.000000000
25.860000000,0.860000000,0.000000000
25.872000000,0.872000000,0.000000000
25.882000000,0.882000000,0.000000000
25.886000000,0.886000000,0.000000000
25.893000000,0.893000000,0.000000000
25.897000000,0.897000000,0.000000000
25.911000000,0.911000000,0.000000000
25.917000000,0.917000000,0.000000000
25.925000000,0.925000000,0.000000000
25.937000000,0.937000000,0.000000000
25.948000000,0.948000000,0.000000000
25.962000000,0.962000000,0.000000000
25.975000000,0.975000000,0.000000000
25.983000000,0.983000000,0.000000000
25.988000000,0.988000000,0.000000000
26.988000000,1.000000000,0.000000000
26.007000000,1.007000000,0.000000000
26.019000000,1.019000000,0.000000000
26.024000000,1.024000000,0.000000000
26.028000000,1.028000000,0.000000000
26.035000000,1.035000000,0.000000000
26.044000000,1.044000000,0.000000000
26.051000000,1.051000000,0.000000000
26.058000000,1.058000000,0.000000000
26.062000000,1.062000000,0.000000000
26.073000000,1.073000000,0.000000000
26.078000000,1.078000000,0.000000000
26.081000000,1.081000000,0.000000000
26.087000000,1.087000000,0.000000000
26.098000000,1.098000000,0.000000000
26.106000000,1.106000000,0.000000000
26.116000000,1.116000000,0.000000000
26.127000000,1.127000000,0.000000000
26.142000000,1.142000000,0.000000000
26.156000000,1.156000000,0.000000000
26.171000000,1.171000000,0.000000000
26.176000000,1.176000000,0.000000000
26.183000000,1.183000000,0.000000000
26.189000000,1.189000000,0.000000000
26.200000000,1.200000000,0.000000000
26.207000000,1.207000000,0.000000000
26.213000000,1.213000000,0.000000000
26.225000000,1.225000000,0.000000000
26.239000000,1.239000000,0.000000000
26.254000000,1.254000000,0.000000000
26.272000000,1.272000000,0.000000000
26.288000000,1.288000000,0.000000000
26.300000000,1.300000000,0.000000000
26.309000000,1.309000000,0.000000000
26.317000000,1.317000000,0.000000000
26.331000000,1.331000000,0.000000000
26.339000000,1.339000000,0.000000000
26.347000000,1.347000000,0.000000000
26.352000000,1.352000000,0.000000000
26.357000000,1.357000000,0.000000000
26.362000000,1.362000000,0.000000000
26.368000000,1.368000000,0.000000000
26.376000000,1.376000000,0.000000000
26.381000000,1.381000000,0.000000000
26.392000000,1.392000000,0.000000000
26.405000000,1.405000000,0.000000000
26.415000000,1.415000000,0.000000000
26.423000000,1.423000000,0.000000000
26.433000000,1.433000000,0.000000000
26.450000000,1.450000000,0.000000000
26.467000000,1.467000000,0.000000000
26.476000000,1.476000000,0.000000000
26.485000000,1.485000000,0.000000000
26.488000000,1.488000000,0.000000000
26.494000000,1.494000000,0.000000000
26.501000000,1.501000000,0.000000000
26.512000000,1.512000000,0.000000000
26.523000000,1.523000000,0.000000000
26.531000000,1.531000000,0.000000000
26.539000000,1.539000000,0.000000000
26.548000000,1.548000000,0.000000000
26.564000000,1.564000000,0.000000000
26.580000000,1.580000000,0.000000000
26.590000000,1.590000000,0.000000000
26.601000000,1.601000000,0.000000000
26.606000000,1.606000000,0.000000000
26.616000000,1.616000000,0.000000000
26.629000000,1.629000000,0.000000000
26.637000000,1.637000000,0.000000000
26.645000000,1.645000000,0.000000000
26.654000000,1.654000000,0.000000000
26.666000000,1.666000000,0.000000000
26.676000000,1.676000000,0.000000000
26.679000000,1.679000000,0.000000000
26.686000000,1.686000000,0.000000000
26.692000000,1.692000000,0.000000000
26.702000000,1.702000000,0.000000000
26.713000000,1.713000000,0.000000000
26.717000000,1.717000000,0.000000000
26.725000000,1.725000000,0.000000000
26.727000000,1.727000000,0.000000000
26.731000000,1.731000000,0.000000000
26.738000000,1.738000000,0.000000000
26.748000000,1.748000000,0.000000000
26.755000000,1.755000000,0.000000000
26.762000000,1.762000000,0.000000000
26.766000000,1.766000000,0.000000000
26.770000000,1.770000000,0.000000000
26.778000000,1.778000000,0.000000000
26.786000000,1.786000000,0.000000000
26.797000000,1.797000000,0.000000000
26.810000000,1.810000000,0.000000000
26.820000000,1.820000000,0.000000000
26.829000000,1.829000000,0.000000000
26.835000000,1.835000000,0.000000000
26.840000000,1.840000000,0.000000000
26.846000000,1.846000000,0.000000000
26.852000000,1.852000000,0.000000000
26.860000000,1.860000000,0.000000000
26.873000000,1.873000000,0.000000000
26.882000000,1.882000000,0.000000000
26.888000000,1.888000000,0.000000000
26.897000000,1.897000000,0.000000000
26.903000000,1.903000000,0.000000000
26.914000000,1.914000000,0.000000000
26.923000000,1.923000000,0.000000000
26.938000000,1.938000000,0.000000000
26.949000000,1.949000000,0.000000000
26.962000000,1.962000000,0.000000000
26.973000000,1.973000000,0.000000000
26.982000000,1.982000000,0.000000000
26.991000000,1.991000000,0.000000000
27.008000000,2.008000000,0.000000000
27.022000000,2.022000000,0.000000000
27.032000000,2.032000000,0.000000000
27.036000000,2.036000000,0.000000000
27.043000000,2.043000000,0.000000000
27.053000000,2.053000000,0.000000000
27.062000000,2.062000000,0.000000000
27.069000000,2.069000000,0.000000000
27.077000000,2.077000000,0.000000000
27.088000000,2.088000000,0.000000000
27.093000000,2.093000000,0.000000000
27.101000000,2.101000000,0.000000000
27.116000000,2.116000000,0.000000000
27.129000000,2.129000000,0.000000000
27.139000000,2.139000000,0.000000000
27.146000000,2.146000000,0.000000000
27.152000000,2.152000000,0.000000000
27.164000000,2.164000000,0.000000000
27.175000000,2.175000000,0.000000000
27.184000000,2.184000000,0.000000000
27.196000000,2.196000000,0.000000000
27.202000000,2.202000000,0.000000000
27.214000000,2.214000000,0.000000000
27.219000000,2.219000000,0.000000000
27.226000000,2.226000000,0.000000000
27.231000000,2.231000000,0.000000000
27.237000000,2.237000000,0.000000000
27.246000000,2.246000000,0.000000000
27.257000000,2.257000000,0.000000000
27.264000000,2.264000000,0.000000000
27.267000000,2.267000000,0.000000000
27.275000000,2.275000000,0.000000000
27.284000000,2.284000000,0.000000000
27.294000000,2.294000000,0.000000000
27.299000000,2.299000000,0.000000000
27.307000000,2.307000000,0.000000000
27.316000000,2.316000000,0.000000000
27.328000000,2.328000000,0.000000000
27.336000000,2.336000000,0.000000000
27.343000000,2.343000000,0.000000000
27.353000000,2.353000000,0.000000000
27.368000000,2.368000000,0.000000000
27.377000000,2.377000000,0.000000000
27.389000000,2.389000000,0.000000000
27.401000000,2.401000000,0.000000000
27.408000000,2.408000000,0.000000000
27.421000000,2.421000000,0.000000000
27.430000000,2.430000000,0.000000000
27.437000000,2.437000000,0.000000000
27.448000000,2.448000000,0.000000000
27.452000000,2.452000000,0.000000000
27.459000000,2.459000000,0.000000000
27.469000000,2.469000000,0.000000000
27.476000000,2.476000000,0.000000000
27.481000000,2.481000000,0.000000000
27.491000000,2.491000000,0.000000000
27.495000000,2.495000000,0.000000000
27.505000000,2.505000000,0.000000000
27.513000000,2.513000000,0.000000000
27.523000000,2.523000000,0.000000000
27.532000000,2.532000000,0.000000000
27.537000000,2.537000000,0.000000000
27.544000000,2.544000000,0.000000000
27.550000000,2.550000000,0.000000000
27.556000000,2.556000000,0.000000000
27.561000000,2.561000000,0.000000000
27.567000000,2.567000000,0.000000000
27.575000000,2.575000000,0.000000000
27.581000000,2.581000000,0.000000000
27.585000000,2.585000000,0.000000000
27.591000000,2.591000000,0.000000000
27.598000000,2.598000000,0.000000000
27.603000000,2.603000000,0.000000000
27.604000000,2.604000000,0.000000000
27.605000000,2.605000000,0.000000000
27.610000000,2.610000000,0.000000000
27.614000000,2.614000000,0.000000000
27.616000000,2.616000000,0.000000000
27.620000000,2.620000000,0.000000000
27.626000000,2.626000000,0.000000000
27.636000000,2.636000000,0.000000000
27.642000000,2.642000000,0.000000000
27.648000000,2.648000000,0.000000000
27.654000000,2.654000000,0.000000000
27.656000000,2.656000000,0.000000000
27.665000000,2.665000000,0.000000000
27.670000000,2.670000000,0.000000000
27.679000000,2.679000000,0.000000000
27.685000000,2.685000000,0.000000000
27.688000000,2.688000000,0.000000000
27.700000000,2.700000000,0.000000000
27.707000000,2.707000000,0.000000000
27.718000000,2.718000000,0.000000000
27.725000000,2.725000000,0.000000000
27.741000000,2.741000000,0.000000000
27.751000000,2.751000000,0.000000000
27.762000000,2.762000000,0.000000000
27.778000000,2.778000000,0.000000000
27.793000000,2.793000000,0.000000000
27.803000000,2.803000000,0.000000000
27.816000000,2.816000000,0.000000000
27.825000000,2.825000000,0.000000000
27.835000000,2.835000000,0.000000000
27.840000000,2.840000000,0.000000000
27.850000000,2.850000000,0.000000000
27.854000000,2.854000000,0.000000000
27.862000000,2.862000000,0.000000000
27.871000000,2.871000000,0.000000000
27.881000000,2.881000000,0.000000000
27.895000000,2.895000000,0.000000000
27.905000000,2.905000000,0.000000000
27.911000000,2.911000000,0.000000000
27.920000000,2.920000000,0.000000000
27.930000000,2.930000000,0.000000000
27.937000000,2.937000000,0.000000000
27.949000000,2.949000000,0.000000000
27.959000000,2.959000000,0.000000000
27.971000000,2.971000000,0.000000000
27.981000000,2.981000000,0.000000000
27.986000000,2.986000000,0.000000000
27.995000000,2.995000000,0.000000000
28.004000000,3.004000000,0.000000000
28.012000000,3.012000000,0.000000000
28.016000000,3.016000000,0.000000000
28.022000000,3.022000000,0.000000000
28.031000000,3.031000000,0.000000000
28.039000000,3.039000000,0.000000000
28.045000000,3.045000000,0.000000000
28.057000000,3.057000000,0.000000000
28.066000000,3.066000000,0.000000000
28.075000000,3.075000000,0.000000000
28.085000000,3.085000000,0.000000000
28.093000000,3.093000000,0.000000000
28.096000000,3.096000000,0.000000000
28.104000000,3.104000000,0.000000000
28.108000000,3.108000000,0.000000000
28.118000000,3.118000000,0.000000000
28.128000000,3.128000000,0.000000000
28.137000000,3.137000000,0.000000000
28.150000000,3.150000000,0.000000000
28.162000000,3.162000000,0.000000000
28.170000000,3.170000000,0.000000000
28.185000000,3.185000000,0.000000000
28.195000000,3.195000000,0.000000000
28.210000000,3.210000000,0.000000000
28.218000000,3.218000000,0.000000000
28.228000000,3.228000000,0.000000000
28.239000000,3.239000000,0.000000000
28.247000000,3.247000000,0.000000000
28.255000000,3.255000000,0.000000000
28.264000000,3.264000000,0.000000000
28.269000000,3.269000000,0.000000000
28.279000000,3.279000000,0.000000000
28.287000000,3.287000000,0.000000000
28.300000000,3.300000000,0.000000000
28.315000000,3.315000000,0.000000000
28.330000000,3.330000000,0.000000000
28.340000000,3.340000000,0.000000000
28.353000000,3.353000000,0.000000000
28.360000000,3.360000000,0.000000000
28.373000000,3.373000000,0.000000000
28.382000000,3.382000000,0.000000000
28.390000000,3.390000000,0.000000000
28.400000000,3.400000000,0.000000000
28.404000000,3.404000000,0.000000000
28.409000000,3.409000000,0.000000000
28.412000000,3.412000000,0.000000000
28.419000000,3.419000000,0.000000000
28.425000000,3.425000000,0.000000000
28.431000000,3.431000000,0.000000000
28.439000000,3.439000000,0.000000000
28.444000000,3.444000000,0.000000000
28.451000000,3.451000000,0.000000000
28.456000000,3.456000000,0.000000000
28.459000000,3.459000000,0.000000000
28.464000000,3.464000000,0.000000000
28.466000000,3.466000000,0.000000000
28.471000000,3.471000000,0.000000000
28.477000000,3.477000000,0.000000000
28.481000000,3.481000000,0.000000000
28.489000000,3.489000000,0.000000000
28.492000000,3.492000000,0.000000000
28.499000000,3.499000000,0.000000000
28.503000000,3.503000000,0.000000000
28.508000000,3.508000000,0.000000000
28.511000000,3.511000000,0.000000000
28.516000000,3.516000000,0.000000000
28.527000000,3.527000000,0.000000000
28.532000000,3.532000000,0.000000000
28.542000000,3.542000000,0.000000000
28.551000000,3.551000000,0.000000000
28.557000000,3.557000000,0.000000000
28.565000000,3.565000000,0.000000000
28.578000000,3.578000000,0.000000000
28.583000000,3.583000000,0.000000000
28.593000000,3.593000000,0.000000000
28.600000000,3.600000000,0.000000000
28.609000000,3.609000000,0.000000000
28.613000000,3.613000000,0.000000000
28.615000000,3.615000000,0.000000000
28.618000000,3.618000000,0.000000000
28.622000000,3.622000000,0.000000000
28.624000000,3.624000000,0.000000000
28.628000000,3.628000000,0.000000000
28.637000000,3.637000000,0.000000000
28.643000000,3.643000000,0.000000000
28.648000000,3.648000000,0.000000000
28.652000000,3.652000000,0.000000000
28.656000000,3.656000000,0.000000000
28.660000000,3.660000000,0.000000000
28.666000000,3.666000000,0.000000000
28.675000000,3.675000000,0.000000000
28.679000000,3.679000000,0.000000000
28.683000000,3.683000000,0.000000000
28.686000000,3.686000000,0.000000000
28.689000000,3.689000000,0.000000000
28.692000000,3.692000000,0.000000000
28.696000000,3.696000000,0.000000000
28.700000000,3.700000000,0.000000000
28.703000000,3.703000000,0.000000000
28.708000000,3.708000000,0.000000000
28.714000000,3.714000000,0.000000000
28.719000000,3.719000000,0.000000000
28.724000000,3.724000000,0.000000000
28.727000000,3.727000000,0.000000000
28.731000000,3.731000000,0.000000000
28.736000000,3.736000000,0.000000000
28.738000000,3.738000000,0.000000000
28.745000000,3.745000000,0.000000000
28.751000000,3.751000000,0.000000000
28.762000000,3.762000000,0.000000000
28.772000000,3.772000000,0.000000000
28.784000000,3.784000000,0.000000000
28.795000000,3.795000000,0.000000000
28.806000000,3.806000000,0.000000000
28.812000000,3.812000000,0.000000000
28.820000000,3.820000000,0.000000000
28.826000000,3.826000000,0.000000000
28.833000000,3.833000000,0.000000000
28.837000000,3.837000000,0.000000000
28.849000000,3.849000000,0.000000000
28.858000000,3.858000000,0.000000000
28.867000000,3.867000000,0.000000000
28.876000000,3.876000000,0.000000000
28.880000000,3.880000000,0.000000000
28.886000000,3.886000000,0.000000000
28.894000000,3.894000000,0.000000000
28.902000000,3.902000000,0.000000000
28.905000000,3.905000000,0.000000000
28.912000000,3.912000000,0.000000000
28.916000000,3.916000000,0.000000000
28.919000000,3.919000000,0.000000000
28.925000000,3.925000000,0.000000000
28.933000000,3.933000000,0.000000000
28.940000000,3.940000000,0.000000000
28.948000000,3.948000000,0.000000000
28.956000000,3.956000000,0.000000000
28.966000000,3.966000000,0.000000000
28.969000000,3.969000000,0.000000000
28.975000000,3.975000000,0.000000000
28.979000000,3.979000000,0.000000000
28.986000000,3.986000000,0.000000000
28.996000000,3.996000000,0.000000000
29.001000000,4.001000000,0.000000000
29.008000000,4.008000000,0.000000000
29.011000000,4.011000000,0.000000000
29.015000000,4.015000000,0.000000000
29.023000000,4.023000000,0.000000000
29.031000000,4.031000000,0.000000000
29.036000000,4.036000000,0.000000000
29.044000000,4.044000000,0.000000000
29.050000000,4.050000000,0.000000000
29.055000000,4.055000000,0.000000000
29.061000000,4.061000000,0.000000000
29.068000000,4.068000000,0.000000000
29.077000000,4.077000000,0.000000000
29.084000000,4.084000000,0.000000000
29.095000000,4.095000000,0.000000000
29.105000000,4.105000000,0.000000000
29.113000000,4.113000000,0.000000000
29.124000000,4.124000000,0.000000000
29.136000000,4.136000000,0.000000000
29.145000000,4.145000000,0.000000000
29.157000000,4.157000000,0.000000000
29.165000000,4.165000000,0.000000000
29.173000000,4.173000000,0.000000000
29.180000000,4.180000000,0.000000000
29.186000000,4.186000000,0.000000000
29.191000000,4.191000000,0.000000000
29.198000000,4.198000000,0.000000000
29.207000000,4.207000000,0.000000000
29.219000000,4.219000000,0.000000000
29.223000000,4.223000000,0.000000000
29.231000000,4.231000000,0.000000000
29.236000000,4.236000000,0.000000000
29.243000000,4.243000000,0.000000000
29.251000000,4.251000000,0.000000000
29.258000000,4.258000000,0.000000000
29.264000000,4.264000000,0.000000000
29.269000000,4.269000000,0.000000000
29.278000000,4.278000000,0.000000000
29.281000000,4.281000000,0.000000000
29.286000000,4.286000000,0.000000000
29.294000000,4.294000000,0.000000000
29.301000000,4.301000000,0.000000000
29.311000000,4.311000000,0.000000000
29.320000000,4.320000000,0.000000000
29.326000000,4.326000000,0.000000000
29.332000000,4.332000000,0.000000000
29.341000000,4.341000000,0.000000000
29.344000000,4.344000000,0.000000000
29.350000000,4.350000000,0.000000000
29.358000000,4.358000000,0.000000000
29.367000000,4.367000000,0.000000000
29.375000000,4.375000000,0.000000000
29.381000000,4.381000000,0.000000000
29.386000000,4.386000000,0.000000000
29.391000000,4.391000000,0.000000000
29.394000000,4.394000000,0.000000000
29.398000000,4.398000000,0.000000000
29.401000000,4.401000000,0.000000000
29.403000000,4.403000000,0.000000000
29.409000000,4.409000000,0.000000000
29.417000000,4.417000000,0.000000000
29.426000000,4.426000000,0.000000000
29.431000000,4.431000000,0.000000000
29.436000000,4.436000000,0.000000000
29.441000000,4.441000000,0.000000000
29.444000000,4.444000000,0.000000000
29.448000000,4.448000000,0.000000000
29.455000000,4.455000000,0.000000000
29.461000000,4.461000000,0.000000000
29.468000000,4.468000000,0.000000000
29.471000000,4.471000000,0.000000000
29.474000000,4.474000000,0.000000000
29.479000000,4.479000000,0.000000000
29.483000000,4.483000000,0.000000000
29.486000000,4.486000000,0.000000000
29.489000000,4.489000000,0.000000000
29.493000000,4.493000000,0.000000000
29.497000000,4.497000000,0.000000000
29.500000000,4.500000000,0.000000000
29.503000000,4.503000000,0.000000000
29.509000000,4.509000000,0.000000000
29.512000000,4.512000000,0.000000000
29.516000000,4.516000000,0.000000000
29.523000000,4.523000000,0.000000000
29.527000000,4.527000000,0.000000000
29.534000000,4.534000000,0.000000000
29.540000000,4.540000000,0.000000000
29.544000000,4.544000000,0.000000000
29.547000000,4.547000000,0.000000000
29.552000000,4.552000000,0.000000000
29.556000000,4.556000000,0.000000000
29.563000000,4.563000000,0.000000000
29.569000000,4.569000000,0.000000000
29.573000000,4.573000000,0.000000000
29.577000000,4.577000000,0.000000000
29.582000000,4.582000000,0.000000000
29.586000000,4.586000000,0.000000000
29.592000000,4.592000000,0.000000000
29.600000000,4.600000000,0.000000000
29.605000000,4.605000000,0.000000000
29.613000000,4.613000000,0.000000000
29.618000000,4.618000000,0.000000000
29.624000000,4.624000000,0.000000000
29.629000000,4.629000000,0.000000000
29.635000000,4.635000000,0.000000000
29.640000000,4.640000000,0.000000000
29.641000000,4.641000000,0.000000000
29.654000000,4.654000000,0.000000000
29.664000000,4.664000000,0.000000000
29.672000000,4.672000000,0.000000000
29.682000000,4.682000000,0.000000000
29.698000000,4.698000000,0.000000000
29.704000000,4.704000000,0.000000000
29.711000000,4.711000000,0.000000000
29.722000000,4.722000000,0.000000000
29.737000000,4.737000000,0.000000000
29.751000000,4.751000000,0.000000000
29.764000000,4.764000000,0.000000000
29.772000000,4.772000000,0.000000000
29.784000000,4.784000000,0.000000000
29.791000000,4.791000000,0.000000000
29.801000000,4.801000000,0.000000000
29.810000000,4.810000000,0.000000000
29.820000000,4.820000000,0.000000000
29.832000000,4.832000000,0.000000000
29.849000000,4.849000000,0.000000000
29.862000000,4.862000000,0.000000000
29.879000000,4.879000000,0.000000000
29.890000000,4.890000000,0.000000000
29.903000000,4.903000000,0.000000000
29.912000000,4.912000000,0.000000000
29.922000000,4.922000000,0.000000000
29.936000000,4.936000000,0.000000000
29.948000000,4.948000000,0.000000000
29.959000000,4.959000000,0.000000000
29.964000000,4.964000000,0.000000000
29.967000000,4.967000000,0.000000000
29.976000000,4.976000000,0.000000000
29.985000000,4.985000000,0.000000000
29.988000000,4.988000000,0.000000000
29.996000000,4.996000000,0.000000000
30.004000000,4.996000000,0.000000000
30.007000000,4.993000000,0.000000000
30.013000000,4.987000000,0.000000000
30.025000000,4.975000000,0.000000000
30.033000000,4.967000000,0.000000000
30.044000000,4.956000000,0.000000000
30.062000000,4.938000000,0.000000000
30.077000000,4.923000000,0.000000000
30.094000000,4.906000000,0.000000000
30.101000000,4.899000000,0.000000000
30.111000000,4.889000000,0.000000000
30.122000000,4.878000000,0.000000000
30.133000000,4.867000000,0.000000000
30.143000000,4.857000000,0.000000000
30.153000000,4.847000000,0.000000000
30.167000000,4.833000000,0.000000000
30.181000000,4.819000000,0.000000000
30.195000000,4.805000000,0.000000000
30.210000000,4.790000000,0.000000000
30.220000000,4.780000000,0.000000000
30.232000000,4.768000000,0.000000000
30.239000000,4.761000000,0.000000000
30.250000000,4.750000000,0.000000000
30.261000000,4.739000000,0.000000000
30.271000000,4.729000000,0.000000000
30.282000000,4.718000000,0.000000000
30.297000000,4.703000000,0.000000000
30.305000000,4.695000000,0.000000000
30.320000000,4.680000000,0.000000000
30.332000000,4.668000000,0.000000000
30.340000000,4.660000000,0.000000000
30.348000000,4.652000000,0.000000000
30.361000000,4.639000000,0.000000000
30.375000000,4.625000000,0.000000000
30.390000000,4.610000000,0.000000000
30.402000000,4.598000000,0.000000000
30.412000000,4.588000000,0.000000000
30.428000000,4.572000000,0.000000000
30.440000000,4.560000000,0.000000000
30.449000000,4.551000000,0.000000000
30.464000000,4.536000000,0.000000000
30.480000000,4.520000000,0.000000000
30.496000000,4.504000000,0.000000000
30.512000000,4.488000000,0.000000000
30.525000000,4.475000000,0.000000000
30.532000000,4.468000000,0.000000000
30.542000000,4.458000000,0.000000000
30.549000000,4.451000000,0.000000000
30.556000000,4.444000000,0.000000000
30.568000000,4.432000000,0.000000000
30.575000000,4.425000000,0.000000000
30.586000000,4.414000000,0.000000000
30.590000000,4.410000000,0.000000000
30.597000000,4.403000000,0.000000000
30.602000000,4.398000000,0.000000000
30.607000000,4.393000000,0.000000000
30.613000000,4.387000000,0.000000000
30.627000000,4.373000000,0.000000000
30.637000000,4.363000000,0.000000000
30.652000000,4.348000000,0.000000000
30.663000000,4.337000000,0.000000000
30.671000000,4.329000000,0.000000000
30.677000000,4.323000000,0.000000000
30.683000000,4.317000000,0.000000000
30.690000000,4.310000000,0.000000000
30.696000000,4.304000000,0.000000000
30.702000000,4.298000000,0.000000000
30.708000000,4.292000000,0.000000000
30.713000000,4.287000000,0.000000000
30.718000000,4.282000000,0.000000000
30.736000000,4.264000000,0.000000000
30.752000000,4.248000000,0.000000000
30.763000000,4.237000000,0.000000000
30.778000000,4.222000000,0.000000000
30.792000000,4.208000000,0.000000000
30.801000000,4.199000000,0.000000000
30.805000000,4.195000000,0.000000000
30.807000000,4.193000000,0.000000000
30.813000000,4.187000000,0.000000000
30.821000000,4.179000000,0.000000000
30.831000000,4.169000000,0.000000000
30.841000000,4.159000000,0.000000000
30.851000000,4.149000000,0.000000000
30.861000000,4.139000000,0.000000000
30.867000000,4.133000000,0.000000000
30.877000000,4.123000000,0.000000000
30.886000000,4.114000000,0.000000000
30.894000000,4.106000000,0.000000000
30.903000000,4.097000000,0.000000000
30.912000000,4.088000000,0.000000000
30.928000000,4.072000000,0.000000000
30.940000000,4.060000000,0.000000000
30.945000000,4.055000000,0.000000000
30.954000000,4.046000000,0.000000000
30.960000000,4.040000000,0.000000000
30.971000000,4.029000000,0.000000000
30.979000000,4.021000000,0.000000000
30.988000000,4.012000000,0.000000000
31.001000000,3.999000000,0.000000000
31.009000000,3.991000000,0.000000000
31.022000000,3.978000000,0.000000000
31.030000000,3.970000000,0.000000000
31.043000000,3.957000000,0.000000000
31.057000000,3.943000000,0.000000000
31.065000000,3.935000000,0.000000000
31.072000000,3.928000000,0.000000000
31.083000000,3.917000000,0.000000000
31.096000000,3.904000000,0.000000000
31.109000000,3.891000000,0.000000000
31.119000000,3.881000000,0.000000000
31.127000000,3.873000000,0.000000000
31.138000000,3.862000000,0.000000000
31.149000000,3.851000000,0.000000000
31.158000000,3.842000000,0.000000000
31.164000000,3.836000000,0.000000000
31.177000000,3.823000000,0.000000000
31.189000000,3.811000000,0.000000000
31.194000000,3.806000000,0.000000000
31.199000000,3.801000000,0.000000000
31.202000000,3.798000000,0.000000000
31.215000000,3.785000000,0.000000000
31.226000000,3.774000000,0.000000000
31.240000000,3.760000000,0.000000000
31.252000000,3.748000000,0.000000000
31.262000000,3.738000000,0.000000000
31.272000000,3.728000000,0.000000000
31.283000000,3.717000000,0.000000000
31.291000000,3.709000000,0.000000000
31.306000000,3.694000000,0.000000000
31.321000000,3.679000000,0.000000000
31.338000000,3.662000000,0.000000000
31.351000000,3.649000000,0.000000000
31.359000000,3.641000000,0.000000000
31.368000000,3.632000000,0.000000000
31.378000000,3.622000000,0.000000000
31.392000000,3.608000000,0.000000000
31.401000000,3.599000000,0.000000000
31.405000000,3.595000000,0.000000000
31.414000000,3.586000000,0.000000000
31.423000000,3.577000000,0.000000000
31.434000000,3.566000000,0.000000000
31.446000000,3.554000000,0.000000000
31.457000000,3.543000000,0.000000000
31.467000000,3.533000000,0.000000000
31.480000000,3.520000000,0.000000000
31.490000000,3.510000000,0.000000000
31.501000000,3.499000000,0.000000000
31.508000000,3.492000000,0.000000000
31.520000000,3.480000000,0.000000000
31.529000000,3.471000000,0.000000000
31.536000000,3.464000000,0.000000000
31.546000000,3.454000000,0.000000000
31.562000000,3.438000000,0.000000000
31.571000000,3.429000000,0.000000000
31.581000000,3.419000000,0.000000000
31.591000000,3.409000000,0.000000000
31.601000000,3.399000000,0.000000000
31.608000000,3.392000000,0.000000000
31.620000000,3.380000000,0.000000000
31.635000000,3.365000000,0.000000000
31.650000000,3.350000000,0.000000000
31.665000000,3.335000000,0.000000000
31.675000000,3.325000000,0.000000000
31.682000000,3.318000000,0.000000000
31.685000000,3.315000000,0.000000000
31.692000000,3.308000000,0.000000000
31.702000000,3.298000000,0.000000000
31.712000000,3.288000000,0.000000000
31.715000000,3.285000000,0.000000000
31.719000000,3.281000000,0.000000000
31.725000000,3.275000000,0.000000000
31.733000000,3.267000000,0.000000000
31.737000000,3.263000000,0.000000000
31.749000000,3.251000000,0.000000000
31.756000000,3.244000000,0.000000000
31.766000000,3.234000000,0.000000000
31.778000000,3.222000000,0.000000000
31.787000000,3.213000000,0.000000000
31.798000000,3.202000000,0.000000000
31.814000000,3.186000000,0.000000000
31.824000000,3.176000000,0.000000000
31.831000000,3.169000000,0.000000000
31.839000000,3.161000000,0.000000000
31.846000000,3.154000000,0.000000000
31.859000000,3.141000000,0.000000000
31.874000000,3.126000000,0.000000000
31.888000000,3.112000000,0.000000000
31.896000000,3.104000000,0.000000000
31.901000000,3.099000000,0.000000000
31.907000000,3.093000000,0.000000000
31.913000000,3.087000000,0.000000000
31.925000000,3.075000000,0.000000000
31.935000000,3.065000000,0.000000000
31.945000000,3.055000000,0.000000000
31.952000000,3.048000000,0.000000000
31.962000000,3.038000000,0.000000000
31.968000000,3.032000000,0.000000000
31.980000000,3.020000000,0.000000000
31.988000000,3.012000000,0.000000000
31.993000000,3.007000000,0.000000000
32.993000000,3.000000000,0.000000000
32.012000000,2.988000000,0.000000000
32.025000000,2.975000000,0.000000000
32.038000000,2.962000000,0.000000000
32.050000000,2.950000000,0.000000000
32.065000000,2.935000000,0.000000000
32.077000000,2.923000000,0.000000000
32.092000000,2.908000000,0.000000000
32.099000000,2.901000000,0.000000000
32.106000000,2.894000000,0.000000000
32.114000000,2.886000000,0.000000000
32.128000000,2.872000000,0.000000000
32.142000000,2.858000000,0.000000000
32.158000000,2.842000000,0.000000000
32.160000000,2.840000000,0.000000000
32.163000000,2.837000000,0.000000000
32.170000000,2.830000000,0.000000000
32.176000000,2.824000000,0.000000000
32.184000000,2.816000000,0.000000000
32.194000000,2.806000000,0.000000000
32.206000000,2.794000000,0.000000000
32.216000000,2.784000000,0.000000000
32.224000000,2.776000000,0.000000000
32.238000000,2.762000000,0.000000000
32.249000000,2.751000000,0.000000000
32.262000000,2.738000000,0.000000000
32.276000000,2.724000000,0.000000000
32.286000000,2.714000000,0.000000000
32.298000000,2.702000000,0.000000000
32.310000000,2.690000000,0.000000000
32.319000000,2.681000000,0.000000000
32.327000000,2.673000000,0.000000000
32.343000000,2.657000000,0.000000000
32.357000000,2.643000000,0.000000000
32.371000000,2.629000000,0.000000000
32.384000000,2.616000000,0.000000000
32.398000000,2.602000000,0.000000000
32.406000000,2.594000000,0.000000000
32.413000000,2.587000000,0.000000000
32.423000000,2.577000000,0.000000000
32.436000000,2.564000000,0.000000000
32.447000000,2.553000000,0.000000000
32.459000000,2.541000000,0.000000000
32.469000000,2.531000000,0.000000000
32.481000000,2.519000000,0.000000000
32.489000000,2.511000000,0.000000000
32.493000000,2.507000000,0.000000000
32.499000000,2.501000000,0.000000000
32.503000000,2.497000000,0.000000000
32.510000000,2.490000000,0.000000000
32.524000000,2.476000000,0.000000000
32.538000000,2.462000000,0.000000000
32.545000000,2.455000000,0.000000000
32.555000000,2.445000000,0.000000000
32.564000000,2.436000000,0.000000000
32.571000000,2.429000000,0.000000000
32.583000000,2.417000000,0.000000000
32.596000000,2.404000000,0.000000000
32.604000000,2.396000000,0.000000000
32.611000000,2.389000000,0.000000000
32.616000000,2.384000000,0.000000000
32.623000000,2.377000000,0.000000000
32.632000000,2.368000000,0.000000000
32.643000000,2.357000000,0.000000000
32.654000000,2.346000000,0.000000000
32.669000000,2.331000000,0.000000000
32.681000000,2.319000000,0.000000000
32.688000000,2.312000000,0.000000000
32.695000000,2.305000000,0.000000000
32.703000000,2.297000000,0.000000000
32.709000000,2.291000000,0.000000000
32.720000000,2.280000000,0.000000000
32.731000000,2.269000000,0.000000000
32.735000000,2.265000000,0.000000000
32.740000000,2.260000000,0.000000000
32.747000000,2.253000000,0.000000000
32.752000000,2.248000000,0.000000000
32.762000000,2.238000000,0.000000000
32.767000000,2.233000000,0.000000000
32.775000000,2.225000000,0.000000000
32.785000000,2.215000000,0.000000000
32.796000000,2.204000000,0.000000000
32.806000000,2.194000000,0.000000000
32.819000000,2.181000000,0.000000000
32.823000000,2.177000000,0.000000000
32.830000000,2.170000000,0.000000000
32.840000000,2.160000000,0.000000000
32.856000000,2.144000000,0.000000000
32.873000000,2.127000000,0.000000000
32.887000000,2.113000000,0.000000000
32.900000000,2.100000000,0.000000000
32.910000000,2.090000000,0.000000000
32.920000000,2.080000000,0.000000000
32.928000000,2.072000000,0.000000000
32.937000000,2.063000000,0.000000000
32.942000000,2.058000000,0.000000000
32.951000000,2.049000000,0.000000000
32.954000000,2.046000000,0.000000000
32.965000000,2.035000000,0.000000000
32.972000000,2.028000000,0.000000000
32.975000000,2.025000000,0.000000000
32.977000000,2.023000000,0.000000000
32.978000000,2.022000000,0.000000000
32.982000000,2.018000000,0.000000000
32.985000000,2.015000000,0.000000000
32.988000000,2.012000000,0.000000000
32.993000000,2.007000000,0.000000000
32.996000000,2.004000000,0.000000000
33.996000000,2.000000000,0.000000000
33.005000000,1.995000000,0.000000000
33.010000000,1.990000000,0.000000000
33.014000000,1.986000000,0.000000000
33.021000000,1.979000000,0.000000000
33.023000000,1.977000000,0.000000000
33.030000000,1.970000000,0.000000000
33.036000000,1.964000000,0.000000000
33.041000000,1.959000000,0.000000000
33.046000000,1.954000000,0.000000000
33.050000000,1.950000000,0.000000000
33.058000000,1.942000000,0.000000000
33.068000000,1.932000000,0.000000000
33.078000000,1.922000000,0.000000000
33.084000000,1.916000000,0.000000000
33.092000000,1.908000000,0.000000000
33.104000000,1.896000000,0.000000000
33.109000000,1.891000000,0.000000000
33.114000000,1.886000000,0.000000000
33.116000000,1.884000000,0.000000000
33.122000000,1.878000000,0.000000000
33.126000000,1.874000000,0.000000000
33.130000000,1.870000000,0.000000000
33.136000000,1.864000000,0.000000000
33.143000000,1.857000000,0.000000000
33.147000000,1.853000000,0.000000000
33.152000000,1.848000000,0.000000000
33.160000000,1.840000000,0.000000000
33.169000000,1.831000000,0.000000000
33.174000000,1.826000000,0.000000000
33.178000000,1.822000000,0.000000000
33.184000000,1.816000000,0.000000000
33.194000000,1.806000000,0.000000000
33.202000000,1.798000000,0.000000000
33.209000000,1.791000000,0.000000000
33.213000000,1.787000000,0.000000000
33.224000000,1.776000000,0.000000000
33.234000000,1.766000000,0.000000000
33.239000000,1.761000000,0.000000000
33.243000000,1.757000000,0.000000000
33.246000000,1.754000000,0.000000000
33.252000000,1.748000000,0.000000000
33.256000000,1.744000000,0.000000000
33.259000000,1.741000000,0.000000000
33.263000000,1.737000000,0.000000000
33.268000000,1.732000000,0.000000000
33.275000000,1.725000000,0.000000000
33.281000000,1.719000000,0.000000000
33.283000000,1.717000000,0.000000000
33.288000000,1.712000000,0.000000000
33.292000000,1.708000000,0.000000000
33.298000000,1.702000000,0.000000000
33.302000000,1.698000000,0.000000000
33.310000000,1.690000000,0.000000000
33.314000000,1.686000000,0.000000000
33.320000000,1.680000000,0.000000000
33.325000000,1.675000000,0.000000000
33.330000000,1.670000000,0.000000000
33.336000000,1.664000000,0.000000000
33.343000000,1.657000000,0.000000000
33.347000000,1.653000000,0.000000000
33.352000000,1.648000000,0.000000000
33.357000000,1.643000000,0.000000000
33.361000000,1.639000000,0.000000000
33.366000000,1.634000000,0.000000000
33.370000000,1.630000000,0.000000000
33.375000000,1.625000000,0.000000000
33.383000000,1.617000000,0.000000000
33.390000000,1.610000000,0.000000000
33.394000000,1.606000000,0.000000000
33.400000000,1.600000000,0.000000000
33.404000000,1.596000000,0.000000000
33.407000000,1.593000000,0.000000000
33.414000000,1.586000000,0.000000000
33.417000000,1.583000000,0.000000000
33.423000000,1.577000000,0.000000000
33.428000000,1.572000000,0.000000000
33.433000000,1.567000000,0.000000000
33.434000000,1.566000000,0.000000000
33.440000000,1.560000000,0.000000000
33.454000000,1.546000000,0.000000000
33.466000000,1.534000000,0.000000000
33.474000000,1.526000000,0.000000000
33.484000000,1.516000000,0.000000000
33.495000000,1.505000000,0.000000000
33.502000000,1.498000000,0.000000000
33.510000000,1.490000000,0.000000000
33.521000000,1.479000000,0.000000000
33.533000000,1.467000000,0.000000000
33.543000000,1.457000000,0.000000000
33.547000000,1.453000000,0.000000000
33.551000000,1.449000000,0.000000000
33.556000000,1.444000000,0.000000000
33.562000000,1.438000000,0.000000000
33.566000000,1.434000000,0.000000000
33.576000000,1.424000000,0.000000000
33.586000000,1.414000000,0.000000000
33.596000000,1.404000000,0.000000000
33.600000000,1.400000000,0.000000000
33.604000000,1.396000000,0.000000000
33.608000000,1.392000000,0.000000000
33.612000000,1.388000000,0.000000000
33.618000000,1.382000000,0.000000000
33.621000000,1.379000000,0.000000000
33.625000000,1.375000000,0.000000000
33.634000000,1.366000000,0.000000000
33.639000000,1.361000000,0.000000000
33.644000000,1.356000000,0.000000000
33.649000000,1.351000000,0.000000000
33.656000000,1.344000000,0.000000000
33.665000000,1.335000000,0.000000000
33.671000000,1.329000000,0.000000000
33.676000000,1.324000000,0.000000000
33.682000000,1.318000000,0.000000000
33.686000000,1.314000000,0.000000000
33.692000000,1.308000000,0.000000000
33.700000000,1.300000000,0.000000000
33.710000000,1.290000000,0.000000000
33.715000000,1.285000000,0.000000000
33.722000000,1.278000000,0.000000000
33.731000000,1.269000000,0.000000000
33.736000000,1.264000000,0.000000000
33.741000000,1.259000000,0.000000000
33.747000000,1.253000000,0.000000000
33.758000000,1.242000000,0.000000000
33.762000000,1.238000000,0.000000000
33.768000000,1.232000000,0.000000000
33.773000000,1.227000000,0.000000000
33.780000000,1.220000000,0.000000000
33.788000000,1.212000000,0.000000000
33.796000000,1.204000000,0.000000000
33.805000000,1.195000000,0.000000000
33.810000000,1.190000000,0.000000000
33.815000000,1.185000000,0.000000000
33.817000000,1.183000000,0.000000000
33.823000000,1.177000000,0.000000000
33.832000000,1.168000000,0.000000000
33.841000000,1.159000000,0.000000000
33.852000000,1.148000000,0.000000000
33.864000000,1.136000000,0.000000000
33.873000000,1.127000000,0.000000000
33.880000000,1.120000000,0.000000000
33.889000000,1.111000000,0.000000000
33.900000000,1.100000000,0.000000000
33.909000000,1.091000000,0.000000000
33.921000000,1.079000000,0.000000000
33.927000000,1.073000000,0.000000000
33.935000000,1.065000000,0.000000000
33.950000000,1.050000000,0.000000000
33.965000000,1.035000000,0.000000000
33.968000000,1.032000000,0.000000000
33.978000000,1.022000000,0.000000000
33.989000000,1.011000000,0.000000000
33.998000000,1.002000000,0.000000000
34.011000000,0.989000000,0.000000000
34.021000000,0.979000000,0.000000000
34.034000000,0.966000000,0.000000000
34.047000000,0.953000000,0.000000000
34.060000000,0.940000000,0.000000000
34.073000000,0.927000000,0.000000000
34.084000000,0.916000000,0.000000000
34.093000000,0.907000000,0.000000000
34.105000000,0.895000000,0.000000000
34.121000000,0.879000000,0.000000000
34.132000000,0.868000000,0.000000000
34.138000000,0.862000000,0.000000000
34.152000000,0.848000000,0.000000000
34.161000000,0.839000000,0.000000000
34.173000000,0.827000000,0.000000000
34.181000000,0.819000000,0.000000000
34.198000000,0.802000000,0.000000000
34.204000000,0.796000000,0.000000000
34.217000000,0.783000000,0.000000000
34.229000000,0.771000000,0.000000000
34.243000000,0.757000000,0.000000000
34.255000000,0.745000000,0.000000000
34.269000000,0.731000000,0.000000000
34.281000000,0.719000000,0.000000000
34.295000000,0.705000000,0.000000000
34.308000000,0.692000000,0.000000000
34.322000000,0.678000000,0.000000000
34.330000000,0.670000000,0.000000000
34.343000000,0.657000000,0.000000000
34.350000000,0.650000000,0.000000000
34.359000000,0.641000000,0.000000000
34.368000000,0.632000000,0.000000000
34.377000000,0.623000000,0.000000000
34.387000000,0.613000000,0.000000000
34.398000000,0.602000000,0.000000000
34.407000000,0.593000000,0.000000000
34.417000000,0.583000000,0.000000000
34.421000000,0.579000000,0.000000000
34.431000000,0.569000000,0.000000000
34.440000000,0.560000000,0.000000000
34.449000000,0.551000000,0.000000000
34.462000000,0.538000000,0.000000000
34.472000000,0.528000000,0.000000000
34.483000000,0.517000000,0.000000000
34.490000000,0.510000000,0.000000000
34.501000000,0.499000000,0.000000000
34.511000000,0.489000000,0.000000000
34.523000000,0.477000000,0.000000000
34.528000000,0.472000000,0.000000000
34.536000000,0.464000000,0.000000000
34.550000000,0.450000000,0.000000000
34.565000000,0.435000000,0.000000000
34.575000000,0.425000000,0.000000000
34.583000000,0.417000000,0.000000000
34.586000000,0.414000000,0.000000000
34.588000000,0.412000000,0.000000000
34.590000000,0.410000000,0.000000000
34.593000000,0.407000000,0.000000000
34.596000000,0.404000000,0.000000000
34.604000000,0.396000000,0.000000000
34.612000000,0.388000000,0.000000000
34.617000000,0.383000000,0.000000000
34.621000000,0.379000000,0.000000000
34.627000000,0.373000000,0.000000000
34.639000000,0.361000000,0.000000000
34.646000000,0.354000000,0.000000000
34.660000000,0.340000000,0.000000000
34.677000000,0.323000000,0.000000000
34.693000000,0.307000000,0.000000000
34.709000000,0.291000000,0.000000000
34.718000000,0.282000000,0.000000000
34.734000000,0.266000000,0.000000000
34.748000000,0.252000000,0.000000000
34.759000000,0.241000000,0.000000000
34.766000000,0.234000000,0.000000000
34.777000000,0.223000000,0.000000000
34.786000000,0.214000000,0.000000000
34.790000000,0.210000000,0.000000000
34.794000000,0.206000000,0.000000000
34.804000000,0.196000000,0.000000000
34.814000000,0.186000000,0.000000000
34.822000000,0.178000000,0.000000000
34.830000000,0.170000000,0.000000000
34.838000000,0.162000000,0.000000000
34.852000000,0.148000000,0.000000000
34.862000000,0.138000000,0.000000000
34.871000000,0.129000000,0.000000000
34.880000000,0.120000000,0.000000000
34.890000000,0.110000000,0.000000000
34.902000000,0.098000000,0.000000000
34.911000000,0.089000000,0.000000000
34.918000000,0.082000000,0.000000000
34.925000000,0.075000000,0.000000000
34.936000000,0.064000000,0.000000000
34.946000000,0.054000000,0.000000000
34.950000000,0.050000000,0.000000000
34.964000000,0.036000000,0.000000000
34.977000000,0.023000000,0.000000000
34.989000000,0.011000000,0.000000000
34.994000000,0.006000000,0.000000000
35.011000000,-0.011000000,0.000000000
35.022000000,-0.022000000,0.000000000
35.029000000,-0.029000000,0.000000000
35.041000000,-0.041000000,0.000000000
35.055000000,-0.055000000,0.000000000
35.070000000,-0.070000000,0.000000000
35.083000000,-0.083000000,0.000000000
35.097000000,-0.097000000,0.000000000
35.111000000,-0.111000000,0.000000000
35.125000000,-0.125000000,0.000000000
35.136000000,-0.136000000,0.000000000
35.150000000,-0.150000000,0.000000000
35.164000000,-0.164000000,0.000000000
35.178000000,-0.178000000,0.000000000
35.189000000,-0.189000000,0.000000000
35.201000000,-0.201000000,0.000000000
35.210000000,-0.210000000,0.000000000
35.218000000,-0.218000000,0.000000000
35.228000000,-0.228000000,0.000000000
35.242000000,-0.242000000,0.000000000
35.255000000,-0.255000000,0.000000000
35.267000000,-0.267000000,0.000000000
35.282000000,-0.282000000,0.000000000
35.296000000,-0.296000000,0.000000000
35.300000000,-0.300000000,0.000000000
35.308000000,-0.308000000,0.000000000
35.312000000,-0.312000000,0.000000000
35.320000000,-0.320000000,0.000000000
35.325000000,-0.325000000,0.000000000
35.332000000,-0.332000000,0.000000000
35.338000000,-0.338000000,0.000000000
35.342000000,-0.342000000,0.000000000
35.348000000,-0.348000000,0.000000000
35.352000000,-0.352000000,0.000000000
35.355000000,-0.355000000,0.000000000
35.366000000,-0.366000000,0.000000000
35.380000000,-0.380000000,0.000000000
35.388000000,-0.388000000,0.000000000
35.398000000,-0.398000000,0.000000000
35.406000000,-0.406000000,0.000000000
35.422000000,-0.422000000,0.000000000
35.437000000,-0.437000000,0.000000000
35.452000000,-0.452000000,0.000000000
35.465000000,-0.465000000,0.000000000
35.474000000,-0.474000000,0.000000000
35.481000000,-0.481000000,0.000000000
35.495000000,-0.495000000,0.000000000
35.509000000,-0.509000000,0.000000000
35.523000000,-0.523000000,0.000000000
35.534000000,-0.534000000,0.000000000
35.543000000,-0.543000000,0.000000000
35.556000000,-0.556000000,0.000000000
35.571000000,-0.571000000,0.000000000
35.582000000,-0.582000000,0.000000000
35.594000000,-0.594000000,0.000000000
35.603000000,-0.603000000,0.000000000
35.612000000,-0.612000000,0.000000000
35.622000000,-0.622000000,0.000000000
35.640000000,-0.640000000,0.000000000
35.655000000,-0.655000000,0.000000000
35.666000000,-0.666000000,0.000000000
35.670000000,-0.670000000,0.000000000
35.683000000,-0.683000000,0.000000000
35.690000000,-0.690000000,0.000000000
35.703000000,-0.703000000,0.000000000
35.712000000,-0.712000000,0.000000000
35.724000000,-0.724000000,0.000000000
35.734000000,-0.734000000,0.000000000
35.744000000,-0.744000000,0.000000000
35.755000000,-0.755000000,0.000000000
35.769000000,-0.769000000,0.000000000
35.778000000,-0.778000000,0.000000000
35.791000000,-0.791000000,0.000000000
35.803000000,-0.803000000,0.000000000
35.808000000,-0.808000000,0.000000000
35.815000000,-0.815000000,0.000000000
35.826000000,-0.826000000,0.000000000
35.831000000,-0.831000000,0.000000000
35.844000000,-0.844000000,0.000000000
35.850000000,-0.850000000,0.000000000
35.858000000,-0.858000000,0.000000000
35.868000000,-0.868000000,0.000000000
35.879000000,-0.879000000,0.000000000
35.885000000,-0.885000000,0.000000000
35.894000000,-0.894000000,0.000000000
35.903000000,-0.903000000,0.000000000
35.913000000,-0.913000000,0.000000000
35.924000000,-0.924000000,0.000000000
35.930000000,-0.930000000,0.000000000
35.940000000,-0.940000000,0.000000000
35.946000000,-0.946000000,0.000000000
35.952000000,-0.952000000,0.000000000
35.961000000,-0.961000000,0.000000000
35.972000000,-0.972000000,0.000000000
35.982000000,-0.982000000,0.000000000
35.993000000,-0.993000000,0.000000000
36.003000000,-0.997000000,0.000000000
36.012000000,-0.988000000,0.000000000
36.026000000,-0.974000000,0.000000000
36.042000000,-0.958000000,0.000000000
36.057000000,-0.943000000,0.000000000
36.072000000,-0.928000000,0.000000000
36.086000000,-0.914000000,0.000000000
36.103000000,-0.897000000,0.000000000
36.116000000,-0.884000000,0.000000000
36.133000000,-0.867000000,0.000000000
36.149000000,-0.851000000,0.000000000
36.160000000,-0.840000000,0.000000000
36.175000000,-0.825000000,0.000000000
36.187000000,-0.813000000,0.000000000
36.196000000,-0.804000000,0.000000000
36.206000000,-0.794000000,0.000000000
36.220000000,-0.780000000,0.000000000
36.223000000,-0.777000000,0.000000000
36.227000000,-0.773000000,0.000000000
36.236000000,-0.764000000,0.000000000
36.248000000,-0.752000000,0.000000000
36.259000000,-0.741000000,0.000000000
36.266000000,-0.734000000,0.000000000
36.272000000,-0.728000000,0.000000000
36.280000000,-0.720000000,0.000000000
36.286000000,-0.714000000,0.000000000
36.291000000,-0.709000000,0.000000000
36.298000000,-0.702000000,0.000000000
36.304000000,-0.696000000,0.000000000
36.316000000,-0.684000000,0.000000000
36.327000000,-0.673000000,0.000000000
36.342000000,-0.658000000,0.000000000
36.351000000,-0.649000000,0.000000000
36.356000000,-0.644000000,0.000000000
36.362000000,-0.638000000,0.000000000
36.376000000,-0.624000000,0.000000000
36.388000000,-0.612000000,0.000000000
36.402000000,-0.598000000,0.000000000
36.413000000,-0.587000000,0.000000000
36.421000000,-0.579000000,0.000000000
36.430000000,-0.570000000,0.000000000
36.439000000,-0.561000000,0.000000000
36.443000000,-0.557000000,0.000000000
36.451000000,-0.549000000,0.000000000
36.463000000,-0.537000000,0.000000000
36.476000000,-0.524000000,0.000000000
36.486000000,-0.514000000,0.000000000
36.497000000,-0.503000000,0.000000000
36.506000000,-0.494000000,0.000000000
36.513000000,-0.487000000,0.000000000
36.525000000,-0.475000000,0.000000000
36.535000000,-0.465000000,0.000000000
36.544000000,-0.456000000,0.000000000
36.553000000,-0.447000000,0.000000000
36.566000000,-0.434000000,0.000000000
36.573000000,-0.427000000,0.000000000
36.582000000,-0.418000000,0.000000000
36.591000000,-0.409000000,0.000000000
36.598000000,-0.402000000,0.000000000
36.609000000,-0.391000000,0.000000000
36.614000000,-0.386000000,0.000000000
36.621000000,-0.379000000,0.000000000
36.628000000,-0.372000000,0.000000000
36.638000000,-0.362000000,0.000000000
36.644000000,-0.356000000,0.000000000
36.655000000,-0.345000000,0.000000000
36.665000000,-0.335000000,0.000000000
36.671000000,-0.329000000,0.000000000
36.679000000,-0.321000000,0.000000000
36.688000000,-0.312000000,0.000000000
36.700000000,-0.300000000,0.000000000
36.705000000,-0.295000000,0.000000000
36.710000000,-0.290000000,0.000000000
36.722000000,-0.278000000,0.000000000
36.734000000,-0.266000000,0.000000000
36.746000000,-0.254000000,0.000000000
36.752000000,-0.248000000,0.000000000
36.760000000,-0.240000000,0.000000000
36.771000000,-0.229000000,0.000000000
36.779000000,-0.221000000,0.000000000
36.791000000,-0.209000000,0.000000000
36.802000000,-0.198000000,0.000000000
36.812000000,-0.188000000,0.000000000
36.819000000,-0.181000000,0.000000000
36.824000000,-0.176000000,0.000000000
36.832000000,-0.168000000,0.000000000
36.838000000,-0.162000000,0.000000000
36.853000000,-0.147000000,0.000000000
36.866000000,-0.134000000,0.000000000
36.873000000,-0.127000000,0.000000000
36.877000000,-0.123000000,0.000000000
36.880000000,-0.120000000,0.000000000
36.882000000,-0.118000000,0.000000000
36.884000000,-0.116000000,0.000000000
36.890000000,-0.110000000,0.000000000
36.894000000,-0.106000000,0.000000000
36.898000000,-0.102000000,0.000000000
36.905000000,-0.095000000,0.000000000
36.914000000,-0.086000000,0.000000000
36.918000000,-0.082000000,0.000000000
36.923000000,-0.077000000,0.000000000
36.933000000,-0.067000000,0.000000000
36.942000000,-0.058000000,0.000000000
36.947000000,-0.053000000,0.000000000
36.958000000,-0.042000000,0.000000000
36.969000000,-0.031000000,0.000000000
36.978000000,-0.022000000,0.000000000
36.993000000,-0.007000000,0.000000000
37.005000000,0.005000000,0.000000000
37.018000000,0.018000000,0.000000000
37.028000000,0.028000000,0.000000000
37.039000000,0.039000000,0.000000000
37.052000000,0.052000000,0.000000000
37.058000000,0.058000000,0.000000000
37.072000000,0.072000000,0.000000000
37.084000000,0.084000000,0.000000000
37.098000000,0.098000000,0.000000000
37.112000000,0.112000000,0.000000000
37.118000000,0.118000000,0.000000000
37.129000000,0.129000000,0.000000000
37.140000000,0.140000000,0.000000000
37.155000000,0.155000000,0.000000000
37.163000000,0.163000000,0.000000000
37.170000000,0.170000000,0.000000000
37.180000000,0.180000000,0.000000000
37.192000000,0.192000000,0.000000000
37.203000000,0.203000000,0.000000000
37.213000000,0.213000000,0.000000000
37.226000000,0.226000000,0.000000000
37.232000000,0.232000000,0.000000000
37.241000000,0.241000000,0.000000000
37.256000000,0.256000000,0.000000000
37.269000000,0.269000000,0.000000000
37.283000000,0.283000000,0.000000000
37.295000000,0.295000000,0.000000000
37.310000000,0.310000000,0.000000000
37.319000000,0.319000000,0.000000000
37.331000000,0.331000000,0.000000000
37.343000000,0.343000000,0.000000000
37.351000000,0.351000000,0.000000000
37.356000000,0.356000000,0.000000000
37.368000000,0.368000000,0.000000000
37.381000000,0.381000000,0.000000000
37.396000000,0.396000000,0.000000000
37.405000000,0.405000000,0.000000000
37.419000000,0.419000000,0.000000000
37.429000000,0.429000000,0.000000000
37.441000000,0.441000000,0.000000000
37.454000000,0.454000000,0.000000000
37.470000000,0.470000000,0.000000000
37.479000000,0.479000000,0.000000000
37.486000000,0.486000000,0.000000000
37.499000000,0.499000000,0.000000000
37.510000000,0.510000000,0.000000000
37.523000000,0.523000000,0.000000000
37.533000000,0.533000000,0.000000000
37.543000000,0.543000000,0.000000000
37.553000000,0.553000000,0.000000000
37.563000000,0.563000000,0.000000000
37.573000000,0.573000000,0.000000000
37.583000000,0.583000000,0.000000000
37.596000000,0.596000000,0.000000000
37.606000000,0.606000000,0.000000000
37.616000000,0.616000000,0.000000000
37.627000000,0.627000000,0.000000000
37.633000000,0.633000000,0.000000000
37.641000000,0.641000000,0.000000000
37.645000000,0.645000000,0.000000000
37.654000000,0.654000000,0.000000000
37.663000000,0.663000000,0.000000000
37.674000000,0.674000000,0.000000000
37.680000000,0.680000000,0.000000000
37.689000000,0.689000000,0.000000000
37.698000000,0.698000000,0.000000000
37.707000000,0.707000000,0.000000000
37.720000000,0.720000000,0.000000000
37.732000000,0.732000000,0.000000000
37.746000000,0.746000000,0.000000000
37.751000000,0.751000000,0.000000000
37.762000000,0.762000000,0.000000000
37.768000000,0.768000000,0.000000000
37.782000000,0.782000000,0.000000000
37.797000000,0.797000000,0.000000000
37.805000000,0.805000000,0.000000000
37.818000000,0.818000000,0.000000000
37.827000000,0.827000000,0.000000000
37.839000000,0.839000000,0.000000000
37.856000000,0.856000000,0.000000000
37.865000000,0.865000000,0.000000000
37.877000000,0.877000000,0.000000000
37.889000000,0.889000000,0.000000000
37.896000000,0.896000000,0.000000000
37.907000000,0.907000000,0.000000000
37.917000000,0.917000000,0.000000000
37.924000000,0.924000000,0.000000000
37.934000000,0.934000000,0.000000000
37.941000000,0.941000000,0.000000000
37.947000000,0.947000000,0.000000000
37.952000000,0.952000000,0.000000000
37.960000000,0.960000000,0.000000000
37.969000000,0.969000000,0.000000000
37.982000000,0.982000000,0.000000000
37.989000000,0.989000000,0.000000000
38.006000000,1.006000000,0.000000000
38.015000000,1.015000000,0.000000000
38.028000000,1.028000000,0.000000000
38.042000000,1.042000000,0.000000000
38.057000000,1.057000000,0.000000000
38.067000000,1.067000000,0.000000000
38.082000000,1.082000000,0.000000000
38.096000000,1.096000000,0.000000000
38.111000000,1.111000000,0.000000000
38.126000000,1.126000000,0.000000000
38.138000000,1.138000000,0.000000000
38.150000000,1.150000000,0.000000000
38.162000000,1.162000000,0.000000000
38.174000000,1.174000000,0.000000000
38.182000000,1.182000000,0.000000000
38.192000000,1.192000000,0.000000000
38.204000000,1.204000000,0.000000000
38.214000000,1.214000000,0.000000000
38.230000000,1.230000000,0.000000000
38.246000000,1.246000000,0.000000000
38.258000000,1.258000000,0.000000000
38.270000000,1.270000000,0.000000000
38.282000000,1.282000000,0.000000000
38.293000000,1.293000000,0.000000000
38.308000000,1.308000000,0.000000000
38.325000000,1.325000000,0.000000000
38.342000000,1.342000000,0.000000000
38.359000000,1.359000000,0.000000000
38.370000000,1.370000000,0.000000000
38.386000000,1.386000000,0.000000000
38.402000000,1.402000000,0.000000000
38.410000000,1.410000000,0.000000000
38.421000000,1.421000000,0.000000000
38.430000000,1.430000000,0.000000000
38.437000000,1.437000000,0.000000000
38.444000000,1.444000000,0.000000000
38.451000000,1.451000000,0.000000000
38.459000000,1.459000000,0.000000000
38.468000000,1.468000000,0.000000000
38.473000000,1.473000000,0.000000000
38.480000000,1.480000000,0.000000000
38.485000000,1.485000000,0.000000000
38.499000000,1.499000000,0.000000000
38.515000000,1.515000000,0.000000000
38.526000000,1.526000000,0.000000000
38.541000000,1.541000000,0.000000000
38.555000000,1.555000000,0.000000000
38.570000000,1.570000000,0.000000000
38.585000000,1.585000000,0.000000000
38.599000000,1.599000000,0.000000000
38.612000000,1.612000000,0.000000000
38.622000000,1.622000000,0.000000000
38.634000000,1.634000000,0.000000000
38.646000000,1.646000000,0.000000000
38.659000000,1.659000000,0.000000000
38.674000000,1.674000000,0.000000000
38.689000000,1.689000000,0.000000000
38.703000000,1.703000000,0.000000000
38.708000000,1.708000000,0.000000000
38.712000000,1.712000000,0.000000000
38.714000000,1.714000000,0.000000000
38.719000000,1.719000000,0.000000000
38.726000000,1.726000000,0.000000000
38.730000000,1.730000000,0.000000000
38.731000000,1.731000000,0.000000000
38.734000000,1.734000000,0.000000000
38.737000000,1.737000000,0.000000000
38.741000000,1.741000000,0.000000000
38.743000000,1.743000000,0.000000000
38.747000000,1.747000000,0.000000000
38.751000000,1.751000000,0.000000000
38.756000000,1.756000000,0.000000000
38.761000000,1.761000000,0.000000000
38.772000000,1.772000000,0.000000000
38.777000000,1.777000000,0.000000000
38.783000000,1.783000000,0.000000000
38.794000000,1.794000000,0.000000000
38.806000000,1.806000000,0.000000000
38.816000000,1.816000000,0.000000000
38.828000000,1.828000000,0.000000000
38.837000000,1.837000000,0.000000000
38.853000000,1.853000000,0.000000000
38.870000000,1.870000000,0.000000000
38.881000000,1.881000000,0.000000000
38.893000000,1.893000000,0.000000000
38.903000000,1.903000000,0.000000000
38.917000000,1.917000000,0.000000000
38.933000000,1.933000000,0.000000000
38.939000000,1.939000000,0.000000000
38.947000000,1.947000000,0.000000000
38.958000000,1.958000000,0.000000000
38.968000000,1.968000000,0.000000000
38.973000000,1.973000000,0.000000000
38.983000000,1.983000000,0.000000000
38.986000000,1.986000000,0.000000000
38.989000000,1.989000000,0.000000000
38.992000000,1.992000000,0.000000000
38.995000000,1.995000000,0.000000000
38.999000000,1.999000000,0.000000000
39.001000000,2.001000000,0.000000000
39.003000000,2.003000000,0.000000000
39.010000000,2.010000000,0.000000000
39.018000000,2.018000000,0.000000000
39.033000000,2.033000000,0.000000000
39.044000000,2.044000000,0.000000000
39.048000000,2.048000000,0.000000000
39.058000000,2.058000000,0.000000000
39.065000000,2.065000000,0.000000000
39.080000000,2.080000000,0.000000000
39.088000000,2.088000000,0.000000000
39.093000000,2.093000000,0.000000000
39.099000000,2.099000000,0.000000000
39.111000000,2.111000000,0.000000000
39.122000000,2.122000000,0.000000000
39.134000000,2.134000000,0.000000000
39.143000000,2.143000000,0.000000000
39.154000000,2.154000000,0.000000000
39.170000000,2.170000000,0.000000000
39.183000000,2.183000000,0.000000000
39.189000000,2.189000000,0.000000000
39.194000000,2.194000000,0.000000000
39.203000000,2.203000000,0.000000000
39.214000000,2.214000000,0.000000000
39.222000000,2.222000000,0.000000000
39.233000000,2.233000000,0.000000000
39.250000000,2.250000000,0.000000000
39.265000000,2.265000000,0.000000000
39.281000000,2.281000000,0.000000000
39.298000000,2.298000000,0.000000000
39.313000000,2.313000000,0.000000000
39.327000000,2.327000000,0.000000000
39.341000000,2.341000000,0.000000000
39.351000000,2.351000000,0.000000000
39.362000000,2.362000000,0.000000000
39.371000000,2.371000000,0.000000000
39.378000000,2.378000000,0.000000000
39.389000000,2.389000000,0.000000000
39.402000000,2.402000000,0.000000000
39.407000000,2.407000000,0.000000000
39.414000000,2.414000000,0.000000000
39.419000000,2.419000000,0.000000000
39.430000000,2.430000000,0.000000000
39.434000000,2.434000000,0.000000000
39.440000000,2.440000000,0.000000000
39.454000000,2.454000000,0.000000000
39.467000000,2.467000000,0.000000000
39.483000000,2.483000000,0.000000000
39.493000000,2.493000000,0.000000000
39.502000000,2.502000000,0.000000000
39.507000000,2.507000000,0.000000000
39.521000000,2.521000000,0.000000000
39.535000000,2.535000000,0.000000000
39.542000000,2.542000000,0.000000000
39.550000000,2.550000000,0.000000000
39.558000000,2.558000000,0.000000000
39.562000000,2.562000000,0.000000000
39.573000000,2.573000000,0.000000000
39.581000000,2.581000000,0.000000000
39.592000000,2.592000000,0.000000000
39.602000000,2.602000000,0.000000000
39.608000000,2.608000000,0.000000000
39.617000000,2.617000000,0.000000000
39.627000000,2.627000000,0.000000000
39.641000000,2.641000000,0.000000000
39.651000000,2.651000000,0.000000000
39.661000000,2.661000000,0.000000000
39.674000000,2.674000000,0.000000000
39.689000000,2.689000000,0.000000000
39.702000000,2.702000000,0.000000000
39.715000000,2.715000000,0.000000000
39.725000000,2.725000000,0.000000000
39.736000000,2.736000000,0.000000000
39.750000000,2.750000000,0.000000000
39.762000000,2.762000000,0.000000000
39.775000000,2.775000000,0.000000000
39.778000000,2.778000000,0.000000000
39.787000000,2.787000000,0.000000000
39.797000000,2.797000000,0.000000000
39.812000000,2.812000000,0.000000000
39.827000000,2.827000000,0.000000000
39.841000000,2.841000000,0.000000000
39.849000000,2.849000000,0.000000000
39.858000000,2.858000000,0.000000000
39.867000000,2.867000000,0.000000000
39.879000000,2.879000000,0.000000000
39.888000000,2.888000000,0.000000000
39.897000000,2.897000000,0.000000000
39.907000000,2.907000000,0.000000000
39.915000000,2.915000000,0.000000000
39.923000000,2.923000000,0.000000000
39.936000000,2.936000000,0.000000000
39.950000000,2.950000000,0.000000000
39.965000000,2.965000000,0.000000000
39.981000000,2.981000000,0.000000000
39.993000000,2.993000000,0.000000000
40.008000000,3.008000000,0.000000000
40.022000000,3.022000000,0.000000000
40.037000000,3.037000000,0.000000000
40.046000000,3.046000000,0.000000000
40.052000000,3.052000000,0.000000000
40.061000000,3.061000000,0.000000000
40.068000000,3.068000000,0.000000000
40.072000000,3.072000000,0.000000000
40.083000000,3.083000000,0.000000000
40.099000000,3.099000000,0.000000000
40.108000000,3.108000000,0.000000000
40.120000000,3.120000000,0.000000000
40.133000000,3.133000000,0.000000000
40.137000000,3.137000000,0.000000000
40.144000000,3.144000000,0.000000000
40.151000000,3.151000000,0.000000000
40.163000000,3.163000000,0.000000000
40.179000000,3.179000000,0.000000000
40.186000000,3.186000000,0.000000000
40.199000000,3.199000000,0.000000000
40.215000000,3.215000000,0.000000000
40.230000000,3.230000000,0.000000000
40.243000000,3.243000000,0.000000000
40.254000000,3.254000000,0.000000000
40.269000000,3.269000000,0.000000000
40.280000000,3.280000000,0.000000000
40.290000000,3.290000000,0.000000000
40.302000000,3.302000000,0.000000000
40.311000000,3.311000000,0.000000000
40.323000000,3.323000000,0.000000000
40.329000000,3.329000000,0.000000000
40.337000000,3.337000000,0.000000000
40.347000000,3.347000000,0.000000000
40.357000000,3.357000000,0.000000000
40.365000000,3.365000000,0.000000000
40.373000000,3.373000000,0.000000000
40.381000000,3.381000000,0.000000000
40.395000000,3.395000000,0.000000000
40.409000000,3.409000000,0.000000000
40.420000000,3.420000000,0.000000000
40.425000000,3.425000000,0.000000000
40.432000000,3.432000000,0.000000000
40.440000000,3.440000000,0.000000000
40.448000000,3.448000000,0.000000000
40.464000000,3.464000000,0.000000000
40.478000000,3.478000000,0.000000000
40.493000000,3.493000000,0.000000000
40.507000000,3.507000000,0.000000000
40.519000000,3.519000000,0.000000000
40.536000000,3.536000000,0.000000000
40.549000000,3.549000000,0.000000000
40.559000000,3.559000000,0.000000000
40.572000000,3.572000000,0.000000000
40.586000000,3.586000000,0.000000000
40.602000000,3.602000000,0.000000000
40.618000000,3.618000000,0.000000000
40.629000000,3.629000000,0.000000000
40.642000000,3.642000000,0.000000000
40.659000000,3.659000000,0.000000000
40.671000000,3.671000000,0.000000000
40.687000000,3.687000000,0.000000000
40.703000000,3.703000000,0.000000000
40.719000000,3.719000000,0.000000000
40.735000000,3.735000000,0.000000000
40.748000000,3.748000000,0.000000000
40.763000000,3.763000000,0.000000000
40.777000000,3.777000000,0.000000000
40.789000000,3.789000000,0.000000000
40.801000000,3.801000000,0.000000000
40.808000000,3.808000000,0.000000000
40.819000000,3.819000000,0.000000000
40.829000000,3.829000000,0.000000000
40.838000000,3.838000000,0.000000000
40.852000000,3.852000000,0.000000000
40.867000000,3.867000000,0.000000000
40.882000000,3.882000000,0.000000000
40.899000000,3.899000000,0.000000000
40.911000000,3.911000000,0.000000000
40.923000000,3.923000000,0.000000000
40.938000000,3.938000000,0.000000000
40.953000000,3.953000000,0.000000000
40.967000000,3.967000000,0.000000000
40.979000000,3.979000000,0.000000000
40.990000000,3.990000000,0.000000000
41.001000000,4.001000000,0.000000000
41.009000000,4.009000000,0.000000000
41.015000000,4.015000000,0.000000000
41.021000000,4.021000000,0.000000000
41.028000000,4.028000000,0.000000000
41.038000000,4.038000000,0.000000000
41.051000000,4.051000000,0.000000000
41.063000000,4.063000000,0.000000000
41.073000000,4.073000000,0.000000000
41.081000000,4.081000000,0.000000000
41.090000000,4.090000000,0.000000000
41.103000000,4.103000000,0.000000000
41.113000000,4.113000000,0.000000000
41.122000000,4.122000000,0.000000000
41.129000000,4.129000000,0.000000000
41.144000000,4.144000000,0.000000000
41.150000000,4.150000000,0.000000000
41.162000000,4.162000000,0.000000000
41.173000000,4.173000000,0.000000000
41.185000000,4.185000000,0.000000000
41.202000000,4.202000000,0.000000000
41.220000000,4.220000000,0.000000000
41.232000000,4.232000000,0.000000000
41.243000000,4.243000000,0.000000000
41.252000000,4.252000000,0.000000000
41.269000000,4.269000000,0.000000000
41.284000000,4.284000000,0.000000000
41.296000000,4.296000000,0.000000000
41.307000000,4.307000000,0.000000000
41.318000000,4.318000000,0.000000000
41.327000000,4.327000000,0.000000000
41.341000000,4.341000000,0.000000000
41.353000000,4.353000000,0.000000000
41.367000000,4.367000000,0.000000000
41.379000000,4.379000000,0.000000000
41.388000000,4.388000000,0.000000000
41.402000000,4.402000000,0.000000000
41.418000000,4.418000000,0.000000000
41.435000000,4.435000000,0.000000000
41.452000000,4.452000000,0.000000000
41.466000000,4.466000000,0.000000000
41.476000000,4.476000000,0.000000000
41.488000000,4.488000000,0.000000000
41.504000000,4.504000000,0.000000000
41.519000000,4.519000000,0.000000000
41.537000000,4.537000000,0.000000000
41.550000000,4.550000000,0.000000000
41.567000000,4.567000000,0.000000000
41.577000000,4.577000000,0.000000000
41.593000000,4.593000000,0.000000000
41.604000000,4.604000000,0.000000000
41.616000000,4.616000000,0.000000000
41.631000000,4.631000000,0.000000000
41.643000000,4.643000000,0.000000000
41.651000000,4.651000000,0.000000000
41.662000000,4.662000000,0.000000000
41.675000000,4.675000000,0.000000000
41.684000000,4.684000000,0.000000000
41.694000000,4.694000000,0.000000000
41.704000000,4.704000000,0.000000000
41.714000000,4.714000000,0.000000000
41.728000000,4.728000000,0.000000000
41.741000000,4.741000000,0.000000000
41.755000000,4.755000000,0.000000000
41.766000000,4.766000000,0.000000000
41.775000000,4.775000000,0.000000000
41.788000000,4.788000000,0.000000000
41.797000000,4.797000000,0.000000000
41.804000000,4.804000000,0.000000000
41.819000000,4.819000000,0.000000000
41.828000000,4.828000000,0.000000000
