sim_time,obstacle_x,obstacle_y
15.013000000,2.013000000,0.000000000
15.020000000,2.020000000,0.000000000
15.026000000,2.026000000,0.000000000
15.039000000,2.039000000,0.000000000
15.043000000,2.043000000,0.000000000
15.050000000,2.050000000,0.000000000
15.061000000,2.061000000,0.000000000
15.071000000,2.071000000,0.000000000
15.087000000,2.087000000,0.000000000
15.095000000,2.095000000,0.000000000
15.107000000,2.107000000,0.000000000
15.117000000,2.117000000,0.000000000
15.125000000,2.125000000,0.000000000
15.132000000,2.132000000,0.000000000
15.144000000,2.144000000,0.000000000
15.156000000,2.156000000,0.000000000
15.165000000,2.165000000,0.000000000
15.178000000,2.178000000,0.000000000
15.192000000,2.192000000,0.000000000
15.206000000,2.206000000,0.000000000
15.216000000,2.216000000,0.000000000
15.225000000,2.225000000,0.000000000
15.234000000,2.234000000,0.000000000
15.244000000,2.244000000,0.000000000
15.253000000,2.253000000,0.000000000
15.258000000,2.258000000,0.000000000
15.269000000,2.269000000,0.000000000
15.280000000,2.280000000,0.000000000
15.287000000,2.287000000,0.000000000
15.295000000,2.295000000,0.000000000
15.305000000,2.305000000,0.000000000
15.313000000,2.313000000,0.000000000
15.324000000,2.324000000,0.000000000
15.335000000,2.335000000,0.000000000
15.340000000,2.340000000,0.000000000
15.347000000,2.347000000,0.000000000
15.360000000,2.360000000,0.000000000
15.375000000,2.375000000,0.000000000
15.387000000,2.387000000,0.000000000
15.396000000,2.396000000,0.000000000
15.405000000,2.405000000,0.000000000
15.411000000,2.411000000,0.000000000
15.419000000,2.419000000,0.000000000
15.432000000,2.432000000,0.000000000
15.437000000,2.437000000,0.000000000
15.444000000,2.444000000,0.000000000
15.448000000,2.448000000,0.000000000
15.454000000,2.454000000,0.000000000
15.461000000,2.461000000,0.000000000
15.465000000,2.465000000,0.000000000
15.473000000,2.473000000,0.000000000
15.478000000,2.478000000,0.000000000
15.488000000,2.488000000,0.000000000
15.498000000,2.498000000,0.000000000
15.503000000,2.503000000,0.000000000
15.510000000,2.510000000,0.000000000
15.522000000,2.522000000,0.000000000
15.533000000,2.533000000,0.000000000
15.545000000,2.545000000,0.000000000
15.561000000,2.561000000,0.000000000
15.575000000,2.575000000,0.000000000
15.592000000,2.592000000,0.000000000
15.602000000,2.602000000,0.000000000
15.610000000,2.610000000,0.000000000
15.621000000,2.621000000,0.000000000
15.629000000,2.629000000,0.000000000
15.642000000,2.642000000,0.000000000
15.659000000,2.659000000,0.000000000
15.669000000,2.669000000,0.000000000
15.684000000,2.684000000,0.000000000
15.701000000,2.701000000,0.000000000
15.717000000,2.717000000,0.000000000
15.732000000,2.732000000,0.000000000
15.745000000,2.745000000,0.000000000
15.761000000,2.761000000,0.000000000
15.773000000,2.773000000,0.000000000
15.786000000,2.786000000,0.000000000
15.797000000,2.797000000,0.000000000
15.803000000,2.803000000,0.000000000
15.810000000,2.810000000,0.000000000
15.815000000,2.815000000,0.000000000
15.820000000,2.820000000,0.000000000
15.823000000,2.823000000,0.000000000
15.834000000,2.834000000,0.000000000
15.839000000,2.839000000,0.000000000
15.848000000,2.848000000,0.000000000
15.855000000,2.855000000,0.000000000
15.868000000,2.868000000,0.000000000
15.876000000,2.876000000,0.000000000
15.883000000,2.883000000,0.000000000
15.892000000,2.892000000,0.000000000
15.904000000,2.904000000,0.000000000
15.912000000,2.912000000,0.000000000
15.919000000,2.919000000,0.000000000
15.926000000,2.926000000,0.000000000
15.939000000,2.939000000,0.000000000
15.950000000,2.950000000,0.000000000
15.965000000,2.965000000,0.000000000
15.977000000,2.977000000,0.000000000
15.983000000,2.983000000,0.000000000
15.993000000,2.993000000,0.000000000
16.009000000,3.009000000,0.000000000
16.018000000,3.018000000,0.000000000
16.027000000,3.027000000,0.000000000
16.039000000,3.039000000,0.000000000
16.046000000,3.046000000,0.000000000
16.054000000,3.054000000,0.000000000
16.064000000,3.064000000,0.000000000
16.075000000,3.075000000,0.000000000
16.091000000,3.091000000,0.000000000
16.103000000,3.103000000,0.000000000
16.109000000,3.109000000,0.000000000
16.121000000,3.121000000,0.000000000
16.134000000,3.134000000,0.000000000
16.146000000,3.146000000,0.000000000
16.152000000,3.152000000,0.000000000
16.161000000,3.161000000,0.000000000
16.176000000,3.176000000,0.000000000
16.192000000,3.192000000,0.000000000
16.202000000,3.202000000,0.000000000
16.212000000,3.212000000,0.000000000
16.221000000,3.221000000,0.000000000
16.231000000,3.231000000,0.000000000
16.240000000,3.240000000,0.000000000
16.251000000,3.251000000,0.000000000
16.265000000,3.265000000,0.000000000
16.271000000,3.271000000,0.000000000
16.278000000,3.278000000,0.000000000
16.286000000,3.286000000,0.000000000
16.295000000,3.295000000,0.000000000
16.305000000,3.305000000,0.000000000
16.316000000,3.316000000,0.000000000
16.321000000,3.321000000,0.000000000
16.326000000,3.326000000,0.000000000
16.330000000,3.330000000,0.000000000
16.334000000,3.334000000,0.000000000
16.345000000,3.345000000,0.000000000
16.353000000,3.353000000,0.000000000
16.362000000,3.362000000,0.000000000
16.376000000,3.376000000,0.000000000
16.385000000,3.385000000,0.000000000
16.400000000,3.400000000,0.000000000
16.409000000,3.409000000,0.000000000
16.420000000,3.420000000,0.000000000
16.432000000,3.432000000,0.000000000
16.437000000,3.437000000,0.000000000
16.446000000,3.446000000,0.000000000
16.454000000,3.454000000,0.000000000
16.460000000,3.460000000,0.000000000
16.464000000,3.464000000,0.000000000
16.469000000,3.469000000,0.000000000
16.474000000,3.474000000,0.000000000
16.478000000,3.478000000,0.000000000
16.481000000,3.481000000,0.000000000
16.486000000,3.486000000,0.000000000
16.498000000,3.498000000,0.000000000
16.508000000,3.508000000,0.000000000
16.517000000,3.517000000,0.000000000
16.527000000,3.527000000,0.000000000
16.533000000,3.533000000,0.000000000
16.540000000,3.540000000,0.000000000
16.555000000,3.555000000,0.000000000
16.561000000,3.561000000,0.000000000
16.571000000,3.571000000,0.000000000
16.580000000,3.580000000,0.000000000
16.589000000,3.589000000,0.000000000
16.599000000,3.599000000,0.000000000
16.609000000,3.609000000,0.000000000
16.615000000,3.615000000,0.000000000
16.626000000,3.626000000,0.000000000
16.635000000,3.635000000,0.000000000
16.642000000,3.642000000,0.000000000
16.651000000,3.651000000,0.000000000
16.656000000,3.656000000,0.000000000
16.668000000,3.668000000,0.000000000
16.676000000,3.676000000,0.000000000
16.688000000,3.688000000,0.000000000
16.699000000,3.699000000,0.000000000
16.711000000,3.711000000,0.000000000
16.724000000,3.724000000,0.000000000
16.731000000,3.731000000,0.000000000
16.737000000,3.737000000,0.000000000
16.741000000,3.741000000,0.000000000
16.756000000,3.756000000,0.000000000
16.766000000,3.766000000,0.000000000
16.776000000,3.776000000,0.000000000
16.785000000,3.785000000,0.000000000
16.795000000,3.795000000,0.000000000
16.803000000,3.803000000,0.000000000
16.806000000,3.806000000,0.000000000
16.810000000,3.810000000,0.000000000
16.821000000,3.821000000,0.000000000
16.835000000,3.835000000,0.000000000
16.841000000,3.841000000,0.000000000
16.849000000,3.849000000,0.000000000
16.857000000,3.857000000,0.000000000
16.869000000,3.869000000,0.000000000
16.878000000,3.878000000,0.000000000
16.886000000,3.886000000,0.000000000
16.901000000,3.901000000,0.000000000
16.914000000,3.914000000,0.000000000
16.920000000,3.920000000,0.000000000
16.930000000,3.930000000,0.000000000
16.936000000,3.936000000,0.000000000
16.944000000,3.944000000,0.000000000
16.958000000,3.958000000,0.000000000
16.975000000,3.975000000,0.000000000
16.987000000,3.987000000,0.000000000
16.997000000,3.997000000,0.000000000
17.006000000,4.006000000,0.000000000
17.014000000,4.014000000,0.000000000
17.021000000,4.021000000,0.000000000
17.037000000,4.037000000,0.000000000
17.049000000,4.049000000,0.000000000
17.059000000,4.059000000,0.000000000
17.071000000,4.071000000,0.000000000
17.083000000,4.083000000,0.000000000
17.094000000,4.094000000,0.000000000
17.098000000,4.098000000,0.000000000
17.104000000,4.104000000,0.000000000
17.109000000,4.109000000,0.000000000
17.119000000,4.119000000,0.000000000
17.126000000,4.126000000,0.000000000
17.132000000,4.132000000,0.000000000
17.140000000,4.140000000,0.000000000
17.150000000,4.150000000,0.000000000
17.161000000,4.161000000,0.000000000
17.173000000,4.173000000,0.000000000
17.181000000,4.181000000,0.000000000
17.191000000,4.191000000,0.000000000
17.201000000,4.201000000,0.000000000
17.211000000,4.211000000,0.000000000
17.223000000,4.223000000,0.000000000
17.232000000,4.232000000,0.000000000
17.244000000,4.244000000,0.000000000
17.249000000,4.249000000,0.000000000
17.260000000,4.260000000,0.000000000
17.270000000,4.270000000,0.000000000
17.282000000,4.282000000,0.000000000
17.290000000,4.290000000,0.000000000
17.301000000,4.301000000,0.000000000
17.308000000,4.308000000,0.000000000
17.315000000,4.315000000,0.000000000
17.319000000,4.319000000,0.000000000
17.324000000,4.324000000,0.000000000
17.335000000,4.335000000,0.000000000
17.342000000,4.342000000,0.000000000
17.357000000,4.357000000,0.000000000
17.370000000,4.370000000,0.000000000
17.374000000,4.374000000,0.000000000
17.382000000,4.382000000,0.000000000
17.394000000,4.394000000,0.000000000
17.403000000,4.403000000,0.000000000
17.411000000,4.411000000,0.000000000
17.422000000,4.422000000,0.000000000
17.435000000,4.435000000,0.000000000
17.445000000,4.445000000,0.000000000
17.455000000,4.455000000,0.000000000
17.461000000,4.461000000,0.000000000
17.471000000,4.471000000,0.000000000
17.480000000,4.480000000,0.000000000
17.493000000,4.493000000,0.000000000
17.503000000,4.503000000,0.000000000
17.521000000,4.521000000,0.000000000
17.537000000,4.537000000,0.000000000
17.553000000,4.553000000,0.000000000
17.563000000,4.563000000,0.000000000
17.578000000,4.578000000,0.000000000
17.595000000,4.595000000,0.000000000
17.608000000,4.608000000,0.000000000
17.621000000,4.621000000,0.000000000
17.627000000,4.627000000,0.000000000
17.636000000,4.636000000,0.000000000
17.643000000,4.643000000,0.000000000
17.656000000,4.656000000,0.000000000
17.670000000,4.670000000,0.000000000
17.680000000,4.680000000,0.000000000
17.690000000,4.690000000,0.000000000
17.705000000,4.705000000,0.000000000
17.718000000,4.718000000,0.000000000
17.729000000,4.729000000,0.000000000
17.741000000,4.741000000,0.000000000
17.753000000,4.753000000,0.000000000
17.767000000,4.767000000,0.000000000
17.782000000,4.782000000,0.000000000
17.789000000,4.789000000,0.000000000
17.799000000,4.799000000,0.000000000
17.809000000,4.809000000,0.000000000
17.825000000,4.825000000,0.000000000
17.836000000,4.836000000,0.000000000
17.849000000,4.849000000,0.000000000
17.862000000,4.862000000,0.000000000
17.873000000,4.873000000,0.000000000
17.884000000,4.884000000,0.000000000
17.895000000,4.895000000,0.000000000
17.908000000,4.908000000,0.000000000
17.921000000,4.921000000,0.000000000
17.935000000,4.935000000,0.000000000
17.946000000,4.946000000,0.000000000
17.958000000,4.958000000,0.000000000
17.968000000,4.968000000,0.000000000
17.975000000,4.975000000,0.000000000
17.981000000,4.981000000,0.000000000
17.987000000,4.987000000,0.000000000
17.993000000,4.993000000,0.000000000
17.999000000,4.999000000,0.000000000
18.007000000,4.993000000,0.000000000
18.019000000,4.981000000,0.000000000
18.033000000,4.967000000,0.000000000
18.041000000,4.959000000,0.000000000
18.045000000,4.955000000,0.000000000
18.055000000,4.945000000,0.000000000
18.060000000,4.940000000,0.000000000
18.071000000,4.929000000,0.000000000
18.078000000,4.922000000,0.000000000
18.087000000,4.913000000,0.000000000
18.096000000,4.904000000,0.000000000
18.108000000,4.892000000,0.000000000
18.118000000,4.882000000,0.000000000
18.124000000,4.876000000,0.000000000
18.131000000,4.869000000,0.000000000
18.137000000,4.863000000,0.000000000
18.144000000,4.856000000,0.000000000
18.154000000,4.846000000,0.000000000
18.166000000,4.834000000,0.000000000
18.172000000,4.828000000,0.000000000
18.176000000,4.824000000,0.000000000
18.181000000,4.819000000,0.000000000
18.187000000,4.813000000,0.000000000
18.195000000,4.805000000,0.000000000
18.206000000,4.794000000,0.000000000
18.213000000,4.787000000,0.000000000
18.222000000,4.778000000,0.000000000
18.232000000,4.768000000,0.000000000
18.243000000,4.757000000,0.000000000
18.256000000,4.744000000,0.000000000
18.270000000,4.730000000,0.000000000
18.276000000,4.724000000,0.000000000
18.285000000,4.715000000,0.000000000
18.292000000,4.708000000,0.000000000
18.302000000,4.698000000,0.000000000
18.309000000,4.691000000,0.000000000
18.317000000,4.683000000,0.000000000
18.333000000,4.667000000,0.000000000
18.348000000,4.652000000,0.000000000
18.364000000,4.636000000,0.000000000
18.375000000,4.625000000,0.000000000
18.388000000,4.612000000,0.000000000
18.402000000,4.598000000,0.000000000
18.413000000,4.587000000,0.000000000
18.427000000,4.573000000,0.000000000
18.435000000,4.565000000,0.000000000
18.440000000,4.560000000,0.000000000
18.448000000,4.552000000,0.000000000
18.466000000,4.534000000,0.000000000
18.481000000,4.519000000,0.000000000
18.495000000,4.505000000,0.000000000
18.505000000,4.495000000,0.000000000
18.513000000,4.487000000,0.000000000
18.525000000,4.475000000,0.000000000
18.534000000,4.466000000,0.000000000
18.540000000,4.460000000,0.000000000
18.554000000,4.446000000,0.000000000
18.571000000,4.429000000,0.000000000
18.582000000,4.418000000,0.000000000
18.590000000,4.410000000,0.000000000
18.595000000,4.405000000,0.000000000
18.601000000,4.399000000,0.000000000
18.614000000,4.386000000,0.000000000
18.622000000,4.378000000,0.000000000
18.634000000,4.366000000,0.000000000
18.643000000,4.357000000,0.000000000
18.648000000,4.352000000,0.000000000
18.659000000,4.341000000,0.000000000
18.669000000,4.331000000,0.000000000
18.676000000,4.324000000,0.000000000
18.682000000,4.318000000,0.000000000
18.690000000,4.310000000,0.000000000
18.701000000,4.299000000,0.000000000
18.715000000,4.285000000,0.000000000
18.722000000,4.278000000,0.000000000
18.732000000,4.268000000,0.000000000
18.744000000,4.256000000,0.000000000
18.757000000,4.243000000,0.000000000
18.766000000,4.234000000,0.000000000
18.772000000,4.228000000,0.000000000
18.779000000,4.221000000,0.000000000
18.786000000,4.214000000,0.000000000
18.796000000,4.204000000,0.000000000
18.801000000,4.199000000,0.000000000
18.805000000,4.195000000,0.000000000
18.814000000,4.186000000,0.000000000
18.820000000,4.180000000,0.000000000
18.829000000,4.171000000,0.000000000
18.841000000,4.159000000,0.000000000
18.847000000,4.153000000,0.000000000
18.855000000,4.145000000,0.000000000
18.863000000,4.137000000,0.000000000
18.871000000,4.129000000,0.000000000
18.882000000,4.118000000,0.000000000
18.890000000,4.110000000,0.000000000
18.900000000,4.100000000,0.000000000
18.906000000,4.094000000,0.000000000
18.917000000,4.083000000,0.000000000
18.927000000,4.073000000,0.000000000
18.941000000,4.059000000,0.000000000
18.948000000,4.052000000,0.000000000
18.963000000,4.037000000,0.000000000
18.974000000,4.026000000,0.000000000
18.982000000,4.018000000,0.000000000
18.990000000,4.010000000,0.000000000
19.002000000,3.998000000,0.000000000
19.007000000,3.993000000,0.000000000
19.013000000,3.987000000,0.000000000
19.024000000,3.976000000,0.000000000
19.036000000,3.964000000,0.000000000
19.040000000,3.960000000,0.000000000
19.047000000,3.953000000,0.000000000
19.059000000,3.941000000,0.000000000
19.066000000,3.934000000,0.000000000
19.079000000,3.921000000,0.000000000
19.096000000,3.904000000,0.000000000
19.109000000,3.891000000,0.000000000
19.126000000,3.874000000,0.000000000
19.134000000,3.866000000,0.000000000
19.142000000,3.858000000,0.000000000
19.152000000,3.848000000,0.000000000
19.164000000,3.836000000,0.000000000
19.173000000,3.827000000,0.000000000
19.185000000,3.815000000,0.000000000
19.195000000,3.805000000,0.000000000
19.204000000,3.796000000,0.000000000
19.218000000,3.782000000,0.000000000
19.226000000,3.774000000,0.000000000
19.240000000,3.760000000,0.000000000
19.251000000,3.749000000,0.000000000
19.260000000,3.740000000,0.000000000
19.270000000,3.730000000,0.000000000
19.286000000,3.714000000,0.000000000
19.297000000,3.703000000,0.000000000
19.309000000,3.691000000,0.000000000
19.325000000,3.675000000,0.000000000
19.338000000,3.662000000,0.000000000
19.356000000,3.644000000,0.000000000
19.372000000,3.628000000,0.000000000
19.388000000,3.612000000,0.000000000
19.398000000,3.602000000,0.000000000
19.406000000,3.594000000,0.000000000
19.420000000,3.580000000,0.000000000
19.429000000,3.571000000,0.000000000
19.445000000,3.555000000,0.000000000
19.459000000,3.541000000,0.000000000
19.468000000,3.532000000,0.000000000
19.473000000,3.527000000,0.000000000
19.479000000,3.521000000,0.000000000
19.492000000,3.508000000,0.000000000
19.503000000,3.497000000,0.000000000
19.510000000,3.490000000,0.000000000
19.517000000,3.483000000,0.000000000
19.530000000,3.470000000,0.000000000
19.545000000,3.455000000,0.000000000
19.552000000,3.448000000,0.000000000
19.558000000,3.442000000,0.000000000
19.574000000,3.426000000,0.000000000
19.587000000,3.413000000,0.000000000
19.602000000,3.398000000,0.000000000
19.610000000,3.390000000,0.000000000
19.618000000,3.382000000,0.000000000
19.627000000,3.373000000,0.000000000
19.634000000,3.366000000,0.000000000
19.641000000,3.359000000,0.000000000
19.644000000,3.356000000,0.000000000
19.650000000,3.350000000,0.000000000
19.659000000,3.341000000,0.000000000
19.667000000,3.333000000,0.000000000
19.676000000,3.324000000,0.000000000
19.684000000,3.316000000,0.000000000
19.690000000,3.310000000,0.000000000
19.700000000,3.300000000,0.000000000
19.710000000,3.290000000,0.000000000
19.718000000,3.282000000,0.000000000
19.725000000,3.275000000,0.000000000
19.733000000,3.267000000,0.000000000
19.739000000,3.261000000,0.000000000
19.747000000,3.253000000,0.000000000
19.754000000,3.246000000,0.000000000
19.764000000,3.236000000,0.000000000
19.773000000,3.227000000,0.000000000
19.785000000,3.215000000,0.000000000
19.795000000,3.205000000,0.000000000
19.808000000,3.192000000,0.000000000
19.820000000,3.180000000,0.000000000
19.829000000,3.171000000,0.000000000
19.842000000,3.158000000,0.000000000
19.852000000,3.148000000,0.000000000
19.861000000,3.139000000,0.000000000
19.872000000,3.128000000,0.000000000
19.878000000,3.122000000,0.000000000
19.886000000,3.114000000,0.000000000
19.897000000,3.103000000,0.000000000
19.906000000,3.094000000,0.000000000
19.920000000,3.080000000,0.000000000
19.935000000,3.065000000,0.000000000
19.941000000,3.059000000,0.000000000
19.952000000,3.048000000,0.000000000
19.968000000,3.032000000,0.000000000
19.981000000,3.019000000,0.000000000
19.998000000,3.002000000,0.000000000
20.005000000,2.995000000,0.000000000
20.022000000,2.978000000,0.000000000
20.032000000,2.968000000,0.000000000
20.043000000,2.957000000,0.000000000
20.052000000,2.948000000,0.000000000
20.063000000,2.937000000,0.000000000
20.078000000,2.922000000,0.000000000
20.092000000,2.908000000,0.000000000
20.104000000,2.896000000,0.000000000
20.112000000,2.888000000,0.000000000
20.117000000,2.883000000,0.000000000
20.125000000,2.875000000,0.000000000
20.139000000,2.861000000,0.000000000
20.147000000,2.853000000,0.000000000
20.158000000,2.842000000,0.000000000
20.168000000,2.832000000,0.000000000
20.179000000,2.821000000,0.000000000
20.193000000,2.807000000,0.000000000
20.200000000,2.800000000,0.000000000
20.211000000,2.789000000,0.000000000
20.222000000,2.778000000,0.000000000
20.236000000,2.764000000,0.000000000
20.249000000,2.751000000,0.000000000
20.258000000,2.742000000,0.000000000
20.269000000,2.731000000,0.000000000
20.278000000,2.722000000,0.000000000
20.289000000,2.711000000,0.000000000
20.301000000,2.699000000,0.000000000
20.314000000,2.686000000,0.000000000
20.323000000,2.677000000,0.000000000
20.338000000,2.662000000,0.000000000
20.350000000,2.650000000,0.000000000
20.357000000,2.643000000,0.000000000
20.365000000,2.635000000,0.000000000
20.376000000,2.624000000,0.000000000
20.389000000,2.611000000,0.000000000
20.404000000,2.596000000,0.000000000
20.413000000,2.587000000,0.000000000
20.419000000,2.581000000,0.000000000
20.427000000,2.573000000,0.000000000
20.439000000,2.561000000,0.000000000
20.449000000,2.551000000,0.000000000
20.461000000,2.539000000,0.000000000
20.469000000,2.531000000,0.000000000
20.481000000,2.519000000,0.000000000
20.490000000,2.510000000,0.000000000
20.503000000,2.497000000,0.000000000
20.514000000,2.486000000,0.000000000
20.523000000,2.477000000,0.000000000
20.528000000,2.472000000,0.000000000
20.539000000,2.461000000,0.000000000
20.550000000,2.450000000,0.000000000
20.560000000,2.440000000,0.000000000
20.566000000,2.434000000,0.000000000
20.575000000,2.425000000,0.000000000
20.582000000,2.418000000,0.000000000
20.593000000,2.407000000,0.000000000
20.601000000,2.399000000,0.000000000
20.612000000,2.388000000,0.000000000
20.621000000,2.379000000,0.000000000
20.630000000,2.370000000,0.000000000
20.638000000,2.362000000,0.000000000
20.643000000,2.357000000,0.000000000
20.651000000,2.349000000,0.000000000
20.658000000,2.342000000,0.000000000
20.667000000,2.333000000,0.000000000
20.671000000,2.329000000,0.000000000
20.681000000,2.319000000,0.000000000
20.688000000,2.312000000,0.000000000
20.694000000,2.306000000,0.000000000
20.705000000,2.295000000,0.000000000
20.716000000,2.284000000,0.000000000
20.724000000,2.276000000,0.000000000
20.733000000,2.267000000,0.000000000
20.739000000,2.261000000,0.000000000
20.750000000,2.250000000,0.000000000
20.761000000,2.239000000,0.000000000
20.771000000,2.229000000,0.000000000
20.783000000,2.217000000,0.000000000
20.791000000,2.209000000,0.000000000
20.805000000,2.195000000,0.000000000
20.819000000,2.181000000,0.000000000
20.831000000,2.169000000,0.000000000
20.841000000,2.159000000,0.000000000
20.853000000,2.147000000,0.000000000
20.865000000,2.135000000,0.000000000
20.874000000,2.126000000,0.000000000
20.890000000,2.110000000,0.000000000
20.905000000,2.095000000,0.000000000
20.919000000,2.081000000,0.000000000
20.930000000,2.070000000,0.000000000
20.939000000,2.061000000,0.000000000
20.948000000,2.052000000,0.000000000
20.961000000,2.039000000,0.000000000
20.978000000,2.022000000,0.000000000
20.992000000,2.008000000,0.000000000
21.002000000,1.998000000,0.000000000
21.019000000,1.981000000,0.000000000
21.033000000,1.967000000,0.000000000
21.037000000,1.963000000,0.000000000
21.047000000,1.953000000,0.000000000
21.053000000,1.947000000,0.000000000
21.067000000,1.933000000,0.000000000
21.072000000,1.928000000,0.000000000
21.076000000,1.924000000,0.000000000
21.083000000,1.917000000,0.000000000
21.093000000,1.907000000,0.000000000
21.103000000,1.897000000,0.000000000
21.107000000,1.893000000,0.000000000
21.124000000,1.876000000,0.000000000
21.135000000,1.865000000,0.000000000
21.144000000,1.856000000,0.000000000
21.156000000,1.844000000,0.000000000
21.164000000,1.836000000,0.000000000
21.173000000,1.827000000,0.000000000
21.180000000,1.820000000,0.000000000
21.182000000,1.818000000,0.000000000
21.188000000,1.812000000,0.000000000
21.198000000,1.802000000,0.000000000
21.203000000,1.797000000,0.000000000
21.209000000,1.791000000,0.000000000
21.218000000,1.782000000,0.000000000
21.230000000,1.770000000,0.000000000
21.238000000,1.762000000,0.000000000
21.249000000,1.751000000,0.000000000
21.257000000,1.743000000,0.000000000
21.268000000,1.732000000,0.000000000
21.277000000,1.723000000,0.000000000
21.284000000,1.716000000,0.000000000
21.293000000,1.707000000,0.000000000
21.301000000,1.699000000,0.000000000
21.311000000,1.689000000,0.000000000
21.319000000,1.681000000,0.000000000
21.332000000,1.668000000,0.000000000
21.348000000,1.652000000,0.000000000
21.354000000,1.646000000,0.000000000
21.363000000,1.637000000,0.000000000
21.377000000,1.623000000,0.000000000
21.385000000,1.615000000,0.000000000
21.388000000,1.612000000,0.000000000
21.394000000,1.606000000,0.000000000
21.400000000,1.600000000,0.000000000
21.406000000,1.594000000,0.000000000
21.409000000,1.591000000,0.000000000
21.420000000,1.580000000,0.000000000
21.425000000,1.575000000,0.000000000
21.431000000,1.569000000,0.000000000
21.439000000,1.561000000,0.000000000
21.447000000,1.553000000,0.000000000
21.452000000,1.548000000,0.000000000
21.460000000,1.540000000,0.000000000
21.471000000,1.529000000,0.000000000
21.475000000,1.525000000,0.000000000
21.489000000,1.511000000,0.000000000
21.503000000,1.497000000,0.000000000
21.514000000,1.486000000,0.000000000
21.523000000,1.477000000,0.000000000
21.529000000,1.471000000,0.000000000
21.539000000,1.461000000,0.000000000
21.550000000,1.450000000,0.000000000
21.561000000,1.439000000,0.000000000
21.571000000,1.429000000,0.000000000
21.581000000,1.419000000,0.000000000
21.589000000,1.411000000,0.000000000
21.598000000,1.402000000,0.000000000
21.607000000,1.393000000,0.000000000
21.614000000,1.386000000,0.000000000
21.627000000,1.373000000,0.000000000
21.636000000,1.364000000,0.000000000
21.649000000,1.351000000,0.000000000
21.655000000,1.345000000,0.000000000
21.662000000,1.338000000,0.000000000
21.671000000,1.329000000,0.000000000
21.680000000,1.320000000,0.000000000
21.685000000,1.315000000,0.000000000
21.699000000,1.301000000,0.000000000
21.707000000,1.293000000,0.000000000
21.718000000,1.282000000,0.000000000
21.725000000,1.275000000,0.000000000
21.735000000,1.265000000,0.000000000
21.742000000,1.258000000,0.000000000
21.752000000,1.248000000,0.000000000
21.767000000,1.233000000,0.000000000
21.783000000,1.217000000,0.000000000
21.795000000,1.205000000,0.000000000
21.806000000,1.194000000,0.000000000
21.820000000,1.180000000,0.000000000
21.832000000,1.168000000,0.000000000
21.846000000,1.154000000,0.000000000
21.857000000,1.143000000,0.000000000
21.867000000,1.133000000,0.000000000
21.881000000,1.119000000,0.000000000
21.888000000,1.112000000,0.000000000
21.901000000,1.099000000,0.000000000
21.909000000,1.091000000,0.000000000
21.917000000,1.083000000,0.000000000
21.928000000,1.072000000,0.000000000
21.939000000,1.061000000,0.000000000
21.952000000,1.048000000,0.000000000
21.964000000,1.036000000,0.000000000
21.979000000,1.021000000,0.000000000
21.987000000,1.013000000,0.000000000
22.987000000,1.000000000,0.000000000
22.006000000,0.994000000,0.000000000
22.015000000,0.985000000,0.000000000
22.021000000,0.979000000,0.000000000
22.027000000,0.973000000,0.000000000
22.040000000,0.960000000,0.000000000
22.051000000,0.949000000,0.000000000
22.058000000,0.942000000,0.000000000
22.069000000,0.931000000,0.000000000
22.081000000,0.919000000,0.000000000
22.092000000,0.908000000,0.000000000
22.104000000,0.896000000,0.000000000
22.113000000,0.887000000,0.000000000
22.127000000,0.873000000,0.000000000
22.135000000,0.865000000,0.000000000
22.148000000,0.852000000,0.000000000
22.164000000,0.836000000,0.000000000
22.180000000,0.820000000,0.000000000
22.193000000,0.807000000,0.000000000
22.203000000,0.797000000,0.000000000
22.213000000,0.787000000,0.000000000
22.224000000,0.776000000,0.000000000
22.230000000,0.770000000,0.000000000
22.239000000,0.761000000,0.000000000
22.246000000,0.754000000,0.000000000
22.251000000,0.749000000,0.000000000
22.259000000,0.741000000,0.000000000
22.268000000,0.732000000,0.000000000
22.281000000,0.719000000,0.000000000
22.286000000,0.714000000,0.000000000
22.293000000,0.707000000,0.000000000
22.304000000,0.696000000,0.000000000
22.316000000,0.684000000,0.000000000
22.326000000,0.674000000,0.000000000
22.333000000,0.667000000,0.000000000
22.337000000,0.663000000,0.000000000
22.342000000,0.658000000,0.000000000
22.350000000,0.650000000,0.000000000
22.363000000,0.637000000,0.000000000
22.375000000,0.625000000,0.000000000
22.383000000,0.617000000,0.000000000
22.394000000,0.606000000,0.000000000
22.403000000,0.597000000,0.000000000
22.415000000,0.585000000,0.000000000
22.424000000,0.576000000,0.000000000
22.434000000,0.566000000,0.000000000
22.438000000,0.562000000,0.000000000
22.451000000,0.549000000,0.000000000
22.465000000,0.535000000,0.000000000
22.475000000,0.525000000,0.000000000
22.483000000,0.517000000,0.000000000
22.491000000,0.509000000,0.000000000
22.506000000,0.494000000,0.000000000
22.519000000,0.481000000,0.000000000
22.528000000,0.472000000,0.000000000
22.541000000,0.459000000,0.000000000
22.559000000,0.441000000,0.000000000
22.570000000,0.430000000,0.000000000
22.579000000,0.421000000,0.000000000
22.582000000,0.418000000,0.000000000
22.593000000,0.407000000,0.000000000
22.606000000,0.394000000,0.000000000
22.620000000,0.380000000,0.000000000
22.630000000,0.370000000,0.000000000
22.646000000,0.354000000,0.000000000
22.658000000,0.342000000,0.000000000
22.672000000,0.328000000,0.000000000
22.681000000,0.319000000,0.000000000
22.687000000,0.313000000,0.000000000
22.695000000,0.305000000,0.000000000
22.703000000,0.297000000,0.000000000
22.717000000,0.283000000,0.000000000
22.724000000,0.276000000,0.000000000
22.734000000,0.266000000,0.000000000
22.741000000,0.259000000,0.000000000
22.750000000,0.250000000,0.000000000
22.767000000,0.233000000,0.000000000
22.778000000,0.222000000,0.000000000
22.784000000,0.216000000,0.000000000
22.793000000,0.207000000,0.000000000
22.803000000,0.197000000,0.000000000
22.816000000,0.184000000,0.000000000
22.823000000,0.177000000,0.000000000
22.835000000,0.165000000,0.000000000
22.846000000,0.154000000,0.000000000
22.852000000,0.148000000,0.000000000
22.865000000,0.135000000,0.000000000
22.880000000,0.120000000,0.000000000
22.890000000,0.110000000,0.000000000
22.903000000,0.097000000,0.000000000
22.909000000,0.091000000,0.000000000
22.920000000,0.080000000,0.000000000
22.929000000,0.071000000,0.000000000
22.941000000,0.059000000,0.000000000
22.957000000,0.043000000,0.000000000
22.966000000,0.034000000,0.000000000
22.975000000,0.025000000,0.000000000
22.980000000,0.020000000,0.000000000
22.995000000,0.005000000,0.000000000
23.009000000,-0.009000000,0.000000000
23.017000000,-0.017000000,0.000000000
23.026000000,-0.026000000,0.000000000
23.037000000,-0.037000000,0.000000000
23.046000000,-0.046000000,0.000000000
23.055000000,-0.055000000,0.000000000
23.067000000,-0.067000000,0.000000000
23.078000000,-0.078000000,0.000000000
23.088000000,-0.088000000,0.000000000
23.098000000,-0.098000000,0.000000000
23.104000000,-0.104000000,0.000000000
23.114000000,-0.114000000,0.000000000
23.123000000,-0.123000000,0.000000000
23.133000000,-0.133000000,0.000000000
23.143000000,-0.143000000,0.000000000
23.147000000,-0.147000000,0.000000000
23.158000000,-0.158000000,0.000000000
23.172000000,-0.172000000,0.000000000
23.188000000,-0.188000000,0.000000000
23.201000000,-0.201000000,0.000000000
23.216000000,-0.216000000,0.000000000
23.229000000,-0.229000000,0.000000000
23.240000000,-0.240000000,0.000000000
23.249000000,-0.249000000,0.000000000
23.257000000,-0.257000000,0.000000000
23.259000000,-0.259000000,0.000000000
23.263000000,-0.263000000,0.000000000
23.267000000,-0.267000000,0.000000000
23.278000000,-0.278000000,0.000000000
23.289000000,-0.289000000,0.000000000
23.300000000,-0.300000000,0.000000000
23.305000000,-0.305000000,0.000000000
23.312000000,-0.312000000,0.000000000
23.321000000,-0.321000000,0.000000000
23.332000000,-0.332000000,0.000000000
23.341000000,-0.341000000,0.000000000
23.354000000,-0.354000000,0.000000000
23.369000000,-0.369000000,0.000000000
23.385000000,-0.385000000,0.000000000
23.400000000,-0.400000000,0.000000000
23.413000000,-0.413000000,0.000000000
23.426000000,-0.426000000,0.000000000
23.438000000,-0.438000000,0.000000000
23.450000000,-0.450000000,0.000000000
23.457000000,-0.457000000,0.000000000
23.462000000,-0.462000000,0.000000000
23.469000000,-0.469000000,0.000000000
23.480000000,-0.480000000,0.000000000
23.489000000,-0.489000000,0.000000000
23.496000000,-0.496000000,0.000000000
23.505000000,-0.505000000,0.000000000
23.515000000,-0.515000000,0.000000000
23.525000000,-0.525000000,0.000000000
23.540000000,-0.540000000,0.000000000
23.553000000,-0.553000000,0.000000000
23.559000000,-0.559000000,0.000000000
23.564000000,-0.564000000,0.000000000
23.570000000,-0.570000000,0.000000000
23.575000000,-0.575000000,0.000000000
23.581000000,-0.581000000,0.000000000
23.591000000,-0.591000000,0.000000000
23.597000000,-0.597000000,0.000000000
23.606000000,-0.606000000,0.000000000
23.618000000,-0.618000000,0.000000000
23.626000000,-0.626000000,0.000000000
23.633000000,-0.633000000,0.000000000
23.642000000,-0.642000000,0.000000000
23.656000000,-0.656000000,0.000000000
23.667000000,-0.667000000,0.000000000
23.678000000,-0.678000000,0.000000000
23.686000000,-0.686000000,0.000000000
23.700000000,-0.700000000,0.000000000
23.711000000,-0.711000000,0.000000000
23.721000000,-0.721000000,0.000000000
23.726000000,-0.726000000,0.000000000
23.733000000,-0.733000000,0.000000000
23.740000000,-0.740000000,0.000000000
23.749000000,-0.749000000,0.000000000
23.758000000,-0.758000000,0.000000000
23.765000000,-0.765000000,0.000000000
23.774000000,-0.774000000,0.000000000
23.782000000,-0.782000000,0.000000000
23.788000000,-0.788000000,0.000000000
23.795000000,-0.795000000,0.000000000
23.805000000,-0.805000000,0.000000000
23.812000000,-0.812000000,0.000000000
23.819000000,-0.819000000,0.000000000
23.828000000,-0.828000000,0.000000000
23.837000000,-0.837000000,0.000000000
23.847000000,-0.847000000,0.000000000
23.856000000,-0.856000000,0.000000000
23.865000000,-0.865000000,0.000000000
23.874000000,-0.874000000,0.000000000
23.880000000,-0.880000000,0.000000000
23.893000000,-0.893000000,0.000000000
23.900000000,-0.900000000,0.000000000
23.907000000,-0.907000000,0.000000000
23.914000000,-0.914000000,0.000000000
23.918000000,-0.918000000,0.000000000
23.926000000,-0.926000000,0.000000000
23.933000000,-0.933000000,0.000000000
23.942000000,-0.942000000,0.000000000
23.948000000,-0.948000000,0.000000000
23.962000000,-0.962000000,0.000000000
23.976000000,-0.976000000,0.000000000
23.988000000,-0.988000000,0.000000000
23.998000000,-0.998000000,0.000000000
24.005000000,-0.995000000,0.000000000
24.010000000,-0.990000000,0.000000000
24.019000000,-0.981000000,0.000000000
24.027000000,-0.973000000,0.000000000
24.033000000,-0.967000000,0.000000000
24.036000000,-0.964000000,0.000000000
24.045000000,-0.955000000,0.000000000
24.050000000,-0.950000000,0.000000000
24.059000000,-0.941000000,0.000000000
24.072000000,-0.928000000,0.000000000
24.082000000,-0.918000000,0.000000000
24.091000000,-0.909000000,0.000000000
24.102000000,-0.898000000,0.000000000
24.110000000,-0.890000000,0.000000000
24.120000000,-0.880000000,0.000000000
24.124000000,-0.876000000,0.000000000
24.127000000,-0.873000000,0.000000000
24.129000000,-0.871000000,0.000000000
24.133000000,-0.867000000,0.000000000
24.135000000,-0.865000000,0.000000000
24.138000000,-0.862000000,0.000000000
24.141000000,-0.859000000,0.000000000
24.143000000,-0.857000000,0.000000000
24.149000000,-0.851000000,0.000000000
24.151000000,-0.849000000,0.000000000
24.154000000,-0.846000000,0.000000000
24.163000000,-0.837000000,0.000000000
24.171000000,-0.829000000,0.000000000
24.183000000,-0.817000000,0.000000000
24.192000000,-0.808000000,0.000000000
24.202000000,-0.798000000,0.000000000
24.207000000,-0.793000000,0.000000000
24.214000000,-0.786000000,0.000000000
24.217000000,-0.783000000,0.000000000
24.222000000,-0.778000000,0.000000000
24.230000000,-0.770000000,0.000000000
24.237000000,-0.763000000,0.000000000
24.241000000,-0.759000000,0.000000000
24.246000000,-0.754000000,0.000000000
24.248000000,-0.752000000,0.000000000
24.255000000,-0.745000000,0.000000000
24.258000000,-0.742000000,0.000000000
24.261000000,-0.739000000,0.000000000
24.263000000,-0.737000000,0.000000000
24.266000000,-0.734000000,0.000000000
24.268000000,-0.732000000,0.000000000
24.272000000,-0.728000000,0.000000000
24.278000000,-0.722000000,0.000000000
24.284000000,-0.716000000,0.000000000
24.290000000,-0.710000000,0.000000000
24.301000000,-0.699000000,0.000000000
24.312000000,-0.688000000,0.000000000
24.324000000,-0.676000000,0.000000000
24.332000000,-0.668000000,0.000000000
24.339000000,-0.661000000,0.000000000
24.345000000,-0.655000000,0.000000000
24.354000000,-0.646000000,0.000000000
24.362000000,-0.638000000,0.000000000
24.372000000,-0.628000000,0.000000000
24.381000000,-0.619000000,0.000000000
24.391000000,-0.609000000,0.000000000
24.400000000,-0.600000000,0.000000000
24.408000000,-0.592000000,0.000000000
24.420000000,-0.580000000,0.000000000
24.428000000,-0.572000000,0.000000000
24.436000000,-0.564000000,0.000000000
24.442000000,-0.558000000,0.000000000
24.452000000,-0.548000000,0.000000000
24.461000000,-0.539000000,0.000000000
24.472000000,-0.528000000,0.000000000
24.483000000,-0.517000000,0.000000000
24.496000000,-0.504000000,0.000000000
24.504000000,-0.496000000,0.000000000
24.510000000,-0.490000000,0.000000000
24.516000000,-0.484000000,0.000000000
24.524000000,-0.476000000,0.000000000
24.533000000,-0.467000000,0.000000000
24.539000000,-0.461000000,0.000000000
24.544000000,-0.456000000,0.000000000
24.554000000,-0.446000000,0.000000000
24.559000000,-0.441000000,0.000000000
24.572000000,-0.428000000,0.000000000
24.582000000,-0.418000000,0.000000000
24.598000000,-0.402000000,0.000000000
24.612000000,-0.388000000,0.000000000
24.620000000,-0.380000000,0.000000000
24.627000000,-0.373000000,0.000000000
24.636000000,-0.364000000,0.000000000
24.641000000,-0.359000000,0.000000000
24.648000000,-0.352000000,0.000000000
24.654000000,-0.346000000,0.000000000
24.657000000,-0.343000000,0.000000000
24.666000000,-0.334000000,0.000000000
24.673000000,-0.327000000,0.000000000
24.683000000,-0.317000000,0.000000000
24.688000000,-0.312000000,0.000000000
24.696000000,-0.304000000,0.000000000
24.708000000,-0.292000000,0.000000000
24.713000000,-0.287000000,0.000000000
24.720000000,-0.280000000,0.000000000
24.726000000,-0.274000000,0.000000000
24.731000000,-0.269000000,0.000000000
24.740000000,-0.260000000,0.000000000
24.751000000,-0.249000000,0.000000000
24.759000000,-0.241000000,0.000000000
24.764000000,-0.236000000,0.000000000
24.776000000,-0.224000000,0.000000000
24.789000000,-0.211000000,0.000000000
24.800000000,-0.200000000,0.000000000
24.809000000,-0.191000000,0.000000000
24.820000000,-0.180000000,0.000000000
24.831000000,-0.169000000,0.000000000
24.840000000,-0.160000000,0.000000000
24.846000000,-0.154000000,0.000000000
24.856000000,-0.144000000,0.000000000
24.870000000,-0.130000000,0.000000000
24.878000000,-0.122000000,0.000000000
24.885000000,-0.115000000,0.000000000
24.894000000,-0.106000000,0.000000000
24.902000000,-0.098000000,0.000000000
24.913000000,-0.087000000,0.000000000
24.920000000,-0.080000000,0.000000000
24.926000000,-0.074000000,0.000000000
24.934000000,-0.066000000,0.000000000
24.949000000,-0.051000000,0.000000000
24.962000000,-0.038000000,0.000000000
24.966000000,-0.034000000,0.000000000
24.970000000,-0.030000000,0.000000000
24.974000000,-0.026000000,0.000000000
24.982000000,-0.018000000,0.000000000
24.991000000,-0.009000000,0.000000000
25.001000000,0.001000000,0.000000000
25.010000000,0.010000000,0.000000000
25.016000000,0.016000000,0.000000000
25.023000000,0.023000000,0.000000000
25.032000000,0.032000000,0.000000000
25.045000000,0.045000000,0.000000000
25.057000000,0.057000000,0.000000000
25.066000000,0.066000000,0.000000000
25.079000000,0.079000000,0.000000000
25.087000000,0.087000000,0.000000000
25.098000000,0.098000000,0.000000000
25.107000000,0.107000000,0.000000000
25.122000000,0.122000000,0.000000000
25.130000000,0.130000000,0.000000000
25.145000000,0.145000000,0.000000000
25.152000000,0.152000000,0.000000000
25.159000000,0.159000000,0.000000000
25.171000000,0.171000000,0.000000000
25.182000000,0.182000000,0.000000000
25.193000000,0.193000000,0.000000000
25.199000000,0.199000000,0.000000000
25.205000000,0.205000000,0.000000000
25.214000000,0.214000000,0.000000000
25.223000000,0.223000000,0.000000000
25.231000000,0.231000000,0.000000000
25.242000000,0.242000000,0.000000000
25.255000000,0.255000000,0.000000000
25.264000000,0.264000000,0.000000000
25.276000000,0.276000000,0.000000000
25.289000000,0.289000000,0.000000000
25.301000000,0.301000000,0.000000000
25.312000000,0.312000000,0.000000000
25.320000000,0.320000000,0.000000000
25.329000000,0.329000000,0.000000000
25.342000000,0.342000000,0.000000000
25.357000000,0.357000000,0.000000000
25.365000000,0.365000000,0.000000000
25.371000000,0.371000000,0.000000000
25.379000000,0.379000000,0.000000000
25.386000000,0.386000000,0.000000000
25.396000000,0.396000000,0.000000000
25.406000000,0.406000000,0.000000000
25.411000000,0.411000000,0.000000000
25.420000000,0.420000000,0.000000000
25.429000000,0.429000000,0.000000000
25.434000000,0.434000000,0.000000000
25.441000000,0.441000000,0.000000000
25.452000000,0.452000000,0.000000000
25.459000000,0.459000000,0.000000000
25.464000000,0.464000000,0.000000000
25.473000000,0.473000000,0.000000000
25.480000000,0.480000000,0.000000000
25.487000000,0.487000000,0.000000000
25.493000000,0.493000000,0.000000000
25.501000000,0.501000000,0.000000000
25.514000000,0.514000000,0.000000000
25.524000000,0.524000000,0.000000000
25.531000000,0.531000000,0.000000000
25.539000000,0.539000000,0.000000000
25.543000000,0.543000000,0.000000000
25.549000000,0.549000000,0.000000000
25.555000000,0.555000000,0.000000000
25.568000000,0.568000000,0.000000000
25.583000000,0.583000000,0.000000000
25.590000000,0.590000000,0.000000000
25.595000000,0.595000000,0.000000000
25.605000000,0.605000000,0.000000000
25.613000000,0.613000000,0.000000000
25.619000000,0.619000000,0.000000000
25.626000000,0.626000000,0.000000000
25.629000000,0.629000000,0.000000000
25.637000000,0.637000000,0.000000000
25.645000000,0.645000000,0.000000000
25.658000000,0.658000000,0.000000000
25.667000000,0.667000000,0.000000000
25.675000000,0.675000000,0.000000000
25.684000000,0.684000000,0.000000000
25.694000000,0.694000000,0.000000000
25.700000000,0.700000000,0.000000000
25.709000000,0.709000000,0.000000000
25.717000000,0.717000000,0.000000000
25.728000000,0.728000000,0.000000000
25.737000000,0.737000000,0.000000000
25.743000000,0.743000000,0.000000000
25.754000000,0.754000000,0.000000000
25.763000000,0.763000000,0.000000000
25.774000000,0.774000000,0.000000000
25.784000000,0.784000000,0.000000000
25.792000000,0.792000000,0.000000000
25.800000000,0.800000000,0.000000000
25.808000000,0.808000000,0.000000000
25.816000000,0.816000000,0.000000000
25.820000000,0.820000000,0.000000000
25.823000000,0.823000000,0.000000000
25.825000000,0.825000000,0.000000000
25.827000000,0.827000000,0.000000000
25.829000000,0.829000000,0.000000000
25.831000000,0.831000000,0.000000000
25.833000000,0.833000000,0.000000000
25.837000000,0.837000000,0.000000000
25.841000000,0.841000000,0.000000000
25.843000000,0.843000000,0.000000000
25.845000000,0.845000000,0.000000000
25.849000000,0.849000000,0.000000000
25.854000000,0.854000000,0.000000000
25.861000000,0.861000000,0.000000000
25.871000000,0.871000000,0.000000000
25.878000000,0.878000000,0.000000000
25.885000000,0.885000000,0.000000000
25.895000000,0.895000000,0.000000000
25.903000000,0.903000000,0.000000000
25.914000000,0.914000000,0.000000000
25.925000000,0.925000000,0.000000000
25.928000000,0.928000000,0.000000000
25.930000000,0.930000000,0.000000000
25.932000000,0.932000000,0.000000000
25.936000000,0.936000000,0.000000000
25.942000000,0.942000000,0.000000000
25.952000000,0.952000000,0.000000000
25.955000000,0.955000000,0.000000000
25.960000000,0.960000000,0.000000000
25.964000000,0.964000000,0.000000000
25.968000000,0.968000000,0.000000000
25.970000000,0.970000000,0.000000000
25.980000000,0.980000000,0.000000000
25.990000000,0.990000000,0.000000000
26.001000000,1.001000000,0.000000000
26.003000000,1.003000000,0.000000000
26.010000000,1.010000000,0.000000000
26.022000000,1.022000000,0.000000000
26.030000000,1.030000000,0.000000000
26.042000000,1.042000000,0.000000000
26.045000000,1.045000000,0.000000000
26.047000000,1.047000000,0.000000000
26.051000000,1.051000000,0.000000000
26.056000000,1.056000000,0.000000000
26.060000000,1.060000000,0.000000000
26.063000000,1.063000000,0.000000000
26.067000000,1.067000000,0.000000000
26.070000000,1.070000000,0.000000000
26.075000000,1.075000000,0.000000000
26.080000000,1.080000000,0.000000000
26.087000000,1.087000000,0.000000000
26.095000000,1.095000000,0.000000000
26.102000000,1.102000000,0.000000000
26.112000000,1.112000000,0.000000000
26.117000000,1.117000000,0.000000000
26.122000000,1.122000000,0.000000000
26.130000000,1.130000000,0.000000000
26.138000000,1.138000000,0.000000000
26.143000000,1.143000000,0.000000000
26.151000000,1.151000000,0.000000000
26.163000000,1.163000000,0.000000000
26.179000000,1.179000000,0.000000000
26.194000000,1.194000000,0.000000000
26.203000000,1.203000000,0.000000000
26.211000000,1.211000000,0.000000000
26.218000000,1.218000000,0.000000000
26.225000000,1.225000000,0.000000000
26.235000000,1.235000000,0.000000000
26.249000000,1.249000000,0.000000000
26.258000000,1.258000000,0.000000000
26.269000000,1.269000000,0.000000000
26.277000000,1.277000000,0.000000000
26.280000000,1.280000000,0.000000000
26.284000000,1.284000000,0.000000000
26.290000000,1.290000000,0.000000000
26.292000000,1.292000000,0.000000000
26.296000000,1.296000000,0.000000000
26.298000000,1.298000000,0.000000000
26.302000000,1.302000000,0.000000000
26.305000000,1.305000000,0.000000000
26.310000000,1.310000000,0.000000000
26.315000000,1.315000000,0.000000000
26.319000000,1.319000000,0.000000000
26.331000000,1.331000000,0.000000000
26.343000000,1.343000000,0.000000000
26.349000000,1.349000000,0.000000000
26.360000000,1.360000000,0.000000000
26.372000000,1.372000000,0.000000000
26.384000000,1.384000000,0.000000000
26.393000000,1.393000000,0.000000000
26.400000000,1.400000000,0.000000000
26.403000000,1.403000000,0.000000000
26.406000000,1.406000000,0.000000000
26.409000000,1.409000000,0.000000000
26.413000000,1.413000000,0.000000000
26.418000000,1.418000000,0.000000000
26.420000000,1.420000000,0.000000000
26.422000000,1.422000000,0.000000000
26.425000000,1.425000000,0.000000000
26.428000000,1.428000000,0.000000000
26.431000000,1.431000000,0.000000000
26.440000000,1.440000000,0.000000000
26.449000000,1.449000000,0.000000000
26.462000000,1.462000000,0.000000000
26.471000000,1.471000000,0.000000000
26.480000000,1.480000000,0.000000000
26.482000000,1.482000000,0.000000000
26.487000000,1.487000000,0.000000000
26.490000000,1.490000000,0.000000000
26.494000000,1.494000000,0.000000000
26.497000000,1.497000000,0.000000000
26.500000000,1.500000000,0.000000000
26.503000000,1.503000000,0.000000000
26.505000000,1.505000000,0.000000000
26.508000000,1.508000000,0.000000000
26.512000000,1.512000000,0.000000000
26.522000000,1.522000000,0.000000000
26.539000000,1.539000000,0.000000000
26.552000000,1.552000000,0.000000000
26.554000000,1.554000000,0.000000000
26.556000000,1.556000000,0.000000000
26.560000000,1.560000000,0.000000000
26.562000000,1.562000000,0.000000000
26.564000000,1.564000000,0.000000000
26.566000000,1.566000000,0.000000000
26.570000000,1.570000000,0.000000000
26.573000000,1.573000000,0.000000000
26.575000000,1.575000000,0.000000000
26.578000000,1.578000000,0.000000000
26.582000000,1.582000000,0.000000000
26.585000000,1.585000000,0.000000000
26.587000000,1.587000000,0.000000000
26.590000000,1.590000000,0.000000000
26.597000000,1.597000000,0.000000000
26.604000000,1.604000000,0.000000000
26.608000000,1.608000000,0.000000000
26.614000000,1.614000000,0.000000000
26.622000000,1.622000000,0.000000000
26.625000000,1.625000000,0.000000000
26.631000000,1.631000000,0.000000000
26.636000000,1.636000000,0.000000000
26.643000000,1.643000000,0.000000000
26.654000000,1.654000000,0.000000000
26.662000000,1.662000000,0.000000000
26.665000000,1.665000000,0.000000000
26.669000000,1.669000000,0.000000000
26.674000000,1.674000000,0.000000000
26.680000000,1.680000000,0.000000000
26.688000000,1.688000000,0.000000000
26.695000000,1.695000000,0.000000000
26.704000000,1.704000000,0.000000000
26.711000000,1.711000000,0.000000000
26.713000000,1.713000000,0.000000000
26.720000000,1.720000000,0.000000000
26.730000000,1.730000000,0.000000000
26.741000000,1.741000000,0.000000000
26.747000000,1.747000000,0.000000000
26.757000000,1.757000000,0.000000000
26.768000000,1.768000000,0.000000000
26.775000000,1.775000000,0.000000000
26.784000000,1.784000000,0.000000000
26.797000000,1.797000000,0.000000000
26.801000000,1.801000000,0.000000000
26.813000000,1.813000000,0.000000000
26.822000000,1.822000000,0.000000000
26.830000000,1.830000000,0.000000000
26.839000000,1.839000000,0.000000000
26.846000000,1.846000000,0.000000000
26.860000000,1.860000000,0.000000000
26.874000000,1.874000000,0.000000000
26.888000000,1.888000000,0.000000000
26.896000000,1.896000000,0.000000000
26.912000000,1.912000000,0.000000000
26.929000000,1.929000000,0.000000000
26.946000000,1.946000000,0.000000000
26.961000000,1.961000000,0.000000000
26.979000000,1.979000000,0.000000000
26.992000000,1.992000000,0.000000000
27.002000000,2.002000000,0.000000000
27.013000000,2.013000000,0.000000000
27.019000000,2.019000000,0.000000000
27.026000000,2.026000000,0.000000000
27.031000000,2.031000000,0.000000000
27.038000000,2.038000000,0.000000000
27.047000000,2.047000000,0.000000000
27.054000000,2.054000000,0.000000000
27.059000000,2.059000000,0.000000000
27.063000000,2.063000000,0.000000000
27.073000000,2.073000000,0.000000000
27.085000000,2.085000000,0.000000000
27.098000000,2.098000000,0.000000000
27.105000000,2.105000000,0.000000000
27.115000000,2.115000000,0.000000000
27.122000000,2.122000000,0.000000000
27.132000000,2.132000000,0.000000000
27.143000000,2.143000000,0.000000000
27.156000000,2.156000000,0.000000000
27.163000000,2.163000000,0.000000000
27.170000000,2.170000000,0.000000000
27.181000000,2.181000000,0.000000000
27.196000000,2.196000000,0.000000000
27.205000000,2.205000000,0.000000000
27.212000000,2.212000000,0.000000000
27.216000000,2.216000000,0.000000000
27.223000000,2.223000000,0.000000000
27.236000000,2.236000000,0.000000000
27.246000000,2.246000000,0.000000000
27.251000000,2.251000000,0.000000000
27.257000000,2.257000000,0.000000000
27.265000000,2.265000000,0.000000000
27.271000000,2.271000000,0.000000000
27.279000000,2.279000000,0.000000000
27.292000000,2.292000000,0.000000000
27.305000000,2.305000000,0.000000000
27.314000000,2.314000000,0.000000000
27.319000000,2.319000000,0.000000000
27.325000000,2.325000000,0.000000000
27.333000000,2.333000000,0.000000000
27.343000000,2.343000000,0.000000000
27.352000000,2.352000000,0.000000000
27.362000000,2.362000000,0.000000000
27.372000000,2.372000000,0.000000000
27.380000000,2.380000000,0.000000000
27.393000000,2.393000000,0.000000000
27.405000000,2.405000000,0.000000000
27.415000000,2.415000000,0.000000000
27.426000000,2.426000000,0.000000000
27.435000000,2.435000000,0.000000000
27.445000000,2.445000000,0.000000000
27.457000000,2.457000000,0.000000000
27.464000000,2.464000000,0.000000000
27.477000000,2.477000000,0.000000000
27.490000000,2.490000000,0.000000000
27.500000000,2.500000000,0.000000000
27.507000000,2.507000000,0.000000000
27.522000000,2.522000000,0.000000000
27.534000000,2.534000000,0.000000000
27.539000000,2.539000000,0.000000000
27.552000000,2.552000000,0.000000000
27.568000000,2.568000000,0.000000000
27.583000000,2.583000000,0.000000000
27.594000000,2.594000000,0.000000000
27.604000000,2.604000000,0.000000000
27.614000000,2.614000000,0.000000000
27.624000000,2.624000000,0.000000000
27.638000000,2.638000000,0.000000000
27.650000000,2.650000000,0.000000000
27.662000000,2.662000000,0.000000000
27.673000000,2.673000000,0.000000000
27.682000000,2.682000000,0.000000000
27.692000000,2.692000000,0.000000000
27.697000000,2.697000000,0.000000000
27.703000000,2.703000000,0.000000000
27.707000000,2.707000000,0.000000000
27.714000000,2.714000000,0.000000000
27.724000000,2.724000000,0.000000000
27.734000000,2.734000000,0.000000000
27.743000000,2.743000000,0.000000000
27.751000000,2.751000000,0.000000000
27.760000000,2.760000000,0.000000000
27.765000000,2.765000000,0.000000000
27.773000000,2.773000000,0.000000000
27.787000000,2.787000000,0.000000000
27.800000000,2.800000000,0.000000000
27.808000000,2.808000000,0.000000000
27.816000000,2.816000000,0.000000000
27.823000000,2.823000000,0.000000000
27.837000000,2.837000000,0.000000000
27.843000000,2.843000000,0.000000000
27.850000000,2.850000000,0.000000000
27.859000000,2.859000000,0.000000000
27.867000000,2.867000000,0.000000000
27.874000000,2.874000000,0.000000000
27.886000000,2.886000000,0.000000000
27.895000000,2.895000000,0.000000000
27.902000000,2.902000000,0.000000000
27.906000000,2.906000000,0.000000000
27.917000000,2.917000000,0.000000000
27.928000000,2.928000000,0.000000000
27.940000000,2.940000000,0.000000000
27.949000000,2.949000000,0.000000000
27.955000000,2.955000000,0.000000000
27.962000000,2.962000000,0.000000000
27.969000000,2.969000000,0.000000000
27.982000000,2.982000000,0.000000000
27.995000000,2.995000000,0.000000000
28.003000000,3.003000000,0.000000000
28.010000000,3.010000000,0.000000000
28.019000000,3.019000000,0.000000000
28.032000000,3.032000000,0.000000000
28.037000000,3.037000000,0.000000000
28.050000000,3.050000000,0.000000000
28.057000000,3.057000000,0.000000000
28.066000000,3.066000000,0.000000000
28.077000000,3.077000000,0.000000000
28.085000000,3.085000000,0.000000000
28.094000000,3.094000000,0.000000000
28.100000000,3.100000000,0.000000000
28.105000000,3.105000000,0.000000000
28.117000000,3.117000000,0.000000000
28.131000000,3.131000000,0.000000000
28.138000000,3.138000000,0.000000000
28.149000000,3.149000000,0.000000000
28.156000000,3.156000000,0.000000000
28.166000000,3.166000000,0.000000000
28.172000000,3.172000000,0.000000000
28.180000000,3.180000000,0.000000000
28.193000000,3.193000000,0.000000000
28.207000000,3.207000000,0.000000000
28.215000000,3.215000000,0.000000000
28.226000000,3.226000000,0.000000000
28.235000000,3.235000000,0.000000000
28.241000000,3.241000000,0.000000000
28.249000000,3.249000000,0.000000000
28.256000000,3.256000000,0.000000000
28.262000000,3.262000000,0.000000000
28.271000000,3.271000000,0.000000000
28.278000000,3.278000000,0.000000000
28.287000000,3.287000000,0.000000000
28.295000000,3.295000000,0.000000000
28.307000000,3.307000000,0.000000000
28.314000000,3.314000000,0.000000000
28.322000000,3.322000000,0.000000000
28.334000000,3.334000000,0.000000000
28.344000000,3.344000000,0.000000000
28.355000000,3.355000000,0.000000000
28.362000000,3.362000000,0.000000000
28.373000000,3.373000000,0.000000000
28.386000000,3.386000000,0.000000000
28.400000000,3.400000000,0.000000000
28.412000000,3.412000000,0.000000000
28.421000000,3.421000000,0.000000000
28.430000000,3.430000000,0.000000000
28.440000000,3.440000000,0.000000000
28.447000000,3.447000000,0.000000000
28.455000000,3.455000000,0.000000000
28.459000000,3.459000000,0.000000000
28.477000000,3.477000000,0.000000000
28.490000000,3.490000000,0.000000000
28.499000000,3.499000000,0.000000000
28.513000000,3.513000000,0.000000000
28.523000000,3.523000000,0.000000000
28.537000000,3.537000000,0.000000000
28.550000000,3.550000000,0.000000000
28.559000000,3.559000000,0.000000000
28.571000000,3.571000000,0.000000000
28.584000000,3.584000000,0.000000000
28.592000000,3.592000000,0.000000000
28.599000000,3.599000000,0.000000000
28.603000000,3.603000000,0.000000000
28.607000000,3.607000000,0.000000000
28.612000000,3.612000000,0.000000000
28.620000000,3.620000000,0.000000000
28.629000000,3.629000000,0.000000000
28.638000000,3.638000000,0.000000000
28.652000000,3.652000000,0.000000000
28.661000000,3.661000000,0.000000000
28.670000000,3.670000000,0.000000000
28.679000000,3.679000000,0.000000000
28.687000000,3.687000000,0.000000000
28.697000000,3.697000000,0.000000000
28.710000000,3.710000000,0.000000000
28.725000000,3.725000000,0.000000000
28.740000000,3.740000000,0.000000000
28.752000000,3.752000000,0.000000000
28.766000000,3.766000000,0.000000000
28.775000000,3.775000000,0.000000000
28.786000000,3.786000000,0.000000000
28.792000000,3.792000000,0.000000000
28.804000000,3.804000000,0.000000000
28.813000000,3.813000000,0.000000000
28.818000000,3.818000000,0.000000000
28.823000000,3.823000000,0.000000000
28.837000000,3.837000000,0.000000000
28.851000000,3.851000000,0.000000000
28.860000000,3.860000000,0.000000000
28.874000000,3.874000000,0.000000000
28.886000000,3.886000000,0.000000000
28.895000000,3.895000000,0.000000000
28.911000000,3.911000000,0.000000000
28.925000000,3.925000000,0.000000000
28.933000000,3.933000000,0.000000000
28.945000000,3.945000000,0.000000000
28.956000000,3.956000000,0.000000000
28.970000000,3.970000000,0.000000000
28.983000000,3.983000000,0.000000000
28.997000000,3.997000000,0.000000000
29.007000000,4.007000000,0.000000000
29.021000000,4.021000000,0.000000000
29.032000000,4.032000000,0.000000000
29.042000000,4.042000000,0.000000000
29.055000000,4.055000000,0.000000000
29.063000000,4.063000000,0.000000000
29.070000000,4.070000000,0.000000000
29.074000000,4.074000000,0.000000000
29.089000000,4.089000000,0.000000000
29.096000000,4.096000000,0.000000000
29.109000000,4.109000000,0.000000000
29.113000000,4.113000000,0.000000000
29.117000000,4.117000000,0.000000000
29.129000000,4.129000000,0.000000000
29.142000000,4.142000000,0.000000000
29.150000000,4.150000000,0.000000000
29.157000000,4.157000000,0.000000000
29.163000000,4.163000000,0.000000000
29.168000000,4.168000000,0.000000000
29.181000000,4.181000000,0.000000000
29.185000000,4.185000000,0.000000000
29.191000000,4.191000000,0.000000000
29.200000000,4.200000000,0.000000000
29.208000000,4.208000000,0.000000000
29.218000000,4.218000000,0.000000000
29.227000000,4.227000000,0.000000000
29.235000000,4.235000000,0.000000000
29.241000000,4.241000000,0.000000000
29.247000000,4.247000000,0.000000000
29.253000000,4.253000000,0.000000000
29.259000000,4.259000000,0.000000000
29.267000000,4.267000000,0.000000000
29.278000000,4.278000000,0.000000000
29.295000000,4.295000000,0.000000000
29.298000000,4.298000000,0.000000000
29.302000000,4.302000000,0.000000000
29.306000000,4.306000000,0.000000000
29.314000000,4.314000000,0.000000000
29.325000000,4.325000000,0.000000000
29.338000000,4.338000000,0.000000000
29.344000000,4.344000000,0.000000000
29.354000000,4.354000000,0.000000000
29.362000000,4.362000000,0.000000000
29.373000000,4.373000000,0.000000000
29.384000000,4.384000000,0.000000000
29.389000000,4.389000000,0.000000000
29.397000000,4.397000000,0.000000000
29.408000000,4.408000000,0.000000000
29.422000000,4.422000000,0.000000000
29.430000000,4.430000000,0.000000000
29.434000000,4.434000000,0.000000000
29.439000000,4.439000000,0.000000000
29.443000000,4.443000000,0.000000000
29.451000000,4.451000000,0.000000000
29.459000000,4.459000000,0.000000000
29.464000000,4.464000000,0.000000000
29.474000000,4.474000000,0.000000000
29.485000000,4.485000000,0.000000000
29.489000000,4.489000000,0.000000000
29.498000000,4.498000000,0.000000000
29.510000000,4.510000000,0.000000000
29.523000000,4.523000000,0.000000000
29.535000000,4.535000000,0.000000000
29.545000000,4.545000000,0.000000000
29.555000000,4.555000000,0.000000000
29.562000000,4.562000000,0.000000000
29.576000000,4.576000000,0.000000000
29.584000000,4.584000000,0.000000000
29.597000000,4.597000000,0.000000000
29.607000000,4.607000000,0.000000000
29.621000000,4.621000000,0.000000000
29.629000000,4.629000000,0.000000000
29.640000000,4.640000000,0.000000000
29.649000000,4.649000000,0.000000000
29.654000000,4.654000000,0.000000000
29.659000000,4.659000000,0.000000000
29.670000000,4.670000000,0.000000000
29.679000000,4.679000000,0.000000000
29.685000000,4.685000000,0.000000000
29.700000000,4.700000000,0.000000000
29.714000000,4.714000000,0.000000000
29.720000000,4.720000000,0.000000000
29.732000000,4.732000000,0.000000000
29.747000000,4.747000000,0.000000000
29.758000000,4.758000000,0.000000000
29.764000000,4.764000000,0.000000000
29.771000000,4.771000000,0.000000000
29.782000000,4.782000000,0.000000000
29.790000000,4.790000000,0.000000000
29.801000000,4.801000000,0.000000000
29.805000000,4.805000000,0.000000000
29.813000000,4.813000000,0.000000000
29.820000000,4.820000000,0.000000000
29.830000000,4.830000000,0.000000000
29.843000000,4.843000000,0.000000000
29.857000000,4.857000000,0.000000000
29.870000000,4.870000000,0.000000000
29.877000000,4.877000000,0.000000000
29.888000000,4.888000000,0.000000000
29.898000000,4.898000000,0.000000000
29.903000000,4.903000000,0.000000000
29.914000000,4.914000000,0.000000000
29.922000000,4.922000000,0.000000000
29.932000000,4.932000000,0.000000000
29.946000000,4.946000000,0.000000000
29.959000000,4.959000000,0.000000000
29.973000000,4.973000000,0.000000000
29.986000000,4.986000000,0.000000000
29.996000000,4.996000000,0.000000000
30.006000000,4.994000000,0.000000000
30.017000000,4.983000000,0.000000000
30.025000000,4.975000000,0.000000000
30.032000000,4.968000000,0.000000000
30.044000000,4.956000000,0.000000000
30.054000000,4.946000000,0.000000000
30.069000000,4.931000000,0.000000000
30.083000000,4.917000000,0.000000000
30.091000000,4.909000000,0.000000000
30.103000000,4.897000000,0.000000000
30.112000000,4.888000000,0.000000000
30.118000000,4.882000000,0.000000000
30.122000000,4.878000000,0.000000000
30.128000000,4.872000000,0.000000000
30.135000000,4.865000000,0.000000000
30.148000000,4.852000000,0.000000000
30.159000000,4.841000000,0.000000000
30.168000000,4.832000000,0.000000000
30.177000000,4.823000000,0.000000000
30.187000000,4.813000000,0.000000000
30.199000000,4.801000000,0.000000000
30.207000000,4.793000000,0.000000000
30.218000000,4.782000000,0.000000000
30.232000000,4.768000000,0.000000000
30.241000000,4.759000000,0.000000000
30.249000000,4.751000000,0.000000000
30.257000000,4.743000000,0.000000000
30.269000000,4.731000000,0.000000000
30.285000000,4.715000000,0.000000000
30.301000000,4.699000000,0.000000000
30.311000000,4.689000000,0.000000000
30.316000000,4.684000000,0.000000000
30.320000000,4.680000000,0.000000000
30.326000000,4.674000000,0.000000000
30.333000000,4.667000000,0.000000000
30.342000000,4.658000000,0.000000000
30.352000000,4.648000000,0.000000000
30.360000000,4.640000000,0.000000000
30.369000000,4.631000000,0.000000000
30.377000000,4.623000000,0.000000000
30.385000000,4.615000000,0.000000000
30.396000000,4.604000000,0.000000000
30.403000000,4.597000000,0.000000000
30.411000000,4.589000000,0.000000000
30.419000000,4.581000000,0.000000000
30.432000000,4.568000000,0.000000000
30.440000000,4.560000000,0.000000000
30.446000000,4.554000000,0.000000000
30.452000000,4.548000000,0.000000000
30.457000000,4.543000000,0.000000000
30.465000000,4.535000000,0.000000000
30.472000000,4.528000000,0.000000000
30.478000000,4.522000000,0.000000000
30.486000000,4.514000000,0.000000000
30.502000000,4.498000000,0.000000000
30.515000000,4.485000000,0.000000000
30.525000000,4.475000000,0.000000000
30.531000000,4.469000000,0.000000000
30.539000000,4.461000000,0.000000000
30.550000000,4.450000000,0.000000000
30.557000000,4.443000000,0.000000000
30.566000000,4.434000000,0.000000000
30.578000000,4.422000000,0.000000000
30.586000000,4.414000000,0.000000000
30.593000000,4.407000000,0.000000000
30.600000000,4.400000000,0.000000000
30.604000000,4.396000000,0.000000000
30.614000000,4.386000000,0.000000000
30.621000000,4.379000000,0.000000000
30.630000000,4.370000000,0.000000000
30.639000000,4.361000000,0.000000000
30.646000000,4.354000000,0.000000000
30.648000000,4.352000000,0.000000000
30.655000000,4.345000000,0.000000000
30.659000000,4.341000000,0.000000000
30.661000000,4.339000000,0.000000000
30.664000000,4.336000000,0.000000000
30.668000000,4.332000000,0.000000000
30.677000000,4.323000000,0.000000000
30.686000000,4.314000000,0.000000000
30.689000000,4.311000000,0.000000000
30.695000000,4.305000000,0.000000000
30.698000000,4.302000000,0.000000000
30.702000000,4.298000000,0.000000000
30.707000000,4.293000000,0.000000000
30.712000000,4.288000000,0.000000000
30.723000000,4.277000000,0.000000000
30.731000000,4.269000000,0.000000000
30.733000000,4.267000000,0.000000000
30.737000000,4.263000000,0.000000000
30.743000000,4.257000000,0.000000000
30.751000000,4.249000000,0.000000000
30.757000000,4.243000000,0.000000000
30.763000000,4.237000000,0.000000000
30.770000000,4.230000000,0.000000000
30.776000000,4.224000000,0.000000000
30.781000000,4.219000000,0.000000000
30.789000000,4.211000000,0.000000000
30.801000000,4.199000000,0.000000000
30.806000000,4.194000000,0.000000000
30.815000000,4.185000000,0.000000000
30.824000000,4.176000000,0.000000000
30.830000000,4.170000000,0.000000000
30.837000000,4.163000000,0.000000000
30.848000000,4.152000000,0.000000000
30.856000000,4.144000000,0.000000000
30.862000000,4.138000000,0.000000000
30.865000000,4.135000000,0.000000000
30.878000000,4.122000000,0.000000000
30.889000000,4.111000000,0.000000000
30.896000000,4.104000000,0.000000000
30.903000000,4.097000000,0.000000000
30.911000000,4.089000000,0.000000000
30.922000000,4.078000000,0.000000000
30.928000000,4.072000000,0.000000000
30.937000000,4.063000000,0.000000000
30.946000000,4.054000000,0.000000000
30.960000000,4.040000000,0.000000000
30.975000000,4.025000000,0.000000000
30.984000000,4.016000000,0.000000000
30.991000000,4.009000000,0.000000000
30.999000000,4.001000000,0.000000000
31.001000000,3.999000000,0.000000000
31.009000000,3.991000000,0.000000000
31.023000000,3.977000000,0.000000000
31.032000000,3.968000000,0.000000000
31.037000000,3.963000000,0.000000000
31.041000000,3.959000000,0.000000000
31.052000000,3.948000000,0.000000000
31.059000000,3.941000000,0.000000000
31.065000000,3.935000000,0.000000000
31.075000000,3.925000000,0.000000000
31.083000000,3.917000000,0.000000000
31.092000000,3.908000000,0.000000000
31.105000000,3.895000000,0.000000000
31.108000000,3.892000000,0.000000000
31.118000000,3.882000000,0.000000000
31.125000000,3.875000000,0.000000000
31.133000000,3.867000000,0.000000000
31.144000000,3.856000000,0.000000000
31.149000000,3.851000000,0.000000000
31.157000000,3.843000000,0.000000000
31.165000000,3.835000000,0.000000000
31.176000000,3.824000000,0.000000000
31.185000000,3.815000000,0.000000000
31.194000000,3.806000000,0.000000000
31.199000000,3.801000000,0.000000000
31.204000000,3.796000000,0.000000000
31.208000000,3.792000000,0.000000000
31.213000000,3.787000000,0.000000000
31.222000000,3.778000000,0.000000000
31.235000000,3.765000000,0.000000000
31.242000000,3.758000000,0.000000000
31.248000000,3.752000000,0.000000000
31.253000000,3.747000000,0.000000000
31.259000000,3.741000000,0.000000000
31.266000000,3.734000000,0.000000000
31.273000000,3.727000000,0.000000000
31.278000000,3.722000000,0.000000000
31.285000000,3.715000000,0.000000000
31.292000000,3.708000000,0.000000000
31.300000000,3.700000000,0.000000000
31.308000000,3.692000000,0.000000000
31.319000000,3.681000000,0.000000000
31.327000000,3.673000000,0.000000000
31.335000000,3.665000000,0.000000000
31.342000000,3.658000000,0.000000000
31.354000000,3.646000000,0.000000000
31.366000000,3.634000000,0.000000000
31.372000000,3.628000000,0.000000000
31.377000000,3.623000000,0.000000000
31.383000000,3.617000000,0.000000000
31.392000000,3.608000000,0.000000000
31.402000000,3.598000000,0.000000000
31.410000000,3.590000000,0.000000000
31.417000000,3.583000000,0.000000000
31.425000000,3.575000000,0.000000000
31.436000000,3.564000000,0.000000000
31.445000000,3.555000000,0.000000000
31.453000000,3.547000000,0.000000000
31.461000000,3.539000000,0.000000000
31.466000000,3.534000000,0.000000000
31.473000000,3.527000000,0.000000000
31.477000000,3.523000000,0.000000000
31.479000000,3.521000000,0.000000000
31.481000000,3.519000000,0.000000000
31.483000000,3.517000000,0.000000000
31.484000000,3.516000000,0.000000000
31.488000000,3.512000000,0.000000000
31.491000000,3.509000000,0.000000000
31.496000000,3.504000000,0.000000000
31.501000000,3.499000000,0.000000000
31.506000000,3.494000000,0.000000000
31.511000000,3.489000000,0.000000000
31.516000000,3.484000000,0.000000000
31.526000000,3.474000000,0.000000000
31.532000000,3.468000000,0.000000000
31.544000000,3.456000000,0.000000000
31.552000000,3.448000000,0.000000000
31.560000000,3.440000000,0.000000000
31.566000000,3.434000000,0.000000000
31.569000000,3.431000000,0.000000000
31.573000000,3.427000000,0.000000000
31.579000000,3.421000000,0.000000000
31.585000000,3.415000000,0.000000000
31.594000000,3.406000000,0.000000000
31.600000000,3.400000000,0.000000000
31.602000000,3.398000000,0.000000000
31.610000000,3.390000000,0.000000000
31.619000000,3.381000000,0.000000000
31.625000000,3.375000000,0.000000000
31.629000000,3.371000000,0.000000000
31.635000000,3.365000000,0.000000000
31.647000000,3.353000000,0.000000000
31.653000000,3.347000000,0.000000000
31.661000000,3.339000000,0.000000000
31.668000000,3.332000000,0.000000000
31.681000000,3.319000000,0.000000000
31.686000000,3.314000000,0.000000000
31.694000000,3.306000000,0.000000000
31.707000000,3.293000000,0.000000000
31.719000000,3.281000000,0.000000000
31.731000000,3.269000000,0.000000000
31.739000000,3.261000000,0.000000000
31.745000000,3.255000000,0.000000000
31.751000000,3.249000000,0.000000000
31.757000000,3.243000000,0.000000000
31.764000000,3.236000000,0.000000000
31.770000000,3.230000000,0.000000000
31.779000000,3.221000000,0.000000000
31.788000000,3.212000000,0.000000000
31.796000000,3.204000000,0.000000000
31.800000000,3.200000000,0.000000000
31.804000000,3.196000000,0.000000000
31.810000000,3.190000000,0.000000000
31.819000000,3.181000000,0.000000000
31.827000000,3.173000000,0.000000000
31.836000000,3.164000000,0.000000000
31.841000000,3.159000000,0.000000000
31.847000000,3.153000000,0.000000000
31.853000000,3.147000000,0.000000000
31.859000000,3.141000000,0.000000000
31.866000000,3.134000000,0.000000000
31.874000000,3.126000000,0.000000000
31.880000000,3.120000000,0.000000000
31.889000000,3.111000000,0.000000000
31.897000000,3.103000000,0.000000000
31.906000000,3.094000000,0.000000000
31.917000000,3.083000000,0.000000000
31.924000000,3.076000000,0.000000000
31.928000000,3.072000000,0.000000000
31.936000000,3.064000000,0.000000000
31.944000000,3.056000000,0.000000000
31.958000000,3.042000000,0.000000000
31.966000000,3.034000000,0.000000000
31.971000000,3.029000000,0.000000000
31.975000000,3.025000000,0.000000000
31.980000000,3.020000000,0.000000000
31.987000000,3.013000000,0.000000000
31.992000000,3.008000000,0.000000000
31.998000000,3.002000000,0.000000000
32.004000000,2.996000000,0.000000000
32.010000000,2.990000000,0.000000000
32.016000000,2.984000000,0.000000000
32.019000000,2.981000000,0.000000000
32.026000000,2.974000000,0.000000000
32.028000000,2.972000000,0.000000000
32.032000000,2.968000000,0.000000000
32.040000000,2.960000000,0.000000000
32.051000000,2.949000000,0.000000000
32.056000000,2.944000000,0.000000000
32.063000000,2.937000000,0.000000000
32.071000000,2.929000000,0.000000000
32.080000000,2.920000000,0.000000000
32.089000000,2.911000000,0.000000000
32.100000000,2.900000000,0.000000000
32.109000000,2.891000000,0.000000000
32.117000000,2.883000000,0.000000000
32.124000000,2.876000000,0.000000000
32.133000000,2.867000000,0.000000000
32.141000000,2.859000000,0.000000000
32.149000000,2.851000000,0.000000000
32.155000000,2.845000000,0.000000000
32.163000000,2.837000000,0.000000000
32.172000000,2.828000000,0.000000000
32.177000000,2.823000000,0.000000000
32.182000000,2.818000000,0.000000000
32.183000000,2.817000000,0.000000000
32.187000000,2.813000000,0.000000000
32.192000000,2.808000000,0.000000000
32.197000000,2.803000000,0.000000000
32.201000000,2.799000000,0.000000000
32.206000000,2.794000000,0.000000000
32.210000000,2.790000000,0.000000000
32.214000000,2.786000000,0.000000000
32.217000000,2.783000000,0.000000000
32.225000000,2.775000000,0.000000000
32.229000000,2.771000000,0.000000000
32.241000000,2.759000000,0.000000000
32.248000000,2.752000000,0.000000000
32.258000000,2.742000000,0.000000000
32.271000000,2.729000000,0.000000000
32.286000000,2.714000000,0.000000000
32.292000000,2.708000000,0.000000000
32.298000000,2.702000000,0.000000000
32.304000000,2.696000000,0.000000000
32.315000000,2.685000000,0.000000000
32.329000000,2.671000000,0.000000000
32.338000000,2.662000000,0.000000000
32.354000000,2.646000000,0.000000000
32.359000000,2.641000000,0.000000000
32.363000000,2.637000000,0.000000000
32.368000000,2.632000000,0.000000000
32.371000000,2.629000000,0.000000000
32.376000000,2.624000000,0.000000000
32.379000000,2.621000000,0.000000000
32.384000000,2.616000000,0.000000000
32.387000000,2.613000000,0.000000000
32.391000000,2.609000000,0.000000000
32.396000000,2.604000000,0.000000000
32.400000000,2.600000000,0.000000000
32.404000000,2.596000000,0.000000000
32.407000000,2.593000000,0.000000000
32.410000000,2.590000000,0.000000000
32.413000000,2.587000000,0.000000000
32.419000000,2.581000000,0.000000000
32.429000000,2.571000000,0.000000000
32.434000000,2.566000000,0.000000000
32.441000000,2.559000000,0.000000000
32.445000000,2.555000000,0.000000000
32.449000000,2.551000000,0.000000000
32.453000000,2.547000000,0.000000000
32.456000000,2.544000000,0.000000000
32.459000000,2.541000000,0.000000000
32.463000000,2.537000000,0.000000000
32.471000000,2.529000000,0.000000000
32.476000000,2.524000000,0.000000000
32.481000000,2.519000000,0.000000000
32.485000000,2.515000000,0.000000000
32.491000000,2.509000000,0.000000000
32.497000000,2.503000000,0.000000000
32.502000000,2.498000000,0.000000000
32.504000000,2.496000000,0.000000000
32.510000000,2.490000000,0.000000000
32.517000000,2.483000000,0.000000000
32.521000000,2.479000000,0.000000000
32.528000000,2.472000000,0.000000000
32.532000000,2.468000000,0.000000000
32.536000000,2.464000000,0.000000000
32.542000000,2.458000000,0.000000000
32.546000000,2.454000000,0.000000000
32.552000000,2.448000000,0.000000000
32.560000000,2.440000000,0.000000000
32.564000000,2.436000000,0.000000000
32.571000000,2.429000000,0.000000000
32.577000000,2.423000000,0.000000000
32.584000000,2.416000000,0.000000000
32.593000000,2.407000000,0.000000000
32.606000000,2.394000000,0.000000000
32.616000000,2.384000000,0.000000000
32.624000000,2.376000000,0.000000000
32.633000000,2.367000000,0.000000000
32.639000000,2.361000000,0.000000000
32.650000000,2.350000000,0.000000000
32.662000000,2.338000000,0.000000000
32.669000000,2.331000000,0.000000000
32.679000000,2.321000000,0.000000000
32.692000000,2.308000000,0.000000000
32.701000000,2.299000000,0.000000000
32.709000000,2.291000000,0.000000000
32.718000000,2.282000000,0.000000000
32.728000000,2.272000000,0.000000000
32.738000000,2.262000000,0.000000000
32.751000000,2.249000000,0.000000000
32.760000000,2.240000000,0.000000000
32.771000000,2.229000000,0.000000000
32.778000000,2.222000000,0.000000000
32.787000000,2.213000000,0.000000000
32.796000000,2.204000000,0.000000000
32.802000000,2.198000000,0.000000000
32.807000000,2.193000000,0.000000000
32.819000000,2.181000000,0.000000000
32.829000000,2.171000000,0.000000000
32.833000000,2.167000000,0.000000000
32.840000000,2.160000000,0.000000000
32.852000000,2.148000000,0.000000000
32.859000000,2.141000000,0.000000000
32.865000000,2.135000000,0.000000000
32.873000000,2.127000000,0.000000000
32.879000000,2.121000000,0.000000000
32.886000000,2.114000000,0.000000000
32.903000000,2.097000000,0.000000000
32.916000000,2.084000000,0.000000000
32.931000000,2.069000000,0.000000000
32.938000000,2.062000000,0.000000000
32.952000000,2.048000000,0.000000000
32.962000000,2.038000000,0.000000000
32.974000000,2.026000000,0.000000000
32.980000000,2.020000000,0.000000000
32.993000000,2.007000000,0.000000000
33.003000000,1.997000000,0.000000000
33.007000000,1.993000000,0.000000000
33.014000000,1.986000000,0.000000000
33.019000000,1.981000000,0.000000000
33.030000000,1.970000000,0.000000000
33.043000000,1.957000000,0.000000000
33.053000000,1.947000000,0.000000000
33.065000000,1.935000000,0.000000000
33.077000000,1.923000000,0.000000000
33.092000000,1.908000000,0.000000000
33.106000000,1.894000000,0.000000000
33.117000000,1.883000000,0.000000000
33.131000000,1.869000000,0.000000000
33.142000000,1.858000000,0.000000000
33.158000000,1.842000000,0.000000000
33.162000000,1.838000000,0.000000000
33.168000000,1.832000000,0.000000000
33.176000000,1.824000000,0.000000000
33.188000000,1.812000000,0.000000000
33.197000000,1.803000000,0.000000000
33.204000000,1.796000000,0.000000000
33.220000000,1.780000000,0.000000000
33.231000000,1.769000000,0.000000000
33.240000000,1.760000000,0.000000000
33.255000000,1.745000000,0.000000000
33.265000000,1.735000000,0.000000000
33.275000000,1.725000000,0.000000000
33.284000000,1.716000000,0.000000000
33.297000000,1.703000000,0.000000000
33.308000000,1.692000000,0.000000000
33.312000000,1.688000000,0.000000000
33.322000000,1.678000000,0.000000000
33.330000000,1.670000000,0.000000000
33.338000000,1.662000000,0.000000000
33.348000000,1.652000000,0.000000000
33.357000000,1.643000000,0.000000000
33.363000000,1.637000000,0.000000000
33.371000000,1.629000000,0.000000000
33.380000000,1.620000000,0.000000000
33.392000000,1.608000000,0.000000000
33.400000000,1.600000000,0.000000000
33.406000000,1.594000000,0.000000000
33.418000000,1.582000000,0.000000000
33.433000000,1.567000000,0.000000000
33.445000000,1.555000000,0.000000000
33.457000000,1.543000000,0.000000000
33.464000000,1.536000000,0.000000000
33.471000000,1.529000000,0.000000000
33.476000000,1.524000000,0.000000000
33.488000000,1.512000000,0.000000000
33.498000000,1.502000000,0.000000000
33.508000000,1.492000000,0.000000000
33.520000000,1.480000000,0.000000000
33.530000000,1.470000000,0.000000000
33.537000000,1.463000000,0.000000000
33.543000000,1.457000000,0.000000000
33.554000000,1.446000000,0.000000000
33.560000000,1.440000000,0.000000000
33.568000000,1.432000000,0.000000000
33.580000000,1.420000000,0.000000000
33.594000000,1.406000000,0.000000000
33.605000000,1.395000000,0.000000000
33.614000000,1.386000000,0.000000000
33.624000000,1.376000000,0.000000000
33.635000000,1.365000000,0.000000000
33.648000000,1.352000000,0.000000000
33.663000000,1.337000000,0.000000000
33.671000000,1.329000000,0.000000000
33.679000000,1.321000000,0.000000000
33.692000000,1.308000000,0.000000000
33.701000000,1.299000000,0.000000000
33.712000000,1.288000000,0.000000000
33.721000000,1.279000000,0.000000000
33.732000000,1.268000000,0.000000000
33.742000000,1.258000000,0.000000000
33.752000000,1.248000000,0.000000000
33.760000000,1.240000000,0.000000000
33.771000000,1.229000000,0.000000000
33.783000000,1.217000000,0.000000000
33.793000000,1.207000000,0.000000000
33.801000000,1.199000000,0.000000000
33.808000000,1.192000000,0.000000000
33.815000000,1.185000000,0.000000000
33.828000000,1.172000000,0.000000000
33.840000000,1.160000000,0.000000000
33.847000000,1.153000000,0.000000000
33.859000000,1.141000000,0.000000000
33.871000000,1.129000000,0.000000000
33.883000000,1.117000000,0.000000000
33.894000000,1.106000000,0.000000000
33.902000000,1.098000000,0.000000000
33.911000000,1.089000000,0.000000000
33.926000000,1.074000000,0.000000000
33.936000000,1.064000000,0.000000000
33.944000000,1.056000000,0.000000000
33.954000000,1.046000000,0.000000000
33.963000000,1.037000000,0.000000000
33.972000000,1.028000000,0.000000000
33.979000000,1.021000000,0.000000000
33.986000000,1.014000000,0.000000000
33.993000000,1.007000000,0.000000000
34.001000000,0.999000000,0.000000000
34.013000000,0.987000000,0.000000000
34.019000000,0.981000000,0.000000000
34.027000000,0.973000000,0.000000000
34.040000000,0.960000000,0.000000000
34.053000000,0.947000000,0.000000000
34.060000000,0.940000000,0.000000000
34.066000000,0.934000000,0.000000000
34.076000000,0.924000000,0.000000000
34.089000000,0.911000000,0.000000000
34.100000000,0.900000000,0.000000000
34.110000000,0.890000000,0.000000000
34.117000000,0.883000000,0.000000000
34.126000000,0.874000000,0.000000000
34.132000000,0.868000000,0.000000000
34.136000000,0.864000000,0.000000000
34.141000000,0.859000000,0.000000000
34.148000000,0.852000000,0.000000000
34.159000000,0.841000000,0.000000000
34.165000000,0.835000000,0.000000000
34.171000000,0.829000000,0.000000000
34.178000000,0.822000000,0.000000000
34.184000000,0.816000000,0.000000000
34.192000000,0.808000000,0.000000000
34.198000000,0.802000000,0.000000000
34.203000000,0.797000000,0.000000000
34.206000000,0.794000000,0.000000000
34.212000000,0.788000000,0.000000000
34.222000000,0.778000000,0.000000000
34.231000000,0.769000000,0.000000000
34.240000000,0.760000000,0.000000000
34.246000000,0.754000000,0.000000000
34.259000000,0.741000000,0.000000000
34.268000000,0.732000000,0.000000000
34.277000000,0.723000000,0.000000000
34.289000000,0.711000000,0.000000000
34.304000000,0.696000000,0.000000000
34.321000000,0.679000000,0.000000000
34.335000000,0.665000000,0.000000000
34.341000000,0.659000000,0.000000000
34.353000000,0.647000000,0.000000000
34.367000000,0.633000000,0.000000000
34.377000000,0.623000000,0.000000000
34.383000000,0.617000000,0.000000000
34.394000000,0.606000000,0.000000000
34.400000000,0.600000000,0.000000000
34.408000000,0.592000000,0.000000000
34.411000000,0.589000000,0.000000000
34.419000000,0.581000000,0.000000000
34.432000000,0.568000000,0.000000000
34.437000000,0.563000000,0.000000000
34.449000000,0.551000000,0.000000000
34.461000000,0.539000000,0.000000000
34.471000000,0.529000000,0.000000000
34.480000000,0.520000000,0.000000000
34.491000000,0.509000000,0.000000000
34.506000000,0.494000000,0.000000000
34.521000000,0.479000000,0.000000000
34.533000000,0.467000000,0.000000000
34.543000000,0.457000000,0.000000000
34.554000000,0.446000000,0.000000000
34.561000000,0.439000000,0.000000000
34.569000000,0.431000000,0.000000000
34.579000000,0.421000000,0.000000000
34.589000000,0.411000000,0.000000000
34.601000000,0.399000000,0.000000000
34.611000000,0.389000000,0.000000000
34.622000000,0.378000000,0.000000000
34.633000000,0.367000000,0.000000000
34.638000000,0.362000000,0.000000000
34.645000000,0.355000000,0.000000000
34.655000000,0.345000000,0.000000000
34.668000000,0.332000000,0.000000000
34.677000000,0.323000000,0.000000000
34.687000000,0.313000000,0.000000000
34.700000000,0.300000000,0.000000000
34.709000000,0.291000000,0.000000000
34.719000000,0.281000000,0.000000000
34.726000000,0.274000000,0.000000000
34.734000000,0.266000000,0.000000000
34.740000000,0.260000000,0.000000000
34.745000000,0.255000000,0.000000000
34.755000000,0.245000000,0.000000000
34.761000000,0.239000000,0.000000000
34.772000000,0.228000000,0.000000000
34.783000000,0.217000000,0.000000000
34.787000000,0.213000000,0.000000000
34.797000000,0.203000000,0.000000000
34.804000000,0.196000000,0.000000000
34.811000000,0.189000000,0.000000000
34.818000000,0.182000000,0.000000000
34.824000000,0.176000000,0.000000000
34.832000000,0.168000000,0.000000000
34.843000000,0.157000000,0.000000000
34.854000000,0.146000000,0.000000000
34.859000000,0.141000000,0.000000000
34.866000000,0.134000000,0.000000000
34.872000000,0.128000000,0.000000000
34.876000000,0.124000000,0.000000000
34.887000000,0.113000000,0.000000000
34.902000000,0.098000000,0.000000000
34.911000000,0.089000000,0.000000000
34.924000000,0.076000000,0.000000000
34.935000000,0.065000000,0.000000000
34.945000000,0.055000000,0.000000000
34.952000000,0.048000000,0.000000000
34.962000000,0.038000000,0.000000000
34.970000000,0.030000000,0.000000000
34.979000000,0.021000000,0.000000000
34.984000000,0.016000000,0.000000000
34.989000000,0.011000000,0.000000000
34.996000000,0.004000000,0.000000000
35.001000000,-0.001000000,0.000000000
35.008000000,-0.008000000,0.000000000
35.013000000,-0.013000000,0.000000000
35.019000000,-0.019000000,0.000000000
35.028000000,-0.028000000,0.000000000
35.039000000,-0.039000000,0.000000000
35.044000000,-0.044000000,0.000000000
35.050000000,-0.050000000,0.000000000
35.055000000,-0.055000000,0.000000000
35.063000000,-0.063000000,0.000000000
35.073000000,-0.073000000,0.000000000
35.087000000,-0.087000000,0.000000000
35.100000000,-0.100000000,0.000000000
35.110000000,-0.110000000,0.000000000
35.121000000,-0.121000000,0.000000000
35.133000000,-0.133000000,0.000000000
35.146000000,-0.146000000,0.000000000
35.155000000,-0.155000000,0.000000000
35.161000000,-0.161000000,0.000000000
35.168000000,-0.168000000,0.000000000
35.178000000,-0.178000000,0.000000000
35.182000000,-0.182000000,0.000000000
35.190000000,-0.190000000,0.000000000
35.198000000,-0.198000000,0.000000000
35.209000000,-0.209000000,0.000000000
35.218000000,-0.218000000,0.000000000
35.226000000,-0.226000000,0.000000000
35.231000000,-0.231000000,0.000000000
35.239000000,-0.239000000,0.000000000
35.249000000,-0.249000000,0.000000000
35.257000000,-0.257000000,0.000000000
35.261000000,-0.261000000,0.000000000
35.269000000,-0.269000000,0.000000000
35.280000000,-0.280000000,0.000000000
35.292000000,-0.292000000,0.000000000
35.296000000,-0.296000000,0.000000000
35.302000000,-0.302000000,0.000000000
35.311000000,-0.311000000,0.000000000
35.318000000,-0.318000000,0.000000000
35.323000000,-0.323000000,0.000000000
35.328000000,-0.328000000,0.000000000
35.333000000,-0.333000000,0.000000000
35.337000000,-0.337000000,0.000000000
35.344000000,-0.344000000,0.000000000
35.349000000,-0.349000000,0.000000000
35.354000000,-0.354000000,0.000000000
35.362000000,-0.362000000,0.000000000
35.373000000,-0.373000000,0.000000000
35.385000000,-0.385000000,0.000000000
35.391000000,-0.391000000,0.000000000
35.399000000,-0.399000000,0.000000000
35.412000000,-0.412000000,0.000000000
35.423000000,-0.423000000,0.000000000
35.432000000,-0.432000000,0.000000000
35.437000000,-0.437000000,0.000000000
35.447000000,-0.447000000,0.000000000
35.458000000,-0.458000000,0.000000000
35.470000000,-0.470000000,0.000000000
35.481000000,-0.481000000,0.000000000
35.488000000,-0.488000000,0.000000000
35.498000000,-0.498000000,0.000000000
35.505000000,-0.505000000,0.000000000
35.513000000,-0.513000000,0.000000000
35.527000000,-0.527000000,0.000000000
35.536000000,-0.536000000,0.000000000
35.547000000,-0.547000000,0.000000000
35.561000000,-0.561000000,0.000000000
35.570000000,-0.570000000,0.000000000
35.577000000,-0.577000000,0.000000000
35.589000000,-0.589000000,0.000000000
35.599000000,-0.599000000,0.000000000
35.606000000,-0.606000000,0.000000000
35.614000000,-0.614000000,0.000000000
35.619000000,-0.619000000,0.000000000
35.628000000,-0.628000000,0.000000000
35.644000000,-0.644000000,0.000000000
35.657000000,-0.657000000,0.000000000
35.663000000,-0.663000000,0.000000000
35.670000000,-0.670000000,0.000000000
35.678000000,-0.678000000,0.000000000
35.681000000,-0.681000000,0.000000000
35.690000000,-0.690000000,0.000000000
35.701000000,-0.701000000,0.000000000
35.709000000,-0.709000000,0.000000000
35.717000000,-0.717000000,0.000000000
35.724000000,-0.724000000,0.000000000
35.732000000,-0.732000000,0.000000000
35.741000000,-0.741000000,0.000000000
35.750000000,-0.750000000,0.000000000
35.760000000,-0.760000000,0.000000000
35.766000000,-0.766000000,0.000000000
35.776000000,-0.776000000,0.000000000
35.782000000,-0.782000000,0.000000000
35.793000000,-0.793000000,0.000000000
35.805000000,-0.805000000,0.000000000
35.815000000,-0.815000000,0.000000000
35.820000000,-0.820000000,0.000000000
35.830000000,-0.830000000,0.000000000
35.841000000,-0.841000000,0.000000000
35.852000000,-0.852000000,0.000000000
35.859000000,-0.859000000,0.000000000
35.864000000,-0.864000000,0.000000000
35.867000000,-0.867000000,0.000000000
35.877000000,-0.877000000,0.000000000
35.886000000,-0.886000000,0.000000000
35.897000000,-0.897000000,0.000000000
35.908000000,-0.908000000,0.000000000
35.916000000,-0.916000000,0.000000000
35.928000000,-0.928000000,0.000000000
35.935000000,-0.935000000,0.000000000
35.945000000,-0.945000000,0.000000000
35.955000000,-0.955000000,0.000000000
35.967000000,-0.967000000,0.000000000
35.974000000,-0.974000000,0.000000000
35.982000000,-0.982000000,0.000000000
35.990000000,-0.990000000,0.000000000
35.995000000,-0.995000000,0.000000000
36.006000000,-0.994000000,0.000000000
36.019000000,-0.981000000,0.000000000
36.030000000,-0.970000000,0.000000000
36.044000000,-0.956000000,0.000000000
36.053000000,-0.947000000,0.000000000
36.058000000,-0.942000000,0.000000000
36.067000000,-0.933000000,0.000000000
36.076000000,-0.924000000,0.000000000
36.089000000,-0.911000000,0.000000000
36.100000000,-0.900000000,0.000000000
36.110000000,-0.890000000,0.000000000
36.113000000,-0.887000000,0.000000000
36.123000000,-0.877000000,0.000000000
36.133000000,-0.867000000,0.000000000
36.143000000,-0.857000000,0.000000000
36.155000000,-0.845000000,0.000000000
36.162000000,-0.838000000,0.000000000
36.175000000,-0.825000000,0.000000000
36.186000000,-0.814000000,0.000000000
36.194000000,-0.806000000,0.000000000
36.205000000,-0.795000000,0.000000000
36.217000000,-0.783000000,0.000000000
36.227000000,-0.773000000,0.000000000
36.238000000,-0.762000000,0.000000000
36.252000000,-0.748000000,0.000000000
36.266000000,-0.734000000,0.000000000
36.274000000,-0.726000000,0.000000000
36.280000000,-0.720000000,0.000000000
36.295000000,-0.705000000,0.000000000
36.311000000,-0.689000000,0.000000000
36.314000000,-0.686000000,0.000000000
36.319000000,-0.681000000,0.000000000
36.328000000,-0.672000000,0.000000000
36.336000000,-0.664000000,0.000000000
36.346000000,-0.654000000,0.000000000
36.357000000,-0.643000000,0.000000000
36.360000000,-0.640000000,0.000000000
36.370000000,-0.630000000,0.000000000
36.379000000,-0.621000000,0.000000000
36.392000000,-0.608000000,0.000000000
36.403000000,-0.597000000,0.000000000
36.416000000,-0.584000000,0.000000000
36.427000000,-0.573000000,0.000000000
36.438000000,-0.562000000,0.000000000
36.446000000,-0.554000000,0.000000000
36.460000000,-0.540000000,0.000000000
36.466000000,-0.534000000,0.000000000
36.471000000,-0.529000000,0.000000000
36.477000000,-0.523000000,0.000000000
36.484000000,-0.516000000,0.000000000
36.492000000,-0.508000000,0.000000000
36.498000000,-0.502000000,0.000000000
36.501000000,-0.499000000,0.000000000
36.505000000,-0.495000000,0.000000000
36.514000000,-0.486000000,0.000000000
36.519000000,-0.481000000,0.000000000
36.526000000,-0.474000000,0.000000000
36.533000000,-0.467000000,0.000000000
36.543000000,-0.457000000,0.000000000
36.552000000,-0.448000000,0.000000000
36.560000000,-0.440000000,0.000000000
36.569000000,-0.431000000,0.000000000
36.582000000,-0.418000000,0.000000000
36.594000000,-0.406000000,0.000000000
36.605000000,-0.395000000,0.000000000
36.614000000,-0.386000000,0.000000000
36.622000000,-0.378000000,0.000000000
36.632000000,-0.368000000,0.000000000
36.639000000,-0.361000000,0.000000000
36.653000000,-0.347000000,0.000000000
36.662000000,-0.338000000,0.000000000
36.674000000,-0.326000000,0.000000000
36.684000000,-0.316000000,0.000000000
36.691000000,-0.309000000,0.000000000
36.702000000,-0.298000000,0.000000000
36.710000000,-0.290000000,0.000000000
36.720000000,-0.280000000,0.000000000
36.735000000,-0.265000000,0.000000000
36.745000000,-0.255000000,0.000000000
36.755000000,-0.245000000,0.000000000
36.765000000,-0.235000000,0.000000000
36.776000000,-0.224000000,0.000000000
36.791000000,-0.209000000,0.000000000
36.800000000,-0.200000000,0.000000000
36.808000000,-0.192000000,0.000000000
36.819000000,-0.181000000,0.000000000
36.831000000,-0.169000000,0.000000000
36.837000000,-0.163000000,0.000000000
36.847000000,-0.153000000,0.000000000
36.857000000,-0.143000000,0.000000000
36.870000000,-0.130000000,0.000000000
36.878000000,-0.122000000,0.000000000
36.883000000,-0.117000000,0.000000000
36.891000000,-0.109000000,0.000000000
36.899000000,-0.101000000,0.000000000
36.911000000,-0.089000000,0.000000000
36.923000000,-0.077000000,0.000000000
36.929000000,-0.071000000,0.000000000
36.938000000,-0.062000000,0.000000000
36.948000000,-0.052000000,0.000000000
36.957000000,-0.043000000,0.000000000
36.964000000,-0.036000000,0.000000000
36.975000000,-0.025000000,0.000000000
36.988000000,-0.012000000,0.000000000
37.002000000,0.002000000,0.000000000
37.006000000,0.006000000,0.000000000
37.013000000,0.013000000,0.000000000
37.027000000,0.027000000,0.000000000
37.041000000,0.041000000,0.000000000
37.052000000,0.052000000,0.000000000
37.067000000,0.067000000,0.000000000
37.083000000,0.083000000,0.000000000
37.097000000,0.097000000,0.000000000
37.104000000,0.104000000,0.000000000
37.115000000,0.115000000,0.000000000
37.123000000,0.123000000,0.000000000
37.136000000,0.136000000,0.000000000
37.141000000,0.141000000,0.000000000
37.149000000,0.149000000,0.000000000
37.159000000,0.159000000,0.000000000
37.164000000,0.164000000,0.000000000
37.177000000,0.177000000,0.000000000
37.191000000,0.191000000,0.000000000
37.201000000,0.201000000,0.000000000
37.204000000,0.204000000,0.000000000
37.217000000,0.217000000,0.000000000
37.227000000,0.227000000,0.000000000
37.232000000,0.232000000,0.000000000
37.236000000,0.236000000,0.000000000
37.245000000,0.245000000,0.000000000
37.253000000,0.253000000,0.000000000
37.259000000,0.259000000,0.000000000
37.269000000,0.269000000,0.000000000
37.282000000,0.282000000,0.000000000
37.295000000,0.295000000,0.000000000
37.307000000,0.307000000,0.000000000
37.319000000,0.319000000,0.000000000
37.326000000,0.326000000,0.000000000
37.336000000,0.336000000,0.000000000
37.349000000,0.349000000,0.000000000
37.361000000,0.361000000,0.000000000
37.373000000,0.373000000,0.000000000
37.386000000,0.386000000,0.000000000
37.400000000,0.400000000,0.000000000
37.414000000,0.414000000,0.000000000
37.425000000,0.425000000,0.000000000
37.437000000,0.437000000,0.000000000
37.451000000,0.451000000,0.000000000
37.468000000,0.468000000,0.000000000
37.480000000,0.480000000,0.000000000
37.493000000,0.493000000,0.000000000
37.502000000,0.502000000,0.000000000
37.517000000,0.517000000,0.000000000
37.526000000,0.526000000,0.000000000
37.536000000,0.536000000,0.000000000
37.541000000,0.541000000,0.000000000
37.547000000,0.547000000,0.000000000
37.557000000,0.557000000,0.000000000
37.570000000,0.570000000,0.000000000
37.580000000,0.580000000,0.000000000
37.591000000,0.591000000,0.000000000
37.601000000,0.601000000,0.000000000
37.610000000,0.610000000,0.000000000
37.619000000,0.619000000,0.000000000
37.623000000,0.623000000,0.000000000
37.634000000,0.634000000,0.000000000
37.647000000,0.647000000,0.000000000
37.657000000,0.657000000,0.000000000
37.667000000,0.667000000,0.000000000
37.673000000,0.673000000,0.000000000
37.683000000,0.683000000,0.000000000
37.693000000,0.693000000,0.000000000
37.708000000,0.708000000,0.000000000
37.723000000,0.723000000,0.000000000
37.736000000,0.736000000,0.000000000
37.745000000,0.745000000,0.000000000
37.753000000,0.753000000,0.000000000
37.763000000,0.763000000,0.000000000
37.774000000,0.774000000,0.000000000
37.784000000,0.784000000,0.000000000
37.793000000,0.793000000,0.000000000
37.802000000,0.802000000,0.000000000
37.809000000,0.809000000,0.000000000
37.816000000,0.816000000,0.000000000
37.824000000,0.824000000,0.000000000
37.836000000,0.836000000,0.000000000
37.843000000,0.843000000,0.000000000
37.852000000,0.852000000,0.000000000
37.865000000,0.865000000,0.000000000
37.882000000,0.882000000,0.000000000
37.894000000,0.894000000,0.000000000
37.907000000,0.907000000,0.000000000
37.915000000,0.915000000,0.000000000
37.923000000,0.923000000,0.000000000
37.933000000,0.933000000,0.000000000
37.947000000,0.947000000,0.000000000
37.963000000,0.963000000,0.000000000
37.977000000,0.977000000,0.000000000
37.986000000,0.986000000,0.000000000
37.998000000,0.998000000,0.000000000
38.009000000,1.009000000,0.000000000
38.023000000,1.023000000,0.000000000
38.032000000,1.032000000,0.000000000
38.040000000,1.040000000,0.000000000
38.051000000,1.051000000,0.000000000
38.063000000,1.063000000,0.000000000
38.080000000,1.080000000,0.000000000
38.090000000,1.090000000,0.000000000
38.103000000,1.103000000,0.000000000
38.109000000,1.109000000,0.000000000
38.117000000,1.117000000,0.000000000
38.129000000,1.129000000,0.000000000
38.141000000,1.141000000,0.000000000
38.155000000,1.155000000,0.000000000
38.162000000,1.162000000,0.000000000
38.168000000,1.168000000,0.000000000
38.182000000,1.182000000,0.000000000
38.195000000,1.195000000,0.000000000
38.203000000,1.203000000,0.000000000
38.212000000,1.212000000,0.000000000
38.224000000,1.224000000,0.000000000
38.237000000,1.237000000,0.000000000
38.249000000,1.249000000,0.000000000
38.257000000,1.257000000,0.000000000
38.268000000,1.268000000,0.000000000
38.278000000,1.278000000,0.000000000
38.289000000,1.289000000,0.000000000
38.301000000,1.301000000,0.000000000
38.314000000,1.314000000,0.000000000
38.329000000,1.329000000,0.000000000
38.336000000,1.336000000,0.000000000
38.349000000,1.349000000,0.000000000
38.356000000,1.356000000,0.000000000
38.373000000,1.373000000,0.000000000
38.387000000,1.387000000,0.000000000
38.399000000,1.399000000,0.000000000
38.410000000,1.410000000,0.000000000
38.425000000,1.425000000,0.000000000
38.435000000,1.435000000,0.000000000
38.445000000,1.445000000,0.000000000
38.457000000,1.457000000,0.000000000
38.468000000,1.468000000,0.000000000
38.484000000,1.484000000,0.000000000
38.494000000,1.494000000,0.000000000
38.511000000,1.511000000,0.000000000
38.520000000,1.520000000,0.000000000
38.526000000,1.526000000,0.000000000
38.539000000,1.539000000,0.000000000
38.549000000,1.549000000,0.000000000
38.558000000,1.558000000,0.000000000
38.566000000,1.566000000,0.000000000
38.575000000,1.575000000,0.000000000
38.581000000,1.581000000,0.000000000
38.587000000,1.587000000,0.000000000
38.594000000,1.594000000,0.000000000
38.601000000,1.601000000,0.000000000
38.613000000,1.613000000,0.000000000
38.620000000,1.620000000,0.000000000
38.625000000,1.625000000,0.000000000
38.635000000,1.635000000,0.000000000
38.644000000,1.644000000,0.000000000
38.654000000,1.654000000,0.000000000
38.662000000,1.662000000,0.000000000
38.669000000,1.669000000,0.000000000
38.682000000,1.682000000,0.000000000
38.694000000,1.694000000,0.000000000
38.701000000,1.701000000,0.000000000
38.709000000,1.709000000,0.000000000
38.716000000,1.716000000,0.000000000
38.727000000,1.727000000,0.000000000
38.738000000,1.738000000,0.000000000
38.743000000,1.743000000,0.000000000
38.753000000,1.753000000,0.000000000
38.756000000,1.756000000,0.000000000
38.762000000,1.762000000,0.000000000
38.773000000,1.773000000,0.000000000
38.788000000,1.788000000,0.000000000
38.800000000,1.800000000,0.000000000
38.804000000,1.804000000,0.000000000
38.813000000,1.813000000,0.000000000
38.821000000,1.821000000,0.000000000
38.831000000,1.831000000,0.000000000
38.838000000,1.838000000,0.000000000
38.843000000,1.843000000,0.000000000
38.848000000,1.848000000,0.000000000
38.857000000,1.857000000,0.000000000
38.866000000,1.866000000,0.000000000
38.874000000,1.874000000,0.000000000
38.884000000,1.884000000,0.000000000
38.890000000,1.890000000,0.000000000
38.903000000,1.903000000,0.000000000
38.912000000,1.912000000,0.000000000
38.918000000,1.918000000,0.000000000
38.927000000,1.927000000,0.000000000
38.934000000,1.934000000,0.000000000
38.940000000,1.940000000,0.000000000
38.947000000,1.947000000,0.000000000
38.963000000,1.963000000,0.000000000
38.976000000,1.976000000,0.000000000
38.988000000,1.988000000,0.000000000
38.995000000,1.995000000,0.000000000
39.001000000,2.001000000,0.000000000
39.015000000,2.015000000,0.000000000
39.033000000,2.033000000,0.000000000
39.047000000,2.047000000,0.000000000
39.059000000,2.059000000,0.000000000
39.065000000,2.065000000,0.000000000
39.072000000,2.072000000,0.000000000
39.082000000,2.082000000,0.000000000
39.094000000,2.094000000,0.000000000
39.102000000,2.102000000,0.000000000
39.117000000,2.117000000,0.000000000
39.131000000,2.131000000,0.000000000
39.138000000,2.138000000,0.000000000
39.152000000,2.152000000,0.000000000
39.163000000,2.163000000,0.000000000
39.176000000,2.176000000,0.000000000
39.190000000,2.190000000,0.000000000
39.200000000,2.200000000,0.000000000
39.210000000,2.210000000,0.000000000
39.217000000,2.217000000,0.000000000
39.229000000,2.229000000,0.000000000
39.237000000,2.237000000,0.000000000
39.247000000,2.247000000,0.000000000
39.263000000,2.263000000,0.000000000
39.276000000,2.276000000,0.000000000
39.286000000,2.286000000,0.000000000
39.300000000,2.300000000,0.000000000
39.314000000,2.314000000,0.000000000
39.326000000,2.326000000,0.000000000
39.331000000,2.331000000,0.000000000
39.345000000,2.345000000,0.000000000
39.359000000,2.359000000,0.000000000
39.367000000,2.367000000,0.000000000
39.373000000,2.373000000,0.000000000
39.379000000,2.379000000,0.000000000
39.384000000,2.384000000,0.000000000
39.400000000,2.400000000,0.000000000
39.405000000,2.405000000,0.000000000
39.412000000,2.412000000,0.000000000
39.422000000,2.422000000,0.000000000
39.428000000,2.428000000,0.000000000
39.439000000,2.439000000,0.000000000
39.450000000,2.450000000,0.000000000
39.458000000,2.458000000,0.000000000
39.466000000,2.466000000,0.000000000
39.474000000,2.474000000,0.000000000
39.483000000,2.483000000,0.000000000
39.488000000,2.488000000,0.000000000
39.501000000,2.501000000,0.000000000
39.508000000,2.508000000,0.000000000
39.514000000,2.514000000,0.000000000
39.520000000,2.520000000,0.000000000
39.528000000,2.528000000,0.000000000
39.541000000,2.541000000,0.000000000
39.549000000,2.549000000,0.000000000
39.561000000,2.561000000,0.000000000
39.576000000,2.576000000,0.000000000
39.589000000,2.589000000,0.000000000
39.600000000,2.600000000,0.000000000
39.613000000,2.613000000,0.000000000
39.623000000,2.623000000,0.000000000
39.634000000,2.634000000,0.000000000
39.648000000,2.648000000,0.000000000
39.661000000,2.661000000,0.000000000
39.673000000,2.673000000,0.000000000
39.682000000,2.682000000,0.000000000
39.690000000,2.690000000,0.000000000
39.700000000,2.700000000,0.000000000
39.710000000,2.710000000,0.000000000
39.720000000,2.720000000,0.000000000
39.728000000,2.728000000,0.000000000
39.740000000,2.740000000,0.000000000
39.744000000,2.744000000,0.000000000
39.752000000,2.752000000,0.000000000
39.766000000,2.766000000,0.000000000
39.780000000,2.780000000,0.000000000
39.794000000,2.794000000,0.000000000
39.800000000,2.800000000,0.000000000
39.808000000,2.808000000,0.000000000
39.825000000,2.825000000,0.000000000
39.839000000,2.839000000,0.000000000
39.845000000,2.845000000,0.000000000
39.852000000,2.852000000,0.000000000
39.864000000,2.864000000,0.000000000
39.870000000,2.870000000,0.000000000
39.880000000,2.880000000,0.000000000
39.892000000,2.892000000,0.000000000
39.900000000,2.900000000,0.000000000
39.907000000,2.907000000,0.000000000
39.914000000,2.914000000,0.000000000
39.923000000,2.923000000,0.000000000
39.934000000,2.934000000,0.000000000
39.941000000,2.941000000,0.000000000
39.946000000,2.946000000,0.000000000
39.955000000,2.955000000,0.000000000
39.962000000,2.962000000,0.000000000
39.971000000,2.971000000,0.000000000
39.977000000,2.977000000,0.000000000
39.983000000,2.983000000,0.000000000
39.990000000,2.990000000,0.000000000
39.998000000,2.998000000,0.000000000
40.003000000,3.003000000,0.000000000
40.014000000,3.014000000,0.000000000
40.025000000,3.025000000,0.000000000
40.036000000,3.036000000,0.000000000
40.046000000,3.046000000,0.000000000
40.056000000,3.056000000,0.000000000
40.064000000,3.064000000,0.000000000
40.077000000,3.077000000,0.000000000
40.093000000,3.093000000,0.000000000
40.106000000,3.106000000,0.000000000
40.119000000,3.119000000,0.000000000
40.131000000,3.131000000,0.000000000
40.141000000,3.141000000,0.000000000
40.154000000,3.154000000,0.000000000
40.168000000,3.168000000,0.000000000
40.178000000,3.178000000,0.000000000
40.186000000,3.186000000,0.000000000
40.196000000,3.196000000,0.000000000
40.205000000,3.205000000,0.000000000
40.212000000,3.212000000,0.000000000
40.221000000,3.221000000,0.000000000
40.227000000,3.227000000,0.000000000
40.234000000,3.234000000,0.000000000
40.246000000,3.246000000,0.000000000
40.253000000,3.253000000,0.000000000
40.266000000,3.266000000,0.000000000
40.275000000,3.275000000,0.000000000
40.279000000,3.279000000,0.000000000
40.290000000,3.290000000,0.000000000
40.297000000,3.297000000,0.000000000
40.310000000,3.310000000,0.000000000
40.320000000,3.320000000,0.000000000
40.328000000,3.328000000,0.000000000
40.340000000,3.340000000,0.000000000
40.344000000,3.344000000,0.000000000
40.348000000,3.348000000,0.000000000
40.355000000,3.355000000,0.000000000
40.368000000,3.368000000,0.000000000
40.375000000,3.375000000,0.000000000
40.386000000,3.386000000,0.000000000
40.396000000,3.396000000,0.000000000
40.405000000,3.405000000,0.000000000
40.411000000,3.411000000,0.000000000
40.421000000,3.421000000,0.000000000
40.433000000,3.433000000,0.000000000
40.446000000,3.446000000,0.000000000
40.460000000,3.460000000,0.000000000
40.474000000,3.474000000,0.000000000
40.487000000,3.487000000,0.000000000
40.497000000,3.497000000,0.000000000
40.509000000,3.509000000,0.000000000
40.521000000,3.521000000,0.000000000
40.537000000,3.537000000,0.000000000
40.550000000,3.550000000,0.000000000
40.560000000,3.560000000,0.000000000
40.570000000,3.570000000,0.000000000
40.580000000,3.580000000,0.000000000
40.593000000,3.593000000,0.000000000
40.603000000,3.603000000,0.000000000
40.615000000,3.615000000,0.000000000
40.625000000,3.625000000,0.000000000
40.637000000,3.637000000,0.000000000
40.653000000,3.653000000,0.000000000
40.671000000,3.671000000,0.000000000
40.687000000,3.687000000,0.000000000
40.698000000,3.698000000,0.000000000
40.706000000,3.706000000,0.000000000
40.717000000,3.717000000,0.000000000
40.728000000,3.728000000,0.000000000
40.740000000,3.740000000,0.000000000
40.754000000,3.754000000,0.000000000
40.764000000,3.764000000,0.000000000
40.778000000,3.778000000,0.000000000
40.792000000,3.792000000,0.000000000
40.804000000,3.804000000,0.000000000
40.816000000,3.816000000,0.000000000
40.828000000,3.828000000,0.000000000
40.838000000,3.838000000,0.000000000
40.850000000,3.850000000,0.000000000
40.861000000,3.861000000,0.000000000
40.873000000,3.873000000,0.000000000
40.885000000,3.885000000,0.000000000
40.899000000,3.899000000,0.000000000
40.912000000,3.912000000,0.000000000
40.922000000,3.922000000,0.000000000
40.935000000,3.935000000,0.000000000
40.940000000,3.940000000,0.000000000
40.945000000,3.945000000,0.000000000
40.956000000,3.956000000,0.000000000
40.969000000,3.969000000,0.000000000
40.981000000,3.981000000,0.000000000
40.991000000,3.991000000,0.000000000
41.003000000,4.003000000,0.000000000
41.007000000,4.007000000,0.000000000
41.016000000,4.016000000,0.000000000
41.032000000,4.032000000,0.000000000
41.044000000,4.044000000,0.000000000
41.058000000,4.058000000,0.000000000
41.066000000,4.066000000,0.000000000
41.080000000,4.080000000,0.000000000
41.090000000,4.090000000,0.000000000
41.105000000,4.105000000,0.000000000
41.118000000,4.118000000,0.000000000
41.128000000,4.128000000,0.000000000
41.138000000,4.138000000,0.000000000
41.143000000,4.143000000,0.000000000
41.153000000,4.153000000,0.000000000
41.165000000,4.165000000,0.000000000
41.174000000,4.174000000,0.000000000
41.187000000,4.187000000,0.000000000
41.197000000,4.197000000,0.000000000
41.205000000,4.205000000,0.000000000
41.213000000,4.213000000,0.000000000
41.223000000,4.223000000,0.000000000
41.232000000,4.232000000,0.000000000
41.240000000,4.240000000,0.000000000
41.248000000,4.248000000,0.000000000
41.258000000,4.258000000,0.000000000
41.267000000,4.267000000,0.000000000
41.278000000,4.278000000,0.000000000
41.288000000,4.288000000,0.000000000
41.292000000,4.292000000,0.000000000
41.298000000,4.298000000,0.000000000
41.311000000,4.311000000,0.000000000
41.325000000,4.325000000,0.000000000
41.339000000,4.339000000,0.000000000
41.350000000,4.350000000,0.000000000
41.365000000,4.365000000,0.000000000
41.375000000,4.375000000,0.000000000
41.384000000,4.384000000,0.000000000
41.394000000,4.394000000,0.000000000
41.403000000,4.403000000,0.000000000
41.408000000,4.408000000,0.000000000
41.418000000,4.418000000,0.000000000
41.431000000,4.431000000,0.000000000
41.438000000,4.438000000,0.000000000
41.450000000,4.450000000,0.000000000
41.459000000,4.459000000,0.000000000
41.471000000,4.471000000,0.000000000
41.477000000,4.477000000,0.000000000
41.488000000,4.488000000,0.000000000
41.500000000,4.500000000,0.000000000
41.506000000,4.506000000,0.000000000
41.518000000,4.518000000,0.000000000
41.534000000,4.534000000,0.000000000
41.545000000,4.545000000,0.000000000
41.553000000,4.553000000,0.000000000
41.564000000,4.564000000,0.000000000
41.577000000,4.577000000,0.000000000
41.588000000,4.588000000,0.000000000
41.597000000,4.597000000,0.000000000
41.605000000,4.605000000,0.000000000
41.615000000,4.615000000,0.000000000
41.623000000,4.623000000,0.000000000
41.640000000,4.640000000,0.000000000
41.649000000,4.649000000,0.000000000
41.662000000,4.662000000,0.000000000
41.670000000,4.670000000,0.000000000
41.678000000,4.678000000,0.000000000
41.684000000,4.684000000,0.000000000
41.693000000,4.693000000,0.000000000
41.704000000,4.704000000,0.000000000
41.718000000,4.718000000,0.000000000
41.729000000,4.729000000,0.000000000
41.739000000,4.739000000,0.000000000
41.750000000,4.750000000,0.000000000
41.760000000,4.760000000,0.000000000
41.771000000,4.771000000,0.000000000
41.783000000,4.783000000,0.000000000
41.791000000,4.791000000,0.000000000
41.803000000,4.803000000,0.000000000
41.812000000,4.812000000,0.000000000
41.823000000,4.823000000,0.000000000
41.835000000,4.835000000,0.000000000
41.846000000,4.846000000,0.000000000
41.855000000,4.855000000,0.000000000
41.864000000,4.864000000,0.000000000
41.877000000,4.877000000,0.000000000
41.889000000,4.889000000,0.000000000
41.903000000,4.903000000,0.000000000
41.912000000,4.912000000,0.000000000
41.920000000,4.920000000,0.000000000
41.932000000,4.932000000,0.000000000
41.947000000,4.947000000,0.000000000
41.960000000,4.960000000,0.000000000
41.974000000,4.974000000,0.000000000
41.981000000,4.981000000,0.000000000
41.988000000,4.988000000,0.000000000
41.998000000,4.998000000,0.000000000
42.004000000,4.996000000,0.000000000
42.015000000,4.985000000,0.000000000
42.028000000,4.972000000,0.000000000
42.038000000,4.962000000,0.000000000
42.050000000,4.950000000,0.000000000
42.064000000,4.936000000,0.000000000
42.076000000,4.924000000,0.000000000
42.089000000,4.911000000,0.000000000
42.099000000,4.901000000,0.000000000
42.111000000,4.889000000,0.000000000
42.121000000,4.879000000,0.000000000
42.133000000,4.867000000,0.000000000
42.149000000,4.851000000,0.000000000
42.166000000,4.834000000,0.000000000
42.177000000,4.823000000,0.000000000
42.188000000,4.812000000,0.000000000
42.196000000,4.804000000,0.000000000
42.206000000,4.794000000,0.000000000
42.215000000,4.785000000,0.000000000
42.229000000,4.771000000,0.000000000
42.238000000,4.762000000,0.000000000
42.247000000,4.753000000,0.000000000
42.259000000,4.741000000,0.000000000
42.276000000,4.724000000,0.000000000
42.292000000,4.708000000,0.000000000
42.305000000,4.695000000,0.000000000
42.314000000,4.686000000,0.000000000
42.318000000,4.682000000,0.000000000
42.328000000,4.672000000,0.000000000
42.337000000,4.663000000,0.000000000
42.353000000,4.647000000,0.000000000
42.362000000,4.638000000,0.000000000
42.370000000,4.630000000,0.000000000
42.383000000,4.617000000,0.000000000
42.398000000,4.602000000,0.000000000
42.408000000,4.592000000,0.000000000
42.420000000,4.580000000,0.000000000
42.435000000,4.565000000,0.000000000
42.449000000,4.551000000,0.000000000
42.460000000,4.540000000,0.000000000
42.468000000,4.532000000,0.000000000
42.480000000,4.520000000,0.000000000
42.494000000,4.506000000,0.000000000
42.507000000,4.493000000,0.000000000
42.519000000,4.481000000,0.000000000
42.534000000,4.466000000,0.000000000
42.552000000,4.448000000,0.000000000
42.568000000,4.432000000,0.000000000
42.583000000,4.417000000,0.000000000
42.592000000,4.408000000,0.000000000
42.604000000,4.396000000,0.000000000
42.615000000,4.385000000,0.000000000
42.626000000,4.374000000,0.000000000
42.637000000,4.363000000,0.000000000
42.650000000,4.350000000,0.000000000
42.661000000,4.339000000,0.000000000
42.667000000,4.333000000,0.000000000
42.678000000,4.322000000,0.000000000
42.692000000,4.308000000,0.000000000
42.701000000,4.299000000,0.000000000
42.715000000,4.285000000,0.000000000
42.731000000,4.269000000,0.000000000
42.740000000,4.260000000,0.000000000
42.757000000,4.243000000,0.000000000
42.769000000,4.231000000,0.000000000
42.777000000,4.223000000,0.000000000
42.785000000,4.215000000,0.000000000
42.793000000,4.207000000,0.000000000
42.806000000,4.194000000,0.000000000
42.814000000,4.186000000,0.000000000
42.817000000,4.183000000,0.000000000
42.824000000,4.176000000,0.000000000
42.831000000,4.169000000,0.000000000
42.840000000,4.160000000,0.000000000
42.848000000,4.152000000,0.000000000
42.851000000,4.149000000,0.000000000
42.858000000,4.142000000,0.000000000
42.866000000,4.134000000,0.000000000
42.870000000,4.130000000,0.000000000
42.880000000,4.120000000,0.000000000
42.889000000,4.111000000,0.000000000
42.901000000,4.099000000,0.000000000
42.904000000,4.096000000,0.000000000
42.919000000,4.081000000,0.000000000
42.931000000,4.069000000,0.000000000
42.938000000,4.062000000,0.000000000
42.948000000,4.052000000,0.000000000
42.954000000,4.046000000,0.000000000
42.962000000,4.038000000,0.000000000
42.974000000,4.026000000,0.000000000
42.987000000,4.013000000,0.000000000
43.987000000,4.000000000,0.000000000
43.005000000,3.995000000,0.000000000
43.011000000,3.989000000,0.000000000
43.020000000,3.980000000,0.000000000
43.035000000,3.965000000,0.000000000
43.046000000,3.954000000,0.000000000
43.058000000,3.942000000,0.000000000
43.070000000,3.930000000,0.000000000
43.081000000,3.919000000,0.000000000
43.090000000,3.910000000,0.000000000
43.101000000,3.899000000,0.000000000
43.109000000,3.891000000,0.000000000
43.121000000,3.879000000,0.000000000
43.126000000,3.874000000,0.000000000
43.137000000,3.863000000,0.000000000
43.149000000,3.851000000,0.000000000
43.159000000,3.841000000,0.000000000
43.173000000,3.827000000,0.000000000
43.186000000,3.814000000,0.000000000
43.199000000,3.801000000,0.000000000
43.210000000,3.790000000,0.000000000
43.224000000,3.776000000,0.000000000
43.232000000,3.768000000,0.000000000
43.246000000,3.754000000,0.000000000
43.254000000,3.746000000,0.000000000
43.266000000,3.734000000,0.000000000
43.272000000,3.728000000,0.000000000
43.281000000,3.719000000,0.000000000
43.287000000,3.713000000,0.000000000
43.292000000,3.708000000,0.000000000
43.303000000,3.697000000,0.000000000
43.315000000,3.685000000,0.000000000
43.325000000,3.675000000,0.000000000
43.337000000,3.663000000,0.000000000
43.344000000,3.656000000,0.000000000
43.353000000,3.647000000,0.000000000
43.364000000,3.636000000,0.000000000
43.374000000,3.626000000,0.000000000
43.383000000,3.617000000,0.000000000
43.392000000,3.608000000,0.000000000
43.398000000,3.602000000,0.000000000
43.408000000,3.592000000,0.000000000
43.419000000,3.581000000,0.000000000
43.430000000,3.570000000,0.000000000
43.438000000,3.562000000,0.000000000
43.447000000,3.553000000,0.000000000
43.456000000,3.544000000,0.000000000
43.465000000,3.535000000,0.000000000
43.478000000,3.522000000,0.000000000
43.490000000,3.510000000,0.000000000
43.497000000,3.503000000,0.000000000
43.503000000,3.497000000,0.000000000
43.520000000,3.480000000,0.000000000
43.534000000,3.466000000,0.000000000
43.545000000,3.455000000,0.000000000
43.553000000,3.447000000,0.000000000
43.565000000,3.435000000,0.000000000
43.578000000,3.422000000,0.000000000
43.595000000,3.405000000,0.000000000
43.607000000,3.393000000,0.000000000
43.613000000,3.387000000,0.000000000
43.627000000,3.373000000,0.000000000
43.642000000,3.358000000,0.000000000
43.657000000,3.343000000,0.000000000
43.670000000,3.330000000,0.000000000
43.683000000,3.317000000,0.000000000
43.698000000,3.302000000,0.000000000
43.710000000,3.290000000,0.000000000
43.722000000,3.278000000,0.000000000
43.738000000,3.262000000,0.000000000
43.756000000,3.244000000,0.000000000
43.770000000,3.230000000,0.000000000
43.785000000,3.215000000,0.000000000
43.796000000,3.204000000,0.000000000
43.807000000,3.193000000,0.000000000
43.818000000,3.182000000,0.000000000
43.830000000,3.170000000,0.000000000
43.847000000,3.153000000,0.000000000
43.855000000,3.145000000,0.000000000
43.862000000,3.138000000,0.000000000
43.868000000,3.132000000,0.000000000
43.881000000,3.119000000,0.000000000
43.898000000,3.102000000,0.000000000
43.910000000,3.090000000,0.000000000
43.924000000,3.076000000,0.000000000
43.936000000,3.064000000,0.000000000
43.950000000,3.050000000,0.000000000
43.965000000,3.035000000,0.000000000
43.982000000,3.018000000,0.000000000
43.999000000,3.001000000,0.000000000
44.007000000,2.993000000,0.000000000
44.016000000,2.984000000,0.000000000
44.032000000,2.968000000,0.000000000
44.041000000,2.959000000,0.000000000
44.050000000,2.950000000,0.000000000
44.063000000,2.937000000,0.000000000
44.080000000,2.920000000,0.000000000
44.088000000,2.912000000,0.000000000
44.099000000,2.901000000,0.000000000
44.112000000,2.888000000,0.000000000
44.119000000,2.881000000,0.000000000
44.127000000,2.873000000,0.000000000
44.138000000,2.862000000,0.000000000
44.146000000,2.854000000,0.000000000
44.157000000,2.843000000,0.000000000
44.168000000,2.832000000,0.000000000
44.183000000,2.817000000,0.000000000
44.195000000,2.805000000,0.000000000
44.202000000,2.798000000,0.000000000
44.213000000,2.787000000,0.000000000
44.222000000,2.778000000,0.000000000
44.231000000,2.769000000,0.000000000
44.241000000,2.759000000,0.000000000
44.252000000,2.748000000,0.000000000
44.262000000,2.738000000,0.000000000
44.276000000,2.724000000,0.000000000
44.293000000,2.707000000,0.000000000
44.304000000,2.696000000,0.000000000
44.316000000,2.684000000,0.000000000
44.322000000,2.678000000,0.000000000
44.332000000,2.668000000,0.000000000
44.346000000,2.654000000,0.000000000
44.363000000,2.637000000,0.000000000
44.379000000,2.621000000,0.000000000
44.387000000,2.613000000,0.000000000
44.392000000,2.608000000,0.000000000
44.400000000,2.600000000,0.000000000
44.407000000,2.593000000,0.000000000
44.417000000,2.583000000,0.000000000
44.423000000,2.577000000,0.000000000
44.430000000,2.570000000,0.000000000
44.434000000,2.566000000,0.000000000
44.443000000,2.557000000,0.000000000
44.454000000,2.546000000,0.000000000
44.458000000,2.542000000,0.000000000
44.469000000,2.531000000,0.000000000
44.476000000,2.524000000,0.000000000
44.483000000,2.517000000,0.000000000
44.488000000,2.512000000,0.000000000
44.496000000,2.504000000,0.000000000
44.502000000,2.498000000,0.000000000
44.516000000,2.484000000,0.000000000
44.526000000,2.474000000,0.000000000
44.540000000,2.460000000,0.000000000
44.554000000,2.446000000,0.000000000
44.569000000,2.431000000,0.000000000
44.578000000,2.422000000,0.000000000
44.588000000,2.412000000,0.000000000
44.599000000,2.401000000,0.000000000
44.608000000,2.392000000,0.000000000
44.622000000,2.378000000,0.000000000
44.633000000,2.367000000,0.000000000
44.646000000,2.354000000,0.000000000
44.660000000,2.340000000,0.000000000
44.676000000,2.324000000,0.000000000
44.693000000,2.307000000,0.000000000
44.703000000,2.297000000,0.000000000
44.716000000,2.284000000,0.000000000
44.726000000,2.274000000,0.000000000
44.741000000,2.259000000,0.000000000
44.754000000,2.246000000,0.000000000
44.764000000,2.236000000,0.000000000
44.776000000,2.224000000,0.000000000
44.784000000,2.216000000,0.000000000
44.796000000,2.204000000,0.000000000
44.807000000,2.193000000,0.000000000
44.820000000,2.180000000,0.000000000
44.832000000,2.168000000,0.000000000
44.840000000,2.160000000,0.000000000
44.851000000,2.149000000,0.000000000
44.864000000,2.136000000,0.000000000
44.880000000,2.120000000,0.000000000
44.894000000,2.106000000,0.000000000
44.901000000,2.099000000,0.000000000
44.910000000,2.090000000,0.000000000
44.920000000,2.080000000,0.000000000
44.934000000,2.066000000,0.000000000
44.938000000,2.062000000,0.000000000
44.947000000,2.053000000,0.000000000
44.952000000,2.048000000,0.000000000
44.967000000,2.033000000,0.000000000
44.975000000,2.025000000,0.000000000
44.983000000,2.017000000,0.000000000
44.993000000,2.007000000,0.000000000
45.993000000,2.000000000,0.000000000
45.008000000,1.992000000,0.000000000
45.017000000,1.983000000,0.000000000
45.026000000,1.974000000,0.000000000
45.035000000,1.965000000,0.000000000
45.043000000,1.957000000,0.000000000
45.053000000,1.947000000,0.000000000
45.065000000,1.935000000,0.000000000
45.076000000,1.924000000,0.000000000
45.085000000,1.915000000,0.000000000
45.097000000,1.903000000,0.000000000
45.101000000,1.899000000,0.000000000
45.105000000,1.895000000,0.000000000
45.115000000,1.885000000,0.000000000
45.128000000,1.872000000,0.000000000
45.135000000,1.865000000,0.000000000
45.149000000,1.851000000,0.000000000
45.164000000,1.836000000,0.000000000
45.180000000,1.820000000,0.000000000
45.193000000,1.807000000,0.000000000
45.202000000,1.798000000,0.000000000
45.208000000,1.792000000,0.000000000
45.217000000,1.783000000,0.000000000
45.225000000,1.775000000,0.000000000
45.241000000,1.759000000,0.000000000
45.255000000,1.745000000,0.000000000
45.270000000,1.730000000,0.000000000
45.285000000,1.715000000,0.000000000
45.298000000,1.702000000,0.000000000
45.308000000,1.692000000,0.000000000
45.321000000,1.679000000,0.000000000
45.335000000,1.665000000,0.000000000
45.348000000,1.652000000,0.000000000
45.366000000,1.634000000,0.000000000
45.379000000,1.621000000,0.000000000
45.397000000,1.603000000,0.000000000
45.410000000,1.590000000,0.000000000
45.424000000,1.576000000,0.000000000
45.440000000,1.560000000,0.000000000
45.453000000,1.547000000,0.000000000
45.467000000,1.533000000,0.000000000
45.479000000,1.521000000,0.000000000
45.495000000,1.505000000,0.000000000
45.510000000,1.490000000,0.000000000
45.528000000,1.472000000,0.000000000
45.544000000,1.456000000,0.000000000
45.550000000,1.450000000,0.000000000
45.564000000,1.436000000,0.000000000
45.572000000,1.428000000,0.000000000
45.586000000,1.414000000,0.000000000
45.602000000,1.398000000,0.000000000
45.612000000,1.388000000,0.000000000
45.621000000,1.379000000,0.000000000
45.633000000,1.367000000,0.000000000
45.649000000,1.351000000,0.000000000
45.663000000,1.337000000,0.000000000
45.669000000,1.331000000,0.000000000
45.673000000,1.327000000,0.000000000
45.685000000,1.315000000,0.000000000
45.700000000,1.300000000,0.000000000
45.711000000,1.289000000,0.000000000
45.728000000,1.272000000,0.000000000
45.745000000,1.255000000,0.000000000
45.759000000,1.241000000,0.000000000
45.774000000,1.226000000,0.000000000
45.788000000,1.212000000,0.000000000
45.796000000,1.204000000,0.000000000
45.802000000,1.198000000,0.000000000
45.807000000,1.193000000,0.000000000
45.813000000,1.187000000,0.000000000
45.824000000,1.176000000,0.000000000
45.832000000,1.168000000,0.000000000
45.838000000,1.162000000,0.000000000
45.844000000,1.156000000,0.000000000
45.849000000,1.151000000,0.000000000
45.855000000,1.145000000,0.000000000
45.864000000,1.136000000,0.000000000
45.877000000,1.123000000,0.000000000
45.886000000,1.114000000,0.000000000
45.894000000,1.106000000,0.000000000
45.906000000,1.094000000,0.000000000
45.919000000,1.081000000,0.000000000
45.930000000,1.070000000,0.000000000
45.942000000,1.058000000,0.000000000
45.956000000,1.044000000,0.000000000
45.968000000,1.032000000,0.000000000
45.982000000,1.018000000,0.000000000
45.994000000,1.006000000,0.000000000
46.003000000,0.997000000,0.000000000
46.008000000,0.992000000,0.000000000
46.016000000,0.984000000,0.000000000
46.027000000,0.973000000,0.000000000
46.036000000,0.964000000,0.000000000
46.042000000,0.958000000,0.000000000
46.048000000,0.952000000,0.000000000
46.057000000,0.943000000,0.000000000
46.065000000,0.935000000,0.000000000
46.073000000,0.927000000,0.000000000
46.080000000,0.920000000,0.000000000
46.092000000,0.908000000,0.000000000
46.103000000,0.897000000,0.000000000
46.119000000,0.881000000,0.000000000
46.128000000,0.872000000,0.000000000
46.138000000,0.862000000,0.000000000
46.149000000,0.851000000,0.000000000
46.164000000,0.836000000,0.000000000
46.181000000,0.819000000,0.000000000
46.185000000,0.815000000,0.000000000
46.193000000,0.807000000,0.000000000
46.199000000,0.801000000,0.000000000
46.208000000,0.792000000,0.000000000
46.220000000,0.780000000,0.000000000
46.232000000,0.768000000,0.000000000
46.240000000,0.760000000,0.000000000
46.248000000,0.752000000,0.000000000
46.255000000,0.745000000,0.000000000
46.268000000,0.732000000,0.000000000
46.278000000,0.722000000,0.000000000
46.286000000,0.714000000,0.000000000
46.300000000,0.700000000,0.000000000
46.313000000,0.687000000,0.000000000
46.323000000,0.677000000,0.000000000
46.338000000,0.662000000,0.000000000
46.348000000,0.652000000,0.000000000
46.363000000,0.637000000,0.000000000
46.377000000,0.623000000,0.000000000
46.388000000,0.612000000,0.000000000
46.401000000,0.599000000,0.000000000
46.410000000,0.590000000,0.000000000
46.416000000,0.584000000,0.000000000
46.425000000,0.575000000,0.000000000
46.436000000,0.564000000,0.000000000
46.449000000,0.551000000,0.000000000
46.460000000,0.540000000,0.000000000
46.477000000,0.523000000,0.000000000
46.487000000,0.513000000,0.000000000
46.504000000,0.496000000,0.000000000
46.516000000,0.484000000,0.000000000
46.528000000,0.472000000,0.000000000
46.541000000,0.459000000,0.000000000
46.553000000,0.447000000,0.000000000
46.560000000,0.440000000,0.000000000
46.569000000,0.431000000,0.000000000
46.583000000,0.417000000,0.000000000
46.599000000,0.401000000,0.000000000
46.608000000,0.392000000,0.000000000
46.620000000,0.380000000,0.000000000
46.631000000,0.369000000,0.000000000
46.643000000,0.357000000,0.000000000
46.654000000,0.346000000,0.000000000
46.662000000,0.338000000,0.000000000
46.672000000,0.328000000,0.000000000
46.688000000,0.312000000,0.000000000
46.695000000,0.305000000,0.000000000
46.707000000,0.293000000,0.000000000
46.718000000,0.282000000,0.000000000
46.734000000,0.266000000,0.000000000
46.744000000,0.256000000,0.000000000
46.753000000,0.247000000,0.000000000
46.766000000,0.234000000,0.000000000
46.776000000,0.224000000,0.000000000
46.781000000,0.219000000,0.000000000
46.795000000,0.205000000,0.000000000
46.805000000,0.195000000,0.000000000
46.815000000,0.185000000,0.000000000
46.824000000,0.176000000,0.000000000
46.840000000,0.160000000,0.000000000
46.855000000,0.145000000,0.000000000
46.871000000,0.129000000,0.000000000
46.884000000,0.116000000,0.000000000
46.893000000,0.107000000,0.000000000
46.905000000,0.095000000,0.000000000
46.918000000,0.082000000,0.000000000
46.927000000,0.073000000,0.000000000
46.941000000,0.059000000,0.000000000
46.955000000,0.045000000,0.000000000
46.968000000,0.032000000,0.000000000
46.983000000,0.017000000,0.000000000
46.993000000,0.007000000,0.000000000
47.005000000,-0.005000000,0.000000000
47.014000000,-0.014000000,0.000000000
47.025000000,-0.025000000,0.000000000
47.029000000,-0.029000000,0.000000000
47.038000000,-0.038000000,0.000000000
47.048000000,-0.048000000,0.000000000
47.058000000,-0.058000000,0.000000000
47.068000000,-0.068000000,0.000000000
47.077000000,-0.077000000,0.000000000
47.083000000,-0.083000000,0.000000000
47.090000000,-0.090000000,0.000000000
47.097000000,-0.097000000,0.000000000
47.109000000,-0.109000000,0.000000000
47.119000000,-0.119000000,0.000000000
47.130000000,-0.130000000,0.000000000
47.140000000,-0.140000000,0.000000000
47.146000000,-0.146000000,0.000000000
47.155000000,-0.155000000,0.000000000
47.165000000,-0.165000000,0.000000000
47.173000000,-0.173000000,0.000000000
47.180000000,-0.180000000,0.000000000
47.190000000,-0.190000000,0.000000000
47.199000000,-0.199000000,0.000000000
47.213000000,-0.213000000,0.000000000
47.228000000,-0.228000000,0.000000000
47.237000000,-0.237000000,0.000000000
47.243000000,-0.243000000,0.000000000
47.255000000,-0.255000000,0.000000000
47.263000000,-0.263000000,0.000000000
47.276000000,-0.276000000,0.000000000
47.294000000,-0.294000000,0.000000000
47.307000000,-0.307000000,0.000000000
47.313000000,-0.313000000,0.000000000
47.326000000,-0.326000000,0.000000000
47.334000000,-0.334000000,0.000000000
47.343000000,-0.343000000,0.000000000
47.357000000,-0.357000000,0.000000000
47.367000000,-0.367000000,0.000000000
47.379000000,-0.379000000,0.000000000
47.389000000,-0.389000000,0.000000000
47.397000000,-0.397000000,0.000000000
47.405000000,-0.405000000,0.000000000
47.418000000,-0.418000000,0.000000000
47.423000000,-0.423000000,0.000000000
47.434000000,-0.434000000,0.000000000
47.448000000,-0.448000000,0.000000000
47.461000000,-0.461000000,0.000000000
47.475000000,-0.475000000,0.000000000
47.482000000,-0.482000000,0.000000000
47.494000000,-0.494000000,0.000000000
47.504000000,-0.504000000,0.000000000
47.512000000,-0.512000000,0.000000000
47.525000000,-0.525000000,0.000000000
47.535000000,-0.535000000,0.000000000
47.549000000,-0.549000000,0.000000000
47.566000000,-0.566000000,0.000000000
47.583000000,-0.583000000,0.000000000
47.592000000,-0.592000000,0.000000000
47.597000000,-0.597000000,0.000000000
47.607000000,-0.607000000,0.000000000
47.611000000,-0.611000000,0.000000000
47.621000000,-0.621000000,0.000000000
47.634000000,-0.634000000,0.000000000
47.642000000,-0.642000000,0.000000000
47.657000000,-0.657000000,0.000000000
47.666000000,-0.666000000,0.000000000
47.676000000,-0.676000000,0.000000000
47.683000000,-0.683000000,0.000000000
47.691000000,-0.691000000,0.000000000
47.699000000,-0.699000000,0.000000000
47.712000000,-0.712000000,0.000000000
47.727000000,-0.727000000,0.000000000
47.737000000,-0.737000000,0.000000000
47.752000000,-0.752000000,0.000000000
47.762000000,-0.762000000,0.000000000
47.768000000,-0.768000000,0.000000000
47.776000000,-0.776000000,0.000000000
47.781000000,-0.781000000,0.000000000
47.792000000,-0.792000000,0.000000000
47.799000000,-0.799000000,0.000000000
47.809000000,-0.809000000,0.000000000
47.817000000,-0.817000000,0.000000000
47.822000000,-0.822000000,0.000000000
47.832000000,-0.832000000,0.000000000
47.842000000,-0.842000000,0.000000000
47.852000000,-0.852000000,0.000000000
47.858000000,-0.858000000,0.000000000
47.864000000,-0.864000000,0.000000000
47.871000000,-0.871000000,0.000000000
47.888000000,-0.888000000,0.000000000
47.899000000,-0.899000000,0.000000000
47.907000000,-0.907000000,0.000000000
47.918000000,-0.918000000,0.000000000
47.930000000,-0.930000000,0.000000000
47.940000000,-0.940000000,0.000000000
47.955000000,-0.955000000,0.000000000
47.964000000,-0.964000000,0.000000000
47.976000000,-0.976000000,0.000000000
47.989000000,-0.989000000,0.000000000
48.989000000,-1.000000000,0.000000000
48.004000000,-0.996000000,0.000000000
48.014000000,-0.986000000,0.000000000
48.026000000,-0.974000000,0.000000000
48.036000000,-0.964000000,0.000000000
48.047000000,-0.953000000,0.000000000
48.056000000,-0.944000000,0.000000000
48.062000000,-0.938000000,0.000000000
48.071000000,-0.929000000,0.000000000
48.078000000,-0.922000000,0.000000000
48.090000000,-0.910000000,0.000000000
48.101000000,-0.899000000,0.000000000
48.113000000,-0.887000000,0.000000000
48.130000000,-0.870000000,0.000000000
48.145000000,-0.855000000,0.000000000
48.157000000,-0.843000000,0.000000000
48.171000000,-0.829000000,0.000000000
48.185000000,-0.815000000,0.000000000
48.195000000,-0.805000000,0.000000000
48.202000000,-0.798000000,0.000000000
48.208000000,-0.792000000,0.000000000
48.218000000,-0.782000000,0.000000000
48.222000000,-0.778000000,0.000000000
48.234000000,-0.766000000,0.000000000
48.244000000,-0.756000000,0.000000000
48.253000000,-0.747000000,0.000000000
48.261000000,-0.739000000,0.000000000
48.269000000,-0.731000000,0.000000000
48.280000000,-0.720000000,0.000000000
48.291000000,-0.709000000,0.000000000
48.300000000,-0.700000000,0.000000000
48.312000000,-0.688000000,0.000000000
48.318000000,-0.682000000,0.000000000
48.329000000,-0.671000000,0.000000000
48.338000000,-0.662000000,0.000000000
48.349000000,-0.651000000,0.000000000
48.362000000,-0.638000000,0.000000000
48.369000000,-0.631000000,0.000000000
48.375000000,-0.625000000,0.000000000
48.385000000,-0.615000000,0.000000000
48.398000000,-0.602000000,0.000000000
48.405000000,-0.595000000,0.000000000
48.412000000,-0.588000000,0.000000000
48.422000000,-0.578000000,0.000000000
48.434000000,-0.566000000,0.000000000
48.443000000,-0.557000000,0.000000000
48.452000000,-0.548000000,0.000000000
48.462000000,-0.538000000,0.000000000
48.472000000,-0.528000000,0.000000000
48.481000000,-0.519000000,0.000000000
48.490000000,-0.510000000,0.000000000
48.497000000,-0.503000000,0.000000000
48.502000000,-0.498000000,0.000000000
48.512000000,-0.488000000,0.000000000
48.520000000,-0.480000000,0.000000000
48.532000000,-0.468000000,0.000000000
48.540000000,-0.460000000,0.000000000
48.551000000,-0.449000000,0.000000000
48.563000000,-0.437000000,0.000000000
48.576000000,-0.424000000,0.000000000
48.586000000,-0.414000000,0.000000000
48.598000000,-0.402000000,0.000000000
48.605000000,-0.395000000,0.000000000
48.614000000,-0.386000000,0.000000000
48.620000000,-0.380000000,0.000000000
48.627000000,-0.373000000,0.000000000
48.634000000,-0.366000000,0.000000000
48.644000000,-0.356000000,0.000000000
48.654000000,-0.346000000,0.000000000
48.662000000,-0.338000000,0.000000000
48.672000000,-0.328000000,0.000000000
48.682000000,-0.318000000,0.000000000
48.694000000,-0.306000000,0.000000000
48.700000000,-0.300000000,0.000000000
48.712000000,-0.288000000,0.000000000
48.723000000,-0.277000000,0.000000000
48.730000000,-0.270000000,0.000000000
48.741000000,-0.259000000,0.000000000
48.755000000,-0.245000000,0.000000000
48.765000000,-0.235000000,0.000000000
48.779000000,-0.221000000,0.000000000
48.788000000,-0.212000000,0.000000000
48.799000000,-0.201000000,0.000000000
48.807000000,-0.193000000,0.000000000
48.820000000,-0.180000000,0.000000000
48.832000000,-0.168000000,0.000000000
48.844000000,-0.156000000,0.000000000
48.856000000,-0.144000000,0.000000000
48.862000000,-0.138000000,0.000000000
48.875000000,-0.125000000,0.000000000
48.886000000,-0.114000000,0.000000000
48.898000000,-0.102000000,0.000000000
48.910000000,-0.090000000,0.000000000
48.920000000,-0.080000000,0.000000000
48.929000000,-0.071000000,0.000000000
48.940000000,-0.060000000,0.000000000
48.949000000,-0.051000000,0.000000000
48.956000000,-0.044000000,0.000000000
48.970000000,-0.030000000,0.000000000
48.983000000,-0.017000000,0.000000000
48.998000000,-0.002000000,0.000000000
49.010000000,0.010000000,0.000000000
49.017000000,0.017000000,0.000000000
49.024000000,0.024000000,0.000000000
49.031000000,0.031000000,0.000000000
49.044000000,0.044000000,0.000000000
49.060000000,0.060000000,0.000000000
49.078000000,0.078000000,0.000000000
49.091000000,0.091000000,0.000000000
49.099000000,0.099000000,0.000000000
49.112000000,0.112000000,0.000000000
49.122000000,0.122000000,0.000000000
49.128000000,0.128000000,0.000000000
49.133000000,0.133000000,0.000000000
49.141000000,0.141000000,0.000000000
49.151000000,0.151000000,0.000000000
49.166000000,0.166000000,0.000000000
49.181000000,0.181000000,0.000000000
49.193000000,0.193000000,0.000000000
49.205000000,0.205000000,0.000000000
49.213000000,0.213000000,0.000000000
49.226000000,0.226000000,0.000000000
49.237000000,0.237000000,0.000000000
49.250000000,0.250000000,0.000000000
49.262000000,0.262000000,0.000000000
49.275000000,0.275000000,0.000000000
49.281000000,0.281000000,0.000000000
49.291000000,0.291000000,0.000000000
49.304000000,0.304000000,0.000000000
49.314000000,0.314000000,0.000000000
49.327000000,0.327000000,0.000000000
49.333000000,0.333000000,0.000000000
49.346000000,0.346000000,0.000000000
49.353000000,0.353000000,0.000000000
49.359000000,0.359000000,0.000000000
49.371000000,0.371000000,0.000000000
49.387000000,0.387000000,0.000000000
49.400000000,0.400000000,0.000000000
49.404000000,0.404000000,0.000000000
49.416000000,0.416000000,0.000000000
49.426000000,0.426000000,0.000000000
49.434000000,0.434000000,0.000000000
49.440000000,0.440000000,0.000000000
49.452000000,0.452000000,0.000000000
49.461000000,0.461000000,0.000000000
49.470000000,0.470000000,0.000000000
49.478000000,0.478000000,0.000000000
49.487000000,0.487000000,0.000000000
49.500000000,0.500000000,0.000000000
49.514000000,0.514000000,0.000000000
49.525000000,0.525000000,0.000000000
49.532000000,0.532000000,0.000000000
49.541000000,0.541000000,0.000000000
49.550000000,0.550000000,0.000000000
49.563000000,0.563000000,0.000000000
49.576000000,0.576000000,0.000000000
49.587000000,0.587000000,0.000000000
49.596000000,0.596000000,0.000000000
49.601000000,0.601000000,0.000000000
49.611000000,0.611000000,0.000000000
49.627000000,0.627000000,0.000000000
49.641000000,0.641000000,0.000000000
49.650000000,0.650000000,0.000000000
49.664000000,0.664000000,0.000000000
49.679000000,0.679000000,0.000000000
49.689000000,0.689000000,0.000000000
49.703000000,0.703000000,0.000000000
49.711000000,0.711000000,0.000000000
49.718000000,0.718000000,0.000000000
49.724000000,0.724000000,0.000000000
49.732000000,0.732000000,0.000000000
49.741000000,0.741000000,0.000000000
49.750000000,0.750000000,0.000000000
49.754000000,0.754000000,0.000000000
49.759000000,0.759000000,0.000000000
49.770000000,0.770000000,0.000000000
49.782000000,0.782000000,0.000000000
49.797000000,0.797000000,0.000000000
49.807000000,0.807000000,0.000000000
49.815000000,0.815000000,0.000000000
49.826000000,0.826000000,0.000000000
49.831000000,0.831000000,0.000000000
49.840000000,0.840000000,0.000000000
49.854000000,0.854000000,0.000000000
49.863000000,0.863000000,0.000000000
49.874000000,0.874000000,0.000000000
49.887000000,0.887000000,0.000000000
49.898000000,0.898000000,0.000000000
49.909000000,0.909000000,0.000000000
49.920000000,0.920000000,0.000000000
49.932000000,0.932000000,0.000000000
49.941000000,0.941000000,0.000000000
49.950000000,0.950000000,0.000000000
49.959000000,0.959000000,0.000000000
49.970000000,0.970000000,0.000000000
49.984000000,0.984000000,0.000000000
50.001000000,1.001000000,0.000000000
50.012000000,1.012000000,0.000000000
50.023000000,1.023000000,0.000000000
50.032000000,1.032000000,0.000000000
50.039000000,1.039000000,0.000000000
50.051000000,1.051000000,0.000000000
50.058000000,1.058000000,0.000000000
50.065000000,1.065000000,0.000000000
50.075000000,1.075000000,0.000000000
50.089000000,1.089000000,0.000000000
50.104000000,1.104000000,0.000000000
50.115000000,1.115000000,0.000000000
50.121000000,1.121000000,0.000000000
50.131000000,1.131000000,0.000000000
50.139000000,1.139000000,0.000000000
50.149000000,1.149000000,0.000000000
50.162000000,1.162000000,0.000000000
50.167000000,1.167000000,0.000000000
50.179000000,1.179000000,0.000000000
50.184000000,1.184000000,0.000000000
50.192000000,1.192000000,0.000000000
50.201000000,1.201000000,0.000000000
50.207000000,1.207000000,0.000000000
50.213000000,1.213000000,0.000000000
50.220000000,1.220000000,0.000000000
50.229000000,1.229000000,0.000000000
50.240000000,1.240000000,0.000000000
50.248000000,1.248000000,0.000000000
50.255000000,1.255000000,0.000000000
50.267000000,1.267000000,0.000000000
50.281000000,1.281000000,0.000000000
50.290000000,1.290000000,0.000000000
50.299000000,1.299000000,0.000000000
50.308000000,1.308000000,0.000000000
50.315000000,1.315000000,0.000000000
50.327000000,1.327000000,0.000000000
50.333000000,1.333000000,0.000000000
50.344000000,1.344000000,0.000000000
50.354000000,1.354000000,0.000000000
50.359000000,1.359000000,0.000000000
50.371000000,1.371000000,0.000000000
50.377000000,1.377000000,0.000000000
50.388000000,1.388000000,0.000000000
50.393000000,1.393000000,0.000000000
50.403000000,1.403000000,0.000000000
50.408000000,1.408000000,0.000000000
50.411000000,1.411000000,0.000000000
50.417000000,1.417000000,0.000000000
50.424000000,1.424000000,0.000000000
50.430000000,1.430000000,0.000000000
50.437000000,1.437000000,0.000000000
50.448000000,1.448000000,0.000000000
50.455000000,1.455000000,0.000000000
50.465000000,1.465000000,0.000000000
50.480000000,1.480000000,0.000000000
50.487000000,1.487000000,0.000000000
50.492000000,1.492000000,0.000000000
50.499000000,1.499000000,0.000000000
50.509000000,1.509000000,0.000000000
50.516000000,1.516000000,0.000000000
50.528000000,1.528000000,0.000000000
50.542000000,1.542000000,0.000000000
50.554000000,1.554000000,0.000000000
50.563000000,1.563000000,0.000000000
50.572000000,1.572000000,0.000000000
50.581000000,1.581000000,0.000000000
50.584000000,1.584000000,0.000000000
50.593000000,1.593000000,0.000000000
50.601000000,1.601000000,0.000000000
50.612000000,1.612000000,0.000000000
50.624000000,1.624000000,0.000000000
50.634000000,1.634000000,0.000000000
50.641000000,1.641000000,0.000000000
50.657000000,1.657000000,0.000000000
50.668000000,1.668000000,0.000000000
50.677000000,1.677000000,0.000000000
50.687000000,1.687000000,0.000000000
50.700000000,1.700000000,0.000000000
50.710000000,1.710000000,0.000000000
50.716000000,1.716000000,0.000000000
50.728000000,1.728000000,0.000000000
50.743000000,1.743000000,0.000000000
50.752000000,1.752000000,0.000000000
50.764000000,1.764000000,0.000000000
50.774000000,1.774000000,0.000000000
50.786000000,1.786000000,0.000000000
50.798000000,1.798000000,0.000000000
50.803000000,1.803000000,0.000000000
50.810000000,1.810000000,0.000000000
50.822000000,1.822000000,0.000000000
50.831000000,1.831000000,0.000000000
50.841000000,1.841000000,0.000000000
50.858000000,1.858000000,0.000000000
50.866000000,1.866000000,0.000000000
50.878000000,1.878000000,0.000000000
50.885000000,1.885000000,0.000000000
50.896000000,1.896000000,0.000000000
50.906000000,1.906000000,0.000000000
50.919000000,1.919000000,0.000000000
50.934000000,1.934000000,0.000000000
50.946000000,1.946000000,0.000000000
50.951000000,1.951000000,0.000000000
50.957000000,1.957000000,0.000000000
50.969000000,1.969000000,0.000000000
50.978000000,1.978000000,0.000000000
50.988000000,1.988000000,0.000000000
51.001000000,2.001000000,0.000000000
51.015000000,2.015000000,0.000000000
51.026000000,2.026000000,0.000000000
51.029000000,2.029000000,0.000000000
51.037000000,2.037000000,0.000000000
51.046000000,2.046000000,0.000000000
51.057000000,2.057000000,0.000000000
51.064000000,2.064000000,0.000000000
51.070000000,2.070000000,0.000000000
51.081000000,2.081000000,0.000000000
51.091000000,2.091000000,0.000000000
51.106000000,2.106000000,0.000000000
51.117000000,2.117000000,0.000000000
51.133000000,2.133000000,0.000000000
51.142000000,2.142000000,0.000000000
51.147000000,2.147000000,0.000000000
51.160000000,2.160000000,0.000000000
51.168000000,2.168000000,0.000000000
51.177000000,2.177000000,0.000000000
51.185000000,2.185000000,0.000000000
51.199000000,2.199000000,0.000000000
51.208000000,2.208000000,0.000000000
51.219000000,2.219000000,0.000000000
51.228000000,2.228000000,0.000000000
51.240000000,2.240000000,0.000000000
51.250000000,2.250000000,0.000000000
51.263000000,2.263000000,0.000000000
51.276000000,2.276000000,0.000000000
51.290000000,2.290000000,0.000000000
51.299000000,2.299000000,0.000000000
51.311000000,2.311000000,0.000000000
51.318000000,2.318000000,0.000000000
51.322000000,2.322000000,0.000000000
51.331000000,2.331000000,0.000000000
51.341000000,2.341000000,0.000000000
51.355000000,2.355000000,0.000000000
51.371000000,2.371000000,0.000000000
51.386000000,2.386000000,0.000000000
51.397000000,2.397000000,0.000000000
51.404000000,2.404000000,0.000000000
51.415000000,2.415000000,0.000000000
51.432000000,2.432000000,0.000000000
51.448000000,2.448000000,0.000000000
51.463000000,2.463000000,0.000000000
51.478000000,2.478000000,0.000000000
51.492000000,2.492000000,0.000000000
51.502000000,2.502000000,0.000000000
51.516000000,2.516000000,0.000000000
51.527000000,2.527000000,0.000000000
51.539000000,2.539000000,0.000000000
51.546000000,2.546000000,0.000000000
51.558000000,2.558000000,0.000000000
51.573000000,2.573000000,0.000000000
51.588000000,2.588000000,0.000000000
51.602000000,2.602000000,0.000000000
51.610000000,2.610000000,0.000000000
51.624000000,2.624000000,0.000000000
51.631000000,2.631000000,0.000000000
51.648000000,2.648000000,0.000000000
51.665000000,2.665000000,0.000000000
51.681000000,2.681000000,0.000000000
51.691000000,2.691000000,0.000000000
51.707000000,2.707000000,0.000000000
51.724000000,2.724000000,0.000000000
51.741000000,2.741000000,0.000000000
51.758000000,2.758000000,0.000000000
51.775000000,2.775000000,0.000000000
51.790000000,2.790000000,0.000000000
51.802000000,2.802000000,0.000000000
51.810000000,2.810000000,0.000000000
51.824000000,2.824000000,0.000000000
51.831000000,2.831000000,0.000000000
51.841000000,2.841000000,0.000000000
51.850000000,2.850000000,0.000000000
51.862000000,2.862000000,0.000000000
51.867000000,2.867000000,0.000000000
51.880000000,2.880000000,0.000000000
51.890000000,2.890000000,0.000000000
51.902000000,2.902000000,0.000000000
51.911000000,2.911000000,0.000000000
51.920000000,2.920000000,0.000000000
51.929000000,2.929000000,0.000000000
51.942000000,2.942000000,0.000000000
51.957000000,2.957000000,0.000000000
51.973000000,2.973000000,0.000000000
51.987000000,2.987000000,0.000000000
51.996000000,2.996000000,0.000000000
52.002000000,3.002000000,0.000000000
52.014000000,3.014000000,0.000000000
52.021000000,3.021000000,0.000000000
52.035000000,3.035000000,0.000000000
52.047000000,3.047000000,0.000000000
52.060000000,3.060000000,0.000000000
52.068000000,3.068000000,0.000000000
52.079000000,3.079000000,0.000000000
52.087000000,3.087000000,0.000000000
52.099000000,3.099000000,0.000000000
52.108000000,3.108000000,0.000000000
52.122000000,3.122000000,0.000000000
52.133000000,3.133000000,0.000000000
52.144000000,3.144000000,0.000000000
52.154000000,3.154000000,0.000000000
52.164000000,3.164000000,0.000000000
52.172000000,3.172000000,0.000000000
52.180000000,3.180000000,0.000000000
52.190000000,3.190000000,0.000000000
52.198000000,3.198000000,0.000000000
52.204000000,3.204000000,0.000000000
52.214000000,3.214000000,0.000000000
52.223000000,3.223000000,0.000000000
52.231000000,3.231000000,0.000000000
52.241000000,3.241000000,0.000000000
52.250000000,3.250000000,0.000000000
52.261000000,3.261000000,0.000000000
52.269000000,3.269000000,0.000000000
52.275000000,3.275000000,0.000000000
52.284000000,3.284000000,0.000000000
52.293000000,3.293000000,0.000000000
52.304000000,3.304000000,0.000000000
52.312000000,3.312000000,0.000000000
52.326000000,3.326000000,0.000000000
52.341000000,3.341000000,0.000000000
52.358000000,3.358000000,0.000000000
52.371000000,3.371000000,0.000000000
52.386000000,3.386000000,0.000000000
52.398000000,3.398000000,0.000000000
52.406000000,3.406000000,0.000000000
52.418000000,3.418000000,0.000000000
52.428000000,3.428000000,0.000000000
52.442000000,3.442000000,0.000000000
52.449000000,3.449000000,0.000000000
52.461000000,3.461000000,0.000000000
52.471000000,3.471000000,0.000000000
52.484000000,3.484000000,0.000000000
52.498000000,3.498000000,0.000000000
52.508000000,3.508000000,0.000000000
52.525000000,3.525000000,0.000000000
52.537000000,3.537000000,0.000000000
52.546000000,3.546000000,0.000000000
52.557000000,3.557000000,0.000000000
52.566000000,3.566000000,0.000000000
52.577000000,3.577000000,0.000000000
52.588000000,3.588000000,0.000000000
52.593000000,3.593000000,0.000000000
52.600000000,3.600000000,0.000000000
52.608000000,3.608000000,0.000000000
52.616000000,3.616000000,0.000000000
52.628000000,3.628000000,0.000000000
52.638000000,3.638000000,0.000000000
52.653000000,3.653000000,0.000000000
52.660000000,3.660000000,0.000000000
52.674000000,3.674000000,0.000000000
52.690000000,3.690000000,0.000000000
52.700000000,3.700000000,0.000000000
52.710000000,3.710000000,0.000000000
52.725000000,3.725000000,0.000000000
52.742000000,3.742000000,0.000000000
52.750000000,3.750000000,0.000000000
52.758000000,3.758000000,0.000000000
52.767000000,3.767000000,0.000000000
52.775000000,3.775000000,0.000000000
52.784000000,3.784000000,0.000000000
52.796000000,3.796000000,0.000000000
52.805000000,3.805000000,0.000000000
52.815000000,3.815000000,0.000000000
52.825000000,3.825000000,0.000000000
52.837000000,3.837000000,0.000000000
52.848000000,3.848000000,0.000000000
52.856000000,3.856000000,0.000000000
52.863000000,3.863000000,0.000000000
52.878000000,3.878000000,0.000000000
52.889000000,3.889000000,0.000000000
52.899000000,3.899000000,0.000000000
52.910000000,3.910000000,0.000000000
52.916000000,3.916000000,0.000000000
52.928000000,3.928000000,0.000000000
52.940000000,3.940000000,0.000000000
52.948000000,3.948000000,0.000000000
52.959000000,3.959000000,0.000000000
52.968000000,3.968000000,0.000000000
52.982000000,3.982000000,0.000000000
52.997000000,3.997000000,0.000000000
53.011000000,4.011000000,0.000000000
53.023000000,4.023000000,0.000000000
53.032000000,4.032000000,0.000000000
53.039000000,4.039000000,0.000000000
53.051000000,4.051000000,0.000000000
53.067000000,4.067000000,0.000000000
53.079000000,4.079000000,0.000000000
53.089000000,4.089000000,0.000000000
53.092000000,4.092000000,0.000000000
53.100000000,4.100000000,0.000000000
53.111000000,4.111000000,0.000000000
53.116000000,4.116000000,0.000000000
53.131000000,4.131000000,0.000000000
53.143000000,4.143000000,0.000000000
53.148000000,4.148000000,0.000000000
53.157000000,4.157000000,0.000000000
53.169000000,4.169000000,0.000000000
53.178000000,4.178000000,0.000000000
53.192000000,4.192000000,0.000000000
53.202000000,4.202000000,0.000000000
53.212000000,4.212000000,0.000000000
53.224000000,4.224000000,0.000000000
53.236000000,4.236000000,0.000000000
53.243000000,4.243000000,0.000000000
53.251000000,4.251000000,0.000000000
53.258000000,4.258000000,0.000000000
53.268000000,4.268000000,0.000000000
53.278000000,4.278000000,0.000000000
53.286000000,4.286000000,0.000000000
53.297000000,4.297000000,0.000000000
53.305000000,4.305000000,0.000000000
53.318000000,4.318000000,0.000000000
53.330000000,4.330000000,0.000000000
53.343000000,4.343000000,0.000000000
53.360000000,4.360000000,0.000000000
53.374000000,4.374000000,0.000000000
53.390000000,4.390000000,0.000000000
53.404000000,4.404000000,0.000000000
53.409000000,4.409000000,0.000000000
53.416000000,4.416000000,0.000000000
53.426000000,4.426000000,0.000000000
53.435000000,4.435000000,0.000000000
53.444000000,4.444000000,0.000000000
53.449000000,4.449000000,0.000000000
53.456000000,4.456000000,0.000000000
53.467000000,4.467000000,0.000000000
53.474000000,4.474000000,0.000000000
53.481000000,4.481000000,0.000000000
53.485000000,4.485000000,0.000000000
53.494000000,4.494000000,0.000000000
53.503000000,4.503000000,0.000000000
53.516000000,4.516000000,0.000000000
53.530000000,4.530000000,0.000000000
53.544000000,4.544000000,0.000000000
53.556000000,4.556000000,0.000000000
53.565000000,4.565000000,0.000000000
53.577000000,4.577000000,0.000000000
53.592000000,4.592000000,0.000000000
53.600000000,4.600000000,0.000000000
53.605000000,4.605000000,0.000000000
53.616000000,4.616000000,0.000000000
53.625000000,4.625000000,0.000000000
53.632000000,4.632000000,0.000000000
53.642000000,4.642000000,0.000000000
53.652000000,4.652000000,0.000000000
53.655000000,4.655000000,0.000000000
53.661000000,4.661000000,0.000000000
53.671000000,4.671000000,0.000000000
53.677000000,4.677000000,0.000000000
53.683000000,4.683000000,0.000000000
53.689000000,4.689000000,0.000000000
53.702000000,4.702000000,0.000000000
53.710000000,4.710000000,0.000000000
53.723000000,4.723000000,0.000000000
53.735000000,4.735000000,0.000000000
53.748000000,4.748000000,0.000000000
53.758000000,4.758000000,0.000000000
53.765000000,4.765000000,0.000000000
53.773000000,4.773000000,0.000000000
53.784000000,4.784000000,0.000000000
53.795000000,4.795000000,0.000000000
53.806000000,4.806000000,0.000000000
53.822000000,4.822000000,0.000000000
53.835000000,4.835000000,0.000000000
53.841000000,4.841000000,0.000000000
53.853000000,4.853000000,0.000000000
53.868000000,4.868000000,0.000000000
53.883000000,4.883000000,0.000000000
53.893000000,4.893000000,0.000000000
53.906000000,4.906000000,0.000000000
53.920000000,4.920000000,0.000000000
53.929000000,4.929000000,0.000000000
53.940000000,4.940000000,0.000000000
53.953000000,4.953000000,0.000000000
53.969000000,4.969000000,0.000000000
53.983000000,4.983000000,0.000000000
54.983000000,5.000000000,0.000000000
54.010000000,4.990000000,0.000000000
54.024000000,4.976000000,0.000000000
54.036000000,4.964000000,0.000000000
54.044000000,4.956000000,0.000000000
54.057000000,4.943000000,0.000000000
54.073000000,4.927000000,0.000000000
54.082000000,4.918000000,0.000000000
54.096000000,4.904000000,0.000000000
54.107000000,4.893000000,0.000000000
54.116000000,4.884000000,0.000000000
54.127000000,4.873000000,0.000000000
54.141000000,4.859000000,0.000000000
54.148000000,4.852000000,0.000000000
54.162000000,4.838000000,0.000000000
54.177000000,4.823000000,0.000000000
54.194000000,4.806000000,0.000000000
54.204000000,4.796000000,0.000000000
54.215000000,4.785000000,0.000000000
54.223000000,4.777000000,0.000000000
54.228000000,4.772000000,0.000000000
54.242000000,4.758000000,0.000000000
54.257000000,4.743000000,0.000000000
54.272000000,4.728000000,0.000000000
54.281000000,4.719000000,0.000000000
54.291000000,4.709000000,0.000000000
54.303000000,4.697000000,0.000000000
54.309000000,4.691000000,0.000000000
54.319000000,4.681000000,0.000000000
54.330000000,4.670000000,0.000000000
54.334000000,4.666000000,0.000000000
54.341000000,4.659000000,0.000000000
54.349000000,4.651000000,0.000000000
54.355000000,4.645000000,0.000000000
54.371000000,4.629000000,0.000000000
54.384000000,4.616000000,0.000000000
54.392000000,4.608000000,0.000000000
54.404000000,4.596000000,0.000000000
54.412000000,4.588000000,0.000000000
54.425000000,4.575000000,0.000000000
54.434000000,4.566000000,0.000000000
54.446000000,4.554000000,0.000000000
54.459000000,4.541000000,0.000000000
54.475000000,4.525000000,0.000000000
54.484000000,4.516000000,0.000000000
54.498000000,4.502000000,0.000000000
54.515000000,4.485000000,0.000000000
54.528000000,4.472000000,0.000000000
54.539000000,4.461000000,0.000000000
54.548000000,4.452000000,0.000000000
54.561000000,4.439000000,0.000000000
54.573000000,4.427000000,0.000000000
54.586000000,4.414000000,0.000000000
54.597000000,4.403000000,0.000000000
54.606000000,4.394000000,0.000000000
54.617000000,4.383000000,0.000000000
54.622000000,4.378000000,0.000000000
54.630000000,4.370000000,0.000000000
54.636000000,4.364000000,0.000000000
54.643000000,4.357000000,0.000000000
54.657000000,4.343000000,0.000000000
54.665000000,4.335000000,0.000000000
54.677000000,4.323000000,0.000000000
54.685000000,4.315000000,0.000000000
54.695000000,4.305000000,0.000000000
54.709000000,4.291000000,0.000000000
54.719000000,4.281000000,0.000000000
54.729000000,4.271000000,0.000000000
54.738000000,4.262000000,0.000000000
54.743000000,4.257000000,0.000000000
54.751000000,4.249000000,0.000000000
54.766000000,4.234000000,0.000000000
54.779000000,4.221000000,0.000000000
54.793000000,4.207000000,0.000000000
54.806000000,4.194000000,0.000000000
54.816000000,4.184000000,0.000000000
54.824000000,4.176000000,0.000000000
54.832000000,4.168000000,0.000000000
54.846000000,4.154000000,0.000000000
54.858000000,4.142000000,0.000000000
54.865000000,4.135000000,0.000000000
54.873000000,4.127000000,0.000000000
54.887000000,4.113000000,0.000000000
54.897000000,4.103000000,0.000000000
54.905000000,4.095000000,0.000000000
54.915000000,4.085000000,0.000000000
54.925000000,4.075000000,0.000000000
54.935000000,4.065000000,0.000000000
54.944000000,4.056000000,0.000000000
54.954000000,4.046000000,0.000000000
54.965000000,4.035000000,0.000000000
54.980000000,4.020000000,0.000000000
54.993000000,4.007000000,0.000000000
55.002000000,3.998000000,0.000000000
55.010000000,3.990000000,0.000000000
55.017000000,3.983000000,0.000000000
55.028000000,3.972000000,0.000000000
55.036000000,3.964000000,0.000000000
55.049000000,3.951000000,0.000000000
55.065000000,3.935000000,0.000000000
55.079000000,3.921000000,0.000000000
55.092000000,3.908000000,0.000000000
55.103000000,3.897000000,0.000000000
55.113000000,3.887000000,0.000000000
55.123000000,3.877000000,0.000000000
55.134000000,3.866000000,0.000000000
55.143000000,3.857000000,0.000000000
55.157000000,3.843000000,0.000000000
55.175000000,3.825000000,0.000000000
55.188000000,3.812000000,0.000000000
55.198000000,3.802000000,0.000000000
55.212000000,3.788000000,0.000000000
55.227000000,3.773000000,0.000000000
55.244000000,3.756000000,0.000000000
55.258000000,3.742000000,0.000000000
55.271000000,3.729000000,0.000000000
55.283000000,3.717000000,0.000000000
55.299000000,3.701000000,0.000000000
55.314000000,3.686000000,0.000000000
55.328000000,3.672000000,0.000000000
55.338000000,3.662000000,0.000000000
55.347000000,3.653000000,0.000000000
55.359000000,3.641000000,0.000000000
55.370000000,3.630000000,0.000000000
55.384000000,3.616000000,0.000000000
55.400000000,3.600000000,0.000000000
55.404000000,3.596000000,0.000000000
55.412000000,3.588000000,0.000000000
55.422000000,3.578000000,0.000000000
55.430000000,3.570000000,0.000000000
55.436000000,3.564000000,0.000000000
55.446000000,3.554000000,0.000000000
55.458000000,3.542000000,0.000000000
55.471000000,3.529000000,0.000000000
55.483000000,3.517000000,0.000000000
55.495000000,3.505000000,0.000000000
55.509000000,3.491000000,0.000000000
55.515000000,3.485000000,0.000000000
55.527000000,3.473000000,0.000000000
55.538000000,3.462000000,0.000000000
55.553000000,3.447000000,0.000000000
55.558000000,3.442000000,0.000000000
55.565000000,3.435000000,0.000000000
55.578000000,3.422000000,0.000000000
55.588000000,3.412000000,0.000000000
55.597000000,3.403000000,0.000000000
55.605000000,3.395000000,0.000000000
55.616000000,3.384000000,0.000000000
55.626000000,3.374000000,0.000000000
55.637000000,3.363000000,0.000000000
55.647000000,3.353000000,0.000000000
55.657000000,3.343000000,0.000000000
55.667000000,3.333000000,0.000000000
55.676000000,3.324000000,0.000000000
55.684000000,3.316000000,0.000000000
55.694000000,3.306000000,0.000000000
55.705000000,3.295000000,0.000000000
55.720000000,3.280000000,0.000000000
55.734000000,3.266000000,0.000000000
55.746000000,3.254000000,0.000000000
55.756000000,3.244000000,0.000000000
55.767000000,3.233000000,0.000000000
55.779000000,3.221000000,0.000000000
55.793000000,3.207000000,0.000000000
55.806000000,3.194000000,0.000000000
55.822000000,3.178000000,0.000000000
55.834000000,3.166000000,0.000000000
55.845000000,3.155000000,0.000000000
55.856000000,3.144000000,0.000000000
55.869000000,3.131000000,0.000000000
55.885000000,3.115000000,0.000000000
55.899000000,3.101000000,0.000000000
55.912000000,3.088000000,0.000000000
55.929000000,3.071000000,0.000000000
55.939000000,3.061000000,0.000000000
55.950000000,3.050000000,0.000000000
55.962000000,3.038000000,0.000000000
55.974000000,3.026000000,0.000000000
55.986000000,3.014000000,0.000000000
56.986000000,3.000000000,0.000000000
56.010000000,2.990000000,0.000000000
56.017000000,2.983000000,0.000000000
56.029000000,2.971000000,0.000000000
56.037000000,2.963000000,0.000000000
56.047000000,2.953000000,0.000000000
56.059000000,2.941000000,0.000000000
56.070000000,2.930000000,0.000000000
56.080000000,2.920000000,0.000000000
56.087000000,2.913000000,0.000000000
56.099000000,2.901000000,0.000000000
56.110000000,2.890000000,0.000000000
56.118000000,2.882000000,0.000000000
56.131000000,2.869000000,0.000000000
56.140000000,2.860000000,0.000000000
56.148000000,2.852000000,0.000000000
56.159000000,2.841000000,0.000000000
56.170000000,2.830000000,0.000000000
56.179000000,2.821000000,0.000000000
56.188000000,2.812000000,0.000000000
56.200000000,2.800000000,0.000000000
56.206000000,2.794000000,0.000000000
56.220000000,2.780000000,0.000000000
56.229000000,2.771000000,0.000000000
56.238000000,2.762000000,0.000000000
56.250000000,2.750000000,0.000000000
56.264000000,2.736000000,0.000000000
56.281000000,2.719000000,0.000000000
56.297000000,2.703000000,0.000000000
56.306000000,2.694000000,0.000000000
56.318000000,2.682000000,0.000000000
56.331000000,2.669000000,0.000000000
56.339000000,2.661000000,0.000000000
56.351000000,2.649000000,0.000000000
56.368000000,2.632000000,0.000000000
56.378000000,2.622000000,0.000000000
56.384000000,2.616000000,0.000000000
56.392000000,2.608000000,0.000000000
56.402000000,2.598000000,0.000000000
56.409000000,2.591000000,0.000000000
56.414000000,2.586000000,0.000000000
56.426000000,2.574000000,0.000000000
56.436000000,2.564000000,0.000000000
56.451000000,2.549000000,0.000000000
56.460000000,2.540000000,0.000000000
56.471000000,2.529000000,0.000000000
56.481000000,2.519000000,0.000000000
56.488000000,2.512000000,0.000000000
56.496000000,2.504000000,0.000000000
56.503000000,2.497000000,0.000000000
56.511000000,2.489000000,0.000000000
56.520000000,2.480000000,0.000000000
56.530000000,2.470000000,0.000000000
56.541000000,2.459000000,0.000000000
56.553000000,2.447000000,0.000000000
56.559000000,2.441000000,0.000000000
56.572000000,2.428000000,0.000000000
56.578000000,2.422000000,0.000000000
56.582000000,2.418000000,0.000000000
56.595000000,2.405000000,0.000000000
56.600000000,2.400000000,0.000000000
56.608000000,2.392000000,0.000000000
56.616000000,2.384000000,0.000000000
56.624000000,2.376000000,0.000000000
56.636000000,2.364000000,0.000000000
56.651000000,2.349000000,0.000000000
56.665000000,2.335000000,0.000000000
56.673000000,2.327000000,0.000000000
56.680000000,2.320000000,0.000000000
56.687000000,2.313000000,0.000000000
56.697000000,2.303000000,0.000000000
56.707000000,2.293000000,0.000000000
56.719000000,2.281000000,0.000000000
56.731000000,2.269000000,0.000000000
56.744000000,2.256000000,0.000000000
56.757000000,2.243000000,0.000000000
56.772000000,2.228000000,0.000000000
56.777000000,2.223000000,0.000000000
56.786000000,2.214000000,0.000000000
56.797000000,2.203000000,0.000000000
56.802000000,2.198000000,0.000000000
56.813000000,2.187000000,0.000000000
56.823000000,2.177000000,0.000000000
56.836000000,2.164000000,0.000000000
56.842000000,2.158000000,0.000000000
56.851000000,2.149000000,0.000000000
56.863000000,2.137000000,0.000000000
56.880000000,2.120000000,0.000000000
56.894000000,2.106000000,0.000000000
56.903000000,2.097000000,0.000000000
56.916000000,2.084000000,0.000000000
56.929000000,2.071000000,0.000000000
56.939000000,2.061000000,0.000000000
56.948000000,2.052000000,0.000000000
56.958000000,2.042000000,0.000000000
56.969000000,2.031000000,0.000000000
56.973000000,2.027000000,0.000000000
56.983000000,2.017000000,0.000000000
56.997000000,2.003000000,0.000000000
57.008000000,1.992000000,0.000000000
57.025000000,1.975000000,0.000000000
57.039000000,1.961000000,0.000000000
57.051000000,1.949000000,0.000000000
57.062000000,1.938000000,0.000000000
57.073000000,1.927000000,0.000000000
57.083000000,1.917000000,0.000000000
57.095000000,1.905000000,0.000000000
57.104000000,1.896000000,0.000000000
57.116000000,1.884000000,0.000000000
57.130000000,1.870000000,0.000000000
57.144000000,1.856000000,0.000000000
57.159000000,1.841000000,0.000000000
57.173000000,1.827000000,0.000000000
57.186000000,1.814000000,0.000000000
57.198000000,1.802000000,0.000000000
57.209000000,1.791000000,0.000000000
57.216000000,1.784000000,0.000000000
57.225000000,1.775000000,0.000000000
57.236000000,1.764000000,0.000000000
57.240000000,1.760000000,0.000000000
57.251000000,1.749000000,0.000000000
57.258000000,1.742000000,0.000000000
57.271000000,1.729000000,0.000000000
57.287000000,1.713000000,0.000000000
57.303000000,1.697000000,0.000000000
57.320000000,1.680000000,0.000000000
57.332000000,1.668000000,0.000000000
57.344000000,1.656000000,0.000000000
57.354000000,1.646000000,0.000000000
57.361000000,1.639000000,0.000000000
57.375000000,1.625000000,0.000000000
57.387000000,1.613000000,0.000000000
57.398000000,1.602000000,0.000000000
57.411000000,1.589000000,0.000000000
57.418000000,1.582000000,0.000000000
57.430000000,1.570000000,0.000000000
57.442000000,1.558000000,0.000000000
57.450000000,1.550000000,0.000000000
57.460000000,1.540000000,0.000000000
57.476000000,1.524000000,0.000000000
57.487000000,1.513000000,0.000000000
57.498000000,1.502000000,0.000000000
57.508000000,1.492000000,0.000000000
57.517000000,1.483000000,0.000000000
57.529000000,1.471000000,0.000000000
57.541000000,1.459000000,0.000000000
57.549000000,1.451000000,0.000000000
57.556000000,1.444000000,0.000000000
57.567000000,1.433000000,0.000000000
57.578000000,1.422000000,0.000000000
57.585000000,1.415000000,0.000000000
57.594000000,1.406000000,0.000000000
57.605000000,1.395000000,0.000000000
57.614000000,1.386000000,0.000000000
57.629000000,1.371000000,0.000000000
57.641000000,1.359000000,0.000000000
57.648000000,1.352000000,0.000000000
57.654000000,1.346000000,0.000000000
57.663000000,1.337000000,0.000000000
57.674000000,1.326000000,0.000000000
57.685000000,1.315000000,0.000000000
57.695000000,1.305000000,0.000000000
57.707000000,1.293000000,0.000000000
57.721000000,1.279000000,0.000000000
57.735000000,1.265000000,0.000000000
57.745000000,1.255000000,0.000000000
57.757000000,1.243000000,0.000000000
57.764000000,1.236000000,0.000000000
57.776000000,1.224000000,0.000000000
57.786000000,1.214000000,0.000000000
57.798000000,1.202000000,0.000000000
57.806000000,1.194000000,0.000000000
57.812000000,1.188000000,0.000000000
57.818000000,1.182000000,0.000000000
57.828000000,1.172000000,0.000000000
57.838000000,1.162000000,0.000000000
57.848000000,1.152000000,0.000000000
57.861000000,1.139000000,0.000000000
57.866000000,1.134000000,0.000000000
57.873000000,1.127000000,0.000000000
57.878000000,1.122000000,0.000000000
57.883000000,1.117000000,0.000000000
57.886000000,1.114000000,0.000000000
57.895000000,1.105000000,0.000000000
57.903000000,1.097000000,0.000000000
57.914000000,1.086000000,0.000000000
57.927000000,1.073000000,0.000000000
57.942000000,1.058000000,0.000000000
57.958000000,1.042000000,0.000000000
57.968000000,1.032000000,0.000000000
57.981000000,1.019000000,0.000000000
57.985000000,1.015000000,0.000000000
57.997000000,1.003000000,0.000000000
58.005000000,0.995000000,0.000000000
58.014000000,0.986000000,0.000000000
58.026000000,0.974000000,0.000000000
58.037000000,0.963000000,0.000000000
58.049000000,0.951000000,0.000000000
58.061000000,0.939000000,0.000000000
58.072000000,0.928000000,0.000000000
58.084000000,0.916000000,0.000000000
58.098000000,0.902000000,0.000000000
58.107000000,0.893000000,0.000000000
58.117000000,0.883000000,0.000000000
58.124000000,0.876000000,0.000000000
58.134000000,0.866000000,0.000000000
58.149000000,0.851000000,0.000000000
58.165000000,0.835000000,0.000000000
58.172000000,0.828000000,0.000000000
58.178000000,0.822000000,0.000000000
58.185000000,0.815000000,0.000000000
58.196000000,0.804000000,0.000000000
58.205000000,0.795000000,0.000000000
58.214000000,0.786000000,0.000000000
58.227000000,0.773000000,0.000000000
58.236000000,0.764000000,0.000000000
58.247000000,0.753000000,0.000000000
58.255000000,0.745000000,0.000000000
58.267000000,0.733000000,0.000000000
58.275000000,0.725000000,0.000000000
58.284000000,0.716000000,0.000000000
58.300000000,0.700000000,0.000000000
58.311000000,0.689000000,0.000000000
58.326000000,0.674000000,0.000000000
58.340000000,0.660000000,0.000000000
58.352000000,0.648000000,0.000000000
58.368000000,0.632000000,0.000000000
58.382000000,0.618000000,0.000000000
58.394000000,0.606000000,0.000000000
58.401000000,0.599000000,0.000000000
58.415000000,0.585000000,0.000000000
58.425000000,0.575000000,0.000000000
58.437000000,0.563000000,0.000000000
58.450000000,0.550000000,0.000000000
58.462000000,0.538000000,0.000000000
58.475000000,0.525000000,0.000000000
58.487000000,0.513000000,0.000000000
58.497000000,0.503000000,0.000000000
58.509000000,0.491000000,0.000000000
58.520000000,0.480000000,0.000000000
58.530000000,0.470000000,0.000000000
58.547000000,0.453000000,0.000000000
58.563000000,0.437000000,0.000000000
58.580000000,0.420000000,0.000000000
58.598000000,0.402000000,0.000000000
58.611000000,0.389000000,0.000000000
58.620000000,0.380000000,0.000000000
58.629000000,0.371000000,0.000000000
58.644000000,0.356000000,0.000000000
58.660000000,0.340000000,0.000000000
58.669000000,0.331000000,0.000000000
58.682000000,0.318000000,0.000000000
58.691000000,0.309000000,0.000000000
58.700000000,0.300000000,0.000000000
58.705000000,0.295000000,0.000000000
58.714000000,0.286000000,0.000000000
58.727000000,0.273000000,0.000000000
58.738000000,0.262000000,0.000000000
58.755000000,0.245000000,0.000000000
58.765000000,0.235000000,0.000000000
58.772000000,0.228000000,0.000000000
58.786000000,0.214000000,0.000000000
58.800000000,0.200000000,0.000000000
58.805000000,0.195000000,0.000000000
58.812000000,0.188000000,0.000000000
58.825000000,0.175000000,0.000000000
58.840000000,0.160000000,0.000000000
58.853000000,0.147000000,0.000000000
58.860000000,0.140000000,0.000000000
58.868000000,0.132000000,0.000000000
58.882000000,0.118000000,0.000000000
58.896000000,0.104000000,0.000000000
58.905000000,0.095000000,0.000000000
58.918000000,0.082000000,0.000000000
58.929000000,0.071000000,0.000000000
58.936000000,0.064000000,0.000000000
58.945000000,0.055000000,0.000000000
58.960000000,0.040000000,0.000000000
58.974000000,0.026000000,0.000000000
58.987000000,0.013000000,0.000000000
58.995000000,0.005000000,0.000000000
59.003000000,-0.003000000,0.000000000
59.012000000,-0.012000000,0.000000000
59.028000000,-0.028000000,0.000000000
59.043000000,-0.043000000,0.000000000
59.056000000,-0.056000000,0.000000000
59.071000000,-0.071000000,0.000000000
59.082000000,-0.082000000,0.000000000
59.094000000,-0.094000000,0.000000000
59.105000000,-0.105000000,0.000000000
59.118000000,-0.118000000,0.000000000
59.128000000,-0.128000000,0.000000000
59.144000000,-0.144000000,0.000000000
59.154000000,-0.154000000,0.000000000
59.163000000,-0.163000000,0.000000000
59.174000000,-0.174000000,0.000000000
59.187000000,-0.187000000,0.000000000
59.195000000,-0.195000000,0.000000000
59.202000000,-0.202000000,0.000000000
59.211000000,-0.211000000,0.000000000
59.225000000,-0.225000000,0.000000000
59.232000000,-0.232000000,0.000000000
59.239000000,-0.239000000,0.000000000
59.245000000,-0.245000000,0.000000000
59.251000000,-0.251000000,0.000000000
59.258000000,-0.258000000,0.000000000
59.264000000,-0.264000000,0.000000000
59.271000000,-0.271000000,0.000000000
59.279000000,-0.279000000,0.000000000
59.289000000,-0.289000000,0.000000000
59.300000000,-0.300000000,0.000000000
59.311000000,-0.311000000,0.000000000
59.325000000,-0.325000000,0.000000000
59.335000000,-0.335000000,0.000000000
59.342000000,-0.342000000,0.000000000
59.356000000,-0.356000000,0.000000000
59.365000000,-0.365000000,0.000000000
59.377000000,-0.377000000,0.000000000
59.387000000,-0.387000000,0.000000000
59.399000000,-0.399000000,0.000000000
59.411000000,-0.411000000,0.000000000
59.425000000,-0.425000000,0.000000000
59.436000000,-0.436000000,0.000000000
59.445000000,-0.445000000,0.000000000
59.455000000,-0.455000000,0.000000000
59.464000000,-0.464000000,0.000000000
59.473000000,-0.473000000,0.000000000
59.488000000,-0.488000000,0.000000000
59.497000000,-0.497000000,0.000000000
59.505000000,-0.505000000,0.000000000
59.512000000,-0.512000000,0.000000000
59.524000000,-0.524000000,0.000000000
59.538000000,-0.538000000,0.000000000
59.552000000,-0.552000000,0.000000000
59.560000000,-0.560000000,0.000000000
59.571000000,-0.571000000,0.000000000
59.578000000,-0.578000000,0.000000000
59.588000000,-0.588000000,0.000000000
59.595000000,-0.595000000,0.000000000
59.601000000,-0.601000000,0.000000000
59.612000000,-0.612000000,0.000000000
59.624000000,-0.624000000,0.000000000
59.637000000,-0.637000000,0.000000000
59.649000000,-0.649000000,0.000000000
59.664000000,-0.664000000,0.000000000
59.672000000,-0.672000000,0.000000000
59.685000000,-0.685000000,0.000000000
59.698000000,-0.698000000,0.000000000
59.716000000,-0.716000000,0.000000000
59.731000000,-0.731000000,0.000000000
59.742000000,-0.742000000,0.000000000
59.754000000,-0.754000000,0.000000000
59.761000000,-0.761000000,0.000000000
59.765000000,-0.765000000,0.000000000
59.774000000,-0.774000000,0.000000000
59.785000000,-0.785000000,0.000000000
59.798000000,-0.798000000,0.000000000
59.805000000,-0.805000000,0.000000000
59.814000000,-0.814000000,0.000000000
59.828000000,-0.828000000,0.000000000
59.841000000,-0.841000000,0.000000000
59.848000000,-0.848000000,0.000000000
59.858000000,-0.858000000,0.000000000
59.862000000,-0.862000000,0.000000000
59.869000000,-0.869000000,0.000000000
59.878000000,-0.878000000,0.000000000
59.888000000,-0.888000000,0.000000000
59.899000000,-0.899000000,0.000000000
59.908000000,-0.908000000,0.000000000
59.917000000,-0.917000000,0.000000000
59.928000000,-0.928000000,0.000000000
59.942000000,-0.942000000,0.000000000
59.955000000,-0.955000000,0.000000000
59.967000000,-0.967000000,0.000000000
59.977000000,-0.977000000,0.000000000
59.989000000,-0.989000000,0.000000000
60.002000000,-0.998000000,0.000000000
60.014000000,-0.986000000,0.000000000
60.023000000,-0.977000000,0.000000000
60.033000000,-0.967000000,0.000000000
60.038000000,-0.962000000,0.000000000
60.046000000,-0.954000000,0.000000000
60.054000000,-0.946000000,0.000000000
60.062000000,-0.938000000,0.000000000
60.070000000,-0.930000000,0.000000000
60.080000000,-0.920000000,0.000000000
60.084000000,-0.916000000,0.000000000
60.090000000,-0.910000000,0.000000000
60.098000000,-0.902000000,0.000000000
60.105000000,-0.895000000,0.000000000
60.110000000,-0.890000000,0.000000000
60.123000000,-0.877000000,0.000000000
60.130000000,-0.870000000,0.000000000
60.136000000,-0.864000000,0.000000000
60.147000000,-0.853000000,0.000000000
60.161000000,-0.839000000,0.000000000
60.165000000,-0.835000000,0.000000000
60.173000000,-0.827000000,0.000000000
60.187000000,-0.813000000,0.000000000
60.197000000,-0.803000000,0.000000000
60.206000000,-0.794000000,0.000000000
60.215000000,-0.785000000,0.000000000
60.226000000,-0.774000000,0.000000000
60.239000000,-0.761000000,0.000000000
60.248000000,-0.752000000,0.000000000
60.259000000,-0.741000000,0.000000000
60.272000000,-0.728000000,0.000000000
60.283000000,-0.717000000,0.000000000
60.292000000,-0.708000000,0.000000000
60.303000000,-0.697000000,0.000000000
60.317000000,-0.683000000,0.000000000
60.328000000,-0.672000000,0.000000000
60.341000000,-0.659000000,0.000000000
60.348000000,-0.652000000,0.000000000
60.359000000,-0.641000000,0.000000000
60.371000000,-0.629000000,0.000000000
60.383000000,-0.617000000,0.000000000
60.392000000,-0.608000000,0.000000000
60.401000000,-0.599000000,0.000000000
60.410000000,-0.590000000,0.000000000
60.421000000,-0.579000000,0.000000000
60.435000000,-0.565000000,0.000000000
60.449000000,-0.551000000,0.000000000
60.457000000,-0.543000000,0.000000000
60.469000000,-0.531000000,0.000000000
60.479000000,-0.521000000,0.000000000
60.489000000,-0.511000000,0.000000000
60.504000000,-0.496000000,0.000000000
60.518000000,-0.482000000,0.000000000
60.527000000,-0.473000000,0.000000000
60.541000000,-0.459000000,0.000000000
60.554000000,-0.446000000,0.000000000
60.567000000,-0.433000000,0.000000000
60.579000000,-0.421000000,0.000000000
60.590000000,-0.410000000,0.000000000
60.598000000,-0.402000000,0.000000000
60.607000000,-0.393000000,0.000000000
60.617000000,-0.383000000,0.000000000
60.626000000,-0.374000000,0.000000000
60.643000000,-0.357000000,0.000000000
60.657000000,-0.343000000,0.000000000
60.669000000,-0.331000000,0.000000000
60.681000000,-0.319000000,0.000000000
60.691000000,-0.309000000,0.000000000
60.705000000,-0.295000000,0.000000000
60.720000000,-0.280000000,0.000000000
60.733000000,-0.267000000,0.000000000
60.741000000,-0.259000000,0.000000000
60.749000000,-0.251000000,0.000000000
60.763000000,-0.237000000,0.000000000
60.779000000,-0.221000000,0.000000000
60.791000000,-0.209000000,0.000000000
60.799000000,-0.201000000,0.000000000
60.811000000,-0.189000000,0.000000000
60.817000000,-0.183000000,0.000000000
60.826000000,-0.174000000,0.000000000
60.833000000,-0.167000000,0.000000000
60.845000000,-0.155000000,0.000000000
60.853000000,-0.147000000,0.000000000
60.867000000,-0.133000000,0.000000000
60.882000000,-0.118000000,0.000000000
60.894000000,-0.106000000,0.000000000
60.905000000,-0.095000000,0.000000000
60.914000000,-0.086000000,0.000000000
60.927000000,-0.073000000,0.000000000
60.936000000,-0.064000000,0.000000000
60.948000000,-0.052000000,0.000000000
60.960000000,-0.040000000,0.000000000
60.971000000,-0.029000000,0.000000000
60.978000000,-0.022000000,0.000000000
60.990000000,-0.010000000,0.000000000
61.008000000,0.008000000,0.000000000
61.022000000,0.022000000,0.000000000
61.030000000,0.030000000,0.000000000
61.039000000,0.039000000,0.000000000
61.052000000,0.052000000,0.000000000
61.060000000,0.060000000,0.000000000
61.068000000,0.068000000,0.000000000
61.079000000,0.079000000,0.000000000
61.094000000,0.094000000,0.000000000
61.107000000,0.107000000,0.000000000
61.119000000,0.119000000,0.000000000
61.125000000,0.125000000,0.000000000
61.131000000,0.131000000,0.000000000
61.135000000,0.135000000,0.000000000
61.139000000,0.139000000,0.000000000
61.146000000,0.146000000,0.000000000
61.158000000,0.158000000,0.000000000
61.171000000,0.171000000,0.000000000
61.184000000,0.184000000,0.000000000
61.196000000,0.196000000,0.000000000
61.208000000,0.208000000,0.000000000
61.217000000,0.217000000,0.000000000
61.231000000,0.231000000,0.000000000
61.246000000,0.246000000,0.000000000
61.255000000,0.255000000,0.000000000
61.261000000,0.261000000,0.000000000
61.270000000,0.270000000,0.000000000
61.288000000,0.288000000,0.000000000
61.298000000,0.298000000,0.000000000
61.309000000,0.309000000,0.000000000
61.319000000,0.319000000,0.000000000
61.330000000,0.330000000,0.000000000
61.347000000,0.347000000,0.000000000
61.360000000,0.360000000,0.000000000
61.373000000,0.373000000,0.000000000
61.387000000,0.387000000,0.000000000
61.394000000,0.394000000,0.000000000
61.404000000,0.404000000,0.000000000
61.412000000,0.412000000,0.000000000
61.425000000,0.425000000,0.000000000
61.433000000,0.433000000,0.000000000
61.443000000,0.443000000,0.000000000
61.450000000,0.450000000,0.000000000
61.458000000,0.458000000,0.000000000
61.467000000,0.467000000,0.000000000
61.480000000,0.480000000,0.000000000
61.488000000,0.488000000,0.000000000
61.498000000,0.498000000,0.000000000
61.509000000,0.509000000,0.000000000
61.520000000,0.520000000,0.000000000
61.532000000,0.532000000,0.000000000
61.536000000,0.536000000,0.000000000
61.545000000,0.545000000,0.000000000
61.552000000,0.552000000,0.000000000
61.560000000,0.560000000,0.000000000
61.570000000,0.570000000,0.000000000
61.584000000,0.584000000,0.000000000
61.596000000,0.596000000,0.000000000
61.605000000,0.605000000,0.000000000
61.611000000,0.611000000,0.000000000
61.619000000,0.619000000,0.000000000
61.632000000,0.632000000,0.000000000
61.640000000,0.640000000,0.000000000
61.645000000,0.645000000,0.000000000
61.655000000,0.655000000,0.000000000
61.661000000,0.661000000,0.000000000
61.666000000,0.666000000,0.000000000
61.674000000,0.674000000,0.000000000
61.679000000,0.679000000,0.000000000
61.686000000,0.686000000,0.000000000
61.698000000,0.698000000,0.000000000
61.711000000,0.711000000,0.000000000
61.719000000,0.719000000,0.000000000
61.730000000,0.730000000,0.000000000
61.741000000,0.741000000,0.000000000
61.756000000,0.756000000,0.000000000
61.770000000,0.770000000,0.000000000
61.783000000,0.783000000,0.000000000
61.797000000,0.797000000,0.000000000
61.806000000,0.806000000,0.000000000
61.812000000,0.812000000,0.000000000
61.819000000,0.819000000,0.000000000
61.832000000,0.832000000,0.000000000
61.845000000,0.845000000,0.000000000
61.856000000,0.856000000,0.000000000
61.866000000,0.866000000,0.000000000
61.874000000,0.874000000,0.000000000
61.885000000,0.885000000,0.000000000
61.897000000,0.897000000,0.000000000
61.911000000,0.911000000,0.000000000
61.923000000,0.923000000,0.000000000
61.931000000,0.931000000,0.000000000
61.939000000,0.939000000,0.000000000
61.951000000,0.951000000,0.000000000
61.958000000,0.958000000,0.000000000
61.976000000,0.976000000,0.000000000
61.986000000,0.986000000,0.000000000
62.002000000,1.002000000,0.000000000
62.014000000,1.014000000,0.000000000
62.024000000,1.024000000,0.000000000
62.037000000,1.037000000,0.000000000
62.048000000,1.048000000,0.000000000
62.058000000,1.058000000,0.000000000
62.068000000,1.068000000,0.000000000
62.083000000,1.083000000,0.000000000
62.096000000,1.096000000,0.000000000
62.107000000,1.107000000,0.000000000
62.119000000,1.119000000,0.000000000
62.127000000,1.127000000,0.000000000
62.140000000,1.140000000,0.000000000
62.152000000,1.152000000,0.000000000
62.163000000,1.163000000,0.000000000
62.180000000,1.180000000,0.000000000
62.187000000,1.187000000,0.000000000
62.192000000,1.192000000,0.000000000
62.203000000,1.203000000,0.000000000
62.217000000,1.217000000,0.000000000
62.228000000,1.228000000,0.000000000
62.232000000,1.232000000,0.000000000
62.235000000,1.235000000,0.000000000
62.248000000,1.248000000,0.000000000
62.261000000,1.261000000,0.000000000
62.272000000,1.272000000,0.000000000
62.286000000,1.286000000,0.000000000
62.303000000,1.303000000,0.000000000
62.316000000,1.316000000,0.000000000
62.329000000,1.329000000,0.000000000
62.338000000,1.338000000,0.000000000
62.354000000,1.354000000,0.000000000
62.365000000,1.365000000,0.000000000
62.373000000,1.373000000,0.000000000
62.380000000,1.380000000,0.000000000
62.393000000,1.393000000,0.000000000
62.407000000,1.407000000,0.000000000
62.417000000,1.417000000,0.000000000
62.426000000,1.426000000,0.000000000
62.436000000,1.436000000,0.000000000
62.445000000,1.445000000,0.000000000
62.450000000,1.450000000,0.000000000
62.459000000,1.459000000,0.000000000
62.465000000,1.465000000,0.000000000
62.473000000,1.473000000,0.000000000
62.483000000,1.483000000,0.000000000
62.495000000,1.495000000,0.000000000
62.508000000,1.508000000,0.000000000
62.523000000,1.523000000,0.000000000
62.537000000,1.537000000,0.000000000
62.546000000,1.546000000,0.000000000
62.558000000,1.558000000,0.000000000
62.572000000,1.572000000,0.000000000
62.584000000,1.584000000,0.000000000
62.599000000,1.599000000,0.000000000
62.614000000,1.614000000,0.000000000
62.623000000,1.623000000,0.000000000
62.633000000,1.633000000,0.000000000
62.643000000,1.643000000,0.000000000
62.646000000,1.646000000,0.000000000
62.660000000,1.660000000,0.000000000
62.671000000,1.671000000,0.000000000
62.680000000,1.680000000,0.000000000
62.690000000,1.690000000,0.000000000
62.698000000,1.698000000,0.000000000
62.708000000,1.708000000,0.000000000
62.718000000,1.718000000,0.000000000
62.728000000,1.728000000,0.000000000
62.740000000,1.740000000,0.000000000
62.746000000,1.746000000,0.000000000
62.755000000,1.755000000,0.000000000
62.767000000,1.767000000,0.000000000
62.780000000,1.780000000,0.000000000
62.792000000,1.792000000,0.000000000
62.804000000,1.804000000,0.000000000
62.817000000,1.817000000,0.000000000
62.829000000,1.829000000,0.000000000
62.841000000,1.841000000,0.000000000
62.853000000,1.853000000,0.000000000
62.864000000,1.864000000,0.000000000
62.877000000,1.877000000,0.000000000
62.889000000,1.889000000,0.000000000
62.904000000,1.904000000,0.000000000
62.916000000,1.916000000,0.000000000
62.924000000,1.924000000,0.000000000
62.934000000,1.934000000,0.000000000
62.947000000,1.947000000,0.000000000
62.961000000,1.961000000,0.000000000
62.971000000,1.971000000,0.000000000
62.980000000,1.980000000,0.000000000
62.994000000,1.994000000,0.000000000
63.006000000,2.006000000,0.000000000
63.023000000,2.023000000,0.000000000
63.036000000,2.036000000,0.000000000
63.051000000,2.051000000,0.000000000
63.063000000,2.063000000,0.000000000
63.077000000,2.077000000,0.000000000
63.091000000,2.091000000,0.000000000
63.103000000,2.103000000,0.000000000
63.119000000,2.119000000,0.000000000
63.129000000,2.129000000,0.000000000
63.143000000,2.143000000,0.000000000
63.160000000,2.160000000,0.000000000
63.169000000,2.169000000,0.000000000
63.184000000,2.184000000,0.000000000
63.197000000,2.197000000,0.000000000
63.210000000,2.210000000,0.000000000
63.223000000,2.223000000,0.000000000
63.237000000,2.237000000,0.000000000
63.244000000,2.244000000,0.000000000
63.253000000,2.253000000,0.000000000
63.267000000,2.267000000,0.000000000
63.274000000,2.274000000,0.000000000
63.288000000,2.288000000,0.000000000
63.301000000,2.301000000,0.000000000
63.314000000,2.314000000,0.000000000
63.320000000,2.320000000,0.000000000
63.327000000,2.327000000,0.000000000
63.334000000,2.334000000,0.000000000
63.342000000,2.342000000,0.000000000
63.351000000,2.351000000,0.000000000
63.357000000,2.357000000,0.000000000
63.367000000,2.367000000,0.000000000
63.374000000,2.374000000,0.000000000
63.383000000,2.383000000,0.000000000
63.393000000,2.393000000,0.000000000
63.406000000,2.406000000,0.000000000
63.414000000,2.414000000,0.000000000
63.429000000,2.429000000,0.000000000
63.442000000,2.442000000,0.000000000
63.454000000,2.454000000,0.000000000
63.465000000,2.465000000,0.000000000
63.480000000,2.480000000,0.000000000
63.492000000,2.492000000,0.000000000
63.508000000,2.508000000,0.000000000
63.522000000,2.522000000,0.000000000
63.534000000,2.534000000,0.000000000
63.543000000,2.543000000,0.000000000
63.548000000,2.548000000,0.000000000
63.563000000,2.563000000,0.000000000
63.573000000,2.573000000,0.000000000
63.582000000,2.582000000,0.000000000
63.591000000,2.591000000,0.000000000
63.601000000,2.601000000,0.000000000
63.613000000,2.613000000,0.000000000
63.627000000,2.627000000,0.000000000
63.641000000,2.641000000,0.000000000
63.650000000,2.650000000,0.000000000
63.664000000,2.664000000,0.000000000
63.675000000,2.675000000,0.000000000
63.685000000,2.685000000,0.000000000
63.696000000,2.696000000,0.000000000
63.706000000,2.706000000,0.000000000
63.717000000,2.717000000,0.000000000
63.723000000,2.723000000,0.000000000
63.726000000,2.726000000,0.000000000
63.735000000,2.735000000,0.000000000
63.745000000,2.745000000,0.000000000
63.757000000,2.757000000,0.000000000
63.769000000,2.769000000,0.000000000
63.777000000,2.777000000,0.000000000
63.792000000,2.792000000,0.000000000
63.802000000,2.802000000,0.000000000
63.817000000,2.817000000,0.000000000
63.835000000,2.835000000,0.000000000
63.851000000,2.851000000,0.000000000
63.857000000,2.857000000,0.000000000
63.868000000,2.868000000,0.000000000
63.879000000,2.879000000,0.000000000
63.893000000,2.893000000,0.000000000
63.906000000,2.906000000,0.000000000
63.918000000,2.918000000,0.000000000
63.930000000,2.930000000,0.000000000
63.938000000,2.938000000,0.000000000
63.949000000,2.949000000,0.000000000
63.960000000,2.960000000,0.000000000
63.972000000,2.972000000,0.000000000
63.985000000,2.985000000,0.000000000
63.999000000,2.999000000,0.000000000
64.007000000,3.007000000,0.000000000
64.020000000,3.020000000,0.000000000
64.028000000,3.028000000,0.000000000
64.046000000,3.046000000,0.000000000
64.061000000,3.061000000,0.000000000
64.073000000,3.073000000,0.000000000
64.083000000,3.083000000,0.000000000
64.097000000,3.097000000,0.000000000
64.108000000,3.108000000,0.000000000
64.118000000,3.118000000,0.000000000
64.130000000,3.130000000,0.000000000
64.141000000,3.141000000,0.000000000
64.153000000,3.153000000,0.000000000
64.166000000,3.166000000,0.000000000
64.181000000,3.181000000,0.000000000
64.197000000,3.197000000,0.000000000
64.205000000,3.205000000,0.000000000
64.220000000,3.220000000,0.000000000
64.230000000,3.230000000,0.000000000
64.243000000,3.243000000,0.000000000
64.257000000,3.257000000,0.000000000
64.267000000,3.267000000,0.000000000
64.280000000,3.280000000,0.000000000
64.288000000,3.288000000,0.000000000
64.302000000,3.302000000,0.000000000
64.314000000,3.314000000,0.000000000
64.328000000,3.328000000,0.000000000
64.342000000,3.342000000,0.000000000
64.351000000,3.351000000,0.000000000
64.354000000,3.354000000,0.000000000
64.365000000,3.365000000,0.000000000
64.379000000,3.379000000,0.000000000
64.392000000,3.392000000,0.000000000
64.402000000,3.402000000,0.000000000
64.409000000,3.409000000,0.000000000
64.419000000,3.419000000,0.000000000
64.431000000,3.431000000,0.000000000
64.442000000,3.442000000,0.000000000
64.460000000,3.460000000,0.000000000
64.473000000,3.473000000,0.000000000
64.485000000,3.485000000,0.000000000
64.497000000,3.497000000,0.000000000
64.507000000,3.507000000,0.000000000
64.517000000,3.517000000,0.000000000
64.530000000,3.530000000,0.000000000
64.538000000,3.538000000,0.000000000
64.547000000,3.547000000,0.000000000
64.559000000,3.559000000,0.000000000
64.574000000,3.574000000,0.000000000
64.589000000,3.589000000,0.000000000
64.602000000,3.602000000,0.000000000
64.613000000,3.613000000,0.000000000
64.623000000,3.623000000,0.000000000
64.634000000,3.634000000,0.000000000
64.644000000,3.644000000,0.000000000
64.658000000,3.658000000,0.000000000
64.673000000,3.673000000,0.000000000
64.684000000,3.684000000,0.000000000
64.695000000,3.695000000,0.000000000
64.705000000,3.705000000,0.000000000
64.718000000,3.718000000,0.000000000
64.731000000,3.731000000,0.000000000
64.742000000,3.742000000,0.000000000
64.759000000,3.759000000,0.000000000
64.770000000,3.770000000,0.000000000
64.775000000,3.775000000,0.000000000
64.785000000,3.785000000,0.000000000
64.794000000,3.794000000,0.000000000
64.805000000,3.805000000,0.000000000
64.813000000,3.813000000,0.000000000
64.827000000,3.827000000,0.000000000
64.838000000,3.838000000,0.000000000
64.848000000,3.848000000,0.000000000
64.858000000,3.858000000,0.000000000
64.868000000,3.868000000,0.000000000
64.875000000,3.875000000,0.000000000
64.881000000,3.881000000,0.000000000
64.892000000,3.892000000,0.000000000
64.898000000,3.898000000,0.000000000
64.912000000,3.912000000,0.000000000
64.928000000,3.928000000,0.000000000
64.941000000,3.941000000,0.000000000
64.947000000,3.947000000,0.000000000
64.962000000,3.962000000,0.000000000
64.975000000,3.975000000,0.000000000
64.983000000,3.983000000,0.000000000
64.997000000,3.997000000,0.000000000
65.006000000,4.006000000,0.000000000
65.019000000,4.019000000,0.000000000
65.028000000,4.028000000,0.000000000
65.039000000,4.039000000,0.000000000
65.047000000,4.047000000,0.000000000
65.058000000,4.058000000,0.000000000
65.073000000,4.073000000,0.000000000
65.084000000,4.084000000,0.000000000
65.090000000,4.090000000,0.000000000
65.098000000,4.098000000,0.000000000
65.108000000,4.108000000,0.000000000
65.118000000,4.118000000,0.000000000
65.127000000,4.127000000,0.000000000
65.138000000,4.138000000,0.000000000
65.143000000,4.143000000,0.000000000
65.149000000,4.149000000,0.000000000
65.160000000,4.160000000,0.000000000
65.168000000,4.168000000,0.000000000
65.181000000,4.181000000,0.000000000
65.189000000,4.189000000,0.000000000
65.197000000,4.197000000,0.000000000
65.206000000,4.206000000,0.000000000
65.218000000,4.218000000,0.000000000
65.225000000,4.225000000,0.000000000
65.235000000,4.235000000,0.000000000
65.247000000,4.247000000,0.000000000
65.252000000,4.252000000,0.000000000
65.259000000,4.259000000,0.000000000
65.276000000,4.276000000,0.000000000
65.289000000,4.289000000,0.000000000
65.304000000,4.304000000,0.000000000
65.315000000,4.315000000,0.000000000
65.324000000,4.324000000,0.000000000
65.335000000,4.335000000,0.000000000
65.341000000,4.341000000,0.000000000
65.353000000,4.353000000,0.000000000
65.360000000,4.360000000,0.000000000
65.373000000,4.373000000,0.000000000
65.387000000,4.387000000,0.000000000
65.395000000,4.395000000,0.000000000
65.402000000,4.402000000,0.000000000
65.414000000,4.414000000,0.000000000
65.422000000,4.422000000,0.000000000
65.433000000,4.433000000,0.000000000
65.442000000,4.442000000,0.000000000
65.448000000,4.448000000,0.000000000
65.464000000,4.464000000,0.000000000
65.480000000,4.480000000,0.000000000
65.496000000,4.496000000,0.000000000
65.507000000,4.507000000,0.000000000
65.513000000,4.513000000,0.000000000
65.526000000,4.526000000,0.000000000
65.538000000,4.538000000,0.000000000
65.550000000,4.550000000,0.000000000
65.559000000,4.559000000,0.000000000
65.570000000,4.570000000,0.000000000
65.582000000,4.582000000,0.000000000
65.595000000,4.595000000,0.000000000
65.608000000,4.608000000,0.000000000
65.617000000,4.617000000,0.000000000
65.628000000,4.628000000,0.000000000
65.640000000,4.640000000,0.000000000
65.647000000,4.647000000,0.000000000
65.659000000,4.659000000,0.000000000
65.674000000,4.674000000,0.000000000
65.687000000,4.687000000,0.000000000
65.703000000,4.703000000,0.000000000
65.710000000,4.710000000,0.000000000
65.725000000,4.725000000,0.000000000
65.734000000,4.734000000,0.000000000
65.742000000,4.742000000,0.000000000
65.749000000,4.749000000,0.000000000
65.758000000,4.758000000,0.000000000
65.770000000,4.770000000,0.000000000
65.782000000,4.782000000,0.000000000
65.788000000,4.788000000,0.000000000
65.798000000,4.798000000,0.000000000
65.808000000,4.808000000,0.000000000
65.816000000,4.816000000,0.000000000
65.827000000,4.827000000,0.000000000
65.837000000,4.837000000,0.000000000
65.845000000,4.845000000,0.000000000
65.858000000,4.858000000,0.000000000
65.869000000,4.869000000,0.000000000
65.876000000,4.876000000,0.000000000
65.880000000,4.880000000,0.000000000
65.888000000,4.888000000,0.000000000
65.896000000,4.896000000,0.000000000
65.906000000,4.906000000,0.000000000
65.912000000,4.912000000,0.000000000
65.921000000,4.921000000,0.000000000
65.930000000,4.930000000,0.000000000
65.943000000,4.943000000,0.000000000
65.951000000,4.951000000,0.000000000
65.958000000,4.958000000,0.000000000
65.966000000,4.966000000,0.000000000
65.975000000,4.975000000,0.000000000
65.986000000,4.986000000,0.000000000
65.994000000,4.994000000,0.000000000
66.004000000,4.996000000,0.000000000
66.019000000,4.981000000,0.000000000
66.026000000,4.974000000,0.000000000
66.034000000,4.966000000,0.000000000
66.046000000,4.954000000,0.000000000
66.059000000,4.941000000,0.000000000
66.069000000,4.931000000,0.000000000
66.074000000,4.926000000,0.000000000
66.086000000,4.914000000,0.000000000
66.096000000,4.904000000,0.000000000
66.109000000,4.891000000,0.000000000
66.122000000,4.878000000,0.000000000
66.131000000,4.869000000,0.000000000
66.137000000,4.863000000,0.000000000
66.149000000,4.851000000,0.000000000
66.161000000,4.839000000,0.000000000
66.170000000,4.830000000,0.000000000
66.182000000,4.818000000,0.000000000
66.193000000,4.807000000,0.000000000
66.205000000,4.795000000,0.000000000
66.220000000,4.780000000,0.000000000
66.231000000,4.769000000,0.000000000
66.241000000,4.759000000,0.000000000
66.255000000,4.745000000,0.000000000
66.269000000,4.731000000,0.000000000
66.283000000,4.717000000,0.000000000
66.298000000,4.702000000,0.000000000
66.308000000,4.692000000,0.000000000
66.318000000,4.682000000,0.000000000
66.328000000,4.672000000,0.000000000
66.340000000,4.660000000,0.000000000
66.352000000,4.648000000,0.000000000
66.359000000,4.641000000,0.000000000
66.369000000,4.631000000,0.000000000
66.378000000,4.622000000,0.000000000
66.383000000,4.617000000,0.000000000
66.395000000,4.605000000,0.000000000
66.402000000,4.598000000,0.000000000
66.415000000,4.585000000,0.000000000
66.428000000,4.572000000,0.000000000
66.435000000,4.565000000,0.000000000
66.452000000,4.548000000,0.000000000
66.469000000,4.531000000,0.000000000
66.473000000,4.527000000,0.000000000
66.481000000,4.519000000,0.000000000
66.488000000,4.512000000,0.000000000
66.502000000,4.498000000,0.000000000
66.510000000,4.490000000,0.000000000
66.525000000,4.475000000,0.000000000
66.532000000,4.468000000,0.000000000
66.541000000,4.459000000,0.000000000
66.548000000,4.452000000,0.000000000
66.556000000,4.444000000,0.000000000
66.563000000,4.437000000,0.000000000
66.570000000,4.430000000,0.000000000
66.581000000,4.419000000,0.000000000
66.591000000,4.409000000,0.000000000
66.599000000,4.401000000,0.000000000
66.604000000,4.396000000,0.000000000
66.610000000,4.390000000,0.000000000
66.619000000,4.381000000,0.000000000
66.631000000,4.369000000,0.000000000
66.646000000,4.354000000,0.000000000
66.654000000,4.346000000,0.000000000
66.661000000,4.339000000,0.000000000
66.668000000,4.332000000,0.000000000
66.677000000,4.323000000,0.000000000
66.685000000,4.315000000,0.000000000
66.689000000,4.311000000,0.000000000
66.696000000,4.304000000,0.000000000
66.711000000,4.289000000,0.000000000
66.723000000,4.277000000,0.000000000
66.737000000,4.263000000,0.000000000
66.752000000,4.248000000,0.000000000
66.769000000,4.231000000,0.000000000
66.779000000,4.221000000,0.000000000
66.796000000,4.204000000,0.000000000
66.805000000,4.195000000,0.000000000
66.815000000,4.185000000,0.000000000
66.820000000,4.180000000,0.000000000
66.831000000,4.169000000,0.000000000
66.844000000,4.156000000,0.000000000
66.858000000,4.142000000,0.000000000
66.872000000,4.128000000,0.000000000
66.881000000,4.119000000,0.000000000
66.885000000,4.115000000,0.000000000
66.892000000,4.108000000,0.000000000
66.904000000,4.096000000,0.000000000
66.918000000,4.082000000,0.000000000
66.932000000,4.068000000,0.000000000
66.944000000,4.056000000,0.000000000
66.959000000,4.041000000,0.000000000
66.970000000,4.030000000,0.000000000
66.980000000,4.020000000,0.000000000
66.986000000,4.014000000,0.000000000
66.995000000,4.005000000,0.000000000
67.002000000,3.998000000,0.000000000
67.013000000,3.987000000,0.000000000
67.025000000,3.975000000,0.000000000
67.034000000,3.966000000,0.000000000
67.040000000,3.960000000,0.000000000
67.048000000,3.952000000,0.000000000
67.055000000,3.945000000,0.000000000
67.066000000,3.934000000,0.000000000
67.078000000,3.922000000,0.000000000
67.084000000,3.916000000,0.000000000
67.093000000,3.907000000,0.000000000
67.102000000,3.898000000,0.000000000
67.116000000,3.884000000,0.000000000
67.133000000,3.867000000,0.000000000
67.144000000,3.856000000,0.000000000
67.154000000,3.846000000,0.000000000
67.164000000,3.836000000,0.000000000
67.172000000,3.828000000,0.000000000
67.184000000,3.816000000,0.000000000
67.199000000,3.801000000,0.000000000
67.207000000,3.793000000,0.000000000
67.218000000,3.782000000,0.000000000
67.228000000,3.772000000,0.000000000
67.238000000,3.762000000,0.000000000
67.255000000,3.745000000,0.000000000
67.266000000,3.734000000,0.000000000
67.280000000,3.720000000,0.000000000
67.290000000,3.710000000,0.000000000
67.306000000,3.694000000,0.000000000
67.313000000,3.687000000,0.000000000
67.323000000,3.677000000,0.000000000
67.339000000,3.661000000,0.000000000
67.343000000,3.657000000,0.000000000
67.354000000,3.646000000,0.000000000
67.361000000,3.639000000,0.000000000
67.374000000,3.626000000,0.000000000
67.389000000,3.611000000,0.000000000
67.402000000,3.598000000,0.000000000
67.407000000,3.593000000,0.000000000
67.417000000,3.583000000,0.000000000
67.426000000,3.574000000,0.000000000
67.432000000,3.568000000,0.000000000
67.439000000,3.561000000,0.000000000
67.446000000,3.554000000,0.000000000
67.455000000,3.545000000,0.000000000
67.459000000,3.541000000,0.000000000
67.464000000,3.536000000,0.000000000
67.475000000,3.525000000,0.000000000
67.485000000,3.515000000,0.000000000
67.497000000,3.503000000,0.000000000
67.505000000,3.495000000,0.000000000
67.516000000,3.484000000,0.000000000
67.526000000,3.474000000,0.000000000
67.538000000,3.462000000,0.000000000
67.548000000,3.452000000,0.000000000
67.557000000,3.443000000,0.000000000
67.562000000,3.438000000,0.000000000
67.570000000,3.430000000,0.000000000
67.585000000,3.415000000,0.000000000
67.595000000,3.405000000,0.000000000
67.603000000,3.397000000,0.000000000
67.608000000,3.392000000,0.000000000
67.620000000,3.380000000,0.000000000
67.630000000,3.370000000,0.000000000
67.641000000,3.359000000,0.000000000
67.650000000,3.350000000,0.000000000
67.658000000,3.342000000,0.000000000
67.669000000,3.331000000,0.000000000
67.677000000,3.323000000,0.000000000
67.690000000,3.310000000,0.000000000
67.703000000,3.297000000,0.000000000
67.714000000,3.286000000,0.000000000
67.726000000,3.274000000,0.000000000
67.737000000,3.263000000,0.000000000
67.751000000,3.249000000,0.000000000
67.760000000,3.240000000,0.000000000
67.766000000,3.234000000,0.000000000
67.780000000,3.220000000,0.000000000
67.795000000,3.205000000,0.000000000
67.805000000,3.195000000,0.000000000
67.816000000,3.184000000,0.000000000
67.825000000,3.175000000,0.000000000
67.834000000,3.166000000,0.000000000
67.845000000,3.155000000,0.000000000
67.860000000,3.140000000,0.000000000
67.873000000,3.127000000,0.000000000
67.888000000,3.112000000,0.000000000
67.901000000,3.099000000,0.000000000
67.914000000,3.086000000,0.000000000
67.926000000,3.074000000,0.000000000
67.942000000,3.058000000,0.000000000
67.953000000,3.047000000,0.000000000
67.962000000,3.038000000,0.000000000
67.972000000,3.028000000,0.000000000
67.984000000,3.016000000,0.000000000
67.996000000,3.004000000,0.000000000
68.003000000,2.997000000,0.000000000
68.010000000,2.990000000,0.000000000
68.016000000,2.984000000,0.000000000
68.025000000,2.975000000,0.000000000
68.032000000,2.968000000,0.000000000
68.043000000,2.957000000,0.000000000
68.058000000,2.942000000,0.000000000
68.072000000,2.928000000,0.000000000
68.083000000,2.917000000,0.000000000
68.097000000,2.903000000,0.000000000
68.106000000,2.894000000,0.000000000
68.118000000,2.882000000,0.000000000
68.127000000,2.873000000,0.000000000
68.144000000,2.856000000,0.000000000
68.159000000,2.841000000,0.000000000
68.174000000,2.826000000,0.000000000
68.182000000,2.818000000,0.000000000
68.193000000,2.807000000,0.000000000
68.201000000,2.799000000,0.000000000
68.208000000,2.792000000,0.000000000
68.219000000,2.781000000,0.000000000
68.228000000,2.772000000,0.000000000
68.240000000,2.760000000,0.000000000
68.245000000,2.755000000,0.000000000
68.253000000,2.747000000,0.000000000
68.260000000,2.740000000,0.000000000
68.273000000,2.727000000,0.000000000
68.286000000,2.714000000,0.000000000
68.295000000,2.705000000,0.000000000
68.309000000,2.691000000,0.000000000
68.319000000,2.681000000,0.000000000
68.334000000,2.666000000,0.000000000
68.343000000,2.657000000,0.000000000
68.355000000,2.645000000,0.000000000
68.363000000,2.637000000,0.000000000
68.372000000,2.628000000,0.000000000
68.381000000,2.619000000,0.000000000
68.394000000,2.606000000,0.000000000
68.400000000,2.600000000,0.000000000
68.409000000,2.591000000,0.000000000
68.417000000,2.583000000,0.000000000
68.424000000,2.576000000,0.000000000
68.432000000,2.568000000,0.000000000
68.441000000,2.559000000,0.000000000
68.449000000,2.551000000,0.000000000
68.462000000,2.538000000,0.000000000
68.478000000,2.522000000,0.000000000
68.486000000,2.514000000,0.000000000
68.495000000,2.505000000,0.000000000
68.509000000,2.491000000,0.000000000
68.522000000,2.478000000,0.000000000
68.535000000,2.465000000,0.000000000
68.542000000,2.458000000,0.000000000
68.558000000,2.442000000,0.000000000
68.572000000,2.428000000,0.000000000
68.586000000,2.414000000,0.000000000
68.599000000,2.401000000,0.000000000
68.609000000,2.391000000,0.000000000
68.618000000,2.382000000,0.000000000
68.630000000,2.370000000,0.000000000
68.642000000,2.358000000,0.000000000
68.655000000,2.345000000,0.000000000
68.671000000,2.329000000,0.000000000
68.680000000,2.320000000,0.000000000
68.692000000,2.308000000,0.000000000
68.707000000,2.293000000,0.000000000
68.720000000,2.280000000,0.000000000
68.734000000,2.266000000,0.000000000
68.747000000,2.253000000,0.000000000
68.758000000,2.242000000,0.000000000
68.768000000,2.232000000,0.000000000
68.780000000,2.220000000,0.000000000
68.794000000,2.206000000,0.000000000
68.804000000,2.196000000,0.000000000
68.809000000,2.191000000,0.000000000
68.815000000,2.185000000,0.000000000
68.827000000,2.173000000,0.000000000
68.835000000,2.165000000,0.000000000
68.847000000,2.153000000,0.000000000
68.856000000,2.144000000,0.000000000
68.862000000,2.138000000,0.000000000
68.873000000,2.127000000,0.000000000
68.880000000,2.120000000,0.000000000
68.887000000,2.113000000,0.000000000
68.893000000,2.107000000,0.000000000
68.903000000,2.097000000,0.000000000
68.913000000,2.087000000,0.000000000
68.923000000,2.077000000,0.000000000
68.930000000,2.070000000,0.000000000
68.942000000,2.058000000,0.000000000
68.952000000,2.048000000,0.000000000
68.962000000,2.038000000,0.000000000
68.971000000,2.029000000,0.000000000
68.976000000,2.024000000,0.000000000
68.981000000,2.019000000,0.000000000
68.995000000,2.005000000,0.000000000
69.007000000,1.993000000,0.000000000
69.020000000,1.980000000,0.000000000
69.029000000,1.971000000,0.000000000
69.041000000,1.959000000,0.000000000
69.056000000,1.944000000,0.000000000
69.069000000,1.931000000,0.000000000
69.079000000,1.921000000,0.000000000
69.096000000,1.904000000,0.000000000
69.111000000,1.889000000,0.000000000
69.117000000,1.883000000,0.000000000
69.124000000,1.876000000,0.000000000
69.140000000,1.860000000,0.000000000
69.149000000,1.851000000,0.000000000
69.163000000,1.837000000,0.000000000
69.179000000,1.821000000,0.000000000
69.191000000,1.809000000,0.000000000
69.206000000,1.794000000,0.000000000
69.214000000,1.786000000,0.000000000
69.226000000,1.774000000,0.000000000
69.236000000,1.764000000,0.000000000
69.244000000,1.756000000,0.000000000
69.254000000,1.746000000,0.000000000
69.265000000,1.735000000,0.000000000
69.275000000,1.725000000,0.000000000
69.291000000,1.709000000,0.000000000
69.308000000,1.692000000,0.000000000
69.313000000,1.687000000,0.000000000
69.325000000,1.675000000,0.000000000
69.338000000,1.662000000,0.000000000
69.350000000,1.650000000,0.000000000
69.364000000,1.636000000,0.000000000
69.379000000,1.621000000,0.000000000
69.392000000,1.608000000,0.000000000
69.405000000,1.595000000,0.000000000
69.412000000,1.588000000,0.000000000
69.420000000,1.580000000,0.000000000
69.430000000,1.570000000,0.000000000
69.439000000,1.561000000,0.000000000
69.449000000,1.551000000,0.000000000
69.462000000,1.538000000,0.000000000
69.477000000,1.523000000,0.000000000
69.492000000,1.508000000,0.000000000
69.509000000,1.491000000,0.000000000
69.524000000,1.476000000,0.000000000
69.533000000,1.467000000,0.000000000
69.545000000,1.455000000,0.000000000
69.556000000,1.444000000,0.000000000
69.571000000,1.429000000,0.000000000
69.581000000,1.419000000,0.000000000
69.595000000,1.405000000,0.000000000
69.606000000,1.394000000,0.000000000
69.618000000,1.382000000,0.000000000
69.624000000,1.376000000,0.000000000
69.632000000,1.368000000,0.000000000
69.638000000,1.362000000,0.000000000
69.647000000,1.353000000,0.000000000
69.660000000,1.340000000,0.000000000
69.670000000,1.330000000,0.000000000
69.675000000,1.325000000,0.000000000
69.680000000,1.320000000,0.000000000
69.690000000,1.310000000,0.000000000
69.699000000,1.301000000,0.000000000
69.706000000,1.294000000,0.000000000
69.719000000,1.281000000,0.000000000
69.731000000,1.269000000,0.000000000
69.736000000,1.264000000,0.000000000
69.748000000,1.252000000,0.000000000
69.762000000,1.238000000,0.000000000
69.777000000,1.223000000,0.000000000
69.792000000,1.208000000,0.000000000
69.802000000,1.198000000,0.000000000
69.808000000,1.192000000,0.000000000
69.820000000,1.180000000,0.000000000
69.828000000,1.172000000,0.000000000
69.837000000,1.163000000,0.000000000
69.845000000,1.155000000,0.000000000
69.857000000,1.143000000,0.000000000
69.861000000,1.139000000,0.000000000
69.869000000,1.131000000,0.000000000
69.881000000,1.119000000,0.000000000
69.894000000,1.106000000,0.000000000
69.903000000,1.097000000,0.000000000
69.909000000,1.091000000,0.000000000
69.918000000,1.082000000,0.000000000
69.926000000,1.074000000,0.000000000
69.933000000,1.067000000,0.000000000
69.943000000,1.057000000,0.000000000
69.951000000,1.049000000,0.000000000
69.960000000,1.040000000,0.000000000
69.972000000,1.028000000,0.000000000
69.984000000,1.016000000,0.000000000
69.997000000,1.003000000,0.000000000
70.012000000,0.988000000,0.000000000
70.024000000,0.976000000,0.000000000
70.033000000,0.967000000,0.000000000
70.044000000,0.956000000,0.000000000
70.053000000,0.947000000,0.000000000
70.061000000,0.939000000,0.000000000
70.070000000,0.930000000,0.000000000
70.076000000,0.924000000,0.000000000
70.087000000,0.913000000,0.000000000
70.099000000,0.901000000,0.000000000
70.106000000,0.894000000,0.000000000
70.114000000,0.886000000,0.000000000
70.124000000,0.876000000,0.000000000
70.133000000,0.867000000,0.000000000
70.141000000,0.859000000,0.000000000
70.148000000,0.852000000,0.000000000
70.158000000,0.842000000,0.000000000
70.167000000,0.833000000,0.000000000
70.176000000,0.824000000,0.000000000
70.185000000,0.815000000,0.000000000
70.196000000,0.804000000,0.000000000
70.205000000,0.795000000,0.000000000
70.218000000,0.782000000,0.000000000
70.231000000,0.769000000,0.000000000
70.246000000,0.754000000,0.000000000
70.260000000,0.740000000,0.000000000
70.271000000,0.729000000,0.000000000
70.282000000,0.718000000,0.000000000
70.291000000,0.709000000,0.000000000
70.303000000,0.697000000,0.000000000
70.315000000,0.685000000,0.000000000
70.321000000,0.679000000,0.000000000
70.330000000,0.670000000,0.000000000
70.336000000,0.664000000,0.000000000
70.351000000,0.649000000,0.000000000
70.358000000,0.642000000,0.000000000
70.364000000,0.636000000,0.000000000
70.373000000,0.627000000,0.000000000
70.383000000,0.617000000,0.000000000
70.394000000,0.606000000,0.000000000
70.403000000,0.597000000,0.000000000
70.417000000,0.583000000,0.000000000
70.426000000,0.574000000,0.000000000
70.436000000,0.564000000,0.000000000
70.445000000,0.555000000,0.000000000
70.457000000,0.543000000,0.000000000
70.464000000,0.536000000,0.000000000
70.478000000,0.522000000,0.000000000
70.486000000,0.514000000,0.000000000
70.497000000,0.503000000,0.000000000
70.511000000,0.489000000,0.000000000
70.528000000,0.472000000,0.000000000
70.544000000,0.456000000,0.000000000
70.558000000,0.442000000,0.000000000
70.570000000,0.430000000,0.000000000
70.582000000,0.418000000,0.000000000
70.589000000,0.411000000,0.000000000
70.604000000,0.396000000,0.000000000
70.618000000,0.382000000,0.000000000
70.635000000,0.365000000,0.000000000
70.650000000,0.350000000,0.000000000
70.656000000,0.344000000,0.000000000
70.671000000,0.329000000,0.000000000
70.688000000,0.312000000,0.000000000
70.704000000,0.296000000,0.000000000
70.718000000,0.282000000,0.000000000
70.729000000,0.271000000,0.000000000
70.739000000,0.261000000,0.000000000
70.751000000,0.249000000,0.000000000
70.761000000,0.239000000,0.000000000
70.769000000,0.231000000,0.000000000
70.776000000,0.224000000,0.000000000
70.780000000,0.220000000,0.000000000
70.789000000,0.211000000,0.000000000
70.801000000,0.199000000,0.000000000
70.811000000,0.189000000,0.000000000
70.818000000,0.182000000,0.000000000
70.826000000,0.174000000,0.000000000
70.842000000,0.158000000,0.000000000
70.851000000,0.149000000,0.000000000
70.861000000,0.139000000,0.000000000
70.864000000,0.136000000,0.000000000
70.872000000,0.128000000,0.000000000
70.884000000,0.116000000,0.000000000
70.897000000,0.103000000,0.000000000
70.905000000,0.095000000,0.000000000
70.920000000,0.080000000,0.000000000
70.935000000,0.065000000,0.000000000
70.950000000,0.050000000,0.000000000
70.966000000,0.034000000,0.000000000
70.978000000,0.022000000,0.000000000
70.991000000,0.009000000,0.000000000
71.005000000,-0.005000000,0.000000000
71.015000000,-0.015000000,0.000000000
71.027000000,-0.027000000,0.000000000
71.040000000,-0.040000000,0.000000000
71.045000000,-0.045000000,0.000000000
71.058000000,-0.058000000,0.000000000
71.065000000,-0.065000000,0.000000000
71.077000000,-0.077000000,0.000000000
71.083000000,-0.083000000,0.000000000
71.097000000,-0.097000000,0.000000000
71.101000000,-0.101000000,0.000000000
71.110000000,-0.110000000,0.000000000
71.123000000,-0.123000000,0.000000000
71.132000000,-0.132000000,0.000000000
71.142000000,-0.142000000,0.000000000
71.151000000,-0.151000000,0.000000000
71.165000000,-0.165000000,0.000000000
71.179000000,-0.179000000,0.000000000
71.194000000,-0.194000000,0.000000000
71.208000000,-0.208000000,0.000000000
71.220000000,-0.220000000,0.000000000
71.227000000,-0.227000000,0.000000000
71.245000000,-0.245000000,0.000000000
71.260000000,-0.260000000,0.000000000
71.275000000,-0.275000000,0.000000000
71.288000000,-0.288000000,0.000000000
71.301000000,-0.301000000,0.000000000
71.311000000,-0.311000000,0.000000000
71.321000000,-0.321000000,0.000000000
71.330000000,-0.330000000,0.000000000
71.342000000,-0.342000000,0.000000000
71.349000000,-0.349000000,0.000000000
71.362000000,-0.362000000,0.000000000
71.368000000,-0.368000000,0.000000000
71.379000000,-0.379000000,0.000000000
71.393000000,-0.393000000,0.000000000
71.402000000,-0.402000000,0.000000000
71.408000000,-0.408000000,0.000000000
71.422000000,-0.422000000,0.000000000
71.435000000,-0.435000000,0.000000000
71.442000000,-0.442000000,0.000000000
71.452000000,-0.452000000,0.000000000
71.459000000,-0.459000000,0.000000000
71.469000000,-0.469000000,0.000000000
71.481000000,-0.481000000,0.000000000
71.490000000,-0.490000000,0.000000000
71.498000000,-0.498000000,0.000000000
71.511000000,-0.511000000,0.000000000
71.522000000,-0.522000000,0.000000000
71.530000000,-0.530000000,0.000000000
71.535000000,-0.535000000,0.000000000
71.544000000,-0.544000000,0.000000000
71.552000000,-0.552000000,0.000000000
71.566000000,-0.566000000,0.000000000
71.574000000,-0.574000000,0.000000000
71.579000000,-0.579000000,0.000000000
71.586000000,-0.586000000,0.000000000
71.596000000,-0.596000000,0.000000000
71.603000000,-0.603000000,0.000000000
71.614000000,-0.614000000,0.000000000
71.630000000,-0.630000000,0.000000000
71.636000000,-0.636000000,0.000000000
71.644000000,-0.644000000,0.000000000
71.655000000,-0.655000000,0.000000000
71.662000000,-0.662000000,0.000000000
71.674000000,-0.674000000,0.000000000
71.687000000,-0.687000000,0.000000000
71.694000000,-0.694000000,0.000000000
71.699000000,-0.699000000,0.000000000
71.707000000,-0.707000000,0.000000000
71.712000000,-0.712000000,0.000000000
71.720000000,-0.720000000,0.000000000
71.728000000,-0.728000000,0.000000000
71.738000000,-0.738000000,0.000000000
71.748000000,-0.748000000,0.000000000
71.755000000,-0.755000000,0.000000000
71.767000000,-0.767000000,0.000000000
71.774000000,-0.774000000,0.000000000
71.783000000,-0.783000000,0.000000000
71.793000000,-0.793000000,0.000000000
71.801000000,-0.801000000,0.000000000
71.806000000,-0.806000000,0.000000000
71.812000000,-0.812000000,0.000000000
71.821000000,-0.821000000,0.000000000
71.830000000,-0.830000000,0.000000000
71.843000000,-0.843000000,0.000000000
71.856000000,-0.856000000,0.000000000
71.868000000,-0.868000000,0.000000000
71.876000000,-0.876000000,0.000000000
71.887000000,-0.887000000,0.000000000
71.897000000,-0.897000000,0.000000000
71.905000000,-0.905000000,0.000000000
71.913000000,-0.913000000,0.000000000
71.921000000,-0.921000000,0.000000000
71.934000000,-0.934000000,0.000000000
71.946000000,-0.946000000,0.000000000
71.953000000,-0.953000000,0.000000000
71.963000000,-0.963000000,0.000000000
71.977000000,-0.977000000,0.000000000
71.987000000,-0.987000000,0.000000000
71.996000000,-0.996000000,0.000000000
72.008000000,-0.992000000,0.000000000
72.022000000,-0.978000000,0.000000000
72.029000000,-0.971000000,0.000000000
72.043000000,-0.957000000,0.000000000
72.055000000,-0.945000000,0.000000000
72.067000000,-0.933000000,0.000000000
72.081000000,-0.919000000,0.000000000
72.095000000,-0.905000000,0.000000000
72.107000000,-0.893000000,0.000000000
72.119000000,-0.881000000,0.000000000
72.128000000,-0.872000000,0.000000000
72.139000000,-0.861000000,0.000000000
72.146000000,-0.854000000,0.000000000
72.157000000,-0.843000000,0.000000000
72.162000000,-0.838000000,0.000000000
72.173000000,-0.827000000,0.000000000
72.182000000,-0.818000000,0.000000000
72.192000000,-0.808000000,0.000000000
72.206000000,-0.794000000,0.000000000
72.216000000,-0.784000000,0.000000000
72.229000000,-0.771000000,0.000000000
72.242000000,-0.758000000,0.000000000
72.256000000,-0.744000000,0.000000000
72.271000000,-0.729000000,0.000000000
72.281000000,-0.719000000,0.000000000
72.292000000,-0.708000000,0.000000000
72.305000000,-0.695000000,0.000000000
72.316000000,-0.684000000,0.000000000
72.328000000,-0.672000000,0.000000000
72.334000000,-0.666000000,0.000000000
72.342000000,-0.658000000,0.000000000
72.355000000,-0.645000000,0.000000000
72.365000000,-0.635000000,0.000000000
72.373000000,-0.627000000,0.000000000
72.384000000,-0.616000000,0.000000000
72.394000000,-0.606000000,0.000000000
72.406000000,-0.594000000,0.000000000
72.415000000,-0.585000000,0.000000000
72.423000000,-0.577000000,0.000000000
72.436000000,-0.564000000,0.000000000
72.452000000,-0.548000000,0.000000000
72.465000000,-0.535000000,0.000000000
72.478000000,-0.522000000,0.000000000
72.487000000,-0.513000000,0.000000000
72.500000000,-0.500000000,0.000000000
72.512000000,-0.488000000,0.000000000
72.520000000,-0.480000000,0.000000000
72.528000000,-0.472000000,0.000000000
72.543000000,-0.457000000,0.000000000
72.555000000,-0.445000000,0.000000000
72.568000000,-0.432000000,0.000000000
72.579000000,-0.421000000,0.000000000
72.589000000,-0.411000000,0.000000000
72.602000000,-0.398000000,0.000000000
72.610000000,-0.390000000,0.000000000
72.621000000,-0.379000000,0.000000000
72.629000000,-0.371000000,0.000000000
72.643000000,-0.357000000,0.000000000
72.659000000,-0.341000000,0.000000000
72.671000000,-0.329000000,0.000000000
72.682000000,-0.318000000,0.000000000
72.695000000,-0.305000000,0.000000000
72.709000000,-0.291000000,0.000000000
72.723000000,-0.277000000,0.000000000
72.736000000,-0.264000000,0.000000000
72.746000000,-0.254000000,0.000000000
72.758000000,-0.242000000,0.000000000
72.769000000,-0.231000000,0.000000000
72.780000000,-0.220000000,0.000000000
72.791000000,-0.209000000,0.000000000
72.800000000,-0.200000000,0.000000000
72.809000000,-0.191000000,0.000000000
72.825000000,-0.175000000,0.000000000
72.837000000,-0.163000000,0.000000000
72.850000000,-0.150000000,0.000000000
72.864000000,-0.136000000,0.000000000
72.874000000,-0.126000000,0.000000000
72.882000000,-0.118000000,0.000000000
72.892000000,-0.108000000,0.000000000
72.903000000,-0.097000000,0.000000000
72.916000000,-0.084000000,0.000000000
72.933000000,-0.067000000,0.000000000
72.939000000,-0.061000000,0.000000000
72.949000000,-0.051000000,0.000000000
72.961000000,-0.039000000,0.000000000
72.969000000,-0.031000000,0.000000000
72.979000000,-0.021000000,0.000000000
72.987000000,-0.013000000,0.000000000
72.997000000,-0.003000000,0.000000000
73.002000000,0.002000000,0.000000000
73.008000000,0.008000000,0.000000000
73.019000000,0.019000000,0.000000000
73.029000000,0.029000000,0.000000000
73.040000000,0.040000000,0.000000000
73.050000000,0.050000000,0.000000000
73.057000000,0.057000000,0.000000000
73.069000000,0.069000000,0.000000000
73.080000000,0.080000000,0.000000000
73.090000000,0.090000000,0.000000000
73.105000000,0.105000000,0.000000000
73.117000000,0.117000000,0.000000000
73.126000000,0.126000000,0.000000000
73.140000000,0.140000000,0.000000000
73.155000000,0.155000000,0.000000000
73.163000000,0.163000000,0.000000000
73.172000000,0.172000000,0.000000000
73.180000000,0.180000000,0.000000000
73.188000000,0.188000000,0.000000000
73.195000000,0.195000000,0.000000000
73.207000000,0.207000000,0.000000000
73.216000000,0.216000000,0.000000000
73.227000000,0.227000000,0.000000000
73.234000000,0.234000000,0.000000000
73.240000000,0.240000000,0.000000000
73.250000000,0.250000000,0.000000000
73.264000000,0.264000000,0.000000000
73.275000000,0.275000000,0.000000000
73.285000000,0.285000000,0.000000000
73.294000000,0.294000000,0.000000000
73.304000000,0.304000000,0.000000000
73.321000000,0.321000000,0.000000000
73.333000000,0.333000000,0.000000000
73.350000000,0.350000000,0.000000000
73.363000000,0.363000000,0.000000000
73.370000000,0.370000000,0.000000000
73.382000000,0.382000000,0.000000000
73.391000000,0.391000000,0.000000000
73.402000000,0.402000000,0.000000000
73.412000000,0.412000000,0.000000000
73.423000000,0.423000000,0.000000000
73.433000000,0.433000000,0.000000000
73.443000000,0.443000000,0.000000000
73.457000000,0.457000000,0.000000000
73.467000000,0.467000000,0.000000000
73.475000000,0.475000000,0.000000000
73.489000000,0.489000000,0.000000000
73.499000000,0.499000000,0.000000000
73.504000000,0.504000000,0.000000000
73.510000000,0.510000000,0.000000000
73.517000000,0.517000000,0.000000000
73.531000000,0.531000000,0.000000000
73.542000000,0.542000000,0.000000000
73.552000000,0.552000000,0.000000000
73.560000000,0.560000000,0.000000000
73.570000000,0.570000000,0.000000000
73.581000000,0.581000000,0.000000000
73.596000000,0.596000000,0.000000000
73.611000000,0.611000000,0.000000000
73.623000000,0.623000000,0.000000000
73.633000000,0.633000000,0.000000000
73.640000000,0.640000000,0.000000000
73.647000000,0.647000000,0.000000000
73.660000000,0.660000000,0.000000000
73.671000000,0.671000000,0.000000000
73.679000000,0.679000000,0.000000000
73.691000000,0.691000000,0.000000000
73.701000000,0.701000000,0.000000000
73.714000000,0.714000000,0.000000000
73.728000000,0.728000000,0.000000000
73.742000000,0.742000000,0.000000000
73.759000000,0.759000000,0.000000000
73.775000000,0.775000000,0.000000000
73.786000000,0.786000000,0.000000000
73.794000000,0.794000000,0.000000000
73.808000000,0.808000000,0.000000000
73.817000000,0.817000000,0.000000000
73.830000000,0.830000000,0.000000000
73.841000000,0.841000000,0.000000000
73.848000000,0.848000000,0.000000000
73.855000000,0.855000000,0.000000000
73.863000000,0.863000000,0.000000000
73.878000000,0.878000000,0.000000000
73.884000000,0.884000000,0.000000000
73.891000000,0.891000000,0.000000000
73.898000000,0.898000000,0.000000000
73.911000000,0.911000000,0.000000000
73.923000000,0.923000000,0.000000000
73.935000000,0.935000000,0.000000000
73.942000000,0.942000000,0.000000000
73.946000000,0.946000000,0.000000000
73.957000000,0.957000000,0.000000000
73.968000000,0.968000000,0.000000000
73.980000000,0.980000000,0.000000000
73.990000000,0.990000000,0.000000000
74.990000000,1.000000000,0.000000000
74.013000000,1.013000000,0.000000000
74.023000000,1.023000000,0.000000000
74.037000000,1.037000000,0.000000000
74.051000000,1.051000000,0.000000000
74.065000000,1.065000000,0.000000000
74.076000000,1.076000000,0.000000000
74.083000000,1.083000000,0.000000000
74.095000000,1.095000000,0.000000000
74.107000000,1.107000000,0.000000000
74.117000000,1.117000000,0.000000000
74.125000000,1.125000000,0.000000000
74.134000000,1.134000000,0.000000000
74.144000000,1.144000000,0.000000000
74.157000000,1.157000000,0.000000000
74.169000000,1.169000000,0.000000000
74.182000000,1.182000000,0.000000000
74.190000000,1.190000000,0.000000000
74.196000000,1.196000000,0.000000000
74.204000000,1.204000000,0.000000000
74.211000000,1.211000000,0.000000000
74.223000000,1.223000000,0.000000000
74.236000000,1.236000000,0.000000000
74.250000000,1.250000000,0.000000000
74.259000000,1.259000000,0.000000000
74.273000000,1.273000000,0.000000000
74.285000000,1.285000000,0.000000000
74.298000000,1.298000000,0.000000000
74.310000000,1.310000000,0.000000000
74.323000000,1.323000000,0.000000000
74.330000000,1.330000000,0.000000000
74.341000000,1.341000000,0.000000000
74.354000000,1.354000000,0.000000000
74.367000000,1.367000000,0.000000000
74.378000000,1.378000000,0.000000000
74.388000000,1.388000000,0.000000000
74.401000000,1.401000000,0.000000000
74.408000000,1.408000000,0.000000000
74.417000000,1.417000000,0.000000000
74.430000000,1.430000000,0.000000000
74.439000000,1.439000000,0.000000000
74.453000000,1.453000000,0.000000000
74.462000000,1.462000000,0.000000000
74.480000000,1.480000000,0.000000000
74.493000000,1.493000000,0.000000000
74.510000000,1.510000000,0.000000000
74.525000000,1.525000000,0.000000000
74.537000000,1.537000000,0.000000000
74.552000000,1.552000000,0.000000000
74.564000000,1.564000000,0.000000000
74.582000000,1.582000000,0.000000000
74.596000000,1.596000000,0.000000000
74.604000000,1.604000000,0.000000000
74.614000000,1.614000000,0.000000000
74.631000000,1.631000000,0.000000000
74.644000000,1.644000000,0.000000000
74.657000000,1.657000000,0.000000000
74.670000000,1.670000000,0.000000000
74.685000000,1.685000000,0.000000000
74.697000000,1.697000000,0.000000000
74.713000000,1.713000000,0.000000000
74.731000000,1.731000000,0.000000000
74.749000000,1.749000000,0.000000000
74.765000000,1.765000000,0.000000000
74.776000000,1.776000000,0.000000000
74.789000000,1.789000000,0.000000000
74.802000000,1.802000000,0.000000000
74.810000000,1.810000000,0.000000000
74.823000000,1.823000000,0.000000000
74.828000000,1.828000000,0.000000000
74.843000000,1.843000000,0.000000000
74.856000000,1.856000000,0.000000000
74.864000000,1.864000000,0.000000000
74.872000000,1.872000000,0.000000000
74.878000000,1.878000000,0.000000000
74.887000000,1.887000000,0.000000000
74.896000000,1.896000000,0.000000000
74.908000000,1.908000000,0.000000000
74.916000000,1.916000000,0.000000000
74.927000000,1.927000000,0.000000000
74.941000000,1.941000000,0.000000000
74.953000000,1.953000000,0.000000000
74.965000000,1.965000000,0.000000000
74.977000000,1.977000000,0.000000000
74.990000000,1.990000000,0.000000000
75.001000000,2.001000000,0.000000000
75.008000000,2.008000000,0.000000000
75.021000000,2.021000000,0.000000000
75.038000000,2.038000000,0.000000000
75.055000000,2.055000000,0.000000000
75.071000000,2.071000000,0.000000000
75.088000000,2.088000000,0.000000000
75.102000000,2.102000000,0.000000000
75.114000000,2.114000000,0.000000000
75.120000000,2.120000000,0.000000000
75.134000000,2.134000000,0.000000000
75.149000000,2.149000000,0.000000000
75.164000000,2.164000000,0.000000000
75.180000000,2.180000000,0.000000000
75.191000000,2.191000000,0.000000000
75.205000000,2.205000000,0.000000000
75.219000000,2.219000000,0.000000000
75.230000000,2.230000000,0.000000000
75.238000000,2.238000000,0.000000000
75.250000000,2.250000000,0.000000000
75.268000000,2.268000000,0.000000000
75.283000000,2.283000000,0.000000000
75.301000000,2.301000000,0.000000000
75.315000000,2.315000000,0.000000000
75.327000000,2.327000000,0.000000000
75.341000000,2.341000000,0.000000000
75.355000000,2.355000000,0.000000000
75.368000000,2.368000000,0.000000000
75.380000000,2.380000000,0.000000000
75.391000000,2.391000000,0.000000000
75.398000000,2.398000000,0.000000000
75.408000000,2.408000000,0.000000000
75.420000000,2.420000000,0.000000000
75.434000000,2.434000000,0.000000000
75.449000000,2.449000000,0.000000000
75.458000000,2.458000000,0.000000000
75.473000000,2.473000000,0.000000000
75.487000000,2.487000000,0.000000000
75.498000000,2.498000000,0.000000000
75.508000000,2.508000000,0.000000000
75.523000000,2.523000000,0.000000000
75.533000000,2.533000000,0.000000000
75.543000000,2.543000000,0.000000000
75.559000000,2.559000000,0.000000000
75.570000000,2.570000000,0.000000000
75.576000000,2.576000000,0.000000000
75.583000000,2.583000000,0.000000000
75.594000000,2.594000000,0.000000000
75.604000000,2.604000000,0.000000000
75.616000000,2.616000000,0.000000000
75.622000000,2.622000000,0.000000000
75.631000000,2.631000000,0.000000000
75.642000000,2.642000000,0.000000000
75.652000000,2.652000000,0.000000000
75.668000000,2.668000000,0.000000000
75.684000000,2.684000000,0.000000000
75.694000000,2.694000000,0.000000000
75.708000000,2.708000000,0.000000000
75.717000000,2.717000000,0.000000000
75.725000000,2.725000000,0.000000000
75.742000000,2.742000000,0.000000000
75.754000000,2.754000000,0.000000000
75.765000000,2.765000000,0.000000000
75.774000000,2.774000000,0.000000000
75.785000000,2.785000000,0.000000000
75.798000000,2.798000000,0.000000000
75.809000000,2.809000000,0.000000000
75.821000000,2.821000000,0.000000000
75.832000000,2.832000000,0.000000000
75.840000000,2.840000000,0.000000000
75.849000000,2.849000000,0.000000000
75.861000000,2.861000000,0.000000000
75.874000000,2.874000000,0.000000000
75.885000000,2.885000000,0.000000000
75.892000000,2.892000000,0.000000000
75.897000000,2.897000000,0.000000000
75.904000000,2.904000000,0.000000000
75.908000000,2.908000000,0.000000000
75.916000000,2.916000000,0.000000000
75.924000000,2.924000000,0.000000000
75.929000000,2.929000000,0.000000000
75.932000000,2.932000000,0.000000000
75.938000000,2.938000000,0.000000000
75.949000000,2.949000000,0.000000000
75.956000000,2.956000000,0.000000000
75.969000000,2.969000000,0.000000000
75.980000000,2.980000000,0.000000000
75.988000000,2.988000000,0.000000000
76.001000000,3.001000000,0.000000000
76.017000000,3.017000000,0.000000000
76.029000000,3.029000000,0.000000000
76.037000000,3.037000000,0.000000000
76.046000000,3.046000000,0.000000000
76.061000000,3.061000000,0.000000000
76.071000000,3.071000000,0.000000000
76.083000000,3.083000000,0.000000000
76.091000000,3.091000000,0.000000000
76.102000000,3.102000000,0.000000000
76.118000000,3.118000000,0.000000000
76.130000000,3.130000000,0.000000000
76.139000000,3.139000000,0.000000000
76.148000000,3.148000000,0.000000000
76.156000000,3.156000000,0.000000000
76.172000000,3.172000000,0.000000000
76.186000000,3.186000000,0.000000000
76.200000000,3.200000000,0.000000000
76.207000000,3.207000000,0.000000000
76.223000000,3.223000000,0.000000000
76.234000000,3.234000000,0.000000000
76.245000000,3.245000000,0.000000000
76.252000000,3.252000000,0.000000000
76.263000000,3.263000000,0.000000000
76.276000000,3.276000000,0.000000000
76.289000000,3.289000000,0.000000000
76.300000000,3.300000000,0.000000000
76.316000000,3.316000000,0.000000000
76.329000000,3.329000000,0.000000000
76.344000000,3.344000000,0.000000000
76.358000000,3.358000000,0.000000000
76.367000000,3.367000000,0.000000000
76.378000000,3.378000000,0.000000000
76.390000000,3.390000000,0.000000000
76.396000000,3.396000000,0.000000000
76.407000000,3.407000000,0.000000000
76.416000000,3.416000000,0.000000000
76.423000000,3.423000000,0.000000000
76.435000000,3.435000000,0.000000000
76.443000000,3.443000000,0.000000000
76.448000000,3.448000000,0.000000000
76.458000000,3.458000000,0.000000000
76.469000000,3.469000000,0.000000000
76.479000000,3.479000000,0.000000000
76.487000000,3.487000000,0.000000000
76.502000000,3.502000000,0.000000000
76.515000000,3.515000000,0.000000000
76.525000000,3.525000000,0.000000000
76.535000000,3.535000000,0.000000000
76.550000000,3.550000000,0.000000000
76.563000000,3.563000000,0.000000000
76.575000000,3.575000000,0.000000000
76.589000000,3.589000000,0.000000000
76.601000000,3.601000000,0.000000000
76.608000000,3.608000000,0.000000000
76.619000000,3.619000000,0.000000000
76.630000000,3.630000000,0.000000000
76.635000000,3.635000000,0.000000000
76.646000000,3.646000000,0.000000000
76.657000000,3.657000000,0.000000000
76.666000000,3.666000000,0.000000000
76.678000000,3.678000000,0.000000000
76.691000000,3.691000000,0.000000000
76.698000000,3.698000000,0.000000000
76.706000000,3.706000000,0.000000000
76.719000000,3.719000000,0.000000000
76.726000000,3.726000000,0.000000000
76.735000000,3.735000000,0.000000000
76.750000000,3.750000000,0.000000000
76.766000000,3.766000000,0.000000000
76.780000000,3.780000000,0.000000000
76.789000000,3.789000000,0.000000000
76.803000000,3.803000000,0.000000000
76.820000000,3.820000000,0.000000000
76.834000000,3.834000000,0.000000000
76.839000000,3.839000000,0.000000000
76.850000000,3.850000000,0.000000000
76.857000000,3.857000000,0.000000000
76.862000000,3.862000000,0.000000000
76.870000000,3.870000000,0.000000000
76.876000000,3.876000000,0.000000000
76.891000000,3.891000000,0.000000000
76.901000000,3.901000000,0.000000000
76.914000000,3.914000000,0.000000000
76.925000000,3.925000000,0.000000000
76.937000000,3.937000000,0.000000000
76.945000000,3.945000000,0.000000000
76.958000000,3.958000000,0.000000000
76.971000000,3.971000000,0.000000000
76.979000000,3.979000000,0.000000000
76.986000000,3.986000000,0.000000000
76.999000000,3.999000000,0.000000000
77.014000000,4.014000000,0.000000000
77.026000000,4.026000000,0.000000000
77.040000000,4.040000000,0.000000000
77.054000000,4.054000000,0.000000000
77.068000000,4.068000000,0.000000000
77.077000000,4.077000000,0.000000000
77.088000000,4.088000000,0.000000000
77.096000000,4.096000000,0.000000000
77.106000000,4.106000000,0.000000000
77.114000000,4.114000000,0.000000000
77.122000000,4.122000000,0.000000000
77.132000000,4.132000000,0.000000000
77.145000000,4.145000000,0.000000000
77.155000000,4.155000000,0.000000000
77.165000000,4.165000000,0.000000000
77.181000000,4.181000000,0.000000000
77.192000000,4.192000000,0.000000000
77.202000000,4.202000000,0.000000000
77.208000000,4.208000000,0.000000000
77.221000000,4.221000000,0.000000000
77.234000000,4.234000000,0.000000000
77.243000000,4.243000000,0.000000000
77.254000000,4.254000000,0.000000000
77.264000000,4.264000000,0.000000000
77.274000000,4.274000000,0.000000000
77.287000000,4.287000000,0.000000000
77.305000000,4.305000000,0.000000000
77.311000000,4.311000000,0.000000000
77.323000000,4.323000000,0.000000000
77.334000000,4.334000000,0.000000000
77.343000000,4.343000000,0.000000000
77.352000000,4.352000000,0.000000000
77.365000000,4.365000000,0.000000000
77.372000000,4.372000000,0.000000000
77.380000000,4.380000000,0.000000000
77.386000000,4.386000000,0.000000000
77.397000000,4.397000000,0.000000000
77.403000000,4.403000000,0.000000000
77.415000000,4.415000000,0.000000000
77.420000000,4.420000000,0.000000000
77.428000000,4.428000000,0.000000000
77.441000000,4.441000000,0.000000000
77.445000000,4.445000000,0.000000000
77.457000000,4.457000000,0.000000000
77.467000000,4.467000000,0.000000000
77.473000000,4.473000000,0.000000000
77.481000000,4.481000000,0.000000000
77.488000000,4.488000000,0.000000000
77.500000000,4.500000000,0.000000000
77.512000000,4.512000000,0.000000000
77.522000000,4.522000000,0.000000000
77.535000000,4.535000000,0.000000000
77.549000000,4.549000000,0.000000000
77.561000000,4.561000000,0.000000000
77.570000000,4.570000000,0.000000000
77.573000000,4.573000000,0.000000000
77.583000000,4.583000000,0.000000000
77.587000000,4.587000000,0.000000000
77.596000000,4.596000000,0.000000000
77.602000000,4.602000000,0.000000000
77.612000000,4.612000000,0.000000000
77.620000000,4.620000000,0.000000000
77.627000000,4.627000000,0.000000000
77.641000000,4.641000000,0.000000000
77.649000000,4.649000000,0.000000000
77.652000000,4.652000000,0.000000000
77.659000000,4.659000000,0.000000000
77.664000000,4.664000000,0.000000000
77.670000000,4.670000000,0.000000000
77.675000000,4.675000000,0.000000000
77.679000000,4.679000000,0.000000000
77.682000000,4.682000000,0.000000000
77.685000000,4.685000000,0.000000000
77.693000000,4.693000000,0.000000000
77.699000000,4.699000000,0.000000000
77.705000000,4.705000000,0.000000000
77.712000000,4.712000000,0.000000000
77.723000000,4.723000000,0.000000000
77.734000000,4.734000000,0.000000000
77.748000000,4.748000000,0.000000000
77.758000000,4.758000000,0.000000000
77.764000000,4.764000000,0.000000000
77.771000000,4.771000000,0.000000000
77.781000000,4.781000000,0.000000000
77.795000000,4.795000000,0.000000000
77.805000000,4.805000000,0.000000000
77.811000000,4.811000000,0.000000000
77.815000000,4.815000000,0.000000000
77.824000000,4.824000000,0.000000000
77.834000000,4.834000000,0.000000000
77.843000000,4.843000000,0.000000000
77.853000000,4.853000000,0.000000000
77.862000000,4.862000000,0.000000000
77.872000000,4.872000000,0.000000000
77.878000000,4.878000000,0.000000000
77.885000000,4.885000000,0.000000000
77.892000000,4.892000000,0.000000000
77.898000000,4.898000000,0.000000000
77.906000000,4.906000000,0.000000000
77.913000000,4.913000000,0.000000000
77.916000000,4.916000000,0.000000000
77.924000000,4.924000000,0.000000000
77.934000000,4.934000000,0.000000000
77.943000000,4.943000000,0.000000000
77.948000000,4.948000000,0.000000000
77.958000000,4.958000000,0.000000000
77.973000000,4.973000000,0.000000000
77.984000000,4.984000000,0.000000000
77.995000000,4.995000000,0.000000000
78.002000000,4.998000000,0.000000000
78.007000000,4.993000000,0.000000000
78.015000000,4.985000000,0.000000000
78.022000000,4.978000000,0.000000000
78.027000000,4.973000000,0.000000000
78.041000000,4.959000000,0.000000000
78.056000000,4.944000000,0.000000000
78.065000000,4.935000000,0.000000000
78.075000000,4.925000000,0.000000000
78.085000000,4.915000000,0.000000000
78.099000000,4.901000000,0.000000000
78.105000000,4.895000000,0.000000000
78.117000000,4.883000000,0.000000000
78.125000000,4.875000000,0.000000000
78.131000000,4.869000000,0.000000000
78.137000000,4.863000000,0.000000000
78.144000000,4.856000000,0.000000000
78.154000000,4.846000000,0.000000000
78.160000000,4.840000000,0.000000000
78.171000000,4.829000000,0.000000000
78.176000000,4.824000000,0.000000000
78.182000000,4.818000000,0.000000000
78.193000000,4.807000000,0.000000000
78.203000000,4.797000000,0.000000000
78.209000000,4.791000000,0.000000000
78.215000000,4.785000000,0.000000000
78.221000000,4.779000000,0.000000000
78.229000000,4.771000000,0.000000000
78.241000000,4.759000000,0.000000000
78.256000000,4.744000000,0.000000000
78.268000000,4.732000000,0.000000000
78.283000000,4.717000000,0.000000000
78.298000000,4.702000000,0.000000000
78.310000000,4.690000000,0.000000000
78.318000000,4.682000000,0.000000000
78.327000000,4.673000000,0.000000000
78.336000000,4.664000000,0.000000000
78.346000000,4.654000000,0.000000000
78.362000000,4.638000000,0.000000000
78.375000000,4.625000000,0.000000000
78.387000000,4.613000000,0.000000000
78.400000000,4.600000000,0.000000000
78.411000000,4.589000000,0.000000000
78.421000000,4.579000000,0.000000000
78.434000000,4.566000000,0.000000000
78.451000000,4.549000000,0.000000000
78.467000000,4.533000000,0.000000000
78.479000000,4.521000000,0.000000000
78.487000000,4.513000000,0.000000000
78.503000000,4.497000000,0.000000000
78.519000000,4.481000000,0.000000000
78.536000000,4.464000000,0.000000000
78.549000000,4.451000000,0.000000000
78.561000000,4.439000000,0.000000000
78.568000000,4.432000000,0.000000000
78.578000000,4.422000000,0.000000000
78.584000000,4.416000000,0.000000000
78.596000000,4.404000000,0.000000000
78.606000000,4.394000000,0.000000000
78.618000000,4.382000000,0.000000000
78.622000000,4.378000000,0.000000000
78.627000000,4.373000000,0.000000000
78.633000000,4.367000000,0.000000000
78.641000000,4.359000000,0.000000000
78.653000000,4.347000000,0.000000000
78.663000000,4.337000000,0.000000000
78.670000000,4.330000000,0.000000000
78.677000000,4.323000000,0.000000000
78.684000000,4.316000000,0.000000000
78.690000000,4.310000000,0.000000000
78.700000000,4.300000000,0.000000000
78.713000000,4.287000000,0.000000000
78.721000000,4.279000000,0.000000000
78.728000000,4.272000000,0.000000000
78.734000000,4.266000000,0.000000000
78.735000000,4.265000000,0.000000000
78.737000000,4.263000000,0.000000000
78.745000000,4.255000000,0.000000000
78.753000000,4.247000000,0.000000000
78.760000000,4.240000000,0.000000000
78.766000000,4.234000000,0.000000000
78.773000000,4.227000000,0.000000000
78.780000000,4.220000000,0.000000000
78.793000000,4.207000000,0.000000000
78.804000000,4.196000000,0.000000000
78.814000000,4.186000000,0.000000000
78.824000000,4.176000000,0.000000000
78.832000000,4.168000000,0.000000000
78.838000000,4.162000000,0.000000000
78.843000000,4.157000000,0.000000000
78.852000000,4.148000000,0.000000000
78.865000000,4.135000000,0.000000000
78.874000000,4.126000000,0.000000000
78.882000000,4.118000000,0.000000000
78.889000000,4.111000000,0.000000000
78.899000000,4.101000000,0.000000000
78.910000000,4.090000000,0.000000000
78.919000000,4.081000000,0.000000000
78.925000000,4.075000000,0.000000000
78.931000000,4.069000000,0.000000000
78.938000000,4.062000000,0.000000000
78.945000000,4.055000000,0.000000000
78.952000000,4.048000000,0.000000000
78.957000000,4.043000000,0.000000000
78.963000000,4.037000000,0.000000000
78.969000000,4.031000000,0.000000000
78.976000000,4.024000000,0.000000000
78.980000000,4.020000000,0.000000000
78.987000000,4.013000000,0.000000000
78.998000000,4.002000000,0.000000000
79.004000000,3.996000000,0.000000000
79.012000000,3.988000000,0.000000000
79.021000000,3.979000000,0.000000000
79.029000000,3.971000000,0.000000000
79.040000000,3.960000000,0.000000000
79.048000000,3.952000000,0.000000000
79.054000000,3.946000000,0.000000000
79.059000000,3.941000000,0.000000000
79.069000000,3.931000000,0.000000000
79.074000000,3.926000000,0.000000000
79.080000000,3.920000000,0.000000000
79.085000000,3.915000000,0.000000000
79.092000000,3.908000000,0.000000000
79.095000000,3.905000000,0.000000000
79.103000000,3.897000000,0.000000000
79.116000000,3.884000000,0.000000000
79.126000000,3.874000000,0.000000000
79.134000000,3.866000000,0.000000000
79.141000000,3.859000000,0.000000000
79.145000000,3.855000000,0.000000000
79.154000000,3.846000000,0.000000000
79.161000000,3.839000000,0.000000000
79.166000000,3.834000000,0.000000000
79.172000000,3.828000000,0.000000000
79.179000000,3.821000000,0.000000000
79.184000000,3.816000000,0.000000000
79.190000000,3.810000000,0.000000000
79.195000000,3.805000000,0.000000000
79.200000000,3.800000000,0.000000000
79.205000000,3.795000000,0.000000000
79.211000000,3.789000000,0.000000000
79.216000000,3.784000000,0.000000000
79.223000000,3.777000000,0.000000000
79.224000000,3.776000000,0.000000000
79.228000000,3.772000000,0.000000000
79.233000000,3.767000000,0.000000000
79.236000000,3.764000000,0.000000000
79.238000000,3.762000000,0.000000000
79.239000000,3.761000000,0.000000000
79.245000000,3.755000000,0.000000000
79.248000000,3.752000000,0.000000000
79.250000000,3.750000000,0.000000000
79.252000000,3.748000000,0.000000000
79.257000000,3.743000000,0.000000000
79.262000000,3.738000000,0.000000000
79.270000000,3.730000000,0.000000000
79.275000000,3.725000000,0.000000000
79.278000000,3.722000000,0.000000000
79.282000000,3.718000000,0.000000000
79.286000000,3.714000000,0.000000000
79.290000000,3.710000000,0.000000000
79.297000000,3.703000000,0.000000000
79.303000000,3.697000000,0.000000000
79.311000000,3.689000000,0.000000000
79.317000000,3.683000000,0.000000000
79.322000000,3.678000000,0.000000000
79.329000000,3.671000000,0.000000000
79.339000000,3.661000000,0.000000000
79.348000000,3.652000000,0.000000000
79.355000000,3.645000000,0.000000000
79.368000000,3.632000000,0.000000000
79.379000000,3.621000000,0.000000000
79.386000000,3.614000000,0.000000000
79.393000000,3.607000000,0.000000000
79.397000000,3.603000000,0.000000000
79.400000000,3.600000000,0.000000000
79.409000000,3.591000000,0.000000000
79.416000000,3.584000000,0.000000000
79.427000000,3.573000000,0.000000000
79.435000000,3.565000000,0.000000000
79.440000000,3.560000000,0.000000000
79.447000000,3.553000000,0.000000000
79.456000000,3.544000000,0.000000000
79.463000000,3.537000000,0.000000000
79.473000000,3.527000000,0.000000000
79.480000000,3.520000000,0.000000000
79.485000000,3.515000000,0.000000000
79.490000000,3.510000000,0.000000000
79.498000000,3.502000000,0.000000000
79.501000000,3.499000000,0.000000000
79.504000000,3.496000000,0.000000000
79.513000000,3.487000000,0.000000000
79.521000000,3.479000000,0.000000000
79.529000000,3.471000000,0.000000000
79.537000000,3.463000000,0.000000000
79.542000000,3.458000000,0.000000000
79.548000000,3.452000000,0.000000000
79.553000000,3.447000000,0.000000000
79.560000000,3.440000000,0.000000000
79.572000000,3.428000000,0.000000000
79.574000000,3.426000000,0.000000000
79.578000000,3.422000000,0.000000000
79.581000000,3.419000000,0.000000000
79.586000000,3.414000000,0.000000000
79.595000000,3.405000000,0.000000000
79.602000000,3.398000000,0.000000000
79.610000000,3.390000000,0.000000000
79.617000000,3.383000000,0.000000000
79.626000000,3.374000000,0.000000000
79.635000000,3.365000000,0.000000000
79.648000000,3.352000000,0.000000000
79.658000000,3.342000000,0.000000000
79.671000000,3.329000000,0.000000000
79.681000000,3.319000000,0.000000000
79.686000000,3.314000000,0.000000000
79.691000000,3.309000000,0.000000000
79.699000000,3.301000000,0.000000000
79.708000000,3.292000000,0.000000000
79.720000000,3.280000000,0.000000000
79.730000000,3.270000000,0.000000000
79.737000000,3.263000000,0.000000000
79.744000000,3.256000000,0.000000000
79.751000000,3.249000000,0.000000000
79.762000000,3.238000000,0.000000000
79.773000000,3.227000000,0.000000000
79.781000000,3.219000000,0.000000000
79.787000000,3.213000000,0.000000000
79.796000000,3.204000000,0.000000000
79.810000000,3.190000000,0.000000000
79.819000000,3.181000000,0.000000000
79.827000000,3.173000000,0.000000000
79.835000000,3.165000000,0.000000000
79.845000000,3.155000000,0.000000000
79.853000000,3.147000000,0.000000000
79.866000000,3.134000000,0.000000000
79.873000000,3.127000000,0.000000000
79.883000000,3.117000000,0.000000000
79.897000000,3.103000000,0.000000000
79.907000000,3.093000000,0.000000000
79.920000000,3.080000000,0.000000000
79.930000000,3.070000000,0.000000000
79.937000000,3.063000000,0.000000000
79.943000000,3.057000000,0.000000000
79.958000000,3.042000000,0.000000000
79.971000000,3.029000000,0.000000000
79.983000000,3.017000000,0.000000000
79.997000000,3.003000000,0.000000000
80.001000000,2.999000000,0.000000000
80.008000000,2.992000000,0.000000000
80.014000000,2.986000000,0.000000000
80.025000000,2.975000000,0.000000000
80.033000000,2.967000000,0.000000000
80.047000000,2.953000000,0.000000000
80.055000000,2.945000000,0.000000000
80.069000000,2.931000000,0.000000000
80.083000000,2.917000000,0.000000000
80.099000000,2.901000000,0.000000000
80.109000000,2.891000000,0.000000000
80.120000000,2.880000000,0.000000000
80.127000000,2.873000000,0.000000000
80.144000000,2.856000000,0.000000000
80.153000000,2.847000000,0.000000000
80.168000000,2.832000000,0.000000000
80.173000000,2.827000000,0.000000000
80.181000000,2.819000000,0.000000000
80.187000000,2.813000000,0.000000000
80.198000000,2.802000000,0.000000000
80.211000000,2.789000000,0.000000000
80.218000000,2.782000000,0.000000000
80.231000000,2.769000000,0.000000000
80.246000000,2.754000000,0.000000000
80.256000000,2.744000000,0.000000000
80.263000000,2.737000000,0.000000000
80.270000000,2.730000000,0.000000000
80.280000000,2.720000000,0.000000000
80.295000000,2.705000000,0.000000000
80.304000000,2.696000000,0.000000000
80.313000000,2.687000000,0.000000000
80.327000000,2.673000000,0.000000000
80.341000000,2.659000000,0.000000000
80.354000000,2.646000000,0.000000000
80.367000000,2.633000000,0.000000000
80.382000000,2.618000000,0.000000000
80.396000000,2.604000000,0.000000000
80.407000000,2.593000000,0.000000000
80.414000000,2.586000000,0.000000000
80.422000000,2.578000000,0.000000000
80.426000000,2.574000000,0.000000000
80.435000000,2.565000000,0.000000000
80.443000000,2.557000000,0.000000000
80.451000000,2.549000000,0.000000000
80.461000000,2.539000000,0.000000000
80.472000000,2.528000000,0.000000000
80.479000000,2.521000000,0.000000000
80.493000000,2.507000000,0.000000000
80.507000000,2.493000000,0.000000000
80.520000000,2.480000000,0.000000000
80.536000000,2.464000000,0.000000000
80.549000000,2.451000000,0.000000000
80.558000000,2.442000000,0.000000000
80.573000000,2.427000000,0.000000000
80.583000000,2.417000000,0.000000000
80.595000000,2.405000000,0.000000000
80.606000000,2.394000000,0.000000000
80.619000000,2.381000000,0.000000000
80.630000000,2.370000000,0.000000000
80.641000000,2.359000000,0.000000000
80.656000000,2.344000000,0.000000000
80.673000000,2.327000000,0.000000000
80.683000000,2.317000000,0.000000000
80.697000000,2.303000000,0.000000000
80.711000000,2.289000000,0.000000000
80.722000000,2.278000000,0.000000000
80.734000000,2.266000000,0.000000000
80.745000000,2.255000000,0.000000000
80.752000000,2.248000000,0.000000000
80.759000000,2.241000000,0.000000000
80.769000000,2.231000000,0.000000000
80.777000000,2.223000000,0.000000000
80.789000000,2.211000000,0.000000000
80.798000000,2.202000000,0.000000000
80.806000000,2.194000000,0.000000000
80.818000000,2.182000000,0.000000000
80.826000000,2.174000000,0.000000000
80.831000000,2.169000000,0.000000000
80.842000000,2.158000000,0.000000000
80.846000000,2.154000000,0.000000000
80.850000000,2.150000000,0.000000000
80.860000000,2.140000000,0.000000000
80.865000000,2.135000000,0.000000000
80.878000000,2.122000000,0.000000000
80.884000000,2.116000000,0.000000000
80.889000000,2.111000000,0.000000000
80.898000000,2.102000000,0.000000000
80.908000000,2.092000000,0.000000000
80.919000000,2.081000000,0.000000000
80.928000000,2.072000000,0.000000000
80.936000000,2.064000000,0.000000000
80.942000000,2.058000000,0.000000000
80.948000000,2.052000000,0.000000000
80.957000000,2.043000000,0.000000000
80.964000000,2.036000000,0.000000000
80.974000000,2.026000000,0.000000000
80.982000000,2.018000000,0.000000000
80.992000000,2.008000000,0.000000000
81.003000000,1.997000000,0.000000000
81.014000000,1.986000000,0.000000000
81.026000000,1.974000000,0.000000000
81.036000000,1.964000000,0.000000000
81.044000000,1.956000000,0.000000000
81.055000000,1.945000000,0.000000000
81.061000000,1.939000000,0.000000000
81.070000000,1.930000000,0.000000000
81.080000000,1.920000000,0.000000000
81.088000000,1.912000000,0.000000000
81.097000000,1.903000000,0.000000000
81.103000000,1.897000000,0.000000000
81.109000000,1.891000000,0.000000000
81.117000000,1.883000000,0.000000000
81.126000000,1.874000000,0.000000000
81.131000000,1.869000000,0.000000000
81.137000000,1.863000000,0.000000000
81.143000000,1.857000000,0.000000000
81.147000000,1.853000000,0.000000000
81.151000000,1.849000000,0.000000000
81.163000000,1.837000000,0.000000000
81.179000000,1.821000000,0.000000000
81.186000000,1.814000000,0.000000000
81.200000000,1.800000000,0.000000000
81.209000000,1.791000000,0.000000000
81.220000000,1.780000000,0.000000000
81.230000000,1.770000000,0.000000000
81.237000000,1.763000000,0.000000000
81.242000000,1.758000000,0.000000000
81.248000000,1.752000000,0.000000000
81.264000000,1.736000000,0.000000000
81.274000000,1.726000000,0.000000000
81.284000000,1.716000000,0.000000000
81.291000000,1.709000000,0.000000000
81.298000000,1.702000000,0.000000000
81.311000000,1.689000000,0.000000000
81.324000000,1.676000000,0.000000000
81.335000000,1.665000000,0.000000000
81.348000000,1.652000000,0.000000000
81.360000000,1.640000000,0.000000000
81.372000000,1.628000000,0.000000000
81.386000000,1.614000000,0.000000000
81.396000000,1.604000000,0.000000000
81.403000000,1.597000000,0.000000000
81.410000000,1.590000000,0.000000000
81.415000000,1.585000000,0.000000000
81.421000000,1.579000000,0.000000000
81.432000000,1.568000000,0.000000000
81.439000000,1.561000000,0.000000000
81.449000000,1.551000000,0.000000000
81.458000000,1.542000000,0.000000000
81.466000000,1.534000000,0.000000000
81.470000000,1.530000000,0.000000000
81.481000000,1.519000000,0.000000000
81.493000000,1.507000000,0.000000000
81.499000000,1.501000000,0.000000000
81.513000000,1.487000000,0.000000000
81.526000000,1.474000000,0.000000000
81.537000000,1.463000000,0.000000000
81.548000000,1.452000000,0.000000000
81.559000000,1.441000000,0.000000000
81.571000000,1.429000000,0.000000000
81.582000000,1.418000000,0.000000000
81.594000000,1.406000000,0.000000000
81.602000000,1.398000000,0.000000000
81.613000000,1.387000000,0.000000000
81.623000000,1.377000000,0.000000000
81.632000000,1.368000000,0.000000000
81.646000000,1.354000000,0.000000000
81.659000000,1.341000000,0.000000000
81.667000000,1.333000000,0.000000000
81.675000000,1.325000000,0.000000000
81.684000000,1.316000000,0.000000000
81.692000000,1.308000000,0.000000000
81.700000000,1.300000000,0.000000000
81.706000000,1.294000000,0.000000000
81.717000000,1.283000000,0.000000000
81.726000000,1.274000000,0.000000000
81.740000000,1.260000000,0.000000000
81.755000000,1.245000000,0.000000000
81.771000000,1.229000000,0.000000000
81.786000000,1.214000000,0.000000000
81.796000000,1.204000000,0.000000000
81.803000000,1.197000000,0.000000000
81.816000000,1.184000000,0.000000000
81.830000000,1.170000000,0.000000000
81.841000000,1.159000000,0.000000000
81.851000000,1.149000000,0.000000000
81.863000000,1.137000000,0.000000000
81.874000000,1.126000000,0.000000000
81.885000000,1.115000000,0.000000000
81.898000000,1.102000000,0.000000000
81.911000000,1.089000000,0.000000000
81.924000000,1.076000000,0.000000000
81.938000000,1.062000000,0.000000000
81.945000000,1.055000000,0.000000000
81.956000000,1.044000000,0.000000000
81.966000000,1.034000000,0.000000000
81.978000000,1.022000000,0.000000000
81.989000000,1.011000000,0.000000000
82.989000000,1.000000000,0.000000000
82.008000000,0.992000000,0.000000000
82.020000000,0.980000000,0.000000000
82.030000000,0.970000000,0.000000000
82.037000000,0.963000000,0.000000000
82.049000000,0.951000000,0.000000000
82.062000000,0.938000000,0.000000000
82.070000000,0.930000000,0.000000000
82.084000000,0.916000000,0.000000000
82.093000000,0.907000000,0.000000000
82.104000000,0.896000000,0.000000000
82.112000000,0.888000000,0.000000000
82.124000000,0.876000000,0.000000000
82.142000000,0.858000000,0.000000000
82.150000000,0.850000000,0.000000000
82.164000000,0.836000000,0.000000000
82.170000000,0.830000000,0.000000000
82.182000000,0.818000000,0.000000000
82.195000000,0.805000000,0.000000000
82.207000000,0.793000000,0.000000000
82.217000000,0.783000000,0.000000000
82.228000000,0.772000000,0.000000000
82.240000000,0.760000000,0.000000000
82.250000000,0.750000000,0.000000000
82.268000000,0.732000000,0.000000000
82.281000000,0.719000000,0.000000000
82.298000000,0.702000000,0.000000000
82.312000000,0.688000000,0.000000000
82.323000000,0.677000000,0.000000000
82.333000000,0.667000000,0.000000000
82.347000000,0.653000000,0.000000000
82.359000000,0.641000000,0.000000000
82.369000000,0.631000000,0.000000000
82.384000000,0.616000000,0.000000000
82.397000000,0.603000000,0.000000000
82.408000000,0.592000000,0.000000000
82.419000000,0.581000000,0.000000000
82.433000000,0.567000000,0.000000000
82.446000000,0.554000000,0.000000000
82.462000000,0.538000000,0.000000000
82.475000000,0.525000000,0.000000000
82.491000000,0.509000000,0.000000000
82.502000000,0.498000000,0.000000000
82.514000000,0.486000000,0.000000000
82.523000000,0.477000000,0.000000000
82.534000000,0.466000000,0.000000000
82.547000000,0.453000000,0.000000000
82.557000000,0.443000000,0.000000000
82.568000000,0.432000000,0.000000000
82.583000000,0.417000000,0.000000000
82.594000000,0.406000000,0.000000000
82.605000000,0.395000000,0.000000000
82.616000000,0.384000000,0.000000000
82.627000000,0.373000000,0.000000000
82.637000000,0.363000000,0.000000000
82.646000000,0.354000000,0.000000000
82.659000000,0.341000000,0.000000000
82.672000000,0.328000000,0.000000000
82.681000000,0.319000000,0.000000000
82.698000000,0.302000000,0.000000000
82.710000000,0.290000000,0.000000000
82.720000000,0.280000000,0.000000000
82.734000000,0.266000000,0.000000000
82.750000000,0.250000000,0.000000000
82.759000000,0.241000000,0.000000000
82.769000000,0.231000000,0.000000000
82.781000000,0.219000000,0.000000000
82.788000000,0.212000000,0.000000000
82.801000000,0.199000000,0.000000000
82.810000000,0.190000000,0.000000000
82.815000000,0.185000000,0.000000000
82.825000000,0.175000000,0.000000000
82.833000000,0.167000000,0.000000000
82.838000000,0.162000000,0.000000000
82.849000000,0.151000000,0.000000000
82.860000000,0.140000000,0.000000000
82.868000000,0.132000000,0.000000000
82.873000000,0.127000000,0.000000000
82.886000000,0.114000000,0.000000000
82.902000000,0.098000000,0.000000000
82.912000000,0.088000000,0.000000000
82.924000000,0.076000000,0.000000000
82.934000000,0.066000000,0.000000000
82.944000000,0.056000000,0.000000000
82.956000000,0.044000000,0.000000000
82.973000000,0.027000000,0.000000000
82.979000000,0.021000000,0.000000000
82.986000000,0.014000000,0.000000000
82.996000000,0.004000000,0.000000000
83.006000000,-0.006000000,0.000000000
83.013000000,-0.013000000,0.000000000
83.026000000,-0.026000000,0.000000000
83.034000000,-0.034000000,0.000000000
83.044000000,-0.044000000,0.000000000
83.058000000,-0.058000000,0.000000000
83.071000000,-0.071000000,0.000000000
83.081000000,-0.081000000,0.000000000
83.090000000,-0.090000000,0.000000000
83.102000000,-0.102000000,0.000000000
83.112000000,-0.112000000,0.000000000
83.122000000,-0.122000000,0.000000000
83.134000000,-0.134000000,0.000000000
83.151000000,-0.151000000,0.000000000
83.163000000,-0.163000000,0.000000000
83.172000000,-0.172000000,0.000000000
83.183000000,-0.183000000,0.000000000
83.194000000,-0.194000000,0.000000000
83.210000000,-0.210000000,0.000000000
83.219000000,-0.219000000,0.000000000
83.226000000,-0.226000000,0.000000000
83.232000000,-0.232000000,0.000000000
83.242000000,-0.242000000,0.000000000
83.253000000,-0.253000000,0.000000000
83.262000000,-0.262000000,0.000000000
83.269000000,-0.269000000,0.000000000
83.276000000,-0.276000000,0.000000000
83.285000000,-0.285000000,0.000000000
83.297000000,-0.297000000,0.000000000
83.307000000,-0.307000000,0.000000000
83.318000000,-0.318000000,0.000000000
83.332000000,-0.332000000,0.000000000
83.344000000,-0.344000000,0.000000000
83.355000000,-0.355000000,0.000000000
83.364000000,-0.364000000,0.000000000
83.375000000,-0.375000000,0.000000000
83.390000000,-0.390000000,0.000000000
83.404000000,-0.404000000,0.000000000
83.416000000,-0.416000000,0.000000000
83.429000000,-0.429000000,0.000000000
83.440000000,-0.440000000,0.000000000
83.453000000,-0.453000000,0.000000000
83.462000000,-0.462000000,0.000000000
83.471000000,-0.471000000,0.000000000
83.481000000,-0.481000000,0.000000000
83.494000000,-0.494000000,0.000000000
83.503000000,-0.503000000,0.000000000
83.515000000,-0.515000000,0.000000000
83.531000000,-0.531000000,0.000000000
83.547000000,-0.547000000,0.000000000
83.553000000,-0.553000000,0.000000000
83.563000000,-0.563000000,0.000000000
83.576000000,-0.576000000,0.000000000
83.587000000,-0.587000000,0.000000000
83.599000000,-0.599000000,0.000000000
83.607000000,-0.607000000,0.000000000
83.618000000,-0.618000000,0.000000000
83.628000000,-0.628000000,0.000000000
83.641000000,-0.641000000,0.000000000
83.651000000,-0.651000000,0.000000000
83.661000000,-0.661000000,0.000000000
83.670000000,-0.670000000,0.000000000
83.684000000,-0.684000000,0.000000000
83.696000000,-0.696000000,0.000000000
83.705000000,-0.705000000,0.000000000
83.718000000,-0.718000000,0.000000000
83.732000000,-0.732000000,0.000000000
83.747000000,-0.747000000,0.000000000
83.761000000,-0.761000000,0.000000000
83.766000000,-0.766000000,0.000000000
83.777000000,-0.777000000,0.000000000
83.791000000,-0.791000000,0.000000000
83.801000000,-0.801000000,0.000000000
83.808000000,-0.808000000,0.000000000
83.816000000,-0.816000000,0.000000000
83.827000000,-0.827000000,0.000000000
83.837000000,-0.837000000,0.000000000
83.850000000,-0.850000000,0.000000000
83.860000000,-0.860000000,0.000000000
83.871000000,-0.871000000,0.000000000
83.882000000,-0.882000000,0.000000000
83.895000000,-0.895000000,0.000000000
83.911000000,-0.911000000,0.000000000
83.924000000,-0.924000000,0.000000000
83.938000000,-0.938000000,0.000000000
83.953000000,-0.953000000,0.000000000
83.962000000,-0.962000000,0.000000000
83.975000000,-0.975000000,0.000000000
83.989000000,-0.989000000,0.000000000
84.001000000,-0.999000000,0.000000000
84.018000000,-0.982000000,0.000000000
84.026000000,-0.974000000,0.000000000
84.037000000,-0.963000000,0.000000000
84.047000000,-0.953000000,0.000000000
84.062000000,-0.938000000,0.000000000
84.079000000,-0.921000000,0.000000000
84.089000000,-0.911000000,0.000000000
84.098000000,-0.902000000,0.000000000
84.111000000,-0.889000000,0.000000000
84.124000000,-0.876000000,0.000000000
84.134000000,-0.866000000,0.000000000
84.146000000,-0.854000000,0.000000000
84.157000000,-0.843000000,0.000000000
84.169000000,-0.831000000,0.000000000
84.186000000,-0.814000000,0.000000000
84.198000000,-0.802000000,0.000000000
84.203000000,-0.797000000,0.000000000
84.211000000,-0.789000000,0.000000000
84.224000000,-0.776000000,0.000000000
84.240000000,-0.760000000,0.000000000
84.255000000,-0.745000000,0.000000000
84.271000000,-0.729000000,0.000000000
84.286000000,-0.714000000,0.000000000
84.300000000,-0.700000000,0.000000000
84.314000000,-0.686000000,0.000000000
84.330000000,-0.670000000,0.000000000
84.345000000,-0.655000000,0.000000000
84.356000000,-0.644000000,0.000000000
84.374000000,-0.626000000,0.000000000
84.384000000,-0.616000000,0.000000000
84.398000000,-0.602000000,0.000000000
84.402000000,-0.598000000,0.000000000
84.413000000,-0.587000000,0.000000000
84.422000000,-0.578000000,0.000000000
84.438000000,-0.562000000,0.000000000
84.449000000,-0.551000000,0.000000000
84.462000000,-0.538000000,0.000000000
84.476000000,-0.524000000,0.000000000
84.488000000,-0.512000000,0.000000000
84.500000000,-0.500000000,0.000000000
84.513000000,-0.487000000,0.000000000
84.527000000,-0.473000000,0.000000000
84.537000000,-0.463000000,0.000000000
84.544000000,-0.456000000,0.000000000
84.554000000,-0.446000000,0.000000000
84.566000000,-0.434000000,0.000000000
84.580000000,-0.420000000,0.000000000
84.591000000,-0.409000000,0.000000000
84.601000000,-0.399000000,0.000000000
84.615000000,-0.385000000,0.000000000
84.627000000,-0.373000000,0.000000000
84.639000000,-0.361000000,0.000000000
84.656000000,-0.344000000,0.000000000
84.665000000,-0.335000000,0.000000000
84.679000000,-0.321000000,0.000000000
84.691000000,-0.309000000,0.000000000
84.706000000,-0.294000000,0.000000000
84.713000000,-0.287000000,0.000000000
84.729000000,-0.271000000,0.000000000
84.745000000,-0.255000000,0.000000000
84.758000000,-0.242000000,0.000000000
84.767000000,-0.233000000,0.000000000
84.774000000,-0.226000000,0.000000000
84.783000000,-0.217000000,0.000000000
84.796000000,-0.204000000,0.000000000
84.807000000,-0.193000000,0.000000000
84.817000000,-0.183000000,0.000000000
84.828000000,-0.172000000,0.000000000
84.842000000,-0.158000000,0.000000000
84.854000000,-0.146000000,0.000000000
84.868000000,-0.132000000,0.000000000
84.875000000,-0.125000000,0.000000000
84.885000000,-0.115000000,0.000000000
84.896000000,-0.104000000,0.000000000
84.906000000,-0.094000000,0.000000000
84.919000000,-0.081000000,0.000000000
84.935000000,-0.065000000,0.000000000
84.949000000,-0.051000000,0.000000000
84.960000000,-0.040000000,0.000000000
84.971000000,-0.029000000,0.000000000
84.980000000,-0.020000000,0.000000000
84.994000000,-0.006000000,0.000000000
85.005000000,0.005000000,0.000000000
85.013000000,0.013000000,0.000000000
85.028000000,0.028000000,0.000000000
85.041000000,0.041000000,0.000000000
85.058000000,0.058000000,0.000000000
85.066000000,0.066000000,0.000000000
85.078000000,0.078000000,0.000000000
85.093000000,0.093000000,0.000000000
85.101000000,0.101000000,0.000000000
85.115000000,0.115000000,0.000000000
85.128000000,0.128000000,0.000000000
85.139000000,0.139000000,0.000000000
85.152000000,0.152000000,0.000000000
85.162000000,0.162000000,0.000000000
85.174000000,0.174000000,0.000000000
85.184000000,0.184000000,0.000000000
85.193000000,0.193000000,0.000000000
85.202000000,0.202000000,0.000000000
85.212000000,0.212000000,0.000000000
85.226000000,0.226000000,0.000000000
85.233000000,0.233000000,0.000000000
85.244000000,0.244000000,0.000000000
85.257000000,0.257000000,0.000000000
85.266000000,0.266000000,0.000000000
85.277000000,0.277000000,0.000000000
85.285000000,0.285000000,0.000000000
85.295000000,0.295000000,0.000000000
85.301000000,0.301000000,0.000000000
85.310000000,0.310000000,0.000000000
85.321000000,0.321000000,0.000000000
85.332000000,0.332000000,0.000000000
85.340000000,0.340000000,0.000000000
85.356000000,0.356000000,0.000000000
85.372000000,0.372000000,0.000000000
85.387000000,0.387000000,0.000000000
85.396000000,0.396000000,0.000000000
85.410000000,0.410000000,0.000000000
85.418000000,0.418000000,0.000000000
85.428000000,0.428000000,0.000000000
85.441000000,0.441000000,0.000000000
85.454000000,0.454000000,0.000000000
85.464000000,0.464000000,0.000000000
85.475000000,0.475000000,0.000000000
85.486000000,0.486000000,0.000000000
85.501000000,0.501000000,0.000000000
85.509000000,0.509000000,0.000000000
85.520000000,0.520000000,0.000000000
85.525000000,0.525000000,0.000000000
85.536000000,0.536000000,0.000000000
85.547000000,0.547000000,0.000000000
85.554000000,0.554000000,0.000000000
85.566000000,0.566000000,0.000000000
85.579000000,0.579000000,0.000000000
85.587000000,0.587000000,0.000000000
85.595000000,0.595000000,0.000000000
85.604000000,0.604000000,0.000000000
85.620000000,0.620000000,0.000000000
85.636000000,0.636000000,0.000000000
85.650000000,0.650000000,0.000000000
85.661000000,0.661000000,0.000000000
85.667000000,0.667000000,0.000000000
85.677000000,0.677000000,0.000000000
85.686000000,0.686000000,0.000000000
85.696000000,0.696000000,0.000000000
85.705000000,0.705000000,0.000000000
85.713000000,0.713000000,0.000000000
85.721000000,0.721000000,0.000000000
85.732000000,0.732000000,0.000000000
85.747000000,0.747000000,0.000000000
85.761000000,0.761000000,0.000000000
85.776000000,0.776000000,0.000000000
85.787000000,0.787000000,0.000000000
85.798000000,0.798000000,0.000000000
85.809000000,0.809000000,0.000000000
85.816000000,0.816000000,0.000000000
85.824000000,0.824000000,0.000000000
85.833000000,0.833000000,0.000000000
85.841000000,0.841000000,0.000000000
85.851000000,0.851000000,0.000000000
85.860000000,0.860000000,0.000000000
85.869000000,0.869000000,0.000000000
85.878000000,0.878000000,0.000000000
85.890000000,0.890000000,0.000000000
85.902000000,0.902000000,0.000000000
85.904000000,0.904000000,0.000000000
85.917000000,0.917000000,0.000000000
85.927000000,0.927000000,0.000000000
85.942000000,0.942000000,0.000000000
85.951000000,0.951000000,0.000000000
85.965000000,0.965000000,0.000000000
85.974000000,0.974000000,0.000000000
85.989000000,0.989000000,0.000000000
86.002000000,1.002000000,0.000000000
86.011000000,1.011000000,0.000000000
86.020000000,1.020000000,0.000000000
86.032000000,1.032000000,0.000000000
86.043000000,1.043000000,0.000000000
86.055000000,1.055000000,0.000000000
86.061000000,1.061000000,0.000000000
86.069000000,1.069000000,0.000000000
86.076000000,1.076000000,0.000000000
86.086000000,1.086000000,0.000000000
86.101000000,1.101000000,0.000000000
86.110000000,1.110000000,0.000000000
86.119000000,1.119000000,0.000000000
86.128000000,1.128000000,0.000000000
86.141000000,1.141000000,0.000000000
86.152000000,1.152000000,0.000000000
86.163000000,1.163000000,0.000000000
86.166000000,1.166000000,0.000000000
86.177000000,1.177000000,0.000000000
86.188000000,1.188000000,0.000000000
86.200000000,1.200000000,0.000000000
86.213000000,1.213000000,0.000000000
86.225000000,1.225000000,0.000000000
86.231000000,1.231000000,0.000000000
86.241000000,1.241000000,0.000000000
86.252000000,1.252000000,0.000000000
86.262000000,1.262000000,0.000000000
86.272000000,1.272000000,0.000000000
86.282000000,1.282000000,0.000000000
86.296000000,1.296000000,0.000000000
86.306000000,1.306000000,0.000000000
86.317000000,1.317000000,0.000000000
86.330000000,1.330000000,0.000000000
86.338000000,1.338000000,0.000000000
86.343000000,1.343000000,0.000000000
86.348000000,1.348000000,0.000000000
86.355000000,1.355000000,0.000000000
86.363000000,1.363000000,0.000000000
86.373000000,1.373000000,0.000000000
86.384000000,1.384000000,0.000000000
86.399000000,1.399000000,0.000000000
86.403000000,1.403000000,0.000000000
86.411000000,1.411000000,0.000000000
86.417000000,1.417000000,0.000000000
86.423000000,1.423000000,0.000000000
86.430000000,1.430000000,0.000000000
86.441000000,1.441000000,0.000000000
86.452000000,1.452000000,0.000000000
86.459000000,1.459000000,0.000000000
86.471000000,1.471000000,0.000000000
86.480000000,1.480000000,0.000000000
86.486000000,1.486000000,0.000000000
86.495000000,1.495000000,0.000000000
86.508000000,1.508000000,0.000000000
86.517000000,1.517000000,0.000000000
86.529000000,1.529000000,0.000000000
86.540000000,1.540000000,0.000000000
86.555000000,1.555000000,0.000000000
86.564000000,1.564000000,0.000000000
86.576000000,1.576000000,0.000000000
86.587000000,1.587000000,0.000000000
86.596000000,1.596000000,0.000000000
86.607000000,1.607000000,0.000000000
86.620000000,1.620000000,0.000000000
86.631000000,1.631000000,0.000000000
86.638000000,1.638000000,0.000000000
86.646000000,1.646000000,0.000000000
86.660000000,1.660000000,0.000000000
86.674000000,1.674000000,0.000000000
86.682000000,1.682000000,0.000000000
86.696000000,1.696000000,0.000000000
86.705000000,1.705000000,0.000000000
86.712000000,1.712000000,0.000000000
86.723000000,1.723000000,0.000000000
86.735000000,1.735000000,0.000000000
86.743000000,1.743000000,0.000000000
86.752000000,1.752000000,0.000000000
86.763000000,1.763000000,0.000000000
86.777000000,1.777000000,0.000000000
86.788000000,1.788000000,0.000000000
86.791000000,1.791000000,0.000000000
86.802000000,1.802000000,0.000000000
86.814000000,1.814000000,0.000000000
86.823000000,1.823000000,0.000000000
86.834000000,1.834000000,0.000000000
86.846000000,1.846000000,0.000000000
86.859000000,1.859000000,0.000000000
86.869000000,1.869000000,0.000000000
86.881000000,1.881000000,0.000000000
86.889000000,1.889000000,0.000000000
86.894000000,1.894000000,0.000000000
86.904000000,1.904000000,0.000000000
86.917000000,1.917000000,0.000000000
86.930000000,1.930000000,0.000000000
86.937000000,1.937000000,0.000000000
86.943000000,1.943000000,0.000000000
86.955000000,1.955000000,0.000000000
86.968000000,1.968000000,0.000000000
86.978000000,1.978000000,0.000000000
86.993000000,1.993000000,0.000000000
87.993000000,2.000000000,0.000000000
87.007000000,2.007000000,0.000000000
87.015000000,2.015000000,0.000000000
87.022000000,2.022000000,0.000000000
87.035000000,2.035000000,0.000000000
87.042000000,2.042000000,0.000000000
87.047000000,2.047000000,0.000000000
87.052000000,2.052000000,0.000000000
87.065000000,2.065000000,0.000000000
87.076000000,2.076000000,0.000000000
87.088000000,2.088000000,0.000000000
87.097000000,2.097000000,0.000000000
87.105000000,2.105000000,0.000000000
87.113000000,2.113000000,0.000000000
87.128000000,2.128000000,0.000000000
87.141000000,2.141000000,0.000000000
87.152000000,2.152000000,0.000000000
87.162000000,2.162000000,0.000000000
87.174000000,2.174000000,0.000000000
87.185000000,2.185000000,0.000000000
87.197000000,2.197000000,0.000000000
87.207000000,2.207000000,0.000000000
87.217000000,2.217000000,0.000000000
87.230000000,2.230000000,0.000000000
87.239000000,2.239000000,0.000000000
87.253000000,2.253000000,0.000000000
87.260000000,2.260000000,0.000000000
87.273000000,2.273000000,0.000000000
87.282000000,2.282000000,0.000000000
87.295000000,2.295000000,0.000000000
87.301000000,2.301000000,0.000000000
87.308000000,2.308000000,0.000000000
87.315000000,2.315000000,0.000000000
87.319000000,2.319000000,0.000000000
87.326000000,2.326000000,0.000000000
87.332000000,2.332000000,0.000000000
87.342000000,2.342000000,0.000000000
87.352000000,2.352000000,0.000000000
87.359000000,2.359000000,0.000000000
87.367000000,2.367000000,0.000000000
87.379000000,2.379000000,0.000000000
87.390000000,2.390000000,0.000000000
87.404000000,2.404000000,0.000000000
87.414000000,2.414000000,0.000000000
87.420000000,2.420000000,0.000000000
87.435000000,2.435000000,0.000000000
87.443000000,2.443000000,0.000000000
87.449000000,2.449000000,0.000000000
87.459000000,2.459000000,0.000000000
87.470000000,2.470000000,0.000000000
87.483000000,2.483000000,0.000000000
87.488000000,2.488000000,0.000000000
87.498000000,2.498000000,0.000000000
87.514000000,2.514000000,0.000000000
87.526000000,2.526000000,0.000000000
87.533000000,2.533000000,0.000000000
87.542000000,2.542000000,0.000000000
87.557000000,2.557000000,0.000000000
87.569000000,2.569000000,0.000000000
87.580000000,2.580000000,0.000000000
87.592000000,2.592000000,0.000000000
87.606000000,2.606000000,0.000000000
87.619000000,2.619000000,0.000000000
87.636000000,2.636000000,0.000000000
87.645000000,2.645000000,0.000000000
87.657000000,2.657000000,0.000000000
87.673000000,2.673000000,0.000000000
87.682000000,2.682000000,0.000000000
87.690000000,2.690000000,0.000000000
87.702000000,2.702000000,0.000000000
87.718000000,2.718000000,0.000000000
87.729000000,2.729000000,0.000000000
87.737000000,2.737000000,0.000000000
87.752000000,2.752000000,0.000000000
87.761000000,2.761000000,0.000000000
87.769000000,2.769000000,0.000000000
87.777000000,2.777000000,0.000000000
87.784000000,2.784000000,0.000000000
87.797000000,2.797000000,0.000000000
87.804000000,2.804000000,0.000000000
87.811000000,2.811000000,0.000000000
87.820000000,2.820000000,0.000000000
87.825000000,2.825000000,0.000000000
87.835000000,2.835000000,0.000000000
87.848000000,2.848000000,0.000000000
87.860000000,2.860000000,0.000000000
87.868000000,2.868000000,0.000000000
87.878000000,2.878000000,0.000000000
87.889000000,2.889000000,0.000000000
87.903000000,2.903000000,0.000000000
87.917000000,2.917000000,0.000000000
87.928000000,2.928000000,0.000000000
87.944000000,2.944000000,0.000000000
87.952000000,2.952000000,0.000000000
87.963000000,2.963000000,0.000000000
87.975000000,2.975000000,0.000000000
87.987000000,2.987000000,0.000000000
87.999000000,2.999000000,0.000000000
88.005000000,3.005000000,0.000000000
88.012000000,3.012000000,0.000000000
88.017000000,3.017000000,0.000000000
88.028000000,3.028000000,0.000000000
88.037000000,3.037000000,0.000000000
88.048000000,3.048000000,0.000000000
88.058000000,3.058000000,0.000000000
88.063000000,3.063000000,0.000000000
88.080000000,3.080000000,0.000000000
88.096000000,3.096000000,0.000000000
88.106000000,3.106000000,0.000000000
88.114000000,3.114000000,0.000000000
88.119000000,3.119000000,0.000000000
88.129000000,3.129000000,0.000000000
88.140000000,3.140000000,0.000000000
88.151000000,3.151000000,0.000000000
88.166000000,3.166000000,0.000000000
88.179000000,3.179000000,0.000000000
88.192000000,3.192000000,0.000000000
88.201000000,3.201000000,0.000000000
88.208000000,3.208000000,0.000000000
88.219000000,3.219000000,0.000000000
88.228000000,3.228000000,0.000000000
88.237000000,3.237000000,0.000000000
88.247000000,3.247000000,0.000000000
88.262000000,3.262000000,0.000000000
88.278000000,3.278000000,0.000000000
88.293000000,3.293000000,0.000000000
88.303000000,3.303000000,0.000000000
88.317000000,3.317000000,0.000000000
88.331000000,3.331000000,0.000000000
88.347000000,3.347000000,0.000000000
88.363000000,3.363000000,0.000000000
88.377000000,3.377000000,0.000000000
88.390000000,3.390000000,0.000000000
88.403000000,3.403000000,0.000000000
88.418000000,3.418000000,0.000000000
88.426000000,3.426000000,0.000000000
88.440000000,3.440000000,0.000000000
88.450000000,3.450000000,0.000000000
88.455000000,3.455000000,0.000000000
88.465000000,3.465000000,0.000000000
88.476000000,3.476000000,0.000000000
88.489000000,3.489000000,0.000000000
88.494000000,3.494000000,0.000000000
88.504000000,3.504000000,0.000000000
88.514000000,3.514000000,0.000000000
88.522000000,3.522000000,0.000000000
88.535000000,3.535000000,0.000000000
88.549000000,3.549000000,0.000000000
88.556000000,3.556000000,0.000000000
88.567000000,3.567000000,0.000000000
88.583000000,3.583000000,0.000000000
88.593000000,3.593000000,0.000000000
88.607000000,3.607000000,0.000000000
88.621000000,3.621000000,0.000000000
88.632000000,3.632000000,0.000000000
88.648000000,3.648000000,0.000000000
88.660000000,3.660000000,0.000000000
88.671000000,3.671000000,0.000000000
88.680000000,3.680000000,0.000000000
88.691000000,3.691000000,0.000000000
88.702000000,3.702000000,0.000000000
88.712000000,3.712000000,0.000000000
88.721000000,3.721000000,0.000000000
88.733000000,3.733000000,0.000000000
88.743000000,3.743000000,0.000000000
88.753000000,3.753000000,0.000000000
88.766000000,3.766000000,0.000000000
88.773000000,3.773000000,0.000000000
88.779000000,3.779000000,0.000000000
88.786000000,3.786000000,0.000000000
88.800000000,3.800000000,0.000000000
88.806000000,3.806000000,0.000000000
88.815000000,3.815000000,0.000000000
88.826000000,3.826000000,0.000000000
88.833000000,3.833000000,0.000000000
88.843000000,3.843000000,0.000000000
88.849000000,3.849000000,0.000000000
88.855000000,3.855000000,0.000000000
88.861000000,3.861000000,0.000000000
88.869000000,3.869000000,0.000000000
88.879000000,3.879000000,0.000000000
88.884000000,3.884000000,0.000000000
88.888000000,3.888000000,0.000000000
88.899000000,3.899000000,0.000000000
88.907000000,3.907000000,0.000000000
88.920000000,3.920000000,0.000000000
88.928000000,3.928000000,0.000000000
88.940000000,3.940000000,0.000000000
88.954000000,3.954000000,0.000000000
88.965000000,3.965000000,0.000000000
88.973000000,3.973000000,0.000000000
88.983000000,3.983000000,0.000000000
88.991000000,3.991000000,0.000000000
89.004000000,4.004000000,0.000000000
89.011000000,4.011000000,0.000000000
89.020000000,4.020000000,0.000000000
89.029000000,4.029000000,0.000000000
89.041000000,4.041000000,0.000000000
89.050000000,4.050000000,0.000000000
89.060000000,4.060000000,0.000000000
89.069000000,4.069000000,0.000000000
89.075000000,4.075000000,0.000000000
89.083000000,4.083000000,0.000000000
89.092000000,4.092000000,0.000000000
89.100000000,4.100000000,0.000000000
89.114000000,4.114000000,0.000000000
89.120000000,4.120000000,0.000000000
89.132000000,4.132000000,0.000000000
89.142000000,4.142000000,0.000000000
89.148000000,4.148000000,0.000000000
89.161000000,4.161000000,0.000000000
89.169000000,4.169000000,0.000000000
89.185000000,4.185000000,0.000000000
89.195000000,4.195000000,0.000000000
89.207000000,4.207000000,0.000000000
89.218000000,4.218000000,0.000000000
89.226000000,4.226000000,0.000000000
89.235000000,4.235000000,0.000000000
89.248000000,4.248000000,0.000000000
89.263000000,4.263000000,0.000000000
89.277000000,4.277000000,0.000000000
89.287000000,4.287000000,0.000000000
89.299000000,4.299000000,0.000000000
89.306000000,4.306000000,0.000000000
89.315000000,4.315000000,0.000000000
89.328000000,4.328000000,0.000000000
89.340000000,4.340000000,0.000000000
89.353000000,4.353000000,0.000000000
89.363000000,4.363000000,0.000000000
89.370000000,4.370000000,0.000000000
89.383000000,4.383000000,0.000000000
89.397000000,4.397000000,0.000000000
89.404000000,4.404000000,0.000000000
89.420000000,4.420000000,0.000000000
89.431000000,4.431000000,0.000000000
89.440000000,4.440000000,0.000000000
89.449000000,4.449000000,0.000000000
89.461000000,4.461000000,0.000000000
89.476000000,4.476000000,0.000000000
89.489000000,4.489000000,0.000000000
89.498000000,4.498000000,0.000000000
89.508000000,4.508000000,0.000000000
89.525000000,4.525000000,0.000000000
89.537000000,4.537000000,0.000000000
89.547000000,4.547000000,0.000000000
89.554000000,4.554000000,0.000000000
89.566000000,4.566000000,0.000000000
89.579000000,4.579000000,0.000000000
89.592000000,4.592000000,0.000000000
89.605000000,4.605000000,0.000000000
89.615000000,4.615000000,0.000000000
89.624000000,4.624000000,0.000000000
89.636000000,4.636000000,0.000000000
89.651000000,4.651000000,0.000000000
89.662000000,4.662000000,0.000000000
89.674000000,4.674000000,0.000000000
89.687000000,4.687000000,0.000000000
89.700000000,4.700000000,0.000000000
89.708000000,4.708000000,0.000000000
89.722000000,4.722000000,0.000000000
89.733000000,4.733000000,0.000000000
89.738000000,4.738000000,0.000000000
89.747000000,4.747000000,0.000000000
89.756000000,4.756000000,0.000000000
89.763000000,4.763000000,0.000000000
89.775000000,4.775000000,0.000000000
89.786000000,4.786000000,0.000000000
89.799000000,4.799000000,0.000000000
89.805000000,4.805000000,0.000000000
89.812000000,4.812000000,0.000000000
89.819000000,4.819000000,0.000000000
89.830000000,4.830000000,0.000000000
89.844000000,4.844000000,0.000000000
89.856000000,4.856000000,0.000000000
89.868000000,4.868000000,0.000000000
89.879000000,4.879000000,0.000000000
89.893000000,4.893000000,0.000000000
89.902000000,4.902000000,0.000000000
89.912000000,4.912000000,0.000000000
89.922000000,4.922000000,0.000000000
89.934000000,4.934000000,0.000000000
89.951000000,4.951000000,0.000000000
89.959000000,4.959000000,0.000000000
89.972000000,4.972000000,0.000000000
89.983000000,4.983000000,0.000000000
89.997000000,4.997000000,0.000000000
90.006000000,4.994000000,0.000000000
90.019000000,4.981000000,0.000000000
90.025000000,4.975000000,0.000000000
90.034000000,4.966000000,0.000000000
90.046000000,4.954000000,0.000000000
90.052000000,4.948000000,0.000000000
90.068000000,4.932000000,0.000000000
90.086000000,4.914000000,0.000000000
90.100000000,4.900000000,0.000000000
90.112000000,4.888000000,0.000000000
90.121000000,4.879000000,0.000000000
90.128000000,4.872000000,0.000000000
90.137000000,4.863000000,0.000000000
90.149000000,4.851000000,0.000000000
90.163000000,4.837000000,0.000000000
90.179000000,4.821000000,0.000000000
90.191000000,4.809000000,0.000000000
90.204000000,4.796000000,0.000000000
90.216000000,4.784000000,0.000000000
90.223000000,4.777000000,0.000000000
90.234000000,4.766000000,0.000000000
90.244000000,4.756000000,0.000000000
90.259000000,4.741000000,0.000000000
90.268000000,4.732000000,0.000000000
90.281000000,4.719000000,0.000000000
90.289000000,4.711000000,0.000000000
90.298000000,4.702000000,0.000000000
90.307000000,4.693000000,0.000000000
90.319000000,4.681000000,0.000000000
90.332000000,4.668000000,0.000000000
90.346000000,4.654000000,0.000000000
90.351000000,4.649000000,0.000000000
90.361000000,4.639000000,0.000000000
90.368000000,4.632000000,0.000000000
90.383000000,4.617000000,0.000000000
90.398000000,4.602000000,0.000000000
90.408000000,4.592000000,0.000000000
90.419000000,4.581000000,0.000000000
90.433000000,4.567000000,0.000000000
90.448000000,4.552000000,0.000000000
90.456000000,4.544000000,0.000000000
90.469000000,4.531000000,0.000000000
90.478000000,4.522000000,0.000000000
90.491000000,4.509000000,0.000000000
90.504000000,4.496000000,0.000000000
90.519000000,4.481000000,0.000000000
90.532000000,4.468000000,0.000000000
90.546000000,4.454000000,0.000000000
90.554000000,4.446000000,0.000000000
90.561000000,4.439000000,0.000000000
90.574000000,4.426000000,0.000000000
90.583000000,4.417000000,0.000000000
90.594000000,4.406000000,0.000000000
90.602000000,4.398000000,0.000000000
90.609000000,4.391000000,0.000000000
90.616000000,4.384000000,0.000000000
90.625000000,4.375000000,0.000000000
90.632000000,4.368000000,0.000000000
90.641000000,4.359000000,0.000000000
90.648000000,4.352000000,0.000000000
90.662000000,4.338000000,0.000000000
90.673000000,4.327000000,0.000000000
90.689000000,4.311000000,0.000000000
90.699000000,4.301000000,0.000000000
90.707000000,4.293000000,0.000000000
90.712000000,4.288000000,0.000000000
90.717000000,4.283000000,0.000000000
90.726000000,4.274000000,0.000000000
90.737000000,4.263000000,0.000000000
90.748000000,4.252000000,0.000000000
90.764000000,4.236000000,0.000000000
90.777000000,4.223000000,0.000000000
90.793000000,4.207000000,0.000000000
90.804000000,4.196000000,0.000000000
90.808000000,4.192000000,0.000000000
90.817000000,4.183000000,0.000000000
90.824000000,4.176000000,0.000000000
90.837000000,4.163000000,0.000000000
90.847000000,4.153000000,0.000000000
90.857000000,4.143000000,0.000000000
90.871000000,4.129000000,0.000000000
90.882000000,4.118000000,0.000000000
90.898000000,4.102000000,0.000000000
90.906000000,4.094000000,0.000000000
90.913000000,4.087000000,0.000000000
90.921000000,4.079000000,0.000000000
90.934000000,4.066000000,0.000000000
90.944000000,4.056000000,0.000000000
90.956000000,4.044000000,0.000000000
90.962000000,4.038000000,0.000000000
90.973000000,4.027000000,0.000000000
90.987000000,4.013000000,0.000000000
91.987000000,4.000000000,0.000000000
91.004000000,3.996000000,0.000000000
91.012000000,3.988000000,0.000000000
91.021000000,3.979000000,0.000000000
91.031000000,3.969000000,0.000000000
91.042000000,3.958000000,0.000000000
91.056000000,3.944000000,0.000000000
91.069000000,3.931000000,0.000000000
91.081000000,3.919000000,0.000000000
91.086000000,3.914000000,0.000000000
91.100000000,3.900000000,0.000000000
91.116000000,3.884000000,0.000000000
91.132000000,3.868000000,0.000000000
91.138000000,3.862000000,0.000000000
91.150000000,3.850000000,0.000000000
91.164000000,3.836000000,0.000000000
91.177000000,3.823000000,0.000000000
91.184000000,3.816000000,0.000000000
91.195000000,3.805000000,0.000000000
91.205000000,3.795000000,0.000000000
91.217000000,3.783000000,0.000000000
91.225000000,3.775000000,0.000000000
91.234000000,3.766000000,0.000000000
91.243000000,3.757000000,0.000000000
91.254000000,3.746000000,0.000000000
91.271000000,3.729000000,0.000000000
91.280000000,3.720000000,0.000000000
91.293000000,3.707000000,0.000000000
91.305000000,3.695000000,0.000000000
91.317000000,3.683000000,0.000000000
91.328000000,3.672000000,0.000000000
91.341000000,3.659000000,0.000000000
91.349000000,3.651000000,0.000000000
91.359000000,3.641000000,0.000000000
91.366000000,3.634000000,0.000000000
91.376000000,3.624000000,0.000000000
91.385000000,3.615000000,0.000000000
91.393000000,3.607000000,0.000000000
91.404000000,3.596000000,0.000000000
91.417000000,3.583000000,0.000000000
91.434000000,3.566000000,0.000000000
91.448000000,3.552000000,0.000000000
91.456000000,3.544000000,0.000000000
91.463000000,3.537000000,0.000000000
91.475000000,3.525000000,0.000000000
91.484000000,3.516000000,0.000000000
91.496000000,3.504000000,0.000000000
91.501000000,3.499000000,0.000000000
91.510000000,3.490000000,0.000000000
91.517000000,3.483000000,0.000000000
91.527000000,3.473000000,0.000000000
91.536000000,3.464000000,0.000000000
91.546000000,3.454000000,0.000000000
91.555000000,3.445000000,0.000000000
91.559000000,3.441000000,0.000000000
91.572000000,3.428000000,0.000000000
91.585000000,3.415000000,0.000000000
91.599000000,3.401000000,0.000000000
91.609000000,3.391000000,0.000000000
91.619000000,3.381000000,0.000000000
91.631000000,3.369000000,0.000000000
91.639000000,3.361000000,0.000000000
91.651000000,3.349000000,0.000000000
91.664000000,3.336000000,0.000000000
91.674000000,3.326000000,0.000000000
91.680000000,3.320000000,0.000000000
91.688000000,3.312000000,0.000000000
91.699000000,3.301000000,0.000000000
91.711000000,3.289000000,0.000000000
91.723000000,3.277000000,0.000000000
91.737000000,3.263000000,0.000000000
91.749000000,3.251000000,0.000000000
91.764000000,3.236000000,0.000000000
91.777000000,3.223000000,0.000000000
91.785000000,3.215000000,0.000000000
91.800000000,3.200000000,0.000000000
91.804000000,3.196000000,0.000000000
91.816000000,3.184000000,0.000000000
91.825000000,3.175000000,0.000000000
91.837000000,3.163000000,0.000000000
91.845000000,3.155000000,0.000000000
91.858000000,3.142000000,0.000000000
91.868000000,3.132000000,0.000000000
91.882000000,3.118000000,0.000000000
91.894000000,3.106000000,0.000000000
91.908000000,3.092000000,0.000000000
91.923000000,3.077000000,0.000000000
91.931000000,3.069000000,0.000000000
91.943000000,3.057000000,0.000000000
91.957000000,3.043000000,0.000000000
91.966000000,3.034000000,0.000000000
91.977000000,3.023000000,0.000000000
91.985000000,3.015000000,0.000000000
91.992000000,3.008000000,0.000000000
91.996000000,3.004000000,0.000000000
92.005000000,2.995000000,0.000000000
92.017000000,2.983000000,0.000000000
92.026000000,2.974000000,0.000000000
92.033000000,2.967000000,0.000000000
92.042000000,2.958000000,0.000000000
92.058000000,2.942000000,0.000000000
92.072000000,2.928000000,0.000000000
92.081000000,2.919000000,0.000000000
92.089000000,2.911000000,0.000000000
92.102000000,2.898000000,0.000000000
92.119000000,2.881000000,0.000000000
92.130000000,2.870000000,0.000000000
92.141000000,2.859000000,0.000000000
92.153000000,2.847000000,0.000000000
92.161000000,2.839000000,0.000000000
92.169000000,2.831000000,0.000000000
92.178000000,2.822000000,0.000000000
92.182000000,2.818000000,0.000000000
92.192000000,2.808000000,0.000000000
92.201000000,2.799000000,0.000000000
92.209000000,2.791000000,0.000000000
92.224000000,2.776000000,0.000000000
92.234000000,2.766000000,0.000000000
92.250000000,2.750000000,0.000000000
92.259000000,2.741000000,0.000000000
92.274000000,2.726000000,0.000000000
92.290000000,2.710000000,0.000000000
92.303000000,2.697000000,0.000000000
92.308000000,2.692000000,0.000000000
92.318000000,2.682000000,0.000000000
92.328000000,2.672000000,0.000000000
92.333000000,2.667000000,0.000000000
92.337000000,2.663000000,0.000000000
92.342000000,2.658000000,0.000000000
92.355000000,2.645000000,0.000000000
92.367000000,2.633000000,0.000000000
92.376000000,2.624000000,0.000000000
92.389000000,2.611000000,0.000000000
92.403000000,2.597000000,0.000000000
92.412000000,2.588000000,0.000000000
92.428000000,2.572000000,0.000000000
92.442000000,2.558000000,0.000000000
92.459000000,2.541000000,0.000000000
92.476000000,2.524000000,0.000000000
92.493000000,2.507000000,0.000000000
92.505000000,2.495000000,0.000000000
92.512000000,2.488000000,0.000000000
92.528000000,2.472000000,0.000000000
92.542000000,2.458000000,0.000000000
92.558000000,2.442000000,0.000000000
92.574000000,2.426000000,0.000000000
92.588000000,2.412000000,0.000000000
92.594000000,2.406000000,0.000000000
92.602000000,2.398000000,0.000000000
92.616000000,2.384000000,0.000000000
92.628000000,2.372000000,0.000000000
92.642000000,2.358000000,0.000000000
92.659000000,2.341000000,0.000000000
92.673000000,2.327000000,0.000000000
92.684000000,2.316000000,0.000000000
92.694000000,2.306000000,0.000000000
92.706000000,2.294000000,0.000000000
92.720000000,2.280000000,0.000000000
92.731000000,2.269000000,0.000000000
92.739000000,2.261000000,0.000000000
92.748000000,2.252000000,0.000000000
92.761000000,2.239000000,0.000000000
92.776000000,2.224000000,0.000000000
92.788000000,2.212000000,0.000000000
92.799000000,2.201000000,0.000000000
92.814000000,2.186000000,0.000000000
92.829000000,2.171000000,0.000000000
92.838000000,2.162000000,0.000000000
92.852000000,2.148000000,0.000000000
92.866000000,2.134000000,0.000000000
92.880000000,2.120000000,0.000000000
92.893000000,2.107000000,0.000000000
92.904000000,2.096000000,0.000000000
92.914000000,2.086000000,0.000000000
92.924000000,2.076000000,0.000000000
92.931000000,2.069000000,0.000000000
92.940000000,2.060000000,0.000000000
92.947000000,2.053000000,0.000000000
92.961000000,2.039000000,0.000000000
92.973000000,2.027000000,0.000000000
92.980000000,2.020000000,0.000000000
92.988000000,2.012000000,0.000000000
92.996000000,2.004000000,0.000000000
93.004000000,1.996000000,0.000000000
93.011000000,1.989000000,0.000000000
93.020000000,1.980000000,0.000000000
93.026000000,1.974000000,0.000000000
93.038000000,1.962000000,0.000000000
93.053000000,1.947000000,0.000000000
93.066000000,1.934000000,0.000000000
93.074000000,1.926000000,0.000000000
93.086000000,1.914000000,0.000000000
93.099000000,1.901000000,0.000000000
93.112000000,1.888000000,0.000000000
93.122000000,1.878000000,0.000000000
93.133000000,1.867000000,0.000000000
93.149000000,1.851000000,0.000000000
93.163000000,1.837000000,0.000000000
93.179000000,1.821000000,0.000000000
93.196000000,1.804000000,0.000000000
93.202000000,1.798000000,0.000000000
93.207000000,1.793000000,0.000000000
93.218000000,1.782000000,0.000000000
93.232000000,1.768000000,0.000000000
93.244000000,1.756000000,0.000000000
93.256000000,1.744000000,0.000000000
93.269000000,1.731000000,0.000000000
93.281000000,1.719000000,0.000000000
93.293000000,1.707000000,0.000000000
93.303000000,1.697000000,0.000000000
93.311000000,1.689000000,0.000000000
93.327000000,1.673000000,0.000000000
93.339000000,1.661000000,0.000000000
93.353000000,1.647000000,0.000000000
93.366000000,1.634000000,0.000000000
93.375000000,1.625000000,0.000000000
93.379000000,1.621000000,0.000000000
93.389000000,1.611000000,0.000000000
93.401000000,1.599000000,0.000000000
93.414000000,1.586000000,0.000000000
93.424000000,1.576000000,0.000000000
93.435000000,1.565000000,0.000000000
93.451000000,1.549000000,0.000000000
93.469000000,1.531000000,0.000000000
93.476000000,1.524000000,0.000000000
93.487000000,1.513000000,0.000000000
93.500000000,1.500000000,0.000000000
93.516000000,1.484000000,0.000000000
93.528000000,1.472000000,0.000000000
93.536000000,1.464000000,0.000000000
93.547000000,1.453000000,0.000000000
93.563000000,1.437000000,0.000000000
93.570000000,1.430000000,0.000000000
93.580000000,1.420000000,0.000000000
93.593000000,1.407000000,0.000000000
93.608000000,1.392000000,0.000000000
93.622000000,1.378000000,0.000000000
93.633000000,1.367000000,0.000000000
93.645000000,1.355000000,0.000000000
93.659000000,1.341000000,0.000000000
93.669000000,1.331000000,0.000000000
93.675000000,1.325000000,0.000000000
93.687000000,1.313000000,0.000000000
93.696000000,1.304000000,0.000000000
93.705000000,1.295000000,0.000000000
93.717000000,1.283000000,0.000000000
93.735000000,1.265000000,0.000000000
93.748000000,1.252000000,0.000000000
93.757000000,1.243000000,0.000000000
93.766000000,1.234000000,0.000000000
93.779000000,1.221000000,0.000000000
93.791000000,1.209000000,0.000000000
93.806000000,1.194000000,0.000000000
93.816000000,1.184000000,0.000000000
93.825000000,1.175000000,0.000000000
93.841000000,1.159000000,0.000000000
93.850000000,1.150000000,0.000000000
93.858000000,1.142000000,0.000000000
93.866000000,1.134000000,0.000000000
93.880000000,1.120000000,0.000000000
93.889000000,1.111000000,0.000000000
93.899000000,1.101000000,0.000000000
93.910000000,1.090000000,0.000000000
93.921000000,1.079000000,0.000000000
93.929000000,1.071000000,0.000000000
93.934000000,1.066000000,0.000000000
93.942000000,1.058000000,0.000000000
93.950000000,1.050000000,0.000000000
93.958000000,1.042000000,0.000000000
93.966000000,1.034000000,0.000000000
93.976000000,1.024000000,0.000000000
93.987000000,1.013000000,0.000000000
94.001000000,0.999000000,0.000000000
94.005000000,0.995000000,0.000000000
94.013000000,0.987000000,0.000000000
94.026000000,0.974000000,0.000000000
94.038000000,0.962000000,0.000000000
94.046000000,0.954000000,0.000000000
94.051000000,0.949000000,0.000000000
94.063000000,0.937000000,0.000000000
94.077000000,0.923000000,0.000000000
94.091000000,0.909000000,0.000000000
94.104000000,0.896000000,0.000000000
94.112000000,0.888000000,0.000000000
94.118000000,0.882000000,0.000000000
94.127000000,0.873000000,0.000000000
94.136000000,0.864000000,0.000000000
94.145000000,0.855000000,0.000000000
94.157000000,0.843000000,0.000000000
94.172000000,0.828000000,0.000000000
94.182000000,0.818000000,0.000000000
94.192000000,0.808000000,0.000000000
94.197000000,0.803000000,0.000000000
94.204000000,0.796000000,0.000000000
94.212000000,0.788000000,0.000000000
94.228000000,0.772000000,0.000000000
94.237000000,0.763000000,0.000000000
94.247000000,0.753000000,0.000000000
94.259000000,0.741000000,0.000000000
94.268000000,0.732000000,0.000000000
94.281000000,0.719000000,0.000000000
94.295000000,0.705000000,0.000000000
94.307000000,0.693000000,0.000000000
94.314000000,0.686000000,0.000000000
94.319000000,0.681000000,0.000000000
94.326000000,0.674000000,0.000000000
94.329000000,0.671000000,0.000000000
94.337000000,0.663000000,0.000000000
94.345000000,0.655000000,0.000000000
94.352000000,0.648000000,0.000000000
94.360000000,0.640000000,0.000000000
94.367000000,0.633000000,0.000000000
94.378000000,0.622000000,0.000000000
94.393000000,0.607000000,0.000000000
94.406000000,0.594000000,0.000000000
94.417000000,0.583000000,0.000000000
94.425000000,0.575000000,0.000000000
94.433000000,0.567000000,0.000000000
94.441000000,0.559000000,0.000000000
94.453000000,0.547000000,0.000000000
94.468000000,0.532000000,0.000000000
94.478000000,0.522000000,0.000000000
94.490000000,0.510000000,0.000000000
94.506000000,0.494000000,0.000000000
94.520000000,0.480000000,0.000000000
94.529000000,0.471000000,0.000000000
94.542000000,0.458000000,0.000000000
94.554000000,0.446000000,0.000000000
94.566000000,0.434000000,0.000000000
94.574000000,0.426000000,0.000000000
94.585000000,0.415000000,0.000000000
94.595000000,0.405000000,0.000000000
94.603000000,0.397000000,0.000000000
94.611000000,0.389000000,0.000000000
94.617000000,0.383000000,0.000000000
94.625000000,0.375000000,0.000000000
94.634000000,0.366000000,0.000000000
94.645000000,0.355000000,0.000000000
94.658000000,0.342000000,0.000000000
94.666000000,0.334000000,0.000000000
94.679000000,0.321000000,0.000000000
94.689000000,0.311000000,0.000000000
94.697000000,0.303000000,0.000000000
94.707000000,0.293000000,0.000000000
94.717000000,0.283000000,0.000000000
94.727000000,0.273000000,0.000000000
94.737000000,0.263000000,0.000000000
94.747000000,0.253000000,0.000000000
94.762000000,0.238000000,0.000000000
94.778000000,0.222000000,0.000000000
94.790000000,0.210000000,0.000000000
94.805000000,0.195000000,0.000000000
94.811000000,0.189000000,0.000000000
94.824000000,0.176000000,0.000000000
94.838000000,0.162000000,0.000000000
94.848000000,0.152000000,0.000000000
94.864000000,0.136000000,0.000000000
94.881000000,0.119000000,0.000000000
94.891000000,0.109000000,0.000000000
94.903000000,0.097000000,0.000000000
94.917000000,0.083000000,0.000000000
94.926000000,0.074000000,0.000000000
94.940000000,0.060000000,0.000000000
94.951000000,0.049000000,0.000000000
94.958000000,0.042023634,-0.000002798
94.966000000,0.034036838,-0.000004846
94.981000000,0.019051504,-0.000007173
94.996000000,0.004065290,-0.000011911
95.004000000,-0.003930995,-0.000013698
95.012000000,-0.011922931,-0.000011395
95.021000000,-0.020902103,-0.000001317
95.034000000,-0.033895318,-0.000002403
95.046000000,-0.045895314,-0.000002399
95.056000000,-0.055895312,-0.000002396
95.068000000,-0.067895308,-0.000002393
95.075000000,-0.074895306,-0.000002390
95.083000000,-0.082895304,-0.000002388
95.092000000,-0.091895302,-0.000002385
95.105000000,-0.104895298,-0.000002381
95.114000000,-0.113895295,-0.000002378
95.129000000,-0.128895291,-0.000002374
95.139000000,-0.138895289,-0.000002371
95.146000000,-0.145895287,-0.000002368
95.158000000,-0.157895283,-0.000002365
95.169000000,-0.168900810,-0.000009326
95.178000000,-0.177900809,-0.000009325
95.188000000,-0.187900807,-0.000009323
95.198000000,-0.197900806,-0.000009321
95.203000000,-0.202900805,-0.000009320
95.216000000,-0.215911007,-0.000001290
95.224000000,-0.223912409,-0.000001343
95.237000000,-0.236915812,-0.000001832
95.245000000,-0.244918386,-0.000002477
95.253000000,-0.252920699,-0.000003490
95.266000000,-0.265946925,-0.000016206
95.283000000,-0.282952820,-0.000019814
95.293000000,-0.292955217,-0.000020193
95.307000000,-0.306957860,-0.000020375
95.320000000,-0.319959790,-0.000020310
95.329000000,-0.328960889,-0.000020178
95.339000000,-0.338962161,-0.000019965
95.352000000,-0.351967405,-0.000019458
95.361000000,-0.360970026,-0.000019019
95.371000000,-0.370972275,-0.000018524
95.381000000,-0.380974027,-0.000018057
95.398000000,-0.397984240,-0.000009091
95.404000000,-0.403984241,-0.000009091
95.413000000,-0.412984242,-0.000009091
95.423000000,-0.422984243,-0.000009092
95.430000000,-0.429984244,-0.000009092
95.441000000,-0.440984246,-0.000009093
95.453000000,-0.452984247,-0.000009094
95.469000000,-0.468984249,-0.000009095
95.482000000,-0.481984251,-0.000009095
95.495000000,-0.494984253,-0.000009096
95.507000000,-0.506984254,-0.000009097
95.518000000,-0.517984256,-0.000009097
95.529000000,-0.528984257,-0.000009098
95.541000000,-0.540984259,-0.000009099
95.553000000,-0.552984261,-0.000009099
95.565000000,-0.564984262,-0.000009100
95.574000000,-0.573984263,-0.000009100
95.581000000,-0.580984264,-0.000009101
95.589000000,-0.588984265,-0.000009101
95.601000000,-0.600984267,-0.000009102
95.608000000,-0.607984268,-0.000009102
95.615000000,-0.614984269,-0.000009103
95.624000000,-0.623984270,-0.000009103
95.640000000,-0.639984272,-0.000009104
95.648000000,-0.647984273,-0.000009105
95.659000000,-0.658984275,-0.000009105
95.669000000,-0.668984276,-0.000009106
95.682000000,-0.681984278,-0.000009106
95.691000000,-0.690984279,-0.000009107
95.697000000,-0.696984280,-0.000009107
95.709000000,-0.708984281,-0.000009108
95.717000000,-0.716984282,-0.000009108
95.720000000,-0.719984283,-0.000009109
95.726000000,-0.725984284,-0.000009109
95.736000000,-0.735984285,-0.000009109
95.753000000,-0.752984287,-0.000009110
95.769000000,-0.768984289,-0.000009111
95.782000000,-0.781984291,-0.000009112
95.787000000,-0.786984292,-0.000009112
95.793000000,-0.792984292,-0.000009113
95.804000000,-0.803984294,-0.000009113
95.812000000,-0.811984295,-0.000009114
95.822000000,-0.821984296,-0.000009114
95.828000000,-0.827984297,-0.000009115
95.840000000,-0.839984299,-0.000009115
95.849000000,-0.848984300,-0.000009116
95.861000000,-0.860984301,-0.000009116
95.872000000,-0.871984303,-0.000009117
95.881000000,-0.880984304,-0.000009117
95.891000000,-0.890984305,-0.000009118
95.906000000,-0.905984307,-0.000009119
95.920000000,-0.919984309,-0.000009120
95.935000000,-0.934984311,-0.000009120
95.949000000,-0.948984313,-0.000009121
95.959000000,-0.958984315,-0.000009122
95.969000000,-0.968984316,-0.000009122
95.986000000,-0.985984318,-0.000009123
95.995000000,-0.994984319,-0.000009124
96.003000000,-0.996984320,-0.000009124
96.015000000,-0.984984322,-0.000009125
96.025000000,-0.974984323,-0.000009125
96.041000000,-0.958984325,-0.000009126
96.056000000,-0.943984327,-0.000009127
96.069000000,-0.930984329,-0.000009128
96.080000000,-0.919984331,-0.000009128
96.089000000,-0.910984332,-0.000009129
96.101000000,-0.898984333,-0.000009130
96.112000000,-0.887984335,-0.000009130
96.127000000,-0.872984337,-0.000009131
96.142000000,-0.857984339,-0.000009132
96.157000000,-0.842984341,-0.000009133
96.164000000,-0.835984342,-0.000009133
96.173000000,-0.826984343,-0.000009134
96.184000000,-0.815984345,-0.000009134
96.198000000,-0.801984346,-0.000009135
96.212000000,-0.787984348,-0.000009136
96.225000000,-0.774984350,-0.000009136
96.234000000,-0.765984351,-0.000009137
96.243000000,-0.756984352,-0.000009137
96.254000000,-0.745984354,-0.000009138
96.262000000,-0.737984355,-0.000009138
96.273000000,-0.726984356,-0.000009139
96.281000000,-0.718984357,-0.000009139
96.290000000,-0.709984359,-0.000009140
96.299000000,-0.700984360,-0.000009140
96.302000000,-0.697984360,-0.000009141
96.307000000,-0.692984361,-0.000009141
96.315000000,-0.684984362,-0.000009141
96.324000000,-0.675984363,-0.000009142
96.335000000,-0.664984365,-0.000009142
96.344000000,-0.655984366,-0.000009143
96.355000000,-0.644984367,-0.000009144
96.366000000,-0.633984369,-0.000009144
96.380000000,-0.619984371,-0.000009145
96.389000000,-0.610984372,-0.000009145
96.400000000,-0.599984373,-0.000009146
96.404000000,-0.595984374,-0.000009146
96.418000000,-0.581984376,-0.000009147
96.427000000,-0.572984377,-0.000009147
96.440000000,-0.559984379,-0.000009148
96.450000000,-0.549984380,-0.000009149
96.467000000,-0.532984382,-0.000009150
96.481000000,-0.518984384,-0.000009150
96.494000000,-0.505984386,-0.000009151
96.500000000,-0.499984387,-0.000009151
96.508000000,-0.491984388,-0.000009152
96.516000000,-0.483984389,-0.000009152
96.528000000,-0.471984390,-0.000009153
96.539000000,-0.460984392,-0.000009154
96.548000000,-0.451984393,-0.000009154
96.555000000,-0.444984394,-0.000009154
96.563000000,-0.436984395,-0.000009155
96.577000000,-0.422984397,-0.000009156
96.592000000,-0.407984399,-0.000009156
96.603000000,-0.396984400,-0.000009157
96.616000000,-0.383984402,-0.000009158
96.629000000,-0.370984404,-0.000009158
96.642000000,-0.357984406,-0.000009159
96.658000000,-0.341984408,-0.000009160
96.667000000,-0.332984409,-0.000009161
96.678000000,-0.321984410,-0.000009161
96.688000000,-0.311984412,-0.000009162
96.698000000,-0.301978026,-0.000047176
96.710000000,-0.289978020,-0.000047182
96.721000000,-0.278978014,-0.000047189
96.730000000,-0.269978009,-0.000047194
96.741000000,-0.258978004,-0.000047200
96.755000000,-0.244977996,-0.000047208
96.763000000,-0.236977992,-0.000047213
96.770000000,-0.229977988,-0.000047217
96.782000000,-0.217977982,-0.000047224
96.791000000,-0.208977977,-0.000047229
96.801000000,-0.198977972,-0.000047235
96.812000000,-0.187977966,-0.000047241
96.825000000,-0.174961287,-0.000058150
96.837000000,-0.162961265,-0.000058158
96.851000000,-0.148961239,-0.000058167
96.864000000,-0.135961216,-0.000058175
96.872000000,-0.127961201,-0.000058180
96.883000000,-0.116961181,-0.000058187
96.891000000,-0.108961167,-0.000058192
96.900000000,-0.099961150,-0.000058198
96.914000000,-0.085961125,-0.000058206
96.923000000,-0.076961109,-0.000058212
96.930000000,-0.069961096,-0.000058216
96.939000000,-0.060961080,-0.000058222
96.943000000,-0.056961072,-0.000058225
96.954000000,-0.045961052,-0.000058231
96.963000000,-0.036961036,-0.000058237
96.971000000,-0.028961022,-0.000058242
96.979000000,-0.020961007,-0.000058247
96.989000000,-0.010960989,-0.000058253
97.002000000,0.002039035,-0.000058262
97.008000000,0.008039046,-0.000058265
97.017000000,0.017039062,-0.000058271
97.028000000,0.028039082,-0.000058278
97.036000000,0.036039096,-0.000058283
97.051000000,0.051039123,-0.000058292
97.058000000,0.058039136,-0.000058297
97.072000000,0.072039162,-0.000058305
97.081000000,0.081039178,-0.000058311
97.092000000,0.092158168,-0.000054818
97.105000000,0.105182822,-0.000059980
97.116000000,0.116182844,-0.000059968
97.123000000,0.123204124,-0.000071679
97.134000000,0.134222200,-0.000076880
97.148000000,0.148231046,-0.000076335
97.160000000,0.160231092,-0.000076307
97.169000000,0.169271357,-0.000082711
97.185000000,0.185271443,-0.000082680
97.201000000,0.201271528,-0.000082649
97.207000000,0.207271560,-0.000082638
97.219000000,0.219271623,-0.000082614
97.233000000,0.233271697,-0.000082587
97.241000000,0.241271739,-0.000082571
97.251000000,0.251271791,-0.000082552
97.259000000,0.259271833,-0.000082536
97.268000000,0.268271879,-0.000082518
97.279000000,0.279271936,-0.000082496
97.289000000,0.289271988,-0.000082477
97.300000000,0.300272044,-0.000082455
97.314000000,0.314272116,-0.000082427
97.323000000,0.323272162,-0.000082409
97.333000000,0.333272212,-0.000082389
97.347000000,0.347272283,-0.000082361
97.363000000,0.363272363,-0.000082329
97.380000000,0.380272448,-0.000082295
97.394000000,0.394272517,-0.000082267
97.403000000,0.403272562,-0.000082248
97.411000000,0.411272601,-0.000082232
97.420000000,0.420272645,-0.000082214
97.431000000,0.431272699,-0.000082191
97.439000000,0.439272738,-0.000082175
97.448000000,0.448272781,-0.000082157
97.457000000,0.457272825,-0.000082138
97.468000000,0.468272878,-0.000082116
97.477000000,0.477272921,-0.000082097
97.484000000,0.484272954,-0.000082083
97.494000000,0.494273002,-0.000082062
97.509000000,0.509273073,-0.000082031
97.523000000,0.523273139,-0.000082002
97.535000000,0.535273195,-0.000081977
97.541000000,0.541273223,-0.000081965
97.559000000,0.559273306,-0.000081927
97.574000000,0.574273375,-0.000081896
97.579000000,0.579273398,-0.000081885
97.589000000,0.589273444,-0.000081864
97.604000000,0.604273512,-0.000081833
97.614000000,0.614273558,-0.000081812
97.623000000,0.623273598,-0.000081792
97.634000000,0.634273648,-0.000081769
97.648000000,0.648273710,-0.000081739
97.662000000,0.662273772,-0.000081710
97.668000000,0.668273799,-0.000081697
97.680000000,0.680273851,-0.000081671
97.690000000,0.690273895,-0.000081650
97.698000000,0.698273930,-0.000081633
97.712000000,0.712273991,-0.000081602
97.726000000,0.726274051,-0.000081572
97.738000000,0.738274103,-0.000081546
97.749000000,0.749274150,-0.000081522
97.759000000,0.759274192,-0.000081501
97.774000000,0.774274255,-0.000081468
97.781000000,0.781274285,-0.000081453
97.793000000,0.793274335,-0.000081427
97.801000000,0.801274368,-0.000081409
97.813000000,0.813274418,-0.000081383
97.824000000,0.824274463,-0.000081359
97.837000000,0.837274517,-0.000081330
97.852000000,0.852274578,-0.000081297
97.869000000,0.869274646,-0.000081259
97.885000000,0.885274711,-0.000081224
97.896000000,0.896274754,-0.000081199
97.911000000,0.911274814,-0.000081166
97.924000000,0.924274865,-0.000081137
97.938000000,0.938274919,-0.000081105
97.946000000,0.946274950,-0.000081087
97.956000000,0.956274989,-0.000081065
97.969000000,0.969275039,-0.000081035
97.983000000,0.983275092,-0.000081004
97.994000000,0.994275134,-0.000080979
98.003000000,1.003275168,-0.000080958
98.010000000,1.010275194,-0.000080942
98.018000000,1.018275224,-0.000080924
98.030000000,1.030275269,-0.000080897
98.041000000,1.041275310,-0.000080872
98.054000000,1.054275358,-0.000080842
98.066000000,1.066275401,-0.000080814
98.079000000,1.079275449,-0.000080784
98.089000000,1.089275485,-0.000080761
98.102000000,1.102275531,-0.000080731
98.111000000,1.111275563,-0.000080711
98.122000000,1.122275602,-0.000080685
98.131000000,1.131275634,-0.000080664
98.142000000,1.142275672,-0.000080639
98.151000000,1.151275704,-0.000080618
98.162000000,1.162275742,-0.000080592
98.173000000,1.173275780,-0.000080566
98.186000000,1.186275824,-0.000080536
98.201000000,1.201275875,-0.000080500
98.210000000,1.210275905,-0.000080479
98.217000000,1.217275929,-0.000080463
98.226000000,1.226275959,-0.000080442
98.237000000,1.237275995,-0.000080416
98.247000000,1.247276028,-0.000080392
98.258000000,1.258276064,-0.000080366
98.274000000,1.274276117,-0.000080328
98.288000000,1.288276162,-0.000080294
98.304000000,1.304276213,-0.000080256
98.315000000,1.315276248,-0.000080230
98.328000000,1.328276288,-0.000080198
98.339000000,1.339276323,-0.000080172
98.349000000,1.349276354,-0.000080148
98.359000000,1.359276385,-0.000080124
98.371000000,1.371276421,-0.000080095
98.379000000,1.379276446,-0.000080075
98.389000000,1.389276476,-0.000080051
98.400000000,1.400276509,-0.000080024
98.414000000,1.414276550,-0.000079990
98.427000000,1.427276589,-0.000079959
98.440000000,1.440276627,-0.000079927
98.449000000,1.449276653,-0.000079905
98.462000000,1.462276690,-0.000079873
98.474000000,1.474276725,-0.000079843
98.486000000,1.486276759,-0.000079814
98.493000000,1.493276778,-0.000079797
98.505000000,1.505276812,-0.000079767
98.512000000,1.512276831,-0.000079750
98.528000000,1.528276875,-0.000079710
98.539000000,1.539276905,-0.000079683
98.549000000,1.549276933,-0.000079658
98.562000000,1.562276967,-0.000079625
98.577000000,1.577277007,-0.000079588
98.588000000,1.588277036,-0.000079560
98.601000000,1.601277070,-0.000079528
98.613000000,1.613277101,-0.000079497
98.622000000,1.622277124,-0.000079475
98.634000000,1.634277155,-0.000079444
98.642000000,1.642277175,-0.000079424
98.655000000,1.655277208,-0.000079391
98.667000000,1.667277237,-0.000079361
98.676000000,1.676277260,-0.000079338
98.681000000,1.681277272,-0.000079325
98.689000000,1.689277291,-0.000079305
98.705000000,1.705277330,-0.000079264
98.720000000,1.720277365,-0.000079226
98.728000000,1.728277384,-0.000079205
98.735000000,1.735277401,-0.000079187
98.742000000,1.742277417,-0.000079169
98.751000000,1.751277438,-0.000079146
98.763000000,1.763277465,-0.000079115
98.781000000,1.781277506,-0.000079069
98.792000000,1.792277531,-0.000079041
98.807000000,1.807277564,-0.000079002
98.814000000,1.814277579,-0.000078984
98.822000000,1.822277596,-0.000078963
98.840000000,1.840277635,-0.000078916
98.852000000,1.852277661,-0.000078885
98.865000000,1.865277688,-0.000078851
98.881000000,1.881277721,-0.000078809
98.895000000,1.895277749,-0.000078772
98.910000000,1.910277779,-0.000078733
98.922000000,1.922277803,-0.000078701
98.937000000,1.937277832,-0.000078661
98.950000000,1.950277857,-0.000078627
98.961000000,1.961277878,-0.000078598
98.972000000,1.972277899,-0.000078569
98.985000000,1.985277923,-0.000078534
98.991000000,1.991277934,-0.000078518
99.004000000,2.004277958,-0.000078483
99.018000000,2.018277983,-0.000078446
99.028000000,2.028278001,-0.000078419
99.038000000,2.038278018,-0.000078392
99.046000000,2.046278032,-0.000078371
99.051000000,2.051278041,-0.000078358
99.056000000,2.056278049,-0.000078344
99.063000000,2.063278061,-0.000078325
99.076000000,2.076278083,-0.000078290
99.090000000,2.090278106,-0.000078252
99.099000000,2.099278121,-0.000078228
99.108000000,2.108278135,-0.000078204
99.122000000,2.122278158,-0.000078166
99.137000000,2.137278181,-0.000078125
99.149000000,2.149278199,-0.000078092
99.161000000,2.161278218,-0.000078060
99.176000000,2.176278240,-0.000078019
99.185000000,2.185278253,-0.000077994
99.191000000,2.191278262,-0.000077977
99.204000000,2.204278280,-0.000077942
99.217000000,2.217278298,-0.000077906
99.226000000,2.226278311,-0.000077881
99.231000000,2.231278318,-0.000077867
99.245000000,2.245278337,-0.000077829
99.254000000,2.254278349,-0.000077804
99.263000000,2.263278360,-0.000077779
99.280000000,2.280278382,-0.000077732
99.293000000,2.293278398,-0.000077696
99.306000000,2.306278414,-0.000077660
99.323000000,2.323278435,-0.000077612
99.336000000,2.336278450,-0.000077576
99.351000000,2.351278467,-0.000077534
99.366000000,2.366278484,-0.000077492
99.376000000,2.376278495,-0.000077464
99.384000000,2.384278503,-0.000077441
99.397000000,2.397278517,-0.000077405
99.407000000,2.407278527,-0.000077376
99.421000000,2.421278541,-0.000077337
99.431000000,2.431278551,-0.000077308
99.445000000,2.445278564,-0.000077269
99.457000000,2.457278575,-0.000077235
99.471000000,2.471278588,-0.000077195
99.488000000,2.488278603,-0.000077146
99.499000000,2.499278612,-0.000077115
99.511000000,2.511278622,-0.000077081
99.526000000,2.526278634,-0.000077038
99.533000000,2.533278639,-0.000077017
99.549000000,2.549278652,-0.000076971
99.560000000,2.560278660,-0.000076940
99.572000000,2.572278668,-0.000076905
99.584000000,2.584278676,-0.000076870
99.599000000,2.599278686,-0.000076827
99.607000000,2.607278691,-0.000076804
99.620000000,2.620278699,-0.000076766
99.635000000,2.635278708,-0.000076723
99.650000000,2.650278716,-0.000076679
99.662000000,2.662278722,-0.000076644
99.676000000,2.676278729,-0.000076603
99.688000000,2.688278735,-0.000076568
99.700000000,2.700278740,-0.000076533
99.709000000,2.709278744,-0.000076506
99.722000000,2.722278750,-0.000076468
99.730000000,2.730278753,-0.000076444
99.739000000,2.739278756,-0.000076418
99.751000000,2.751278760,-0.000076382
99.760000000,2.760278763,-0.000076356
99.772000000,2.772278767,-0.000076320
99.785000000,2.785278771,-0.000076282
99.796000000,2.796278774,-0.000076249
99.806000000,2.806278776,-0.000076219
99.813000000,2.813278778,-0.000076199
99.820000000,2.820278779,-0.000076178
99.830000000,2.830278781,-0.000076148
99.843000000,2.843278783,-0.000076109
99.853000000,2.853278785,-0.000076079
99.861000000,2.861278786,-0.000076055
99.870000000,2.870278787,-0.000076028
99.877000000,2.877278787,-0.000076007
99.892000000,2.892278789,-0.000075962
99.904000000,2.904278789,-0.000075926
99.916000000,2.916278790,-0.000075890
99.927000000,2.927278790,-0.000075857
99.938000000,2.938278789,-0.000075824
99.947000000,2.947278789,-0.000075796
99.964000000,2.964278788,-0.000075745
99.974000000,2.974278787,-0.000075714
99.986000000,2.986278786,-0.000075678
99.998000000,2.998278784,-0.000075641
100.003000000,3.003278783,-0.000075626
100.008000000,3.008278783,-0.000075611
100.015000000,3.015278781,-0.000075590
100.026000000,3.026278779,-0.000075556
100.036000000,3.036278777,-0.000075525
100.044000000,3.044278775,-0.000075501
100.053000000,3.053278773,-0.000075473
100.062000000,3.062278771,-0.000075446
100.072000000,3.072278768,-0.000075415
100.086000000,3.086278764,-0.000075372
100.100000000,3.100278759,-0.000075329
100.108000000,3.108278756,-0.000075304
100.115000000,3.115278754,-0.000075283
100.127000000,3.127278749,-0.000075246
100.142000000,3.142278743,-0.000075199
100.155000000,3.155278737,-0.000075159
100.165000000,3.165278732,-0.000075128
100.180000000,3.180278725,-0.000075081
100.191000000,3.191278719,-0.000075047
100.196000000,3.196278717,-0.000075031
100.205000000,3.205278712,-0.000075003
100.215000000,3.215278706,-0.000074972
100.226000000,3.226278700,-0.000074938
100.235000000,3.235278694,-0.000074909
100.249000000,3.249278685,-0.000074866
100.262000000,3.262278677,-0.000074825
100.276000000,3.276278667,-0.000074781
100.293000000,3.293278655,-0.000074727
100.304000000,3.304278647,-0.000074692
100.319000000,3.319278636,-0.000074645
100.329000000,3.329278628,-0.000074613
100.345000000,3.345278615,-0.000074563
100.359000000,3.359278603,-0.000074518
100.375000000,3.375278589,-0.000074467
100.385000000,3.385278580,-0.000074436
100.396000000,3.396278570,-0.000074400
100.402000000,3.402278564,-0.000074381
100.407000000,3.407278560,-0.000074365
100.415000000,3.415278552,-0.000074340
100.424000000,3.424278543,-0.000074311
100.428000000,3.428278539,-0.000074298
100.439000000,3.439278528,-0.000074263
100.450000000,3.450278517,-0.000074228
100.466000000,3.466278500,-0.000074176
100.478000000,3.478278487,-0.000074138
100.491000000,3.491278473,-0.000074096
100.503000000,3.503278459,-0.000074057
100.518000000,3.518278442,-0.000074009
100.528000000,3.528278430,-0.000073976
100.541000000,3.541278415,-0.000073934
100.555000000,3.555278397,-0.000073889
100.570000000,3.570278379,-0.000073840
100.585000000,3.585278359,-0.000073791
100.593000000,3.593278349,-0.000073765
100.602000000,3.602278337,-0.000073736
100.608000000,3.608278329,-0.000073716
100.617000000,3.617278317,-0.000073687
100.632000000,3.632278296,-0.000073638
100.643000000,3.643278280,-0.000073602
100.651000000,3.651278269,-0.000073575
100.655000000,3.655278263,-0.000073562
100.661000000,3.661278255,-0.000073543
100.669000000,3.669278243,-0.000073516
100.681000000,3.681278225,-0.000073477
100.686000000,3.686278218,-0.000073460
100.691000000,3.691278210,-0.000073444
100.698000000,3.698278200,-0.000073421
100.706000000,3.706278187,-0.000073394
100.714000000,3.714278175,-0.000073368
100.720000000,3.720278166,-0.000073348
100.726000000,3.726278156,-0.000073328
100.730000000,3.730278150,-0.000073315
100.736000000,3.736278140,-0.000073295
100.743000000,3.743278129,-0.000073272
100.752000000,3.752278115,-0.000073242
100.762000000,3.762278098,-0.000073209
100.777000000,3.777278073,-0.000073159
100.789000000,3.789278053,-0.000073119
100.798000000,3.798278038,-0.000073089
100.807000000,3.807278022,-0.000073059
100.815000000,3.815278008,-0.000073033
100.824000000,3.824277992,-0.000073002
100.839000000,3.839277965,-0.000072952
100.842000000,3.842277960,-0.000072942
100.851000000,3.851277944,-0.000072912
100.866000000,3.866277916,-0.000072862
100.876000000,3.876277898,-0.000072828
100.888000000,3.888277875,-0.000072788
100.901000000,3.901277850,-0.000072744
100.914000000,3.914277825,-0.000072700
100.931000000,3.931277792,-0.000072643
100.945000000,3.945277764,-0.000072596
100.957000000,3.957277739,-0.000072555
100.965000000,3.965277723,-0.000072528
100.971000000,3.971277711,-0.000072507
100.985000000,3.985277682,-0.000072460
101.002000000,4.002277646,-0.000072402
101.010000000,4.010277629,-0.000072375
101.027000000,4.027277593,-0.000072317
101.042000000,4.042277560,-0.000072266
101.056000000,4.056277529,-0.000072218
101.069000000,4.069277500,-0.000072173
101.081000000,4.081277473,-0.000072132
101.090000000,4.090277452,-0.000072101
101.101000000,4.101277427,-0.000072063
101.108000000,4.108277410,-0.000072039
101.122000000,4.122277378,-0.000071991
101.137000000,4.137277342,-0.000071939
101.150000000,4.150277311,-0.000071895
101.162000000,4.162277282,-0.000071853
101.172000000,4.172277258,-0.000071818
101.184000000,4.184277228,-0.000071777
101.193000000,4.193277206,-0.000071746
101.204000000,4.204277178,-0.000071707
101.216000000,4.216277148,-0.000071666
101.223000000,4.223277130,-0.000071641
101.234000000,4.234277102,-0.000071603
101.241000000,4.241277084,-0.000071579
101.250000000,4.250277060,-0.000071547
101.261000000,4.261277032,-0.000071509
101.275000000,4.275276995,-0.000071460
101.289000000,4.289276957,-0.000071411
101.304000000,4.304276917,-0.000071358
101.317000000,4.317276881,-0.000071313
101.330000000,4.330276846,-0.000071267
101.337000000,4.337276826,-0.000071243
101.349000000,4.349276793,-0.000071200
101.363000000,4.363276753,-0.000071151
101.372000000,4.372276728,-0.000071119
101.381000000,4.381276702,-0.000071087
101.396000000,4.396276659,-0.000071034
101.405000000,4.405276633,-0.000071002
101.413000000,4.413276610,-0.000070974
101.420000000,4.420276589,-0.000070949
101.429000000,4.429276563,-0.000070917
101.443000000,4.443276521,-0.000070868
101.456000000,4.456276482,-0.000070821
101.467000000,4.467276449,-0.000070782
101.474000000,4.474276428,-0.000070757
101.492000000,4.492276373,-0.000070693
101.497000000,4.497276357,-0.000070675
101.506000000,4.506276329,-0.000070643
101.516000000,4.516276298,-0.000070607
101.522000000,4.522276280,-0.000070586
101.536000000,4.536276235,-0.000070536
101.545000000,4.545276207,-0.000070503
101.557000000,4.557276169,-0.000070460
101.566000000,4.566276140,-0.000070428
101.578000000,4.578276101,-0.000070385
101.586000000,4.586276075,-0.000070356
101.597000000,4.597276039,-0.000070316
101.606000000,4.606276009,-0.000070284
101.613000000,4.613275986,-0.000070259
101.625000000,4.625275946,-0.000070215
101.637000000,4.637275906,-0.000070172
101.651000000,4.651275859,-0.000070121
101.662000000,4.662275821,-0.000070081
101.676000000,4.676275773,-0.000070031
101.688000000,4.688275732,-0.000069987
101.701000000,4.701275687,-0.000069940
101.717000000,4.717275631,-0.000069881
101.731000000,4.731275582,-0.000069830
101.747000000,4.747275525,-0.000069772
101.764000000,4.764275464,-0.000069710
101.773000000,4.773275431,-0.000069677
101.782000000,4.782275398,-0.000069644
101.799000000,4.799275336,-0.000069581
101.811000000,4.811275292,-0.000069537
101.823000000,4.823275247,-0.000069493
101.837000000,4.837275195,-0.000069442
101.852000000,4.852275139,-0.000069386
101.866000000,4.866275085,-0.000069335
101.876000000,4.876275047,-0.000069298
101.887000000,4.887275005,-0.000069257
101.899000000,4.899274959,-0.000069213
101.914000000,4.914274901,-0.000069157
101.931000000,4.931274834,-0.000069094
101.940000000,4.940274799,-0.000069061
101.953000000,4.953274747,-0.000069012
101.963000000,4.963274707,-0.000068975
101.975000000,4.975274659,-0.000068930
101.992000000,4.992274591,-0.000068867
102.003000000,4.997274546,-0.000068826
102.014000000,4.986274501,-0.000068785
102.026000000,4.974274452,-0.000068740
102.043000000,4.957274382,-0.000068676
102.057000000,4.943274323,-0.000068623
102.068000000,4.932274277,-0.000068582
102.078000000,4.922274235,-0.000068544
102.092000000,4.908274176,-0.000068492
102.107000000,4.893274112,-0.000068435
102.117000000,4.883274069,-0.000068398
102.127000000,4.873274026,-0.000068360
102.139000000,4.861273974,-0.000068314
102.150000000,4.850273927,-0.000068273
102.160000000,4.840273883,-0.000068235
102.173000000,4.827273826,-0.000068186
102.186000000,4.814273768,-0.000068136
102.201000000,4.799273702,-0.000068079
102.212000000,4.788273653,-0.000068038
102.225000000,4.775273594,-0.000067988
102.235000000,4.765273549,-0.000067950
102.247000000,4.753273495,-0.000067904
102.262000000,4.738273427,-0.000067847
102.271000000,4.729273385,-0.000067813
102.279000000,4.721273349,-0.000067782
102.290000000,4.710273298,-0.000067740
102.303000000,4.697273237,-0.000067690
102.320000000,4.680273158,-0.000067625
102.335000000,4.665273088,-0.000067567
102.345000000,4.655273040,-0.000067529
102.356000000,4.644272988,-0.000067487
102.373000000,4.627272907,-0.000067421
102.387000000,4.613272840,-0.000067367
102.399000000,4.601272782,-0.000067321
102.409000000,4.591272734,-0.000067282
102.422000000,4.578272670,-0.000067232
102.436000000,4.564272602,-0.000067178
102.450000000,4.550272533,-0.000067123
102.464000000,4.536272464,-0.000067069
102.473000000,4.527272419,-0.000067034
102.486000000,4.514272354,-0.000066984
102.499000000,4.501272289,-0.000066933
102.509000000,4.491272238,-0.000066894
102.522000000,4.478272173,-0.000066843
102.533000000,4.467272117,-0.000066800
102.545000000,4.455272055,-0.000066754
102.559000000,4.441271984,-0.000066699
102.573000000,4.427271911,-0.000066644
102.588000000,4.412271834,-0.000066585
102.601000000,4.399271766,-0.000066534
102.610000000,4.390271719,-0.000066499
102.624000000,4.376271645,-0.000066444
102.633000000,4.367271598,-0.000066409
102.640000000,4.360271561,-0.000066381
102.648000000,4.352271518,-0.000066349
102.660000000,4.340271454,-0.000066302
102.676000000,4.324271369,-0.000066239
102.680000000,4.320271347,-0.000066223
102.692000000,4.308271282,-0.000066176
102.705000000,4.295271212,-0.000066124
102.714000000,4.286271163,-0.000066089
102.723000000,4.277271114,-0.000066053
102.737000000,4.263271037,-0.000065998
102.750000000,4.250270966,-0.000065946
102.760000000,4.240270911,-0.000065906
102.772000000,4.228270844,-0.000065859
102.787000000,4.213270761,-0.000065799
102.799000000,4.201270694,-0.000065751
102.804000000,4.196270666,-0.000065731
102.819000000,4.181270581,-0.000065671
102.831000000,4.169270513,-0.000065624
102.843000000,4.157270445,-0.000065576
102.852000000,4.148270394,-0.000065540
102.863000000,4.137270331,-0.000065496
102.875000000,4.125270262,-0.000065448
102.887000000,4.113270193,-0.000065399
102.897000000,4.103270135,-0.000065359
102.907000000,4.093270077,-0.000065319
102.922000000,4.078269990,-0.000065259
102.931000000,4.069269937,-0.000065223
102.943000000,4.057269867,-0.000065174
102.954000000,4.046269802,-0.000065130
102.965000000,4.035269737,-0.000065086
102.976000000,4.024269672,-0.000065041
102.986000000,4.014269612,-0.000065001
102.995000000,4.005269559,-0.000064965
103.005000000,3.995269499,-0.000064924
103.017000000,3.983269427,-0.000064876
103.033000000,3.967269330,-0.000064811
103.045000000,3.955269257,-0.000064762
103.055000000,3.945269196,-0.000064722
103.069000000,3.931269111,-0.000064665
103.082000000,3.918269031,-0.000064612
103.096000000,3.904268945,-0.000064555
103.113000000,3.887268840,-0.000064486
103.129000000,3.871268740,-0.000064420
103.138000000,3.862268684,-0.000064384
103.153000000,3.847268590,-0.000064322
103.167000000,3.833268502,-0.000064265
103.177000000,3.823268439,-0.000064224
103.194000000,3.806268331,-0.000064154
103.202000000,3.798268280,-0.000064122
103.212000000,3.788268217,-0.000064080
103.225000000,3.775268133,-0.000064027
103.235000000,3.765268069,-0.000063986
103.243000000,3.757268018,-0.000063953
103.252000000,3.748267960,-0.000063916
103.269000000,3.731267849,-0.000063846
103.280000000,3.720267778,-0.000063801
103.297000000,3.703267667,-0.000063730
103.308000000,3.692267594,-0.000063685
103.319000000,3.681267522,-0.000063640
103.336000000,3.664267410,-0.000063569
103.346000000,3.654267343,-0.000063528
103.361000000,3.639267243,-0.000063466
103.377000000,3.623267137,-0.000063399
103.393000000,3.607267029,-0.000063333
103.404000000,3.596266955,-0.000063287
103.417000000,3.583266867,-0.000063233
103.426000000,3.574266806,-0.000063195
103.437000000,3.563266731,-0.000063149
103.450000000,3.550266642,-0.000063095
103.466000000,3.534266533,-0.000063028
103.483000000,3.517266416,-0.000062957
103.498000000,3.502266312,-0.000062895
103.510000000,3.490266228,-0.000062844
103.524000000,3.476266131,-0.000062786
103.542000000,3.458266005,-0.000062710
103.558000000,3.442265893,-0.000062643
103.573000000,3.427265787,-0.000062580
103.590000000,3.410265666,-0.000062508
103.605000000,3.395265559,-0.000062445
103.622000000,3.378265438,-0.000062373
103.635000000,3.365265345,-0.000062318
103.650000000,3.350265237,-0.000062255
103.664000000,3.336265136,-0.000062196
103.673000000,3.327265070,-0.000062158
103.684000000,3.316264990,-0.000062111
103.696000000,3.304264903,-0.000062060
103.710000000,3.290264800,-0.000062001
103.727000000,3.273264676,-0.000061929
103.738000000,3.262264595,-0.000061882
103.754000000,3.246264476,-0.000061814
103.764000000,3.236264402,-0.000061771
103.776000000,3.224264313,-0.000061720
103.793000000,3.207264186,-0.000061647
103.809000000,3.191264066,-0.000061579
103.818000000,3.182263998,-0.000061541
103.834000000,3.166263877,-0.000061472
103.839000000,3.161263840,-0.000061451
103.856000000,3.144263711,-0.000061378
103.872000000,3.128263589,-0.000061309
103.887000000,3.113263474,-0.000061245
103.901000000,3.099263367,-0.000061185
103.919000000,3.081263228,-0.000061108
103.934000000,3.066263112,-0.000061043
103.945000000,3.055263027,-0.000060996
103.956000000,3.044262941,-0.000060948
103.968000000,3.032262848,-0.000060896
103.982000000,3.018262738,-0.000060836
103.996000000,3.004262628,-0.000060776
104.011000000,2.989262510,-0.000060711
104.022000000,2.978262423,-0.000060663
104.037000000,2.963262305,-0.000060598
104.049000000,2.951262209,-0.000060546
104.062000000,2.938262106,-0.000060490
104.076000000,2.924261994,-0.000060429
104.089000000,2.911261889,-0.000060372
104.103000000,2.897261777,-0.000060312
104.113000000,2.887261696,-0.000060268
104.124000000,2.876261607,-0.000060220
104.138000000,2.862261494,-0.000060159
104.152000000,2.848261380,-0.000060098
104.167000000,2.833261257,-0.000060033
104.183000000,2.817261126,-0.000059963
104.196000000,2.804261019,-0.000059906
104.203000000,2.797260962,-0.000059875
104.216000000,2.784260854,-0.000059818
104.226000000,2.774260772,-0.000059774
104.231000000,2.769260730,-0.000059753
104.243000000,2.757260630,-0.000059700
104.255000000,2.745260530,-0.000059647
104.261000000,2.739260480,-0.000059621
104.273000000,2.727260380,-0.000059568
104.285000000,2.715260279,-0.000059515
104.299000000,2.701260162,-0.000059454
104.313000000,2.687260044,-0.000059392
104.324000000,2.676259951,-0.000059344
104.338000000,2.662259832,-0.000059282
104.353000000,2.647259704,-0.000059216
104.363000000,2.637259619,-0.000059172
104.377000000,2.623259499,-0.000059110
104.389000000,2.611259397,-0.000059057
104.401000000,2.599259293,-0.000059004
104.413000000,2.587259190,-0.000058951
104.423000000,2.577259104,-0.000058906
104.428000000,2.572259060,-0.000058884
104.444000000,2.556258922,-0.000058813
104.452000000,2.548258852,-0.000058778
104.465000000,2.535258739,-0.000058720
104.471000000,2.529258686,-0.000058693
104.480000000,2.520258608,-0.000058653
104.491000000,2.509258511,-0.000058604
104.497000000,2.503258459,-0.000058577
104.509000000,2.491258353,-0.000058524
104.521000000,2.479258247,-0.000058471
104.530000000,2.470258168,-0.000058430
104.541000000,2.459258070,-0.000058381
104.553000000,2.447257964,-0.000058328
104.562000000,2.438257884,-0.000058288
104.572000000,2.428257795,-0.000058243
104.589000000,2.411257643,-0.000058167
104.601000000,2.399257535,-0.000058113
104.612000000,2.388257437,-0.000058064
104.624000000,2.376257328,-0.000058010
104.630000000,2.370257274,-0.000057983
104.643000000,2.357257157,-0.000057925
104.658000000,2.342257021,-0.000057858
104.674000000,2.326256875,-0.000057786
104.682000000,2.318256803,-0.000057750
104.696000000,2.304256675,-0.000057687
104.707000000,2.293256574,-0.000057637
104.722000000,2.278256436,-0.000057570
104.735000000,2.265256317,-0.000057511
104.751000000,2.249256169,-0.000057439
104.768000000,2.232256012,-0.000057362
104.782000000,2.218255882,-0.000057299
104.799000000,2.201255723,-0.000057222
104.811000000,2.189255611,-0.000057168
104.823000000,2.177255499,-0.000057113
104.834000000,2.166255395,-0.000057063
104.843000000,2.157255311,-0.000057023
104.860000000,2.140255151,-0.000056946
104.866000000,2.134255094,-0.000056918
104.878000000,2.122254980,-0.000056864
104.891000000,2.109254857,-0.000056805
104.903000000,2.097254743,-0.000056750
104.916000000,2.084254619,-0.000056691
104.928000000,2.072254504,-0.000056636
104.940000000,2.060254389,-0.000056582
104.954000000,2.046254255,-0.000056518
104.970000000,2.030254101,-0.000056445
104.978000000,2.022254024,-0.000056408
104.989000000,2.011253918,-0.000056358
105.005000000,1.995253763,-0.000056285
105.016000000,1.984253656,-0.000056234
105.029000000,1.971253529,-0.000056175
105.040000000,1.960253422,-0.000056125
105.052000000,1.948253305,-0.000056070
105.064000000,1.936253187,-0.000056015
105.076000000,1.924253069,-0.000055959
105.089000000,1.911252941,-0.000055900
105.100000000,1.900252833,-0.000055849
105.110000000,1.890252734,-0.000055803
105.124000000,1.876252595,-0.000055739
105.135000000,1.865252486,-0.000055688
105.147000000,1.853252367,-0.000055633
105.162000000,1.838252217,-0.000055564
105.175000000,1.825252087,-0.000055504
105.182000000,1.818252017,-0.000055472
105.190000000,1.810251937,-0.000055435
105.207000000,1.793251766,-0.000055356
105.215000000,1.785251686,-0.000055319
105.229000000,1.771251544,-0.000055254
105.236000000,1.764251474,-0.000055222
105.243000000,1.757251403,-0.000055190
105.254000000,1.746251291,-0.000055139
105.263000000,1.737251200,-0.000055097
105.277000000,1.723251057,-0.000055032
105.289000000,1.711250935,-0.000054977
105.298000000,1.702250843,-0.000054935
105.306000000,1.694250761,-0.000054898
105.316000000,1.684250659,-0.000054851
105.329000000,1.671250525,-0.000054791
105.347000000,1.653250340,-0.000054707
105.359000000,1.641250216,-0.000054651
105.369000000,1.631250113,-0.000054605
105.377000000,1.623250030,-0.000054567
105.388000000,1.612249916,-0.000054516
105.398000000,1.602249812,-0.000054470
105.412000000,1.588249666,-0.000054404
105.420000000,1.580249582,-0.000054367
105.431000000,1.569249467,-0.000054316
105.441000000,1.559249363,-0.000054269
105.454000000,1.546249226,-0.000054208
105.464000000,1.536249121,-0.000054161
105.477000000,1.523248984,-0.000054101
105.489000000,1.511248858,-0.000054044
105.495000000,1.505248794,-0.000054016
105.512000000,1.488248614,-0.000053937
105.526000000,1.474248466,-0.000053871
105.541000000,1.459248306,-0.000053801
105.554000000,1.446248167,-0.000053739
105.562000000,1.438248082,-0.000053702
105.568000000,1.432248018,-0.000053674
105.575000000,1.425247943,-0.000053641
105.583000000,1.417247857,-0.000053603
105.598000000,1.402247696,-0.000053533
105.609000000,1.391247578,-0.000053481
105.622000000,1.378247437,-0.000053420
105.632000000,1.368247329,-0.000053372
105.645000000,1.355247189,-0.000053311
105.651000000,1.349247123,-0.000053283
105.660000000,1.340247026,-0.000053240
105.668000000,1.332246939,-0.000053203
105.681000000,1.319246797,-0.000053141
105.694000000,1.306246655,-0.000053080
105.703000000,1.297246557,-0.000053037
105.717000000,1.283246404,-0.000052971
105.726000000,1.274246305,-0.000052928
105.739000000,1.261246162,-0.000052867
105.743000000,1.257246118,-0.000052848
105.750000000,1.250246041,-0.000052815
105.762000000,1.238245909,-0.000052758
105.771000000,1.229245809,-0.000052715
105.777000000,1.223245743,-0.000052687
105.783000000,1.217245677,-0.000052658
105.789000000,1.211245610,-0.000052630
105.801000000,1.199245477,-0.000052573
105.811000000,1.189245366,-0.000052525
105.819000000,1.181245277,-0.000052487
105.833000000,1.167245120,-0.000052421
105.837000000,1.163245076,-0.000052402
105.845000000,1.155244986,-0.000052364
105.851000000,1.149244919,-0.000052335
105.863000000,1.137244785,-0.000052278
105.874000000,1.126244661,-0.000052225
105.890000000,1.110244481,-0.000052149
105.899000000,1.101244380,-0.000052106
105.905000000,1.095244312,-0.000052078
105.915000000,1.085244199,-0.000052030
105.920000000,1.080244143,-0.000052006
105.926000000,1.074244075,-0.000051977
105.933000000,1.067243995,-0.000051944
105.946000000,1.054243848,-0.000051882
105.955000000,1.045243746,-0.000051839
105.965000000,1.035243632,-0.000051791
105.975000000,1.025243518,-0.000051743
105.981000000,1.019243449,-0.000051715
105.994000000,1.006243301,-0.000051652
106.006000000,0.994243163,-0.000051595
106.015000000,0.985243060,-0.000051552
106.026000000,0.974242934,-0.000051499
106.038000000,0.962242796,-0.000051441
106.052000000,0.948242634,-0.000051374
106.063000000,0.937242507,-0.000051321
106.076000000,0.924242357,-0.000051259
106.094000000,0.906242148,-0.000051172
106.107000000,0.893241997,-0.000051110
106.121000000,0.879241834,-0.000051042
106.137000000,0.863241647,-0.000050965
106.153000000,0.847241460,-0.000050888
106.161000000,0.839241366,-0.000050850
106.173000000,0.827241225,-0.000050792
106.185000000,0.815241084,-0.000050734
106.196000000,0.804240954,-0.000050681
106.206000000,0.794240837,-0.000050633
106.213000000,0.787240754,-0.000050599
106.223000000,0.777240636,-0.000050550
106.230000000,0.770240553,-0.000050517
106.240000000,0.760240434,-0.000050468
106.247000000,0.753240351,-0.000050434
106.255000000,0.745240256,-0.000050396
106.261000000,0.739240185,-0.000050367
106.271000000,0.729240066,-0.000050318
106.280000000,0.720239958,-0.000050275
106.288000000,0.712239863,-0.000050236
106.298000000,0.702239743,-0.000050187
106.309000000,0.691239612,-0.000050134
106.322000000,0.678239456,-0.000050071
106.336000000,0.664239288,-0.000050003
106.348000000,0.652239143,-0.000049945
106.364000000,0.636238950,-0.000049867
106.380000000,0.620238757,-0.000049789
106.394000000,0.606238587,-0.000049721
106.404000000,0.596238466,-0.000049672
106.412000000,0.588238369,-0.000049633
106.425000000,0.575238211,-0.000049570
106.440000000,0.560238028,-0.000049497
106.453000000,0.547237869,-0.000049433
106.460000000,0.540237783,-0.000049399
106.472000000,0.528237636,-0.000049341
106.484000000,0.516237489,-0.000049282
106.495000000,0.505237354,-0.000049228
106.506000000,0.494237219,-0.000049175
106.511000000,0.489237157,-0.000049150
106.520000000,0.480237046,-0.000049106
106.531000000,0.469234303,-0.000040215
106.546000000,0.454230507,-0.000029619
106.563000000,0.437184812,0.000009564
106.572000000,0.428184785,0.000009597
106.576000000,0.424184773,0.000009612
106.580000000,0.420142090,0.000021049
106.587000000,0.413142082,0.000021071
106.602000000,0.398117985,-0.000001971
106.610000000,0.390117986,-0.000001953
106.621000000,0.379117988,-0.000001928
106.635000000,0.365117989,-0.000001896
106.647000000,0.353116885,-0.000002806
106.658000000,0.342116886,-0.000002782
106.666000000,0.334116887,-0.000002764
106.670000000,0.330116888,-0.000002755
106.682000000,0.318116259,-0.000003359
