sim_time_s,robot_obstacle_center_distance_m,estimated_clearance_m,encounter_id
16.48,3.479999990389469,3.174999990389469,
16.5,3.4999999903894663,3.194999990389466,
16.52,3.519999990389463,3.214999990389463,
16.54,3.5399999903894606,3.2349999903894604,
16.56,3.559999990389456,3.254999990389456,
16.58,3.5799999903894544,3.274999990389454,
16.6,3.599999990389455,3.2949999903894547,
16.62,3.6199999903894553,3.314999990389455,
16.64,3.639999990389455,3.3349999903894547,
16.66,3.6599999903894567,3.3549999903894565,
16.68,3.679999990389457,3.374999990389457,
16.7,3.699999990389509,3.394999990389509,
16.72,3.7199999903895073,3.414999990389507,
16.74,3.7399999903895043,3.434999990389504,
16.76,3.759999990389504,3.4549999903895037,
16.78,3.7799999903895,3.4749999903894997,
16.8,3.7999999903894945,3.4949999903894944,
16.82,3.8199999903894915,3.5149999903894913,
16.84,3.839999990389488,3.5349999903894878,
16.86,3.859999990389486,3.554999990389486,
16.88,3.8799999903894817,3.5749999903894816,
16.9,3.899999990389478,3.594999990389478,
16.92,3.919999990389476,3.614999990389476,
16.94,3.9399999903894747,3.6349999903894745,
16.96,3.959999990389472,3.654999990389472,
16.98,3.979999990389467,3.674999990389467,
17.0,3.9999999903894636,3.6949999903894635,
17.02,4.019999990389459,3.7149999903894586,
17.04,4.0399999903894575,3.7349999903894573,
17.06,4.059999990389452,3.7549999903894515,
17.08,4.079999990389453,3.774999990389453,
17.1,4.099999990389457,3.794999990389457,
17.12,4.119999990389457,3.8149999903894565,
17.14,4.139999990389455,3.834999990389455,
17.16,4.159999990389455,3.8549999903894547,
17.18,4.179999990389509,3.8749999903895085,
17.2,4.1999999903895056,3.8949999903895054,
17.22,4.219999990389503,3.914999990389503,
17.24,4.239999990389499,3.934999990389499,
17.26,4.259999990389497,3.954999990389497,
17.28,4.279999990389496,3.9749999903894957,
17.3,4.299999990389494,3.9949999903894935,
17.32,4.319999990389488,4.014999990389487,
17.34,4.339999990389485,4.034999990389484,
17.36,4.359999990389482,4.054999990389481,
17.38,4.379999990389477,4.074999990389476,
17.4,4.399999990389475,4.094999990389474,
17.42,4.419999990389473,4.114999990389473,
17.44,4.43999999038947,4.13499999038947,
17.46,4.459999990389468,4.154999990389467,
17.48,4.479999990389463,4.174999990389463,
17.5,4.49999999038946,4.1949999903894595,
17.52,4.519999990389455,4.214999990389455,
17.54,4.539999990389454,4.234999990389453,
17.56,4.5599999903894535,4.254999990389453,
17.58,4.579999990389454,4.274999990389453,
17.6,4.599999990389457,4.2949999903894565,
17.62,4.619921990394311,4.314921990394311,
17.64,4.639471990626866,4.334471990626866,
17.66,4.658621992031648,4.3536219920316475,
17.68,4.677371995843657,4.372371995843657,
17.7,4.695722001115718,4.3907220011157175,
17.72,4.71367200767085,4.408672007670849,
17.74,4.731222015512306,4.426222015512305,
17.76,4.748372024643938,4.443372024643938,
17.78,4.765122035070179,4.460122035070178,
17.8,4.781472046796064,4.476472046796063,
17.82,4.7975000595758095,4.492500059575809,
17.84,4.813500072465961,4.50850007246596,
17.86,4.829500085376424,4.524500085376423,
17.88,4.845500098306995,4.540500098306994,
17.9,4.86150011125748,4.5565001112574794,
17.92,4.877500124227686,4.572500124227686,
17.94,4.89350013721741,4.58850013721741,
17.96,4.909500150226472,4.604500150226471,
17.98,4.925500163254671,4.62050016325467,
18.0,4.939750176302599,4.634750176302599,
18.02,4.9175001893878205,4.61250018938782,
18.04,4.893500202498229,4.588500202498229,
18.06,4.86950021563261,4.564500215632609,
18.08,4.845500228791729,4.540500228791728,
18.1,4.821500241975953,4.516500241975953,
18.12,4.797500255185662,4.492500255185662,
18.14,4.773500268421245,4.468500268421244,
18.16,4.749500281683086,4.444500281683085,
18.18,4.725500294971589,4.420500294971588,
18.2,4.70150030828716,4.396500308287159,
18.22,4.677500321630218,4.372500321630217,
18.24,4.653500335001184,4.348500335001184,
18.26,4.629500348400496,4.324500348400496,
18.28,4.605500361828599,4.300500361828599,
18.3,4.581500375285943,4.276500375285942,
18.32,4.557500388772989,4.252500388772988,
18.34,4.533500402290212,4.228500402290211,
18.36,4.5095004158380965,4.204500415838096,
18.38,4.485500429417127,4.180500429417126,
18.4,4.461500443027808,4.156500443027808,
18.42,4.437500456670731,4.13250045667073,
18.44,4.413500470346263,4.108500470346263,
18.46,4.389500484055021,4.08450048405502,
18.48,4.3655004977975524,4.060500497797552,
18.5,4.341500511574416,4.036500511574415,
18.52,4.317500525386187,4.012500525386186,
18.54,4.293500539233448,3.988500539233448,
18.56,4.269500553116801,3.964500553116801,
18.58,4.245500567036858,3.940500567036858,
18.6,4.2215005809942365,3.9165005809942364,
18.62,4.197500594989589,3.892500594989589,
18.64,4.173500609023565,3.8685006090235645,
18.66,4.1495006230968325,3.8445006230968324,
18.68,4.12550063721008,3.82050063721008,
18.7,4.101500651364015,3.7965006513640147,
18.72,4.077500665559349,3.7725006655593485,
18.74,4.053500679796816,3.7485006797968157,
18.76,4.0295006940771705,3.7245006940771703,
18.78,4.005500708401228,3.700500708401228,
18.8,3.981500722769686,3.6765007227696858,
18.82,3.9575007371834046,3.6525007371834044,
18.84,3.9335007516432072,3.628500751643207,
18.86,3.9095007661499417,3.6045007661499415,
18.88,3.885500780704483,3.5805007807044826,
18.9,3.8615007953077156,3.5565007953077155,
18.92,3.837500809960558,3.532500809960558,
18.94,3.813500824663946,3.5085008246639457,
18.96,3.7895008394188427,3.4845008394188426,
18.98,3.7655008542262265,3.4605008542262263,
19.0,3.741500869087113,3.436500869087113,
19.02,3.7175008840025385,3.4125008840025384,
19.04,3.6935008989735594,3.388500898973559,
19.06,3.6695009109915935,3.3645009109915933,
19.08,3.6455009164284506,3.3405009164284505,
19.1,3.621500917989295,3.316500917989295,
19.12,3.597500918492259,3.2925009184922587,
19.14,3.5735009207645594,3.2685009207645592,
19.16,3.5495009276425344,3.2445009276425343,
19.18,3.525500941972432,3.220500941972432,
19.2,3.5015009666103576,3.1965009666103574,
19.22,3.477501004422745,3.172501004422745,
19.24,3.4535010582867116,3.1485010582867115,
19.26,3.429501131090429,3.1245011310904287,
19.28,3.405501225733498,3.1005012257334976,
19.3,3.381501345127364,3.076501345127364,
19.32,3.357501492195736,3.0525014921957356,
19.34,3.333501669875024,3.028501669875024,
19.36,3.3095018811147967,3.0045018811147965,
19.38,3.2855021288782655,2.9805021288782654,
19.4,3.261502416142782,2.956502416142782,
19.42,3.2375027459003625,2.9325027459003623,
19.44,3.213503121158227,2.9085031211582266,
19.46,3.18950354493938,2.88450354493938,
19.48,3.1655040202832363,2.860504020283236,
19.5,3.1415045502460983,2.836504550246098,
19.52,3.117505137902037,2.8125051379020367,
19.54,3.0935057863434254,2.7885057863434253,
19.56,3.0695064986816805,2.7645064986816803,
19.58,3.0455072780480323,2.740507278048032,
19.6,3.021508127594284,2.7165081275942837,
19.62,2.9975757012452875,2.6925757012452873,
19.64,2.974021033938679,2.669021033938679,
19.66,2.9504304414186366,2.6454304414186365,
19.68,2.9265256163192612,2.621525616319261,
19.7,2.9025267093745555,2.5975267093745553,
19.72,2.8785278533618426,2.5735278533618424,
19.74,2.8545290830677468,2.5495290830677466,
19.76,2.8305304017978057,2.5255304017978055,
19.78,2.806531812885655,2.5015318128856547,
19.8,2.782533316775456,2.477533316775456,
19.82,2.75853485179311,2.4535348517931097,
19.84,2.734536392111473,2.4295363921114728,
19.86,2.7105379378713055,2.4055379378713053,
19.88,2.6865394892184478,2.3815394892184476,
19.9,2.6625410463039816,2.3575410463039814,
19.92,2.6385426092844866,2.3335426092844864,
19.94,2.614544178322286,2.3095441783222856,
19.96,2.590545753585729,2.285545753585729,
19.98,2.5665473352494477,2.2615473352494475,
20.0,2.5425489234946714,2.2375489234946713,
20.02,2.5185505185095423,2.213550518509542,
20.04,2.494552120489441,2.189552120489441,
20.06,2.4705537296373343,2.165553729637334,
20.08,2.446555346164159,2.141555346164159,
20.1,2.4225569702892025,2.1175569702892023,
20.12,2.3985586022405405,2.0935586022405404,
20.14,2.3745602422554533,2.069560242255453,
20.16,2.3505618905809587,2.0455618905809585,
20.18,2.3265635474741466,2.0215635474741465,
20.2,2.302565213202951,1.9975652132029507,
20.22,2.2785668880465457,1.9735668880465456,
20.24,2.254568572295989,1.949568572295989,
20.26,2.230570266254868,1.925570266254868,
20.28,2.2065719702399846,1.9015719702399845,
20.3,2.182573684582062,1.8775736845820619,
20.32,2.1585754096265384,1.8535754096265384,
20.34,2.134577145734379,1.829577145734379,
20.36,2.11057889328297,1.8055788932829702,
20.38,2.086580652667067,1.7815806526670672,
20.4,2.062582424299783,1.7575824242997828,
20.42,2.038584208613693,1.7335842086136932,
20.44,2.0145860060619847,1.7095860060619847,
20.46,1.9905878171196902,1.6855878171196903,
20.48,1.966589642285074,1.661589642285074,
20.5,1.9425914820808985,1.6375914820808986,
20.52,1.918593337056213,1.613593337056213,
20.54,1.8945952077878363,1.5895952077878364,
20.56,1.870597094882181,1.5655970948821811,
20.58,1.846598998977198,1.541598998977198,
20.6,1.8226009207444178,1.5176009207444179,
20.62,1.798602860891232,1.493602860891232,
20.64,1.7746048201632827,1.4696048201632828,
20.66,1.7506067993470946,1.4456067993470947,
20.68,1.7266087992729269,1.421608799272927,
20.7,1.7026108208178434,1.3976108208178435,
20.72,1.678612864909072,1.373612864909072,
20.74,1.6546149325276185,1.3496149325276185,
20.76,1.630617024712237,1.325617024712237,
20.78,1.6066191425637983,1.3016191425637984,
20.8,1.5826212872498076,1.2776212872498076,
20.82,1.5586234600098066,1.2536234600098066,
20.84,1.534625662160825,1.229625662160825,
20.86,1.510627895103572,1.2056278951035722,
20.88,1.4866301603292085,1.1816301603292085,1
20.9,1.462632459426753,1.157632459426753,1
20.92,1.4386347940912378,1.133634794091238,1
20.94,1.4146371661327273,1.1096371661327273,1
20.96,1.3906395774862097,1.0856395774862098,1
20.98,1.3666420302225906,1.0616420302225906,1
21.0,1.3426445265608131,1.0376445265608132,1
21.02,1.318647068881361,1.013647068881361,1
21.04,1.2946496597412007,0.9896496597412008,1
21.06,1.2706523018904534,0.9656523018904535,1
21.08,1.2466549982910204,0.9416549982910205,1
21.1,1.2226577521372288,0.9176577521372289,1
21.12,1.1986605668793129,0.893660566879313,1
21.14,1.1746634462493994,0.8696634462493995,1
21.16,1.1506663942909316,0.8456663942909317,1
21.18,1.12666941539183,0.82166941539183,1
21.2,1.102672514321973,0.7976725143219732,1
21.22,1.0786756962756758,0.7736756962756759,1
21.24,1.0546789669199734,0.7496789669199735,1
21.26,1.0306823324496486,0.7256823324496486,1
21.28,1.0066857996501253,0.7016857996501253,1
21.3,0.9826893759695761,0.6776893759695761,1
21.32,0.9586930696018656,0.6536930696018657,1
21.34,0.9346968895822426,0.6296968895822426,1
21.36,0.9107008458981943,0.6057008458981943,1
21.38,0.8867049496183099,0.58170494961831,1
21.4,0.8627092130424724,0.5577092130424723,1
21.42,0.8387136498782015,0.5337136498782016,1
21.44,0.8147182754477544,0.5097182754477545,1
21.46,0.7907231069331504,0.48572310693315046,1
21.48,0.7667281636671259,0.461728163667126,1
21.5,0.742733467480501,0.4377334674805009,1
21.52,0.7187390431190951,0.41373904311909504,1
21.54,0.6947449187470165,0.3897449187470165,1
21.56,0.6707511265579342,0.36575112655793424,1
21.58,0.6467577035224069,0.3417577035224069,1
21.6,0.6227646923078676,0.3177646923078676,1
21.62,0.5987721424197661,0.29377214241976607,1
21.64,0.574780111628349,0.269780111628349,1
21.66,0.5507886677682932,0.24578866776829317,1
21.68,0.5267978910296626,0.22179789102966257,1
21.7,0.5028078769048168,0.19780787690481677,1
21.72,0.47881874002032787,0.17381874002032788,1
21.74,0.45483061918111717,0.14983061918111718,1
21.76,0.4308436840985337,0.1258436840985337,1
21.78,0.40685814449684987,0.10185814449684986,1
21.8,0.3828742626400206,0.0778742626400206,1
21.82,0.35889237087705894,0.053892370877058934,1
21.84,0.33491289671834484,0.029912896718344836,1
21.86,0.31093639950267515,0.0059363995026751465,1
21.88,0.2869636254231553,-0.01803637457684472,1
21.9,0.2629955926041627,-0.04200440739583729,1
21.92,0.23903372727572475,-0.06596627272427526,1
21.94,0.2150800907902652,-0.08991990920973482,1
21.96,0.19113777692087247,-0.11386222307912754,1
21.98,0.16725584504662572,-0.13774415495337428,1
22.0,0.143795212173227,-0.161204787826773,1
22.02,0.12037122399269558,-0.18462877600730443,1
22.04,0.09687630320006109,-0.20812369679993892,1
22.06,0.07322145240339867,-0.23177854759660133,1
22.08,0.049864862206720956,-0.25513513779327907,1
22.1,0.027631675783881055,-0.27736832421611896,1
22.12,0.01387069440419277,-0.29112930559580724,1
22.14,0.027805834869353445,-0.27719416513064654,1
22.16,0.05005810998436821,-0.2549418900156318,1
22.18,0.07341897527567653,-0.23158102472432346,1
22.2,0.0970914986945374,-0.20790850130546262,1
22.22,0.1208927373329886,-0.1841072626670114,1
22.24,0.1447592152295658,-0.16024078477043419,1
22.26,0.16866323986214712,-0.1363367601378529,1
22.28,0.1925908310398251,-0.1124091689601749,1
22.3,0.21653417640945885,-0.08846582359054116,1
22.32,0.2404885704954244,-0.0645114295045756,1
22.34,0.2644510108837585,-0.04054898911624151,1
22.36,0.2884194920750824,-0.016580507924917623,1
22.38,0.31239262362154835,0.0073926236215483415,1
22.4,0.33636941122872477,0.03136941122872476,1
22.42,0.36034912510017725,0.05534912510017724,1
22.44,0.38433121749795607,0.07933121749795606,1
22.46,0.4083152693193773,0.10331526931937728,1
22.48,0.4323009544381645,0.12730095443816453,1
22.5,0.4562880152818117,0.15128801528181168,1
22.52,0.4802762457215726,0.17527624572157263,1
22.54,0.5042654788421442,0.19926547884214424,1
22.56,0.5282555780418086,0.22325557804180857,1
22.58,0.5522464304507301,0.24724643045073008,1
22.6,0.5762379419925091,0.2712379419925091,1
22.62,0.6002300336294797,0.2952300336294797,1
22.64,0.6242226384735095,0.31922263847350946,1
22.66,0.6482156995381317,0.34321569953813175,1
22.68,0.6722091679719111,0.3672091679719111,1
22.7,0.6962030016569623,0.39120300165696226,1
22.72,0.7201971640875391,0.41519716408753915,1
22.74,0.7441916234654876,0.43919162346548757,1
22.76,0.7681863519651507,0.4631863519651507,1
22.78,0.7921813251319391,0.487181325131939,1
22.8,0.8161765213867388,0.5111765213867387,1
22.82,0.8401719216154644,0.5351719216154645,1
22.84,0.8641675088268378,0.5591675088268377,1
22.86,0.8881632678656808,0.5831632678656808,1
22.88,0.912159185171428,0.607159185171428,1
22.9,0.9361552485737928,0.6311552485737928,1
22.92,0.9601514471190556,0.6551514471190556,1
22.94,0.9841477709217631,0.679147770921763,1
22.96,1.0081442110375956,0.7031442110375956,1
22.98,1.0321407593540026,0.7271407593540027,1
23.0,1.0561374084956923,0.7511374084956923,1
23.02,1.0801341517427272,0.7751341517427273,1
23.04,1.1041309829594155,0.7991309829594155,1
23.06,1.128127896532022,0.8231278965320221,1
23.08,1.1521248873145244,0.8471248873145245,1
23.1,1.1761219505808715,0.8711219505808716,1
23.12,1.200119081982987,0.8951190819829871,1
23.14,1.224116277513752,0.919116277513752,1
23.16,1.2481135334742013,0.9431135334742013,1
23.18,1.27211084644448,0.96711084644448,1
23.2,1.29610821325799,0.99110821325799,1
23.22,1.3201056309783858,1.015105630978386,1
23.24,1.3441030968790186,1.0391030968790187,1
23.26,1.3681006084245106,1.0631006084245107,1
23.28,1.3920981632543887,1.0870981632543888,1
23.3,1.4160957591680932,1.1110957591680932,1
23.32,1.4400933941117757,1.1350933941117758,1
23.34,1.464091066166238,1.1590910661662381,1
23.36,1.488088773536079,1.183088773536079,1
23.38,1.512086514539866,1.2070865145398662,1
23.4,1.5360842876012504,1.2310842876012504,1
23.42,1.5600820912408617,1.2550820912408618,1
23.44,1.5840799240689745,1.2790799240689745,1
23.46,1.6080777847788208,1.3030777847788209,1
23.48,1.632075672140496,1.3270756721404962,1
23.5,1.6560735849953534,1.3510735849953535,1
23.52,1.68007152225102,1.3750715222510201,1
23.54,1.7040694828765814,1.3990694828765815,1
23.56,1.7280674658984096,1.4230674658984097,1
23.58,1.7520654703962264,1.4470654703962265,1
23.6,1.7760634954994847,1.4710634954994848,1
23.62,1.8000615403840643,1.4950615403840644,1
23.64,1.8240596042692079,1.519059604269208,
23.66,1.8480576864147196,1.5430576864147196,
23.68,1.8720557861183538,1.5670557861183538,
23.7,1.8960539027134193,1.5910539027134194,
23.72,1.9200520355665525,1.6150520355665525,
23.74,1.944050184075643,1.639050184075643,
23.76,1.9680483476680213,1.6630483476680213,
23.78,1.9920465257985325,1.6870465257985325,
23.8,2.016044717948011,1.7110447179480113,
23.82,2.04004292362172,1.7350429236217202,
23.84,2.0640411423479237,1.7590411423479237,
23.86,2.088039373676582,1.783039373676582,
23.88,2.112037617178104,1.8070376171781042,
23.9,2.1360358724422053,1.8310358724422053,
23.92,2.160034139076834,1.8550341390768341,
23.94,2.1840324167071654,1.8790324167071655,
23.96,2.2080307049746573,1.903030704974657,
23.98,2.2320290035362538,1.9270290035362536,
24.0,2.253170332393772,1.9481703323937718,
24.02,2.240027924660312,1.9350279246603117,
24.04,2.2240285726822377,1.9190285726822376,
24.06,2.2080292568992577,1.9030292568992575,
24.08,2.1920299781039234,1.8870299781039235,
24.1,2.176030737112087,1.871030737112087,
24.12,2.160031534763782,1.8550315347637822,
24.14,2.144032371924098,1.839032371924098,
24.16,2.128033249484151,1.823033249484151,
24.18,2.112034128959338,1.807034128959338,
24.2,2.096034886937195,1.7910348869371953,
24.22,2.080035496527843,1.775035496527843,
24.24,2.0640359380810915,1.7590359380810916,
24.26,2.047991763367088,1.742991763367088,
24.28,2.0315475366120768,1.7265475366120768,
24.3,2.015103112707659,1.7101031127076591,
24.32,1.998686459866882,1.6936864598668822,
24.34,1.9825774999859858,1.6775774999859858,
24.36,1.9665765312422705,1.6615765312422706,
24.38,1.9505752667458984,1.6455752667458985,
24.4,1.9345736899254742,1.6295736899254742,
24.42,1.9185717846690722,1.6135717846690723,
24.44,1.9025695353433236,1.5975695353433237,
24.46,1.8865669268137801,1.5815669268137802,
24.48,1.8705640982871463,1.5655640982871464,
24.5,1.854561233193655,1.549561233193655,
24.52,1.8385583353536903,1.5335583353536903,
24.54,1.822555408406254,1.5175554084062541,
24.56,1.806552456238465,1.501552456238465,
24.58,1.7905494829966093,1.4855494829966094,
24.6,1.7745464930978658,1.469546493097866,
24.62,1.7585434912426015,1.4535434912426015,
24.64,1.7425404824274118,1.4375404824274118,
24.66,1.7265374777570004,1.4215374777570005,
24.68,1.7105346102796184,1.4055346102796185,
24.7,1.694531937590383,1.389531937590383,
24.72,1.678529465260481,1.373529465260481,
24.74,1.6625271990755126,1.3575271990755127,
24.76,1.646525145045925,1.3415251450459251,
24.78,1.630523309418038,1.325523309418038,
24.8,1.6145216986856934,1.3095216986856935,
24.82,1.5985203196027282,1.2935203196027283,
24.84,1.582519179195971,1.277519179195971,
24.86,1.56651828477927,1.26151828477927,
24.88,1.5505176439682602,1.2455176439682603,
24.9,1.534517264696098,1.2295172646960981,
24.92,1.5185171552301633,1.2135171552301633,
24.94,1.502517324189853,1.1975173241898531,
24.96,1.4865177805654959,1.181517780565496,2
24.98,1.4705185337385278,1.1655185337385279,2
25.0,1.4545195935029558,1.1495195935029558,2
25.02,1.4385209700883637,1.1335209700883637,2
25.04,1.4225226741842643,1.1175226741842643,2
25.06,1.4065247169663002,1.1015247169663003,2
25.08,1.3905271101241905,1.0855271101241906,2
25.1,1.37452986589158,1.0695298658915802,2
25.12,1.3585329970780766,1.0535329970780767,2
25.14,1.3425365171034862,1.0375365171034863,2
25.16,1.326540440034596,1.021540440034596,2
25.18,1.3105447806245898,1.0055447806245899,2
25.2,1.2945495543554952,0.9895495543554953,2
25.22,1.278554777483571,0.9735547774835711,2
25.24,1.2625604670884232,0.9575604670884232,2
25.26,1.2465666411256964,0.9415666411256964,2
25.28,1.2305733184839867,0.9255733184839867,2
25.3,1.2145805190461376,0.9095805190461377,2
25.32,1.1985882637555298,0.8935882637555299,2
25.34,1.1825965746876677,0.8775965746876677,2
25.36,1.1666054751276989,0.8616054751276989,2
25.38,1.1506149896543214,0.8456149896543215,2
25.4,1.1346251442308855,0.8296251442308855,2
25.42,1.118635966304101,0.8136359663041011,2
25.44,1.102647484911506,0.797647484911506,2
25.46,1.0866597307983052,0.7816597307983053,2
25.48,1.0706727365446609,0.765672736544661,2
25.5,1.0546865367045448,0.7496865367045449,2
25.52,1.0387011679573808,0.7337011679573808,2
25.54,1.0227166692738705,0.7177166692738706,2
25.56,1.0067330820975444,0.7017330820975445,2
25.58,0.990750450543956,0.685750450543956,2
25.6,0.9747688216192029,0.6697688216192028,2
25.62,0.9587882454604582,0.6537882454604582,2
25.64,0.9428087756007614,0.6378087756007613,2
25.66,0.9268304692611707,0.6218304692611707,2
25.68,0.9108533876735382,0.6058533876735381,2
25.7,0.8948775964377726,0.5898775964377727,2
25.72,0.8789031659179022,0.5739031659179021,2
25.74,0.8629301716820552,0.5579301716820553,2
25.76,0.8469586949918763,0.5419586949918762,2
25.78,0.8309888233483468,0.5259888233483467,2
25.8,0.8150206511014381,0.510020651101438,2
25.82,0.7990542801325592,0.49405428013255914,2
25.84,0.7830898206201652,0.47808982062016514,2
25.86,0.7671273919005159,0.462127391900516,2
25.88,0.7511671234376779,0.44616712343767784,2
25.9,0.7352091559193362,0.4302091559193362,2
25.92,0.7192536424975683,0.41425364249756824,2
25.94,0.7033007501978283,0.3983007501978284,2
25.96,0.6873506615229579,0.3823506615229579,2
25.98,0.6714035773400511,0.3664035773400511,2
26.0,0.6554597297728016,0.35045972977280165,2
26.02,0.6395193811692357,0.3345193811692357,2
26.04,0.6235828210566124,0.31858282105661245,2
26.06,0.6076503626819926,0.3026503626819926,2
26.08,0.5917223311739731,0.2867223311739731,2
26.1,0.5757991151504578,0.2707991151504578,2
26.12,0.5598811643801712,0.2548811643801712,2
26.14,0.5439689668208747,0.2389689668208747,2
26.16,0.5280630694742695,0.22306306947426952,2
26.18,0.5121640874932157,0.20716408749321574,2
26.2,0.49627271502084763,0.19127271502084764,2
26.22,0.48038973815639124,0.17538973815639125,2
26.24,0.4645160505481799,0.1595160505481799,2
26.26,0.4486526722535008,0.1436526722535008,2
26.28,0.43280077268737877,0.12780077268737877,2
26.3,0.4169616987265779,0.1119616987265779,2
26.32,0.4011370093627309,0.09613700936273088,2
26.34,0.3853285187428361,0.08032851874283607,2
26.36,0.36953835004471797,0.06453835004471796,2
26.38,0.35376900347832496,0.048769003478324954,2
26.4,0.33802344288611,0.03302344288611002,2
26.42,0.3223052070907886,0.017305207090788574,2
26.44,0.3066185545453793,0.0016185545453792777,2
26.46,0.2909686533433021,-0.014031346656697932,2
26.48,0.27536183381973817,-0.02963816618026184,2
26.5,0.2598059287334521,-0.04519407126654791,2
26.52,0.24431048964135738,-0.06068951035864263,2
26.54,0.22888755886564205,-0.07611244113435796,2
26.56,0.21355284678292943,-0.09144715321707057,2
26.58,0.19832681776716798,-0.10667318223283202,2
26.6,0.18323656685590772,-0.12176343314409228,2
26.62,0.16831861671119858,-0.13668138328880142,2
26.64,0.15362317058614544,-0.15137682941385455,2
26.66,0.1392207055765947,-0.16577929442340533,2
26.68,0.12521236237882696,-0.17978763762117306,2
26.7,0.11174645871196541,-0.1932535412880346,2
26.72,0.09904448943670252,-0.20595551056329747,2
26.74,0.0874400094454997,-0.21755999055450032,2
26.76,0.07742805774922529,-0.2275719422507747,2
26.78,0.06969833220918799,-0.23530166779081202,2
26.8,0.06506931234924862,-0.23993068765075137,2
26.82,0.06421509026235477,-0.24078490973764521,2
26.84,0.06727960118890121,-0.2377203988110988,2
26.86,0.07377612192172645,-0.23122387807827355,2
26.88,0.08290170146877432,-0.2220982985312257,2
26.9,0.0938928781003261,-0.2111071218996739,2
26.92,0.10617183016433888,-0.19882816983566112,2
26.94,0.11934172360857444,-0.18565827639142557,2
26.96,0.13313842787948563,-0.1718615721205144,2
26.98,0.14738602197465206,-0.15761397802534793,2
27.0,0.16196555954813638,-0.14303444045186364,2
27.02,0.176794937701593,-0.128205062298407,2
27.04,0.1918162194002671,-0.1131837805997329,2
27.06,0.206987629012098,-0.09801237098790201,2
27.08,0.22264542856244143,-0.08235457143755857,2
27.1,0.23844683258703236,-0.06655316741296764,2
27.12,0.2542474291898662,-0.050752570810133804,2
27.14,0.2698205506046282,-0.035179449395371834,2
27.16,0.28541180790100146,-0.01958819209899855,2
27.18,0.3010482937354262,-0.0039517062645738205,2
27.2,0.3167233094415675,0.011723309441567506,2
27.22,0.33243140470954746,0.027431404709547455,2
27.24,0.3481681022748218,0.043168102274821804,2
27.26,0.36392969177722956,0.05892969177722955,2
27.28,0.37971307349553807,0.07471307349553806,2
27.3,0.3955156385286446,0.09051563852864457,2
27.32,0.41133517594408486,0.10633517594408486,2
27.34,0.4271698001101978,0.12216980011019778,2
27.36,0.4430178933113237,0.1380178933113237,2
27.38,0.45887806002680515,0.15387806002680515,2
27.4,0.4747490902198292,0.1697490902198292,2
27.42,0.4906299296484917,0.18562992964849173,2
27.44,0.5065196556690236,0.20151965566902358,2
27.46,0.5224174574055983,0.2174174574055983,2
27.48,0.5383226193803224,0.23332261938032245,2
27.5,0.5542345079309368,0.24923450793093677,2
27.52,0.5701525598795563,0.26515255987955627,2
27.54,0.5860762730260398,0.2810762730260398,2
27.56,0.6020051981354261,0.2970051981354261,2
27.58,0.6179389321535961,0.3129389321535961,2
27.6,0.6338771124368116,0.32887711243681156,2
27.62,0.6498194118232891,0.34481941182328907,2
27.64,0.6657655344072086,0.36076553440720865,2
27.66,0.681715211901332,0.376715211901332,2
27.68,0.6976682004949296,0.3926682004949296,2
27.7,0.713624278130371,0.40862427813037105,2
27.72,0.729583242134359,0.42458324213435894,2
27.74,0.7455449071521585,0.44054490715215855,2
27.76,0.7615091033393276,0.4565091033393276,2
27.78,0.777475674775615,0.4724756747756149,2
27.8,0.7934444780687814,0.48844447806878133,2
27.82,0.8094153811232229,0.5044153811232228,2
27.84,0.8253882620505318,0.5203882620505318,2
27.86,0.8413630082037643,0.5363630082037643,2
27.88,0.8573395153190696,0.5523395153190696,2
27.9,0.8733176867511027,0.5683176867511026,2
27.92,0.8892974327906307,0.5842974327906307,2
27.94,0.9052786700539482,0.6002786700539482,2
27.96,0.9212613209357208,0.6162613209357208,2
27.98,0.9372453131175218,0.6322453131175219,2
28.0,0.953230579125648,0.648230579125648,2
28.02,0.9692170559325779,0.664217055932578,2
28.04,0.9852046845970327,0.6802046845970326,2
28.06,1.001193409938464,0.6961934099384641,2
28.08,1.0171831802420879,0.7121831802420879,2
28.1,1.0331739469912902,0.7281739469912902,2
28.12,1.0491654233549494,0.7441654233549495,2
28.14,1.0651572222027146,0.7601572222027146,2
28.16,1.081149311813463,0.776149311813463,2
28.18,1.0971419546408356,0.7921419546408357,2
28.2,1.1131354073763509,0.8081354073763509,2
28.22,1.1291296291484652,0.8241296291484652,2
28.24,1.1451242297367517,0.8401242297367517,2
28.26,1.1611189804430968,0.8561189804430969,2
28.28,1.1771138624735655,0.8721138624735656,2
28.3,1.1931088582223486,0.8881088582223486,2
28.32,1.209103951193166,0.9041039511931661,2
28.34,1.2250991259268456,0.9200991259268456,2
28.36,1.2410943706185638,0.9360943706185638,2
28.38,1.2570899864631957,0.9520899864631958,2
28.4,1.2730861699473914,0.9680861699473915,2
28.42,1.2890828999397446,0.9840828999397446,2
28.44,1.3050798927271912,1.0000798927271912,2
28.46,1.3210768715481418,1.0160768715481419,2
28.48,1.3370738269609186,1.0320738269609186,2
28.5,1.3530707501295418,1.0480707501295419,2
28.52,1.3690676327882525,1.0640676327882526,2
28.54,1.3850645300042639,1.080064530004264,2
28.56,1.4010618081753987,1.0960618081753988,2
28.58,1.4170595154120533,1.1120595154120534,2
28.6,1.4330576373448447,1.1280576373448448,2
28.62,1.4490561602385494,1.1440561602385495,2
28.64,1.4650549963305646,1.1600549963305646,2
28.66,1.4810537673672945,1.1760537673672946,2
28.68,1.4970524188157661,1.1920524188157662,2
28.7,1.5130509466918325,1.2080509466918326,2
28.72,1.5290493473189717,1.2240493473189717,2
28.74,1.5450476173123164,1.2400476173123165,2
28.76,1.5610457745533342,1.2560457745533342,2
28.78,1.5770441452916892,1.2720441452916893,2
28.8,1.5930428345184553,1.2880428345184554,2
28.82,1.6090418327334783,1.3040418327334784,2
28.84,1.6250411308105124,1.3200411308105124,2
28.86,1.6410407176823052,1.3360407176823053,2
28.88,1.657040315301595,1.352040315301595,2
28.9,1.6730397354695974,1.3680397354695975,2
28.92,1.6890389771407668,1.3840389771407668,2
28.94,1.7050380593741459,1.400038059374146,2
28.96,1.7210372941501049,1.416037294150105,2
28.98,1.7370367833480502,1.4320367833480503,2
29.0,1.7530365178045846,1.4480365178045846,2
29.02,1.7690362328356997,1.4640362328356997,2
29.04,1.7850357495663964,1.4800357495663965,2
29.06,1.8010350681069123,1.4960350681069123,2
29.08,1.8170341886822148,1.5120341886822148,
29.1,1.8330331116269751,1.5280331116269752,
29.12,1.8490319003410203,1.5440319003410203,
29.14,1.865030864027135,1.560030864027135,
29.16,1.8810300394988497,1.5760300394988498,
29.18,1.8970294213977204,1.5920294213977204,
29.2,1.9130289628365946,1.6080289628365947,
29.22,1.9290283529969603,1.6240283529969604,
29.24,1.9450275349352113,1.6400275349352114,
29.26,1.9610267618054262,1.6560267618054263,
29.28,1.977026175484818,1.672026175484818,
29.3,1.9930257714744855,1.6880257714744855,
29.32,2.009025543420741,1.7040255434207412,
29.34,2.0250252525041126,1.7200252525041126,
29.36,2.0410247377484176,1.7360247377484177,
29.38,2.057024000848208,1.752024000848208,
29.4,2.073023043549761,1.7680230435497613,
29.42,2.089021867649037,1.784021867649037,
29.44,2.1050206282660624,1.8000206282660625,
29.46,2.1210195472248827,1.8160195472248828,
29.48,2.1370186228282146,1.8320186228282147,
29.5,2.1530178515839866,1.8480178515839867,
29.52,2.169017230103115,1.864017230103115,
29.54,2.185016755095753,1.8800167550957532,
29.56,2.2010163855422613,1.8960163855422612,
29.58,2.217015840958835,1.9120158409588348,
29.6,2.2330150668726154,1.9280150668726153,
29.62,2.2490141309380998,1.9440141309380996,
29.64,2.2650133018082403,1.9600133018082402,
29.66,2.281012601726071,1.9760126017260706,
29.68,2.2970118020934613,1.9920118020934612,
29.7,2.3130107741055292,2.008010774105529,
29.72,2.3290095242224056,2.0240095242224054,
29.74,2.345008274007621,2.040008274007621,
29.76,2.3610071482504438,2.0560071482504436,
29.78,2.3770061444378494,2.0720061444378493,
29.8,2.3930052601239713,2.088005260123971,
29.82,2.409004457814918,2.1040044578149177,
29.84,2.4250034777188882,2.120003477718888,
29.86,2.4410022698598564,2.136002269859856,
29.88,2.457000847477699,2.152000847477699,
29.9,2.472999442886134,2.167999442886134,
29.92,2.4889981488160586,2.1839981488160585,
29.94,2.504996963149889,2.199996963149889,
29.96,2.5209958838237454,2.2159958838237452,
29.98,2.536994908825805,2.2319949088258046,
30.0,2.5481988928640624,2.2431988928640623,
30.02,2.5290338078698507,2.2240338078698505,
30.04,2.5050739407325953,2.200073940732595,
30.06,2.481114431456497,2.176114431456497,
30.08,2.457155297587272,2.1521552975872718,
30.1,2.4331965572639436,2.1281965572639434,
30.12,2.4092382699475063,2.104238269947506,
30.14,2.3852807003241523,2.080280700324152,
30.16,2.361323912057942,2.056323912057942,
30.18,2.337367929174411,2.032367929174411,
30.2,2.3134127766933674,2.0084127766933673,
30.22,2.2894583734153513,1.9844583734153511,
30.24,2.265504523393636,1.9605045233936358,
30.26,2.241551248370372,1.936551248370372,
30.28,2.2175987834948057,1.9125987834948055,
30.3,2.193647278935602,1.8886472789356021,
30.32,2.169696766495887,1.864696766495887,
30.34,2.1457472793973227,1.8407472793973227,
30.36,2.1217988523600626,1.8167988523600627,
30.38,2.0978515216881064,1.7928515216881065,
30.4,2.073905325360558,1.768905325360558,
30.42,2.0499603031292595,1.7449603031292595,
30.44,2.0260164966233356,1.7210164966233357,
30.46,2.0020739494611934,1.6970739494611935,
30.48,1.9781327073706516,1.6731327073706517,
30.5,1.954192716587487,1.6491927165874871,
30.52,1.9302537758265572,1.6252537758265573,
30.54,1.9063159319438658,1.601315931943866,
30.56,1.8823794837620107,1.5773794837620108,
30.58,1.8584445900608368,1.553444590060837,
30.6,1.8345113116843554,1.5295113116843555,
30.62,1.8105797126894139,1.505579712689414,
30.64,1.7866497547317457,1.4816497547317458,
30.66,1.7627212464681892,1.4577212464681892,
30.68,1.7387942434939008,1.4337942434939008,
30.7,1.7148688965834253,1.4098688965834254,
30.72,1.690945559340978,1.385945559340978,
30.74,1.6670243422773061,1.3620243422773062,
30.76,1.6431053379925689,1.338105337992569,
30.78,1.6191886445496937,1.3141886445496938,
30.8,1.59527436588259,1.2902743658825901,
30.82,1.5713625800630657,1.2663625800630658,
30.84,1.54745310310358,1.2424531031035801,
30.86,1.5235459768447845,1.2185459768447846,
30.88,1.499641506296574,1.194641506296574,3
30.9,1.4757400507898704,1.1707400507898704,3
30.92,1.4518417597641218,1.1468417597641218,3
30.94,1.427946792102765,1.1229467921027652,3
30.96,1.4040553174822004,1.0990553174822004,3
30.98,1.3801675173019317,1.0751675173019317,3
31.0,1.3562835857122861,1.0512835857122862,3
31.02,1.3324035079130274,1.0274035079130275,3
31.04,1.3085272744882108,1.0035272744882109,3
31.06,1.2846553564868524,0.9796553564868524,3
31.08,1.2607882098276342,0.9557882098276342,3
31.1,1.236926110707413,0.931926110707413,3
31.12,1.2130693569942796,0.9080693569942797,3
31.14,1.189218221698538,0.8842182216985381,3
31.16,1.1653726862590015,0.8603726862590015,3
31.18,1.141533044639739,0.836533044639739,3
31.2,1.1177000117743534,0.8127000117743535,3
31.22,1.0938741844263136,0.7888741844263136,3
31.24,1.0700560439090832,0.7650560439090832,3
31.26,1.0462461152025588,0.7412461152025589,3
31.28,1.0224449719983029,0.7174449719983029,3
31.3,0.9986532424574859,0.6936532424574859,3
31.32,0.97487161580136,0.66987161580136,3
31.34,0.9511007476806213,0.6461007476806213,3
31.36,0.9273410390655772,0.6223410390655773,3
31.38,0.9035933688487641,0.5985933688487641,3
31.4,0.8798591572949176,0.5748591572949175,3
31.42,0.8561396551922326,0.5511396551922325,3
31.44,0.8324361199385761,0.5274361199385762,3
31.46,0.8087499554453375,0.5037499554453375,3
31.48,0.7850827339561175,0.48008273395611756,3
31.5,0.7614359163993781,0.4564359163993781,3
31.52,0.7378110906788614,0.43281109067886137,3
31.54,0.7142108391312745,0.40921083913127454,3
31.56,0.6906380159971123,0.3856380159971123,3
31.58,0.6670955289554354,0.36209552895543545,3
31.6,0.6435867071096832,0.33858670710968325,3
31.62,0.6201153792547742,0.31511537925477423,3
31.64,0.5966858441947659,0.2916858441947659,3
31.66,0.5733025843815346,0.2683025843815346,3
31.68,0.5499718009889517,0.24497180098895172,3
31.7,0.5267018234177723,0.22170182341777228,3
31.72,0.5035011920381647,0.1985011920381647,3
31.74,0.48037994355885955,0.17537994355885955,3
31.76,0.4573501057152538,0.15235010571525381,3
31.78,0.43442620318783604,0.12942620318783604,3
31.8,0.4116259208454653,0.10662592084546528,3
31.82,0.38897098206779196,0.08397098206779195,3
31.84,0.3664883240732065,0.061488324073206466,3
31.86,0.3442116873925878,0.03921168739258778,3
31.88,0.32218378797364516,0.017183787973645157,3
31.9,0.3004593148274285,-0.004540685172571515,3
31.92,0.2791091020725659,-0.02589089792743411,3
31.94,0.2582259687895587,-0.04677403121044128,3
31.96,0.23793289900117864,-0.06706710099882136,3
31.98,0.21839440253868866,-0.08660559746131134,3
32.0,0.19983189477904031,-0.10516810522095969,3
32.02,0.18254331156439316,-0.12245668843560685,3
32.04,0.16692489538344057,-0.13807510461655942,3
32.06,0.15348729055101248,-0.15151270944898754,3
32.08,0.14284720854827215,-0.16215279145172784,3
32.1,0.13566440770337426,-0.16933559229662576,3
32.12,0.13250225808327848,-0.17249774191672151,3
32.14,0.13364638269119375,-0.17135361730880627,3
32.16,0.1389904048707959,-0.1660095951292041,3
32.18,0.14808024358613214,-0.15691975641386785,3
32.2,0.16027979235470088,-0.14472020764529914,3
32.22,0.17493961989072615,-0.13006038010927384,3
32.24,0.1914951283895927,-0.1135048716104073,3
32.26,0.20949583564130664,-0.09550416435869337,3
32.28,0.22860040867277315,-0.07639959132722686,3
32.3,0.24855443926805562,-0.056445560731944386,3
32.32,0.26916907782012844,-0.03583092217987156,3
32.34,0.2903036278956771,-0.01469637210432291,3
32.36,0.31185240262729597,0.006852402627295959,3
32.38,0.33373517408212305,0.028735174082123047,3
32.4,0.35589033782192286,0.05089033782192286,3
32.42,0.3782700350682865,0.07327003506828648,3
32.44,0.4008366588104055,0.09583665881040547,3
32.46,0.42356033265899634,0.11856033265899633,3
32.48,0.4464170746043231,0.14141707460432312,3
32.5,0.4693874458638034,0.16438744586380338,3
32.52,0.4924555461267401,0.1874555461267401,3
32.54,0.5156082584943679,0.21060825849436787,3
32.56,0.5388346762081919,0.23383467620819193,3
32.58,0.562125663069522,0.25712566306952206,3
32.6,0.5854735131656192,0.28047351316561925,3
32.62,0.608871685082997,0.30387168508299706,3
32.64,0.6323145925196603,0.3273145925196603,3
32.66,0.6557974379875037,0.3507974379875037,3
32.68,0.6793160797219653,0.3743160797219653,3
32.7,0.7028669243938348,0.39786692439383486,3
32.72,0.7264468400268796,0.4214468400268796,3
32.74,0.750053084856948,0.44505308485694806,3
32.76,0.7736832488570311,0.46868324885703117,3
32.78,0.7973352053940058,0.49233520539400577,3
32.8,0.8210070710411679,0.5160070710411679,3
32.82,0.8446971719963774,0.5396971719963775,3
32.84,0.868404015880821,0.5634040158808209,3
32.86,0.892126267944939,0.5871262679449389,3
32.88,0.9158627309029359,0.610862730902936,3
32.9,0.9396123277696813,0.6346123277696814,3
32.92,0.9633740871939266,0.6583740871939265,3
32.94,0.987147130876067,0.6821471308760669,3
32.96,1.0109306627346748,0.7059306627346749,3
32.98,1.0347239595455686,0.7297239595455687,3
33.0,1.0585263628263224,0.7535263628263225,3
33.02,1.0823372717776916,0.7773372717776916,3
33.04,1.1061561371253983,0.8011561371253983,3
33.06,1.1299824557316758,0.8249824557316758,3
33.08,1.1538157658667814,0.8488157658667814,3
33.1,1.1776556430486358,0.8726556430486359,3
33.12,1.201501696372508,0.8965016963725081,3
33.14,1.225353565265107,0.9203535652651071,3
33.16,1.2492109166069514,0.9442109166069514,3
33.18,1.2730734421753649,0.968073442175365,3
33.2,1.29694085636727,0.99194085636727,3
33.22,1.3208128941667965,1.0158128941667965,3
33.24,1.344689309327641,1.0396893093276411,3
33.26,1.3685698727441697,1.0635698727441698,3
33.28,1.3924543709889168,1.0874543709889168,3
33.3,1.4163426049969123,1.1113426049969124,3
33.32,1.4402343888801303,1.1352343888801304,3
33.34,1.464129548857134,1.159129548857134,3
33.36,1.4880279222852042,1.1830279222852043,3
33.38,1.51192935678372,1.20692935678372,3
33.4,1.535833709438825,1.230833709438825,3
33.42,1.5597408460808466,1.2547408460808467,3
33.44,1.5836506406267519,1.278650640626752,3
33.46,1.6075629744810152,1.3025629744810152,3
33.48,1.6314777359887964,1.3264777359887965,3
33.5,1.6553948199363833,1.3503948199363833,3
33.52,1.679314127093991,1.3743141270939911,3
33.54,1.7032355637969971,1.3982355637969972,3
33.56,1.7271590415617413,1.4221590415617413,3
33.58,1.7510844767327032,1.4460844767327032,3
33.6,1.7750117901580835,1.4700117901580836,3
33.62,1.7989409068911388,1.493940906891139,3
33.64,1.8228717559149978,1.517871755914998,3
33.66,1.8468042698886904,1.5418042698886905,
33.68,1.8707383849126926,1.5657383849126927,
33.7,1.8946740403121052,1.5896740403121052,
33.72,1.918611178436007,1.613611178436007,
33.74,1.9425497444716302,1.6375497444716303,
33.76,1.9664896862719976,1.6614896862719977,
33.78,1.9904309541960183,1.6854309541960184,
33.8,2.0143735009598807,1.7093735009598807,
33.82,2.038317281498952,1.733317281498952,
33.84,2.0622622528391825,1.7572622528391826,
33.86,2.086208373977434,1.781208373977434,
33.88,2.1101556057698665,1.8051556057698666,
33.9,2.134103910827816,1.829103910827816,
33.92,2.158053253420628,1.8530532534206279,
33.94,2.1820035993848146,1.8770035993848146,
33.96,2.2059549160391794,1.9009549160391792,
33.98,2.2299071721053116,1.9249071721053115,
34.0,2.2538603376332347,1.9488603376332345,
34.02,2.277814383931637,1.9728143839316368,
34.04,2.3017692835025123,1.9967692835025121,
34.06,2.325725009979828,2.0207250099798277,
34.08,2.3496815380718807,2.0446815380718806,
34.1,2.3736388435072007,2.0686388435072005,
34.12,2.397596902983638,2.092596902983638,
34.14,2.4215556941205056,2.1165556941205055,
34.16,2.4455151954134955,2.1405151954134953,
34.18,2.469475386192255,2.164475386192255,
34.2,2.493436246580333,2.188436246580333,
34.22,2.5173977574574917,2.2123977574574916,
34.24,2.5413599004241036,2.2363599004241035,
34.26,2.56532265776751,2.2603226577675097,
34.28,2.589286012430321,2.284286012430321,
34.3,2.61324994798037,2.3082499479803698,
34.32,2.6372144485823923,2.332214448582392,
34.34,2.6611794989711237,2.3561794989711236,
34.36,2.6851450844259483,2.380145084425948,
34.38,2.70911119074682,2.40411119074682,
34.4,2.7330778042314585,2.4280778042314584,
34.42,2.7570449116537525,2.4520449116537524,
34.44,2.781012500243243,2.4760125002432427,
34.46,2.804980557665723,2.499980557665723,
34.48,2.828949072004726,2.5239490720047257,
34.5,2.8529180317440384,2.547918031744038,
34.52,2.8768874257510224,2.5718874257510222,
34.54,2.900857243260784,2.595857243260784,
34.56,2.924827473861147,2.6198274738611467,
34.58,2.9487981074782885,2.6437981074782884,
34.6,2.972769134363165,2.667769134363165,
34.62,2.996740545078474,2.6917405450784737,
34.64,3.0207123304863637,2.7157123304863635,
34.66,3.0446844817365912,2.739684481736591,
34.68,3.0686569902553633,2.763656990255363,
34.7,3.092629847734569,2.7876298477345687,
34.72,3.116603046121617,2.811603046121617,
34.74,3.1405765776096826,2.8355765776096824,
34.76,3.164550434628383,2.8595504346283827,
34.78,3.1885246098349413,2.883524609834941,
34.8,3.212499096105642,2.9074990961056417,
34.82,3.236473886527789,2.931473886527789,
34.84,3.260448974391894,2.955448974391894,
34.86,3.2844243531843116,2.9794243531843114,
34.88,3.308400016580136,3.003400016580136,
34.9,3.3323759584363835,3.0273759584363833,
34.92,3.356352172785569,3.051352172785569,
34.94,3.3803286538294066,3.0753286538294065,
34.96,3.4043053959329312,3.099305395932931,
34.98,3.42828239361873,3.1232823936187297,
35.0,3.4522596415615205,3.1472596415615204,
35.02,3.476237137698037,3.171237137698037,
35.04,3.5002148956093024,3.1952148956093023,
35.06,3.524192910666625,3.219192910666625,
35.08,3.548171162156075,3.243171162156075,
35.1,3.572149642734973,3.2671496427349727,
35.12,3.5961283478206942,3.291128347820694,
35.14,3.6201072729520307,3.3151072729520306,
35.16,3.6440864137851157,3.3390864137851155,
35.18,3.6680657788560267,3.3630657788560265,
35.2,3.6920453765154004,3.3870453765154003,
35.22,3.7160252022670037,3.4110252022670036,
35.24,3.740005251666179,3.435005251666179,
35.26,3.763985515572893,3.458985515572893,
35.28,3.7879659783100674,3.4829659783100673,
35.3,3.8119466356027414,3.5069466356027412,
35.32,3.835927483802075,3.530927483802075,
35.34,3.8599085193498763,3.554908519349876,
35.36,3.88388974006187,3.5788897400618698,
35.38,3.9078711576246232,3.602871157624623,
35.4,3.9318527725298336,3.6268527725298334,
35.42,3.955834577612036,3.6508345776120357,
35.44,3.9798165582173834,3.6748165582173833,
35.46,4.003798710262955,3.6987987102629547,
35.48,4.027781030686358,3.7227810306863582,
35.5,4.051763516497762,3.746763516497762,
35.52,4.075746168715846,3.770746168715846,
35.54,4.09972899766866,3.7947289976686602,
35.56,4.123712000864394,3.818712000864394,
35.58,4.147695174679508,3.8426951746795077,
35.6,4.1716785155166844,3.8666785155166843,
35.62,4.195662019727607,3.8906620197276065,
35.64,4.219645679703217,3.914645679703217,
35.66,4.2436294902835145,3.9386294902835144,
35.68,4.267613448929293,3.9626134489292926,
35.7,4.291597553158129,3.9865975531581292,
35.72,4.315581800542772,4.010581800542772,
35.74,4.339566188709614,4.034566188709613,
35.76,4.363550715337205,4.058550715337204,
35.78,4.387535378154863,4.082535378154862,
35.8,4.411520174941249,4.106520174941249,
35.82,4.43550510352309,4.130505103523089,
35.84,4.4594901617738305,4.15449016177383,
35.86,4.483475347770206,4.178475347770205,
35.88,4.507460668020551,4.20246066802055,
35.9,4.531446123025795,4.226446123025794,
35.92,4.55543170247097,4.250431702470969,
35.94,4.579417403342895,4.274417403342895,
35.96,4.603403223743557,4.2984032237435565,
35.98,4.6273891618142216,4.322389161814221,
36.0,4.645924452760428,4.340924452760428,
36.02,4.635389089095164,4.3303890890951635,
36.04,4.619403073838209,4.314403073838208,
36.06,4.603417169033979,4.2984171690339785,
36.08,4.587431374908876,4.282431374908875,
36.1,4.57144569173955,4.266445691739549,
36.12,4.555460119853832,4.250460119853831,
36.14,4.539474659631609,4.2344746596316085,
36.16,4.5234893115057595,4.218489311505759,
36.18,4.5075040759630705,4.20250407596307,
36.2,4.491518953545237,4.186518953545236,
36.22,4.475533944849798,4.170533944849797,
36.24,4.459549050531159,4.154549050531158,
36.26,4.443564271301615,4.138564271301615,
36.28,4.427579607932377,4.122579607932376,
36.3,4.411595061254672,4.106595061254671,
36.32,4.3956106321607855,4.090610632160785,
36.34,4.379626321605218,4.074626321605217,
36.36,4.3636421306058235,4.058642130605823,
36.38,4.347658060244914,4.042658060244913,
36.4,4.331674111670532,4.026674111670531,
36.42,4.315690286097584,4.010690286097583,
36.44,4.299706584809165,3.994706584809165,
36.46,4.283723009157735,3.978723009157735,
36.48,4.267739560566515,3.9627395605665146,
36.5,4.251756240530731,3.9467562405307306,
36.52,4.235417573061194,3.930417573061194,
36.54,4.218990171427998,3.9139901714279977,
36.56,4.202752892049359,3.897752892049359,
36.58,4.1867665396412495,3.8817665396412493,
36.6,4.170784065165484,3.865784065165484,
36.62,4.154801805269925,3.849801805269925,
36.64,4.138819762439059,3.833819762439059,
36.66,4.122837939197949,3.817837939197949,
36.68,4.106856338110072,3.801856338110072,
36.7,4.09087496177797,3.7858749617779694,
36.72,4.074893812846304,3.769893812846304,
36.74,4.058912894001802,3.7539128940018016,
36.76,4.042932207973562,3.737932207973562,
36.78,4.026951757532444,3.721951757532444,
36.8,4.0109715454932156,3.7059715454932154,
36.82,3.994991574717742,3.689991574717742,
36.84,3.979011848113509,3.674011848113509,
36.86,3.963032368633095,3.6580323686330947,
36.88,3.9470531392784456,3.6420531392784454,
36.9,3.9310741630997414,3.6260741630997413,
36.92,3.9150954431968876,3.6100954431968875,
36.94,3.899116982720582,3.594116982720582,
36.96,3.883138784873296,3.5781387848732957,
36.98,3.8671608529104122,3.562160852910412,
37.0,3.8511831901412483,3.546183190141248,
37.02,3.835205799930233,3.5302057999302328,
37.04,3.8192286856981386,3.5142286856981384,
37.06,3.803251850922883,3.498251850922883,
37.08,3.7872752991412226,3.4822752991412225,
37.1,3.7712990339497785,3.4662990339497783,
37.12,3.755323059006254,3.4503230590062537,
37.14,3.7393473780307995,3.4343473780307994,
37.16,3.7233719948073616,3.4183719948073614,
37.18,3.707396913185046,3.402396913185046,
37.2,3.691422137079484,3.386422137079484,
37.22,3.6754476704743357,3.3704476704743356,
37.24,3.6594735174227133,3.354473517422713,
37.26,3.6434996820487684,3.3384996820487682,
37.28,3.62752616854916,3.32252616854916,
37.3,3.611552981194766,3.306552981194766,
37.32,3.5955801243322103,3.29058012433221,
37.34,3.5796076023856425,3.2746076023856423,
37.36,3.5636354198584432,3.258635419858443,
37.38,3.547663581334977,3.242663581334977,
37.4,3.531692091482444,3.2266920914824437,
37.42,3.515720955052748,3.210720955052748,
37.44,3.499750176884443,3.1947501768844426,
37.46,3.483779761904681,3.1787797619046807,
37.48,3.46780971513127,3.16280971513127,
37.5,3.451840041674773,3.146840041674773,
37.52,3.435870746740629,3.1308707467406287,
37.54,3.4199018356313937,3.1149018356313936,
37.56,3.403933313749001,3.0989333137490007,
37.58,3.38796518659708,3.0829651865970797,
37.6,3.371997459783379,3.0669974597833787,
37.62,3.3560301390222413,3.051030139022241,
37.64,3.3400632301371114,3.035063230137111,
37.66,3.324096739063195,3.019096739063195,
37.68,3.3081306718501056,3.0031306718501054,
37.7,3.2921650346646554,2.987165034664655,
37.72,3.2761998337937155,2.9711998337937153,
37.74,3.260235075647094,2.955235075647094,
37.76,3.2442707667606276,2.9392707667606275,
37.78,3.228306913799212,2.923306913799212,
37.8,3.2123435235600697,2.9073435235600695,
37.82,3.1963806029759785,2.8913806029759783,
37.84,3.18041815911872,2.87541815911872,
37.86,3.164456202844548,2.859456202844548,
37.88,3.148494740602111,2.843494740602111,
37.9,3.1325337730184017,2.8275337730184016,
37.92,3.116573302048827,2.811573302048827,
37.94,3.1006133359194994,2.7956133359194992,
37.96,3.0846538826908794,2.779653882690879,
37.98,3.0686949503653396,2.7636949503653394,
38.0,3.0527365471123464,2.7477365471123463,
38.02,3.0367786812728017,2.7317786812728015,
38.04,3.020821361363562,2.715821361363562,
38.06,3.0048645960821085,2.6998645960821084,
38.08,2.9889083943113484,2.683908394311348,
38.1,2.9729527651245773,2.667952765124577,
38.12,2.9569977177905895,2.6519977177905893,
38.14,2.9410432617789724,2.636043261778972,
38.16,2.92508940676557,2.62008940676557,
38.18,2.9091361626380827,2.6041361626380826,
38.2,2.8931835395019387,2.5881835395019386,
38.22,2.8772315476862818,2.5722315476862816,
38.24,2.861280197750175,2.556280197750175,
38.26,2.8453295004890458,2.5403295004890456,
38.28,2.8293794669413015,2.5243794669413013,
38.3,2.813430108395225,2.508430108395225,
38.32,2.797481436396012,2.492481436396012,
38.34,2.7815334627531785,2.4765334627531783,
38.36,2.7655861995481197,2.4605861995481195,
38.38,2.749639659141927,2.444639659141927,
38.4,2.7336938541835996,2.4286938541835994,
38.42,2.7177487976183583,2.412748797618358,
38.44,2.701804502696454,2.3968045026964537,
38.46,2.6858609829820748,2.3808609829820746,
38.48,2.669918252362784,2.364918252362784,
38.5,2.653976325059112,2.348976325059112,
38.52,2.6380352156346367,2.3330352156346366,
38.54,2.622094939006325,2.3170949390063247,
38.56,2.606155510455298,2.3011555104552976,
38.58,2.5902169456380215,2.2852169456380214,
38.6,2.5742792605978106,2.2692792605978105,
38.62,2.5583424717769065,2.2533424717769064,
38.64,2.542406596028845,2.237406596028845,
38.66,2.526471650631428,2.221471650631428,
38.68,2.5105376533000716,2.2055376533000715,
38.7,2.494604622201769,2.189604622201769,
38.72,2.4786725647763164,2.173672564776316,
38.74,2.46274144109512,2.1577414410951197,
38.76,2.4468112558997372,2.141811255899737,
38.78,2.4308820779203306,2.1258820779203305,
38.8,2.4149539536987206,2.1099539536987204,
38.82,2.3990269042238705,2.0940269042238704,
38.84,2.3831009510444625,2.0781009510444624,
38.86,2.367176116287561,2.062176116287561,
38.88,2.3512524226781086,2.0462524226781085,
38.9,2.335329893559215,2.0303298935592147,
38.92,2.319408552913237,2.014408552913237,
38.94,2.303488425383785,1.9984884253837847,
38.96,2.2875695362985664,1.9825695362985662,
38.98,2.27165191169325,1.96665191169325,
39.0,2.255735578336281,1.950735578336281,
39.02,2.239820563754793,1.9348205637547928,
39.04,2.2239068962615662,1.918906896261566,
39.06,2.207994604983179,1.9029946049831787,
39.08,2.1920837198893977,1.8870837198893977,
39.1,2.176174271823738,1.8711742718237379,
39.12,2.1602662925355385,1.8552662925355385,
39.14,2.14435979086773,1.8393597908677302,
39.16,2.128454697573095,1.823454697573095,
39.18,2.112551025462904,1.8075510254629041,
39.2,2.0966488171792763,1.7916488171792764,
39.22,2.080748214280341,1.775748214280341,
39.24,2.064849272523116,1.7598492725231158,
39.26,2.0489519915856333,1.7439519915856334,
39.28,2.0330562924729016,1.7280562924729017,
39.3,2.0171621969685183,1.7121621969685183,
39.32,2.0012697129537145,1.6962697129537145,
39.34,1.9853785983434307,1.6803785983434307,
39.36,1.9694887701568449,1.664488770156845,
39.38,1.9536002186527355,1.6486002186527355,
39.4,1.9377129347719075,1.6327129347719076,
39.42,1.921826910165712,1.616826910165712,
39.44,1.9059421372260743,1.6009421372260744,
39.46,1.8900586091169287,1.5850586091169288,
39.48,1.8741763198073615,1.5691763198073616,
39.5,1.858295264106282,1.553295264106282,
39.52,1.842415437698981,1.537415437698981,
39.54,1.8265368371855137,1.5215368371855138,
39.56,1.8106594601211305,1.5056594601211306,
39.58,1.7947833050587876,1.4897833050587876,
39.6,1.7789083715939324,1.4739083715939325,
39.62,1.7630346604117137,1.4580346604117138,
39.64,1.7471623809361694,1.4421623809361694,
39.66,1.7312920671416934,1.4262920671416934,
39.68,1.7154237923369786,1.4104237923369787,
39.7,1.699557609254232,1.394557609254232,
39.72,1.6836935727339728,1.3786935727339729,
39.74,1.6678317398245972,1.3628317398245973,
39.76,1.6519721698877223,1.3469721698877224,
39.78,1.636114924709422,1.331114924709422,
39.8,1.6202600686180546,1.3152600686180547,
39.82,1.6044076686089404,1.2994076686089404,
39.84,1.588557794476425,1.2835577944764252,
39.86,1.5727105189538877,1.2677105189538878,
39.88,1.556865917862085,1.251865917862085,
39.9,1.5410240702666564,1.2360240702666565,
39.92,1.525185058645248,1.220185058645248,
39.94,1.5093489690650546,1.2043489690650546,
39.96,1.493515891371478,1.1885158913714782,4
39.98,1.4776859193888119,1.172685919388812,4
40.0,1.4618591511337233,1.1568591511337234,4
40.02,1.4460356890426016,1.1410356890426017,4
40.04,1.430215640213768,1.125215640213768,4
40.06,1.414399116665691,1.1093991166656911,4
40.08,1.398586235612523,1.093586235612523,4
40.1,1.382777119758143,1.0777771197581432,4
40.12,1.366971897610409,1.061971897610409,4
40.14,1.3511707038170147,1.0461707038170147,4
40.16,1.3353736795248896,1.0303736795248897,4
40.18,1.3195809727648689,1.014580972764869,4
40.2,1.3037927388639787,0.9987927388639788,4
40.22,1.288009140887388,0.983009140887388,4
40.24,1.2722303501127235,0.9672303501127235,4
40.26,1.256456546539458,0.951456546539458,4
40.28,1.2406879194364098,0.9356879194364098,4
40.3,1.224924667930709,0.9199246679307092,4
40.32,1.2091670016419074,0.9041670016419074,4
40.34,1.1934151413652818,0.8884151413652819,4
40.36,1.177669319808831,0.8726693198088311,4
40.38,1.1619297823888741,0.8569297823888742,4
40.4,1.1461967880897581,0.8411967880897582,4
40.42,1.130470752480794,0.825470752480794,4
40.44,1.1147530320023131,0.8097530320023132,4
40.46,1.0990441959993094,0.7940441959993094,4
40.48,1.0833446249955205,0.7783446249955206,4
40.5,1.0676547218633008,0.7626547218633009,4
40.52,1.0519749134549838,0.7469749134549839,4
40.54,1.0363056523774736,0.7313056523774737,4
40.56,1.0206474189246773,0.7156474189246773,4
40.58,1.0050007231842695,0.7000007231842695,4
40.6,0.989366107337123,0.684366107337123,4
40.62,0.973744148169936,0.6687441481699361,4
40.64,0.958135459824108,0.6531354598241079,4
40.66,0.9425406968068362,0.6375406968068362,4
40.68,0.9269605572934143,0.6219605572934144,4
40.7,0.9113957867537714,0.6063957867537715,4
40.72,0.8958471819400801,0.59084718194008,4
40.74,0.8803155952774133,0.5753155952774134,4
40.76,0.8648019397047576,0.5598019397047576,4
40.78,0.8493071940200271,0.544307194020027,4
40.8,0.8338324087901077,0.5288324087901077,4
40.82,0.8183787128950113,0.5133787128950114,4
40.84,0.8029473207852736,0.4979473207852736,4
40.86,0.7875395405423368,0.4825395405423367,4
40.88,0.7721567828447887,0.4671567828447887,4
40.9,0.7568005709581136,0.45180057095811366,4
40.92,0.7414725518825278,0.43647255188252787,4
40.94,0.7261745088138449,0.421174508813845,4
40.96,0.7109083750948294,0.40590837509482935,4
40.98,0.6956762498620284,0.39067624986202837,4
41.0,0.6804804156238538,0.37548041562385376,4
41.02,0.6653230973905905,0.3603230973905905,4
41.04,0.650206215438249,0.345206215438249,4
41.06,0.6351326069010115,0.3301326069010115,4
41.08,0.6201054274753798,0.3151054274753798,4
41.1,0.6051281361010594,0.30012813610105943,4
41.12,0.5902045307340915,0.2852045307340915,4
41.14,0.5753387890435656,0.2703387890435656,4
41.16,0.5605355147877513,0.25553551478775133,4
41.18,0.5457997907472925,0.24079979074729246,4
41.2,0.5311372392351954,0.2261372392351954,4
41.22,0.5165540913652346,0.21155409136523456,4
41.24,0.5020572664458818,0.19705726644588178,4
41.26,0.48765446307528015,0.18265446307528016,4
41.28,0.4733542637439025,0.1683542637439025,4
41.3,0.4591662550024897,0.1541662550024897,4
41.32,0.44510116551482914,0.14010116551482915,4
41.34,0.4311710245754916,0.12617102457549162,4
41.36,0.417389343905046,0.112389343905046,4
41.38,0.4037713257013874,0.0987713257013874,4
41.4,0.3903340999618239,0.08533409996182388,4
41.42,0.3770969939001519,0.07209699390015188,4
41.44,0.36408183572548114,0.05908183572548113,4
41.46,0.35131329391742355,0.046313293917423545,4
41.48,0.3388192511386559,0.0338192511386559,4
41.5,0.3266312086778978,0.021631208677897792,4
41.52,0.31478471230951627,0.00978471230951626,4
41.54,0.3033197830777988,-0.0016802169222012303,4
41.56,0.2922813261057097,-0.01271867389429028,4
41.58,0.2817194765276975,-0.023280523472302486,4
41.6,0.27168982388219814,-0.03331017611780186,4
41.62,0.2622534354940239,-0.042746564505976095,4
41.64,0.25347657788614236,-0.051523422113857645,4
41.66,0.24543001798169897,-0.059569982018301035,4
41.68,0.23818778095716395,-0.06681221904283606,4
41.7,0.23182526037788645,-0.07317473962211356,4
41.72,0.22641663097579295,-0.07858336902420705,4
41.74,0.22203161328233167,-0.08296838671766833,4
41.76,0.2187317784233878,-0.0862682215766122,4
41.78,0.21656673698639803,-0.08843326301360198,4
41.8,0.21557068290189318,-0.08942931709810682,4
41.82,0.2157598066503969,-0.0892401933496031,4
41.84,0.21713101134112558,-0.08786898865887442,4
41.86,0.21966216125541113,-0.08533783874458888,4
41.88,0.22331381768701986,-0.08168618231298015,4
41.9,0.2280321563588788,-0.0769678436411212,4
41.92,0.23375259266708445,-0.07124740733291555,4
41.94,0.2404036021041733,-0.0645963978958267,4
41.96,0.2479102989226479,-0.057089701077352104,4
41.98,0.2561974781303376,-0.0488025218696624,4
42.0,0.26365041655010585,-0.04134958344989416,4
42.02,0.25201804484856777,-0.05298195515143224,4
42.04,0.2405231722879626,-0.0644768277120374,4
42.06,0.2309582014228111,-0.07404179857718891,4
42.08,0.223570968867338,-0.08142903113266202,4
42.1,0.2185823834505521,-0.08641761654944792,4
42.12,0.21615857953917472,-0.08884142046082528,4
42.14,0.21638576103960167,-0.08861423896039834,4
42.16,0.21925568766124706,-0.08574431233875295,4
42.18,0.22466710591840058,-0.08033289408159942,4
42.2,0.23244258067427873,-0.07255741932572128,4
42.22,0.2423546802892628,-0.06264531971073721,4
42.24,0.25415353966555376,-0.050846460334446245,4
42.26,0.2675896958213669,-0.03741030417863313,4
42.28,0.2824295696520445,-0.022570430347955486,4
42.3,0.29846385247920815,-0.00653614752079186,4
42.32,0.3155104967801399,0.010510496780139919,4
42.34,0.33341426010144304,0.02841426010144303,4
42.36,0.3520443963740348,0.04704439637403478,4
42.38,0.37129158099336446,0.06629158099336445,4
42.4,0.3910647160427096,0.08606471604270959,4
42.42,0.41128795152473213,0.10628795152473212,4
42.44,0.43189806543219794,0.12689806543219795,4
42.46,0.45284223709540244,0.14784223709540245,4
42.48,0.4740761936544432,0.1690761936544432,4
42.5,0.49556268624768923,0.19056268624768924,4
42.52,0.5172702461296191,0.21227024612961914,4
42.54,0.5391721728537032,0.23417217285370323,4
42.56,0.5612457120971192,0.25624571209711916,4
42.58,0.5834713871595071,0.2784713871595071,4
42.6,0.6058324544287026,0.3008324544287026,4
42.62,0.6283144586615784,0.32331445866157843,4
42.64,0.6509048686299035,0.3459048686299035,4
42.66,0.6735927775502378,0.36859277755023784,4
42.68,0.6963686558486233,0.3913686558486233,4
42.7,0.7192241463186605,0.41422414631866045,4
42.72,0.742151893729319,0.43715189372931906,4
42.74,0.7651454025236383,0.4601454025236382,4
42.76,0.7881989175068205,0.48319891750682054,4
42.78,0.8113073234191934,0.5063073234191935,4
42.8,0.8344660600810094,0.5294660600810095,4
42.82,0.8576710504263669,0.552671050426367,4
42.84,0.8809186392457763,0.5759186392457762,4
42.86,0.9042055408592786,0.5992055408592787,4
42.88,0.9275287942643242,0.6225287942643243,4
42.9,0.9508857245626617,0.6458857245626617,4
42.92,0.9742739096801994,0.6692739096801994,4
42.94,0.9976911515638566,0.6926911515638565,4
42.96,1.021135451178212,0.7161354511782121,4
42.98,1.0446049867370282,0.7396049867370282,4
43.0,1.06809809469806,0.7630980946980601,4
43.02,1.091613253125035,0.7866132531250352,4
43.04,1.1151490670836954,0.8101490670836955,4
43.06,1.1387042557907092,0.8337042557907093,4
43.08,1.162277641277211,0.857277641277211,4
43.1,1.185868138364808,0.880868138364808,4
43.12,1.209474745781619,0.9044747457816191,4
43.14,1.2330965382714605,0.9280965382714605,4
43.16,1.2567326595698112,0.9517326595698112,4
43.18,1.2803823161386592,0.9753823161386592,4
43.2,1.3040447715667658,0.9990447715667659,4
43.22,1.3277193415550772,1.0227193415550773,4
43.24,1.3514053894176639,1.046405389417664,4
43.26,1.3751023220377405,1.0701023220377406,4
43.28,1.3988095862264098,1.09380958622641,4
43.3,1.422526665438304,1.117526665438304,4
43.32,1.4462530768043285,1.1412530768043285,4
43.34,1.469988368446422,1.164988368446422,4
43.36,1.4937321170438753,1.1887321170438754,4
43.38,1.5174839256241912,1.2124839256241913,4
43.4,1.541243421554833,1.236243421554833,4
43.42,1.5650102547150164,1.2600102547150165,4
43.44,1.5887840958289583,1.2837840958289584,4
43.46,1.6125646349445275,1.3075646349445276,4
43.48,1.6363515800424198,1.3313515800424198,4
43.5,1.6601446557633819,1.355144655763382,4
43.52,1.6839436022417518,1.3789436022417518,4
43.54,1.7077481740353155,1.4027481740353156,4
43.56,1.7315581391422663,1.4265581391422664,4
43.58,1.7553732780971332,1.4503732780971332,4
43.6,1.7791933831385511,1.4741933831385512,4
43.62,1.8030182574420357,1.4980182574420358,4
43.64,1.826847714412308,1.5218477144123082,
43.66,1.850681577029516,1.545681577029516,
43.68,1.8745196772448829,1.569519677244883,
43.7,1.8983618554213784,1.5933618554213784,
43.72,1.9222079598155706,1.6172079598155706,
43.74,1.946057846097242,1.641057846097242,
43.76,1.9699113769034675,1.6649113769034676,
43.78,1.9937684214245304,1.6887684214245304,
43.8,2.0176288550187795,1.7126288550187796,
43.82,2.0414925588544275,1.7364925588544275,
43.84,2.0653594195757803,1.7603594195757803,
43.86,2.0892293289922987,1.7842293289922988,
43.88,2.113102183788487,1.8081021837884872,
43.9,2.136977885253033,1.831977885253033,
43.92,2.1608563390258637,1.8558563390258638,
43.94,2.1847374548615126,1.8797374548615127,
43.96,2.2086211464078924,1.9036211464078923,
43.98,2.232507330999001,1.927507330999001,
44.0,2.2563959294608043,1.951395929460804,
44.02,2.280286865929186,1.9752868659291858,
44.04,2.3041800676791273,1.9991800676791271,
44.06,2.3280754649644106,2.0230754649644105,
44.08,2.3519729908669333,2.046972990866933,
44.1,2.37587258115512,2.0708725811551196,
44.12,2.399774174150687,2.094774174150687,
44.14,2.423677710603332,2.1186777106033317,
44.16,2.4475831335725844,2.1425831335725842,
44.18,2.4714903883166155,2.1664903883166153,
44.2,2.4953994221872944,2.190399422187294,
44.22,2.51931018453122,2.21431018453122,
44.24,2.543222626596353,2.238222626596353,
44.26,2.567136701443721,2.262136701443721,
44.28,2.5910523638641307,2.2860523638641306,
44.3,2.614969570299291,2.3099695702992906,
44.32,2.6388882787673045,2.3338882787673043,
44.34,2.6628084487920893,2.357808448792089,
44.36,2.6867300413365593,2.381730041336559,
44.38,2.7106530187394036,2.4056530187394034,
44.4,2.7345773446550217,2.4295773446550215,
44.42,2.7585029839967254,2.4535029839967253,
44.44,2.7824299028827277,2.4774299028827276,
44.46,2.8063580685849705,2.5013580685849703,
44.48,2.8302874494804837,2.5252874494804836,
44.5,2.854218015005222,2.5492180150052217,
44.52,2.8781497356101595,2.5731497356101594,
44.54,2.9020825827195353,2.597082582719535,
44.56,2.9260165286912136,2.6210165286912135,
44.58,2.9499515467788737,2.6449515467788736,
44.6,2.9738876110960994,2.6688876110960993,
44.62,2.9978246965820734,2.6928246965820732,
44.64,3.0217627789690575,2.7167627789690574,
44.66,3.045701834751233,2.7407018347512326,
44.68,3.0696418411550974,2.7646418411550973,
44.7,3.0935827761112096,2.7885827761112094,
44.72,3.1175246182271956,2.8125246182271955,
44.74,3.1414673467620453,2.836467346762045,
44.76,3.1654109416014964,2.8604109416014962,
44.78,3.1893553832346204,2.8843553832346203,
44.8,3.2133006527313346,2.9083006527313344,
44.82,3.2372467317210263,2.932246731721026,
44.84,3.2611936023720074,2.9561936023720072,
44.86,3.285141247371958,2.9801412473719577,
44.88,3.3090896499091498,3.0040896499091496,
44.9,3.333038793654515,3.028038793654515,
44.92,3.3569886627444725,3.0519886627444723,
44.94,3.380939241764433,3.075939241764433,
44.96,3.4048905157331113,3.099890515733111,
44.98,3.4288424700873437,3.1238424700873435,
45.0,3.452795090667691,3.147795090667691,
45.02,3.4767483637045116,3.1717483637045114,
45.04,3.500702275804656,3.195702275804656,
45.06,3.5246568139387184,3.2196568139387183,
45.08,3.548611965428753,3.243611965428753,
45.1,3.57256771793657,3.26756771793657,
45.12,3.5965240594523578,3.2915240594523576,
45.14,3.6204809782839242,3.315480978283924,
45.16,3.644438463046195,3.3394384630461946,
45.18,3.668396502651288,3.363396502651288,
45.2,3.692355086298814,3.3873550862988138,
45.22,3.7163142034666556,3.4113142034666555,
45.24,3.740273843902097,3.4352738439020967,
45.26,3.7642339976132027,3.4592339976132025,
45.28,3.788194654860664,3.483194654860664,
45.3,3.8121558061497782,3.507155806149778,
45.32,3.8361174422229256,3.5311174422229255,
45.34,3.8600795540521227,3.5550795540521225,
45.36,3.8840421328320183,3.579042132832018,
45.38,3.9080051699730687,3.6030051699730685,
45.4,3.931968657094933,3.626968657094933,
45.42,3.9559325860202073,3.650932586020207,
45.44,3.979896948768258,3.6748969487682577,
45.46,4.003861737549399,3.698861737549399,
45.48,4.027826944759185,3.7228269447591846,
45.5,4.051792562972961,3.7467925629729613,
45.52,4.075758584940565,3.7707585849405647,
45.54,4.0997250035812405,3.7947250035812403,
45.56,4.1233810421647155,3.8183810421647153,
45.58,4.146904266086076,3.841904266086076,
45.6,4.17042785423558,3.86542785423558,
45.62,4.194042704381422,3.889042704381422,
45.64,4.2179730245613545,3.9129730245613543,
45.66,4.241941662469769,3.9369416624697684,
45.68,4.265910652202793,3.960910652202793,
45.7,4.289879987864049,3.984879987864049,
45.72,4.313849663687218,4.008849663687218,
45.74,4.337819674034596,4.032819674034595,
45.76,4.361790013389995,4.056790013389994,
45.78,4.385760676357405,4.0807606763574045,
45.8,4.409731657661941,4.10473165766194,
45.82,4.43370295213887,4.12870295213887,
45.84,4.457674554736356,4.152674554736356,
45.86,4.4816464605092134,4.176646460509213,
45.88,4.505618664619293,4.2006186646192925,
45.9,4.529591162329784,4.224591162329784,
45.92,4.553563949003469,4.248563949003469,
45.94,4.5775370201006425,4.272537020100642,
45.96,4.601510371175779,4.296510371175779,
45.98,4.625039929776526,4.3200399297765255,
46.0,4.64856975102165,4.34356975102165,
46.02,4.6721278077717,4.367127807771699,
46.04,4.695993978895189,4.390993978895189,
46.06,4.7199686530007305,4.41496865300073,
46.08,4.743943582477169,4.438943582477169,
46.1,4.767918763471955,4.462918763471954,
46.12,4.79189419220888,4.486894192208879,
46.14,4.815869864989083,4.510869864989083,
46.16,4.839845778184088,4.534845778184088,
46.18,4.863821928239697,4.558821928239697,
46.2,4.887798311669641,4.582798311669641,
46.22,4.911774925056957,4.606774925056956,
46.24,4.93575176504996,4.6307517650499594,
46.26,4.959728828362177,4.654728828362177,
46.28,4.983706111770255,4.678706111770254,
46.3,5.007683612112705,4.702683612112704,
46.32,5.031661326288282,4.726661326288282,
46.34,5.055639251254082,4.750639251254081,
46.36,5.079617384025423,4.774617384025422,
46.38,5.103595721673542,4.798595721673541,
46.4,5.127574261324315,4.8225742613243145,
46.42,5.151553000156885,4.846553000156884,
46.44,5.175531935402701,4.870531935402701,
46.46,5.19951106434447,4.89451106434447,
46.48,5.223490384314612,4.9184903843146115,
46.5,5.247469892694173,4.942469892694173,
46.52,5.271449586912054,4.966449586912053,
46.54,5.295429464443575,4.990429464443574,
46.56,5.319409522809676,5.014409522809675,
46.58,5.343389759575659,5.038389759575659,
46.6,5.367370172350393,5.062370172350392,
46.62,5.391350758785198,5.086350758785198,
46.64,5.415331516573078,5.110331516573077,
46.66,5.439312443447658,5.134312443447658,
46.68,5.463293537182325,5.158293537182324,
46.7,5.487274795589402,5.182274795589401,
46.72,5.511256216519229,5.206256216519228,
46.74,5.535237797859446,5.230237797859445,
46.76,5.559219537534083,5.254219537534082,
46.78,5.583201433502852,5.2782014335028515,
46.8,5.607183483760335,5.302183483760334,
46.82,5.631165686335293,5.326165686335292,
46.84,5.655148039289872,5.350148039289872,
46.86,5.679130540718977,5.374130540718976,
46.88,5.703113188749526,5.398113188749526,
46.9,5.727095981539798,5.4220959815397975,
46.92,5.7510789172788055,5.446078917278805,
46.94,5.7750619941855925,5.470061994185592,
46.96,5.799045210508708,5.494045210508707,
46.98,5.823028564525492,5.518028564525491,
47.0,5.847012054541574,5.542012054541574,
47.02,5.870995678890257,5.565995678890256,
47.04,5.894979435931933,5.589979435931933,
47.06,5.9189633240535935,5.613963324053593,
47.08,5.942947341668233,5.637947341668232,
47.1,5.966931487214372,5.661931487214371,
47.12,5.990915759155517,5.685915759155517,
47.14,6.0149001559796815,5.709900155979681,
47.16,6.03888467619888,5.73388467619888,
47.18,6.062869318348681,5.75786931834868,
47.2,6.086854080987714,5.7818540809877135,
47.22,6.110838962697223,5.805838962697222,
47.24,6.134823962080661,5.829823962080661,
47.26,6.1588090777632045,5.853809077763204,
47.28,6.182794308391368,5.877794308391367,
47.3,6.206779652632574,5.901779652632573,
47.32,6.230765109174765,5.9257651091747645,
47.34,6.254750676725998,5.949750676725998,
47.36,6.278736354014068,5.9737363540140676,
47.38,6.302722139786132,5.997722139786132,
47.4,6.326708032808326,6.021708032808325,
47.42,6.350694031865449,6.045694031865448,
47.44,6.374680135760555,6.069680135760555,
47.46,6.398666343314669,6.093666343314668,
47.48,6.422652653366389,6.117652653366388,
47.5,6.446639064771634,6.141639064771633,
47.52,6.470625576403246,6.1656255764032455,
47.54,6.494612187150727,6.189612187150726,
47.56,6.518598895919929,6.213598895919929,
47.58,6.542585701632735,6.237585701632734,
47.6,6.566572603226782,6.2615726032267816,
47.62,6.590559599655158,6.285559599655158,
47.64,6.6145466898861525,6.309546689886152,
47.66,6.638533872902947,6.3335338729029464,
47.68,6.6625211477033615,6.357521147703361,
47.7,6.686508513299609,6.381508513299608,
47.72,6.710495968717995,6.405495968717994,
47.74,6.734483512998726,6.429483512998726,
47.76,6.75847114519561,6.45347114519561,
47.78,6.782458864375852,6.477458864375851,
47.8,6.806446669619781,6.501446669619781,
47.82,6.830434560020667,6.525434560020666,
47.84,6.854422534684459,6.549422534684458,
47.86,6.878410592729563,6.573410592729562,
47.88,6.902398733286656,6.5973987332866555,
47.9,6.926386955498443,6.621386955498442,
47.92,6.950375258519476,6.645375258519476,
47.94,6.97436364151591,6.669363641515909,
47.96,6.998352103665362,6.693352103665362,
47.98,7.0223406441566505,6.71734064415665,
48.0,7.040465555733124,6.735465555733123,
48.02,7.030338105506436,6.725338105506435,
48.04,7.014346989660723,6.709346989660722,
48.06,6.998355914932461,6.69335591493246,
48.08,6.982364881604173,6.677364881604173,
48.1,6.966373889960924,6.661373889960924,
48.12,6.950382940290463,6.645382940290462,
48.14,6.93439203288314,6.629392032883139,
48.16,6.91840116803202,6.613401168032019,
48.18,6.902410346032874,6.5974103460328735,
48.2,6.886419567184213,6.581419567184213,
48.22,6.870428831787351,6.565428831787351,
48.24,6.854438140146367,6.549438140146367,
48.26,6.838447492568238,6.5334474925682375,
48.28,6.822456889362766,6.517456889362766,
48.3,6.8064663308427065,6.501466330842706,
48.32,6.790475817323732,6.4854758173237315,
48.34,6.774485349124509,6.469485349124509,
48.36,6.758494926566722,6.453494926566721,
48.38,6.742504549975079,6.4375045499750785,
48.4,6.726514219677419,6.421514219677419,
48.42,6.71052393600465,6.405523936004649,
48.44,6.6945336992909015,6.389533699290901,
48.46,6.678543509873454,6.373543509873453,
48.48,6.662553368092848,6.357553368092847,
48.5,6.646563274292885,6.341563274292884,
48.52,6.630573228820698,6.325573228820698,
48.54,6.614583232026772,6.309583232026771,
48.56,6.5985932842649815,6.293593284264981,
48.58,6.582603385892643,6.277603385892642,
48.6,6.566613537270542,6.2616135372705415,
48.62,6.55062373876301,6.245623738763009,
48.64,6.534633990737914,6.229633990737914,
48.66,6.518644293566757,6.213644293566756,
48.68,6.502654647624663,6.197654647624662,
48.7,6.486665053290482,6.181665053290481,
48.72,6.470675510946798,6.165675510946797,
48.74,6.454686020979973,6.149686020979972,
48.76,6.438696583780238,6.133696583780237,
48.78,6.422707199741661,6.117707199741661,
48.8,6.406717869262284,6.101717869262283,
48.82,6.390728592744106,6.085728592744106,
48.84,6.374739370593174,6.069739370593173,
48.86,6.358750203219617,6.053750203219616,
48.88,6.3427610910376755,6.037761091037675,
48.9,6.326772034465811,6.02177203446581,
48.92,6.310783033926689,6.005783033926688,
48.94,6.294794089847294,5.989794089847293,
48.96,6.278805202658952,5.973805202658951,
48.98,6.262816372797383,5.9578163727973825,
49.0,6.2468276007027725,5.941827600702772,
49.02,6.2308388868198294,5.925838886819829,
49.04,6.214850231597825,5.909850231597824,
49.06,6.198861635490674,5.893861635490674,
49.08,6.18287309895698,5.87787309895698,
49.1,6.1668846224600875,5.861884622460087,
49.12,6.150896206468197,5.845896206468196,
49.14,6.134907851454335,5.829907851454334,
49.16,6.118919557896519,5.813919557896519,
49.18,6.102931326277732,5.797931326277731,
49.2,6.086943157086061,5.781943157086061,
49.22,6.070955050814727,5.765955050814727,
49.24,6.054967007962136,5.749967007962136,
49.26,6.038979029032001,5.7339790290320005,
49.28,6.022991114533353,5.717991114533352,
49.3,6.00700326498067,5.70200326498067,
49.32,5.9910154808938865,5.686015480893886,
49.34,5.975027762798525,5.670027762798524,
49.36,5.959040111225753,5.654040111225752,
49.38,5.943052526712409,5.638052526712408,
49.4,5.927065009801165,5.622065009801164,
49.42,5.911077561040539,5.6060775610405384,
49.44,5.895090180985009,5.590090180985008,
49.46,5.879102870195069,5.574102870195069,
49.48,5.8631156292373445,5.558115629237344,
49.5,5.847128458684619,5.542128458684618,
49.52,5.831141359115994,5.526141359115994,
49.54,5.815154331116919,5.510154331116919,
49.56,5.799167375279302,5.494167375279301,
49.58,5.783180492201587,5.478180492201586,
49.6,5.76719368248884,5.46219368248884,
49.62,5.751206946752891,5.44620694675289,
49.64,5.735220285612339,5.4302202856123385,
49.66,5.7192336996927455,5.414233699692745,
49.68,5.703247189626637,5.398247189626637,
49.7,5.6872607560536785,5.382260756053678,
49.72,5.671274399620743,5.3662743996207425,
49.74,5.6552881209819965,5.350288120981996,
49.76,5.639301920799047,5.334301920799047,
49.78,5.623315799740986,5.318315799740986,
49.8,5.6073297584845765,5.302329758484576,
49.82,5.5913437977142735,5.286343797714273,
49.84,5.57535791812241,5.27035791812241,
49.86,5.559372120409266,5.254372120409266,
49.88,5.5433864052831945,5.238386405283194,
49.9,5.52740077346075,5.222400773460749,
49.92,5.511415225666773,5.206415225666772,
49.94,5.4954297626345685,5.190429762634568,
49.96,5.4794443851059595,5.174444385105959,
49.98,5.463459093831476,5.158459093831476,
50.0,5.447473889570428,5.142473889570428,
50.02,5.431488773091089,5.126488773091088,
50.04,5.415503745170776,5.110503745170775,
50.06,5.399518806596006,5.094518806596005,
50.08,5.3835339581626585,5.078533958162658,
50.1,5.367549200676049,5.062549200676048,
50.12,5.351564534951157,5.046564534951156,
50.14,5.335579961812678,5.030579961812677,
50.16,5.319595482095247,5.014595482095246,
50.18,5.303611096643541,4.998611096643541,
50.2,5.28762680631245,4.9826268063124495,
50.22,5.271642611967235,4.9666426119672344,
50.24,5.255658514483661,4.950658514483661,
50.26,5.239674514748194,4.934674514748194,
50.28,5.223690613658114,4.918690613658113,
50.3,5.207706812121756,4.902706812121755,
50.32,5.191723111058589,4.886723111058588,
50.34,5.1757395113994695,4.870739511399469,
50.36,5.159756014086772,4.854756014086772,
50.38,5.143772620074559,4.838772620074558,
50.4,5.1277893303288105,4.82278933032881,
50.42,5.111806145827562,4.8068061458275615,
50.44,5.095823067561126,4.790823067561125,
50.46,5.079840096532261,4.774840096532261,
50.48,5.063857233756385,4.758857233756385,
50.5,5.047874480261772,4.742874480261771,
50.52,5.031891837089737,4.726891837089736,
50.54,5.015909305294893,4.7109093052948925,
50.56,4.999926885945292,4.694926885945291,
50.58,4.983944580122706,4.678944580122705,
50.6,4.967962388922792,4.662962388922791,
50.62,4.951980313455389,4.646980313455388,
50.64,4.935998354844646,4.630998354844645,
50.66,4.920016514229363,4.615016514229362,
50.68,4.904034792763136,4.599034792763136,
50.7,4.888053191614663,4.583053191614662,
50.72,4.87207171196796,4.56707171196796,
50.74,4.856090355022612,4.551090355022612,
50.76,4.840109121994062,4.535109121994061,
50.78,4.824128014113815,4.519128014113814,
50.8,4.808147032629776,4.503147032629776,
50.82,4.792166178806457,4.487166178806456,
50.84,4.776185453925295,4.471185453925294,
50.86,4.760204859284934,4.455204859284933,
50.88,4.7442243962014885,4.439224396201488,
50.9,4.72824406600887,4.423244066008869,
50.92,4.712263870059046,4.407263870059046,
50.94,4.69628380972242,4.391283809722419,
50.96,4.680303886388055,4.375303886388054,
50.98,4.664324101464062,4.359324101464061,
51.0,4.648344456377885,4.343344456377884,
51.02,4.632364952576679,4.327364952576678,
51.04,4.616385591527601,4.311385591527601,
51.06,4.600406374718184,4.295406374718183,
51.08,4.584427303656696,4.279427303656695,
51.1,4.568448379872468,4.263448379872467,
51.12,4.552469604916323,4.247469604916322,
51.14,4.536490980360895,4.231490980360895,
51.16,4.520512507801045,4.215512507801044,
51.18,4.50453418885425,4.1995341888542495,
51.2,4.488556025160994,4.183556025160994,
51.22,4.472578018385214,4.167578018385213,
51.24,4.456600170214647,4.151600170214646,
51.26,4.440622445942954,4.135622445942953,
51.28,4.42464450021834,4.11964450021834,
51.3,4.4086662234555885,4.103666223455588,
51.32,4.392687586150088,4.087687586150087,
51.34,4.376708558812861,4.07170855881286,
51.36,4.3607291119710245,4.055729111971024,
51.38,4.344749216168205,4.039749216168205,
51.4,4.328768841965012,4.023768841965011,
51.42,4.3127879599394365,4.007787959939436,
51.44,4.296806540687299,3.9918065406872985,
51.46,4.2808245548226695,3.9758245548226694,
51.48,4.264841972978379,3.959841972978379,
51.5,4.248858765806383,3.943858765806383,
51.52,4.23287490941401,3.9278749094140095,
51.54,4.216891021919408,3.911891021919408,
51.56,4.200907540110359,3.895907540110359,
51.58,4.184924464555021,3.8799244645550206,
51.6,4.16894179588182,3.86394179588182,
51.62,4.152959534780486,3.8479595347804856,
51.64,4.136977682003146,3.831977682003146,
51.66,4.120996238365635,3.8159962383656345,
51.68,4.105015204748647,3.800015204748647,
51.7,4.089034582099081,3.7840345820990806,
51.72,4.073054371431273,3.768054371431273,
51.74,4.057074573828385,3.7520745738283847,
51.76,4.041095190443761,3.7360951904437605,
51.78,4.025116222502261,3.7201162225022606,
51.8,4.009137671301776,3.7041376713017757,
51.82,3.9931595382146075,3.6881595382146073,
51.84,3.977181824689032,3.672181824689032,
51.86,3.9612045322507963,3.656204532250796,
51.88,3.945227662504682,3.6402276625046817,
51.9,3.9292512171361538,3.6242512171361536,
51.92,3.9132751979129616,3.6082751979129615,
51.94,3.8972995657716676,3.5922995657716674,
51.96,3.8813241546625568,3.5763241546625566,
51.98,3.865348948901693,3.5603489489016926,
52.0,3.849373951045702,3.544373951045702,
52.02,3.8333991636937927,3.5283991636937926,
52.04,3.817424589488662,3.5124245894886617,
52.06,3.801450231117386,3.496450231117386,
52.08,3.785476091312358,3.480476091312358,
52.1,3.7695021728522424,3.4645021728522423,
52.12,3.7535284785630036,3.4485284785630035,
52.14,3.737555011318824,3.432555011318824,
52.16,3.721581774043235,3.4165817740432347,
52.18,3.7056087590077635,3.4006087590077634,
52.2,3.6896357988623576,3.3846357988623574,
52.22,3.67366283346023,3.3686628334602298,
52.24,3.657689860503714,3.352689860503714,
52.26,3.6417168777141833,3.336716877714183,
52.28,3.6257438828324746,3.3207438828324745,
52.3,3.609770873619379,3.304770873619379,
52.32,3.5937978478560018,3.2887978478560016,
52.34,3.5778248033442828,3.2728248033442826,
52.36,3.561851737907432,3.2568517379074318,
52.38,3.545878649390413,3.240878649390413,
52.4,3.5299055356604434,3.2249055356604432,
52.42,3.5139323946074783,3.208932394607478,
52.44,3.497959224144789,3.192959224144789,
52.46,3.4819860222094072,3.176986022209407,
52.48,3.466012786762769,3.1610127867627686,
52.5,3.450039515791195,3.145039515791195,
52.52,3.434066207306541,3.1290662073065407,
52.54,3.4180928593467543,3.113092859346754,
52.56,3.4021194699764776,3.0971194699764775,
52.58,3.386146037287717,3.081146037287717,
52.6,3.370172559400456,3.0651725594004557,
52.62,3.3541990344633503,3.04919903446335,
52.64,3.338225460654374,3.033225460654374,
52.66,3.3222518361815774,3.017251836181577,
52.68,3.3062781592837633,3.001278159283763,
52.7,3.290304428231258,2.9853044282312577,
52.72,3.2743306413266855,2.9693306413266853,
52.74,3.25835679690573,2.9533567969057297,
52.76,3.2423829486637383,2.937382948663738,
52.78,3.2264096087325718,2.9214096087325716,
52.8,3.2104369057416946,2.9054369057416944,
52.82,3.194464844351506,2.889464844351506,
52.84,3.178493429383273,2.873493429383273,
52.86,3.1625226658231207,2.8575226658231205,
52.88,3.146552558826264,2.841552558826264,
52.9,3.130583113721305,2.8255831137213048,
52.92,3.1146143360146192,2.809614336014619,
52.94,3.0986462313950045,2.7936462313950043,
52.96,3.0826788057383245,2.7776788057383244,
52.98,3.0667120651124153,2.761712065112415,
53.0,3.0507460157820954,2.745746015782095,
53.02,3.034780664214335,2.729780664214335,
53.04,3.018816017083576,2.713816017083576,
53.06,3.002852081277248,2.6978520812772477,
53.08,2.9868888639014664,2.681888863901466,
53.1,2.970926372286846,2.665926372286846,
53.12,2.954964613994604,2.649964613994604,
53.14,2.939003596822762,2.6340035968227618,
53.16,2.923043328812636,2.618043328812636,
53.18,2.9070838182554666,2.6020838182554664,
53.2,2.891125073699315,2.5861250736993147,
53.22,2.8751671039561746,2.5701671039561744,
53.24,2.8592099181092916,2.5542099181092914,
53.26,2.8432535255207942,2.538253525520794,
53.28,2.8272979358394887,2.5222979358394886,
53.3,2.8113431590090454,2.5063431590090453,
53.32,2.7953892052762987,2.4903892052762986,
53.34,2.7794360852000026,2.4744360852000025,
53.36,2.763483809659746,2.4584838096597457,
53.38,2.747532389865268,2.442532389865268,
53.4,2.731581837366063,2.426581837366063,
53.42,2.7156321640612955,2.4106321640612953,
53.44,2.699683382210168,2.3946833822101676,
53.46,2.6837355044424767,2.3787355044424765,
53.48,2.667788543769748,2.362788543769748,
53.5,2.6518425135966,2.3468425135966,
53.52,2.635897427732649,2.3308974277326486,
53.54,2.6199533000471384,2.3149533000471383,
53.56,2.6040099881219114,2.2990099881219113,
53.58,2.588067375895461,2.283067375895461,
53.6,2.572125476378504,2.267125476378504,
53.62,2.5561843029056828,2.2511843029056826,
53.64,2.5402438691457476,2.2352438691457475,
53.66,2.5243041891120863,2.219304189112086,
53.68,2.508365277173591,2.203365277173591,
53.7,2.492427148066028,2.187427148066028,
53.72,2.4764898169037757,2.1714898169037755,
53.74,2.460553299192012,2.155553299192012,
53.76,2.4446176108394635,2.1396176108394633,
53.78,2.428682768171511,2.123682768171511,
53.8,2.41274878794398,2.10774878794398,
53.82,2.3968156873573156,2.0918156873573155,
53.84,2.3808834840714455,2.0758834840714453,
53.86,2.364952196221181,2.0599521962211806,
53.88,2.349021842432217,2.0440218424322167,
53.9,2.333092441837874,2.028092441837874,
53.92,2.317164014096425,2.0121640140964248,
53.94,2.30123657940921,1.9962365794092096,
53.96,2.2853101585394593,1.9803101585394591,
53.98,2.2693847728319203,1.9643847728319201,
54.0,2.2659931195856307,1.9609931195856305,
54.02,2.2773464761753197,1.9723464761753196,
54.04,2.30123487963462,1.9962348796346197,
54.06,2.3251255815161294,2.020125581516129,
54.08,2.3490185116915017,2.0440185116915015,
54.1,2.3729136028505016,2.0679136028505014,
54.12,2.396810790361094,2.0918107903610936,
54.14,2.42071001213792,2.11571001213792,
54.16,2.444611208518243,2.139611208518243,
54.18,2.4685143221452504,2.16351432214525,
54.2,2.492419297857872,2.187419297857872,
54.22,2.5163260825869345,2.2113260825869343,
54.24,2.540234625257132,2.235234625257132,
54.26,2.5641448766943804,2.2591448766943802,
54.28,2.5880567895383932,2.283056789538393,
54.3,2.6119703181599117,2.3069703181599115,
54.32,2.6358854185825122,2.330885418582512,
54.34,2.6598020484085603,2.35480204840856,
54.36,2.683720166749081,2.3787201667490807,
54.38,2.7076397341574028,2.4026397341574026,
54.4,2.731560712566186,2.426560712566186,
54.42,2.7554830652278004,2.4504830652278002,
54.44,2.779406756657641,2.4744067566576406,
54.46,2.8033317525804926,2.4983317525804924,
54.48,2.827258019879472,2.5222580198794717,
54.5,2.8511855265476016,2.5461855265476014,
54.52,2.8751142416417332,2.570114241641733,
54.54,2.8990441352388197,2.5940441352388195,
54.56,2.9229751783942746,2.6179751783942744,
54.58,2.946907343420396,2.641907343420396,
54.6,2.9708407408991278,2.6658407408991276,
54.62,2.9947754519191236,2.6897754519191235,
54.64,3.0187114424125197,2.7137114424125195,
54.66,3.0426486793033978,2.7376486793033976,
54.68,3.0665871304691708,2.7615871304691706,
54.7,3.0905267647037866,2.7855267647037865,
54.72,3.1144675516826075,2.8094675516826073,
54.74,3.13840946192896,2.83340946192896,
54.76,3.162352466782081,2.8573524667820807,
54.78,3.1862965383666197,2.8812965383666196,
54.8,3.210241649563425,2.905241649563425,
54.82,3.234187773981638,2.9291877739816377,
54.84,3.2581348859320234,2.9531348859320232,
54.86,3.282082960401438,2.9770829604014377,
54.88,3.306031973028463,3.001031973028463,
54.9,3.3299819000799897,3.0249819000799896,
54.92,3.3539327184289007,3.0489327184289006,
54.94,3.3778844055325985,3.0728844055325983,
54.96,3.401836939412569,3.0968369394125688,
54.98,3.4257902986346314,3.120790298634631,
55.0,3.44974446229015,3.14474446229015,
55.02,3.4736994099779714,3.1686994099779713,
55.04,3.497655121787048,3.192655121787048,
55.06,3.5216115782798836,3.2166115782798834,
55.08,3.545568760476496,3.2405687604764957,
55.1,3.569526649839209,3.2645266498392087,
55.12,3.5934852282578515,3.2884852282578514,
55.14,3.6174444780357002,3.3124444780357,
55.16,3.6414043818758923,3.336404381875892,
55.18,3.6653649228683935,3.3603649228683934,
55.2,3.6893260844774702,3.38432608447747,
55.22,3.7132878505296447,3.4082878505296446,
55.24,3.7372502052021312,3.432250205202131,
55.26,3.7612130794552705,3.4562130794552703,
55.28,3.7851764087910604,3.4801764087910603,
55.3,3.8091401846207695,3.5041401846207694,
55.32,3.833104398570241,3.5281043985702407,
55.34,3.8570690795687126,3.5520690795687124,
55.36,3.88103428057951,3.57603428057951,
55.38,3.9049999889227465,3.5999999889227463,
55.4,3.928966191017354,3.6239661910173537,
55.42,3.9529328735511746,3.6479328735511745,
55.44,3.976900023472774,3.671900023472774,
55.46,4.0008676279837365,3.6958676279837364,
55.48,4.024835674531082,3.719835674531082,
55.5,4.048804150800075,3.743804150800075,
55.52,4.0727730447072,3.7677730447072,
55.54,4.096742344393422,3.791742344393422,
55.56,4.1207120382176825,3.8157120382176823,
55.58,4.144682114750585,3.8396821147505844,
55.6,4.168652562768375,3.8636525627683747,
55.62,4.192623371247008,3.8876233712470074,
55.64,4.216594529356554,3.9115945293565537,
55.66,4.240566026455667,3.935566026455667,
55.68,4.264537852086345,3.959537852086345,
55.7,4.288509995968786,3.983509995968786,
55.72,4.312482447996457,4.007482447996456,
55.74,4.336455198231322,4.031455198231321,
55.76,4.3604282295509,4.055428229550899,
55.78,4.384401520035101,4.0794015200351,
55.8,4.4083750649692774,4.103375064969277,
55.82,4.432348860462619,4.127348860462618,
55.84,4.456322914604117,4.151322914604116,
55.86,4.480297226528786,4.1752972265287855,
55.88,4.504271787240403,4.199271787240402,
55.9,4.528246587880657,4.223246587880657,
55.92,4.552221619725557,4.247221619725557,
55.94,4.576196874181837,4.271196874181836,
55.96,4.600172342783634,4.2951723427836335,
55.98,4.624148017189154,4.319148017189153,
56.0,4.648123889177485,4.343123889177485,
56.02,4.672099950645515,4.367099950645515,
56.04,4.6960761936049344,4.391076193604934,
56.06,4.720052610179315,4.415052610179314,
56.08,4.744029192601289,4.439029192601288,
56.1,4.768005933209841,4.46300593320984,
56.12,4.7919828244476115,4.486982824447611,
56.14,4.815959858858381,4.510959858858381,
56.16,4.8399370290845,4.5349370290844995,
56.18,4.8639143278645385,4.558914327864538,
56.2,4.887891760646891,4.58289176064689,
56.22,4.9118693535727935,4.606869353572793,
56.24,4.93584710564175,4.63084710564175,
56.26,4.959825014545673,4.654825014545672,
56.28,4.983803078020898,4.678803078020898,
56.3,5.007781293847066,4.702781293847066,
56.32,5.031759647993557,4.726759647993556,
56.34,5.055738101780528,4.750738101780527,
56.36,5.079716646469623,4.7747166464696225,
56.38,5.103695275508952,4.798695275508951,
56.4,5.127673982422824,4.822673982422823,
56.42,5.151652760810012,4.846652760810011,
56.44,5.175631604341978,4.870631604341978,
56.46,5.199610506761264,4.894610506761263,
56.48,5.223589461879806,4.918589461879805,
56.5,5.247568463577425,4.942568463577424,
56.52,5.271547505800216,4.966547505800215,
56.54,5.295526582559103,4.990526582559102,
56.56,5.319505687928364,5.014505687928364,
56.58,5.343484816044209,5.038484816044209,
56.6,5.36746396110344,5.06246396110344,
56.62,5.391443117362045,5.086443117362045,
56.64,5.415422279133952,5.110422279133951,
56.66,5.4394014407897195,5.134401440789719,
56.68,5.463380596755329,5.158380596755328,
56.7,5.487359741510936,5.182359741510935,
56.72,5.511338869589744,5.206338869589743,
56.74,5.535317994562393,5.230317994562393,
56.76,5.559297287529814,5.2542972875298135,
56.78,5.58327678831942,5.2782767883194195,
56.8,5.607256476369991,5.30225647636999,
56.82,5.631236183162909,5.326236183162909,
56.84,5.655215863457252,5.350215863457251,
56.86,5.679195512027936,5.374195512027935,
56.88,5.703175123696207,5.398175123696206,
56.9,5.727154693328651,5.42215469332865,
56.92,5.751134215836245,5.446134215836245,
56.94,5.775113686173436,5.470113686173435,
56.96,5.79909309933728,5.494093099337279,
56.98,5.823072450366516,5.518072450366516,
57.0,5.847051734340775,5.542051734340775,
57.02,5.871030946379709,5.566030946379708,
57.04,5.8950100816421855,5.590010081642185,
57.06,5.918989135325537,5.613989135325537,
57.08,5.942968102664714,5.637968102664713,
57.1,5.966946978931628,5.661946978931628,
57.12,5.990925759434327,5.685925759434326,
57.14,6.014904439516356,5.709904439516356,
57.16,6.038883014555994,5.733883014555993,
57.18,6.062861479965621,5.75786147996562,
57.2,6.08683983119102,5.78183983119102,
57.22,6.110818063710727,5.805818063710727,
57.24,6.134796173035429,5.829796173035429,
57.26,6.158774154707295,5.853774154707295,
57.28,6.1827520042994175,5.877752004299417,
57.3,6.206729717415172,5.901729717415171,
57.32,6.230707289687677,5.925707289687677,
57.34,6.25468471677922,5.9496847167792195,
57.36,6.2786619943806885,5.973661994380688,
57.38,6.302639375884016,5.997639375884015,
57.4,6.326617378152,6.0216173781519995,
57.42,6.3505959940458,6.045595994045799,
57.44,6.374575001767553,6.069575001767553,
57.46,6.3985539026116545,6.093553902611654,
57.48,6.422532670037914,6.117532670037914,
57.5,6.44651130733037,6.1415113073303695,
57.52,6.470490059805702,6.165490059805701,
57.54,6.494469045578131,6.1894690455781305,
57.56,6.518448185093246,6.213448185093245,
57.58,6.542427209705155,6.237427209705154,
57.6,6.566406092911263,6.261406092911263,
57.62,6.590384830541312,6.285384830541312,
57.64,6.614363418449865,6.309363418449864,
57.66,6.6380978882976605,6.33309788829766,
57.68,6.661632887370086,6.356632887370085,
57.7,6.685168105647943,6.380168105647942,
57.72,6.708703540870259,6.403703540870258,
57.74,6.732239190776271,6.4272391907762705,
57.76,6.755775053105556,6.450775053105556,
57.78,6.779311125597961,6.474311125597961,
57.8,6.802847405993635,6.497847405993634,
57.82,6.826383892033044,6.521383892033043,
57.84,6.849920581456917,6.544920581456917,
57.86,6.873457472006284,6.568457472006283,
57.88,6.896817007929334,6.5918170079293334,
57.9,6.919910399753241,6.61491039975324,
57.92,6.94308187855577,6.638081878555769,
57.94,6.9666251054969175,6.661625105496917,
57.96,6.990535663734298,6.6855356637342975,
57.98,7.014517676233554,6.7095176762335536,
58.0,7.038499888064462,6.733499888064461,
58.02,7.062482296742196,6.757482296742196,
58.04,7.086464899781944,6.781464899781944,
58.06,7.11044769469889,6.8054476946988895,
58.08,7.134430679008209,6.829430679008208,
58.1,7.158413850225101,6.853413850225101,
58.12,7.182397205864718,6.8773972058647175,
58.14,7.206380743442253,6.901380743442252,
58.16,7.230364460472864,6.9253644604728635,
58.18,7.254348354471732,6.949348354471732,
58.2,7.278332422954025,6.973332422954025,
58.22,7.30231666343489,6.99731666343489,
58.24,7.3263010734295175,7.021301073429517,
58.26,7.350285650453046,7.045285650453045,
58.28,7.374270497019804,7.0692704970198035,
58.3,7.398255724672536,7.093255724672535,
58.32,7.422241310144431,7.11724131014443,
58.34,7.446227229883132,7.141227229883131,
58.36,7.470213460350423,7.165213460350422,
58.38,7.494199978022115,7.189199978022114,
58.4,7.518186759387881,7.21318675938788,
58.42,7.542173820715423,7.237173820715422,
58.44,7.566161182694377,7.2611611826943765,
58.46,7.59014877963992,7.285148779639919,
58.48,7.6141365347294885,7.309136534729488,
58.5,7.6381243591576204,7.33312435915762,
58.52,7.6621122435574165,7.357112243557416,
58.54,7.685900193847414,7.380900193847413,
58.56,7.709443788953161,7.40444378895316,
58.58,7.73298745679405,7.42798745679405,
58.6,7.756531176520078,7.451531176520078,
58.62,7.780074927290024,7.475074927290024,
58.64,7.803738684623247,7.498738684623246,
58.66,7.827704304176401,7.522704304176401,
58.68,7.851692435685379,7.546692435685379,
58.7,7.875680507411888,7.570680507411887,
58.72,7.899668577067901,7.5946685770679006,
58.74,7.923656662363551,7.61865666236355,
58.76,7.947644760778157,7.642644760778157,
58.78,7.971632869791604,7.666632869791603,
58.8,7.995620986884199,7.690620986884198,
58.82,8.019609109536788,7.714609109536787,
58.84,8.04359723523067,7.73859723523067,
58.86,8.067585361447637,7.762585361447637,
58.88,8.09157348566993,7.786573485669929,
58.9,8.115561605380229,7.8105616053802285,
58.92,8.139549718061721,7.83454971806172,
58.94,8.163537829343232,7.8585378293432315,
58.96,8.187525997511893,7.882525997511892,
58.98,8.211514234034903,7.906514234034903,
59.0,8.235502538314963,7.930502538314963,
59.02,8.259490909761737,7.954490909761738,
59.04,8.283479347791658,7.978479347791659,
59.06,8.307467851827939,8.002467851827939,
59.08,8.331456421300436,8.026456421300436,
59.1,8.355445055645545,8.050445055645545,
59.12,8.379433754306099,8.0744337543061,
59.14,8.403422516731343,8.098422516731343,
59.16,8.427411342376724,8.122411342376724,
59.18,8.451400230703905,8.146400230703906,
59.2,8.475389181180658,8.170389181180658,
59.22,8.499378193280714,8.194378193280714,
59.24,8.523367266483781,8.218367266483781,
59.26,8.547356400275358,8.242356400275359,
59.28,8.571345594146763,8.266345594146763,
59.3,8.595334847594934,8.290334847594934,
59.32,8.619324160122428,8.314324160122428,
59.34,8.643313531237336,8.338313531237336,
59.36,8.667302960453167,8.362302960453167,
59.38,8.691292447288836,8.386292447288836,
59.4,8.715281991268517,8.410281991268517,
59.42,8.739271591921643,8.434271591921643,
59.44,8.763261248782753,8.458261248782753,
59.46,8.787250961391521,8.482250961391522,
59.48,8.811240729292589,8.506240729292589,
59.5,8.835230552035574,8.530230552035574,
59.52,8.859220429174956,8.554220429174956,
59.54,8.883210360270017,8.578210360270017,
59.56,8.907200344884803,8.602200344884803,
59.58,8.931190382588042,8.626190382588042,
59.6,8.955180472953085,8.650180472953085,
59.62,8.97917061555781,8.674170615557811,
59.64,9.003160809984646,8.698160809984646,
59.66,9.027151055820408,8.722151055820408,
59.68,9.05114135265634,8.74614135265634,
59.7,9.075131697910564,8.770131697910564,
59.72,9.09912204273585,8.79412204273585,
59.74,9.12311236524787,8.81811236524787,
59.76,9.147102662963967,8.842102662963967,
59.78,9.171092933401578,8.866092933401578,
59.8,9.195083174078137,8.890083174078137,
59.82,9.21907338251119,8.91407338251119,
59.84,9.243063556218296,8.938063556218296,
59.86,9.267053692717072,8.962053692717072,
59.88,9.291043789525219,8.986043789525219,
59.9,9.315033844160459,9.010033844160459,
59.92,9.339023854140606,9.034023854140607,
59.94,9.363013816983495,9.058013816983495,
59.96,9.38700373020705,9.08200373020705,
59.98,9.410993591329246,9.105993591329247,
60.0,9.4316001587231,9.1266001587231,
60.02,9.418989390403409,9.11398939040341,
60.04,9.402995291402432,9.097995291402432,
60.06,9.387001097664788,9.082001097664788,
60.08,9.371006805991314,9.066006805991314,
60.1,9.355012413184065,9.050012413184065,
60.12,9.339017916046394,9.034017916046395,
60.14,9.323023311382888,9.018023311382889,
60.16,9.307028595999459,9.002028595999459,
60.18,9.29103376670326,8.98603376670326,
60.2,9.275038820302798,8.970038820302799,
60.22,9.259043753607882,8.954043753607882,
60.24,9.243048563429644,8.938048563429644,
60.26,9.227053246580597,8.922053246580598,
60.28,9.211057799874567,8.906057799874567,
60.3,9.195062220126786,8.890062220126786,
60.32,9.179066504153855,8.874066504153856,
60.34,9.163070648773779,8.85807064877378,
60.36,9.147074650805981,8.842074650805982,
60.38,9.13107850707129,8.82607850707129,
60.4,9.11508219919074,8.81008219919074,
60.42,9.099085477521468,8.794085477521469,
60.44,9.083088234544553,8.778088234544553,
60.46,9.067090448010564,8.762090448010564,
60.48,9.051092341840404,8.746092341840404,
60.5,9.035094051314907,8.730094051314907,
60.52,9.019095573280842,8.714095573280842,
60.54,9.00309694810392,8.69809694810392,
60.56,8.987098323960584,8.682098323960584,
60.58,8.97109971347512,8.66609971347512,
60.6,8.9551011167207,8.6501011167207,
60.62,8.939102533771088,8.634102533771088,
60.64,8.923103964700523,8.618103964700524,
60.66,8.907105405456523,8.602105405456523,
60.68,8.891106719136888,8.586106719136888,
60.7,8.87510783689444,8.57010783689444,
60.72,8.859108755576269,8.55410875557627,
60.74,8.84310951794994,8.538109517949941,
60.76,8.827110280462643,8.522110280462643,
60.78,8.811111056435216,8.506111056435216,
60.8,8.795111845941104,8.490111845941104,
60.82,8.77911264905431,8.47411264905431,
60.84,8.763113465849363,8.458113465849364,
60.86,8.747114296401353,8.442114296401353,
60.88,8.731115140785885,8.426115140785885,
60.9,8.71511599907916,8.41011599907916,
60.92,8.6991168713579,8.3941168713579,
60.94,8.68311775769943,8.37811775769943,
60.96,8.66711865818161,8.362118658181611,
60.98,8.651119572882912,8.346119572882913,
61.0,8.635120501882355,8.330120501882355,
61.02,8.619121445259564,8.314121445259564,
61.04,8.603122403094773,8.298122403094773,
61.06,8.587123375468765,8.282123375468766,
61.08,8.571124362462974,8.266124362462975,
61.1,8.555125364159416,8.250125364159416,
61.12,8.539126380640736,8.234126380640737,
61.14,8.523127411990187,8.218127411990187,
61.16,8.507128458291662,8.202128458291662,
61.18,8.491129519629661,8.186129519629661,
61.2,8.475130596089357,8.170130596089358,
61.22,8.459131687756557,8.154131687756557,
61.24,8.44313279471769,8.13813279471769,
61.26,8.427133919536875,8.122133919536875,
61.28,8.41113519993734,8.10613519993734,
61.3,8.395136713442886,8.090136713442886,
61.32,8.37913845775581,8.07413845775581,
61.34,8.363140430586473,8.058140430586473,
61.36,8.347142629653336,8.042142629653336,
61.38,8.331145052682986,8.026145052682987,
61.4,8.315147697410298,8.010147697410298,
61.42,8.29915056157845,7.994150561578451,
61.44,8.283153642939089,7.978153642939089,
61.46,8.267156939252311,7.962156939252312,
61.48,8.251160448286855,7.9461604482868555,
61.5,8.235164167820098,7.930164167820099,
61.52,8.21916809563821,7.91416809563821,
61.54,8.203172229536188,7.898172229536188,
61.56,8.187176567317998,7.882176567317997,
61.58,8.171181106796638,7.866181106796637,
61.6,8.155185845794207,7.850185845794207,
61.62,8.13919078214207,7.834190782142069,
61.64,8.123195913680858,7.818195913680857,
61.66,8.10720123826064,7.802201238260639,
61.68,8.091206753740972,7.786206753740971,
61.7,8.075212457991027,7.770212457991026,
61.72,8.059218348889683,7.754218348889682,
61.74,8.043224424325583,7.738224424325582,
61.76,8.027230682197322,7.7222306821973214,
61.78,8.011237120413437,7.706237120413436,
61.8,7.99524373689262,7.6902437368926195,
61.82,7.979250529563759,7.674250529563758,
61.84,7.963257496366026,7.6582574963660255,
61.86,7.947264635249068,7.6422646352490675,
61.88,7.931271944173004,7.626271944173004,
61.9,7.9152794211086395,7.610279421108639,
61.92,7.899287064037494,7.594287064037493,
61.94,7.883294870951959,7.578294870951958,
61.96,7.867302839855399,7.562302839855398,
61.98,7.851310968762283,7.546310968762282,
62.0,7.8353192556982485,7.530319255698248,
62.02,7.81932769870027,7.514327698700269,
62.04,7.8033362958167745,7.498336295816774,
62.06,7.787345045107725,7.482345045107724,
62.08,7.771353944644788,7.466353944644787,
62.1,7.755362992511405,7.450362992511405,
62.12,7.739372186802968,7.4343721868029675,
62.14,7.723381525626899,7.418381525626899,
62.16,7.707391007102829,7.402391007102828,
62.18,7.691400629362677,7.386400629362677,
62.2,7.6754103905508115,7.370410390550811,
62.22,7.659420288824177,7.354420288824176,
62.24,7.6434303223523985,7.338430322352398,
62.26,7.627440489317986,7.3224404893179855,
62.28,7.611450787916366,7.306450787916366,
62.3,7.595461216356144,7.290461216356143,
62.32,7.579471772859147,7.274471772859147,
62.34,7.563482455660611,7.2584824556606105,
62.36,7.547493263009323,7.242493263009322,
62.38,7.531504193167733,7.226504193167733,
62.4,7.515515244412155,7.2105152444121545,
62.42,7.499526414270473,7.194526414270473,
62.44,7.483537658961759,7.178537658961758,
62.46,7.4675489540824955,7.162548954082495,
62.48,7.451560299957325,7.146560299957325,
62.5,7.435571696913646,7.130571696913646,
62.52,7.419583145281689,7.114583145281689,
62.54,7.40359464539453,7.098594645394529,
62.56,7.387606197588134,7.082606197588134,
62.58,7.371617802201388,7.066617802201387,
62.6,7.355629459576086,7.0506294595760854,
62.62,7.339641170057061,7.034641170057061,
62.64,7.323652933992104,7.0186529339921035,
62.66,7.30766475173207,7.00266475173207,
62.68,7.291676623630889,6.986676623630888,
62.7,7.275688550045593,6.970688550045592,
62.72,7.259700531336378,6.9547005313363774,
62.74,7.2437125678665835,6.938712567866583,
62.76,7.227724660002806,6.922724660002805,
62.78,7.211736808114848,6.9067368081148475,
62.8,7.195749012575837,6.890749012575837,
62.82,7.179761273762187,6.874761273762187,
62.84,7.1637735920537,6.8587735920537,
62.86,7.147785967833565,6.8427859678335645,
62.88,7.131798401488399,6.826798401488398,
62.9,7.115810893408298,6.810810893408298,
62.92,7.099823443986854,6.794823443986854,
62.94,7.083836053621253,6.778836053621252,
62.96,7.067848722712222,6.762848722712222,
62.98,7.051861451664163,6.746861451664162,
63.0,7.035874240885119,6.730874240885118,
63.02,7.0198870907868685,6.714887090786868,
63.04,7.003900001784946,6.698900001784946,
63.06,6.987912974298677,6.682912974298676,
63.08,6.971926008751245,6.666926008751244,
63.1,6.95593910556971,6.65093910556971,
63.12,6.9399522651850765,6.634952265185076,
63.14,6.923965488032313,6.6189654880323125,
63.16,6.907978774550434,6.602978774550434,
63.18,6.891992125182506,6.586992125182506,
63.2,6.876005540375726,6.571005540375725,
63.22,6.860019020581453,6.555019020581453,
63.24,6.844032566255257,6.539032566255257,
63.26,6.828046177856991,6.52304617785699,
63.28,6.81205985585079,6.507059855850789,
63.3,6.796073600705195,6.491073600705194,
63.32,6.780087412893121,6.47508741289312,
63.34,6.7641012928919855,6.459101292891985,
63.36,6.748115241183723,6.4431152411837225,
63.38,6.732129258254827,6.427129258254826,
63.4,6.716143344596429,6.411143344596429,
63.42,6.700157500704347,6.395157500704347,
63.44,6.684171727079146,6.379171727079146,
63.46,6.668186024226177,6.363186024226176,
63.48,6.6522003926556525,6.347200392655652,
63.5,6.636214832882699,6.331214832882698,
63.52,6.62022934542741,6.31522934542741,
63.54,6.604243930814932,6.2992439308149315,
63.56,6.588258589575479,6.283258589575478,
63.58,6.572273322244439,6.267273322244439,
63.6,6.556288129362401,6.2512881293624005,
63.62,6.5403030114752685,6.235303011475268,
63.64,6.524317969134251,6.21931796913425,
63.66,6.508333002896016,6.203333002896016,
63.68,6.492348113322667,6.187348113322666,
63.7,6.4763633009818795,6.171363300981879,
63.72,6.4603785664469475,6.155378566446947,
63.74,6.44439391029683,6.139393910296829,
63.76,6.428409333116269,6.1234093331162684,
63.78,6.412424835495806,6.107424835495806,
63.8,6.396440418031901,6.0914404180319,
63.82,6.380456081326974,6.075456081326974,
63.84,6.364471825989508,6.059471825989507,
63.86,6.348487652634113,6.043487652634113,
63.88,6.3325035618815795,6.027503561881579,
63.9,6.31651955435901,6.011519554359009,
63.92,6.3005356306998275,5.995535630699827,
63.94,6.284551757701416,5.979551757701415,
63.96,6.268567874936979,5.963567874936978,
63.98,6.252583978005806,5.947583978005805,
64.0,6.236600063546148,5.931600063546147,
64.02,6.220616128196432,5.915616128196431,
64.04,6.204632168595269,5.899632168595268,
64.06,6.1886481813814544,5.883648181381454,
64.08,6.172664163193964,5.867664163193964,
64.1,6.1566801106719815,5.851680110671981,
64.12,6.140696020454855,5.835696020454854,
64.14,6.124711889182192,5.819711889182192,
64.16,6.108727713493735,5.803727713493735,
64.18,6.092743490029468,5.7877434900294675,
64.2,6.076759215429628,5.771759215429627,
64.22,6.060774886334604,5.755774886334604,
64.24,6.044790499385055,5.739790499385054,
64.26,6.028806051221851,5.7238060512218505,
64.28,6.012821538486116,5.707821538486115,
64.3,5.9968369578191885,5.691836957819188,
64.32,5.98085230586265,5.67585230586265,
64.34,5.9648675792583505,5.65986757925835,
64.36,5.948882774648401,5.6438827746484,
64.38,5.932897888675154,5.627897888675154,
64.4,5.9169129179812,5.6119129179812,
64.42,5.900927859209457,5.595927859209456,
64.44,5.88494270900307,5.5799427090030695,
64.46,5.868957464005483,5.563957464005482,
64.48,5.852972120860405,5.547972120860404,
64.5,5.836986676211865,5.531986676211864,
64.52,5.821001126704157,5.516001126704157,
64.54,5.805015468981871,5.5000154689818705,
64.56,5.789029699689942,5.484029699689941,
64.58,5.773043815473573,5.468043815473572,
64.6,5.757057812978286,5.4520578129782855,
64.62,5.741071688849922,5.436071688849921,
64.64,5.725085439734679,5.420085439734678,
64.66,5.709099062279043,5.404099062279043,
64.68,5.693112553129836,5.388112553129836,
64.7,5.677125908934275,5.372125908934274,
64.72,5.661139126339867,5.356139126339866,
64.74,5.6451522019944775,5.340152201994477,
64.76,5.629165132546322,5.324165132546321,
64.78,5.613177914644031,5.30817791464403,
64.8,5.597190544936543,5.292190544936543,
64.82,5.581203020073192,5.276203020073192,
64.84,5.565215336703669,5.260215336703668,
64.86,5.5492274914781134,5.244227491478113,
64.88,5.533239481046971,5.228239481046971,
64.9,5.517251302061118,5.212251302061118,
64.92,5.50126295117186,5.196262951171859,
64.94,5.485274425030862,5.180274425030861,
64.96,5.4692857929891545,5.164285792989154,
64.98,5.453297231467602,5.148297231467601,
65.0,5.437308749194832,5.132308749194832,
65.02,5.421054428149947,5.116054428149947,
65.04,5.404622729334294,5.0996227293342935,
65.06,5.388190884699719,5.083190884699718,
65.08,5.371836685771492,5.0668366857714915,
65.1,5.355800756674301,5.050800756674301,
65.12,5.339811980398875,5.0348119803988745,
65.14,5.323823286031583,5.018823286031583,
65.16,5.307834674313368,5.002834674313368,
65.18,5.291846145993806,4.986846145993805,
65.2,5.2758577018293975,4.970857701829397,
65.22,5.259869342586594,4.954869342586593,
65.24,5.243881069044223,4.938881069044222,
65.26,5.227892881987324,4.922892881987323,
65.28,5.211461678417726,4.906461678417726,
65.3,5.195030326556146,4.890030326556145,
65.32,5.1785988235868565,4.873598823586856,
65.34,5.162203058238509,4.857203058238508,
65.36,5.1461205500851595,4.841120550085159,
65.38,5.130131904880079,4.825131904880078,
65.4,5.11414334884728,4.80914334884728,
65.42,5.098154882826522,4.793154882826522,
65.44,5.082166507665571,4.77716650766557,
65.46,5.066178224225553,4.761178224225552,
65.48,5.05019003337858,4.745190033378579,
65.5,5.0342019360065455,4.729201936006545,
65.52,5.01801466868543,4.713014668685429,
65.54,5.001583959212975,4.696583959212974,
65.56,4.985153356866911,4.68015335686691,
65.58,4.968722862709971,4.66372286270997,
65.6,4.952462840140456,4.647462840140455,
65.62,4.9364684817992,4.6314684817992,
65.64,4.920481086814043,4.615481086814042,
65.66,4.904493792967083,4.599493792967082,
65.68,4.888506601245667,4.5835066012456664,
65.7,4.872519512659138,4.567519512659137,
65.72,4.856532528222181,4.551532528222181,
65.74,4.840545648966283,4.535545648966282,
65.76,4.824558875940714,4.519558875940714,
65.78,4.808572210202396,4.503572210202395,
65.8,4.792585652825404,4.487585652825404,
65.82,4.776599204898579,4.471599204898578,
65.84,4.760612867524362,4.455612867524361,
65.86,4.744626641819804,4.439626641819803,
65.88,4.728640528917956,4.4236405289179555,
65.9,4.71265452996644,4.40765452996644,
65.92,4.696668646128714,4.391668646128713,
65.94,4.680682878584471,4.37568287858447,
65.96,4.664697228529292,4.359697228529291,
65.98,4.648711697175205,4.3437116971752046,
66.0,4.637518942775261,4.332518942775261,
66.02,4.656679909890098,4.351679909890097,
66.04,4.680633989325441,4.375633989325441,
66.06,4.704588517102529,4.399588517102528,
66.08,4.728543486407542,4.423543486407541,
66.1,4.752498890563926,4.447498890563925,
66.12,4.776454723028963,4.4714547230289625,
66.14,4.800410977390338,4.495410977390337,
66.16,4.824367647363116,4.519367647363115,
66.18,4.848324726786393,4.543324726786392,
66.2,4.872282209620306,4.567282209620306,
66.22,4.896240089943194,4.591240089943193,
66.24,4.920198361948567,4.615198361948567,
66.26,4.944157019942441,4.639157019942441,
66.28,4.968116058340511,4.663116058340511,
66.3,4.992075471665652,4.6870754716656515,
66.32,5.016035254545264,4.711035254545264,
66.34,5.039995401708843,4.734995401708843,
66.36,5.063955907985541,4.75895590798554,
66.38,5.087916768301846,4.782916768301845,
66.4,5.111877977679321,4.806877977679321,
66.42,5.135839531232314,4.830839531232313,
66.44,5.159801424165904,4.854801424165903,
66.46,5.183763651773739,4.878763651773738,
66.48,5.207726209436033,4.902726209436032,
66.5,5.2316890926175414,4.926689092617541,
66.52,5.255652296865707,4.950652296865706,
66.54,5.27961583983117,4.974615839831169,
66.56,5.303579919209372,4.998579919209371,
66.58,5.327544575411584,5.022544575411583,
66.6,5.351509799105822,5.046509799105821,
66.62,5.3754755810819015,5.070475581081901,
66.64,5.399441912248625,5.094441912248624,
66.66,5.423408783631264,5.1184087836312635,
66.68,5.447376181376581,5.14237618137658,
66.7,5.471343933202324,5.166343933202324,
66.72,5.495311955104931,5.190311955104931,
66.74,5.5192802435659,5.2142802435658995,
66.76,5.543248795127532,5.238248795127531,
66.78,5.56721760639163,5.262217606391629,
66.8,5.591186674018236,5.286186674018236,
66.82,5.6151561047402545,5.310156104740254,
66.84,5.6391260256804925,5.334126025680492,
66.86,5.663096429061204,5.358096429061203,
66.88,5.687067212472424,5.382067212472424,
66.9,5.711038233397652,5.406038233397651,
66.92,5.735009484205954,5.430009484205954,
66.94,5.758980545820979,5.453980545820978,
66.96,5.782951115584048,5.477951115584047,
66.98,5.806921171205656,5.501921171205655,
67.0,5.83089094530065,5.52589094530065,
67.02,5.854861161301963,5.549861161301963,
67.04,5.8786545722392844,5.573654572239284,
67.06,5.902182499418139,5.597182499418138,
67.08,5.92571085278293,5.6207108527829295,
67.1,5.949429141270586,5.644429141270585,
67.12,5.97339801123514,5.66839801123514,
67.14,5.997370982660564,5.692370982660563,
67.16,6.0213443909680615,5.716344390968061,
67.18,6.045318229053479,5.740318229053479,
67.2,6.06929248988536,5.764292489885359,
67.22,6.093267166503627,5.788267166503626,
67.24,6.117242252018119,5.812242252018119,
67.26,6.14121773960725,5.83621773960725,
67.28,6.165193622516642,5.8601936225166416,
67.3,6.189169894057911,5.88416989405791,
67.32,6.213146547607327,5.908146547607326,
67.34,6.237123576604613,5.932123576604613,
67.36,6.2611009745517,5.956100974551699,
67.38,6.285078735011606,5.980078735011605,
67.4,6.309056851607219,6.004056851607219,
67.42,6.33303531802019,6.02803531802019,
67.44,6.357014127989855,6.052014127989854,
67.46,6.380993275312101,6.075993275312101,
67.48,6.40497275383841,6.09997275383841,
67.5,6.4289525574746555,6.123952557474655,
67.52,6.452932680180293,6.1479326801802925,
67.54,6.476913115967277,6.171913115967277,
67.56,6.500893858899036,6.195893858899035,
67.58,6.524874903089665,6.219874903089664,
67.6,6.5488562427028985,6.243856242702898,
67.62,6.572837871951274,6.267837871951273,
67.64,6.596819785095185,6.291819785095185,
67.66,6.62080197644208,6.31580197644208,
67.68,6.644784440345596,6.339784440345595,
67.7,6.668767171204695,6.363767171204694,
67.72,6.6927501634629225,6.387750163462922,
67.74,6.716733411607569,6.411733411607568,
67.76,6.740716910168906,6.435716910168906,
67.78,6.764700653719437,6.459700653719437,
67.8,6.788684636873141,6.48368463687314,
67.82,6.812668854284768,6.507668854284767,
67.84,6.836653300649112,6.531653300649111,
67.86,6.86063797070029,6.555637970700289,
67.88,6.8846228592111025,6.579622859211102,
67.9,6.9086079609924,6.6036079609924,
67.92,6.93259327089228,6.627593270892279,
67.94,6.956578783795651,6.65157878379565,
67.96,6.980564494623415,6.675564494623415,
67.98,7.004550398332029,6.699550398332028,
68.0,7.028536489912708,6.723536489912707,
68.02,7.052522764391019,6.747522764391018,
68.04,7.076509216826237,6.771509216826236,
68.06,7.100495842310701,6.7954958423107,
68.08,7.124482635969385,6.8194826359693845,
68.1,7.148469592959276,6.843469592959275,
68.12,7.172456708468879,6.867456708468878,
68.14,7.196443977717632,6.891443977717631,
68.16,7.22043139595551,6.915431395955509,
68.18,7.244418958462438,6.939418958462437,
68.2,7.268406658229654,6.963406658229653,
68.22,7.292394414594956,6.987394414594956,
68.24,7.316382187683179,7.011382187683179,
68.26,7.340370010856865,7.035370010856864,
68.28,7.364357968313837,7.0593579683138366,
68.3,7.388346059462249,7.083346059462248,
68.32,7.412334279724835,7.107334279724834,
68.34,7.436322624551346,7.131322624551346,
68.36,7.460311089418016,7.155311089418015,
68.38,7.484299669827239,7.179299669827238,
68.4,7.508288361307124,7.2032883613071235,
68.42,7.532277159411062,7.227277159411061,
68.44,7.556266059717378,7.251266059717377,
68.46,7.5802550578289045,7.275255057828904,
68.48,7.604244149372624,7.2992441493726234,
68.5,7.628233329999206,7.323233329999205,
68.52,7.652222595382804,7.347222595382803,
68.54,7.676211941220555,7.371211941220555,
68.56,7.700201363232228,7.3952013632322275,
68.58,7.724190857159986,7.419190857159985,
68.6,7.748180416066252,7.443180416066252,
68.62,7.772170031014943,7.467170031014942,
68.64,7.79615970115317,7.491159701153169,
68.66,7.8201494259730415,7.515149425973041,
68.68,7.844139204972874,7.539139204972874,
68.7,7.8681290376570745,7.563129037657074,
68.72,7.892118923536064,7.587118923536063,
68.74,7.916108862126243,7.611108862126242,
68.76,7.940098852949839,7.635098852949838,
68.78,7.964088895534796,7.659088895534795,
68.8,7.988078989414786,7.683078989414786,
68.82,8.012069134129037,7.7070691341290365,
68.84,8.036059329222294,7.731059329222293,
68.86,8.060049574244667,7.755049574244667,
68.88,8.084039868751672,7.7790398687516715,
68.9,8.108030212304065,7.803030212304065,
68.92,8.132020604467769,7.827020604467768,
68.94,8.156011044813825,7.851011044813824,
68.96,8.18000153291829,7.875001532918289,
68.98,8.20399206836223,7.8989920683622294,
69.0,8.227982650731501,7.922982650731502,
69.02,8.251973279616886,7.946973279616886,
69.04,8.27596395461384,7.97096395461384,
69.06,8.299954675322487,7.994954675322488,
69.08,8.323945441347613,8.018945441347613,
69.1,8.3479362522985,8.0429362522985,
69.12,8.371927107788963,8.066927107788963,
69.14,8.395918007437153,8.090918007437153,
69.16,8.41990895086563,8.11490895086563,
69.18,8.443899937701234,8.138899937701234,
69.2,8.467890967122058,8.162890967122058,
69.22,8.491882035675918,8.186882035675918,
69.24,8.515873140649155,8.210873140649156,
69.26,8.539864282486825,8.234864282486825,
69.28,8.56385546694385,8.25885546694385,
69.3,8.58784669396361,8.28284669396361,
69.32,8.611837963190379,8.306837963190379,
69.34,8.635829274272423,8.330829274272423,
69.36,8.659820626861825,8.354820626861825,
69.38,8.683812020614589,8.378812020614589,
69.4,8.7078034551905,8.4028034551905,
69.42,8.731794930253015,8.426794930253015,
69.44,8.755786445469363,8.450786445469364,
69.46,8.77977800051034,8.47477800051034,
69.48,8.803769595050403,8.498769595050403,
69.5,8.827761228767473,8.522761228767473,
69.52,8.851752901343007,8.546752901343007,
69.54,8.875744612461908,8.570744612461908,
69.56,8.89973636181244,8.59473636181244,
69.58,8.923728149086244,8.618728149086245,
69.6,8.947719973978286,8.642719973978286,
69.62,8.97171183618677,8.66671183618677,
69.64,8.99570373541309,8.69070373541309,
69.66,9.019695671361891,8.714695671361891,
69.68,9.043687643740892,8.738687643740892,
69.7,9.06767965226093,8.76267965226093,
69.72,9.091671696635878,8.786671696635878,
69.74,9.11566377658262,8.81066377658262,
69.76,9.139655891821066,8.834655891821066,
69.78,9.163648042073971,8.858648042073971,
69.8,9.18764022706704,8.882640227067041,
69.82,9.21163244652885,8.90663244652885,
69.84,9.235624700190746,8.930624700190746,
69.86,9.259616987786885,8.954616987786885,
69.88,9.283609309054185,8.978609309054185,
69.9,9.30760166373226,9.00260166373226,
69.92,9.331594051563393,9.026594051563393,
69.94,9.355586472292531,9.050586472292531,
69.96,9.37957892566722,9.07457892566722,
69.98,9.403571411437586,9.098571411437586,
70.0,9.427563929356271,9.122563929356271,
70.02,9.451556479178475,9.146556479178475,
70.04,9.475549060661864,9.170549060661864,
70.06,9.499541673566505,9.194541673566505,
70.08,9.523534317654958,9.218534317654958,
70.1,9.5475269926921,9.2425269926921,
70.12,9.571519698445234,9.266519698445235,
70.14,9.595512434683908,9.290512434683908,
70.16,9.61950520118004,9.31450520118004,
70.18,9.643497997707799,9.3384979977078,
70.2,9.667490824043561,9.362490824043562,
70.22,9.69148367996595,9.38648367996595,
70.24,9.715476564949721,9.410476564949722,
70.26,9.73946947625986,9.43446947625986,
70.28,9.763462410294778,9.458462410294779,
70.3,9.787455363469185,9.482455363469185,
70.32,9.811448332208645,9.506448332208645,
70.34,9.835441312949373,9.530441312949373,
70.36,9.85943430213809,9.554434302138091,
70.38,9.883427296232002,9.578427296232002,
70.4,9.90742029169856,9.60242029169856,
70.42,9.931413285015408,9.626413285015408,
70.44,9.955406272670231,9.650406272670232,
70.46,9.979399251160675,9.674399251160676,
70.48,10.003392216994198,9.698392216994199,
70.5,10.027385166687925,9.722385166687925,
70.52,10.051378096768627,9.746378096768627,
70.54,10.075371003772556,9.770371003772556,
70.56,10.099363884245268,9.794363884245268,
70.58,10.123356734741666,9.818356734741666,
70.6,10.147349551825743,9.842349551825743,
70.62,10.171342332070603,9.866342332070603,
70.64,10.19533507205823,9.89033507205823,
70.66,10.219327768379513,9.914327768379513,
70.68,10.243320417634076,9.938320417634076,
70.7,10.267313016430144,9.962313016430144,
70.72,10.291305561384519,9.986305561384519,
70.74,10.315298049122479,10.01029804912248,
70.76,10.339290476277643,10.034290476277643,
70.78,10.36328283949184,10.05828283949184,
70.8,10.387275135415136,10.082275135415136,
70.82,10.411267360705661,10.106267360705662,
70.84,10.43525951214479,10.130259512144791,
70.86,10.459251637479802,10.154251637479803,
70.88,10.483243777730625,10.178243777730625,
70.9,10.507235932795123,10.202235932795123,
70.92,10.531228102572038,10.226228102572039,
70.94,10.555220286961047,10.250220286961047,
70.96,10.579212485862744,10.274212485862744,
70.98,10.603204699178619,10.29820469917862,
71.0,10.627196926811019,10.322196926811019,
71.02,10.651189168663212,10.346189168663212,
71.04,10.675181426503737,10.370181426503738,
71.06,10.699173761168309,10.39417376116831,
71.08,10.723166200186665,10.418166200186665,
71.1,10.747158722843432,10.442158722843432,
71.12,10.771151265181159,10.466151265181159,
71.14,10.795143821790383,10.490143821790383,
71.16,10.81913640564294,10.51413640564294,
71.18,10.843129080233302,10.538129080233302,
71.2,10.867121851828333,10.562121851828334,
71.22,10.891114706029219,10.58611470602922,
71.24,10.915107582766984,10.610107582766984,
71.26,10.939100473939629,10.634100473939629,
71.28,10.963093379452312,10.658093379452312,
71.3,10.987086313376006,10.682086313376006,
71.32,11.011079332795807,10.706079332795808,
71.34,11.035072441508502,10.730072441508502,
71.36,11.059065619618316,10.754065619618316,
71.38,11.083058815524284,10.778058815524284,
71.4,11.107052025911509,10.80205202591151,
71.42,11.130689775844411,10.825689775844411,
71.44,11.15423867197836,10.84923867197836,
71.46,11.177808578198372,10.872808578198372,
71.48,11.201678319289677,10.896678319289677,
71.5,11.225671601713554,10.920671601713554,
71.52,11.249664902478651,10.944664902478651,
71.54,11.273658273153172,10.968658273153173,
71.56,11.297651726230919,10.99265172623092,
71.58,11.321645220623003,11.016645220623003,
71.6,11.34563872911986,11.04063872911986,
71.62,11.369632251633222,11.064632251633222,
71.64,11.39362578807296,11.08862578807296,
71.66,11.417574903541034,11.112574903541034,
71.68,11.441124213004437,11.136124213004438,
71.7,11.464673691011185,11.159673691011186,
71.72,11.488289292021763,11.183289292021763,
71.74,11.512225891875802,11.207225891875803,
71.76,11.536219946150052,11.231219946150052,
71.78,11.560214015546748,11.255214015546748,
71.8,11.584208099969542,11.279208099969543,
71.82,11.60440255536038,11.29940255536038,
71.84,11.62439704839505,11.31939704839505,
71.86,11.644391560344047,11.339391560344048,
71.88,11.6643860911103,11.3593860911103,
71.9,11.684380640597592,11.379380640597592,
71.92,11.704375208709251,11.399375208709252,
71.94,11.724369795350361,11.419369795350361,
71.96,11.744364400426269,11.43936440042627,
71.98,11.764359023842994,11.459359023842994,
72.0,11.779021759284465,11.474021759284465,
72.02,11.764359023843028,11.459359023843028,
72.04,11.744364400426297,11.439364400426298,
72.06,11.72436979535039,11.41936979535039,
72.08,11.704375208709287,11.399375208709287,
72.1,11.684380640597618,11.379380640597619,
72.12,11.664386091110671,11.359386091110672,
72.14,11.644391560344406,11.339391560344406,
72.16,11.624397048395421,11.319397048395421,
72.18,11.604402555360947,11.299402555360947,
72.2,11.58440808133897,11.27940808133897,
72.22,11.564413626428083,11.259413626428083,
72.24,11.544419190727602,11.239419190727602,
72.26,11.524424774337469,11.219424774337469,
72.28,11.504430377358426,11.199430377358427,
72.3,11.484435999891826,11.179435999891826,
72.32,11.464441642039754,11.159441642039754,
72.34,11.444447303905086,11.139447303905087,
72.36,11.424452985591401,11.119452985591401,
72.38,11.404458687202997,11.099458687202997,
72.4,11.384464408844682,11.079464408844682,
72.42,11.364470150622042,11.059470150622042,
72.44,11.34447591264165,11.03947591264165,
72.46,11.324481695010638,11.019481695010638,
72.48,11.304487497837057,10.999487497837057,
72.5,11.284493321229709,10.97949332122971,
72.52,11.2644991652981,10.9594991652981,
72.54,11.244505030152519,10.93950503015252,
72.56,11.224510915904041,10.919510915904041,
72.58,11.204516822664523,10.899516822664523,
72.6,11.18452275054667,10.87952275054667,
72.62,11.164528699663911,10.859528699663912,
72.64,11.144534670130595,10.839534670130595,
72.66,11.124540662061804,10.819540662061804,
72.68,11.104546675573465,10.799546675573465,
72.7,11.08455271078239,10.77955271078239,
72.72,11.064558767806195,10.759558767806196,
72.74,11.044564846763345,10.739564846763345,
72.76,11.024570947773162,10.719570947773162,
72.78,11.004577070955872,10.699577070955872,
72.8,10.984583216432533,10.679583216432533,
72.82,10.964589384325116,10.659589384325116,
72.84,10.944595574756448,10.639595574756449,
72.86,10.924601787850309,10.619601787850309,
72.88,10.90460802373133,10.59960802373133,
72.9,10.884614282525089,10.579614282525089,
72.92,10.864620564358086,10.559620564358086,
72.94,10.844626869357754,10.539626869357754,
72.96,10.824633197652465,10.519633197652466,
72.98,10.804639549371519,10.499639549371519,
73.0,10.784645924645222,10.479645924645222,
73.02,10.764652323604814,10.459652323604814,
73.04,10.744658746382504,10.439658746382504,
73.06,10.724665193111498,10.419665193111499,
73.08,10.704671663926035,10.399671663926036,
73.1,10.684678158961292,10.379678158961292,
73.12,10.664684678353497,10.359684678353497,
73.14,10.644691222239903,10.339691222239903,
73.16,10.62469779075879,10.31969779075879,
73.18,10.604704384049478,10.299704384049479,
73.2,10.584711002252318,10.279711002252318,
73.22,10.564717645508798,10.259717645508799,
73.24,10.544724313961382,10.239724313961382,
73.26,10.524731007753672,10.219731007753673,
73.28,10.50473772703038,10.19973772703038,
73.3,10.484744471937253,10.179744471937253,
73.32,10.464751242621217,10.159751242621217,
73.34,10.44475803923027,10.139758039230271,
73.36,10.424764861913626,10.119764861913627,
73.38,10.404771710821556,10.099771710821557,
73.4,10.384778586105522,10.079778586105522,
73.42,10.364785487918207,10.059785487918207,
73.44,10.34479241641338,10.03979241641338,
73.46,10.324799371746051,10.019799371746052,
73.48,10.304806354072426,9.999806354072426,
73.5,10.284813363549938,9.979813363549939,
73.52,10.264820400337232,9.959820400337232,
73.54,10.244827464594179,9.93982746459418,
73.56,10.224834556481937,9.919834556481938,
73.58,10.204841676162898,9.899841676162898,
73.6,10.184848823800735,9.879848823800735,
73.62,10.164855999560395,9.859855999560395,
73.64,10.14486320360816,9.83986320360816,
73.66,10.124870436111602,9.819870436111602,
73.68,10.104877697239614,9.799877697239614,
73.7,10.084884987162441,9.779884987162442,
73.72,10.064892306051686,9.759892306051686,
73.74,10.044899654080302,9.739899654080302,
73.76,10.024907031422597,9.719907031422597,
73.78,10.004914438254346,9.699914438254346,
73.8,9.984921874752642,9.679921874752642,
73.82,9.964929341096084,9.659929341096085,
73.84,9.944936837464647,9.639936837464647,
73.86,9.924944364039789,9.619944364039789,
73.88,9.904951921004411,9.599951921004411,
73.9,9.884959508542892,9.579959508542892,
73.92,9.86496712684115,9.55996712684115,
73.94,9.844974776086548,9.539974776086549,
73.96,9.824982456468025,9.519982456468025,
73.98,9.804990168176014,9.499990168176014,
74.0,9.784997911402547,9.479997911402547,
74.02,9.765005686341217,9.460005686341217,
74.04,9.745013493187185,9.440013493187186,
74.06,9.72502133213723,9.42002133213723,
74.08,9.70502920338976,9.40002920338976,
74.1,9.685037107144822,9.380037107144823,
74.12,9.665045043604087,9.360045043604087,
74.14,9.645053012970944,9.340053012970944,
74.16,9.625061015450434,9.320061015450435,
74.18,9.605069051249322,9.300069051249322,
74.2,9.585077120576099,9.280077120576099,
74.22,9.565085223641,9.260085223641001,
74.24,9.545093360656013,9.240093360656013,
74.26,9.525101531834878,9.220101531834878,
74.28,9.505109737393202,9.200109737393202,
74.3,9.485117977548361,9.180117977548361,
74.32,9.46512625251956,9.16012625251956,
74.34,9.445134562527876,9.140134562527876,
74.36,9.425142907796294,9.120142907796295,
74.38,9.40515128854963,9.10015128854963,
74.4,9.385159705014633,9.080159705014633,
74.42,9.365168157420051,9.060168157420051,
74.44,9.345176645996492,9.040176645996493,
74.46,9.32518517097663,9.02018517097663,
74.48,9.305193732595047,9.000193732595047,
74.5,9.285202331088431,8.980202331088432,
74.52,9.265210966695475,8.960210966695476,
74.54,9.24521963965691,8.94021963965691,
74.56,9.225228350215602,8.920228350215602,
74.58,9.205237098616502,8.900237098616502,
74.6,9.185245885106706,8.880245885106707,
74.62,9.165254709935422,8.860254709935422,
74.64,9.1452635733541,8.8402635733541,
74.66,9.125272475616347,8.820272475616347,
74.68,9.10528141697801,8.80028141697801,
74.7,9.085290397697204,8.780290397697204,
74.72,9.065299418034293,8.760299418034293,
74.74,9.045308478251966,8.740308478251967,
74.76,9.025317578615208,8.720317578615209,
74.78,9.0053267193914,8.7003267193914,
74.8,8.985335900850274,8.680335900850274,
74.82,8.965345123263944,8.660345123263944,
74.84,8.94535438690701,8.64035438690701,
74.86,8.925363692056498,8.620363692056499,
74.88,8.90537303899193,8.60037303899193,
74.9,8.885382427995328,8.580382427995328,
74.92,8.865391859351288,8.560391859351288,
74.94,8.845401333346958,8.540401333346958,
74.96,8.825410850272078,8.520410850272079,
74.98,9.033775262006715,8.728775262006716,
75.0,8.785430014082854,8.480430014082854,
75.02,8.765439661561294,8.460439661561294,
75.04,8.745449353154786,8.440449353154786,
75.06,8.725459089166572,8.420459089166572,
75.08,8.705468869902608,8.400468869902609,
75.1,8.685478695671732,8.380478695671732,
75.12,8.665488566785559,8.360488566785559,
75.14,8.645498483558665,8.340498483558665,
75.16,8.625508446308494,8.320508446308494,
75.18,8.605518455355437,8.300518455355437,
75.2,8.585528511022888,8.280528511022888,
75.22,8.565538613637251,8.260538613637252,
75.24,8.545548763527995,8.240548763527995,
75.26,8.525558961027633,8.220558961027633,
75.28,8.505569206471874,8.200569206471874,
75.3,8.485579500199535,8.180579500199535,
75.32,8.465589842552644,8.160589842552644,
75.34,8.445600233876464,8.140600233876464,
75.36,8.425610674519577,8.120610674519577,
75.38,8.405621164833814,8.100621164833814,
75.4,8.385631705174388,8.080631705174389,
75.42,8.365642295899939,8.060642295899939,
75.44,8.34565293737248,8.04065293737248,
75.46,8.325663629957548,8.020663629957548,
75.48,8.305674374024159,8.00067437402416,
75.5,8.285685169944951,7.980685169944952,
75.52,8.26569601809609,7.96069601809609,
75.54,8.24570691885744,7.94070691885744,
75.56,8.225717872612535,7.920717872612535,
75.58,8.205728879748664,7.900728879748664,
75.6,8.185739940656877,7.880739940656876,
75.62,8.165751055732049,7.860751055732048,
75.64,8.145762225372955,7.840762225372955,
75.66,8.125773449982288,7.820773449982288,
75.68,8.105784729966665,7.800784729966664,
75.7,8.085796065736801,7.7807960657368005,
75.72,8.065807457707422,7.760807457707421,
75.74,8.045818906297404,7.740818906297403,
75.76,8.025830411929752,7.720830411929751,
75.78,8.005841975031757,7.700841975031756,
75.8,7.985853596034954,7.680853596034954,
75.82,7.965865275375196,7.660865275375196,
75.84,7.945877013492733,7.640877013492732,
75.86,7.925888810832269,7.620888810832269,
75.88,7.905900667842981,7.60090066784298,
75.9,7.8859125849786,7.580912584978599,
75.92,7.865924562697499,7.560924562697498,
75.94,7.845936601462684,7.5409366014626835,
75.96,7.825948701741902,7.520948701741902,
75.98,7.805960864007683,7.500960864007682,
76.0,7.785973088737435,7.480973088737435,
76.02,7.765985376413441,7.460985376413441,
76.04,7.74599772752299,7.44099772752299,
76.06,7.726010142558403,7.421010142558402,
76.08,7.70602262201709,7.40102262201709,
76.1,7.686035166401672,7.381035166401672,
76.12,7.6660477762199495,7.361047776219949,
76.14,7.646060451985116,7.341060451985116,
76.16,7.626073194215678,7.3210731942156775,
76.18,7.606086003435582,7.301086003435581,
76.2,7.586098880174357,7.281098880174357,
76.22,7.566111824967071,7.26111182496707,
76.24,7.546124838354488,7.241124838354487,
76.26,7.526137920883084,7.221137920883083,
76.28,7.506151073105194,7.201151073105193,
76.3,7.486164295579026,7.181164295579025,
76.32,7.466177588868766,7.161177588868766,
76.34,7.4461909535446305,7.14119095354463,
76.36,7.426204390183051,7.12120439018305,
76.38,7.406217899366581,7.10121789936658,
76.4,7.386231481684127,7.081231481684126,
76.42,7.366245137731005,7.061245137731005,
76.44,7.3462588681089676,7.041258868108967,
76.46,7.3262726734263435,7.021272673426343,
76.48,7.306286554298111,7.00128655429811,
76.5,7.286300511346021,6.981300511346021,
76.52,7.266314545198644,6.961314545198643,
76.54,7.24632865649144,6.941328656491439,
76.56,7.226342845866993,6.9213428458669926,
76.58,7.206357113974929,6.901357113974928,
76.6,7.186371461472124,6.881371461472123,
76.62,7.166385889022776,6.861385889022776,
76.64,7.146400397298545,6.841400397298544,
76.66,7.1264149869785625,6.821414986978562,
76.68,7.106429658749636,6.801429658749635,
76.7,7.086444413306323,6.781444413306322,
76.72,7.066459251351016,6.761459251351015,
76.74,7.046474173594082,6.7414741735940815,
76.76,7.026489180753943,6.7214891807539425,
76.78,7.006504273557261,6.70150427355726,
76.8,6.986519452738974,6.681519452738973,
76.82,6.966534719042458,6.661534719042457,
76.84,6.946550073219643,6.641550073219642,
76.86,6.926565516031143,6.621565516031143,
76.88,6.906581048246365,6.601581048246365,
76.9,6.886596670643601,6.5815966706436,
76.92,6.866612384010293,6.561612384010292,
76.94,6.846628189142993,6.541628189142992,
76.96,6.826644086847612,6.521644086847611,
76.98,6.806660077939491,6.501660077939491,
77.0,6.786676163243621,6.481676163243621,
77.02,6.7666923435947,6.4616923435947,
77.04,6.7467086198373085,6.441708619837308,
77.06,6.726724992826073,6.421724992826072,
77.08,6.706741463425801,6.4017414634258,
77.1,6.6867580325116345,6.381758032511634,
77.12,6.666774700969176,6.361774700969176,
77.14,6.646791469694728,6.341791469694727,
77.16,6.62680833959536,6.32180833959536,
77.18,6.606825311589094,6.301825311589093,
77.2,6.586842386605154,6.281842386605153,
77.22,6.566859565584019,6.261859565584018,
77.24,6.546876849477633,6.241876849477633,
77.26,6.526894239249631,6.221894239249631,
77.28,6.506911735875479,6.201911735875479,
77.3,6.486929340342629,6.181929340342628,
77.32,6.466947053650732,6.1619470536507315,
77.34,6.44696487681186,6.141964876811859,
77.36,6.426982810850645,6.121982810850644,
77.38,6.407000856804499,6.102000856804499,
77.4,6.387019015723806,6.082019015723805,
77.42,6.367037288672135,6.062037288672134,
77.44,6.347055676726445,6.042055676726444,
77.46,6.3270741809772755,6.022074180977275,
77.48,6.307092802528995,6.002092802528995,
77.5,6.2871115425000275,5.982111542500027,
77.52,6.267130402023009,5.962130402023009,
77.54,6.247149382245059,5.942149382245058,
77.56,6.22716848432808,5.922168484328079,
77.58,6.207187709448838,5.902187709448837,
77.6,6.187207058799371,5.88220705879937,
77.62,6.167226533587083,5.862226533587083,
77.64,6.147246135035144,5.842246135035143,
77.66,6.12726586438262,5.8222658643826195,
77.68,6.107285722884778,5.802285722884777,
77.7,6.08730571181341,5.782305711813409,
77.72,6.067325832457009,5.762325832457009,
77.74,6.047346086121093,5.742346086121092,
77.76,6.027366474128468,5.722366474128467,
77.78,6.007386997819594,5.702386997819594,
77.8,5.987407658552729,5.682407658552728,
77.82,5.9674284577043535,5.662428457704353,
77.84,5.947449396669434,5.642449396669433,
77.86,5.927470476861734,5.622470476861733,
77.88,5.907491699714145,5.602491699714144,
77.9,5.887513066678942,5.582513066678941,
77.92,5.867534579228253,5.562534579228252,
77.94,5.847556238854244,5.542556238854243,
77.96,5.827578047069568,5.522578047069567,
77.98,5.807600005407649,5.502600005407649,
78.0,5.790476090360762,5.485476090360762,
78.02,5.807600005407648,5.502600005407648,
78.04,5.827578047069573,5.5225780470695724,
78.06,5.847556238854248,5.542556238854248,
78.08,5.867534579228253,5.562534579228252,
78.1,5.887513066678939,5.582513066678938,
78.12,5.90749169971414,5.60249169971414,
78.14,5.927470476861736,5.622470476861736,
78.16,5.947449396669434,5.642449396669433,
78.18,5.9674284577043535,5.662428457704353,
78.2,5.987407658552723,5.682407658552722,
78.22,6.0073869978195855,5.702386997819585,
78.24,6.027366474128472,5.722366474128472,
78.26,6.0473460861210935,5.742346086121093,
78.28,6.0673258324570085,5.762325832457008,
78.3,6.08730571181341,5.782305711813409,
78.32,6.107285722884778,5.802285722884777,
78.34,6.127265864382615,5.822265864382614,
78.36,6.147246135035144,5.842246135035143,
78.38,6.167226533587079,5.862226533587078,
78.4,6.187207058799362,5.882207058799361,
78.42,6.207187709448836,5.902187709448835,
78.44,6.227168484328076,5.9221684843280755,
78.46,6.2471493822450626,5.942149382245062,
78.48,6.267130402023007,5.962130402023006,
78.5,6.287111542500028,5.982111542500028,
78.52,6.307092802528994,6.002092802528994,
78.54,6.327074180977276,6.022074180977276,
78.56,6.347055676726435,6.042055676726434,
78.58,6.3670372886721305,6.06203728867213,
78.6,6.3870190157238005,6.0820190157238,
78.62,6.4070008568045065,6.102000856804506,
78.64,6.426982810850642,6.121982810850642,
78.66,6.446964876811857,6.141964876811857,
78.68,6.466947053650733,6.161947053650732,
78.7,6.486929340342619,6.181929340342618,
78.72,6.506911735875473,6.2019117358754725,
78.74,6.526894239249634,6.221894239249633,
78.76,6.546876849477633,6.241876849477633,
78.78,6.566859565584014,6.261859565584014,
78.8,6.586842386605153,6.2818423866051525,
78.82,6.606825311589099,6.3018253115890985,
78.84,6.626808339595359,6.321808339595359,
78.86,6.64679146969473,6.341791469694729,
78.88,6.666774700969173,6.361774700969172,
78.9,6.686758032511634,6.381758032511633,
78.92,6.706741463425806,6.401741463425806,
78.94,6.726724992826073,6.421724992826072,
78.96,6.7467086198373085,6.441708619837308,
78.98,6.7666923435947,6.4616923435947,
79.0,6.786676163243621,6.481676163243621,
79.02,6.80666007793949,6.50166007793949,
79.04,6.826644086847606,6.521644086847606,
79.06,6.846628189142998,6.5416281891429975,
79.08,6.8666123840102955,6.561612384010295,
79.1,6.886596670643607,6.581596670643607,
79.12,6.906581048246358,6.6015810482463575,
79.14,6.926565516031142,6.621565516031142,
79.16,6.946550073219645,6.641550073219644,
79.18,6.966534719042463,6.6615347190424625,
79.2,6.986518081542851,6.68151808154285,
79.22,7.00650381930155,6.701503819301549,
79.24,7.026503506265911,6.72150350626591,
79.26,7.04652848607177,6.741528486071769,
79.28,7.066588250742265,6.761588250742264,
79.3,7.086692993676715,6.781692993676715,
79.32,7.106853257377532,6.801853257377531,
79.34,7.1270796270200165,6.822079627020016,
79.36,7.147382725292481,6.84238272529248,
79.38,7.167773207095142,6.862773207095142,
79.4,7.1882467413184905,6.88324674131849,
79.42,7.208774567022679,6.903774567022678,
79.44,7.229355398240677,6.924355398240676,
79.46,7.249989100677264,6.9449891006772635,
79.48,7.270675530818736,6.965675530818736,
79.5,7.291414535981412,6.986414535981411,
79.52,7.312205954362248,7.007205954362248,
79.54,7.333049615090976,7.028049615090976,
79.56,7.353945338283971,7.04894533828397,
79.58,7.374889665853274,7.069889665853274,
79.6,7.395879158892144,7.090879158892143,
79.62,7.416913655231364,7.111913655231364,
79.64,7.4379929869575205,7.13299298695752,
79.66,7.4591169804516655,7.154116980451665,
79.68,7.480285456428648,7.1752854564286475,
79.7,7.501497428904258,7.196497428904258,
79.72,7.522747918260147,7.217747918260146,
79.74,7.544035972782682,7.239035972782681,
79.76,7.5653614404014915,7.260361440401491,
79.78,7.586724165762881,7.28172416576288,
79.8,7.608008030808176,7.303008030808176,
79.82,7.629291312134201,7.324291312134201,
79.84,7.650612635797598,7.345612635797598,
79.86,7.6720527419886055,7.367052741988605,
79.88,7.693624364988521,7.38862436498852,
79.9,7.715238483649521,7.41023848364952,
79.92,7.736889840730353,7.431889840730352,
79.94,7.758576949230291,7.453576949230291,
79.96,7.780299622259643,7.475299622259643,
79.98,7.802057669923435,7.497057669923435,
80.0,7.823850899347931,7.518850899347931,
80.02,7.845679114707682,7.5406791147076815,
80.04,7.867542117252384,7.5625421172523835,
80.06,7.889439705333958,7.584439705333957,
80.08,7.911371674433972,7.606371674433971,
80.1,7.933337817190965,7.628337817190965,
80.12,7.955337923428144,7.650337923428143,
80.14,7.977371780181043,7.6723717801810425,
80.16,7.999439171725487,7.694439171725486,
80.18,8.021539879605573,7.716539879605572,
80.2,8.04367368266178,7.738673682661779,
80.22,8.06584035705929,7.76084035705929,
80.24,8.088039676316402,7.783039676316402,
80.26,8.11027106981843,7.805271069818429,
80.28,8.13253027046711,7.827530270467109,
80.3,8.15481593081737,7.84981593081737,
80.32,8.177130372464578,7.872130372464578,
80.34,8.19948562078023,7.894485620780229,
80.36,8.221882924341921,7.916882924341921,
80.38,8.244321844811163,7.939321844811163,
80.4,8.266799054379312,7.961799054379313,
80.42,8.289311799810216,7.984311799810216,
80.44,8.311858688183909,8.00685868818391,
80.46,8.334431690859732,8.029431690859733,
80.48,8.357029052669319,8.052029052669319,
80.5,8.379654703172548,8.074654703172548,
80.52,8.402314343547017,8.097314343547017,
80.54,8.425007664205983,8.120007664205984,
80.56,8.447734300822386,8.142734300822386,
80.58,8.470493885430594,8.165493885430594,
80.6,8.493286046483258,8.188286046483258,
80.62,8.51611040890859,8.21111040890859,
80.64,8.538966594167608,8.233966594167608,
80.66,8.561854220311698,8.256854220311698,
80.68,8.584772902040177,8.279772902040177,
80.7,8.607722250757984,8.302722250757984,
80.72,8.630701874633653,8.325701874633653,
80.74,8.6537113786572,8.3487113786572,
80.76,8.676750097710727,8.371750097710727,
80.78,8.69981449249938,8.39481449249938,
80.8,8.7229033397443,8.417903339744301,
80.82,8.746014817893204,8.441014817893205,
80.84,8.769146032922775,8.464146032922775,
80.86,8.792297744514231,8.487297744514231,
80.88,8.815472637661166,8.510472637661167,
80.9,8.838669745488396,8.533669745488396,
80.92,8.861885872914998,8.556885872914998,
80.94,8.885120561480443,8.580120561480443,
80.96,8.90837360100849,8.60337360100849,
80.98,8.931644799895368,8.626644799895368,
81.0,8.954936202277898,8.649936202277898,
81.02,8.978249073239665,8.673249073239665,
81.04,9.00158308296729,8.69658308296729,
81.06,9.024935757276914,8.719935757276915,
81.08,9.048305370649912,8.743305370649912,
81.1,9.071691707724206,8.766691707724206,
81.12,9.095094552526328,8.790094552526329,
81.14,9.118342501259765,8.813342501259765,
81.16,9.141395970693408,8.836395970693408,
81.18,9.164463491033652,8.859463491033653,
81.2,9.1875448703274,8.8825448703274,
81.22,9.21063991609898,8.90563991609898,
81.24,9.233816718277927,8.928816718277927,
81.26,9.257287380002474,8.952287380002474,
81.28,9.280814209309387,8.975814209309387,
81.3,9.304355581851397,8.999355581851397,
81.32,9.327911276209786,9.022911276209786,
81.34,9.351481070492643,9.046481070492643,
81.36,9.375064742347123,9.070064742347123,
81.38,9.398662068971985,9.093662068971986,
81.4,9.422272827129792,9.117272827129792,
81.42,9.44589679315927,9.14089679315927,
81.44,9.469533742987593,9.164533742987594,
81.46,9.493183452142565,9.188183452142566,
81.48,9.516845695764975,9.211845695764975,
81.5,9.540520248620597,9.235520248620597,
81.52,9.564206885112522,9.259206885112523,
81.54,9.587905379293224,9.282905379293224,
81.56,9.611615504876605,9.306615504876605,
81.58,9.635337035250139,9.330337035250139,
81.6,9.659069743486869,9.35406974348687,
81.62,9.68243893050484,9.377438930504841,
81.64,9.705776083423297,9.400776083423297,
81.66,9.729122547716269,9.42412254771627,
81.68,9.752638758205372,9.447638758205372,
81.7,9.776414317801851,9.471414317801852,
81.72,9.800204806148509,9.495204806148509,
81.74,9.824004939323977,9.519004939323978,
81.76,9.84781453182548,9.54281453182548,
81.78,9.871633344645854,9.566633344645854,
81.8,9.8954599989518,9.5904599989518,
81.82,9.91929354074496,9.61429354074496,
81.84,9.943133829350176,9.638133829350176,
81.86,9.966980724070584,9.661980724070585,
81.88,9.990834084191317,9.685834084191317,
81.9,10.014693768982749,9.70969376898275,
81.92,10.038559637704038,9.733559637704039,
81.94,10.062431549606677,9.757431549606677,
81.96,10.08630936393776,9.78130936393776,
81.98,10.11019293994355,9.80519293994355,
82.0,10.134082136872792,9.829082136872792,
82.02,10.15797681398027,9.85297681398027,
82.04,10.18187683053014,9.87687683053014,
82.06,10.205782045799383,9.900782045799383,
82.08,10.229692319081199,9.924692319081199,
82.1,10.253607509688477,9.948607509688477,
82.12,10.277527476957154,9.972527476957154,
82.14,10.30145208024959,9.99645208024959,
82.16,10.325381178958052,10.020381178958052,
82.18,10.34931463250809,10.04431463250809,
82.2,10.373252300361838,10.068252300361838,
82.22,10.397194042021495,10.092194042021495,
82.24,10.42113971703271,10.116139717032711,
82.26,10.445089184987912,10.140089184987913,
82.28,10.469042305529678,10.164042305529678,
82.3,10.49299831375613,10.18799831375613,
82.32,10.516955842605885,10.211955842605885,
82.34,10.54091482581689,10.23591482581689,
82.36,10.56487523695217,10.25987523695217,
82.38,10.588837049604138,10.283837049604138,
82.4,10.61280023739435,10.30780023739435,
82.42,10.636764773973225,10.331764773973225,
82.44,10.660730633019902,10.355730633019903,
82.46,10.684697788242014,10.379697788242014,
82.48,10.708666213375468,10.403666213375468,
82.5,10.73263588218417,10.42763588218417,
82.52,10.756606768459944,10.451606768459945,
82.54,10.780578846022285,10.475578846022286,
82.56,10.804552088718136,10.499552088718136,
82.58,10.828526470421751,10.523526470421752,
82.6,10.852501965034463,10.547501965034463,
82.62,10.876478546484543,10.571478546484544,
82.64,10.900456188726965,10.595456188726965,
82.66,10.924434865743297,10.619434865743298,
82.68,10.94841455154152,10.64341455154152,
82.7,10.972395220155763,10.667395220155763,
82.72,10.996376845646266,10.691376845646266,
82.74,11.020359402099178,10.715359402099178,
82.76,11.04434286362637,10.739342863626371,
82.78,11.06832720436528,10.76332720436528,
82.8,11.092312398478821,10.787312398478822,
82.82,11.116298420155148,10.811298420155149,
82.84,11.140285243607618,10.835285243607618,
82.86,11.164272843074494,10.859272843074494,
82.88,11.188261192818981,10.883261192818981,
82.9,11.212250267128999,10.907250267129,
82.92,11.236240040316993,10.931240040316993,
82.94,11.260230486719959,10.955230486719959,
82.96,11.28422158069915,10.97922158069915,
82.98,11.3082132966401,11.0032132966401,
83.0,11.332205608952355,11.027205608952356,
83.02,11.356198492069483,11.051198492069483,
83.04,11.380191918711747,11.075191918711747,
83.06,11.404185662943087,11.099185662943087,
83.08,11.42817957815414,11.12317957815414,
83.1,11.452173661511972,11.147173661511973,
83.12,11.47616802700059,11.17116802700059,
83.14,11.500162861786682,11.195162861786683,
83.16,11.524158144140495,11.219158144140495,
83.18,11.548153791486634,11.243153791486634,
83.2,11.572149591872055,11.267149591872055,
83.22,11.59334764543913,11.28834764543913,
83.24,11.610484820922762,11.305484820922763,
83.26,11.628015704112382,11.323015704112382,
83.28,11.645016999849888,11.340016999849889,
83.3,11.662018304188752,11.357018304188752,
83.32,11.67901961709202,11.37401961709202,
83.34,11.696020938522386,11.391020938522386,
83.36,11.713022268442645,11.408022268442645,
83.38,11.73002360681652,11.42502360681652,
83.4,11.747024953606118,11.442024953606118,
83.42,11.764026308775517,11.459026308775517,
83.44,11.78102767228845,11.47602767228845,
83.46,11.798029044108846,11.493029044108846,
83.48,11.815030424200874,11.510030424200874,
83.5,11.832031812528818,11.527031812528818,
83.52,11.84903320905726,11.544033209057261,
83.54,11.86603461375096,11.56103461375096,
83.56,11.883036026574905,11.578036026574905,
83.58,11.900037447494158,11.595037447494159,
83.6,11.917038876474106,11.612038876474106,
83.62,11.934040313480338,11.629040313480338,
83.64,11.95104175847854,11.64604175847854,
83.66,11.9680432114347,11.663043211434701,
83.68,11.985044672314945,11.680044672314946,
83.7,12.002046141085572,11.697046141085572,
83.72,12.019047617713102,11.714047617713103,
83.74,12.036049102164277,11.731049102164278,
83.76,12.053050594405983,11.748050594405983,
83.78,12.070052094405261,11.765052094405261,
83.8,12.087053602129403,11.782053602129404,
83.82,12.104055117545855,11.799055117545855,
83.84,12.121056640622259,11.816056640622259,
83.86,12.1380581713264,11.8330581713264,
83.88,12.155059709626268,11.850059709626269,
83.9,12.172061255490092,11.867061255490093,
83.92,12.189062808886158,11.884062808886158,
83.94,12.206064369783027,11.901064369783027,
83.96,12.22306593814938,11.91806593814938,
83.98,12.240067513954124,11.935067513954124,
84.0,12.255235838628508,11.950235838628508,
84.02,12.234072315881628,11.929072315881628,
84.04,12.211075534898264,11.906075534898264,
84.06,12.188078754217905,11.883078754217905,
84.08,12.165081973842252,11.860081973842252,
84.1,12.142085193773044,11.837085193773044,
84.12,12.119088414011992,11.814088414011993,
84.14,12.096091634560892,11.791091634560892,
84.16,12.073094855421495,11.768094855421495,
84.18,12.05009807659558,11.74509807659558,
84.2,12.027101298084967,11.722101298084967,
84.22,12.004104519891472,11.699104519891472,
84.24,11.981107742016892,11.676107742016892,
84.26,11.958110964463076,11.653110964463076,
84.28,11.935114187231898,11.630114187231898,
84.3,11.912117410325193,11.607117410325193,
84.32,11.889120633744879,11.58412063374488,
84.34,11.866123857492829,11.561123857492829,
84.36,11.84312708157097,11.53812708157097,
84.38,11.820130305981229,11.515130305981229,
84.4,11.797133530725525,11.492133530725525,
84.42,11.774136755805829,11.46913675580583,
84.44,11.75113998122414,11.44613998122414,
84.46,11.72814320698242,11.42314320698242,
84.48,11.705146433082659,11.400146433082659,
84.5,11.68214965952691,11.37714965952691,
84.52,11.659152886317193,11.354152886317193,
84.54,11.63615611345553,11.33115611345553,
84.56,11.613159340944044,11.308159340944044,
84.58,11.590162568784793,11.285162568784793,
84.6,11.56716579697988,11.26216579697988,
84.62,11.544169025531401,11.239169025531401,
84.64,11.521172254441515,11.216172254441515,
84.66,11.498175483712394,11.193175483712395,
84.68,11.475178713346153,11.170178713346154,
84.7,11.452181943345026,11.147181943345027,
84.72,11.42918517371119,11.12418517371119,
84.74,11.406188404446883,11.101188404446884,
84.76,11.3831916355543,11.078191635554301,
84.78,11.360194867035771,11.055194867035771,
84.8,11.337198098893536,11.032198098893536,
84.82,11.314201331129869,11.00920133112987,
84.84,11.291204563747065,10.986204563747066,
84.86,11.268207796747541,10.963207796747541,
84.88,11.245211030133605,10.940211030133606,
84.9,11.222214263907611,10.917214263907612,
84.92,11.199217498071942,10.894217498071942,
84.94,11.176220732629048,10.871220732629048,
84.96,11.153223967581338,10.848223967581339,
84.98,11.13022720293127,10.82522720293127,
85.0,11.107230438681276,10.802230438681276,
85.02,11.084233674833902,10.779233674833902,
85.04,11.061236911391617,10.756236911391618,
85.06,11.03824014835698,10.73324014835698,
85.08,11.015243385732521,10.710243385732522,
85.1,10.992246623520842,10.687246623520842,
85.12,10.969249861724494,10.664249861724494,
85.14,10.94625310034614,10.641253100346141,
85.16,10.923256339388429,10.618256339388429,
85.18,10.90025957885395,10.59525957885395,
85.2,10.87726281874547,10.57226281874547,
85.22,10.85426605906565,10.54926605906565,
85.24,10.831269299817247,10.526269299817248,
85.26,10.808272541002971,10.503272541002971,
85.28,10.785275782625622,10.480275782625622,
85.3,10.762383942119387,10.457383942119387,
85.32,10.739876799477784,10.434876799477784,
85.34,10.71776934329799,10.41276934329799,
85.36,10.696061574050095,10.391061574050095,
85.38,10.67475349227842,10.36975349227842,
85.4,10.653845098602007,10.348845098602007,
85.42,10.633336393715258,10.328336393715258,
85.44,10.613217386240233,10.308217386240234,
85.46,10.593218288233428,10.288218288233429,
85.48,10.573339101825347,10.268339101825347,
85.5,10.553849634618166,10.248849634618166,
85.52,10.534759905197804,10.229759905197804,
85.54,10.516069939190013,10.211069939190013,
85.56,10.49777976137164,10.192779761371641,
85.58,10.47988939566154,10.174889395661541,
85.6,10.462398841156643,10.157398841156644,
85.62,10.445308059437306,10.140308059437306,
85.64,10.428617050345432,10.123617050345432,
85.66,10.41232581513965,10.10732581513965,
85.68,10.396314425568033,10.091314425568033,
85.7,10.38031304076528,10.07531304076528,
85.72,10.364311666660747,10.059311666660747,
85.74,10.348310303304043,10.043310303304043,
85.76,10.33230895074508,10.02730895074508,
85.78,10.31630765023228,10.01130765023228,
85.8,10.300306471575137,9.995306471575137,
85.82,10.284305412958561,9.979305412958562,
85.84,10.268304441735346,9.963304441735346,
85.86,10.252303484202622,9.947303484202623,
85.88,10.236302537094117,9.931302537094117,
85.9,10.22030160045878,9.91530160045878,
85.92,10.204300674345902,9.899300674345902,
85.94,10.188299758805034,9.883299758805034,
85.96,10.172298853886092,9.867298853886092,
85.98,10.156297959639248,9.851297959639249,
86.0,10.14029707611504,9.83529707611504,
86.02,10.124296245447288,9.819296245447289,
86.04,10.108295527089837,9.803295527089837,
86.06,10.092294918335575,9.787294918335576,
86.08,10.076294363867726,9.771294363867726,
86.1,10.060293819753124,9.755293819753124,
86.12,10.04429328604127,9.73929328604127,
86.14,10.028292762781989,9.72329276278199,
86.16,10.012292250025356,9.707292250025356,
86.18,9.996291764965605,9.691291764965605,
86.2,9.980291376784212,9.675291376784212,
86.22,9.964291090073589,9.659291090073589,
86.24,9.948290890945957,9.643290890945957,
86.26,9.93229071280816,9.62729071280816,
86.28,9.916290544799498,9.611290544799498,
86.3,9.900290386969077,9.595290386969078,
86.32,9.884290239366303,9.579290239366303,
86.34,9.86829010204093,9.56329010204093,
86.36,9.852289975043051,9.547289975043052,
86.38,9.836289858423044,9.531289858423044,
86.4,9.820289776171476,9.515289776171477,
86.42,9.804289785244261,9.499289785244262,
86.44,9.788289871011782,9.483289871011783,
86.46,9.772289973290057,9.467289973290058,
86.48,9.756290085728812,9.451290085728813,
86.5,9.740290208378145,9.435290208378145,
86.52,9.72429034128843,9.41929034128843,
86.54,9.708290484510405,9.403290484510405,
86.56,9.692290638095129,9.387290638095129,
86.58,9.676290802094018,9.371290802094018,
86.6,9.66029097655882,9.35529097655882,
86.62,9.644291173340054,9.339291173340055,
86.64,9.628291449531321,9.323291449531322,
86.66,9.612291809219359,9.30729180921936,
86.68,9.596292205209904,9.291292205209905,
86.7,9.580292611394515,9.275292611394516,
86.72,9.564293027824379,9.259293027824379,
86.74,9.548293454550972,9.243293454550972,
86.76,9.532293891626137,9.227293891626138,
86.78,9.51629433910208,9.21129433910208,
86.8,9.500294831921618,9.195294831921618,
86.82,9.484295402914807,9.179295402914807,
86.84,9.468296043945701,9.163296043945701,
86.86,9.452296706495455,9.147296706495455,
86.88,9.436297379129511,9.131297379129512,
86.9,9.420298061899233,9.115298061899233,
86.92,9.404298754856372,9.099298754856372,
86.94,9.388299457974712,9.083299457974713,
86.96,9.372300136559044,9.067300136559044,
86.98,9.356300760279817,9.051300760279817,
87.0,9.340301326697952,9.035301326697953,
87.02,9.324301833380662,9.019301833380663,
87.04,9.308302277901626,9.003302277901627,
87.06,9.29230265784114,8.98730265784114,
87.08,9.276302970785977,8.971302970785977,
87.1,9.26030321432964,8.955303214329641,
87.12,9.244303386072266,8.939303386072266,
87.14,9.228303483620802,8.923303483620803,
87.16,9.21230350458897,8.90730350458897,
87.18,9.196303446597382,8.891303446597382,
87.2,9.180303307273624,8.875303307273624,
87.22,9.164303084252253,8.859303084252254,
87.24,9.148302775174892,8.843302775174893,
87.26,9.132302377690264,8.827302377690264,
87.28,9.11630188945433,8.811301889454331,
87.3,9.10030130813029,8.79530130813029,
87.32,9.084300631388627,8.779300631388628,
87.34,9.06829985690722,8.76329985690722,
87.36,9.052298982371441,8.747298982371442,
87.38,9.036298005474126,8.731298005474127,
87.4,9.020296923915682,8.715296923915682,
87.42,9.00429573540423,8.699295735404231,
87.44,8.98829443765554,8.68329443765554,
87.46,8.972293028393214,8.667293028393214,
87.48,8.956291505348664,8.651291505348665,
87.5,8.940289866261299,8.6352898662613,
87.52,8.924288108878457,8.619288108878457,
87.54,8.908286282279011,8.603286282279011,
87.56,8.89228447471424,8.58728447471424,
87.58,8.876282687885084,8.571282687885084,
87.6,8.86028092190391,8.55528092190391,
87.62,8.844279176883877,8.539279176883877,
87.64,8.828277452938982,8.523277452938983,
87.66,8.812275750184034,8.507275750184034,
87.68,8.796274068734654,8.491274068734654,
87.7,8.780272408707347,8.475272408707347,
87.72,8.764270770219452,8.459270770219453,
87.74,8.748269153389144,8.443269153389144,
87.76,8.73226755833549,8.42726755833549,
87.78,8.716265985178447,8.411265985178447,
87.8,8.700264434038804,8.395264434038804,
87.82,8.684262905038276,8.379262905038276,
87.84,8.668261398299466,8.363261398299466,
87.86,8.65225991394591,8.34725991394591,
87.88,8.63625845210201,8.331258452102011,
87.9,8.620257012893116,8.315257012893117,
87.92,8.604255596445531,8.299255596445532,
87.94,8.588254202886473,8.283254202886473,
87.96,8.572252832344107,8.267252832344107,
87.98,8.556251484947564,8.251251484947565,
88.0,8.540250160826968,8.235250160826968,
88.02,8.524248860113387,8.219248860113387,
88.04,8.508247582938868,8.203247582938868,
88.06,8.492246329436488,8.187246329436489,
88.08,8.476245099740296,8.171245099740297,
88.1,8.460243893985385,8.155243893985386,
88.12,8.444242712307833,8.139242712307833,
88.14,8.428241554844801,8.123241554844801,
88.16,8.41224042173445,8.107240421734451,
88.18,8.396239313116007,8.091239313116008,
88.2,8.380238229129773,8.075238229129774,
88.22,8.364237169917127,8.059237169917127,
88.24,8.348236135620505,8.043236135620505,
88.26,8.332235126383441,8.027235126383442,
88.28,8.316234142350613,8.011234142350613,
88.3,8.300233183667755,7.9952331836677555,
88.32,8.284232250481773,7.979232250481774,
88.34,8.268231342940686,7.963231342940686,
88.36,8.252230461193685,7.947230461193685,
88.38,8.236229605391092,7.931229605391092,
88.4,8.220228775684404,7.915228775684405,
88.42,8.204227972226327,7.899227972226328,
88.44,8.188227195170718,7.883227195170718,
88.46,8.172226444672681,7.8672264446726805,
88.48,8.15622572088849,7.851225720888489,
88.5,8.140225023975706,7.835225023975705,
88.52,8.124224354093084,7.819224354093083,
88.54,8.108223711400626,7.8032237114006255,
88.56,8.092223096059657,7.787223096059656,
88.58,8.07622250823273,7.7712225082327295,
88.6,8.060221948083704,7.755221948083704,
88.62,8.04422141577771,7.739221415777709,
88.64,8.028220911481272,7.723220911481271,
88.66,8.012220435362167,7.707220435362166,
88.68,7.996219987589549,7.691219987589548,
88.7,7.9802195683339185,7.675219568333918,
88.72,7.9642191777671725,7.659219177767172,
88.74,7.948218816062541,7.64321881606254,
88.76,7.932218483394691,7.6272184833946906,
88.78,7.916218179939697,7.611218179939696,
88.8,7.900217905875054,7.595217905875053,
88.82,7.884217661379692,7.579217661379691,
88.84,7.8682174466339925,7.563217446633992,
88.86,7.8522172618198365,7.547217261819836,
88.88,7.836217107120553,7.531217107120552,
88.9,7.820216946317976,7.515216946317976,
88.92,7.804216689490273,7.4992166894902725,
88.94,7.788216334847692,7.483216334847691,
88.96,7.772215974202781,7.46721597420278,
88.98,7.756215645690739,7.451215645690739,
89.0,7.740215349510854,7.4352153495108535,
89.02,7.724215085864035,7.419215085864034,
89.04,7.708214854952876,7.403214854952876,
89.06,7.692214656981682,7.387214656981682,
89.08,7.676214492156401,7.3712144921564,
89.1,7.66021436068474,7.355214360684739,
89.12,7.6442142627761385,7.339214262776138,
89.14,7.628214198641788,7.323214198641788,
89.16,7.612214168494674,7.307214168494673,
89.18,7.596214172549527,7.291214172549527,
89.2,7.580214211022951,7.27521421102295,
89.22,7.564214284133365,7.259214284133364,
89.24,7.548214392100998,7.243214392100997,
89.26,7.532214535147985,7.227214535147985,
89.28,7.516214713498363,7.211214713498363,
89.3,7.500214927378064,7.195214927378063,
89.32,7.484215177014936,7.179215177014935,
89.34,7.468215462638801,7.1632154626388,
89.36,7.4522157844814565,7.147215784481456,
89.38,7.436216142776687,7.131216142776687,
89.4,7.420216537760279,7.115216537760278,
89.42,7.404216969670086,7.099216969670086,
89.44,7.388217438745994,7.083217438745994,
89.46,7.372217945229989,7.067217945229989,
89.48,7.356218489366139,7.051218489366138,
89.5,7.3402190714006785,7.035219071400678,
89.52,7.324219691581955,7.019219691581954,
89.54,7.308220350160493,7.003220350160492,
89.56,7.292221047389051,6.987221047389051,
89.58,7.276221783522569,6.9712217835225685,
89.6,7.260222558818271,6.955222558818271,
89.62,7.244223373535589,6.939223373535588,
89.64,7.228224227936341,6.92322422793634,
89.66,7.212225122284611,6.90722512228461,
89.68,7.196226056846805,6.891226056846804,
89.7,7.180227031891781,6.8752270318917805,
89.72,7.164228047690731,6.85922804769073,
89.74,7.148229104517318,6.8432291045173175,
89.76,7.132230202647613,6.827230202647613,
89.78,7.116231339846981,6.81123133984698,
89.8,7.100232432964002,6.795232432964001,
89.82,7.084233440237171,6.779233440237171,
89.84,7.06823435991219,6.76323435991219,
89.86,7.0522351902494425,6.747235190249442,
89.88,7.036235929524149,6.731235929524148,
89.9,7.020236588680188,6.715236588680187,
89.92,7.004237365206071,6.699237365206071,
89.94,6.988238324790705,6.683238324790705,
89.96,6.9722394640960035,6.667239464096003,
89.98,6.9562407797839985,6.651240779783998,
90.0,6.944241410112756,6.6392414101127555,
90.02,6.964235320483852,6.659235320483852,
90.04,6.988228504374306,6.683228504374306,
90.06,7.0122218176368865,6.707221817636886,
90.08,7.036215257437336,6.731215257437335,
90.1,7.060208696760622,6.755208696760621,
90.12,7.08420202992483,6.7792020299248295,
90.14,7.108195253604942,6.803195253604941,
90.16,7.13218836448738,6.827188364487379,
90.18,7.156181359269785,6.851181359269784,
90.2,7.180174234660905,6.875174234660904,
90.22,7.204166987380369,6.899166987380369,
90.24,7.228159614158574,6.923159614158574,
90.26,7.25215211173648,6.94715211173648,
90.28,7.276144476865383,6.9711444768653825,
90.3,7.300136706306863,6.995136706306862,
90.32,7.324128796832511,7.0191287968325105,
90.34,7.348120745223854,7.043120745223853,
90.36,7.372112548272082,7.067112548272082,
90.38,7.396104202778058,7.091104202778057,
90.4,7.420095705552023,7.115095705552022,
90.42,7.4440870534134955,7.139087053413495,
90.44,7.468078243191168,7.163078243191167,
90.46,7.492069271722706,7.187069271722706,
90.48,7.516060135854656,7.211060135854655,
90.5,7.540050832442207,7.235050832442206,
90.52,7.56404135834922,7.2590413583492195,
90.54,7.588031710447977,7.283031710447976,
90.56,7.612021885619034,7.307021885619033,
90.58,7.636011882852853,7.331011882852852,
90.6,7.660001816947847,7.355001816947847,
90.62,7.68399175498503,7.378991754985029,
90.64,7.707981696927506,7.4029816969275055,
90.66,7.731971642738971,7.4269716427389705,
90.68,7.755961592383545,7.450961592383544,
90.7,7.779951545825729,7.4749515458257285,
90.72,7.803941503030518,7.498941503030517,
90.74,7.827931463963324,7.522931463963324,
90.76,7.851921428589986,7.546921428589985,
90.78,7.875911396876719,7.570911396876719,
90.8,7.899901368790199,7.5949013687901985,
90.82,7.923891344297494,7.618891344297493,
90.84,7.947881323366051,7.64288132336605,
90.86,7.971871305963713,7.666871305963713,
90.88,7.995861292058712,7.690861292058711,
90.9,8.019851281619697,7.714851281619697,
90.92,8.043841274615604,7.738841274615603,
90.94,8.06783127101583,7.76283127101583,
90.96,8.091821270790081,7.786821270790081,
90.98,8.115811273908461,7.8108112739084605,
91.0,8.13980128034136,7.834801280341359,
91.02,8.163791290059583,7.858791290059583,
91.04,8.187781303034264,7.882781303034263,
91.06,8.211771319236837,7.906771319236837,
91.08,8.235761338639097,7.930761338639098,
91.1,8.259751361213185,7.9547513612131855,
91.12,8.283741386931531,7.978741386931532,
91.14,8.307731415766884,8.002731415766885,
91.16,8.33172144769234,8.02672144769234,
91.18,8.355711482681283,8.050711482681283,
91.2,8.379701520707387,8.074701520707388,
91.22,8.40369156174464,8.09869156174464,
91.24,8.427681605767338,8.122681605767339,
91.26,8.45167165275006,8.14667165275006,
91.28,8.475661702667663,8.170661702667664,
91.3,8.499651755495293,8.194651755495293,
91.32,8.523641811208403,8.218641811208403,
91.34,8.547631869782682,8.242631869782683,
91.36,8.571621931194093,8.266621931194093,
91.38,8.595611995418881,8.290611995418882,
91.4,8.619602062433602,8.314602062433602,
91.42,8.643592132214964,8.338592132214965,
91.44,8.667582204740036,8.362582204740036,
91.46,8.69157227998607,8.386572279986071,
91.48,8.715562357930636,8.410562357930637,
91.5,8.739552438551462,8.434552438551462,
91.52,8.763542521826608,8.458542521826608,
91.54,8.787532607734326,8.482532607734326,
91.56,8.811522696253105,8.506522696253105,
91.58,8.835512787361678,8.530512787361678,
91.6,8.859502881039004,8.554502881039005,
91.62,8.8834929772643,8.5784929772643,
91.64,8.907483076016945,8.602483076016945,
91.66,8.931473177276576,8.626473177276576,
91.68,8.955463281023068,8.650463281023068,
91.7,8.979453387236477,8.674453387236477,
91.72,9.003443495897073,8.698443495897074,
91.74,9.027433606032714,8.722433606032714,
91.76,9.051423604604233,8.746423604604233,
91.78,9.075413411836884,8.770413411836884,
91.8,9.099403024723886,8.794403024723886,
91.82,9.123392440264078,8.818392440264079,
91.84,9.147381655461977,8.842381655461978,
91.86,9.17137066836672,8.86637066836672,
91.88,9.19535959920984,8.890359599209841,
91.9,9.219348531746736,8.914348531746736,
91.92,9.243337465964142,8.938337465964143,
91.94,9.267326364322756,8.962326364322756,
91.96,9.291315071270228,8.986315071270228,
91.98,9.315303567233938,9.010303567233938,
92.0,9.339291895087788,9.034291895087788,
92.02,9.363280211077994,9.058280211077994,
92.04,9.387268528425228,9.082268528425228,
92.06,9.411256847119068,9.106256847119068,
92.08,9.435245167149297,9.130245167149297,
92.1,9.459233488505738,9.154233488505739,
92.12,9.483221811178346,9.178221811178346,
92.14,9.50721013515712,9.20221013515712,
92.16,9.531198460432226,9.226198460432226,
92.18,9.555186786993906,9.250186786993906,
92.2,9.579175114832475,9.274175114832476,
92.22,9.603163443938351,9.298163443938352,
92.24,9.627151774302101,9.322151774302101,
92.26,9.65114010591433,9.34614010591433,
92.28,9.675128438765732,9.370128438765732,
92.3,9.699116772847134,9.394116772847134,
92.32,9.723105108149424,9.418105108149424,
92.34,9.747093411755843,9.442093411755843,
92.36,9.771081519844605,9.466081519844606,
92.38,9.795069407539042,9.490069407539043,
92.4,9.819057071897035,9.514057071897035,
92.42,9.843044509981105,9.538044509981106,
92.44,9.867031718858481,9.562031718858481,
92.46,9.891018695600941,9.586018695600941,
92.48,9.915005437284874,9.610005437284874,
92.5,9.93899194099107,9.63399194099107,
92.52,9.962978203804806,9.657978203804806,
92.54,9.986964222815768,9.681964222815768,
92.56,10.010949995117919,9.70594999511792,
92.58,10.03493551780958,9.72993551780958,
92.6,10.058920787993255,9.753920787993255,
92.62,10.082905802775713,9.777905802775713,
92.64,10.106890559267796,9.801890559267797,
92.66,10.130875054584497,9.825875054584497,
92.68,10.154859285844895,9.849859285844895,
92.7,10.178843250172001,9.873843250172001,
92.72,10.20282694469287,9.89782694469287,
92.74,10.226810375138248,9.921810375138248,
92.76,10.250793728585078,9.945793728585079,
92.78,10.27477708216246,9.96977708216246,
92.8,10.298760435869468,9.993760435869468,
92.82,10.322743789705253,10.017743789705253,
92.84,10.34672714366891,10.04172714366891,
92.86,10.370710497759525,10.065710497759525,
92.88,10.394693851976257,10.089693851976257,
92.9,10.418677206318229,10.11367720631823,
92.92,10.442660560784551,10.137660560784552,
92.94,10.466643915374398,10.161643915374398,
92.96,10.490627270086904,10.185627270086904,
92.98,10.514610624921252,10.209610624921252,
93.0,10.538593979876588,10.233593979876588,
93.02,10.562577334952094,10.257577334952094,
93.04,10.586560690146968,10.281560690146968,
93.06,10.610544045460367,10.305544045460367,
93.08,10.634527400891516,10.329527400891516,
93.1,10.658510756439608,10.353510756439608,
93.12,10.682494112103884,10.377494112103884,
93.14,10.706477467883522,10.401477467883522,
93.16,10.730460823777767,10.425460823777767,
93.18,10.75444417978586,10.44944417978586,
93.2,10.77842753590703,10.47342753590703,
93.22,10.802410892140514,10.497410892140515,
93.24,10.82639424848559,10.52139424848559,
93.26,10.850377604941514,10.545377604941514,
93.28,10.874360961507529,10.56936096150753,
93.3,10.898344318182934,10.593344318182934,
93.32,10.92232767496699,10.61732767496699,
93.34,10.946311031859013,10.641311031859013,
93.36,10.970294388858257,10.665294388858257,
93.38,10.994277745964027,10.689277745964027,
93.4,11.018261103175664,10.713261103175665,
93.42,11.042244460492423,10.737244460492423,
93.44,11.066227817913664,10.761227817913664,
93.46,11.090211175438693,10.785211175438693,
93.48,11.114194533066842,10.809194533066842,
93.5,11.138177890797431,10.833177890797431,
93.52,11.162161248629808,10.857161248629808,
93.54,11.186144606563344,10.881144606563344,
93.56,11.210127964597346,10.905127964597346,
93.58,11.234111322731197,10.929111322731197,
93.6,11.258094680964243,10.953094680964243,
93.62,11.282078039295884,10.977078039295884,
93.64,11.306061397725458,11.001061397725458,
93.66,11.330044756252342,11.025044756252342,
93.68,11.354028114875963,11.049028114875963,
93.7,11.378011473595654,11.073011473595654,
93.72,11.401994832410836,11.096994832410836,
93.74,11.425978191320901,11.120978191320901,
93.76,11.449961550325272,11.144961550325272,
93.78,11.47394490942334,11.16894490942334,
93.8,11.497928268614512,11.192928268614512,
93.82,11.52191162789821,11.21691162789821,
93.84,11.54589498727389,11.24089498727389,
93.86,11.569878346740925,11.264878346740925,
93.88,11.59386170629879,11.28886170629879,
93.9,11.617845065946913,11.312845065946913,
93.92,11.641828425684716,11.336828425684716,
93.94,11.665811785511679,11.360811785511679,
93.96,11.68979514542722,11.384795145427221,
93.98,11.71377850543083,11.40877850543083,
94.0,11.737761865521929,11.432761865521929,
94.02,11.761745225700011,11.456745225700011,
94.04,11.78572858596455,11.48072858596455,
94.06,11.809711946314989,11.50471194631499,
94.08,11.83369530675083,11.52869530675083,
94.1,11.857678667271541,11.552678667271541,
94.12,11.881662027876635,11.576662027876635,
94.14,11.90564538856556,11.60064538856556,
94.16,11.929628749337835,11.624628749337836,
94.18,11.953612110192966,11.648612110192966,
94.2,11.977595471130437,11.672595471130437,
94.22,12.00157883214976,11.69657883214976,
94.24,12.025562193250448,11.720562193250448,
94.26,12.049545554432024,11.744545554432024,
94.28,12.073528950103132,11.768528950103132,
94.3,12.09751258566868,11.79251258566868,
94.32,12.121496492855343,11.816496492855343,
94.34,12.145480668866327,11.840480668866327,
94.36,12.168268788235615,11.863268788235615,
94.38,12.18826558743496,11.88326558743496,
94.4,12.208262397118565,11.903262397118565,
94.42,12.228259217237214,11.923259217237215,
94.44,12.248256047739796,11.943256047739796,
94.46,12.268252888575889,11.963252888575889,
94.48,12.288249739694376,11.983249739694376,
94.5,12.308246601045436,12.003246601045436,
94.52,12.328243472579306,12.023243472579306,
94.54,12.34824035424652,12.043240354246521,
94.56,12.368237245997934,12.063237245997934,
94.58,12.38823414778468,12.08323414778468,
94.6,12.408231059558252,12.103231059558253,
94.62,12.428227981270458,12.123227981270459,
94.64,12.448224912873394,12.143224912873395,
94.66,12.468221854319458,12.163221854319458,
94.68,12.488218805561397,12.183218805561397,
94.7,12.508215766552201,12.203215766552201,
94.72,12.528212737245196,12.223212737245197,
94.74,12.548209717593993,12.243209717593993,
94.76,12.568206707552525,12.263206707552525,
94.78,12.588203707074964,12.283203707074964,
94.8,12.608200716115821,12.303200716115821,
94.82,12.628197734629879,12.323197734629879,
94.84,12.648194762572222,12.343194762572223,
94.86,12.668191799898155,12.363191799898155,
94.88,12.688188846563348,12.383188846563348,
94.9,12.708185902523713,12.403185902523713,
94.92,12.728302633180602,12.423302633180603,
94.94,12.748808559077286,12.443808559077286,
94.96,12.76968722865792,12.46468722865792,
94.98,12.79096911819305,12.48596911819305,
95.0,12.812636225257789,12.507636225257789,
95.02,12.834381148236146,12.529381148236146,
95.04,12.855612884929117,12.550612884929118,
95.06,12.875609998930178,12.570609998930179,
95.08,12.895607121278392,12.590607121278392,
95.1,12.915604253225386,12.610604253225386,
95.12,12.935601393098807,12.630601393098807,
95.14,12.95559854324094,12.65059854324094,
95.16,12.97573272629325,12.67073272629325,
95.18,12.996264495140288,12.691264495140288,
95.2,13.017118921910624,12.712118921910625,
95.22,13.0380155932952,12.7330155932952,
95.24,13.05890647013729,12.75390647013729,
95.26,13.079610417029235,12.774610417029235,
95.28,13.100068898667365,12.795068898667365,
95.3,13.120514991191476,12.815514991191476,
95.32,13.140959489415774,12.835959489415774,
95.34,13.161403426821959,12.85640342682196,
95.36,13.181851667071014,12.876851667071014,
95.38,13.202296760174372,12.897296760174372,
95.4,13.222747819448982,12.917747819448982,
95.42,13.243188169784768,12.938188169784768,
95.44,13.26362791708,12.958627917080001,
95.46,13.284066999429538,12.979066999429538,
95.48,13.304505353316937,12.999505353316938,
95.5,13.324942888026841,13.019942888026842,
95.52,13.345379513951169,13.04037951395117,
95.54,13.365815141437732,13.060815141437732,
95.56,13.386249681352146,13.081249681352146,
95.58,13.406683041067438,13.101683041067439,
95.6,13.427115028743307,13.122115028743307,
95.62,13.447545487194281,13.142545487194282,
95.64,13.46797430612344,13.16297430612344,
95.66,13.488401376622502,13.183401376622502,
95.68,13.50882658813372,13.20382658813372,
95.7,13.529249832231388,13.224249832231388,
95.72,13.549671000747185,13.244671000747186,
95.74,13.570271636477644,13.265271636477644,
95.76,13.591110717398807,13.286110717398808,
95.78,13.61195331077056,13.30695331077056,
95.8,13.632910425624884,13.327910425624884,
95.82,13.654156333766835,13.349156333766835,
95.84,13.675425451087436,13.370425451087437,
95.86,13.696696281354138,13.391696281354138,
95.88,13.717968803325988,13.412968803325988,
95.9,13.739242991698049,13.43424299169805,
95.92,13.760518823991907,13.455518823991907,
95.94,13.781796275986725,13.476796275986725,
95.96,13.803078212833851,13.498078212833851,
95.98,13.824599882839541,13.519599882839541,
96.0,13.842561952199095,13.537561952199095,
96.02,13.82803061432426,13.523030614324261,
96.04,13.809752410417898,13.504752410417899,
96.06,13.791476840668565,13.486476840668566,
96.08,13.773203845205675,13.468203845205675,
96.1,13.754953742306428,13.449953742306429,
96.12,13.7369972876149,13.4319972876149,
96.14,13.719163133502134,13.414163133502134,
96.16,13.701331099485461,13.396331099485462,
96.18,13.682894097006741,13.377894097006742,
96.2,13.664198277697418,13.359198277697418,
96.22,13.64550366040941,13.34050366040941,
96.24,13.62681022063364,13.32181022063364,
96.26,13.60811793643613,13.30311793643613,
96.28,13.589426783109278,13.284426783109279,
96.3,13.570736739501111,13.265736739501111,
96.32,13.5520477809078,13.2470477809078,
96.34,13.533493506341927,13.228493506341927,
96.36,13.515327723315766,13.210327723315766,
96.38,13.49755690956845,13.19255690956845,
96.4,13.480181627643827,13.175181627643827,
96.42,13.463202423943393,13.158202423943393,
96.44,13.446619820450945,13.141619820450945,
96.46,13.430429384768589,13.125429384768589,
96.48,13.414381423718517,13.109381423718517,
96.5,13.398336097032434,13.093336097032434,
96.52,13.382293332226826,13.077293332226827,
96.54,13.366253059357883,13.061253059357883,
96.56,13.350215206511251,13.045215206511251,
96.58,13.334179703067356,13.029179703067356,
96.6,13.318146477140585,13.013146477140586,
96.62,13.30211545861891,12.99711545861891,
96.64,13.286086575996496,12.981086575996496,
96.66,13.270059757453579,12.965059757453579,
96.68,13.254034932095314,12.949034932095314,
96.7,13.238006210905198,12.933006210905198,
96.72,13.221985146648603,12.916985146648603,
96.74,13.205965863267327,12.900965863267327,
96.76,13.189948288579295,12.884948288579295,
96.78,13.173932352958078,12.868932352958078,
96.8,13.157917985043127,12.852917985043128,
96.82,13.141894955172475,12.836894955172475,
96.84,13.125877141284775,12.820877141284775,
96.86,13.1098670255846,12.8048670255846,
96.88,13.093858132573914,12.788858132573914,
96.9,13.077850039876525,12.772850039876525,
96.92,13.061842659258678,12.756842659258679,
96.94,13.045835963873344,12.740835963873344,
96.96,13.02982992863706,12.72482992863706,
96.98,13.013824529050568,12.708824529050569,
97.0,12.997819738848722,12.692819738848723,
97.02,12.98181553341135,12.67681553341135,
97.04,12.965811887474963,12.660811887474964,
97.06,12.949808774573482,12.644808774573482,
97.08,12.933806170194323,12.628806170194323,
97.1,12.917669932237489,12.61266993223749,
97.12,12.901646773401938,12.596646773401938,
97.14,12.885614745599566,12.580614745599567,
97.16,12.869608854179413,12.564608854179413,
97.18,12.85356822685431,12.54856822685431,
97.2,12.837568073605864,12.532568073605864,
97.22,12.821568253557482,12.516568253557482,
97.24,12.805568740783327,12.500568740783327,
97.26,12.78956951118656,12.48456951118656,
97.28,12.773570539875971,12.468570539875971,
97.3,12.75757180087312,12.45257180087312,
97.32,12.741573269001107,12.436573269001107,
97.34,12.725574921003057,12.420574921003057,
97.36,12.709576730434703,12.404576730434703,
97.38,12.693578672544312,12.388578672544313,
97.4,12.677580722929802,12.372580722929802,
97.42,12.661582871256542,12.356582871256542,
97.44,12.645585086015162,12.340585086015162,
97.46,12.629587301339646,12.324587301339646,
97.48,12.613589483039119,12.30858948303912,
97.5,12.597591607587113,12.292591607587113,
97.52,12.58159365067618,12.27659365067618,
97.54,12.565595587836375,12.260595587836375,
97.56,12.549597394656802,12.244597394656802,
97.58,12.533599045614485,12.228599045614486,
97.6,12.517600516618177,12.212600516618178,
97.62,12.501601782847107,12.196601782847107,
97.64,12.485602820577943,12.180602820577944,
97.66,12.469603756613033,12.164603756613033,
97.68,12.453604707275517,12.148604707275517,
97.7,12.437605672076582,12.132605672076583,
97.72,12.421606652038898,12.116606652038898,
97.74,12.405607646413479,12.10060764641348,
97.76,12.389608656546606,12.084608656546607,
97.78,12.37041078886111,12.06541078886111,
97.8,12.350857524331746,12.045857524331746,
97.82,12.331304292745443,12.026304292745444,
97.84,12.311751090998001,12.006751090998002,
97.86,12.29219791778476,11.98719791778476,
97.88,12.272644768570833,11.967644768570834,
97.9,12.253091641723993,11.948091641723993,
97.92,12.233538533006,11.928538533006,
97.94,12.213985441367079,11.90898544136708,
97.96,12.194432361894538,11.889432361894539,
97.98,12.174879293254927,11.869879293254927,
98.0,12.15532623141993,11.850326231419931,
98.02,12.135773174471483,11.830773174471483,
98.04,12.116248117768864,11.811248117768864,
98.06,12.097045052645722,11.792045052645722,
98.08,12.078241969407827,11.773241969407827,
98.1,12.059838861783998,11.754838861783998,
98.12,12.041835697872756,11.736835697872756,
98.14,12.024232426212029,11.719232426212029,
98.16,12.00691579599463,11.70191579599463,
98.18,11.989914423766372,11.684914423766372,
98.2,11.973312791170864,11.668312791170864,
98.22,11.95711082929754,11.65211082929754,
98.24,11.941111874689383,11.636111874689384,
98.26,11.925112629652062,11.620112629652063,
98.28,11.909113068052022,11.604113068052023,
98.3,11.89311316552481,11.58811316552481,
98.32,11.877112895233909,11.572112895233909,
98.34,11.861112230814385,11.556112230814385,
98.36,11.845111199520888,11.540111199520888,
98.38,11.829110002267951,11.524110002267951,
98.4,11.813108659064763,11.508108659064764,
98.42,11.797107166955552,11.492107166955552,
98.44,11.781105521977324,11.476105521977324,
98.46,11.76510372287255,11.46010372287255,
98.48,11.74910176461793,11.44410176461793,
98.5,11.733099646524611,11.428099646524611,
98.52,11.71709736444279,11.41209736444279,
98.54,11.70109491707134,11.39609491707134,
98.56,11.68249578322495,11.37749578322495,
98.58,11.66249847441641,11.35749847441641,
98.6,11.642501175696948,11.337501175696948,
98.62,11.622503887414618,11.317503887414619,
98.64,11.602506609045337,11.297506609045337,
98.66,11.58250934128513,11.27750934128513,
98.68,11.562512083709303,11.257512083709303,
98.7,11.542514837114213,11.237514837114214,
98.72,11.522517601268344,11.217517601268344,
98.74,11.502520374939634,11.197520374939634,
98.76,11.48252316005239,11.17752316005239,
98.78,11.462525955395899,11.157525955395899,
98.8,11.442528761261066,11.137528761261066,
98.82,11.422531578825899,11.117531578825899,
98.84,11.402534406320319,11.09753440632032,
98.86,11.38253724454236,11.077537244542361,
98.88,11.362540094189322,11.057540094189322,
98.9,11.34254295528716,11.03754295528716,
98.92,11.3225458266952,11.0175458266952,
98.94,11.30254870962789,10.99754870962789,
98.96,11.282551603376977,10.977551603376977,
98.98,11.262554508170789,10.957554508170789,
99.0,11.242557424256077,10.937557424256077,
99.02,11.222560351735988,10.917560351735988,
99.04,11.202563290869222,10.897563290869222,
99.06,11.182566241186768,10.877566241186768,
99.08,11.16256920283479,10.85756920283479,
99.1,11.14257217596824,10.83757217596824,
99.12,11.12257516073537,10.81757516073537,
99.14,11.102578157730312,10.797578157730312,
99.16,11.082581165531979,10.777581165531979,
99.18,11.06258418586336,10.75758418586336,
99.2,11.0425872179122,10.7375872179122,
99.22,11.022590261879486,10.717590261879486,
99.24,11.00259331700459,10.697593317004591,
99.26,10.982596385116654,10.677596385116654,
99.28,10.962599464968621,10.657599464968621,
99.3,10.942602557221973,10.637602557221973,
99.32,10.922605660812026,10.617605660812027,
99.34,10.902608777326032,10.597608777326032,
99.36,10.882611905946193,10.577611905946194,
99.38,10.862615047030802,10.557615047030803,
99.4,10.842618200584488,10.537618200584488,
99.42,10.822621366864524,10.517621366864525,
99.44,10.802624545578395,10.497624545578395,
99.46,10.78262773708997,10.47762773708997,
99.48,10.762630940787972,10.457630940787972,
99.5,10.74263415775323,10.43763415775323,
99.52,10.722637387305243,10.417637387305243,
99.54,10.702640629842046,10.397640629842046,
99.56,10.682643884778406,10.377643884778406,
99.58,10.662647153934225,10.357647153934225,
99.6,10.642650435482189,10.337650435482189,
99.62,10.622653730341868,10.317653730341869,
99.64,10.60265703839413,10.29765703839413,
99.66,10.58266036031102,10.277660360311021,
99.68,10.562663695179102,10.257663695179103,
99.7,10.542667043739822,10.237667043739823,
99.72,10.52267040497063,10.21767040497063,
99.74,10.50267378086225,10.19767378086225,
99.76,10.482677170249042,10.177677170249043,
99.78,10.462680572816224,10.157680572816224,
99.8,10.442683989558974,10.137683989558974,
99.82,10.422687420583474,10.117687420583474,
99.84,10.402690865458666,10.097690865458667,
99.86,10.382694323819846,10.077694323819847,
99.88,10.362697797353235,10.057697797353235,
99.9,10.34270128425012,10.03770128425012,
99.92,10.322704785263504,10.017704785263504,
99.94,10.302708301867648,9.997708301867648,
99.96,10.282711831900672,9.977711831900672,
99.98,10.262715376654393,9.957715376654393,
100.0,10.242718936407636,9.937718936407636,
100.02,10.222722510696356,9.917722510696356,
100.04,10.202726099544186,9.897726099544187,
100.06,10.182729702947382,9.877729702947383,
100.08,10.162733321677722,9.857733321677722,
100.1,10.142736955642054,9.837736955642054,
100.12,10.122740604307337,9.817740604307337,
100.14,10.10274426840543,9.797744268405431,
100.16,10.082747948199787,9.777747948199787,
100.18,10.062751642769067,9.757751642769067,
100.2,10.04275535273767,9.73775535273767,
100.22,10.022759078761268,9.717759078761269,
100.24,10.002762820601959,9.697762820601959,
100.26,9.982766577463318,9.677766577463318,
100.28,9.962770350842373,9.657770350842373,
100.3,9.94277413954613,9.63777413954613,
100.32,9.922777943917763,9.617777943917764,
100.34,9.902781765018688,9.597781765018688,
100.36,9.882785602305889,9.57778560230589,
100.38,9.862789455782776,9.557789455782776,
100.4,9.842793325704648,9.537793325704648,
100.42,9.822797211822742,9.517797211822742,
100.44,9.802801114706376,9.497801114706377,
100.46,9.782805034084816,9.477805034084817,
100.48,9.762808970346297,9.457808970346298,
100.5,9.74281292347923,9.43781292347923,
100.52,9.722816893344403,9.417816893344403,
100.54,9.702820880009062,9.397820880009062,
100.56,9.6828248847637,9.377824884763701,
100.58,9.662828906154573,9.357828906154573,
100.6,9.642832944795517,9.337832944795517,
100.62,9.622837000973746,9.317837000973746,
100.64,9.602841075500718,9.297841075500719,
100.66,9.582845166503429,9.277845166503429,
100.68,9.562849276296493,9.257849276296493,
100.7,9.542853403104433,9.237853403104433,
100.72,9.52285754811467,9.21785754811467,
100.74,9.502861711978657,9.197861711978657,
100.76,9.48286589329459,9.177865893294591,
100.78,9.462870093225199,9.157870093225199,
100.8,9.442874310957512,9.137874310957512,
100.82,9.422878548229397,9.117878548229397,
100.84,9.402882803807396,9.097882803807396,
100.86,9.382887077737463,9.077887077737463,
100.88,9.362891370489645,9.057891370489646,
100.9,9.342895683004986,9.037895683004987,
100.92,9.32290001401173,9.01790001401173,
100.94,9.302904364263846,8.997904364263846,
100.96,9.282908734719316,8.977908734719316,
100.98,9.262913123507785,8.957913123507785,
101.0,9.242917532592704,8.937917532592705,
101.02,9.222921960905433,8.917921960905433,
101.04,9.202926409287649,8.897926409287649,
101.06,9.182930877742795,8.877930877742795,
101.08,9.162935366010748,8.857935366010748,
101.1,9.142939874861701,8.837939874861702,
101.12,9.122944404009704,8.817944404009705,
101.14,9.102948953867108,8.797948953867108,
101.16,9.082953523839954,8.777953523839955,
101.18,9.062958114578391,8.757958114578392,
101.2,9.042962726386241,8.737962726386241,
101.22,9.022967359065213,8.717967359065213,
101.24,9.002972012779537,8.697972012779537,
101.26,8.982976687854164,8.677976687854164,
101.28,8.962981384649199,8.657981384649199,
101.3,8.942986102847865,8.637986102847865,
101.32,8.922990842948622,8.617990842948622,
101.34,8.902995604518562,8.597995604518562,
101.36,8.88300038827064,8.57800038827064,
101.38,8.863005193855953,8.558005193855953,
101.4,8.843010021684945,8.538010021684945,
101.42,8.823014872138073,8.518014872138073,
101.44,8.803019744924434,8.498019744924434,
101.46,8.783024640604975,8.478024640604975,
101.48,8.76302955870082,8.45802955870082,
101.5,8.743034500680752,8.438034500680752,
101.52,8.72303946470207,8.41803946470207,
101.54,8.703044453022146,8.398044453022147,
101.56,8.683049463797094,8.378049463797094,
101.58,8.663054499033533,8.358054499033534,
101.6,8.643059557917868,8.338059557917868,
101.62,8.623064640804625,8.318064640804625,
101.64,8.603069747411642,8.298069747411642,
101.66,8.583074878772067,8.278074878772067,
101.68,8.563080034356899,8.2580800343569,
101.7,8.543085214035106,8.238085214035106,
101.72,8.523090418766595,8.218090418766595,
101.74,8.5030956482698,8.1980956482698,
101.76,8.483100903115234,8.178100903115235,
101.78,8.46310618387955,8.15810618387955,
101.8,8.443111489276063,8.138111489276064,
101.82,8.423116820615363,8.118116820615363,
101.84,8.40312217734617,8.09812217734617,
101.86,8.383127560467592,8.078127560467593,
101.88,8.36313296973293,8.058132969732931,
101.9,8.343138404739303,8.038138404739303,
101.92,8.323143866664397,8.018143866664397,
101.94,8.303149355113309,7.998149355113309,
101.96,8.283154871304463,7.978154871304463,
101.98,8.26316041381357,7.9581604138135695,
102.0,8.247528419665068,7.942528419665068,
102.02,8.263160572782796,7.958160572782797,
102.04,8.28315518888713,7.978155188887131,
102.06,8.303149833064925,7.998149833064925,
102.08,8.323144503371942,8.018144503371943,
102.1,8.343139200457992,8.038139200457993,
102.12,8.36313392437007,8.05813392437007,
102.14,8.383128674438131,8.078128674438132,
102.16,8.403123450283157,8.098123450283158,
102.18,8.423118252833625,8.118118252833625,
102.2,8.443113080552601,8.138113080552602,
102.22,8.463107934486603,8.158107934486603,
102.24,8.48310281357111,8.17810281357111,
102.26,8.503097717411169,8.19809771741117,
102.28,8.52309264685472,8.21809264685472,
102.3,8.543087602043896,8.238087602043896,
102.32,8.563082581023902,8.258082581023903,
102.34,8.583077584746817,8.278077584746818,
102.36,8.603072613203206,8.298072613203207,
102.38,8.623067665520429,8.318067665520429,
102.4,8.643062742045737,8.338062742045738,
102.42,8.663057842788332,8.358057842788332,
102.44,8.683052966752483,8.378052966752483,
102.46,8.703048114573743,8.398048114573744,
102.48,8.72304328624804,8.41804328624804,
102.5,8.743038480837571,8.438038480837571,
102.52,8.763033698609988,8.458033698609988,
102.54,8.783028939897756,8.478028939897756,
102.56,8.803024203142105,8.498024203142105,
102.58,8.823019489980945,8.518019489980945,
102.6,8.843014798723836,8.538014798723836,
102.62,8.86301013036421,8.55801013036421,
102.64,8.88300548354078,8.57800548354078,
102.66,8.903000859915387,8.598000859915388,
102.68,8.922996257494045,8.617996257494045,
102.7,8.9429916772112,8.6379916772112,
102.72,8.962987118361907,8.657987118361907,
102.74,8.982982581421725,8.677982581421725,
102.76,9.002978065000223,8.697978065000223,
102.78,9.022973570756605,8.717973570756605,
102.8,9.042969096927697,8.737969096927698,
102.82,9.062964645068222,8.757964645068222,
102.84,9.08296021359418,8.77796021359418,
102.86,9.102955802553925,8.797955802553926,
102.88,9.122951412455542,8.817951412455542,
102.9,9.142947042778875,8.837947042778875,
102.92,9.162942693042641,8.857942693042641,
102.94,9.182938363840625,8.877938363840626,
102.96,9.20293405482702,8.89793405482702,
102.98,9.222929765586308,8.917929765586308,
103.0,9.242925495883789,8.937925495883789,
103.02,9.262921246314331,8.957921246314331,
103.04,9.282917016765497,8.977917016765497,
103.06,9.30291280631343,8.99791280631343,
103.08,9.322908614993322,9.017908614993322,
103.1,9.342904442819806,9.037904442819807,
103.12,9.362900290019416,9.057900290019417,
103.14,9.38289615619386,9.07789615619386,
103.16,9.402892041148538,9.097892041148539,
103.18,9.422887944702172,9.117887944702172,
103.2,9.442883867276866,9.137883867276866,
103.22,9.462879807854183,9.157879807854183,
103.24,9.482875766843089,9.177875766843089,
103.26,9.502871744550601,9.197871744550602,
103.28,9.52286774010463,9.21786774010463,
103.3,9.542863754105547,9.237863754105547,
103.32,9.562859786122788,9.257859786122788,
103.34,9.582855835756769,9.27785583575677,
103.36,9.602851903731342,9.297851903731342,
103.38,9.62284798796645,9.31784798796645,
103.4,9.642844090930632,9.337844090930632,
103.42,9.66284021097497,9.35784021097497,
103.44,9.682836348559132,9.377836348559132,
103.46,9.702832503015038,9.397832503015039,
103.48,9.722828674489689,9.417828674489689,
103.5,9.742824863674642,9.437824863674642,
103.52,9.762821069660477,9.457821069660477,
103.54,9.782817292151906,9.477817292151906,
103.56,9.802813531050477,9.497813531050477,
103.58,9.82280978738269,9.51780978738269,
103.6,9.842806060320473,9.537806060320474,
103.62,9.862802348868598,9.557802348868599,
103.64,9.882798653818577,9.577798653818578,
103.66,9.902794975184822,9.597794975184822,
103.68,9.922791313570727,9.617791313570727,
103.7,9.942787667022182,9.637787667022183,
103.72,9.96278403669895,9.657784036698951,
103.74,9.982780421916331,9.677780421916331,
103.76,10.002776823763032,9.697776823763032,
103.78,10.02277324051698,9.71777324051698,
103.8,10.04276967326428,9.73776967326428,
103.82,10.06276612180566,9.75776612180566,
103.84,10.082762584855622,9.777762584855623,
103.86,10.10275906394674,9.79775906394674,
103.88,10.122755558472544,9.817755558472545,
103.9,10.142752067620643,9.837752067620643,
103.92,10.162748592461028,9.857748592461029,
103.94,10.182745131798903,9.877745131798903,
103.96,10.202741686307819,9.89774168630782,
103.98,10.222738255566876,9.917738255566876,
104.0,10.242734839731527,9.937734839731528,
104.02,10.262731438335827,9.957731438335827,
104.04,10.282728050891027,9.977728050891027,
104.06,10.302724678551348,9.997724678551348,
104.08,10.322721320880328,10.017721320880328,
104.1,10.342717977361891,10.037717977361892,
104.12,10.362714648297613,10.057714648297614,
104.14,10.382711332697719,10.077711332697719,
104.16,10.402708032136006,10.097708032136007,
104.18,10.42270474538521,10.117704745385211,
104.2,10.4427014721353,10.1377014721353,
104.22,10.462698213119447,10.157698213119447,
104.24,10.482694968153691,10.177694968153691,
104.26,10.502691736631006,10.197691736631006,
104.28,10.522688518601997,10.217688518601998,
104.3,10.542685313691486,10.237685313691486,
104.32,10.562682122781167,10.257682122781167,
104.34,10.582678945697522,10.277678945697522,
104.36,10.602675781792826,10.297675781792826,
104.38,10.622672631001128,10.317672631001129,
104.4,10.642669493528636,10.337669493528637,
104.42,10.66266636849251,10.35766636849251,
104.44,10.68266325723646,10.37766325723646,
104.46,10.702660158999075,10.397660158999075,
104.48,10.722657073375169,10.41765707337517,
104.5,10.742654000928553,10.437654000928553,
104.52,10.762650941735181,10.457650941735182,
104.54,10.782647894773243,10.477647894773243,
104.56,10.80264485997986,10.49764485997986,
104.58,10.822641838213007,10.517641838213008,
104.6,10.842638829412596,10.537638829412597,
104.62,10.86263583255193,10.55763583255193,
104.64,10.882632848030514,10.577632848030515,
104.66,10.902629876040244,10.597629876040244,
104.68,10.922626916085768,10.617626916085769,
104.7,10.942623968588677,10.637623968588677,
104.72,10.962621033662753,10.657621033662753,
104.74,10.982618109862722,10.677618109862722,
104.76,11.002615198579495,10.697615198579495,
104.78,11.022612298974854,10.717612298974855,
104.8,11.042609412132988,10.737609412132988,
104.82,11.062606536161969,10.757606536161969,
104.84,11.082603672583005,10.777603672583005,
104.86,11.10260081999886,10.797600819998861,
104.88,11.122597980258641,10.817597980258641,
104.9,11.142595151045912,10.837595151045912,
104.92,11.162592333907767,10.857592333907768,
104.94,11.182589528368803,10.877589528368803,
104.96,11.202586733602068,10.897586733602068,
104.98,11.222583950246062,10.917583950246062,
105.0,11.242581178254824,10.937581178254824,
105.02,11.262578418003887,10.957578418003887,
105.04,11.282575668655586,10.977575668655586,
105.06,11.302572930455886,10.997572930455886,
105.08,11.322570203657307,11.017570203657307,
105.1,11.342567487076346,11.037567487076346,
105.12,11.362564782422501,11.057564782422501,
105.14,11.382562087972966,11.077562087972966,
105.16,11.402559404794815,11.097559404794815,
105.18,11.42255673229076,11.11755673229076,
105.2,11.4425540704063,11.137554070406301,
105.22,11.462551419045711,11.157551419045712,
105.24,11.482548778363604,11.177548778363604,
105.26,11.502546148792918,11.197546148792918,
105.28,11.5225435297925,11.2175435297925,
105.3,11.542540920744683,11.237540920744683,
105.32,11.562538322146644,11.257538322146644,
105.34,11.582535734328808,11.277535734328808,
105.36,11.602533156554545,11.297533156554545,
105.38,11.62253058890685,11.31753058890685,
105.4,11.642528031778998,11.337528031778998,
105.42,11.662525485492566,11.357525485492566,
105.44,11.682522948101662,11.377522948101662,
105.46,11.70252042188604,11.39752042188604,
105.48,11.722517905121865,11.417517905121866,
105.5,11.742515398573016,11.437515398573016,
105.52,11.762512901463907,11.457512901463907,
105.54,11.782510414679281,11.477510414679282,
105.56,11.802507937684785,11.497507937684786,
105.58,11.822505470382524,11.517505470382524,
105.6,11.84250301284557,11.537503012845571,
105.62,11.862500565459852,11.557500565459852,
105.64,11.882498127019476,11.577498127019476,
105.66,11.902495698506074,11.597495698506075,
105.68,11.922493280101731,11.617493280101732,
105.7,11.942490870703619,11.637490870703619,
105.72,11.962488470497822,11.657488470497823,
105.74,11.98248608037107,11.67748608037107,
105.76,12.00248369893712,11.69748369893712,
105.78,12.022481327153764,11.717481327153765,
