episode_id,candidate_id,sample_idx,t_rel_s,robot_world_x,robot_world_y,robot_world_yaw,robot_world_z,odom_x,odom_y,odom_yaw,odom_v,odom_w,lidar_front,lidar_left,lidar_right,human_01_x,human_01_y,human_01_yaw,human_01_z,human_02_x,human_02_y,human_02_yaw,human_02_z,human_03_x,human_03_y,human_03_yaw,human_03_z,human_04_x,human_04_y,human_04_yaw,human_04_z,robot_world_recon_x,robot_world_recon_y
2,C0,0,0.0,-13.002249073141062,1.451421329033949e-09,-1.4293926932685216e-09,0.010000279472418628,-0.9278337738073754,2.1808217547753923,2.772800000203225,0.0,0.0,3.5,3.5,3.5,-10.999999995348643,0.8500210766236131,1.5707963268007166,0.8499937425054247,-6.200000001776271,-0.8500305290962236,-1.5707963267955396,0.8499850764131721,-0.9999999959228577,0.8500011534927014,1.5707963278190338,0.8499829768290963,1.49999901259302,-0.8500033398411353,-1.5707976537715942,0.8499934129455247,-13.00133475868424,1.4953940189906584e-09
2,C0,1,1.1879999999999882,-13.002259144379718,5.149808006545297e-09,1.9248064198870296e-05,0.010000435231475509,-0.9278337738073754,2.1808217547753923,2.772800000203225,0.0,0.0,3.5,3.5,3.5,-10.999999995348643,0.8500210766236131,1.5707963268007166,0.8499937425054247,-6.200000001776271,-0.8500305290962236,-1.5707963267955396,0.8499850764131721,-0.9999999959228577,0.8500011534927014,1.5707963278190338,0.8499829768290963,1.49999901259302,-0.8500033398411353,-1.5707976537715942,0.8499934129455247,-13.00133475868424,1.4953940189906584e-09
2,C0,2,1.1879999999999882,-13.002439714113793,3.4172147521961555e-08,0.00028251144575482465,0.010000602351259593,-0.9278337738070995,2.1808217547752853,2.772800000203636,-7.394085344003543e-12,1.0269562977782698e-11,3.5,3.5,3.5,-10.999999995348643,0.8500210766236131,1.5707963268007166,0.8499937425054247,-6.200000001776271,-0.8500305290962236,-1.5707963267955396,0.8499850764131721,-0.9999999959228577,0.8500011534927014,1.5707963278190338,0.8499829768290963,1.49999901259302,-0.8500033398411353,-1.5707976537715942,0.8499934129455247,-13.001334758684536,1.4953943928383448e-09
2,C0,3,1.1879999999999882,-13.002457049537197,9.582650438139586e-08,0.0006490081639554861,0.010000735852950016,-0.9278337738070995,2.1808217547752853,2.772800000203636,-7.394085344003543e-12,1.0269562977782698e-11,3.5,3.5,3.5,-10.999999995348643,0.8500210766236131,1.5707963268007166,0.8499937425054247,-6.200000001776271,-0.8500305290962236,-1.5707963267955396,0.8499850764131721,-0.9999999959228577,0.8500011534927014,1.5707963278190338,0.8499829768290963,1.49999901259302,-0.8500033398411353,-1.5707976537715942,0.8499934129455247,-13.001334758684536,1.4953943928383448e-09
2,C0,4,1.2280000000000086,-13.002241515622858,4.191009815615698e-07,0.0013543315801859738,0.010000923073843,-0.9278337738070995,2.1808217547752853,2.772800000203636,-7.394085344003543e-12,1.0269562977782698e-11,3.5,3.5,3.5,-10.999999995348643,0.8500210766236131,1.5707963268007166,0.8499937425054247,-6.200000001776271,-0.8500305290962236,-1.5707963267955396,0.8499850764131721,-0.9999999959228577,0.8500011534927014,1.5707963278190338,0.8499829768290963,1.49999901259302,-0.8500033398411353,-1.5707976537715942,0.8499934129455247,-13.001334758684536,1.4953943928383448e-09
2,C0,5,1.2280000000000086,-13.00175322358477,1.4111499137017634e-06,0.002307526115303241,0.010001118344572712,-0.9278337738071177,2.1808217547752906,2.772800000203636,4.884981308350689e-13,0.0,3.5,3.5,3.5,-10.999999995348643,0.8500210766236131,1.5707963268007166,0.8499937425054247,-6.200000001776271,-0.8500305290962236,-1.5707963267955396,0.8499850764131721,-0.9999999959228577,0.8500011534927014,1.5707963278190338,0.8499829768290963,1.49999901259302,-0.8500033398411353,-1.5707976537715942,0.8499934129455247,-13.001334758684518,1.4953959857469452e-09
2,C0,6,1.2280000000000086,-13.00175322358477,1.4111499137017634e-06,0.002307526115303241,0.010001118344572712,-0.9278337738071177,2.1808217547752906,2.772800000203636,4.884981308350689e-13,0.0,3.5,3.5,3.5,-10.999999995348643,0.8500210766236131,1.5707963268007166,0.8499937425054247,-6.200000001776271,-0.8500305290962236,-1.5707963267955396,0.8499850764131721,-0.9999999959228577,0.8500011534927014,1.5707963278190338,0.8499829768290963,1.49999901259302,-0.8500033398411353,-1.5707976537715942,0.8499934129455247,-13.001334758684518,1.4953959857469452e-09
2,C0,7,1.268000000000029,-13.000759261391456,4.556775976648852e-06,0.003848062830175113,0.010001370350478808,-0.9278337738071177,2.1808217547752906,2.772800000203636,4.884981308350689e-13,0.0,3.5,3.5,3.5,-10.999999995348643,0.8500210766236131,1.5707963268007166,0.8499937425054247,-6.200000001776271,-0.8500305290962236,-1.5707963267955396,0.8499850764131721,-0.9999999959228577,0.8500011534927014,1.5707963278190338,0.8499829768290963,1.49999901259302,-0.8500033398411353,-1.5707976537715942,0.8499934129455247,-13.001334758684518,1.4953959857469452e-09
2,C0,8,1.268000000000029,-12.999657188965752,9.635108485727863e-06,0.005360145059678137,0.01000157618717759,-0.927983245241218,2.1808788355923068,2.779200000080874,0.004000000021919803,0.15999999693094846,3.5,3.5,3.5,-10.999999995348643,0.8500210766236131,1.5707963268007166,0.8499937425054247,-6.200000001776271,-0.8500305290962236,-1.5707963267955396,0.8499850764131721,-0.9999999959228577,0.8500011534927014,1.5707963278190338,0.8499829768290963,1.49999901259302,-0.8500033398411353,-1.5707976537715942,0.8499934129455247,-13.001174760185501,6.414922582700716e-07
2,C0,9,1.268000000000029,-12.998282293270405,1.814908760007316e-05,0.0071212126717264115,0.010001784469036002,-0.927983245241218,2.1808788355923068,2.779200000080874,0.004000000021919803,0.15999999693094846,3.5,3.5,3.5,-10.999999995348643,0.8500210766236131,1.5707963268007166,0.8499937425054247,-6.200000001776271,-0.8500305290962236,-1.5707963267955396,0.8499850764131721,-0.9999999959228577,0.8500011534927014,1.5707963278190338,0.8499829768290963,1.49999901259302,-0.8500033398411353,-1.5707976537715942,0.8499934129455247,-13.001174760185501,6.414922582700716e-07
2,C0,10,1.3040000000000305,-12.998282293270405,1.814908760007316e-05,0.0071212126717264115,0.010001784469036002,-0.927983245241218,2.1808788355923068,2.779200000080874,0.004000000021919803,0.15999999693094846,3.5,3.5,3.5,-10.999999995348643,0.8500210766236131,1.5707963268007166,0.8499937425054247,-6.200000001776271,-0.8500305290962236,-1.5707963267955396,0.8499850764131721,-0.9999999959228577,0.8500011534927014,1.5707963278190338,0.8499829768290963,1.49999901259302,-0.8500033398411353,-1.5707976537715942,0.8499934129455247,-13.001174760185501,6.414922582700716e-07
2,C0,11,1.3040000000000305,-12.99663455780915,3.138676175422119e-05,0.009131669928458794,0.0100019944908024,-0.9294095062200415,2.1814043208766822,2.795199999839794,0.037999999929549944,0.39999999397299923,3.5,3.5,3.5,-10.999999995348643,0.8500210766236131,1.5707963268007166,0.8499937425054247,-6.200000001776271,-0.8500305290962236,-1.5707963267955396,0.8499850764131721,-0.9999999959228577,0.8500011534927014,1.5707963278190338,0.8499829768290963,1.49999901259302,-0.8500033398411353,-1.5707976537715942,0.8499934129455247,-12.999654964402255,2.4640263818918352e-05
2,C0,12,1.3040000000000305,-12.994713970519797,5.0842551227929206e-05,0.011391949009773349,0.010002206027894074,-0.9294095062200415,2.1814043208766822,2.795199999839794,0.037999999929549944,0.39999999397299923,3.5,3.5,3.5,-10.999999995348643,0.8500210766236131,1.5707963268007166,0.8499937425054247,-6.200000001776271,-0.8500305290962236,-1.5707963267955396,0.8499850764131721,-0.9999999959228577,0.8500011534927014,1.5707963278190338,0.8499829768290963,1.49999901259302,-0.8500033398411353,-1.5707976537715942,0.8499934129455247,-12.999654964402255,2.4640263818918352e-05
2,C0,13,1.3360000000000127,-12.992520525779641,7.821779284903192e-05,0.01390250926943992,0.010002419336969931,-0.9294095062200415,2.1814043208766822,2.795199999839794,0.037999999929549944,0.39999999397299923,3.5,3.5,3.5,-10.999999995348643,0.8500210766236131,1.5707963268007166,0.8499937425054247,-6.200000001776271,-0.8500305290962236,-1.5707963267955396,0.8499850764131721,-0.9999999959228577,0.8500011534927014,1.5707963278190338,0.8499829768290963,1.49999901259302,-0.8500033398411353,-1.5707976537715942,0.8499934129455247,-12.999654964402255,2.4640263818918352e-05
2,C0,14,1.4080000000000155,-12.981018420831028,0.00030821450165468433,0.02645764867812832,0.010003312301573657,-0.9428569229456272,2.1858357313814216,2.843199999111591,0.15799999992947011,0.3999999939066634,3.5,3.5,3.5,-10.999999995348643,0.8500210766236131,1.5707963268007166,0.8499937425054247,-6.200000001776271,-0.8500305290962236,-1.5707963267955396,0.8499850764131721,-0.9999999959228577,0.8500011534927014,1.5707963278190338,0.8499829768290963,1.49999901259302,-0.8500033398411353,-1.5707976537715942,0.8499934129455247,-12.985514231046416,0.0007388361838061427
2,C0,15,1.5,-12.958239596699931,0.0011755419268377836,0.05035547859471408,0.01000486953352501,-0.9761802177877318,2.1949817322105023,2.8991999982360364,0.2939999999558518,0.39999999347978266,3.5,3.5,3.5,-10.999999995348643,0.8500210766236131,1.5707963268007166,0.8499937425054247,-6.200000001776271,-0.8500305290962236,-1.5707963267955396,0.8499850764131721,-0.9999999959228577,0.8500011534927014,1.5707963278190338,0.8499829768290963,1.49999901259302,-0.8500033398411353,-1.5707976537715942,0.8499934129455247,-12.951134448356813,0.0042204812712768325
2,C0,16,1.6000000000000227,-12.932317386892676,0.002909132450496111,0.08378207417269246,0.010167894135341573,-1.005439442324583,2.2015982105708836,2.9391999979831565,0.29999999999996696,0.40000000000040004,3.5,3.5,3.5,-10.999999995348643,0.8500210766236131,1.5707963268007166,0.8499937425054247,-6.200000001776271,-0.8500305290962236,-1.5707963267955396,0.8499850764131721,-0.9999999959228577,0.8500011534927014,1.5707963278190338,0.8499829768290963,1.49999901259302,-0.8500033398411353,-1.5707976537715942,0.8499934129455247,-12.921457347492112,0.008596517223777807
2,C0,17,1.6999999999999886,-12.904511199554829,0.005357565961375076,0.12126828158415562,0.009997023808831683,-1.0349398511641463,2.2070393395481083,2.9791999977641273,0.2999999999364844,0.3999999945239474,3.5,3.5,3.5,-10.999999995348643,0.8500210766236131,1.5707963268007166,0.8499937425054247,-6.200000001776271,-0.8500305290962236,-1.5707963267955396,0.8499850764131721,-0.9999999959228577,0.8500011534927014,1.5707963278190338,0.8499829768290963,1.49999901259302,-0.8500033398411353,-1.5707976537715942,0.8499934129455247,-12.891978979908743,0.01415582031570764
2,C0,18,1.8040000000000305,-12.871617673209984,0.010097328181574532,0.16604892728816156,0.009999020426769476,-1.0646342499496646,2.2112964145024168,3.0191999977044595,0.30000000000041105,0.4000000000176085,3.5,3.5,3.5,-10.999999995348643,0.8500210766236131,1.5707963268007166,0.8499937425054247,-6.200000001776271,-0.8500305290962236,-1.5707963267955396,0.8499850764131721,-0.9999999959228577,0.8500011534927014,1.5707963278190338,0.8499829768290963,1.49999901259302,-0.8500033398411353,-1.5707976537715942,0.8499934129455247,-12.86274650470032,0.020889496844095627
2,C0,19,1.900000000000034,-12.844801927615192,0.015083370745516265,0.2028491834071399,0.010000684065946463,-1.0944751339764307,2.214362625014345,3.0591999977062425,0.30000000000041105,0.4000000000176085,3.5,3.5,3.5,-10.999999995348643,0.8500210766236131,1.5707963268007166,0.8499937425054247,-6.200000001776271,-0.8500305290962236,-1.5707963267955396,0.8499850764131721,-0.9999999959228577,0.8500011534927014,1.5707963278190338,0.8499829768290963,1.49999901259302,-0.8500033398411353,-1.5707976537715942,0.8499934129455247,-12.833806687595056,0.02878677436968382
2,C0,20,2.0120000000000005,-12.811314370857264,0.022763986288049355,0.24924960323950995,0.01000278086705597,-1.1244147641956848,2.216233065801084,3.0991999977080256,0.30000000000041105,0.4000000000176085,3.4795358180999756,3.5,3.5,-10.999999995348643,0.8500210766236131,1.5707963268007166,0.8499937425054247,-6.200000001776271,-0.8500305290962236,-1.5707963267955396,0.8499850764131721,-0.9999999959228577,0.8500011534927014,1.5707963278190338,0.8499829768290963,1.49999901259302,-0.8500033398411353,-1.5707976537715942,0.8499934129455247,-12.805205826126876,0.03783501893315695
2,C0,21,2.1000000000000227,-12.788464749950297,0.02895910887892081,0.28125002216309414,0.010004563999437867,-1.154405243585853,2.2169047445563828,3.1391999977097975,0.30000000000041105,0.4000000000176085,3.4795358180999756,3.5,3.5,-10.999999995348643,0.8500210766236131,1.5707963268007166,0.8499937425054247,-6.200000001776271,-0.8500305290962236,-1.5707963267955396,0.8499850764131721,-0.9999999959228577,0.8500011534927014,1.5707963278190338,0.8499829768290963,1.49999901259302,-0.8500033398411353,-1.5707976537715942,0.8499934129455247,-12.776989675572944,0.048019755273399675
2,C0,22,2.1999999999999886,-12.76053758995784,0.036556241000431006,0.32130131944105905,0.010098301760854142,-1.1843985937774903,2.216376586737537,-3.103985309469616,0.29999999999994476,0.4000000000001225,3.4795358180999756,3.5,3.5,-10.999999995348643,0.8500210766236131,1.5707963268007166,0.8499937425054247,-6.200000001776271,-0.8500305290962236,-1.5707963267955396,0.8499850764131721,-0.9999999959228577,0.8500011534927014,1.5707963278190338,0.8499829768290963,1.49999901259302,-0.8500033398411353,-1.5707976537715942,0.8499934129455247,-12.749203375755059,0.059324689984858896
2,C0,23,2.3040000000000305,-12.732621519617505,0.04600916302365457,0.3613194141295339,0.010004672582182728,-1.214346831807942,2.2146494372842764,-3.0639853094606164,0.3000000000050962,0.40000000001788605,3.413956642150879,3.5,3.5,-10.999999995348643,0.8500210766236131,1.5707963268007166,0.8499937425054247,-6.200000001776271,-0.8500305290962236,-1.5707963267955396,0.8499850764131721,-0.9999999959228577,0.8500011534927014,1.5707963278190338,0.8499829768290963,1.49999901259302,-0.8500033398411353,-1.5707976537715942,0.8499934129455247,-12.721891378826088,0.07173173758348053
2,C0,24,2.400000000000034,-12.703998053713711,0.05749430644271691,0.4029196427979155,0.010005120172223792,-1.244202046886252,2.211726059267279,-3.0239853094588334,0.30000000000043325,0.40000000001788605,3.413956642150879,3.5,3.5,-10.999999995348643,0.8500210766236131,1.5707963268007166,0.8499937425054247,-6.200000001776271,-0.8500305290962236,-1.5707963267955396,0.8499850764131721,-0.9999999959228577,0.8500011534927014,1.5707963278190338,0.8499829768290963,1.49999901259302,-0.8500033398411353,-1.5707976537715942,0.8499934129455247,-12.695097378153685,0.08522104944026977
2,C0,25,2.504000000000019,-12.678044639284268,0.06913334900722586,0.44131985091198167,0.010005874359839557,-1.2739164770364027,2.2076111294678515,-2.9839853094570503,0.30000000000043325,0.40000000001788605,3.3941166400909424,3.5,3.5,-10.999999995348643,0.8500210766236131,1.5707963268007166,0.8499937425054247,-6.200000001776271,-0.8500305290962236,-1.5707963267955396,0.8499850764131721,-0.9999999959228577,0.8500011534927014,1.5707963278190338,0.8499829768290963,1.49999901259302,-0.8500033398411353,-1.5707976537715942,0.8499934129455247,-12.668864238423764,0.09977104553348928
2,C0,26,2.6000000000000227,-12.65048152628919,0.08284601711736922,0.4829201377904619,0.010007295509142903,-1.3034425855088903,2.2023112308958694,-2.9439853094552673,0.30000000000043325,0.40000000001788605,3.3941166400909424,3.5,3.5,-10.999999995348643,0.8500210766236131,1.5707963268007166,0.8499937425054247,-6.200000001776271,-0.8500305290962236,-1.5707963267955396,0.8499850764131721,-0.9999999959228577,0.8500011534927014,1.5707963278190338,0.8499829768290963,1.49999901259302,-0.8500033398411353,-1.5707976537715942,0.8499934129455247,-12.643233927063784,0.11535844897322059
2,C0,27,2.6999999999999886,-12.62426679623182,0.09576375757394669,0.522989569814612,0.01001533530577512,-1.3327331368286819,2.195834842258496,-2.903985309455183,0.29999999999994476,0.4000000000001225,3.4516992568969727,3.5,3.5,-10.999999995348643,0.8500210766236131,1.5707963268007166,0.8499937425054247,-6.200000001776271,-0.8500305290962236,-1.5707963267955396,0.8499850764131721,-0.9999999959228577,0.8500011534927014,1.5707963278190338,0.8499829768290963,1.49999901259302,-0.8500033398411353,-1.5707976537715942,0.8499934129455247,-12.618247447104446,0.13195832323904924
2,C0,28,2.8000000000000114,-12.597834525758678,0.11163885635546984,0.5645920964300893,0.010000816096247858,-1.3617412723616107,2.188192324395867,-2.863985309445284,0.30000000000043325,0.40000000001788605,3.4516992568969727,3.5,3.5,-10.999999995348643,0.8500210766236131,1.5707963268007166,0.8499937425054247,-6.200000001776271,-0.8500305290962236,-1.5707963267955396,0.8499850764131721,-0.9999999959228577,0.8500011534927014,1.5707963278190338,0.8499829768290963,1.49999901259302,-0.8500033398411353,-1.5707976537715942,0.8499934129455247,-12.593944771583917,0.14954411207325233
2,C0,29,2.9039999999999964,-12.572127227740033,0.12866032932547253,0.6061920592198625,0.010002326012595894,-1.3904205852796914,2.179395903706221,-2.823985309443512,0.30000000000043325,0.40000000001788605,3.5,3.426032781600952,3.5,-10.999999995348643,0.8500210766236131,1.5707963268007166,0.8499937425054247,-6.200000001776271,-0.8500305290962236,-1.5707963267955396,0.8499850764131721,-0.9999999959228577,0.8500011534927014,1.5707963278190338,0.8499829768290963,1.49999901259302,-0.8500033398411353,-1.5707976537715942,0.8499934129455247,-12.570364779597998,0.16808768196544005
2,C0,30,3.0,-12.550962152406093,0.14387499711279989,0.641392145364109,0.01000377181169114,-1.418725194799778,2.1694596525863186,-2.783985309441729,0.30000000000043325,0.40000000001788605,3.5,3.426032781600952,3.5,-10.999999995348643,0.8500210766236131,1.5707963268007166,0.8499937425054247,-6.200000001776271,-0.8500305290962236,-1.5707963267955396,0.8499850764131721,-0.9999999959228577,0.8500011534927014,1.5707963278190338,0.8499829768290963,1.49999901259302,-0.8500033398411353,-1.5707976537715942,0.8499934129455247,-12.547545194104071,0.18755936715927143
2,C1,0,0.0,-13.002231868314551,1.5301633919793775e-09,-1.9720111017061676e-09,0.010000692529109907,-1.7021005790875299,1.9811950081418157,-2.326385306891955,-7.016609515630989e-12,1.0547118733938987e-11,3.5,3.5,3.5,-10.999999995348643,0.8500210766236131,1.5707963268007166,0.8499937425054247,-6.200000001776271,-0.8500305290962236,-1.5707963267955396,0.8499850764131721,-0.9999999957340419,0.8500001534729672,1.5707963278190338,0.849982938483728,1.49999901259302,-0.8500033398411353,-1.5707976537715942,0.8499934129455247,-13.001413690569132,1.571494116957383e-09
2,C1,1,1.2160000000000082,-13.002243658362806,4.668621415120227e-09,1.924765145761092e-05,0.01000087548613565,-1.7021005790875299,1.9811950081418157,-2.326385306891955,-7.016609515630989e-12,1.0547118733938987e-11,3.5,3.5,3.5,-10.999999995348643,0.8500210766236131,1.5707963268007166,0.8499937425054247,-6.200000001776271,-0.8500305290962236,-1.5707963267955396,0.8499850764131721,-0.9999999957340419,0.8500001534729672,1.5707963278190338,0.849982938483728,1.49999901259302,-0.8500033398411353,-1.5707976537715942,0.8499934129455247,-13.001413690569132,1.571494116957383e-09
2,C1,2,1.2160000000000082,-13.00221302930477,7.335312933995678e-08,0.0003631571216775783,0.010001113764467152,-1.7021005790875354,1.981195008141809,-2.326385306891955,4.440892098500626e-13,0.0,3.5,3.5,3.5,-10.999999995348643,0.8500210766236131,1.5707963268007166,0.8499937425054247,-6.200000001776271,-0.8500305290962236,-1.5707963267955396,0.8499850764131721,-0.9999999957340419,0.8500001534729672,1.5707963278190338,0.849982938483728,1.49999901259302,-0.8500033398411353,-1.5707976537715942,0.8499934129455247,-13.001413690569123,1.5714946442754783e-09
2,C1,3,1.2160000000000082,-13.00221302930477,7.335312933995678e-08,0.0003631571216775783,0.010001113764467152,-1.7021005790875354,1.981195008141809,-2.326385306891955,4.440892098500626e-13,0.0,3.5,3.5,3.5,-10.999999995348643,0.8500210766236131,1.5707963268007166,0.8499937425054247,-6.200000001776271,-0.8500305290962236,-1.5707963267955396,0.8499850764131721,-0.9999999957340419,0.8500001534729672,1.5707963278190338,0.849982938483728,1.49999901259302,-0.8500033398411353,-1.5707976537715942,0.8499934129455247,-13.001413690569123,1.5714946442754783e-09
2,C1,4,1.2560000000000286,-13.001756279518561,4.868936966192155e-07,0.0010935816870796848,0.010001361827720073,-1.7021005790875354,1.981195008141809,-2.326385306891955,4.440892098500626e-13,0.0,3.5,3.5,3.5,-10.999999995348643,0.8500210766236131,1.5707963268007166,0.8499937425054247,-6.200000001776271,-0.8500305290962236,-1.5707963267955396,0.8499850764131721,-0.9999999957340419,0.8500001534729672,1.5707963278190338,0.849982938483728,1.49999901259302,-0.8500033398411353,-1.5707976537715942,0.8499934129455247,-13.001413690569123,1.5714946442754783e-09
2,C1,5,1.2560000000000286,-13.001084046486179,1.5596788556892893e-06,0.001956495773058726,0.010001564822447418,-1.7021005790875479,1.9811950081417944,-2.326385306891955,4.884981308350689e-13,0.0,3.5,3.5,3.5,-10.999999995348643,0.8500210766236131,1.5707963268007166,0.8499937425054247,-6.200000001776271,-0.8500305290962236,-1.5707963267955396,0.8499850764131721,-0.9999999957340419,0.8500001534729672,1.5707963278190338,0.849982938483728,1.49999901259302,-0.8500033398411353,-1.5707976537715942,0.8499934129455247,-13.001413690569104,1.5714956427561706e-09
2,C1,6,1.2560000000000286,-12.999860186877372,4.8430704392234535e-06,0.003383769603817448,0.010001822053873214,-1.7021005790875479,1.9811950081417944,-2.326385306891955,4.884981308350689e-13,0.0,3.5,3.5,3.5,-10.999999995348643,0.8500210766236131,1.5707963268007166,0.8499937425054247,-6.200000001776271,-0.8500305290962236,-1.5707963267955396,0.8499850764131721,-0.9999999957340419,0.8500001534729672,1.5707963278190338,0.849982938483728,1.49999901259302,-0.8500033398411353,-1.5707976537715942,0.8499934129455247,-13.001413690569104,1.5714956427561706e-09
2,C1,7,1.29200000000003,-12.999860186877372,4.8430704392234535e-06,0.003383769603817448,0.010001822053873214,-1.7021005790875479,1.9811950081417944,-2.326385306891955,4.884981308350689e-13,0.0,3.5,3.5,3.5,-10.999999995348643,0.8500210766236131,1.5707963268007166,0.8499937425054247,-6.200000001776271,-0.8500305290962236,-1.5707963267955396,0.8499850764131721,-0.9999999957340419,0.8500001534729672,1.5707963278190338,0.849982938483728,1.49999901259302,-0.8500033398411353,-1.5707976537715942,0.8499934129455247,-13.001413690569104,1.5714956427561706e-09
2,C1,8,1.29200000000003,-12.998574224255995,1.0058221279755593e-05,0.004804840875351224,0.010002029659197493,-1.702133460901212,1.9811600397857887,-2.3247853069533155,0.0012000000112033504,0.03999999846598934,3.5,3.5,3.5,-10.999999995348643,0.8500210766236131,1.5707963268007166,0.8499937425054247,-6.200000001776271,-0.8500305290962236,-1.5707963267955396,0.8499850764131721,-0.9999999957340419,0.8500001534729672,1.5707963278190338,0.849982938483728,1.49999901259302,-0.8500033398411353,-1.5707976537715942,0.8499934129455247,-13.001365690594266,4.637129814911333e-08
2,C1,9,1.29200000000003,-12.998574224255995,1.0058221279755593e-05,0.004804840875351224,0.010002029659197493,-1.702133460901212,1.9811600397857887,-2.3247853069533155,0.0012000000112033504,0.03999999846598934,3.5,3.5,3.5,-10.999999995348643,0.8500210766236131,1.5707963268007166,0.8499937425054247,-6.200000001776271,-0.8500305290962236,-1.5707963267955396,0.8499850764131721,-0.9999999957340419,0.8500001534729672,1.5707963278190338,0.849982938483728,1.49999901259302,-0.8500033398411353,-1.5707976537715942,0.8499934129455247,-13.001365690594266,4.637129814911333e-08
2,C1,10,1.3319999999999936,-12.996583151900774,2.1583742421569873e-05,0.006930766079376791,0.010002291022229989,-1.702133460901212,1.9811600397857887,-2.3247853069533155,0.0012000000112033504,0.03999999846598934,3.5,3.5,3.5,-10.999999995348643,0.8500210766236131,1.5707963268007166,0.8499937425054247,-6.200000001776271,-0.8500305290962236,-1.5707963267955396,0.8499850764131721,-0.9999999957340419,0.8500001534729672,1.5707963278190338,0.849982938483728,1.49999901259302,-0.8500033398411353,-1.5707976537715942,0.8499934129455247,-13.001365690594266,4.637129814911333e-08
2,C1,11,1.3319999999999936,-12.994165813668838,4.1084820430146924e-05,0.009445760413994916,0.010002555024441268,-1.7029506428843166,1.98028128667207,-2.316785307194137,0.029999999929497534,0.19999999397946056,3.5,3.5,3.5,-10.999999995348643,0.8500210766236131,1.5707963268007166,0.8499937425054247,-6.200000001776271,-0.8500305290962236,-1.5707963267955396,0.8499850764131721,-0.9999999957340419,0.8500001534729672,1.5707963278190338,0.849982938483728,1.49999901259302,-0.8500033398411353,-1.5707976537715942,0.8499934129455247,-13.00016571852651,7.822295104770475e-06
2,C1,12,1.3319999999999936,-12.994165813668838,4.1084820430146924e-05,0.009445760413994916,0.010002555024441268,-1.7029506428843166,1.98028128667207,-2.316785307194137,0.029999999929497534,0.19999999397946056,3.5,3.5,3.5,-10.999999995348643,0.8500210766236131,1.5707963268007166,0.8499937425054247,-6.200000001776271,-0.8500305290962236,-1.5707963267955396,0.8499850764131721,-0.9999999957340419,0.8500001534729672,1.5707963278190338,0.849982938483728,1.49999901259302,-0.8500033398411353,-1.5707976537715942,0.8499934129455247,-13.00016571852651,7.822295104770475e-06
2,C1,13,1.372000000000014,-12.988740384436406,0.00010638410626306684,0.01495563934585804,0.010003043171282222,-1.7029506428843166,1.98028128667207,-2.316785307194137,0.029999999929497534,0.19999999397946056,3.5,3.5,3.5,-10.999999995348643,0.8500210766236131,1.5707963268007166,0.8499937425054247,-6.200000001776271,-0.8500305290962236,-1.5707963267955396,0.8499850764131721,-0.9999999957340419,0.8500001534729672,1.5707963278190338,0.849982938483728,1.49999901259302,-0.8500033398411353,-1.5707976537715942,0.8499934129455247,-13.00016571852651,7.822295104770475e-06
2,C1,14,1.4039999999999964,-12.985885769940982,0.00015254157567614503,0.017811155379603084,0.010003269618726955,-1.7061845196895224,1.976734206586356,-2.3047853075565463,0.08999999992953533,0.19999999395559076,3.5,3.5,3.5,-10.999999995348643,0.8500210766236131,1.5707963268007166,0.8499937425054247,-6.200000001776271,-0.8500305290962236,-1.5707963267955396,0.8499850764131721,-0.9999999957340419,0.8500001534729672,1.5707963278190338,0.849982938483728,1.49999901259302,-0.8500033398411353,-1.5707976537715942,0.8499934129455247,-12.995366387286923,8.628233870865533e-05
2,C1,15,1.5079999999999814,-12.956226219166021,0.001055512088988501,0.04171744229888183,0.010005508137621301,-1.7261315780510402,1.9537951425825582,-2.272785308133976,0.24999999993380317,0.20000000009595675,3.5,3.5,3.5,-10.999999995348643,0.8500210766236131,1.5707963268007166,0.8499937425054247,-6.200000001776271,-0.8500305290962236,-1.5707963267955396,0.8499850764131721,-0.9999999957340419,0.8500001534729672,1.5707963278190338,0.849982938483728,1.49999901259302,-0.8500033398411353,-1.5707976537715942,0.8499934129455247,-12.96499173459794,0.0012971781524406395
2,C1,16,1.603999999999985,-12.933787743445833,0.0021633477886729624,0.05850469846863152,0.010182189000371145,-1.7487574552561886,1.9263733520491815,-2.248785308130595,0.29999999999996696,0.20000000000186535,3.5,3.5,3.5,-10.999999995348643,0.8500210766236131,1.5707963268007166,0.8499937425054247,-6.200000001776271,-0.8500305290962236,-1.5707963267955396,0.8499850764131721,-0.9999999957340419,0.8500001534729672,1.5707963278190338,0.849982938483728,1.49999901259302,-0.8500033398411353,-1.5707976537715942,0.8499934129455247,-12.929517336701522,0.003632131951888183
2,C1,17,1.6999999999999886,-12.905191418204126,0.003903394186611997,0.07929335043634553,0.010003599327963695,-1.7673393991241626,1.9028216777489744,-2.2287853081270126,0.2999999999399261,0.20000000008735253,3.5,3.5,3.5,-10.999999995348643,0.8500210766236131,1.5707963268007166,0.8499937425054247,-6.200000001776271,-0.8500305290962236,-1.5707963267955396,0.8499850764131721,-0.9999999957340419,0.8500001534729672,1.5707963278190338,0.849982938483728,1.49999901259302,-0.8500033398411353,-1.5707976537715942,0.8499934129455247,-12.899632867581387,0.0062567282376374475
2,C1,18,1.8000000000000114,-12.876641317285952,0.006440297039767371,0.09849343430700218,0.010003908796800555,-1.7854466246442515,1.878903099522658,-2.2087853081259845,0.3000000000006553,0.20000000001046958,3.5,3.5,3.5,-10.999999995348643,0.8500210766236131,1.5707963268007166,0.8499937425054247,-6.200000001776271,-0.8500305290962236,-1.5707963267955396,0.8499850764131721,-0.9999999957340419,0.8500001534729672,1.5707963278190338,0.849982938483728,1.49999901259302,-0.8500033398411353,-1.5707976537715942,0.8499934129455247,-12.869806863579726,0.009478449159233106
2,C1,19,1.900000000000034,-12.848169684799178,0.009521138252354231,0.1176935660423595,0.010004548045379386,-1.803071889166202,1.8546271844845925,-2.188785308124942,0.3000000000006553,0.20000000001046958,3.5,3.5,3.5,-10.999999995348643,0.8500210766236131,1.5707963268007166,0.8499937425054247,-6.200000001776271,-0.8500305290962236,-1.5707963267955396,0.8499850764131721,-0.9999999957340419,0.8500001534729672,1.5707963278190338,0.849982938483728,1.49999901259302,-0.8500033398411353,-1.5707976537715942,0.8499934129455247,-12.840051254702916,0.013296006070976113
2,C1,20,2.0,-12.818606487699892,0.01330773592481234,0.13769376739248407,0.010005417609412778,-1.8202081428191983,1.8300036426771265,-2.168785308123913,0.3000000000006553,0.20000000001046958,3.4855878353118896,3.5,3.5,-10.999999995348643,0.8500210766236131,1.5707963268007166,0.8499937425054247,-6.200000001776271,-0.8500305290962236,-1.5707963267955396,0.8499850764131721,-0.9999999957340419,0.8500001534729672,1.5707963278190338,0.849982938483728,1.49999901259302,-0.8500033398411353,-1.5707976537715942,0.8499934129455247,-12.810377942797782,0.017707872001001823
2,C1,21,2.1000000000000227,-12.787975942712665,0.01786940514044958,0.15849410298920688,0.01000689060019583,-1.8368485313302627,1.805042323188669,-2.148785308122872,0.3000000000006553,0.20000000001046958,3.4855878353118896,3.5,3.5,-10.999999995348643,0.8500210766236131,1.5707963268007166,0.8499937425054247,-6.200000001776271,-0.8500305290962236,-1.5707963267955396,0.8499850764131721,-0.9999999957340419,0.8500001534729672,1.5707963278190338,0.849982938483728,1.49999901259302,-0.8500033398411353,-1.5707976537715942,0.8499934129455247,-12.78079879679344,0.02271228226176282
2,C1,22,2.1999999999999886,-12.759025134149397,0.022293040285602656,0.17852160768677525,0.010130795358900041,-1.8529863987658357,1.7797532102142546,-2.128785308122549,0.29999999999994476,0.2000000000015878,3.4256131649017334,3.5,3.5,-10.999999995348643,0.8500210766236131,1.5707963268007166,0.8499937425054247,-6.200000001776271,-0.8500305290962236,-1.5707963267955396,0.8499850764131721,-0.9999999957340419,0.8500001534729672,1.5707963278190338,0.849982938483728,1.49999901259302,-0.8500033398411353,-1.5707976537715942,0.8499934129455247,-12.751325647953971,0.028307235155861088
2,C1,23,2.3040000000000305,-12.728768506361922,0.027690020799380696,0.19933455349137827,0.009999248843365206,-1.8686152901938158,1.7541464190622615,-2.108785308117286,0.3000000000006775,0.20000000001019203,3.4256131649017334,3.5,3.5,-10.999999995348643,0.8500210766236131,1.5707963268007166,0.8499937425054247,-6.200000001776271,-0.8500305290962236,-1.5707963267955396,0.8499850764131721,-0.9999999957340419,0.8500001534729672,1.5707963278190338,0.849982938483728,1.49999901259302,-0.8500033398411353,-1.5707976537715942,0.8499934129455247,-12.721970285146405,0.034490492776697565
2,C1,24,2.400000000000034,-12.700736739060906,0.03362543009547282,0.2185345480169095,0.010000658176820889,-1.8837289542665785,1.7282321921067891,-2.0887853081162437,0.3000000000006775,0.20000000001019203,3.366746664047241,3.5,3.5,-10.999999995348643,0.8500210766236131,1.5707963268007166,0.8499937425054247,-6.200000001776271,-0.8500305290962236,-1.5707963267955396,0.8499850764131721,-0.9999999957340419,0.8500001534729672,1.5707963278190338,0.849982938483728,1.49999901259302,-0.8500033398411353,-1.5707976537715942,0.8499934129455247,-12.6927444501234,0.04125958190390161
2,C1,25,2.504000000000019,-12.672848068821242,0.04009172207843214,0.23773464848915962,0.010002126352399544,-1.898321345719757,1.7020208946936295,-2.0687853081152032,0.3000000000006775,0.20000000001019203,3.366746664047241,3.5,3.5,-10.999999995348643,0.8500210766236131,1.5707963268007166,0.8499937425054247,-6.200000001776271,-0.8500305290962236,-1.5707963267955396,0.8499850764131721,-0.9999999957340419,0.8500001534729672,1.5707963278190338,0.849982938483728,1.49999901259302,-0.8500033398411353,-1.5707976537715942,0.8499934129455247,-12.663659832829843,0.04861179499189572
2,C1,26,2.6000000000000227,-12.642808794703036,0.04769340397054125,0.25853486511671814,0.0100038624254045,-1.9123866277913348,1.675523010992265,-2.048785308114171,0.3000000000006775,0.20000000001019203,3.316213846206665,3.5,3.5,-10.999999995348643,0.8500210766236131,1.5707963268007166,0.8499937425054247,-6.200000001776271,-0.8500305290962236,-1.5707963267955396,0.8499850764131721,-0.9999999957340419,0.8500001534729672,1.5707963278190338,0.849982938483728,1.49999901259302,-0.8500033398411353,-1.5707976537715942,0.8499934129455247,-12.634728066724861,0.056544191253473736
2,C1,27,2.6999999999999886,-12.612972514280958,0.05571651874613245,0.27934940103829686,0.01011630497937678,-1.9259191745560078,1.6487491398028975,-2.0287853081133735,0.300000000000189,0.2000000000040858,3.316213846206665,3.5,3.5,-10.999999995348643,0.8500210766236131,1.5707963268007166,0.8499937425054247,-6.200000001776271,-0.8500305290962236,-1.5707963267955396,0.8499850764131721,-0.9999999957340419,0.8500001534729672,1.5707963278190338,0.849982938483728,1.49999901259302,-0.8500033398411353,-1.5707976537715942,0.8499934129455247,-12.605960724129167,0.06505359783588743
2,C1,28,2.8000000000000114,-12.584470675056098,0.06347940546956089,0.29938152517211364,0.010003709401836062,-1.9389135731753602,1.621709990317336,-2.0087853081082976,0.2999999999920844,0.20000000012426744,3.2566492557525635,3.5,3.5,-10.999999995348643,0.8500210766236131,1.5707963268007166,0.8499937425054247,-6.200000001776271,-0.8500305290962236,-1.5707963267955396,0.8499850764131721,-0.9999999957340419,0.8500001534729672,1.5707963278190338,0.849982938483728,1.49999901259302,-0.8500033398411353,-1.5707976537715942,0.8499934129455247,-12.577369311596561,0.07413661108984912
2,C1,29,2.900000000000034,-12.560568087184153,0.07107122140104892,0.316181481759962,0.010003938521214752,-1.951364626063401,1.594416377834132,-1.9887853081072555,0.3000000000006775,0.20000000001019203,3.2566492557525635,3.5,3.5,-10.999999995348643,0.8500210766236131,1.5707963268007166,0.8499937425054247,-6.200000001776271,-0.8500305290962236,-1.5707963267955396,0.8499850764131721,-0.9999999957340419,0.8500001534729672,1.5707963278190338,0.849982938483728,1.49999901259302,-0.8500033398411353,-1.5707976537715942,0.8499934129455247,-12.548965265310184,0.08378959793151394
2,C1,30,3.0,-12.53118105016673,0.08101575545462479,0.3369815353356439,0.010004645031479725,-1.963267352964933,1.5668792194347687,-1.9687853081062132,0.3000000000006775,0.20000000001019203,3.1993625164031982,3.5,3.5,-10.999999995348643,0.8500210766236131,1.5707963268007166,0.8499937425054247,-6.200000001776271,-0.8500305290962236,-1.5707963267955396,0.8499850764131721,-0.9999999957340419,0.8500001534729672,1.5707963278190338,0.849982938483728,1.49999901259302,-0.8500033398411353,-1.5707976537715942,0.8499934129455247,-12.520759946510157,0.0940086972946152
2,C2,0,0.0,-13.00224167788579,1.6616001209822146e-09,-1.6695499136710775e-09,0.010000441365157799,-2.0610597039791148,1.2262691243212605,-1.7319853068421023,-7.349676423018536e-12,1.0269562977782698e-11,3.5,3.5,3.5,-10.999999995348643,0.8500210766236131,1.5707963268007166,0.8499937425054247,-6.200000001515352,-0.8500300196052891,-1.5707963267955392,0.8499840763553426,-0.999999995548708,0.8499991532156886,1.5707963278190338,0.8499829588191088,1.49999901259302,-0.8500033398411353,-1.5707976537715942,0.8499934129455247,-13.001251091435094,1.7074940705023336e-09
2,C2,1,1.2239999999999895,-13.002234967922517,1.6612856667481246e-09,-1.8816118498520524e-09,0.010000609950387396,-2.0610597039791148,1.2262691243212605,-1.7319853068421023,-7.349676423018536e-12,1.0269562977782698e-11,3.5,3.5,3.5,-10.999999995348643,0.8500210766236131,1.5707963268007166,0.8499937425054247,-6.200000001515352,-0.8500300196052891,-1.5707963267955392,0.8499840763553426,-0.999999995548708,0.8499991532156886,1.5707963278190338,0.8499829588191088,1.49999901259302,-0.8500033398411353,-1.5707976537715942,0.8499934129455247,-13.001251091435094,1.7074940705023336e-09
2,C2,2,1.2239999999999895,-13.002069049331656,2.5976727969830927e-09,1.2377870602659498e-08,0.010000790223743145,-2.061059703979117,1.2262691243212516,-1.7319853068421023,-7.127631818093505e-12,1.0269562977782698e-11,3.5,3.5,3.5,-10.999999995348643,0.8500210766236131,1.5707963268007166,0.8499937425054247,-6.200000001515352,-0.8500300196052891,-1.5707963267955392,0.8499840763553426,-0.999999995548708,0.8499991532156886,1.5707963278190338,0.8499829588191088,1.49999901259302,-0.8500033398411353,-1.5707976537715942,0.8499934129455247,-13.001251091435085,1.7074933042938473e-09
2,C2,3,1.2239999999999895,-13.001647967532138,4.865035883321216e-09,2.6706259491202024e-08,0.010000980259050772,-2.061059703979117,1.2262691243212516,-1.7319853068421023,-7.127631818093505e-12,1.0269562977782698e-11,3.5,3.5,3.5,-10.999999995348643,0.8500210766236131,1.5707963268007166,0.8499937425054247,-6.200000001515352,-0.8500300196052891,-1.5707963267955392,0.8499840763553426,-0.999999995548708,0.8499991532156886,1.5707963278190338,0.8499829588191088,1.49999901259302,-0.8500033398411353,-1.5707976537715942,0.8499934129455247,-13.001251091435085,1.7074933042938473e-09
2,C2,4,1.259999999999991,-13.000971722482934,8.286714016238275e-09,4.104370063327701e-08,0.01000117750681081,-2.061059703979117,1.2262691243212516,-1.7319853068421023,-7.127631818093505e-12,1.0269562977782698e-11,3.5,3.5,3.5,-10.999999995348643,0.8500210766236131,1.5707963268007166,0.8499937425054247,-6.200000001515352,-0.8500300196052891,-1.5707963267955392,0.8499840763553426,-0.999999995548708,0.8499991532156886,1.5707963278190338,0.8499829588191088,1.49999901259302,-0.8500033398411353,-1.5707976537715942,0.8499934129455247,-13.001251091435085,1.7074933042938473e-09
2,C2,5,1.259999999999991,-13.000971722482934,8.286714016238275e-09,4.104370063327701e-08,0.01000117750681081,-2.0610597039791214,1.226269124321232,-1.7319853068421023,4.884981308350689e-13,0.0,3.5,3.5,3.5,-10.999999995348643,0.8500210766236131,1.5707963268007166,0.8499937425054247,-6.200000001515352,-0.8500300196052891,-1.5707963267955392,0.8499840763553426,-0.999999995548708,0.8499991532156886,1.5707963278190338,0.8499829588191088,1.49999901259302,-0.8500033398411353,-1.5707976537715942,0.8499934129455247,-13.001251091435066,1.7074920569677297e-09
2,C2,6,1.259999999999991,-13.00004031415235,1.273718577226196e-08,5.539021225814348e-08,0.010001379884600712,-2.0610597039791214,1.226269124321232,-1.7319853068421023,4.884981308350689e-13,0.0,3.5,3.5,3.5,-10.999999995348643,0.8500210766236131,1.5707963268007166,0.8499937425054247,-6.200000001515352,-0.8500300196052891,-1.5707963267955392,0.8499840763553426,-0.999999995548708,0.8499991532156886,1.5707963278190338,0.8499829588191088,1.49999901259302,-0.8500033398411353,-1.5707976537715942,0.8499934129455247,-13.001251091435066,1.7074920569677297e-09
2,C2,7,1.3000000000000114,-12.998517230338347,1.9638554085107228e-08,7.333613607720079e-08,0.010001637655500339,-2.0610597039791214,1.226269124321232,-1.7319853068421023,4.884981308350689e-13,0.0,3.5,3.5,3.5,-10.999999995348643,0.8500210766236131,1.5707963268007166,0.8499937425054247,-6.200000001515352,-0.8500300196052891,-1.5707963267955392,0.8499840763553426,-0.999999995548708,0.8499991532156886,1.5707963278190338,0.8499829588191088,1.49999901259302,-0.8500033398411353,-1.5707976537715942,0.8499934129455247,-13.001251091435066,1.7074920569677297e-09
2,C2,8,1.3000000000000114,-12.998517230338347,1.9638554085107228e-08,7.333613607720079e-08,0.010001637655500339,-2.061098222031855,1.2260322354042632,-1.7319853068403914,0.005999999967132297,4.274358644806853e-11,3.5,3.5,3.5,-10.999999995348643,0.8500210766236131,1.5707963268007166,0.8499937425054247,-6.200000001515352,-0.8500300196052891,-1.5707963267955392,0.8499840763553426,-0.999999995548708,0.8499991532156886,1.5707963278190338,0.8499829588191088,1.49999901259302,-0.8500033398411353,-1.5707976537715942,0.8499934129455247,-13.001011091436379,1.7066151661280257e-09
2,C2,9,1.3000000000000114,-12.997011704545963,2.620971048977693e-08,8.77031265566082e-08,0.010001846385138688,-2.061098222031855,1.2260322354042632,-1.7319853068403914,0.005999999967132297,4.274358644806853e-11,3.5,3.5,3.5,-10.999999995348643,0.8500210766236131,1.5707963268007166,0.8499937425054247,-6.200000001515352,-0.8500300196052891,-1.5707963267955392,0.8499840763553426,-0.999999995548708,0.8499991532156886,1.5707963278190338,0.8499829588191088,1.49999901259302,-0.8500033398411353,-1.5707976537715942,0.8499934129455247,-13.001011091436379,1.7066151661280257e-09
2,C2,10,1.339999999999975,-12.995251015416674,3.3754830522132065e-08,1.0207925129692823e-07,0.010002056709417416,-2.061098222031855,1.2260322354042632,-1.7319853068403914,0.005999999967132297,4.274358644806853e-11,3.5,3.5,3.5,-10.999999995348643,0.8500210766236131,1.5707963268007166,0.8499937425054247,-6.200000001515352,-0.8500300196052891,-1.5707963267955392,0.8499840763553426,-0.999999995548708,0.8499991532156886,1.5707963278190338,0.8499829588191088,1.49999901259302,-0.8500033398411353,-1.5707976537715942,0.8499934129455247,-13.001011091436379,1.7066151661280257e-09
2,C2,11,1.339999999999975,-12.993235162945863,4.236569326040765e-08,1.1646453108024099e-07,0.010002268537105662,-2.0613678484020337,1.2243740129790086,-1.7319853068368838,0.041999999933883814,8.770761894538737e-11,3.5,3.5,3.5,-10.999999995348643,0.8500210766236131,1.5707963268007166,0.8499937425054247,-6.200000001515352,-0.8500300196052891,-1.5707963267955392,0.8499840763553426,-0.999999995548708,0.8499991532156886,1.5707963278190338,0.8499829588191088,1.49999901259302,-0.8500033398411353,-1.5707976537715942,0.8499934129455247,-12.999331091439023,1.7004856841759154e-09
2,C2,12,1.339999999999975,-12.990964147134287,5.218520714954485e-08,1.3085898792258413e-07,0.010002482246838225,-2.0613678484020337,1.2243740129790086,-1.7319853068368838,0.041999999933883814,8.770761894538737e-11,3.5,3.5,3.5,-10.999999995348643,0.8500210766236131,1.5707963268007166,0.8499937425054247,-6.200000001515352,-0.8500300196052891,-1.5707963267955392,0.8499840763553426,-0.999999995548708,0.8499991532156886,1.5707963278190338,0.8499829588191088,1.49999901259302,-0.8500033398411353,-1.5707976537715942,0.8499934129455247,-12.999331091439023,1.7004856841759154e-09
2,C2,13,1.3799999999999955,-12.988437967988089,6.340741034459174e-08,1.4526264350756207e-07,0.010002698687600346,-2.0613678484020337,1.2243740129790086,-1.7319853068368838,0.041999999933883814,8.770761894538737e-11,3.5,3.5,3.5,-10.999999995348643,0.8500210766236131,1.5707963268007166,0.8499937425054247,-6.200000001515352,-0.8500300196052891,-1.5707963267955392,0.8499840763553426,-0.999999995548708,0.8499991532156886,1.5707963278190338,0.8499829588191088,1.49999901259302,-0.8500033398411353,-1.5707976537715942,0.8499934129455247,-12.999331091439023,1.7004856841759154e-09
2,C2,14,1.4080000000000155,-12.985656625518994,7.627747115743552e-08,1.596755195421397e-07,0.010002919179200638,-2.0615989567194783,1.2229526794707142,-1.7319853068351414,0.06199999993388161,8.715250743307479e-11,3.5,3.5,3.5,-10.999999995348643,0.8500210766236131,1.5707963268007166,0.8499937425054247,-6.200000001515352,-0.8500300196052891,-1.5707963267955392,0.8499840763553426,-0.999999995548708,0.8499991532156886,1.5707963278190338,0.8499829588191088,1.49999901259302,-0.8500033398411353,-1.5707976537715942,0.8499934129455247,-12.997891091440348,1.6952349212980347e-09
2,C2,15,1.5039999999999623,-12.962492192749703,2.1669176141229085e-07,2.4996636677358567e-07,0.01000453922803244,-2.0657589064353745,1.1973686763083322,-1.7319853068212014,0.221999999933864,8.715250743307479e-11,3.5,3.5,3.5,-10.999999995348643,0.8500210766236131,1.5707963268007166,0.8499937425054247,-6.200000001515352,-0.8500300196052891,-1.5707963267955392,0.8499840763553426,-0.999999995548708,0.8499991532156886,1.5707963278190338,0.8499829588191088,1.49999901259302,-0.8500033398411353,-1.5707976537715942,0.8499934129455247,-12.971971091450925,1.6009530402760763e-09
2,C2,16,1.603999999999985,-12.935447302960537,4.690832777992526e-07,2.6938075705201395e-07,0.010152942659689206,-2.0722299393283747,1.157571338043337,-1.7319853068159594,0.2999999999997227,2.7755575615628914e-13,3.5,3.5,3.5,-10.999999995348643,0.8500210766236131,1.5707963268007166,0.8499937425054247,-6.200000001515352,-0.8500300196052891,-1.5707963267955392,0.8499840763553426,-0.999999995548708,0.8499991532156886,1.5707963278190338,0.8499829588191088,1.49999901259302,-0.8500033398411353,-1.5707976537715942,0.8499934129455247,-12.931651091454885,1.454697251546122e-09
2,C2,17,1.6999999999999886,-12.908690017753198,7.38112425000122e-07,3.064721339906951e-07,0.010000136855298863,-2.077044695945231,1.1279602232623116,-1.7319853068126065,0.2999999999398151,8.409939411535561e-11,3.5,3.5,3.5,-10.999999995348643,0.8500210766236131,1.5707963268007166,0.8499937425054247,-6.200000001515352,-0.8500300196052891,-1.5707963267955392,0.8499840763553426,-0.999999995548708,0.8499991532156886,1.5707963278190338,0.8499829588191088,1.49999901259302,-0.8500033398411353,-1.5707976537715942,0.8499934129455247,-12.901651091457307,1.345919712486543e-09
2,C2,18,1.8039999999999736,-12.875044710441951,9.948945337336762e-07,3.049924471970364e-07,0.010001236173583377,-2.0818594525623975,1.0983491084788126,-1.7319853068126059,0.3000000000006775,0.0,3.5,3.5,3.5,-10.999999995348643,0.8500210766236131,1.5707963268007166,0.8499937425054247,-6.200000001515352,-0.8500300196052891,-1.5707963267955392,0.8499840763553426,-0.999999995548708,0.8499991532156886,1.5707963278190338,0.8499829588191088,1.49999901259302,-0.8500033398411353,-1.5707976537715942,0.8499934129455247,-12.87165109145724,1.2372332047760892e-09
2,C2,19,1.8999999999999773,-12.849832839753757,1.1315419345545238e-06,3.0412915149034425e-07,0.01000227957872965,-2.086674209179564,1.0687379936953145,-1.7319853068125952,0.3000000000006553,2.7755575615628914e-13,3.5,3.5,3.5,-10.999999995348643,0.8500210766236131,1.5707963268007166,0.8499937425054247,-6.200000001515352,-0.8500300196052891,-1.5707963267955392,0.8499840763553426,-0.999999995548708,0.8499991532156886,1.5707963278190338,0.8499829588191088,1.49999901259302,-0.8500033398411353,-1.5707976537715942,0.8499934129455247,-12.841651091457173,1.1285465582877574e-09
2,C2,20,2.0039999999999623,-12.816246483090385,1.3113832735097879e-06,3.0330543941769885e-07,0.010003763648515263,-2.09148896579673,1.0391268789118155,-1.7319853068125952,0.3000000000006775,0.0,3.4876065254211426,3.5,3.5,-10.999999995348643,0.8500210766236131,1.5707963268007166,0.8499937425054247,-6.200000001515352,-0.8500300196052891,-1.5707963267955392,0.8499840763553426,-0.999999995548708,0.8499991532156886,1.5707963278190338,0.8499829588191088,1.49999901259302,-0.8500033398411353,-1.5707976537715942,0.8499934129455247,-12.811651091457104,1.0198600505773037e-09
2,C2,21,2.099999999999966,-12.78748499161536,1.5256791092727999e-06,3.0289773062552697e-07,0.010005417646445497,-2.0963037224138965,1.0095157641283166,-1.7319853068125952,0.3000000000006775,0.0,3.4876065254211426,3.5,3.5,-10.999999995348643,0.8500210766236131,1.5707963268007166,0.8499937425054247,-6.200000001515352,-0.8500300196052891,-1.5707963267955392,0.8499840763553426,-0.999999995548708,0.8499991532156886,1.5707963278190338,0.8499829588191088,1.49999901259302,-0.8500033398411353,-1.5707976537715942,0.8499934129455247,-12.781651091457036,9.11173539397403e-10
2,C2,22,2.1999999999999886,-12.757936272421883,1.821720760710871e-06,3.028647394932607e-07,0.010131243692961246,-2.1001555277076234,0.9858268723015708,-1.7319853068126059,0.2999999999997227,-2.7755575615628914e-13,3.423396348953247,3.5,3.5,-10.999999995348643,0.8500210766236131,1.5707963268007166,0.8499937425054247,-6.200000001515352,-0.8500300196052891,-1.5707963267955392,0.8499840763553426,-0.999999995548708,0.8499991532156886,1.5707963278190338,0.8499829588191088,1.49999901259302,-0.8500033398411353,-1.5707976537715942,0.8499934129455247,-12.757651091457035,8.242218921261646e-10
2,C2,23,2.3039999999999736,-12.725815002528732,2.126240493137745e-06,3.091419913801412e-07,0.010000860632193001,-2.1059332356481244,0.9502935345619254,-1.7319853068119289,0.3000000000006553,-2.7755575615628914e-13,3.423396348953247,3.5,3.5,-10.999999995348643,0.8500210766236131,1.5707963268007166,0.8499937425054247,-6.200000001515352,-0.8500300196052891,-1.5707963267955392,0.8499840763553426,-0.999999995548708,0.8499991532156886,1.5707963278190338,0.8499829588191088,1.49999901259302,-0.8500033398411353,-1.5707976537715942,0.8499934129455247,-12.721651091457515,6.938065746919797e-10
2,C2,24,2.4039999999999964,-12.696991156949382,2.3212988311965534e-06,3.080452850037122e-07,0.010001957703307803,-2.11074799226527,0.9206824197784249,-1.7319853068119184,0.3000000000006331,0.0,3.369518518447876,3.5,3.5,-10.999999995348643,0.8500210766236131,1.5707963268007166,0.8499937425054247,-6.200000001515352,-0.8500300196052891,-1.5707963267955392,0.8499840763553426,-0.999999995548708,0.8499991532156886,1.5707963278190338,0.8499829588191088,1.49999901259302,-0.8500033398411353,-1.5707976537715942,0.8499934129455247,-12.691651091457448,5.851409218271542e-10
2,C2,25,2.5039999999999623,-12.66579325392524,2.50336185004315e-06,3.071642415861204e-07,0.010003301733470563,-2.115562748882416,0.8910713049949236,-1.7319853068119184,0.3000000000006553,2.7755575615628914e-13,3.369518518447876,3.5,3.5,-10.999999995348643,0.8500210766236131,1.5707963268007166,0.8499937425054247,-6.200000001515352,-0.8500300196052891,-1.5707963267955392,0.8499840763553426,-0.999999995548708,0.8499991532156886,1.5707963278190338,0.8499829588191088,1.49999901259302,-0.8500033398411353,-1.5707976537715942,0.8499934129455247,-12.661651091457381,4.764749567121029e-10
2,C2,26,2.603999999999985,-12.6406161531821,2.6761212303198615e-06,3.0668692313592746e-07,0.010004577324269978,-2.1203775054995617,0.8614601902114223,-1.7319853068119184,0.3000000000006775,0.0,3.3417351245880127,3.5,3.5,-10.999999995348643,0.8500210766236131,1.5707963268007166,0.8499937425054247,-6.200000001515352,-0.8500300196052891,-1.5707963267955392,0.8499840763553426,-0.999999995548708,0.8499991532156886,1.5707963278190338,0.8499829588191088,1.49999901259302,-0.8500033398411353,-1.5707976537715942,0.8499934129455247,-12.631651091457314,3.678089846581578e-10
2,C2,27,2.7040000000000077,-12.605952377974733,3.006725250455123e-06,3.0631103092771593e-07,0.010125555932220292,-2.125192262116702,0.8318490754279625,-1.7319853068119289,0.2999999999997227,-2.7755575615628914e-13,3.3417351245880127,3.5,3.5,-10.999999995348643,0.8500210766236131,1.5707963268007166,0.8499937425054247,-6.200000001515352,-0.8500300196052891,-1.5707963267955392,0.8499840763553426,-0.999999995548708,0.8499991532156886,1.5707963278190338,0.8499829588191088,1.49999901259302,-0.8500033398411353,-1.5707976537715942,0.8499934129455247,-12.601651091457288,2.5914205503685395e-10
2,C2,28,2.8039999999999736,-12.578529355551948,3.282713916535866e-06,3.0946022007332925e-07,0.010004552786216462,-2.1300070187337927,0.8022379606447904,-1.731985306811563,0.2999999999937497,8.881784197001252e-12,3.257534980773926,3.5,3.5,-10.999999995348643,0.8500210766236131,1.5707963268007166,0.8499937425054247,-6.200000001515352,-0.8500300196052891,-1.5707963267955392,0.8499840763553426,-0.999999995548708,0.8499991532156886,1.5707963278190338,0.8499829588191088,1.49999901259302,-0.8500033398411353,-1.5707976537715942,0.8499934129455247,-12.571651091457554,1.5047760260067378e-10
2,C2,29,2.8999999999999773,-12.54850033413669,3.5171948439079948e-06,3.0827413090337657e-07,0.010004781788605754,-2.134821775350927,0.7726268458612895,-1.7319853068115523,0.3000000000006553,2.7755575615628914e-13,3.257534980773926,3.5,3.5,-10.999999995348643,0.8500210766236131,1.5707963268007166,0.8499937425054247,-6.200000001515352,-0.8500300196052891,-1.5707963267955392,0.8499840763553426,-0.999999995548708,0.8499991532156886,1.5707963278190338,0.8499829588191088,1.49999901259302,-0.8500033398411353,-1.5707976537715942,0.8499934129455247,-12.541651091457489,4.182296176047373e-11
2,C2,30,3.0,-12.517298645570088,3.721091017031298e-06,3.0735220627837856e-07,0.01000545321883228,-2.139636531968062,0.7430157310777877,-1.7319853068115523,0.3000000000006775,0.0,3.220877170562744,3.4202229976654053,3.5,-10.999999995348643,0.8500210766236131,1.5707963268007166,0.8499937425054247,-6.200000001515352,-0.8500300196052891,-1.5707963267955392,0.8499840763553426,-0.999999995548708,0.8499991532156886,1.5707963278190338,0.8499829588191088,1.49999901259302,-0.8500033398411353,-1.5707976537715942,0.8499934129455247,-12.511651091457423,-6.683197051327028e-11
2,C3,0,0.0,-13.002213261036074,1.6594389121575537e-09,-2.7437781491795146e-09,0.010001423830392688,-2.1939469866128416,0.4090023562992051,-1.7319853068368478,4.662936703425657e-13,2.7755575615628914e-13,3.5,3.5,3.5,-10.999999995348643,0.8500210766236131,1.5707963268007166,0.8499937425054247,-6.200000001515352,-0.8500300196052891,-1.5707963267955392,0.8499840763553426,-0.9999999953669177,0.8499981529789998,1.5707963278190338,0.849983038060205,1.49999901259302,-0.8500033398411353,-1.5707976537715942,0.8499934129455247,-13.001251082250741,1.7068855228156043e-09
2,C3,1,1.3240000000000123,-13.002210331862013,1.6592014929228074e-09,-2.914808202788348e-09,0.010001624057319698,-2.1939469866128416,0.4090023562992051,-1.7319853068368478,4.662936703425657e-13,2.7755575615628914e-13,3.5,3.5,3.5,-10.999999995348643,0.8500210766236131,1.5707963268007166,0.8499937425054247,-6.200000001515352,-0.8500300196052891,-1.5707963267955392,0.8499840763553426,-0.9999999953669177,0.8499981529789998,1.5707963278190338,0.849983038060205,1.49999901259302,-0.8500033398411353,-1.5707976537715942,0.8499934129455247,-13.001251082250741,1.7068855228156043e-09
2,C3,2,1.3240000000000123,-13.002030235223936,-3.9487519251501755e-08,-0.0001925075645986428,0.010001825997137557,-2.193946986612844,0.40900235629919623,-1.7319853068368478,4.440892098500626e-13,0.0,3.5,3.5,3.5,-10.999999995348643,0.8500210766236131,1.5707963268007166,0.8499937425054247,-6.200000001515352,-0.8500300196052891,-1.5707963267955392,0.8499840763553426,-0.9999999953669177,0.8499981529789998,1.5707963278190338,0.849983038060205,1.49999901259302,-0.8500033398411353,-1.5707976537715942,0.8499934129455247,-13.001251082250734,1.706884756607118e-09
2,C3,3,1.3240000000000123,-13.001405501478722,-4.794630962726268e-07,-0.0008663612195197167,0.010002080563040716,-2.193946986612844,0.40900235629919623,-1.7319853068368478,4.440892098500626e-13,0.0,3.5,3.5,3.5,-10.999999995348643,0.8500210766236131,1.5707963268007166,0.8499937425054247,-6.200000001515352,-0.8500300196052891,-1.5707963267955392,0.8499840763553426,-0.9999999953669177,0.8499981529789998,1.5707963278190338,0.849983038060205,1.49999901259302,-0.8500033398411353,-1.5707976537715942,0.8499934129455247,-13.001251082250734,1.706884756607118e-09
2,C3,4,1.3599999999999568,-13.00058605572038,-1.677385018935932e-06,-0.0017522140157952594,0.01000228545782433,-2.193946986612844,0.40900235629919623,-1.7319853068368478,4.440892098500626e-13,0.0,3.5,3.5,3.5,-10.999999995348643,0.8500210766236131,1.5707963268007166,0.8499937425054247,-6.200000001515352,-0.8500300196052891,-1.5707963267955392,0.8499840763553426,-0.9999999953669177,0.8499981529789998,1.5707963278190338,0.849983038060205,1.49999901259302,-0.8500033398411353,-1.5707976537715942,0.8499934129455247,-13.001251082250734,1.706884756607118e-09
2,C3,5,1.3599999999999568,-13.00058605572038,-1.677385018935932e-06,-0.0017522140157952594,0.01000228545782433,-2.1939469866128483,0.4090023562991768,-1.7319853068368478,4.884981308350689e-13,0.0,3.5,3.5,3.5,-10.999999995348643,0.8500210766236131,1.5707963268007166,0.8499937425054247,-6.200000001515352,-0.8500300196052891,-1.5707963267955392,0.8499840763553426,-0.9999999953669177,0.8499981529789998,1.5707963278190338,0.849983038060205,1.49999901259302,-0.8500033398411353,-1.5707976537715942,0.8499934129455247,-13.001251082250715,1.7068834914628218e-09
2,C3,6,1.3599999999999568,-12.99948298905766,-4.352486214983155e-06,-0.002946585538269455,0.010002491597680628,-2.1939469866128483,0.4090023562991768,-1.7319853068368478,4.884981308350689e-13,0.0,3.5,3.5,3.5,-10.999999995348643,0.8500210766236131,1.5707963268007166,0.8499937425054247,-6.200000001515352,-0.8500300196052891,-1.5707963267955392,0.8499840763553426,-0.9999999953669177,0.8499981529789998,1.5707963278190338,0.849983038060205,1.49999901259302,-0.8500033398411353,-1.5707976537715942,0.8499934129455247,-13.001251082250715,1.7068834914628218e-09
2,C3,7,1.3999999999999773,-12.998099324087349,-9.405711220282357e-06,-0.004449603791207134,0.010002699616295633,-2.1939469866128483,0.4090023562991768,-1.7319853068368478,4.884981308350689e-13,0.0,3.5,3.5,3.5,-10.999999995348643,0.8500210766236131,1.5707963268007166,0.8499937425054247,-6.200000001515352,-0.8500300196052891,-1.5707963267955392,0.8499840763553426,-0.9999999953669177,0.8499981529789998,1.5707963278190338,0.849983038060205,1.49999901259302,-0.8500033398411353,-1.5707976537715942,0.8499934129455247,-13.001251082250715,1.7068834914628218e-09
2,C3,8,1.3999999999999773,-12.996470214115398,-1.795490067476389e-05,-0.006258001346634583,0.010002910422899122,-2.193986104639391,0.4087655658456422,-1.7359853066818633,0.005999999963623992,-0.09999999612542165,3.5,3.5,3.5,-10.999999995348643,0.8500210766236131,1.5707963268007166,0.8499937425054247,-6.200000001515352,-0.8500300196052891,-1.5707963267955392,0.8499840763553426,-0.9999999953669177,0.8499981529789998,1.5707963278190338,0.849983038060205,1.49999901259302,-0.8500033398411353,-1.5707976537715942,0.8499934129455247,-13.00101108314817,-6.062930215269583e-07
2,C3,9,1.3999999999999773,-12.994607603828898,-3.132977997401399e-05,-0.008371203067119212,0.01000312552187046,-2.193986104639391,0.4087655658456422,-1.7359853066818633,0.005999999963623992,-0.09999999612542165,3.5,3.5,3.5,-10.999999995348643,0.8500210766236131,1.5707963268007166,0.8499937425054247,-6.200000001515352,-0.8500300196052891,-1.5707963267955392,0.8499840763553426,-0.9999999953669177,0.8499981529789998,1.5707963278190338,0.849983038060205,1.49999901259302,-0.8500033398411353,-1.5707976537715942,0.8499934129455247,-13.00101108314817,-6.062930215269583e-07
2,C3,10,1.4399999999999977,-12.9925115744523,-5.1075378017795134e-05,-0.010790078581183502,0.010003346948294701,-2.193986104639391,0.4087655658456422,-1.7359853066818633,0.005999999963623992,-0.09999999612542165,3.5,3.5,3.5,-10.999999995348643,0.8500210766236131,1.5707963268007166,0.8499937425054247,-6.200000001515352,-0.8500300196052891,-1.5707963267955392,0.8499840763553426,-0.9999999953669177,0.8499981529789998,1.5707963278190338,0.849983038060205,1.49999901259302,-0.8500033398411353,-1.5707976537715942,0.8499934129455247,-13.00101108314817,-6.062930215269583e-07
2,C3,11,1.4399999999999977,-12.9925115744523,-5.1075378017795134e-05,-0.010790078581183502,0.010003346948294701,-2.1942700281849277,0.40710973569951636,-1.7439853063731978,0.04199999992680059,-0.19999999228331733,3.5,3.5,3.5,-10.999999995348643,0.8500210766236131,1.5707963268007166,0.8499937425054247,-6.200000001515352,-0.8500300196052891,-1.5707963267955392,0.8499840763553426,-0.9999999953669177,0.8499981529789998,1.5707963278190338,0.849983038060205,1.49999901259302,-0.8500033398411353,-1.5707976537715942,0.8499934129455247,-12.999331149838607,-1.5102083905155575e-05
2,C3,12,1.4399999999999977,-12.99018222645923,-7.895367632970535e-05,-0.01351563555168076,0.0100035771959485,-2.1942700281849277,0.40710973569951636,-1.7439853063731978,0.04199999992680059,-0.19999999228331733,3.5,3.5,3.5,-10.999999995348643,0.8500210766236131,1.5707963268007166,0.8499937425054247,-6.200000001515352,-0.8500300196052891,-1.5707963267955392,0.8499840763553426,-0.9999999953669177,0.8499981529789998,1.5707963278190338,0.849983038060205,1.49999901259302,-0.8500033398411353,-1.5707976537715942,0.8499934129455247,-12.999331149838607,-1.5102083905155575e-05
2,C3,13,1.475999999999999,-12.987619682308797,-0.00011694455306335016,-0.016549020289976752,0.010003819217707323,-2.1942700281849277,0.40710973569951636,-1.7439853063731978,0.04199999992680059,-0.19999999228331733,3.5,3.5,3.5,-10.999999995348643,0.8500210766236131,1.5707963268007166,0.8499937425054247,-6.200000001515352,-0.8500300196052891,-1.5707963267955392,0.8499840763553426,-0.9999999953669177,0.8499981529789998,1.5707963278190338,0.849983038060205,1.49999901259302,-0.8500033398411353,-1.5707976537715942,0.8499934129455247,-12.999331149838607,-1.5102083905155575e-05
2,C3,14,1.475999999999999,-12.987619682308797,-0.00011694455306335016,-0.016549020289976752,0.010003819217707323,-2.1948492096161054,0.40388128520597255,-1.7519853060664734,0.08199999993276919,-0.1999999923318896,3.5,3.5,3.5,-10.999999995348643,0.8500210766236131,1.5707963268007166,0.8499937425054247,-6.200000001515352,-0.8500300196052891,-1.5707963267955392,0.8499840763553426,-0.9999999953669177,0.8499981529789998,1.5707963278190338,0.849983038060205,1.49999901259302,-0.8500033398411353,-1.5707976537715942,0.8499934129455247,-12.996051595313293,-6.863557787354865e-05
2,C3,15,1.5079999999999814,-12.98175313834493,-0.00023208118629474341,-0.022948770661378664,0.01000435312974486,-2.1948492096161054,0.40388128520597255,-1.7519853060664734,0.08199999993276919,-0.1999999923318896,3.5,3.5,3.5,-10.999999995348643,0.8500210766236131,1.5707963268007166,0.8499937425054247,-6.200000001515352,-0.8500300196052891,-1.5707963267955392,0.8499840763553426,-0.9999999953669177,0.8499981529789998,1.5707963278190338,0.849983038060205,1.49999901259302,-0.8500033398411353,-1.5707976537715942,0.8499934129455247,-12.996051595313293,-6.863557787354865e-05
2,C3,16,1.6119999999999663,-12.95723323770886,-0.001083911754389812,-0.04374273121953805,0.010141752927369366,-2.1995642468972934,0.38026817383234224,-1.7799853055503783,0.22199999993379738,-0.1999999999199864,3.5,3.5,3.5,-10.999999995348643,0.8500210766236131,1.5707963268007166,0.8499937425054247,-6.200000001515352,-0.8500300196052891,-1.5707963267955392,0.8499840763553426,-0.9999999953669177,0.8499981529789998,1.5707963278190338,0.849983038060205,1.49999901259302,-0.8500033398411353,-1.5707976537715942,0.8499934129455247,-12.971987851708821,-0.000932839861967771
2,C3,17,1.6999999999999886,-12.939286796651182,-0.0018846094738534894,-0.05892898187135785,0.01014812606578875,-2.2071068594122805,0.34678808239447695,-1.8039853055482724,0.29999999999996696,-0.20000000000186535,3.5,3.5,3.5,-10.999999995348643,0.8500210766236131,1.5707963268007166,0.8499937425054247,-6.200000001515352,-0.8500300196052891,-1.5707963267955392,0.8499840763553426,-0.9999999953669177,0.8499981529789998,1.5707963278190338,0.849983038060205,1.49999901259302,-0.8500033398411353,-1.5707976537715942,0.8499934129455247,-12.937731229248218,-0.0030043957580835577
2,C3,18,1.8039999999999736,-12.90559469981021,-0.004145399494981534,-0.08292174951622079,0.009997192690334965,-2.2158452772943527,0.31186562764383974,-1.8279853055428057,0.3000000000006775,-0.20000000001019203,3.5,3.5,3.5,-10.999999995348643,0.8500210766236131,1.5707963268007166,0.8499937425054247,-6.200000001515352,-0.8500300196052891,-1.5707963267955392,0.8499840763553426,-0.9999999953669177,0.8499981529789998,1.5707963278190338,0.849983038060205,1.49999901259302,-0.8500033398411353,-1.5707976537715942,0.8499934129455247,-12.901859023543793,-0.0060247683826905995
2,C3,19,1.8999999999999773,-12.879122408153524,-0.006572107991861815,-0.10052147168639303,0.00999889806754351,-2.2237657814629697,0.28293060363972444,-1.8479853055438342,0.3000000000006775,-0.20000000001019203,3.5,3.5,3.5,-10.999999995348643,0.8500210766236131,1.5707963268007166,0.8499937425054247,-6.200000001515352,-0.8500300196052891,-1.5707963267955392,0.8499840763553426,-0.9999999953669177,0.8499981529789998,1.5707963278190338,0.849983038060205,1.49999901259302,-0.8500033398411353,-1.5707976537715942,0.8499934129455247,-12.872027902991832,-0.009198763817196573
2,C3,20,2.0039999999999623,-12.84912254571976,-0.009891283362060662,-0.12052129186503512,0.010000743876815968,-2.232263363484409,0.2541597659704298,-1.867985305544876,0.3000000000006775,-0.20000000001019203,3.5,3.5,3.5,-10.999999995348643,0.8500210766236131,1.5707963268007166,0.8499937425054247,-6.200000001515352,-0.8500300196052891,-1.5707963267955392,0.8499840763553426,-0.9999999953669177,0.8499981529789998,1.5707963278190338,0.849983038060205,1.49999901259302,-0.8500033398411353,-1.5707976537715942,0.8499934129455247,-12.842266224141895,-0.012968707110814593
2,C3,21,2.099999999999966,-12.820415723476655,-0.013638615142952528,-0.13972114539467664,0.010002467653455808,-2.2413346244391605,0.22556462258741997,-1.8879853055459181,0.3000000000006775,-0.20000000001019203,3.5,3.5,3.5,-10.999999995348643,0.8500210766236131,1.5707963268007166,0.8499937425054247,-6.200000001515352,-0.8500300196052891,-1.5707963267955392,0.8499840763553426,-0.9999999953669177,0.8499981529789998,1.5707963278190338,0.849983038060205,1.49999901259302,-0.8500033398411353,-1.5707976537715942,0.8499934129455247,-12.812585891268702,-0.01733309033649201
2,C3,22,2.211999999999989,-12.78708377623985,-0.018684957053313047,-0.16212210890278572,0.010024197020235064,-2.2509759359437904,0.19715661116678515,-1.9079853055469516,0.3000000000006775,-0.20000000001019203,3.5,3.4650444984436035,3.5,-10.999999995348643,0.8500210766236131,1.5707963268007166,0.8499937425054247,-6.200000001515352,-0.8500300196052891,-1.5707963267955392,0.8499840763553426,-0.9999999953669177,0.8499981529789998,1.5707963278190338,0.849983038060205,1.49999901259302,-0.8500033398411353,-1.5707976537715942,0.8499934129455247,-12.782998776109672,-0.02229016779912886
2,C3,23,2.3039999999999736,-12.759367002466789,-0.022879023735378184,-0.1813512819661029,0.01011664963418173,-2.2611834416022134,0.1689470945343861,-1.9279853055471743,0.29999999999996696,-0.20000000000131024,3.5,3.4650444984436035,3.5,-10.999999995348643,0.8500210766236131,1.5707963268007166,0.8499937425054247,-6.200000001515352,-0.8500300196052891,-1.5707963267955392,0.8499840763553426,-0.9999999953669177,0.8499981529789998,1.5707963278190338,0.849983038060205,1.49999901259302,-0.8500033398411353,-1.5707976537715942,0.8499934129455247,-12.753516713116447,-0.027837956733811377
2,C3,24,2.4039999999999964,-12.72997823122631,-0.028285596601163435,-0.20134220460369137,0.010005488470549667,-2.2719530585480845,0.14094735612140294,-1.9479853055502352,0.3000000000006553,-0.20000000000935936,3.5,3.3928744792938232,3.5,-10.999999995348643,0.8500210766236131,1.5707963268007166,0.8499937425054247,-6.200000001515352,-0.8500300196052891,-1.5707963267955392,0.8499840763553426,-0.9999999953669177,0.8499981529789998,1.5707963278190338,0.849983038060205,1.49999901259302,-0.8500033398411353,-1.5707976537715942,0.8499934129455247,-12.7241514947218,-0.03397423809886184
2,C3,25,2.5,-12.701622966920343,-0.034348734948643656,-0.2205421091246718,0.010005587632156612,-2.283280479078702,0.11316859544842872,-1.9679853055512642,0.3000000000006553,-0.20000000001046958,3.5,3.3928744792938232,3.5,-10.999999995348643,0.8500210766236131,1.5707963268007166,0.8499937425054247,-6.200000001515352,-0.8500300196052891,-1.5707963267955392,0.8499840763553426,-0.9999999953669177,0.8499981529789998,1.5707963278190338,0.849983038060205,1.49999901259302,-0.8500033398411353,-1.5707976537715942,0.8499934129455247,-12.694914866620056,-0.04069655746379536
2,C3,26,2.603999999999985,-12.668726599564195,-0.042101078134363076,-0.24294197035409476,0.010006124828159964,-2.295161172376611,0.08562192365009658,-1.9879853055523058,0.3000000000006553,-0.20000000001046958,3.5,3.3803505897521973,3.5,-10.999999995348643,0.8500210766236131,1.5707963268007166,0.8499937425054247,-6.200000001515352,-0.8500300196052891,-1.5707963267955392,0.8499840763553426,-0.9999999953669177,0.8499981529789998,1.5707963278190338,0.849983038060205,1.49999901259302,-0.8500033398411353,-1.5707976537715942,0.8499934129455247,-12.665818523073417,-0.04800222599034539
2,C3,27,2.6999999999999886,-12.645359705077059,-0.04808398254162059,-0.2589418317797382,0.010006822138963261,-2.3075903863228984,0.05831835902784457,-2.0079853055533374,0.3000000000006553,-0.20000000001046958,3.5,3.3803505897521973,3.5,-10.999999995348643,0.8500210766236131,1.5707963268007166,0.8499937425054247,-6.200000001515352,-0.8500300196052891,-1.5707963267955392,0.8499840763553426,-0.9999999953669177,0.8499981529789998,1.5707963278190338,0.849983038060205,1.49999901259302,-0.8500033398411353,-1.5707976537715942,0.8499934129455247,-12.636874102231353,-0.05588832150850841
2,C3,28,2.8079999999999927,-12.610559225064286,-0.05743542387443975,-0.28296214912546314,0.010133363982586371,-2.3205631493976946,0.031268822643500095,-2.0279853055540706,0.3000000000000336,-0.20000000000269802,3.5,3.30438232421875,3.5,-10.999999995348643,0.8500210766236131,1.5707963268007166,0.8499937425054247,-6.200000001515352,-0.8500300196052891,-1.5707963267955392,0.8499840763553426,-0.9999999953669177,0.8499981529789998,1.5707963278190338,0.849983038060205,1.49999901259302,-0.8500033398411353,-1.5707976537715942,0.8499934129455247,-12.608093181476304,-0.06435168968521551
2,C3,29,2.9039999999999964,-12.585203939436164,-0.06443535155045681,-0.3005872311829268,0.010001881327649346,-2.3340742726685737,0.004484133951281398,-2.0479853055583215,0.2999999999916625,-0.20000000010400587,3.5,3.30438232421875,3.5,-10.999999995348643,0.8500210766236131,1.5707963268007166,0.8499937425054247,-6.200000001515352,-0.8500300196052891,-1.5707963267955392,0.8499840763553426,-0.9999999953669177,0.8499981529789998,1.5707963278190338,0.849983038060205,1.49999901259302,-0.8500033398411353,-1.5707976537715942,0.8499934129455247,-12.579487272793179,-0.07338894528592904
2,C3,30,3.0,-12.552996599120096,-0.07480609371351786,-0.3229868160660247,0.010002733861174853,-2.348118351866806,-0.02202499353110876,-2.067985305559351,0.3000000000006553,-0.20000000001046958,3.5,3.278203248977661,3.5,-10.999999995348643,0.8500210766236131,1.5707963268007166,0.8499937425054247,-6.200000001515352,-0.8500300196052891,-1.5707963267955392,0.8499840763553426,-0.9999999953669177,0.8499981529789998,1.5707963278190338,0.849983038060205,1.49999901259302,-0.8500033398411353,-1.5707976537715942,0.8499934129455247,-12.55106781816333,-0.08299647352922655
2,C4,0,0.0,-13.00223993303037,1.5506785006977262e-09,-1.7124054215310594e-09,0.010000475394572507,-2.54713684020523,-0.30509229436385926,-2.2991853068720927,-7.127631818093505e-12,1.0269562977782698e-11,3.5,3.5,3.5,-10.999999995348643,0.8500210766236131,1.5707963268007166,0.8499937425054247,-6.200000001232549,-0.8500294673615765,-1.5707963267955392,0.849983076236725,-0.9999999951887315,0.8499971528218399,1.5707963278190338,0.8499831770257378,1.49999901259302,-0.8500033398411353,-1.5707976537715942,0.8499934129455247,-13.001349874199274,1.5940747904753851e-09
2,C4,1,1.2159999999999513,-13.00212079688803,-2.7013957615036846e-08,-0.00011550209216441912,0.01000082918867429,-2.54713684020523,-0.30509229436385926,-2.2991853068720927,-7.127631818093505e-12,1.0269562977782698e-11,3.5,3.5,3.5,-10.999999995348643,0.8500210766236131,1.5707963268007166,0.8499937425054247,-6.200000001232549,-0.8500294673615765,-1.5707963267955392,0.849983076236725,-0.9999999951887315,0.8499971528218399,1.5707963278190338,0.8499831770257378,1.49999901259302,-0.8500033398411353,-1.5707976537715942,0.8499934129455247,-13.001349874199274,1.5940747904753851e-09
2,C4,2,1.2159999999999513,-13.001723475815748,-3.015863410633443e-07,-0.0005390303371230202,0.010001020807900768,-2.5471368402052375,-0.30509229436386726,-2.2991853068720927,4.884981308350689e-13,0.0,3.5,3.5,3.5,-10.999999995348643,0.8500210766236131,1.5707963268007166,0.8499937425054247,-6.200000001232549,-0.8500294673615765,-1.5707963267955392,0.849983076236725,-0.9999999951887315,0.8499971528218399,1.5707963278190338,0.8499831770257378,1.49999901259302,-0.8500033398411353,-1.5707976537715942,0.8499934129455247,-13.001349874199262,1.5940744777552053e-09
2,C4,3,1.2159999999999513,-13.001040437382706,-1.2569292848588886e-06,-0.0012706994383832415,0.010001219386319291,-2.5471368402052375,-0.30509229436386726,-2.2991853068720927,4.884981308350689e-13,0.0,3.5,3.5,3.5,-10.999999995348643,0.8500210766236131,1.5707963268007166,0.8499937425054247,-6.200000001232549,-0.8500294673615765,-1.5707963267955392,0.849983076236725,-0.9999999951887315,0.8499971528218399,1.5707963278190338,0.8499831770257378,1.49999901259302,-0.8500033398411353,-1.5707976537715942,0.8499934129455247,-13.001349874199262,1.5940744777552053e-09
2,C4,4,1.259999999999991,-13.001040437382706,-1.2569292848588886e-06,-0.0012706994383832415,0.010001219386319291,-2.5471368402052375,-0.30509229436386726,-2.2991853068720927,4.884981308350689e-13,0.0,3.5,3.5,3.5,-10.999999995348643,0.8500210766236131,1.5707963268007166,0.8499937425054247,-6.200000001232549,-0.8500294673615765,-1.5707963267955392,0.849983076236725,-0.9999999951887315,0.8499971528218399,1.5707963278190338,0.8499831770257378,1.49999901259302,-0.8500033398411353,-1.5707976537715942,0.8499934129455247,-13.001349874199262,1.5940744777552053e-09
2,C4,5,1.259999999999991,-13.000071114869417,-3.5424661502621446e-06,-0.002310716137548743,0.010001422893406562,-2.5471368402052508,-0.3050922943638806,-2.2991853068720927,4.440892098500626e-13,0.0,3.5,3.5,3.5,-10.999999995348643,0.8500210766236131,1.5707963268007166,0.8499937425054247,-6.200000001232549,-0.8500294673615765,-1.5707963267955392,0.849983076236725,-0.9999999951887315,0.8499971528218399,1.5707963278190338,0.8499831770257378,1.49999901259302,-0.8500033398411353,-1.5707976537715942,0.8499934129455247,-13.001349874199244,1.594073404220595e-09
2,C4,6,1.259999999999991,-12.99881536953716,-8.025367543365895e-06,-0.0036593812551111464,0.010001629782409724,-2.5471368402052508,-0.3050922943638806,-2.2991853068720927,4.440892098500626e-13,0.0,3.5,3.5,3.5,-10.999999995348643,0.8500210766236131,1.5707963268007166,0.8499937425054247,-6.200000001232549,-0.8500294673615765,-1.5707963267955392,0.849983076236725,-0.9999999951887315,0.8499971528218399,1.5707963278190338,0.8499831770257378,1.49999901259302,-0.8500033398411353,-1.5707976537715942,0.8499934129455247,-13.001349874199244,1.594073404220595e-09
2,C4,7,1.3079999999999927,-12.996843387505516,-1.839312776348428e-05,-0.005779860295448608,0.0100018915788912,-2.5471368402052508,-0.3050922943638806,-2.2991853068720927,4.440892098500626e-13,0.0,3.5,3.5,3.5,-10.999999995348643,0.8500210766236131,1.5707963268007166,0.8499937425054247,-6.200000001232549,-0.8500294673615765,-1.5707963267955392,0.849983076236725,-0.9999999951887315,0.8499971528218399,1.5707963278190338,0.8499831770257378,1.49999901259302,-0.8500033398411353,-1.5707976537715942,0.8499934129455247,-13.001349874199244,1.594073404220595e-09
2,C4,8,1.3079999999999927,-12.994944901764034,-3.2120883578189385e-05,-0.007824572642568537,0.010002102937617687,-2.547523803358092,-0.3055189466132186,-2.3119853066237486,0.014399999941394626,-0.31999999379139776,3.5,3.5,3.5,-10.999999995348643,0.8500210766236131,1.5707963268007166,0.8499937425054247,-6.200000001232549,-0.8500294673615765,-1.5707963267955392,0.849983076236725,-0.9999999951887315,0.8499971528218399,1.5707963278190338,0.8499831770257378,1.49999901259302,-0.8500033398411353,-1.5707976537715942,0.8499934129455247,-13.000773896811321,-4.759931287832617e-06
2,C4,9,1.3079999999999927,-12.992762500698856,-5.237258110745794e-05,-0.010179563167725487,0.010002316007415009,-2.547523803358092,-0.3055189466132186,-2.3119853066237486,0.014399999941394626,-0.31999999379139776,3.5,3.5,3.5,-10.999999995348643,0.8500210766236131,1.5707963268007166,0.8499937425054247,-6.200000001232549,-0.8500294673615765,-1.5707963267955392,0.849983076236725,-0.9999999951887315,0.8499971528218399,1.5707963278190338,0.8499831770257378,1.49999901259302,-0.8500033398411353,-1.5707976537715942,0.8499934129455247,-13.000773896811321,-4.759931287832617e-06
2,C4,10,1.339999999999975,-12.992762500698856,-5.237258110745794e-05,-0.010179563167725487,0.010002316007415009,-2.547523803358092,-0.3055189466132186,-2.3119853066237486,0.014399999941394626,-0.31999999379139776,3.5,3.5,3.5,-10.999999995348643,0.8500210766236131,1.5707963268007166,0.8499937425054247,-6.200000001232549,-0.8500294673615765,-1.5707963267955392,0.849983076236725,-0.9999999951887315,0.8499971528218399,1.5707963278190338,0.8499831770257378,1.49999901259302,-0.8500033398411353,-1.5707976537715942,0.8499934129455247,-13.000773896811321,-4.759931287832617e-06
2,C4,11,1.339999999999975,-12.990297867222255,-8.094540506857e-05,-0.012845535289195489,0.01000253130743398,-2.5489963916110945,-0.30709913291644986,-2.3279853063149116,0.05399999992625748,-0.39999999227907646,3.5,3.5,3.5,-10.999999995348643,0.8500210766236131,1.5707963268007166,0.8499937425054247,-6.200000001232549,-0.8500294673615765,-1.5707963267955392,0.849983076236725,-0.9999999951887315,0.8499971528218399,1.5707963278190338,0.8499831770257378,1.49999901259302,-0.8500033398411353,-1.5707976537715942,0.8499934129455247,-12.998614431009877,-5.179574947387737e-05
2,C4,12,1.339999999999975,-12.98755311378393,-0.00011985687841772251,-0.01582328835060716,0.01000274984147797,-2.5489963916110945,-0.30709913291644986,-2.3279853063149116,0.05399999992625748,-0.39999999227907646,3.5,3.5,3.5,-10.999999995348643,0.8500210766236131,1.5707963268007166,0.8499937425054247,-6.200000001232549,-0.8500294673615765,-1.5707963267955392,0.849983076236725,-0.9999999951887315,0.8499971528218399,1.5707963278190338,0.8499831770257378,1.49999901259302,-0.8500033398411353,-1.5707976537715942,0.8499934129455247,-12.998614431009877,-5.179574947387737e-05
2,C4,13,1.3759999999999764,-12.984558096930177,-0.00017134683323772175,-0.019110720384753165,0.010002972895089437,-2.5489963916110945,-0.30709913291644986,-2.3279853063149116,0.05399999992625748,-0.39999999227907646,3.5,3.5,3.5,-10.999999995348643,0.8500210766236131,1.5707963268007166,0.8499937425054247,-6.200000001232549,-0.8500294673615765,-1.5707963267955392,0.849983076236725,-0.9999999951887315,0.8499971528218399,1.5707963278190338,0.8499831770257378,1.49999901259302,-0.8500033398411353,-1.5707976537715942,0.8499934129455247,-12.998614431009877,-5.179574947387737e-05
2,C4,14,1.4119999999999777,-12.980486722934087,-0.0002571517255637937,-0.023654840846841264,0.010003260892935437,-2.551602338757004,-0.30980954659549065,-2.3439853060051417,0.09399999992643071,-0.39999999225576177,3.5,3.5,3.5,-10.999999995348643,0.8500210766236131,1.5707963268007166,0.8499937425054247,-6.200000001232549,-0.8500294673615765,-1.5707963267955392,0.849983076236725,-0.9999999951887315,0.8499971528218399,1.5707963278190338,0.8499831770257378,1.49999901259302,-0.8500033398411353,-1.5707976537715942,0.8499934129455247,-12.994857094480086,-0.0001922416134716009
2,C4,15,1.5,-12.959422504612295,-0.0010027526097810774,-0.04808430801642391,0.01000470709858366,-2.5665785475273406,-0.32435627062174716,-2.3919853050732023,0.21399999993925167,-0.3999999922102426,3.5,3.5,3.5,-10.999999995348643,0.8500210766236131,1.5707963268007166,0.8499937425054247,-6.200000001232549,-0.8500294673615765,-1.5707963267955392,0.849983076236725,-0.9999999951887315,0.8499971528218399,1.5707963278190338,0.8499831770257378,1.49999901259302,-0.8500033398411353,-1.5707976537715942,0.8499934129455247,-12.974032446922612,-0.0016849114147851584
2,C4,16,1.603999999999985,-12.925904934931722,-0.00329858919359409,-0.09422837440550695,0.010168466130930053,-2.6011289848442876,-0.354446395854444,-2.4559853043573057,0.29999999999996696,-0.40000000000040004,3.5,3.5,3.5,-10.999999995348643,0.8500210766236131,1.5707963268007166,0.8499937425054247,-6.200000001232549,-0.8500294673615765,-1.5707963267955392,0.849983076236725,-0.9999999951887315,0.8499971528218399,1.5707963278190338,0.8499831770257378,1.49999901259302,-0.8500033398411353,-1.5707976537715942,0.8499934129455247,-12.928578627777119,-0.00743805667632462
2,C4,17,1.7039999999999509,-12.897782346223236,-0.0061003049125669204,-0.13381650457639932,0.010003590773826019,-2.6247236678785635,-0.3729712693699534,-2.4959853043125926,0.2999999999389713,-0.3999999988821279,3.5,3.5,3.5,-10.999999995348643,0.8500210766236131,1.5707963268007166,0.8499937425054247,-6.200000001232549,-0.8500294673615765,-1.5707963267955392,0.849983076236725,-0.9999999951887315,0.8499971528218399,1.5707963278190338,0.8499831770257378,1.49999901259302,-0.8500033398411353,-1.5707976537715942,0.8499934129455247,-12.899048250094749,-0.012714115829733107
2,C4,18,1.7999999999999545,-12.867748463990443,-0.010739498812198593,-0.17381575810003946,0.01000397727689831,-2.6490402750423208,-0.39053778929980737,-2.535985304314964,0.30000000000043325,-0.4000000000239923,3.5,3.5,3.5,-10.999999995348643,0.8500210766236131,1.5707963268007166,0.8499937425054247,-6.200000001232549,-0.8500294673615765,-1.5707963267955392,0.849983076236725,-0.9999999951887315,0.8499971528218399,1.5707963278190338,0.8499831770257378,1.49999901259302,-0.8500033398411353,-1.5707976537715942,0.8499934129455247,-12.869752479654851,-0.01916685484004694
2,C4,19,1.9039999999999964,-12.839136986314362,-0.01631316396469378,-0.21221536565904853,0.010004658331209455,-2.6740399049499888,-0.40711785295716324,-2.575985304317324,0.30000000000043325,-0.40000000002343716,3.5,3.5,3.5,-10.999999995348643,0.8500210766236131,1.5707963268007166,0.8499937425054247,-6.200000001232549,-0.8500294673615765,-1.5707963267955392,0.849983076236725,-0.9999999951887315,0.8499971528218399,1.5707963278190338,0.8499831770257378,1.49999901259302,-0.8500033398411353,-1.5707976537715942,0.8499934129455247,-12.840738183443312,-0.02678595070185183
2,C4,20,2.0,-12.810784812914903,-0.022975920987723206,-0.25061507559904617,0.010005565498290885,-2.6996825635266832,-0.4226849357770588,-2.615985304319696,0.30000000000045546,-0.4000000000237147,3.5,3.5,3.5,-10.999999995348643,0.8500210766236131,1.5707963268007166,0.8499937425054247,-6.200000001232549,-0.8500294673615765,-1.5707963267955392,0.849983076236725,-0.9999999951887315,0.8499971528218399,1.5707963278190338,0.8499831770257378,1.49999901259302,-0.8500033398411353,-1.5707976537715942,0.8499934129455247,-12.812051778144687,-0.03555921448708921
2,C4,21,2.099999999999966,-12.7827339190783,-0.03071812715270685,-0.2890147632748537,0.010007041412935493,-2.725927227988816,-0.43721413374777895,-2.6559853043220563,0.30000000000043325,-0.40000000002343716,3.5,3.4766147136688232,3.5,-10.999999995348643,0.8500210766236131,1.5707963268007166,0.8499937425054247,-6.200000001232549,-0.8500294673615765,-1.5707963267955392,0.849983076236725,-0.9999999951887315,0.8499971528218399,1.5707963278190338,0.8499831770257378,1.49999901259302,-0.8500033398411353,-1.5707976537715942,0.8499934129455247,-12.783739155888018,-0.04547261084522927
2,C4,22,2.203999999999951,-12.754159192792113,-0.038604149979826696,-0.32907368149334676,0.010085865488155855,-2.75273191247175,-0.4506822032519756,-2.695985304322074,0.29999999999996696,-0.3999999999998449,3.5,3.4766147136688232,3.5,-10.999999995348643,0.8500210766236131,1.5707963268007166,0.8499937425054247,-6.200000001232549,-0.8500294673615765,-1.5707963267955392,0.849983076236725,-0.9999999951887315,0.8499971528218399,1.5707963278190338,0.8499831770257378,1.49999901259302,-0.8500033398411353,-1.5707976537715942,0.8499934129455247,-12.755845610829251,-0.056510280456793696
2,C4,23,2.3039999999999736,-12.722332534054756,-0.04985711298496896,-0.37388490561653176,0.010004111183928221,-2.78005373519787,-0.4630675982511538,-2.7359853043276874,0.30000000000041105,-0.40000000002426983,3.5,3.429976463317871,3.5,-10.999999995348643,0.8500210766236131,1.5707963268007166,0.8499937425054247,-6.200000001232549,-0.8500294673615765,-1.5707963267955392,0.849983076236725,-0.9999999951887315,0.8499971528218399,1.5707963278190338,0.8499831770257378,1.49999901259302,-0.8500033398411353,-1.5707976537715942,0.8499934129455247,-12.728415766690727,-0.068654565404845
2,C4,24,2.4039999999999964,-12.694281194369719,-0.0614968035228474,-0.4138847020143002,0.010004718047944765,-2.8078489870802668,-0.47435050475597407,-2.7759853043300478,0.30000000000043325,-0.40000000002343716,3.5,3.429976463317871,3.5,-10.999999995348643,0.8500210766236131,1.5707963268007166,0.8499937425054247,-6.200000001232549,-0.8500294673615765,-1.5707963267955392,0.849983076236725,-0.9999999951887315,0.8499971528218399,1.5707963278190338,0.8499831770257378,1.49999901259302,-0.8500033398411353,-1.5707976537715942,0.8499934129455247,-12.701493505370507,-0.08188603742454836
2,C4,25,2.5039999999999623,-12.667833317607855,-0.07370707045890676,-0.452284537548286,0.010005600000977524,-2.8360732016446684,-0.48451287252264297,-2.8159853043324192,0.30000000000045546,-0.4000000000237147,3.5,3.3669278621673584,3.5,-10.999999995348643,0.8500210766236131,1.5707963268007166,0.8499937425054247,-6.200000001232549,-0.8500294673615765,-1.5707963267955392,0.849983076236725,-0.9999999951887315,0.8499971528218399,1.5707963278190338,0.8499831770257378,1.49999901259302,-0.8500033398411353,-1.5707976537715942,0.8499934129455247,-12.6751218967442,-0.09618352898297405
2,C4,26,2.603999999999985,-12.641896738606073,-0.08691428662862419,-0.4906843673091333,0.010007018510304628,-2.86468122616861,-0.49353844393058766,-2.8559853043347796,0.30000000000043325,-0.40000000002343716,3.5,3.3669278621673584,3.5,-10.999999995348643,0.8500210766236131,1.5707963268007166,0.8499937425054247,-6.200000001232549,-0.8500294673615765,-1.5707963267955392,0.849983076236725,-0.9999999951887315,0.8499971528218399,1.5707963278190338,0.8499831770257378,1.49999901259302,-0.8500033398411353,-1.5707976537715942,0.8499934129455247,-12.64934312975997,-0.11152416714359448
2,C4,27,2.6999999999999886,-12.616201504464556,-0.09981094563553554,-0.529153362170192,0.010032321136050328,-2.893627293915515,-0.5014127799909283,-2.8959853043348085,0.29999999999998916,-0.4000000000001225,3.5,3.3182713985443115,3.5,-10.999999995348643,0.8500210766236131,1.5707963268007166,0.8499937425054247,-6.200000001232549,-0.8500294673615765,-1.5707963267955392,0.849983076236725,-0.9999999951887315,0.8499971528218399,1.5707963278190338,0.8499831770257378,1.49999901259302,-0.8500033398411353,-1.5707976537715942,0.8499934129455247,-12.624198444945836,-0.12788341015779045
2,C4,28,2.7999999999999545,-12.59126026595695,-0.11484811031297568,-0.5675585829122911,0.01000285657077241,-2.922865097351547,-0.5081232834454612,-2.9359853043444186,0.30000000000043325,-0.40000000002343716,3.5,3.3182713985443115,3.5,-10.999999995348643,0.8500210766236131,1.5707963268007166,0.8499937425054247,-6.200000001232549,-0.8500294673615765,-1.5707963267955392,0.849983076236725,-0.9999999951887315,0.8499971528218399,1.5707963278190338,0.8499831770257378,1.49999901259302,-0.8500033398411353,-1.5707976537715942,0.8499934129455247,-12.59972806843398,-0.14523508672650512
2,C4,29,2.9039999999999964,-12.561996276480452,-0.13445059141304824,-0.6139582891702443,0.010003983372655937,-2.952347862228991,-0.5136592189204939,-2.97598530434679,0.30000000000041105,-0.4000000000237147,3.5,3.2853052616119385,3.5,-10.999999995348643,0.8500210766236131,1.5707963268007166,0.8499937425054247,-6.200000001232549,-0.8500294673615765,-1.5707963267955392,0.849983076236725,-0.9999999951887315,0.8499971528218399,1.5707963278190338,0.8499831770257378,1.49999901259302,-0.8500033398411353,-1.5707976537715942,0.8499934129455247,-12.575971147606019,-0.16355143786903262
2,C4,30,3.0,-12.538508937239534,-0.15167003852708077,-0.6523582215280141,0.01000523882502509,-2.982028422412951,-0.5180117301001149,-3.0159853043491616,0.30000000000043325,-0.4000000000239923,3.5,3.2853052616119385,3.5,-10.999999995348643,0.8500210766236131,1.5707963268007166,0.8499937425054247,-6.200000001232549,-0.8500294673615765,-1.5707963267955392,0.849983076236725,-0.9999999951887315,0.8499971528218399,1.5707963278190338,0.8499831770257378,1.49999901259302,-0.8500033398411353,-1.5707976537715942,0.8499934129455247,-12.552965688467745,-0.18280316133057545
3,C0,0,0.0,-13.002230384240356,1.3586877592247948e-09,-2.0060977343259606e-09,0.010000737639377026,-3.317025825850289,-0.48413164496748606,2.8144000002219918,-7.016609515630989e-12,9.992007221626409e-12,3.5,3.5,3.5,-10.999999994380925,-2.799978930455386,1.5707963268007166,0.8499937187118253,-12.799971091377422,2.999999999053569,-6.431121781042652e-13,0.8499821385694054,2.2300050340554605,3.450000005174514,3.1415900010241367,0.8499836973263389,-10.059996021865913,3.899999141441002,-1.3269766984401892e-06,0.8499937585159097,-13.001365325236906,1.402619557573249e-09
3,C0,1,1.2280000000000086,-13.002242346142603,4.435493179171162e-09,1.9247628368258113e-05,0.010000922448527218,-3.317025825850289,-0.48413164496748606,2.8144000002219918,-7.016609515630989e-12,9.992007221626409e-12,3.5,3.5,3.5,-10.9999999942651,-2.7915789313026655,1.5707963268007166,0.8499937158705685,-12.794931304098013,2.999999999162495,-6.431121781042652e-13,0.8499817987810403,2.22448574388232,3.4500000053060575,-3.141592652565656,0.8499839336781624,-10.053995948166314,3.899999157945129,-1.3269766984401892e-06,0.8499938038410768,-13.001365325236906,1.402619557573249e-09
3,C0,2,1.2280000000000086,-13.002424835582064,2.4009867161360705e-08,0.00028249789933506653,0.010001112110001514,-3.317025825850299,-0.484131644967483,2.814400000222003,4.662936703425657e-13,2.7755575615628914e-13,3.5,3.5,3.5,-10.999999994264922,-2.7803789313039826,1.5707963268007166,0.8499937158661515,-12.788211304431824,2.999999999162666,-6.431121781042652e-13,0.8499817982547633,2.2171257449775736,3.4500000053062383,-3.141592652565656,0.8499839340697697,-10.045995948052184,3.8999991579709663,-1.3269766984401892e-06,0.8499938039121977,-13.001365325236893,1.4026198063607904e-09
3,C0,3,1.2280000000000086,-13.002415753921321,1.1232663326713564e-07,0.0008020204735996249,0.010001307672100695,-3.317025825850299,-0.484131644967483,2.814400000222003,4.662936703425657e-13,2.7755575615628914e-13,3.5,3.5,3.5,-10.999999994264739,-2.7691789313052997,1.5707963268007166,0.8499937158617346,-12.781491304765646,2.9999999991628368,-6.431121781042652e-13,0.8499817977284924,2.2097657460728013,3.4500000053064186,-3.141592652565656,0.8499839344614517,-10.037995947938056,3.899999157996804,-1.3269766984401892e-06,0.8499938039833206,-13.001365325236893,1.4026198063607904e-09
3,C0,4,1.268000000000029,-13.002415753921321,1.1232663326713564e-07,0.0008020204735996249,0.010001307672100695,-3.317025825850299,-0.484131644967483,2.814400000222003,4.662936703425657e-13,2.7755575615628914e-13,3.5,3.5,3.5,-10.999999994264739,-2.7691789313052997,1.5707963268007166,0.8499937158617346,-12.781491304765646,2.9999999991628368,-6.431121781042652e-13,0.8499817977284924,2.2097657460728013,3.4500000053064186,-3.141592652565656,0.8499839344614517,-10.037995947938056,3.899999157996804,-1.3269766984401892e-06,0.8499938039833206,-13.001365325236893,1.4026198063607904e-09
3,C0,5,1.268000000000029,-13.00202086570237,7.389284847236539e-07,0.0017995595566552946,0.010001558334457462,-3.3170258258503176,-0.4841316449674772,2.8144000002219918,4.662936703425657e-13,-2.7755575615628914e-13,3.5,3.5,3.5,-10.999999994264515,-2.7551789313069457,1.5707963268007166,0.8499937158562134,-12.773091305182938,2.9999999991630504,-6.431121781042652e-13,0.8499817970706623,2.200565747441798,3.450000005306645,-3.141592652565656,0.8499839349511592,-10.027995947795398,3.899999158029102,-1.3269766984401892e-06,0.8499938040722271,-13.001365325236875,1.4026202813188244e-09
3,C0,6,1.268000000000029,-13.001398106256739,2.2557935203230735e-06,0.002876396586122039,0.010001762002457084,-3.3170258258503176,-0.4841316449674772,2.8144000002219918,4.662936703425657e-13,-2.7755575615628914e-13,3.5,3.5,3.5,-10.999999994264336,-2.7439789313082628,1.5707963268007166,0.8499937158517964,-12.76637130551678,2.9999999991632214,-6.431121781042652e-13,0.8499817965444052,2.193205748536965,3.450000005306826,-3.141592652565656,0.8499839353430092,-10.019995947681274,3.899999158054941,-1.3269766984401892e-06,0.8499938041433546,-13.001365325236875,1.4026202813188244e-09
3,C0,7,1.3040000000000305,-13.000502573680341,5.446364135068958e-06,0.004201358957787609,0.010001967386010115,-3.3170258258503176,-0.4841316449674772,2.8144000002219918,4.662936703425657e-13,-2.7755575615628914e-13,3.5,3.5,3.5,-10.999999994264156,-2.7327789313095794,1.5707963268007166,0.8499937158473795,-12.759651305850634,2.9999999991633923,-6.431121781042652e-13,0.8499817960181542,2.1858457496321058,3.450000005307006,-3.141592652565656,0.8499839357349338,-10.011995947567149,3.8999991580807802,-1.3269766984401892e-06,0.8499938042144841,-13.001365325236875,1.4026202813188244e-09
3,C0,8,1.3040000000000305,-13.000502573680341,5.446364135068958e-06,0.004201358957787609,0.010001967386010115,-3.31734465586722,-0.4840256131128535,2.8240000000510936,0.008400000007746655,0.2399999957275467,3.5,3.5,3.5,-10.999999994264156,-2.7327789313095794,1.5707963268007166,0.8499937158473795,-12.759651305850634,2.9999999991633923,-6.431121781042652e-13,0.8499817960181542,2.1858457496321058,3.450000005307006,-3.141592652565656,0.8499839357349338,-10.011995947567149,3.8999991580807802,-1.3269766984401892e-06,0.8499938042144841,-13.00102933254788,2.0621827476233846e-06
3,C0,9,1.3040000000000305,-12.999334251133291,1.1239891973011106e-05,0.005774752690759204,0.010002174004444553,-3.31734465586722,-0.4840256131128535,2.8240000000510936,0.008400000007746655,0.2399999957275467,3.5,3.5,3.5,-10.999999994263973,-2.7215789313108965,1.5707963268007166,0.8499937158429626,-12.752931306184497,2.9999999991635633,-6.431121781042652e-13,0.8499817954919092,2.1784857507272197,3.450000005307187,-3.141592652565656,0.8499839361269331,-10.003995947453028,3.8999991581066205,-1.3269766984401892e-06,0.8499938042856158,-13.00102933254788,2.0621827476233846e-06
3,C0,10,1.3400000000000318,-12.99789312338149,2.0770831556027788e-05,0.007596912445562687,0.010002381858224812,-3.31734465586722,-0.4840256131128535,2.8240000000510936,0.008400000007746655,0.2399999957275467,3.5,3.5,3.5,-10.999999994263794,-2.7103789313122135,1.5707963268007166,0.8499937158385457,-12.746211306518369,2.9999999991637343,-6.431121781042652e-13,0.8499817949656705,2.1711257518223066,3.450000005307367,-3.141592652565656,0.849983936519007,-9.995995947338907,3.899999158132461,-1.3269766984401892e-06,0.8499938043567493,-13.00102933254788,2.0621827476233846e-06
3,C0,11,1.3400000000000318,-12.996179178327584,3.5379270114291504e-05,0.009668200943679404,0.010002591429490478,-3.3180296196582986,-0.48380375301364137,2.8319999999306313,0.025999999965775622,0.39999999352696713,3.5,3.5,3.5,-10.999999994263616,-2.6991789313135306,1.5707963268007166,0.8499937158341286,-12.73949130685225,2.9999999991639053,-6.431121781042652e-13,0.8499817944394378,2.1637657529173673,3.4500000053075484,-3.141592652565656,0.8499839369111557,-9.987995947224787,3.8999991581583022,-1.3269766984401892e-06,0.849993804427885,-13.000309404535132,1.2109827796783325e-05
3,C0,12,1.3400000000000318,-12.996179178327584,3.5379270114291504e-05,0.009668200943679404,0.010002591429490478,-3.3180296196582986,-0.48380375301364137,2.8319999999306313,0.025999999965775622,0.39999999352696713,3.5,3.5,3.5,-10.999999994263616,-2.6991789313135306,1.5707963268007166,0.8499937158341286,-12.73949130685225,2.9999999991639053,-6.431121781042652e-13,0.8499817944394378,2.1637657529173673,3.4500000053075484,-3.141592652565656,0.8499839369111557,-9.987995947224787,3.8999991581583022,-1.3269766984401892e-06,0.849993804427885,-13.000309404535132,1.2109827796783325e-05
3,C0,13,1.3760000000000332,-12.993653087407917,6.31552274237897e-05,0.012608245673939434,0.010002857323872056,-3.3180296196582986,-0.48380375301364137,2.8319999999306313,0.025999999965775622,0.39999999352696713,3.5,3.5,3.5,-10.99999999426339,-2.6851789313151766,1.5707963268007166,0.8499937158286075,-12.731091307269617,2.9999999991641193,-6.431121781042652e-13,0.8499817937816556,2.154565754286155,3.450000005307774,-3.141592652565656,0.8499839374014464,-9.977995947082139,3.8999991581906044,-1.3269766984401892e-06,0.8499938045168074,-13.000309404535132,1.2109827796783325e-05
3,C0,14,1.400000000000034,-12.990700710843678,0.00010476977609000171,0.0159389854941665,0.010003130388347081,-3.320551062701136,-0.4830215888724257,2.8479999996892293,0.06599999992953354,0.3999999939649501,3.5,3.5,3.5,-10.999999994263163,-2.6711789313168226,1.5707963268007166,0.8499937158230864,-12.722691307686997,2.999999999164333,-6.431121781042652e-13,0.849981793123883,2.1453657556549013,3.4500000053079996,-3.141592652565656,0.8499839378918538,-9.967995946939494,3.8999991582229074,-1.3269766984401892e-06,0.849993804605733,-12.997670351777245,8.179700862272665e-05
3,C0,15,1.504000000000019,-12.96629303350217,0.0008072625111530937,0.041855457845273475,0.010005048838761958,-3.3512286911465945,-0.4751406139029428,2.9199999985920013,0.2459999999294027,0.3999999938564258,3.5,3.5,3.5,-10.999999994261902,-2.5927789313260416,1.5707963268007166,0.8499937157921678,-12.67565131002461,2.9999999991655297,-6.431121781042652e-13,0.849981789440533,2.093845763319107,3.450000005309264,-3.141592652565656,0.8499839406402905,-9.911995946140722,3.899999158403821,-1.3269766984401892e-06,0.8499938051037752,-12.966087389064704,0.0024782777211314264
3,C0,16,1.603999999999985,-12.940765503898035,0.002249493465506091,0.07195310082092679,0.010185526425339207,-3.3859623333148416,-0.4681982000424945,2.96799999823025,0.29999999999996696,0.40000000000040004,3.5,3.5,3.5,-10.999999994260822,-2.525578931333943,1.5707963268007166,0.8499937157656661,-12.635331312028656,2.999999999166556,-6.431121781042652e-13,0.8499817862836149,2.0496857698873816,3.450000005310347,-3.141592652565656,0.849983942999004,-9.863995945456114,3.8999991585589115,-1.3269766984401892e-06,0.849993805530748,-12.930965231275309,0.007067072846039628
3,C0,17,1.6999999999999886,-12.914266369490871,0.0042005502818596675,0.10385303278092722,0.010007155117546811,-3.4156071914444546,-0.4636088217916671,3.0079999981542174,0.29999999993928217,0.39999999809886555,3.5,3.5,3.5,-10.999999994259696,-2.455578931342174,1.5707963268007166,0.8499937157380603,-12.593331314116572,2.9999999991676254,-6.431121781042652e-13,0.849981782995393,2.0036857767283074,3.4500000053114754,-3.141592652565656,0.849983945458854,-9.813995944743034,3.899999158720485,-1.3269766984401892e-06,0.8499938059755893,-12.901418121391433,0.01224860773101408
3,C0,18,1.8040000000000305,-12.886105708207948,0.007628957657177832,0.14043389478266693,0.010005209338837282,-3.445411863030988,-0.4602085926808853,3.0479999977222363,0.3000000000026093,0.3999999999096393,3.5,3.5,3.5,-10.999999994258616,-2.388378931350076,1.5707963268007166,0.8499937157115587,-12.553011316121326,2.9999999991686517,-6.431121781042652e-13,0.8499817798389251,1.95952578329461,3.4500000053125577,-3.141592652565656,0.849983947823052,-9.76599594405853,3.8999991588756164,-1.3269766984401892e-06,0.8499938064027118,-12.872101852169447,0.018607567181343963
3,C0,19,1.900000000000034,-12.85683191889797,0.01234815903722784,0.18043426609696422,0.010005564828201434,-3.475328666957459,-0.4580029523594484,3.0879999977240193,0.30000000000041105,0.4000000000176085,3.5,3.5,3.5,-10.99999999425749,-2.3183789313583074,1.5707963268007166,0.8499937156839529,-12.511011318209981,2.9999999991697215,-6.431121781042652e-13,0.8499817765511722,1.9135257901334797,3.4500000053136857,-3.141592652565656,0.849983950288614,-9.715995943345558,3.899999159037233,-1.3269766984401892e-06,0.8499938068477091,-12.843063323389305,0.026133778225912084
3,C0,20,2.004000000000019,-12.828952876374222,0.01797150096520147,0.21883461028271553,0.01000617459151551,-3.5053097427196533,-0.45699542938507776,3.1279999977258024,0.30000000000041105,0.4000000000176085,3.4814703464508057,3.5,3.5,-10.999999994256411,-2.251178931366209,1.5707963268007166,0.8499937156574513,-12.470691320215444,2.999999999170748,-6.431121781042652e-13,0.8499817733951549,1.8693657966978057,3.4500000053147675,-3.141592652565656,0.8499839526582946,-9.667995942661156,3.899999159192405,-1.3269766984401892e-06,0.8499938072749813,-12.814348990503548,0.03481520053612526
3,C0,21,2.1000000000000227,-12.799046476312295,0.02526219881229002,0.2604351056524895,0.010007423003797512,-3.5353071269919725,-0.457187635579606,-3.1151853094520123,0.30000000000041105,0.4000000000176085,3.4814703464508057,3.5,3.5,-10.999999994255239,-2.1783789313747697,1.5707963268007166,0.8499937156287413,-12.42701132238842,2.999999999171861,-6.431121781042652e-13,0.8499817699763851,1.8215258038080642,3.4500000053159394,-3.141592652565656,0.8499839552284784,-9.615995941919776,3.8999991593605303,-1.3269766984401892e-06,0.8499938077379422,-12.786004790319396,0.04463794568822498
3,C0,22,2.208000000000027,-12.767606100254456,0.03336941869352296,0.305282091219241,0.010107116493542198,-3.565272830358638,-0.458579263454103,-3.0751853094516948,0.29999999999996696,0.40000000000040004,3.431018590927124,3.5,3.5,-10.999999994253978,-2.0999789313839887,1.5707963268007166,0.8499937155978228,-12.379971324729006,2.9999999991730593,-6.431121781042652e-13,0.8499817662949227,1.7700058114639914,3.4500000053171997,-3.141592652565656,0.8499839579998919,-9.559995941121434,3.8999991595416152,-1.3269766984401892e-06,0.8499938082366119,-12.758076067510737,0.05558629938534167
3,C0,23,2.3040000000000305,-12.742952984920132,0.041092763265679594,0.3404935468874415,0.010004890373981107,-3.5951589140859843,-0.46116808670090065,-3.0351853094430505,0.3000000000005887,0.40000000001982894,3.431018590927124,3.5,3.5,-10.999999994252988,-2.038378931391232,1.5707963268007166,0.8499937155735297,-12.343011326568368,2.999999999174001,-6.431121781042652e-13,0.8499817634025559,1.7295258174784343,3.4500000053181905,-3.141592652565656,0.8499839601799938,-9.515995940494212,3.899999159683915,-1.3269766984401892e-06,0.8499938086284937,-12.730607502076866,0.0676427465969472
3,C0,24,2.4039999999999964,-12.715190250505222,0.051541366171229674,0.38049376650500333,0.01000513181421656,-3.618978319461128,-0.464098407033895,-3.003185309441642,0.30000000000043325,0.40000000001788605,3.3600962162017822,3.5,3.5,-10.999999994251862,-1.968378931399466,1.5707963268007166,0.8499937155459238,-12.301011328658907,2.999999999175072,-6.431121781042652e-13,0.8499817601160008,1.683525824312036,3.4500000053193163,-3.141592652565656,0.8499839626601194,-9.465995939781514,3.89999915984564,-1.3269766984401892e-06,0.8499938090738887,-12.70899351983893,0.0780728291228704
3,C0,25,2.504000000000019,-12.687891906682003,0.06308034161088845,0.4204939677091983,0.01000573766003284,-3.6545011810539902,-0.46991884442017134,-2.9551853094394955,0.30000000000043325,0.40000000001788605,3.3600962162017822,3.5,3.5,-10.999999994250738,-1.8983789314077029,1.5707963268007166,0.8499937155183181,-12.259011330749821,2.9999999991761426,-6.431121781042652e-13,0.8499817568296852,1.63752583114458,3.450000005320441,-3.141592652565656,0.8499839651431566,-9.41599593906887,3.8999991600073867,-1.3269766984401892e-06,0.8499938095193632,-12.677225812256188,0.09500102873329976
3,C0,26,2.6000000000000227,-12.658981829159648,0.07674620395240492,0.46369423422043543,0.01000689255754389,-3.6838624293258215,-0.4760667795468857,-2.9151853094377125,0.30000000000043325,0.40000000001788605,3.4232382774353027,3.5,3.5,-10.99999999424952,-1.8227789314165987,1.5707963268007166,0.8499937154885039,-12.213651333008434,2.999999999177299,-6.431121781042652e-13,0.8499817532807337,1.5878458385225387,3.450000005321656,-3.141592652565656,0.8499839678281061,-9.361995938299273,3.899999160182097,-1.3269766984401892e-06,0.8499938100005651,-12.651398087186214,0.11025909624240039
3,C0,27,2.6999999999999886,-12.634741761635892,0.08873499292069484,0.5005349607288732,0.01012067719323764,-3.712954339898357,-0.48338393375055805,-2.8751853094369952,0.29999999999994476,0.4000000000001225,3.4232382774353027,3.5,3.5,-10.999999994248485,-1.7583789314241767,1.5707963268007166,0.8499937154631066,-12.175011334932783,2.9999999991782844,-6.431121781042652e-13,0.8499817502577733,1.5455258448064915,3.4500000053226905,-3.141592652565656,0.849983970117963,-9.315995937643743,3.8999991603309447,-1.3269766984401892e-06,0.8499938104105509,-12.626201181502196,0.1265377924540593
3,C0,28,2.8000000000000114,-12.609840439220097,0.1019491800650259,0.5389779038344882,0.01000630855757242,-3.736002653377736,-0.4900716908793675,-2.8431853094277817,0.2999999999895975,0.40000000022993865,3.5,3.5,3.5,-10.999999994247403,-1.6911789314320842,1.5707963268007166,0.8499937154366052,-12.13469133694114,2.999999999179313,-6.431121781042652e-13,0.8499817471035963,1.501365851362702,3.4500000053237696,-3.141592652565656,0.8499839725100049,-9.26799593695976,3.899999160486283,-1.3269766984401892e-06,0.849993810838434,-12.606524970577862,0.14027815537935132
3,C0,29,2.900000000000034,-12.583692256065513,0.11831620315651115,0.5805780047633567,0.01000626832028225,-3.7701444898795344,-0.5014772240715331,-2.7951853094256465,0.30000000000043325,0.40000000001788605,3.5,3.5,3.5,-10.999999994246233,-1.6183789314406507,1.5707963268007166,0.8499937154078951,-12.09101133911725,2.999999999180427,-6.431121781042652e-13,0.8499817436868206,1.4535258584641586,3.450000005324938,-3.141592652565656,0.8499839751044096,-9.215995936218835,3.8999991606545894,-1.3269766984401892e-06,0.8499938113020566,-12.577859993325324,0.16205131009392107
3,C0,30,3.0,-12.557308216959246,0.1364301087646631,0.6237781167484275,0.010006773315203851,-3.798151237248533,-0.5122244147840609,-2.755185309423863,0.30000000000043325,0.40000000001788605,3.5,3.3134219646453857,3.5,-10.999999994245018,-1.5427789314495468,1.5707963268007166,0.849993715378081,-12.04565134137749,2.9999999991815844,-6.431121781042652e-13,0.8499817401389049,1.4038458658375306,3.450000005326151,-3.141592652565656,0.8499839778019295,-9.161995935449477,3.899999160829394,-1.3269766984401892e-06,0.849993811783602,-12.554793046420937,0.18122931746988585
3,C1,0,0.0,-13.002189124087225,1.41800657679099e-09,-4.716133276650707e-09,0.010108040299923926,-4.071983102503007,-0.7041031942078763,-2.3055853068744194,0.0,0.0,3.5,3.5,3.5,-10.999999994169764,-2.7999789320000743,1.5707963268007166,0.8499937135329407,-12.799971482115216,2.999999999253651,-6.431121781042652e-13,0.8499815211090685,2.2300063196888438,3.450000005383601,3.1415900010241367,0.8499841513277028,-10.059995887960746,3.8999991716969498,-1.3269766984401892e-06,0.8499938417660616,-13.001225874039552,1.4611494522522816e-09
3,C1,1,1.156000000000006,-13.00232172656711,1.8194435599858063e-08,5.7266186034309326e-05,0.009999904162752071,-4.071983102503007,-0.7041031942078763,-2.3055853068744194,0.0,0.0,3.5,3.5,3.5,-10.999999994124941,-2.7859789323279482,1.5707963268007166,0.8499937124342719,-12.79157156671333,2.9999999992969695,-6.431121781042652e-13,0.8499813912017619,2.2208065875243173,3.4500000054437474,-3.141592652565656,0.8499842607686534,-10.049995859800543,3.8999991782138044,-1.3269766984401892e-06,0.8499938597871417,-13.001225874039552,1.4611494522522816e-09
3,C1,2,1.156000000000006,-13.00232172656711,1.8194435599858063e-08,5.7266186034309326e-05,0.009999904162752071,-4.071983102503007,-0.7041031942078763,-2.3055853068744194,0.0,0.0,3.5,3.5,3.5,-10.999999994124941,-2.7859789323279482,1.5707963268007166,0.8499937124342719,-12.79157156671333,2.9999999992969695,-6.431121781042652e-13,0.8499813912017619,2.2208065875243173,3.4500000054437474,-3.141592652565656,0.8499842607686534,-10.049995859800543,3.8999991782138044,-1.3269766984401892e-06,0.8499938597871417,-13.001225874039552,1.4611494522522816e-09
3,C1,3,1.156000000000006,-13.002194791690593,1.2593812217178166e-07,0.00035727833237308624,0.009999997379902521,-4.071983102503007,-0.7041031942078763,-2.3055853068744194,0.0,0.0,3.5,3.5,3.5,-10.999999994124762,-2.7747789323292658,1.5707963268007166,0.8499937124298551,-12.784851567054616,2.9999999992971444,-6.431121781042652e-13,0.8499813906803013,2.213446588597271,3.45000000544392,-3.141592652565656,0.8499842612177725,-10.041995859687512,3.8999991782400714,-1.3269766984401892e-06,0.8499938598598406,-13.001225874039552,1.4611494522522816e-09
3,C1,4,1.188000000000045,-13.001795121400846,4.932277826106135e-07,0.0009048365754605293,0.010000117972216196,-4.071983102503007,-0.7041031942078763,-2.3055853068744194,0.0,0.0,3.5,3.5,3.5,-10.999999994124583,-2.7635789323305837,1.5707963268007166,0.8499937124254384,-12.778131567395913,2.9999999992973194,-6.431121781042652e-13,0.8499813901588469,2.2060865896701944,3.4500000054440934,-3.141592652565656,0.8499842616669647,-10.033995859574482,3.899999178266339,-1.3269766984401892e-06,0.8499938599325415,-13.001225874039552,1.4611494522522816e-09
3,C1,5,1.188000000000045,-13.001795121400846,4.932277826106135e-07,0.0009048365754605293,0.010000117972216196,-4.071983102503007,-0.7041031942078763,-2.3055853068744194,0.0,0.0,3.5,3.5,3.5,-10.999999994124583,-2.7635789323305837,1.5707963268007166,0.8499937124254384,-12.778131567395913,2.9999999992973194,-6.431121781042652e-13,0.8499813901588469,2.2060865896701944,3.4500000054440934,-3.141592652565656,0.8499842616669647,-10.033995859574482,3.899999178266339,-1.3269766984401892e-06,0.8499938599325415,-13.001225874039552,1.4611494522522816e-09
3,C1,6,1.188000000000045,-13.001122692401406,1.491671146909088e-06,0.0017002745297989546,0.010000261338789942,-4.071983102503007,-0.7041031942078763,-2.3055853068744194,0.0,0.0,3.5,3.5,3.5,-10.999999994124401,-2.7523789323319012,1.5707963268007166,0.8499937124210217,-12.77141156773722,2.999999999297494,-6.431121781042652e-13,0.8499813896373988,2.198726590743087,3.4500000054442665,-3.141592652565656,0.84998426211623,-10.025995859461451,3.899999178292607,-1.3269766984401892e-06,0.8499938600052445,-13.001225874039552,1.4611494522522816e-09
3,C1,7,1.2200000000000273,-13.000177480090901,3.6973961835330046e-06,0.002743955964414097,0.010000423353480963,-4.071983102503007,-0.7041031942078763,-2.3055853068744194,0.0,0.0,3.5,3.5,3.5,-10.99999999412422,-2.7411789323332187,1.5707963268007166,0.849993712416605,-12.764691568078534,2.999999999297669,-6.431121781042652e-13,0.8499813891159569,2.191366591815949,3.4500000054444397,-3.141592652565656,0.8499842625655685,-10.017995859348424,3.899999178318876,-1.3269766984401892e-06,0.8499938600779494,-13.001225874039552,1.4611494522522816e-09
3,C1,8,1.2200000000000273,-13.000177480090901,3.6973961835330046e-06,0.002743955964414097,0.010000423353480963,-4.071993824642825,-0.7041150700532601,-2.304785306875218,0.000399999999611822,0.019999999980035987,3.5,3.5,3.5,-10.99999999412422,-2.7411789323332187,1.5707963268007166,0.849993712416605,-12.764691568078534,2.999999999297669,-6.431121781042652e-13,0.8499813891159569,2.191366591815949,3.4500000054444397,-3.141592652565656,0.8499842625655685,-10.017995859348424,3.899999178318876,-1.3269766984401892e-06,0.8499938600779494,-13.001209874041274,7.861091395111177e-09
3,C1,9,1.2200000000000273,-12.998959459309097,7.89150895297496e-06,0.004036274690844765,0.01000060036563158,-4.071993824642825,-0.7041150700532601,-2.304785306875218,0.000399999999611822,0.019999999980035987,3.5,3.5,3.5,-10.999999994124043,-2.7299789323345367,1.5707963268007166,0.8499937124121882,-12.75797156841986,2.9999999992978434,-6.431121781042652e-13,0.8499813885945213,2.1840065928887804,3.450000005444613,-3.141592652565656,0.8499842630149801,-10.0099958592354,3.899999178345145,-1.3269766984401892e-06,0.8499938601506564,-13.001209874041274,7.861091395111177e-09
3,C1,10,1.2520000000000095,-12.99786689824962,1.2927725439360006e-05,0.005168935684370442,0.010000741039263513,-4.071993824642825,-0.7041150700532601,-2.304785306875218,0.000399999999611822,0.019999999980035987,3.5,3.5,3.5,-10.999999994123906,-2.721578932335525,1.5707963268007166,0.8499937124088758,-12.75293156867586,2.9999999992979745,-6.431121781042652e-13,0.8499813882034487,2.1784865936933837,3.4500000054447426,-3.141592652565656,0.8499842633520868,-10.00399585915063,3.8999991783648476,-1.3269766984401892e-06,0.849993860205188,-13.001209874041274,7.861091395111177e-09
3,C1,11,1.2520000000000095,-12.99786689824962,1.2927725439360006e-05,0.005168935684370442,0.010000741039263513,-4.072207601431937,-0.7043531863350897,-2.300785307004832,0.008399999975572392,0.11999999673967254,3.5,3.5,3.5,-10.999999994123906,-2.721578932335525,1.5707963268007166,0.8499937124088758,-12.75293156867586,2.9999999992979745,-6.431121781042652e-13,0.8499813882034487,2.1784865936933837,3.4500000054447426,-3.141592652565656,0.8499842633520868,-10.00399585915063,3.8999991783648476,-1.3269766984401892e-06,0.849993860205188,-13.000889875868362,1.031857591982804e-06
3,C1,12,1.2520000000000095,-12.996171404183103,2.309940355959245e-05,0.006897406768440727,0.010000936945252148,-4.072207601431937,-0.7043531863350897,-2.300785307004832,0.008399999975572392,0.11999999673967254,3.5,3.5,3.5,-10.999999994123725,-2.7103789323368424,1.5707963268007166,0.849993712404459,-12.746211569017202,2.9999999992981494,-6.431121781042652e-13,0.8499813876820241,2.1711265947661613,3.4500000054449154,-3.141592652565656,0.8499842638016264,-9.995995859037606,3.8999991783911176,-1.3269766984401892e-06,0.8499938602778985,-13.000889875868362,1.031857591982804e-06
3,C1,13,1.3080000000000496,-12.991961786094661,6.059010599933853e-05,0.011104471158237006,0.01000134914249465,-4.073428339131269,-0.7057299152545582,-2.2927853072461204,0.045999999929557944,0.1999999939678032,3.5,3.5,3.5,-10.999999994123366,-2.687978932339478,1.5707963268007166,0.8499937123956256,-12.732771569699915,2.999999999298499,-6.431121781042652e-13,0.8499813866391936,2.1564065969116246,3.450000005445262,-3.141592652565656,0.849984264700925,-9.979995858811563,3.8999991784436596,-1.3269766984401892e-06,0.8499938604233255,-12.99904996131459,1.8279555731546453e-05
3,C1,14,1.400000000000034,-12.972846677425105,0.0004441214417594201,0.028883418076987796,0.010002674683332689,-4.088531435438962,-0.7235496843819132,-2.2607853081202225,0.20599999993125007,0.19999999639613852,3.5,3.5,3.5,-10.999999994122286,-2.620778932347384,1.5707963268007166,0.8499937123691252,-12.692451571748283,2.999999999299548,-6.431121781042652e-13,0.8499813835108524,2.112246603347279,3.4500000054463,-3.141592652565656,0.8499842674005758,-9.931995858133469,3.8999991786012993,-1.3269766984401892e-06,0.8499938608596551,-12.975702609308556,0.0007591197125731159
3,C1,15,1.5,-12.94313782227689,0.0016125410838868472,0.04968362978852651,0.010004400332070245,-4.10938000220349,-0.7494683939185659,-2.2367853081124838,0.3000000000006553,0.20000000001046958,3.5,3.5,3.5,-10.999999994121112,-2.547978932355949,1.5707963268007166,0.8499937123404165,-12.648771573967736,2.9999999993006843,-6.431121781042652e-13,0.8499813801220705,2.064406610317991,3.450000005447424,-3.141592652565656,0.8499842703281677,-9.879995857398924,3.899999178772098,-1.3269766984401892e-06,0.8499938613324276,-12.94249412910414,0.0026667577005837877
3,C1,16,1.6000000000000227,-12.915094234142657,0.0032972748632039144,0.06967518686290283,0.010134010683835477,-4.127677994879859,-0.7732413504956879,-2.2167853081118096,0.29999999999992255,0.20000000000131024,3.5,3.5,3.5,-10.999999994119985,-2.4779789323641843,1.5707963268007166,0.8499937123128121,-12.606771576102206,2.999999999301777,-6.431121781042652e-13,0.8499813768638758,2.0184066170193753,3.450000005448505,-3.141592652565656,0.8499842731460725,-9.829995856692689,3.899999178936349,-1.3269766984401892e-06,0.8499938617870969,-12.912587720952187,0.005028272437139818
3,C1,17,1.7000000000000455,-12.890354404903269,0.005061524190406713,0.08806237625230884,0.00999433315554629,-4.145496900643336,-0.7973754880947395,-2.1967853081085327,0.29999999994059223,0.20000000007958096,3.5,3.5,3.5,-10.99999999411895,-2.413578932371761,1.5707963268007166,0.8499937122874159,-12.568131578066248,2.999999999302783,-6.431121781042652e-13,0.8499813738665528,1.9760866231835874,3.450000005449498,-3.141592652565656,0.8499842757410666,-9.783995856043,3.899999179087479,-1.3269766984401892e-06,0.8499938622054622,-12.882734521030997,0.007987403174891466
3,C1,18,1.8040000000000305,-12.857082483408005,0.008366528757828826,0.1104625791318748,0.00999700392326895,-4.162829592172002,-0.821861153386425,-2.1767853081074993,0.3000000000006553,0.20000000001046958,3.5,3.5,3.5,-10.999999994117688,-2.335178932380985,1.5707963268007166,0.849993712256499,-12.521091580457684,2.9999999993040074,-6.431121781042652e-13,0.8499813702179174,1.9245666306864722,3.4500000054507076,-3.141592652565656,0.8499842789034509,-9.72799585525214,3.8999991792714876,-1.3269766984401892e-06,0.8499938627148667,-12.852946470217685,0.011542966301573157
3,C1,19,1.9040000000000532,-12.828655145961132,0.01178780129570125,0.12966276890696868,0.009999215684739372,-4.1796691366189505,-0.8466885524290854,-2.1567853081064556,0.3000000000006553,0.20000000001046958,3.5,3.5,3.5,-10.999999994116608,-2.2679789323888913,1.5707963268007166,0.8499937122299986,-12.480771582507858,2.9999999993050572,-6.431121781042652e-13,0.8499813670907601,1.8804066371163144,3.4500000054517437,-3.141592652565656,0.8499842816169153,-9.679995854574313,3.899999179429231,-1.3269766984401892e-06,0.8499938631515778,-12.823235483337832,0.015693539639025797
3,C1,20,2.0,-12.800323298179922,0.015751104548511845,0.148863009866592,0.010001380285777541,-4.196008798390929,-0.871847754594128,-2.1367853081054133,0.3000000000006553,0.20000000001046958,3.5,3.5,3.5,-10.999999994115528,-2.2007789323967972,1.5707963268007166,0.8499937122034984,-12.440451584558376,2.9999999993061075,-6.431121781042652e-13,0.8499813639638284,1.8362466435450462,3.4500000054527797,-3.141592652565656,0.8499842843330095,-9.631995853896541,3.899999179586994,-1.3269766984401892e-06,0.8499938635883614,-12.793613444390056,0.020437463013249973
3,C1,21,2.1000000000000227,-12.77100696991196,0.02036824008190117,0.16886903844991674,0.010072077990708538,-4.211842041841079,-0.8973286965361277,-2.1167853081045274,0.30000000000036664,0.20000000000686136,3.4369237422943115,3.5,3.5,-10.9999999941144,-2.130778932405033,1.5707963268007166,0.849993712175894,-12.398451586694698,2.9999999993072013,-6.431121781042652e-13,0.8499813607068478,1.7902466502404601,3.4500000054538575,-3.141592652565656,0.8499842871650704,-9.58199585319058,3.8999991797513514,-1.3269766984401892e-06,0.8499938640434217,-12.764092201794991,0.02577283891814816
3,C1,22,2.2040000000000077,-12.743298640929142,0.024760301948623793,0.18809276637880187,0.010006275914262567,-4.227162533882857,-0.9231211862175702,-2.096785308100166,0.2999999999873548,0.20000000010678143,3.4369237422943115,3.5,3.5,-10.999999994113319,-2.0635789324129394,1.5707963268007166,0.8499937121493938,-12.35813158874592,2.9999999993082516,-6.431121781042652e-13,0.8499813575803769,1.7460866566669215,3.4500000054548927,-3.141592652565656,0.8499842898865323,-9.533995852512913,3.899999179909155,-1.3269766984401892e-06,0.8499938644803536,-12.734683563656601,0.031697533274374676
3,C1,23,2.3000000000000114,-12.715196461179206,0.030382576305964998,0.20729290967024147,0.010006034920968684,-4.2419641465241975,-0.9492149069875152,-2.076785308099167,0.3000000000006775,0.20000000001074714,3.3824353218078613,3.5,3.5,-10.999999994112237,-1.9963789324208463,1.5707963268007166,0.8499937121228935,-12.317811590797485,2.9999999993093023,-6.431121781042652e-13,0.8499813544541316,1.7019266630922691,3.4500000054559274,-3.141592652565656,0.8499842926106227,-9.485995851835295,3.899999180066978,-1.3269766984401892e-06,0.8499938649173582,-12.705399293036939,0.03820917628352058
3,C1,24,2.400000000000034,-12.6825846094741,0.037614505393961,0.2296931083397684,0.010006401302496306,-4.256240959317192,-0.9755994217050136,-2.056785308098125,0.3000000000006775,0.20000000001074714,3.3824353218078613,3.5,3.5,-10.999999994110976,-1.9179789324300764,1.5707963268007166,0.8499937120919766,-12.27077159319141,2.999999999310528,-6.431121781042652e-13,0.8499813508071309,1.6504066705870992,3.4500000054571345,-3.141592652565656,0.8499842957920495,-9.429995851044806,3.89999918025113,-1.3269766984401892e-06,0.8499938654272886,-12.67625110325435,0.045305163374984136
3,C1,25,2.5,-12.65594746418129,0.044094674249683316,0.24809332224542913,0.010007148243667665,-4.269987261727073,-1.0022641769159648,-2.0367853080971057,0.3000000000006331,0.20000000001019203,3.3309526443481445,3.5,3.5,-10.99999999410994,-1.8535789324376586,1.5707963268007166,0.8499937120665806,-12.2321315951582,2.999999999311535,-6.431121781042652e-13,0.8499813478116102,1.6080866767424304,3.450000005458125,-3.141592652565656,0.8499842984080397,-9.383995850395529,3.8999991804024177,-1.3269766984401892e-06,0.849993865846234,-12.64725065319611,0.052982656248542453
3,C1,26,2.6000000000000227,-12.624886342272514,0.052014051589169955,0.2697125076847117,0.010095590465092653,-4.283197555416153,-1.0291985070737826,-2.0167853080964853,0.29999999999996696,0.20000000000186535,3.3309526443481445,3.5,3.5,-10.999999994108723,-1.7779789324465594,1.5707963268007166,0.8499937120367679,-12.186771597467445,2.9999999993127178,-6.431121781042652e-13,0.8499813442953941,1.5584066839669448,3.450000005459288,-3.141592652565656,0.849984301482063,-9.329995849633395,3.8999991805800396,-1.3269766984401892e-06,0.8499938663381246,-12.618409542655607,0.06123858400939747
3,C1,27,2.7000000000000455,-12.59853541720924,0.05922207271409694,0.28812993961328176,0.010005268981606981,-4.295866556442961,-1.0563916388053154,-1.9967853080923226,0.3000000000006109,0.20000000001713092,3.268423557281494,3.5,3.5,-10.999999994107688,-1.7135789324541415,1.5707963268007166,0.8499937120113719,-12.148131599434922,2.999999999313725,-6.431121781042652e-13,0.8499813413003243,1.5160866901200445,3.4500000054602773,-3.141592652565656,0.8499843041032976,-9.28399584898422,3.8999991807313665,-1.3269766984401892e-06,0.8499938667572148,-12.58973930769275,0.07006964439647964
3,C1,28,2.8040000000000305,-12.56660486865097,0.06906734259730092,0.3105301338441688,0.010005678797086264,-4.307989197376218,-1.0838326952209743,-1.9767853080912803,0.3000000000006997,0.20000000001046958,3.268423557281494,3.5,3.5,-10.999999994106425,-1.635178932463372,1.5707963268007166,0.8499937119804549,-12.101091601830538,2.9999999993149515,-6.431121781042652e-13,0.8499813376544325,1.4645666976093872,3.450000005461483,-3.141592652565656,0.8499843072976208,-9.227995848193984,3.899999180915615,-1.3269766984401892e-06,0.8499938672675017,-12.561251416018719,0.07947230510357883
3,C1,29,2.904000000000053,-12.53944257774456,0.0780651526276682,0.3297303106390178,0.01000648828781371,-4.319560629321107,-1.1115107002637676,-1.9567853080902382,0.3000000000006997,0.20000000001046958,3.2065234184265137,3.5,3.5,-10.999999994105345,-1.5679789324712838,1.5707963268007166,0.8499937119539548,-12.060771603884294,2.999999999316003,-6.431121781042652e-13,0.8499813345296272,1.4204067040276098,3.450000005462515,-3.141592652565656,0.8499843100384563,-9.179995847516695,3.8999991810735644,-1.3269766984401892e-06,0.8499938677049691,-12.53295726241063,0.08944280519163336
3,C1,30,3.0,-12.512466911862953,0.08741496750580365,0.3489417663331345,0.010075644501168381,-4.330576223859125,-1.1394145831006912,-1.9367853080894837,0.3000000000001224,0.20000000000325313,3.2065234184265137,3.5,3.5,-10.999999994104263,-1.5007789324791958,1.5707963268007166,0.8499937119274547,-12.020451605938396,2.999999999317055,-6.431121781042652e-13,0.849981331405048,1.3762467104447107,3.450000005463547,-3.141592652565656,0.8499843127819169,-9.131995846839457,3.899999181231533,-1.3269766984401892e-06,0.849993868142509,-12.504868164152693,0.09997715659353934
3,C2,0,0.0,-13.002082810513206,1.5078471059596866e-09,-4.5573101092004134e-09,0.01018322661510857,-4.412537669228638,-1.4485242200612936,-1.7231853068272545,1.7763568394002505e-13,0.0,3.5,3.5,3.5,-10.999999994030727,-2.799978933017167,1.5707963268007166,0.8499937101254678,-12.799971746423289,2.999999999388991,-6.431121781042652e-13,0.8499811194659554,2.230007144117811,3.450000005513895,3.1415900010241367,0.8499845054699992,-10.059995800909942,3.899999192019593,-1.3269766984401892e-06,0.8499938980651958,-13.001079336703688,1.5452987559795148e-09
3,C2,1,1.1760000000000446,-13.002133289759925,1.5040508804089029e-09,-4.67725311796692e-09,0.010155498430590132,-4.412537669228638,-1.4485242200612936,-1.7231853068272545,1.7763568394002505e-13,0.0,3.5,3.5,3.5,-10.99999999398606,-2.7915789333439003,1.5707963268007166,0.8499937090312695,-12.79493183250234,2.9999999994330677,-6.431121781042652e-13,0.8499809912851976,2.224487404781705,3.4500000055740845,-3.141592652565656,0.8499846283349477,-10.053995773137258,3.8999991986146942,-1.3269766984401892e-06,0.8499939163981899,-13.001079336703688,1.5452987559795148e-09
3,C2,2,1.1760000000000446,-13.002189107091962,1.4863585971303694e-09,-5.347232018031567e-09,0.010108103309838627,-4.412537669228638,-1.4485242200612936,-1.7231853068272545,0.0,0.0,3.5,3.5,3.5,-10.999999993985881,-2.7803789333452182,1.5707963268007166,0.849993709026853,-12.788211832850962,2.9999999994332462,-6.431121781042652e-13,0.8499809907686114,2.2171274058295993,3.450000005574249,-3.141592652565656,0.8499846288397798,-10.045995773025338,3.899999198641382,-1.3269766984401892e-06,0.8499939164724368,-13.001079336703688,1.5452987559795148e-09
3,C2,3,1.1760000000000446,-13.002250271104774,1.4516845335011642e-09,-6.691838385197643e-09,0.010041046601742815,-4.412537669228638,-1.4485242200612936,-1.7231853068272545,0.0,0.0,3.5,3.5,3.5,-10.9999999939857,-2.7691789333465366,1.5707963268007166,0.8499937090224365,-12.781491833199592,2.9999999994334248,-6.431121781042652e-13,0.8499809902520319,2.209767406877459,3.450000005574414,-3.141592652565656,0.8499846293446831,-10.037995772913417,3.8999991986680698,-1.3269766984401892e-06,0.8499939165466857,-13.001079336703688,1.5452987559795148e-09
3,C2,4,1.2160000000000082,-13.001910616180567,5.346115202220603e-09,2.820297814696146e-09,0.010000177870424277,-4.412537669228638,-1.4485242200612936,-1.7231853068272545,0.0,0.0,3.5,3.5,3.5,-10.999999993985519,-2.757978933347855,1.5707963268007166,0.84999370901802,-12.774771833548233,2.9999999994336033,-6.431121781042652e-13,0.8499809897354587,2.2024074079252847,3.450000005574579,-3.141592652565656,0.849984629849658,-10.029995772801499,3.8999991986947586,-1.3269766984401892e-06,0.8499939166209366,-13.001079336703688,1.5452987559795148e-09
3,C2,5,1.2160000000000082,-13.001910616180567,5.346115202220603e-09,2.820297814696146e-09,0.010000177870424277,-4.412537669228638,-1.4485242200612936,-1.7231853068272545,0.0,0.0,3.5,3.5,3.5,-10.999999993985519,-2.757978933347855,1.5707963268007166,0.84999370901802,-12.774771833548233,2.9999999994336033,-6.431121781042652e-13,0.8499809897354587,2.2024074079252847,3.450000005574579,-3.141592652565656,0.849984629849658,-10.029995772801499,3.8999991986947586,-1.3269766984401892e-06,0.8499939166209366,-13.001079336703688,1.5452987559795148e-09
3,C2,6,1.2160000000000082,-13.000619439218669,1.703912299401938e-08,2.079785730545263e-08,0.01000030088530853,-4.412537669228638,-1.4485242200612936,-1.7231853068272545,0.0,0.0,3.5,3.5,3.5,-10.999999993985295,-2.7439789333495033,1.5707963268007166,0.8499937090124994,-12.766371833984046,2.9999999994338262,-6.431121781042652e-13,0.8499809890897511,2.193207409235018,3.4500000055747853,-3.141592652565656,0.8499846304809769,-10.019995772661602,3.89999919872812,-1.3269766984401892e-06,0.849993916713753,-13.001079336703688,1.5452987559795148e-09
3,C2,7,1.259999999999991,-12.99892957022779,3.100119453337156e-08,3.8670425256878446e-08,0.010000462242858724,-4.412537669228638,-1.4485242200612936,-1.7231853068272545,0.0,0.0,3.5,3.5,3.5,-10.99999999398507,-2.729978933351151,1.5707963268007166,0.8499937090069787,-12.757971834419875,2.9999999994340496,-6.431121781042652e-13,0.8499809884440536,2.1840074105446976,3.450000005574992,-3.141592652565656,0.8499846311124076,-10.009995772521707,3.8999991987614826,-1.3269766984401892e-06,0.8499939168065725,-13.001079336703688,1.5452987559795148e-09
3,C2,8,1.259999999999991,-12.99892957022779,3.100119453337156e-08,3.8670425256878446e-08,0.010000462242858724,-4.412605675565072,-1.4489670283020726,-1.7231853068272545,0.011199999997124621,0.0,3.5,3.5,3.5,-10.99999999398507,-2.729978933351151,1.5707963268007166,0.8499937090069787,-12.757971834419875,2.9999999994340496,-6.431121781042652e-13,0.8499809884440536,2.1840074105446976,3.450000005574992,-3.141592652565656,0.8499846311124076,-10.009995772521707,3.8999991987614826,-1.3269766984401892e-06,0.8499939168065725,-13.000631336703803,1.543763108733981e-09
3,C2,9,1.259999999999991,-12.996841009046868,4.6784191407184655e-08,5.655707707418077e-08,0.01000065393511955,-4.412605675565072,-1.4489670283020726,-1.7231853068272545,0.011199999997124621,0.0,3.5,3.5,3.5,-10.999999993984844,-2.7159789333527993,1.5707963268007166,0.8499937090014581,-12.749571834855718,2.9999999994342725,-6.431121781042652e-13,0.849980987798366,2.1748074118543235,3.4500000055751983,-3.141592652565656,0.8499846317439498,-9.999995772381816,3.8999991987948457,-1.3269766984401892e-06,0.8499939168993952,-13.000631336703803,1.543763108733981e-09
3,C2,10,1.3000000000000682,-12.99435375554564,6.406480726160529e-08,7.445784432830855e-08,0.010000869088207921,-4.412605675565072,-1.4489670283020726,-1.7231853068272545,0.011199999997124621,0.0,3.5,3.5,3.5,-10.999999993984618,-2.701978933354447,1.5707963268007166,0.8499937089959375,-12.741171835291576,2.999999999434496,-6.431121781042652e-13,0.8499809871526884,2.1656074131638956,3.4500000055754043,-3.141592652565656,0.8499846323756036,-9.989995772241926,3.8999991988282097,-1.3269766984401892e-06,0.849993916992221,-13.000631336703803,1.543763108733981e-09
3,C2,11,1.3000000000000682,-12.992076894204477,7.883001881631561e-08,8.878864275967092e-08,0.010001054208469258,-4.412909275280651,-1.4509438508014005,-1.723185306820849,0.049999999882177626,1.6014967130217883e-10,3.5,3.5,3.5,-10.999999993984437,-2.6907789333557655,1.5707963268007166,0.8499937089915209,-12.734451835640273,2.9999999994346744,-6.431121781042652e-13,0.8499809866361535,2.1582474142115147,3.4500000055755695,-3.141592652565656,0.849984632881007,-9.981995772130016,3.8999991988549016,-1.3269766984401892e-06,0.8499939170664839,-12.998631336708513,1.5369160704845584e-09
3,C2,12,1.3000000000000682,-12.992076894204477,7.883001881631561e-08,8.878864275967092e-08,0.010001054208469258,-4.412909275280651,-1.4509438508014005,-1.723185306820849,0.049999999882177626,1.6014967130217883e-10,3.5,3.5,3.5,-10.999999993984437,-2.6907789333557655,1.5707963268007166,0.8499937089915209,-12.734451835640273,2.9999999994346744,-6.431121781042652e-13,0.8499809866361535,2.1582474142115147,3.4500000055755695,-3.141592652565656,0.849984632881007,-9.981995772130016,3.8999991988549016,-1.3269766984401892e-06,0.8499939170664839,-12.998631336708513,1.5369160704845584e-09
3,C2,13,1.3319999999999936,-12.990201797355722,9.041954947532117e-08,9.95426942329573e-08,0.010001199008648506,-4.412909275280651,-1.4509438508014005,-1.723185306820849,0.049999999882177626,1.6014967130217883e-10,3.5,3.5,3.5,-10.999999993984304,-2.6823789333567545,1.5707963268007166,0.8499937089882086,-12.729411835901802,2.9999999994348086,-6.431121781042652e-13,0.8499809862487566,2.152727414997206,3.450000005575693,-3.141592652565656,0.8499846332601064,-9.975995772046085,3.8999991988749207,-1.3269766984401892e-06,0.8499939171221824,-12.998631336708513,1.5369160704845584e-09
3,C2,14,1.4039999999999964,-12.97403318001188,1.8065236746866733e-07,1.7136737568500622e-07,0.010002245168098873,-4.414730873577312,-1.4628047858187945,-1.7231853068121443,0.1499999999338586,8.743006318923108e-11,3.5,3.5,3.5,-10.9999999939834,-2.626378933363346,1.5707963268007166,0.849993708966126,-12.695811837645465,2.999999999435701,-6.431121781042652e-13,0.8499809836662022,2.115927420234654,3.4500000055765185,-3.141592652565656,0.8499846357884624,-9.935995771486562,3.89999919900839,-1.3269766984401892e-06,0.8499939174935343,-12.98663133671513,1.4959312131038183e-09
3,C2,15,1.5,-12.948128773536139,3.3345695674972654e-07,2.2526005473589593e-07,0.010003607169961713,-4.420734861564664,-1.5018984276491334,-1.7231853068006306,0.2987999999806812,2.6367796834847468e-11,3.5,3.5,3.5,-10.999999993982364,-2.561978933370927,1.5707963268007166,0.8499937089407312,-12.657171839650971,2.999999999436728,-6.431121781042652e-13,0.8499809806964623,2.0736074262566535,3.4500000055774662,-3.141592652565656,0.8499846386982786,-9.889995770843155,3.8999991991618965,-1.3269766984401892e-06,0.8499939179206507,-12.947079336723839,1.3612824045078353e-09
3,C2,16,1.6000000000000227,-12.917112993480115,5.901939733327008e-07,2.2499389351094837e-07,0.010022084293137373,-4.425288857308392,-1.531550765209096,-1.7231853068006422,0.3000000000006553,-2.7755575615628914e-13,3.5,3.5,3.5,-10.999999993981193,-2.4891789333794967,1.5707963268007166,0.849993708912024,-12.61349184191844,2.999999999437889,-6.431121781042652e-13,0.8499809773396197,2.025767433062757,3.4500000055785383,-3.141592652565656,0.8499846419904781,-9.837995770115885,3.8999991993354475,-1.3269766984401892e-06,0.8499939184035576,-12.917079336723774,1.2592717285597743e-09
3,C2,17,1.7000000000000455,-12.89073286106741,8.566019651120892e-07,2.277657040389393e-07,0.01003396810018012,-4.429842853052099,-1.5612031027689743,-1.723185306800641,0.2999999999997449,0.0,3.5,3.5,3.5,-10.999999993980065,-2.4191789333877365,1.5707963268007166,0.8499937088844208,-12.571491844099079,2.9999999994390056,-6.431121781042652e-13,0.8499809741121415,1.979767439605711,3.4500000055795677,-3.141592652565656,0.8499846451588985,-9.787995769416645,3.8999991995023446,-1.3269766984401892e-06,0.8499939188679708,-12.887079336723797,1.1572693150996294e-09
3,C2,18,1.8040000000000873,-12.862198455695246,1.1096428392915648e-06,2.6123705734753285e-07,0.010002235374233134,-4.434396848795381,-1.5908554403265873,-1.7231853067973104,0.3000000000006997,2.7755575615628914e-13,3.5,3.5,3.5,-10.999999993978983,-2.351978933395647,1.5707963268007166,0.8499937088579218,-12.531171846192839,2.9999999994400777,-6.431121781042652e-13,0.8499809710139974,1.9356074458856762,3.450000005580556,-3.141592652565656,0.8499846482032044,-9.739995768745427,3.8999991996625862,-1.3269766984401892e-06,0.8499939193138809,-12.857079336726121,1.0553426604831273e-09
3,C2,19,1.8999999999999773,-12.83458617811566,1.3007634268658998e-06,2.6029966149609196e-07,0.01000319143665632,-4.438950844539006,-1.6205077778865657,-1.7231853067973104,0.3000000000006331,0.0,3.5,3.5,3.5,-10.999999993977946,-2.287578933403228,1.5707963268007166,0.849993708832527,-12.492531848199679,2.9999999994411053,-6.431121781042652e-13,0.849980968045159,1.8932874519028073,3.4500000055815034,-3.141592652565656,0.8499846511230745,-9.693995768102226,3.899999199816169,-1.3269766984401892e-06,0.8499939197412789,-12.827079336726056,9.534362153951204e-10
3,C2,20,2.0,-12.80220077306033,1.5248450662116195e-06,2.5952134315673655e-07,0.010004574802155226,-4.443504840282629,-1.6501601154465477,-1.7231853067973104,0.3000000000007219,0.0,3.4680333137512207,3.5,3.5,-10.99999999397673,-2.2119789334121274,1.5707963268007166,0.8499937088027156,-12.447171850555934,2.999999999442312,-6.431121781042652e-13,0.8499809645602708,1.8436074589649347,3.450000005582614,-3.141592652565656,0.8499846545537574,-9.639995767347227,3.899999199996485,-1.3269766984401892e-06,0.8499939202430914,-12.79707933672599,8.515320636115487e-10
3,C2,21,2.1000000000000227,-12.772331134159188,1.795065568533388e-06,2.591693008006023e-07,0.010065974364373878,-4.448058836026251,-1.679812453006512,-1.7231853067973104,0.3000000000002778,0.0,3.4680333137512207,3.5,3.5,-10.999999993975601,-2.141978933420367,1.5707963268007166,0.8499937087751126,-12.405171852738036,2.999999999443429,-6.431121781042652e-13,0.8499809613337828,1.7976074655025336,3.4500000055836417,-3.141592652565656,0.8499846577332127,-9.589995766648212,3.899999200163466,-1.3269766984401892e-06,0.8499939207078137,-12.76707933672594,7.496260903683272e-10
3,C2,22,2.2000000000000455,-12.7428034082367,2.0917053329222513e-06,2.653429801468953e-07,0.0099979984847636,-4.452612831769793,-1.7094647905659617,-1.723185306796711,0.2999999999886871,1.4988010832439613e-11,3.4291818141937256,3.5,3.5,-10.999999993974477,-2.0719789334286074,1.5707963268007166,0.8499937087475096,-12.363171854920507,2.999999999444547,-6.431121781042652e-13,0.8499809581075447,1.751607472038777,3.45000000558467,-3.141592652565656,0.8499846609154534,-9.539995765949252,3.8999992003304684,-1.3269766984401892e-06,0.849993921172614,-12.73707933672641,6.477219108291798e-10
3,C2,23,2.300000000000068,-12.713976961505567,2.329288604106142e-06,2.642177133539169e-07,0.009999648390950014,-4.457166827513405,-1.7391171281259474,-1.7231853067966887,0.3000000000006775,5.551115123125783e-13,3.4291818141937256,3.5,3.5,-10.999999993973393,-2.0047789334365183,1.5707963268007166,0.8499937087210105,-12.322851857016028,2.99999999944562,-6.431121781042652e-13,0.8499809550105916,1.7074474783122946,3.450000005585656,-3.141592652565656,0.8499846639730242,-9.491995765278306,3.8999992004908104,-1.3269766984401892e-06,0.8499939216188958,-12.707079336726341,5.458288612758544e-10
3,C2,24,2.4039999999999964,-12.681576801687237,2.5594179430223117e-06,2.632772034141594e-07,0.010001624501940873,-4.461720823257018,-1.7687694656859314,-1.7231853067966887,0.3000000000006331,0.0,3.3765859603881836,3.5,3.5,-10.999999993972178,-1.9291789334454235,1.5707963268007166,0.8499937086911993,-12.277491859373896,2.9999999994468274,-6.431121781042652e-13,0.849980951526795,1.6577674853685063,3.4500000055867655,-3.141592652565656,0.8499846674158582,-9.437995764523555,3.8999992006712185,-1.3269766984401892e-06,0.8499939221210486,-12.677079336726273,4.439355549834545e-10
3,C2,25,2.5,-12.65280296417649,2.7937372619007386e-06,2.627318854437195e-07,0.010003592307415972,-4.466274819000632,-1.798421803245919,-1.7231853067966887,0.3000000000006775,5.551115123125783e-13,3.3765859603881836,3.5,3.5,-10.999999993971095,-1.8619789334533394,1.5707963268007166,0.8499937086647004,-12.237171861470141,2.9999999994479007,-6.431121781042652e-13,0.849980948430332,1.613607491639364,3.450000005587751,-3.141592652565656,0.8499846704788807,-9.389995763852719,3.8999992008316022,-1.3269766984401892e-06,0.8499939225674832,-12.6470793367262,3.420410274457275e-10
3,C2,26,2.6000000000000227,-12.624161747666838,3.0806796032741005e-06,2.623089292970492e-07,0.010060521388474032,-4.470828814744231,-1.8280741408058354,-1.7231853067966887,0.2999999999997449,0.0,3.3213467597961426,3.5,3.5,-10.999999993970013,-1.7947789334612556,1.5707963268007166,0.8499937086382015,-12.196851863566728,2.999999999448974,-6.431121781042652e-13,0.8499809453340996,1.569447497908968,3.450000005588736,-3.141592652565656,0.8499846735444679,-9.341995763181938,3.899999200992005,-1.3269766984401892e-06,0.8499939230139897,-12.617079336726203,2.4015063548876725e-10
3,C2,27,2.7000000000000455,-12.590595637166162,3.3907732376853996e-06,2.6436413090701666e-07,0.010005324693493734,-4.475382810487791,-1.8577264783655787,-1.7231853067964,0.3000000000006775,-5.551115123125783e-13,3.3213467597961426,3.5,3.5,-10.99999999396875,-1.716378933470491,1.5707963268007166,0.8499937086072862,-12.149811866013176,2.999999999450227,-6.431121781042652e-13,0.8499809417221202,1.517927505221921,3.4500000055898847,-3.141592652565656,0.8499846771242271,-9.285995762399425,3.8999992011791664,-1.3269766984401892e-06,0.8499939235350048,-12.58707933672638,1.3827257394627424e-10
3,C2,28,2.800000000000068,-12.561792247076209,3.615671763094874e-06,2.6349328212193503e-07,0.010005863280579147,-4.479936806231386,-1.8873788159255627,-1.7231853067964,0.3000000000006331,0.0,3.231339454650879,3.4997811317443848,3.5,-10.999999993967668,-1.649178933478407,1.5707963268007166,0.8499937085807873,-12.1094918681105,2.9999999994513007,-6.431121781042652e-13,0.8499809386263879,1.4737675114888058,3.4500000055908693,-3.141592652565656,0.8499846801953694,-9.237995761728756,3.899999201339612,-1.3269766984401892e-06,0.849993923981667,-12.557079336726314,3.639680223876951e-11
3,C2,29,2.8999999999999773,-12.533013616923201,3.85995798265189e-06,2.628950819735159e-07,0.01000686271224086,-4.484490801974981,-1.9170311534855484,-1.7231853067963778,0.3000000000006331,0.0,3.231339454650879,3.4997811317443848,3.5,-10.999999993966586,-1.5819789334863232,1.5707963268007166,0.8499937085542884,-12.069171870208164,2.999999999452375,-6.431121781042652e-13,0.8499809355308863,1.429607517754434,3.450000005591853,-3.141592652565656,0.8499846832690748,-9.18999576105814,3.8999992015000764,-1.3269766984401892e-06,0.849993924428401,-12.52707933672625,-6.547866415740344e-11
3,C2,30,3.0,-12.504337682629927,4.1493292413091305e-06,2.6240171634580776e-07,0.010035204218311824,-4.489044797718574,-1.9466834910454667,-1.7231853067964,0.2999999999997449,0.0,3.235708236694336,3.4202089309692383,3.5,-10.999999993965504,-1.5147789334942394,1.5707963268007166,0.8499937085277895,-12.028851872306168,2.999999999453449,-6.431121781042652e-13,0.8499809324356156,1.3854475240188047,3.4500000055928366,-3.141592652565656,0.8499846863453429,-9.141995760387577,3.8999992016605605,-1.3269766984401892e-06,0.8499939248752071,-12.497079336726248,-1.673626515152904e-10
3,C3,0,0.0,-13.001857104994874,1.5142287406738023e-09,-4.116620611102734e-09,0.010003339933641458,-4.539320910731224,-2.274045297729648,-1.72318530681574,6.661338147750939e-13,2.7755575615628914e-12,3.5,3.5,3.5,-10.999999993891972,-2.799978934032172,1.5707963268007166,0.8499937067269953,-12.799972015680549,2.9999999995268634,-6.431121781042652e-13,0.8499807226291265,2.2300079467309373,3.4500000056376665,3.1415900010241367,0.8499849013793586,-10.059995714942193,3.8999992126123417,-1.3269766984401892e-06,0.8499939554075182,-13.001158237684317,1.5455253337224933e-09
3,C3,1,0.9840000000000373,-13.001845088422183,-1.9531389164264787e-09,-1.9254044688551415e-05,0.010003575447579292,-4.539320910731224,-2.274045297729648,-1.72318530681574,6.661338147750939e-13,2.7755575615628914e-12,3.5,3.5,3.5,-10.999999993849313,-2.791578934344235,1.5707963268007166,0.849993705682534,-12.794932099556943,2.999999999569812,-6.431121781042652e-13,0.8499806014320043,2.2244881891165242,3.4500000056961433,-3.141592652565656,0.8499850314580619,-10.053995688695377,3.8999992190054886,-1.3269766984401892e-06,0.849993973268046,-13.001158237684317,1.5455253337224933e-09
3,C3,2,0.9840000000000373,-13.001691568864805,-5.326704892374823e-08,-0.00019251260468123858,0.010003824080049342,-4.5393209107312265,-2.2740452977296624,-1.7231853068156957,6.661338147750939e-13,2.7755575615628914e-12,3.5,3.5,3.5,-10.999999993849178,-2.7831789343452247,1.5707963268007166,0.8499937056792217,-12.78989209982377,2.9999999995699485,-6.431121781042652e-13,0.8499806010482375,2.2189681898818363,3.4500000056962614,-3.141592652565656,0.8499850318767808,-10.047995688612271,3.8999992190258106,-1.3269766984401892e-06,0.8499939733248626,-13.001158237684303,1.5455248572715408e-09
3,C3,3,0.9840000000000373,-13.001501168864186,-1.626956012082936e-07,-0.0004042918445425679,0.010003998278371165,-4.5393209107312265,-2.2740452977296624,-1.7231853068156957,6.661338147750939e-13,2.7755575615628914e-12,3.5,3.5,3.5,-10.999999993849089,-2.7775789343458843,1.5707963268007166,0.8499937056770136,-12.78653210000166,2.9999999995700395,-6.431121781042652e-13,0.849980600792395,2.215288190392032,3.45000000569634,-3.141592652565656,0.8499850321559483,-10.043995688556867,3.899999219039359,-1.3269766984401892e-06,0.8499939733627409,-13.001158237684303,1.5455248572715408e-09
3,C3,4,1.0120000000000573,-13.001501168864186,-1.626956012082936e-07,-0.0004042918445425679,0.010003998278371165,-4.5393209107312265,-2.2740452977296624,-1.7231853068156957,6.661338147750939e-13,2.7755575615628914e-12,3.5,3.5,3.5,-10.999999993849089,-2.7775789343458843,1.5707963268007166,0.8499937056770136,-12.78653210000166,2.9999999995700395,-6.431121781042652e-13,0.849980600792395,2.215288190392032,3.45000000569634,-3.141592652565656,0.8499850321559483,-10.043995688556867,3.899999219039359,-1.3269766984401892e-06,0.8499939733627409,-13.001158237684303,1.5455248572715408e-09
3,C3,5,1.0120000000000573,-13.001084256140762,-5.546034297898358e-07,-0.000866419786781227,0.010004273928197019,-4.53932091073123,-2.2740452977296783,-1.7231853068156293,7.549516567451064e-13,2.7755575615628914e-12,3.5,3.5,3.5,-10.999999993848952,-2.7691789343468733,1.5707963268007166,0.8499937056737014,-12.781492100268496,2.9999999995701763,-6.431121781042652e-13,0.8499806004086344,2.209768191157308,3.450000005696457,-3.141592652565656,0.8499850325747323,-10.037995688473764,3.8999992190596813,-1.3269766984401892e-06,0.8499939734195592,-13.001158237684287,1.545523772585754e-09
3,C3,6,1.0120000000000573,-13.000510799517443,-1.4138334896908421e-06,-0.001501981628265486,0.010004568947349569,-4.53932091073123,-2.2740452977296783,-1.7231853068156293,7.549516567451064e-13,2.7755575615628914e-12,3.5,3.5,3.5,-10.999999993848817,-2.760778934347863,1.5707963268007166,0.8499937056703891,-12.776452100535337,2.999999999570313,-6.431121781042652e-13,0.8499806000248774,2.204248191922563,3.4500000056965745,-3.141592652565656,0.8499850329935555,-10.03199568839066,3.8999992190800037,-1.3269766984401892e-06,0.8499939734763786,-13.001158237684287,1.545523772585754e-09
3,C3,7,1.0399999999999636,-12.99978208313337,-3.021778160116922e-06,-0.0023110983621137957,0.010004885886579632,-4.53932091073123,-2.2740452977296783,-1.7231853068156293,7.549516567451064e-13,2.7755575615628914e-12,3.5,3.5,3.5,-10.99999999384868,-2.7523789343488523,1.5707963268007166,0.8499937056670769,-12.771412100802184,2.9999999995704494,-6.431121781042652e-13,0.8499805996411242,2.198728192687796,3.4500000056966926,-3.141592652565656,0.8499850334124178,-10.025995688307558,3.899999219100327,-1.3269766984401892e-06,0.8499939735331993,-13.001158237684287,1.545523772585754e-09
3,C3,8,1.0399999999999636,-12.99978208313337,-3.021778160116922e-06,-0.0023110983621137957,0.010004885886579632,-4.539320910731232,-2.2740452977296908,-1.7231853068155623,7.105427357601002e-13,3.3306690738754696e-12,3.5,3.5,3.5,-10.99999999384868,-2.7523789343488523,1.5707963268007166,0.8499937056670769,-12.771412100802184,2.9999999995704494,-6.431121781042652e-13,0.8499805996411242,2.198728192687796,3.4500000056966926,-3.141592652565656,0.8499850334124178,-10.025995688307558,3.899999219100327,-1.3269766984401892e-06,0.8499939735331993,-13.001158237684274,1.545523904369636e-09
3,C3,9,1.0399999999999636,-12.998899526231927,-5.728772059689298e-06,-0.0032939212339438625,0.010005227443707297,-4.539320910731232,-2.2740452977296908,-1.7231853068155623,7.105427357601002e-13,3.3306690738754696e-12,3.5,3.5,3.5,-10.999999993848547,-2.7439789343498413,1.5707963268007166,0.8499937056637648,-12.766372101069036,2.999999999570586,-6.431121781042652e-13,0.8499805992573745,2.193208193453008,3.4500000056968094,-3.141592652565656,0.8499850338313192,-10.019995688224457,3.8999992191206503,-1.3269766984401892e-06,0.8499939735900209,-13.001158237684274,1.545523904369636e-09
3,C3,10,1.0639999999999645,-12.99808050621393,-1.8018702475865257e-05,-0.0043337474795189035,0.010066671611967839,-4.539320910731232,-2.2740452977296908,-1.7231853068155623,7.105427357601002e-13,3.3306690738754696e-12,3.5,3.5,3.5,-10.99999999384841,-2.7355789343508308,1.5707963268007166,0.8499937056604525,-12.761332101335894,2.999999999570723,-6.431121781042652e-13,0.8499805988736285,2.1876881942181985,3.4500000056969276,-3.141592652565656,0.8499850342502597,-10.013995688141357,3.899999219140974,-1.3269766984401892e-06,0.8499939736468437,-13.001158237684274,1.545523904369636e-09
3,C3,11,1.1119999999999663,-12.995103426567514,-6.30613905504512e-05,-0.008146514937836111,0.010197383542775086,-4.539433526309395,-2.27475643490222,-1.730385306537126,0.01799999993470358,-0.17999999304019187,3.5,3.5,3.5,-10.999999993847915,-2.7047789343544584,1.5707963268007166,0.8499937056483077,-12.742852102314416,2.999999999571224,-6.431121781042652e-13,0.8499805974665914,2.167448197023713,3.4500000056973588,-3.141592652565656,0.8499850357867097,-9.991995687836662,3.8999992192154966,-1.3269766984401892e-06,0.8499939738552035,-13.000438246672458,-3.358439704615211e-06
3,C3,12,1.2000000000000455,-12.989271349033888,-0.00015204330027738887,-0.01577207860088522,0.010013180110860505,-4.542798670007625,-2.293333421892764,-1.7623853062591357,0.17799999999592586,-0.1999999999990898,3.5,3.5,3.5,-10.999999993846922,-2.643178934361713,1.5707963268007166,0.8499937056240181,-12.705892104271673,2.999999999572226,-6.431121781042652e-13,0.8499805946526653,2.1269682026338788,3.4500000056982203,-3.141592652565656,0.8499850388611874,-9.947995687227305,3.899999219364554,-1.3269766984401892e-06,0.849993974271968,-12.981565715368621,-0.0005095204121006191
3,C3,13,1.3039999999999736,-12.96312084737487,-0.0007617305496959779,-0.029320198790821296,0.00999367334177837,-4.549052315704631,-2.3234911315788955,-1.7863853056275096,0.29399999995263215,-0.19999999246400613,3.5,3.5,3.5,-10.999999993845751,-2.570378934370287,1.5707963268007166,0.8499937055953122,-12.662212106585162,2.9999999995734106,-6.431121781042652e-13,0.8499805913273707,2.0791282092625876,3.4500000056992377,-3.141592652565656,0.8499850424973726,-9.895995686507215,3.8999992195407334,-1.3269766984401892e-06,0.8499939747645849,-12.950808193256444,-0.0021127582409119477
3,C3,14,1.3999999999999773,-12.931740563591728,-0.0019978302722497886,-0.05007389312995182,0.00999666750649616,-4.555762617557046,-2.3527305202431075,-1.8063853055230354,0.30000000000041105,-0.20000000001296758,3.5,3.5,3.5,-10.999999993844577,-2.4975789343788617,1.5707963268007166,0.8499937055666064,-12.618532108899046,2.9999999995745954,-6.431121781042652e-13,0.849980588002352,2.031288215889685,3.4500000057002547,-3.141592652565656,0.8499850461364947,-9.843995685787187,3.8999992197169355,-1.3269766984401892e-06,0.8499939752572856,-12.920889029637744,-0.004306761149930078
3,C3,15,1.5,-12.901628127521281,-0.0037997195415202154,-0.07007374488143671,0.009999279480010429,-4.56305632618182,-2.381829864134328,-1.8263853055243653,0.30000000000041105,-0.20000000001296758,3.5,3.5,3.5,-10.999999993843451,-2.427578934387106,1.5707963268007166,0.8499937055390046,-12.57653211112431,2.999999999575735,-6.431121781042652e-13,0.8499805848054787,1.985288222260372,3.450000005701233,-3.141592652565656,0.8499850496384197,-9.793995685094911,3.8999992198863818,-1.3269766984401892e-06,0.8499939757311151,-12.89101972678527,-0.00709866865373528
3,C3,16,1.6000000000000227,-12.873985281032157,-0.005988118186348017,-0.08847354832451498,0.010001771834027453,-4.570930524193008,-2.4107775239030076,-1.8463853055256954,0.30000000000045546,-0.2000000000135227,3.5,3.5,3.5,-10.999999993842414,-2.363178934394691,1.5707963268007166,0.849993705513611,-12.537892113171877,2.9999999995767834,-6.431121781042652e-13,0.8499805818645806,1.942968228120086,3.450000005702132,-3.141592652565656,0.8499850528625877,-9.74799568445807,3.899999220042291,-1.3269766984401892e-06,0.8499939761671066,-12.861212232021852,-0.010487364026802129
3,C3,17,1.7000000000000455,-12.844904146184739,-0.0087293355286869,-0.10926982165916121,0.010116033521254564,-4.579382062016373,-2.439561920871185,-1.866385305526004,0.300000000000189,-0.1999999999990898,3.5,3.5,3.5,-10.99999999384124,-2.290378934403265,1.5707963268007166,0.849993705484905,-12.494212115486889,2.9999999995779687,-6.431121781042652e-13,0.8499805785403471,1.8951282347425882,3.4500000057031475,-3.141592652565656,0.849985056510065,-9.69599568373822,3.8999992202185574,-1.3269766984401892e-06,0.8499939766600452,-12.831478467947989,-0.01447149183614595
3,C3,18,1.8039999999999736,-12.814874023732662,-0.012144296780992178,-0.13006749433308487,0.00999791401363693,-4.588407559148853,-2.468171541662067,-1.8863853055246695,0.30000000000041105,-0.20000000001296758,3.5,3.5,3.5,-10.999999993840069,-2.2175789344118395,1.5707963268007166,0.8499937054561992,-12.450532117802299,2.9999999995791544,-6.431121781042652e-13,0.8499805752163897,1.8472882413634732,3.4500000057041635,-3.141592652565656,0.8499850601604763,-9.643995683018433,3.899999220394846,-1.3269766984401892e-06,0.8499939771530675,-12.801830327674729,-0.0190494584834237
3,C3,19,1.8999999999999773,-12.78616230698689,-0.016172434758117967,-0.14926716075119215,0.009999689102219992,-4.598003405513109,-2.496594942812438,-1.9063853055257776,0.300000000000189,-0.20000000001019203,3.4650678634643555,3.5,3.5,-10.999999993838985,-2.150378934419754,1.5707963268007166,0.8499937054297017,-12.41021211993995,2.999999999580249,-6.431121781042652e-13,0.8499805721483663,1.8031282474736234,3.4500000057051,-3.141592652565656,0.8499850635326904,-9.595995682354072,3.8999992205575946,-1.3269766984401892e-06,0.8499939776082391,-12.772279670059099,-0.024219432843625564
3,C3,20,2.0,-12.757557609111721,-0.020746779968963847,-0.1684669342903567,0.010001479603972591,-4.608165762897991,-2.5248207553389745,-1.926385305526819,0.3000000000002334,-0.20000000001074714,3.4650678634643555,3.5,3.5,-10.999999993837902,-2.0831789344276688,1.5707963268007166,0.849993705403204,-12.36989212207794,2.999999999581344,-6.431121781042652e-13,0.8499805690805781,1.7589682535823936,3.4500000057060367,-3.141592652565656,0.8499850669074036,-9.547995681689763,3.899999220720362,-1.3269766984401892e-06,0.849993978063482,-12.74283831497204,-0.02997934699567674
3,C3,21,2.104000000000042,-12.72670220764669,-0.026316829365319656,-0.18926669737260063,0.010003629976190427,-4.618890566496035,-2.5528376892930034,-1.9463853055278384,0.300000000000189,-0.20000000001019203,3.5,3.416820526123047,3.5,-10.999999993836731,-2.0103789344362433,1.5707963268007166,0.8499937053744981,-12.326212124394477,2.99999999958253,-6.431121781042652e-13,0.8499805657574064,1.7111282601986697,3.4500000057070506,-3.141592652565656,0.8499850705661621,-9.495995680970156,3.899999220896716,-1.3269766984401892e-06,0.8499939785567422,-12.713518038563045,-0.03632689705070923
3,C3,22,2.2000000000000455,-12.69741288167592,-0.03183530245834106,-0.2092881496465557,0.010092425440691319,-4.630173526528798,-2.580634538274503,-1.9663853055280802,0.3000000000002334,-0.19999999999853468,3.5,3.416820526123047,3.5,-10.999999993835603,-1.9403789344444933,1.5707963268007166,0.8499937053468964,-12.28421212662229,2.999999999583671,-6.431121781042652e-13,0.8499805625623095,1.6651282665589442,3.4500000057080253,-3.141592652565656,0.8499850740869638,-9.445995680278283,3.8999992210663073,-1.3269766984401892e-06,0.8499939790311096,-12.684330568551738,-0.043259544073332254
3,C3,23,2.2999999999999545,-12.66806962033003,-0.03809483257283117,-0.2292973249140703,0.01000353953705614,-4.64201012996256,-2.6082001839140765,-1.9863853055315863,0.300000000000189,-0.20000000001019203,3.5,3.375551223754883,3.5,-10.999999993834475,-1.8703789344527435,1.5707963268007166,0.8499937053192947,-12.24221212885047,2.9999999995848117,-6.431121781042652e-13,0.8499805593674679,1.619128272917718,3.4500000057089992,-3.141592652565656,0.8499850776104749,-9.395995679586472,3.89999922123592,-1.3269766984401892e-06,0.8499939795055543,-12.655287579537404,-0.050774515097092465
3,C3,24,2.3999999999999773,-12.641074457753982,-0.044650170548962316,-0.24769701393450438,0.010004186043585429,-4.654395642314116,-2.6355236003218163,-2.006385305532628,0.3000000000002334,-0.20000000001074714,3.5,3.375551223754883,3.5,-10.999999993833438,-1.8059789344603339,1.5707963268007166,0.8499937052939012,-12.203572130900717,2.9999999995858615,-6.431121781042652e-13,0.8499805564284393,1.5768082787664635,3.4500000057098954,-3.141592652565656,0.8499850808544979,-9.349995678950053,3.8999992213919823,-1.3269766984401892e-06,0.8499939799421117,-12.62640068832756,-0.05886880423400192
3,C3,25,2.504000000000019,-12.609572911266216,-0.052970194687874006,-0.26929678694191844,0.010005300891921797,-4.667325109543456,-2.662593858495067,-2.026385305533647,0.300000000000189,-0.20000000001019203,3.5,3.351628065109253,3.5,-10.999999993832219,-1.7303789344692442,1.5707963268007166,0.8499937052640913,-12.158212133307925,2.999999999587094,-6.431121781042652e-13,0.8499805529785511,1.5271282856307589,3.450000005710946,-3.141592652565656,0.8499850846656236,-9.295995678203019,3.899999221575208,-1.3269766984401892e-06,0.8499939804546754,-12.597681449293962,-0.06753917387618381
3,C3,26,2.604000000000042,-12.580600217952062,-0.06120534883753236,-0.28930194772405216,0.010055282330869273,-4.680793360036083,-2.6894001306914963,-2.0463853055345553,0.3000000000002778,-0.20000000000686136,3.5,3.351628065109253,3.5,-10.999999993831093,-1.6603789344774944,1.5707963268007166,0.8499937052364898,-12.116212135537204,2.9999999995882356,-6.431121781042652e-13,0.849980549784476,1.4811282919850235,3.4500000057119196,-3.141592652565656,0.8499850881972598,-9.245995677511381,3.8999992217448836,-1.3269766984401892e-06,0.849993980929352,-12.5691413497493,-0.07678215599138741
3,C3,27,2.703999999999951,-12.551813123576204,-0.06950808126225161,-0.3093285212047511,0.010002614251386967,-4.694795006671245,-2.7159316947594037,-2.0663853055379504,0.2999999999937053,-0.2000000000867974,3.5,3.2788522243499756,3.5,-10.999999993829965,-1.5903789344857449,1.5707963268007166,0.8499937052088881,-12.074212137766848,2.9999999995893774,-6.431121781042652e-13,0.8499805465906564,1.435128298337783,3.450000005712892,-3.141592652565656,0.8499850917316031,-9.1959956768198,3.8999992219145794,-1.3269766984401892e-06,0.8499939814041056,-12.540791805353113,-0.08659405350991248
3,C3,28,2.7999999999999545,-12.52542001349805,-0.07820391820576726,-0.32772816005137884,0.01000327792069701,-4.709324448977287,-2.742177938427335,-2.086385305539014,0.3000000000002334,-0.20000000001074714,3.5,3.2788522243499756,3.5,-10.999999993828927,-1.5259789344933352,1.5707963268007166,0.8499937051834946,-12.035572139818443,2.9999999995904276,-6.431121781042652e-13,0.849980543652568,1.3928083041809913,3.450000005713786,-3.141592652565656,0.8499850949855893,-9.149995676183597,3.8999992220707185,-1.3269766984401892e-06,0.8499939818409472,-12.512644155544704,-0.09697094180382074
3,C3,29,2.9080000000000155,-12.492407623329266,-0.08984651836818731,-0.35092791814130747,0.0100045350545279,-4.724375875370825,-2.7681283635475715,-2.106385305540033,0.300000000000189,-0.20000000001019203,3.5,3.2323648929595947,3.5,-10.99999999382762,-1.4447789345029058,1.5707963268007166,0.8499937051514767,-11.986852142405679,2.9999999995917523,-6.431121781042652e-13,0.8499805399483303,1.3394483115466957,3.450000005714913,-3.141592652565656,0.8499850990917055,-9.091995675381499,3.8999992222676143,-1.3269766984401892e-06,0.8499939823918407,-12.484709659008924,-0.10790867025599801
3,C3,30,3.0,-12.466447175894354,-0.09961449130712702,-0.3693277888288218,0.010005955211468055,-4.739943265481982,-2.793772590296066,-2.1263853055410746,0.300000000000189,-0.20000000001019203,3.5,3.2323648929595947,3.5,-10.999999993826583,-1.3803789345104962,1.5707963268007166,0.8499937051260832,-11.948212144457974,2.9999999995928035,-6.431121781042652e-13,0.8499805370107313,1.297128317387018,3.4500000057158062,-3.141592652565656,0.8499851023508689,-9.045995674745408,3.8999992224237934,-1.3269766984401892e-06,0.8499939828288301,-12.456999489171931,-0.11940286392089601
3,C4,0,0.0,-13.001882463951606,1.5205673958829964e-09,-4.25513261745631e-09,0.010004357008129345,-4.921703961043825,-3.0303093761418323,-2.3255853068555776,9.325873406851315e-13,-5.551115123125783e-13,3.5,3.5,3.5,-10.999999993755265,-2.799978935032214,1.5707963268007166,0.8499937033805792,-12.799972286272991,2.9999999996654183,-6.431121781042652e-13,0.8499803356032796,2.230008715734214,3.450000005753184,3.1415900010241367,0.8499853318421858,-10.059995631140838,3.8999992332016147,-1.3269766984401892e-06,0.8499940130234782,-13.00099806564987,1.5482766383691916e-09
3,C4,1,1.155999999999949,-13.00179632477798,-3.740526806946615e-08,-0.00011550659726473287,0.010005180725662352,-4.921703961043825,-3.0303093761418323,-2.3255853068555776,9.325873406851315e-13,-5.551115123125783e-13,3.5,3.5,3.5,-10.999999993711997,-2.785978935348734,1.5707963268007166,0.8499937023218161,-12.79157237300481,2.999999999709828,-6.431121781042652e-13,0.8499802139367252,2.2208089542980503,3.450000005812127,-3.141592652565656,0.8499854762462742,-10.049995604805403,3.8999992397796124,-1.3269766984401892e-06,0.8499940314886733,-13.00099806564987,1.5482766383691916e-09
3,C4,2,1.155999999999949,-13.00179632477798,-3.740526806946615e-08,-0.00011550659726473287,0.010005180725662352,-4.921703961043838,-3.0303093761418456,-2.3255853068555776,8.881784197001252e-13,0.0,3.5,3.5,3.5,-10.999999993711997,-2.785978935348734,1.5707963268007166,0.8499937023218161,-12.79157237300481,2.999999999709828,-6.431121781042652e-13,0.8499802139367252,2.2208089542980503,3.450000005812127,-3.141592652565656,0.8499854762462742,-10.049995604805403,3.8999992397796124,-1.3269766984401892e-06,0.8499940314886733,-13.000998065649853,1.5482760617482059e-09
3,C4,3,1.155999999999949,-13.001556040368579,-2.3014709244762653e-06,-0.00042332439269741955,0.010064951196541078,-4.921703961043838,-3.0303093761418456,-2.3255853068555776,8.881784197001252e-13,0.0,3.5,3.5,3.5,-10.999999993711816,-2.774778935350054,1.5707963268007166,0.8499937023174001,-12.784852373367688,2.999999999710014,-6.431121781042652e-13,0.849980213430052,2.2134489552881376,3.450000005812275,-3.141592652565656,0.8499854768567373,-10.041995604695737,3.899999239807113,-1.3269766984401892e-06,0.849994031565928,-13.000998065649853,1.5482760617482059e-09
3,C4,4,1.1879999999999882,-13.00133116431795,-5.269488619299069e-06,-0.0007310771540932205,0.01012727988353632,-4.921703961043838,-3.0303093761418456,-2.3255853068555776,8.881784197001252e-13,0.0,3.5,3.5,3.5,-10.999999993711636,-2.7635789353513736,1.5707963268007166,0.849993702312984,-12.778132373730575,2.9999999997102,-6.431121781042652e-13,0.8499802129233857,2.206088956278183,3.4500000058124236,-3.141592652565656,0.8499854774672679,-10.033995604586073,3.899999239834614,-1.3269766984401892e-06,0.8499940316431847,-13.000998065649853,1.5482760617482059e-09
3,C4,5,1.1879999999999882,-13.00133116431795,-5.269488619299069e-06,-0.0007310771540932205,0.01012727988353632,-4.921703961043852,-3.0303093761418602,-2.325585306855556,9.325873406851315e-13,5.551115123125783e-13,3.5,3.5,3.5,-10.999999993711636,-2.7635789353513736,1.5707963268007166,0.849993702312984,-12.778132373730575,2.9999999997102,-6.431121781042652e-13,0.8499802129233857,2.206088956278183,3.4500000058124236,-3.141592652565656,0.8499854774672679,-10.033995604586073,3.899999239834614,-1.3269766984401892e-06,0.8499940316431847,-13.000998065649831,1.5482757509468693e-09
3,C4,6,1.1879999999999882,-13.001111631974501,-8.238008281285076e-06,-0.0010388334242465954,0.010169946110957246,-4.921703961043852,-3.0303093761418602,-2.325585306855556,9.325873406851315e-13,5.551115123125783e-13,3.5,3.5,3.5,-10.999999993711455,-2.7523789353526933,1.5707963268007166,0.849993702308568,-12.77141237409347,2.999999999710386,-6.431121781042652e-13,0.8499802124167258,2.1987289572681874,3.4500000058125715,-3.141592652565656,0.849985478077866,-10.025995604476408,3.8999992398621157,-1.3269766984401892e-06,0.8499940317204433,-13.000998065649831,1.5482757509468693e-09
3,C4,7,1.2279999999999518,-13.000897432293467,-1.120376972408581e-05,-0.0013465922621059975,0.010192957349323852,-4.921703961043852,-3.0303093761418602,-2.325585306855556,9.325873406851315e-13,5.551115123125783e-13,3.5,3.5,3.5,-10.999999993711274,-2.7411789353540135,1.5707963268007166,0.8499937023041518,-12.764692374456377,2.9999999997105715,-6.431121781042652e-13,0.8499802119100727,2.1913689582581495,3.450000005812719,-3.141592652565656,0.8499854786885316,-10.017995604366748,3.899999239889618,-1.3269766984401892e-06,0.8499940317977039,-13.000998065649831,1.5482757509468693e-09
3,C4,8,1.2279999999999518,-13.000688559273598,-1.4163512447928716e-05,-0.0016543525473918688,0.01019631788352349,-4.921736912718071,-3.0303442786533874,-2.3287853067923203,0.0011999999861345145,-0.07999999841912242,3.5,3.5,3.5,-10.999999993711096,-2.729978935355333,1.5707963268007166,0.8499937022997358,-12.75797237481929,2.9999999997107576,-6.431121781042652e-13,0.8499802114034262,2.1840089592480703,3.450000005812867,-3.141592652565656,0.8499854792992646,-10.009995604257087,3.8999992399171206,-1.3269766984401892e-06,0.8499940318749665,-13.000950065752784,-8.80517955979178e-08
3,C4,9,1.2279999999999518,-13.000688559273598,-1.4163512447928716e-05,-0.0016543525473918688,0.01019631788352349,-4.921736912718071,-3.0303442786533874,-2.3287853067923203,0.0011999999861345145,-0.07999999841912242,3.5,3.5,3.5,-10.999999993711096,-2.729978935355333,1.5707963268007166,0.8499937022997358,-12.75797237481929,2.9999999997107576,-6.431121781042652e-13,0.8499802114034262,2.1840089592480703,3.450000005812867,-3.141592652565656,0.8499854792992646,-10.009995604257087,3.8999992399171206,-1.3269766984401892e-06,0.8499940318749665,-13.000950065752784,-8.80517955979178e-08
3,C4,10,1.26400000000001,-13.00048501196075,-1.7113970998710907e-05,-0.001962113089223707,0.010180028788927915,-4.921736912718071,-3.0303442786533874,-2.3287853067923203,0.0011999999861345145,-0.07999999841912242,3.5,3.5,3.5,-10.999999993710913,-2.718778935356653,1.5707963268007166,0.8499937022953197,-12.751252375182215,2.999999999710943,-6.431121781042652e-13,0.8499802108967863,2.1766489602379493,3.4500000058130147,-3.141592652565656,0.8499854799100651,-10.001995604147428,3.899999239944624,-1.3269766984401892e-06,0.849994031952231,-13.000950065752784,-8.80517955979178e-08
3,C4,11,1.26400000000001,-13.000286794448494,-2.0051870328209504e-05,-0.002269872734694169,0.010144087927524229,-4.922570326057542,-3.0312076418125695,-2.3447853067306306,0.029999999982210923,-0.39999999845774514,3.5,3.5,3.5,-10.999999993710732,-2.7075789353579727,1.5707963268007166,0.8499937022909037,-12.74453237554515,2.999999999711129,-6.431121781042652e-13,0.8499802103901531,2.1692889612277866,3.450000005813163,-3.141592652565656,0.8499854805209331,-9.99399560403777,3.8999992399721277,-1.3269766984401892e-06,0.8499940320294975,-12.999750177469672,-1.5639485356728025e-05
3,C4,12,1.26400000000001,-13.000286794448494,-2.0051870328209504e-05,-0.002269872734694169,0.010144087927524229,-4.922570326057542,-3.0312076418125695,-2.3447853067306306,0.029999999982210923,-0.39999999845774514,3.5,3.5,3.5,-10.999999993710732,-2.7075789353579727,1.5707963268007166,0.8499937022909037,-12.74453237554515,2.999999999711129,-6.431121781042652e-13,0.8499802103901531,2.1692889612277866,3.450000005813163,-3.141592652565656,0.8499854805209331,-9.99399560403777,3.8999992399721277,-1.3269766984401892e-06,0.8499940320294975,-12.999750177469672,-1.5639485356728025e-05
3,C4,13,1.316000000000031,-12.998712887985493,-3.3906036816710186e-05,-0.003193570325478572,0.009991652841197062,-4.923412724170853,-3.032062251550423,-2.3527853067306164,0.04999999999579785,-0.3999999999992898,3.5,3.5,3.5,-10.999999993710192,-2.673978935361932,1.5707963268007166,0.8499937022776554,-12.724372376634005,2.9999999997116866,-6.431121781042652e-13,0.8499802088702935,2.1472089641970493,3.450000005813606,-3.141592652565656,0.8499854823539421,-9.969995603708808,3.899999240054642,-1.3269766984401892e-06,0.8499940322613088,-12.998550509537155,-4.373284825584327e-05
3,C4,14,1.3999999999999773,-12.983555128301806,-0.0001374603081369654,-0.008714863895607808,0.009993952341325931,-4.937669759428748,-3.0455086232946007,-2.4087853064467213,0.18999999985984672,-0.39999999309148215,3.5,3.5,3.5,-10.999999993709292,-2.617978935368531,1.5707963268007166,0.849993702255575,-12.690772378448951,2.999999999712616,-6.431121781042652e-13,0.8499802063373273,2.1104089691449865,3.4500000058143456,-3.141592652565656,0.8499854854103063,-9.929995603160569,3.8999992401921766,-1.3269766984401892e-06,0.8499940326477,-12.978987961909827,-0.0012162079038519433
3,C4,15,1.5,-12.956113144662746,-0.0006147924676481398,-0.025565645917399182,0.009996696167343588,-4.9666174630902695,-3.0700447762289738,-2.464785305374968,0.2999999999696801,-0.39999999264350716,3.5,3.5,3.5,-10.999999993708206,-2.55077893537645,1.5707963268007166,0.8499937022290786,-12.650452380627193,2.999999999713731,-6.431121781042652e-13,0.8499802032979875,2.066248975081136,3.450000005815232,-3.141592652565656,0.8499854890801692,-9.881995602502728,3.899999240357235,-1.3269766984401892e-06,0.8499940331114342,-12.941282348014406,-0.005491605998021062
3,C4,16,1.6040000000000418,-12.92131615935318,-0.0020195439904078303,-0.058501484774517706,0.009999672738166886,-4.9903742493421355,-3.0883613019208362,-2.504785304669284,0.3000000000057401,-0.3999999928677722,3.5,3.5,3.5,-10.999999993706945,-2.4723789353856884,1.5707963268007166,0.8499937021981661,-12.6034123831689,2.999999999715033,-6.431121781042652e-13,0.849980199752394,2.014728982004746,3.450000005816266,-3.141592652565656,0.8499854933647445,-9.82599560173532,3.899999240549828,-1.3269766984401892e-06,0.8499940336525466,-12.911663690029611,-0.010247140207480514
3,C4,17,1.7039999999999509,-12.89130388108349,-0.0043610430497843565,-0.09771041427690992,0.010032427521104321,-5.0148444983548055,-3.1057131582964392,-2.544785304300641,0.3000000000006775,-0.40000000002093916,3.5,3.5,3.5,-10.999999993705815,-2.402378935393937,1.5707963268007166,0.8499937021705657,-12.561412385438663,2.999999999716195,-6.431121781042652e-13,0.8499801965869613,1.9687289881848116,3.450000005817189,-3.141592652565656,0.8499854971930496,-9.775995601050194,3.8999992407218076,-1.3269766984401892e-06,0.8499940341357637,-12.88225889445531,-0.01618330089054025
3,C4,18,1.7999999999999545,-12.869922569428544,-0.006632289204838859,-0.12968345458929612,0.010062488168139656,-5.039989062959792,-3.1220725860744554,-2.584785304300459,0.2999999999997449,-0.39999999999706937,3.5,3.5,3.5,-10.999999993704915,-2.346378935400536,1.5707963268007166,0.8499937021484854,-12.527812387254736,2.999999999717125,-6.431121781042652e-13,0.8499801940548025,1.9319289931276895,3.4500000058179268,-3.141592652565656,0.8499855002575893,-9.735995600502138,3.899999240859406,-1.3269766984401892e-06,0.8499940345223925,-12.853115002694171,-0.023290591472298644
3,C4,19,1.9039999999999964,-12.83923967128074,-0.011163087542875335,-0.17123130640943274,0.010007219157602158,-5.065767717217672,-3.137413413657003,-2.624785304299189,0.3000000000006331,-0.40000000002038405,3.5,3.5,3.5,-10.999999993703739,-2.273578935409115,1.5707963268007166,0.8499937021197809,-12.484132389615977,2.9999999997183338,-6.431121781042652e-13,0.8499801907632452,1.8840889995518688,3.450000005818885,-3.141592652565656,0.8499855042440095,-9.683995599789721,3.8999992410383038,-1.3269766984401892e-06,0.8499940350250832,-12.824278638758322,-0.03155764180624203
3,C4,20,2.004000000000019,-12.805866399245486,-0.01768861142525167,-0.21603077935285642,0.010007315495411237,-5.092139220784625,-3.151711098994919,-2.664785304301294,0.3000000000006775,-0.40000000002093916,3.5,3.5,3.5,-10.999999993702476,-2.1951789354183537,1.5707963268007166,0.8499937020888684,-12.437092392159292,2.9999999997196363,-6.431121781042652e-13,0.8499801872188057,1.8325690064682394,3.4500000058199167,-3.141592652565656,0.8499855085402606,-9.627995599022574,3.899999241230988,-1.3269766984401892e-06,0.849994035566535,-12.795795934674224,-0.04097122637650878
3,C4,21,2.1000000000000227,-12.777543762309227,-0.024461318248732336,-0.2544303573053469,0.010007966297870813,-5.1190613848786315,-3.1649427688403726,-2.7047853043033547,0.3000000000006775,-0.40000000002093916,3.5,3.4750843048095703,3.5,-10.999999993701392,-2.127978935426273,1.5707963268007166,0.849993702062372,-12.396772394339637,2.9999999997207527,-6.431121781042652e-13,0.8499801841809748,1.7884090123949248,3.4500000058208,-3.141592652565656,0.8499855122253879,-9.579995598365079,3.8999992413961664,-1.3269766984401892e-06,0.8499940360307129,-12.767712456694698,-0.05151628545539422
3,C4,22,2.2000000000000455,-12.749727335878095,-0.03166665288371671,-0.29286021626020237,0.010063269693930047,-5.146491139780171,-3.177087255344202,-2.7447853043039054,0.2999999999997449,-0.39999999999706937,3.5,3.4750843048095703,3.5,-10.999999993700309,-2.060778935434192,1.5707963268007166,0.8499937020358757,-12.356452396520318,2.999999999721869,-6.431121781042652e-13,0.8499801811433837,1.7442490183201025,3.4500000058216838,-3.141592652565656,0.8499855159129392,-9.531995597707636,3.8999992415613636,-1.3269766984401892e-06,0.8499940364949612,-12.74007313239374,-0.06317594919783118
3,C4,23,2.2999999999999545,-12.720894772122982,-0.04062770745920893,-0.3328709520726299,0.010003013031986615,-5.174384603732394,-3.1881251299184568,-2.784785304310318,0.3000000000006775,-0.40000000002093916,3.5,3.4122443199157715,3.5,-10.99999999369918,-1.9907789354424423,1.5707963268007166,0.8499937020082753,-12.314452398792215,2.9999999997230327,-6.431121781042652e-13,0.8499801779794816,1.698249024490558,3.450000005822604,-3.141592652565656,0.8499855197567152,-9.48199559702286,3.8999992417334646,-1.3269766984401892e-06,0.8499940369786283,-12.712922178794582,-0.07593156462897828
3,C4,24,2.4039999999999964,-12.691266842950185,-0.051548600374884956,-0.3744705374402191,0.010004093473281746,-5.2026971531442054,-3.1980387343188457,-2.824785304312401,0.3000000000006775,-0.40000000002093916,3.5,3.4122443199157715,3.5,-10.999999993698008,-1.917978935451027,1.5707963268007166,0.8499937019795709,-12.270772401155373,2.9999999997242424,-6.431121781042652e-13,0.8499801746892997,1.6504090309060937,3.4500000058235596,-3.141592652565656,0.849985523757031,-9.429995596310755,3.899999241912471,-1.3269766984401892e-06,0.8499940374817232,-12.686303031630148,-0.08976272548560475
3,C4,25,2.504000000000019,-12.665478503912961,-0.06222055686240868,-0.4112702841613113,0.010005395080044518,-5.231383493975713,-3.2068122088929445,-2.8647853043144615,0.3000000000006775,-0.40000000002093916,3.5,3.3797049522399902,3.5,-10.99999999369697,-1.8535789354586214,1.5707963268007166,0.8499937019541786,-12.232132403246185,2.999999999725313,-6.431121781042652e-13,0.8499801717789889,1.6080890365798972,3.4500000058244056,-3.141592652565656,0.8499855272981411,-9.38399559568087,3.899999242070842,-1.3269766984401892e-06,0.8499940379268376,-12.660258275857935,-0.10464730486056828
3,C4,26,2.6000000000000227,-12.63891273231919,-0.07365574086435653,-0.4497082691590789,0.01003910007987042,-5.260397734200933,-3.2144315179530114,-2.904785304314746,0.2999999999997449,-0.39999999999706937,3.5,3.3797049522399902,3.5,-10.999999993695889,-1.7863789354665458,1.5707963268007166,0.8499937019276823,-12.19181240542823,2.9999999997264304,-6.431121781042652e-13,0.849980168742378,1.5639290424989076,3.450000005825287,-3.141592652565656,0.8499855309955835,-9.335995595023652,3.8999992422361167,-1.3269766984401892e-06,0.8499940383913738,-12.634829577531315,-0.12056149060201776
3,C4,27,2.703999999999951,-12.608587269390648,-0.0889247774954064,-0.4945212876431605,0.010006395940647672,-5.289693457224727,-3.2208844722297414,-2.9447853043225796,0.3000000000006331,-0.40000000002038405,3.5,3.3331356048583984,3.5,-10.999999993694624,-1.7079789354757913,1.5707963268007166,0.8499937018967699,-12.144772407974372,2.9999999997277342,-6.431121781042652e-13,0.8499801651999688,1.5124090494025075,3.450000005826315,-3.141592652565656,0.8499855353123258,-9.279995594256967,3.899999242428961,-1.3269766984401892e-06,0.8499940389334218,-12.610057617143342,-0.13747982340762027
3,C4,28,2.8039999999999736,-12.58215767207212,-0.10384832332679315,-0.5345210776537992,0.010006945600117556,-5.319223796140206,-3.2261607483730677,-2.9847853043246624,0.3000000000006331,-0.40000000002038405,3.5,3.3331356048583984,3.5,-10.999999993693496,-1.637978935484046,1.5707963268007166,0.8499937018691696,-12.102772410248097,2.999999999728898,-6.431121781042652e-13,0.8499801620373797,1.4664090555646947,3.4500000058272327,-3.141592652565656,0.8499855391693435,-9.229995593572488,3.899999242601166,-1.3269766984401892e-06,0.8499940394174743,-12.585982024545713,-0.1553752375541735
3,C4,29,2.9039999999999964,-12.555227809027999,-0.12011933248737801,-0.576143631790762,0.010046770980771481,-5.34894150870422,-3.2302519054666554,-3.0247853043259014,0.2999999999997893,-0.3999999999998449,3.5,3.30005145072937,3.5,-10.999999993692322,-1.5651789354926309,1.5707963268007166,0.8499937018404653,-12.059092412613154,2.9999999997301092,-6.431121781042652e-13,0.8499801587485635,1.4185690619716254,3.4500000058281866,-3.141592652565656,0.8499855431834267,-9.177995592860695,3.8999992427802805,-1.3269766984401892e-06,0.84999403992097,-12.562641315551012,-0.17421910419630388
3,C4,30,3.0,-12.53098312484456,-0.13617278510289044,-0.6145557496765648,0.010005456060614957,-5.378799052915906,-3.233151398531799,-3.0647853043324473,0.3000000000007219,-0.40000000002038405,3.5,3.30005145072937,3.5,-10.99999999369124,-1.4979789355005555,1.5707963268007166,0.8499937018139689,-12.018772414796633,2.9999999997312274,-6.431121781042652e-13,0.8499801557129835,1.3744090678841359,3.4500000058290663,-3.141592652565656,0.8499855468912537,-9.129995592203711,3.8999992429456367,-1.3269766984401892e-06,0.8499940403858086,-12.540072830314744,-0.19398127716710983
4,C0,0,0.0,-13.002270576854809,1.502220930826424e-09,-8.529796421613537e-10,0.009999966798020963,-5.6971761900310165,-3.1885472053980735,2.7864000002459877,0.0,0.0,3.5,3.5,3.5,-11.499999993475765,-2.7999789370768418,1.5707963268007166,0.8499936965447222,-10.200000000043046,2.7999728556415073,-1.5707963267955396,0.8499795568357329,-6.499999994004641,-2.8000102123027917,1.570796327819034,0.8499863315053723,-12.799995462645864,2.999999276205277,-1.3269766984401892e-06,0.8499941342232693,-13.00115823768503,1.5496506453749626e-09
4,C0,1,1.20799999999997,-13.00235571565858,2.078696218141393e-08,0.00011549981811836095,0.010000241670981937,-5.6971761900310165,-3.1885472053980735,2.7864000002459877,0.0,0.0,3.5,3.5,3.5,-11.499999993363055,-2.787578937901331,1.5707963268007166,0.8499936937904781,-10.199999999922396,2.784373091272367,-1.5707963267955392,0.8499792476618089,-6.499999993924823,-2.7890107841091356,1.5707963278190338,0.8499867779781098,-12.791595395802705,2.9999992938843896,-1.3269766984401892e-06,0.8499941843688179,-13.00115823768503,1.5496506453749626e-09
4,C0,2,1.20799999999997,-13.00235571565858,2.078696218141393e-08,0.00011549981811836095,0.010000241670981937,-5.6971761900310165,-3.1885472053980735,2.7864000002459877,0.0,0.0,3.5,3.5,3.5,-11.499999993363055,-2.787578937901331,1.5707963268007166,0.8499936937904781,-10.199999999922396,2.784373091272367,-1.5707963267955392,0.8499792476618089,-6.499999993924823,-2.7890107841091356,1.5707963278190338,0.8499867779781098,-12.791595395802705,2.9999992938843896,-1.3269766984401892e-06,0.8499941843688179,-13.00115823768503,1.5496506453749626e-09
4,C0,3,1.20799999999997,-13.002479889604308,8.084676091475443e-08,0.0005114009145967499,0.010000392802725043,-5.6971761900310165,-3.1885472053980735,2.7864000002459877,0.0,0.0,3.5,3.5,3.5,-11.499999993362875,-2.7776589379026544,1.5707963268007166,0.8499936937860625,-10.199999999922204,2.7718930916529674,-1.5707963267955392,0.8499792471683089,-6.499999993924701,-2.780210785010477,1.5707963278190338,0.8499867787133112,-12.784875395696034,2.9999992939128926,-1.3269766984401892e-06,0.8499941844498093,-13.00115823768503,1.5496506453749626e-09
4,C0,4,1.240000000000009,-13.0023940423383,2.318282914456689e-07,0.0009707878485118174,0.010000517318720578,-5.6971761900310165,-3.1885472053980735,2.7864000002459877,0.0,0.0,3.5,3.5,3.5,-11.499999993362739,-2.770218937903646,1.5707963268007166,0.8499936937827508,-10.199999999922055,2.762533091938424,-1.5707963267955392,0.8499792467981885,-6.499999993924607,-2.77361078568645,1.5707963278190338,0.8499867792647524,-12.77983539561603,2.99999929393427,-1.3269766984401892e-06,0.8499941845105541,-13.00115823768503,1.5496506453749626e-09
4,C0,5,1.240000000000009,-13.002154771027406,6.263566509861492e-07,0.0015695658981332758,0.010000649708462947,-5.697176190030753,-3.188547205398171,2.7864000002464095,-7.061018436615996e-12,1.0547118733938987e-11,3.5,3.5,3.5,-11.499999993362604,-2.7627789379046384,1.5707963268007166,0.8499936937794392,-10.19999999992191,2.7531730922238853,-1.5707963267955392,0.849979246428072,-6.499999993924513,-2.7670107863623947,1.5707963278190338,0.8499867798162283,-12.774795395536028,2.999999293955648,-1.3269766984401892e-06,0.8499941845712999,-13.00115823768531,1.5496505083823446e-09
4,C0,6,1.240000000000009,-13.002154771027406,6.263566509861492e-07,0.0015695658981332758,0.010000649708462947,-5.697176190030753,-3.188547205398171,2.7864000002464095,-7.061018436615996e-12,1.0547118733938987e-11,3.5,3.5,3.5,-11.499999993362604,-2.7627789379046384,1.5707963268007166,0.8499936937794392,-10.19999999992191,2.7531730922238853,-1.5707963267955392,0.849979246428072,-6.499999993924513,-2.7670107863623947,1.5707963278190338,0.8499867798162283,-12.774795395536028,2.999999293955648,-1.3269766984401892e-06,0.8499941845712999,-13.00115823768531,1.5496505083823446e-09
4,C0,7,1.2759999999999536,-13.001597066933934,1.8992210612632905e-06,0.00258500301665177,0.010000836138860015,-5.697176190030753,-3.188547205398171,2.7864000002464095,-7.061018436615996e-12,1.0547118733938987e-11,3.5,3.5,3.5,-11.499999993362424,-2.752858937905961,1.5707963268007166,0.8499936937750237,-10.199999999921713,2.740693092604508,-1.5707963267955392,0.8499792459345894,-6.499999993924391,-2.758210787263611,1.5707963278190338,0.8499867805515833,-12.76807539542936,2.9999992939841524,-1.3269766984401892e-06,0.8499941846522961,-13.00115823768531,1.5496505083823446e-09
4,C0,8,1.2759999999999536,-13.000766569836191,4.652388522705965e-06,0.0038488363226655883,0.010001031340333389,-5.6971761900307705,-3.1885472053981645,2.7864000002464095,-6.616929226765933e-12,1.0547118733938987e-11,3.5,3.5,3.5,-11.499999993362241,-2.7429389379072844,1.5707963268007166,0.8499936937706081,-10.19999999992152,2.7282130929851403,-1.5707963267955392,0.8499792454411139,-6.499999993924265,-2.7494107881647767,1.5707963278190338,0.8499867812869996,-12.761355395322694,2.999999294012657,-1.3269766984401892e-06,0.8499941847332942,-13.001158237685292,1.549650440502077e-09
4,C0,9,1.2759999999999536,-12.999964662970262,8.207987122622694e-06,0.0049599470980781985,0.010001182071948644,-5.6971761900307705,-3.1885472053981645,2.7864000002464095,-6.616929226765933e-12,1.0547118733938987e-11,3.5,3.5,3.5,-11.499999993362108,-2.735498937908276,1.5707963268007166,0.8499936937672965,-10.199999999921372,2.7188530932706203,-1.5707963267955392,0.8499792450710117,-6.499999993924174,-2.742810788840618,1.5707963278190338,0.8499867818386022,-12.756315395242694,2.999999294034036,-1.3269766984401892e-06,0.849994184794044,-13.001158237685292,1.549650440502077e-09
4,C0,10,1.3120000000000118,-12.998656724400815,1.5783310826842686e-05,0.006659398948750797,0.010001387280519719,-5.6971761900307705,-3.1885472053981645,2.7864000002464095,-6.616929226765933e-12,1.0547118733938987e-11,3.5,3.5,3.5,-11.499999993361925,-2.7255789379095994,1.5707963268007166,0.8499936937628809,-10.199999999921179,2.706373093651268,-1.5707963267955392,0.8499792445775485,-6.49999999392405,-2.734010789741696,1.5707963278190338,0.8499867825741261,-12.749595395136032,2.999999294062542,-1.3269766984401892e-06,0.8499941848750454,-13.001158237685292,1.549650440502077e-09
4,C0,11,1.3120000000000118,-12.997496712708047,2.4266682767519247e-05,0.008097700053462237,0.010001543540323446,-5.69785355055014,-3.1883031231837267,2.800800000003152,0.017999999986528792,0.3599999939185583,3.5,3.5,3.5,-11.499999993361792,-2.718138937910591,1.5707963268007166,0.8499936937595692,-10.199999999921031,2.69701309393676,-1.5707963267955392,0.8499792442074555,-6.499999993923956,-2.7274107904174714,1.5707963278190338,0.8499867831258092,-12.744555395056034,2.9999992940839215,-1.3269766984401892e-06,0.8499941849357977,-13.000438273627795,6.7214096997917304e-06
4,C0,12,1.3120000000000118,-12.997496712708047,2.4266682767519247e-05,0.008097700053462237,0.010001543540323446,-5.69785355055014,-3.1883031231837267,2.800800000003152,0.017999999986528792,0.3599999939185583,3.5,3.5,3.5,-11.499999993361792,-2.718138937910591,1.5707963268007166,0.8499936937595692,-10.199999999921031,2.69701309393676,-1.5707963267955392,0.8499792442074555,-6.499999993923956,-2.7274107904174714,1.5707963278190338,0.8499867831258092,-12.744555395056034,2.9999992940839215,-1.3269766984401892e-06,0.8499941849357977,-13.000438273627795,6.7214096997917304e-06
4,C0,13,1.3360000000000127,-12.996183215189312,3.580969967086164e-05,0.009676537389324396,0.010001701295835351,-5.69785355055014,-3.1883031231837267,2.800800000003152,0.017999999986528792,0.3599999939185583,3.5,3.5,3.5,-11.499999993361655,-2.7106989379115833,1.5707963268007166,0.8499936937562577,-10.199999999920887,2.6876530942222567,-1.5707963267955392,0.8499792438373666,-6.499999993923863,-2.720810791093219,1.5707963278190338,0.849986783677527,-12.739515394976038,2.9999992941053018,-1.3269766984401892e-06,0.8499941849965511,-13.000438273627795,6.7214096997917304e-06
4,C0,14,1.4080000000000155,-12.985078924760629,0.00021105717660834666,0.022112607080150688,0.010002672819056348,-5.706214562051034,-3.185560083037206,2.8407999993976096,0.11799999992949672,0.399999993926925,3.5,3.5,3.5,-11.499999993360841,-2.666058937917536,1.5707963268007166,0.8499936937363878,-10.199999999920008,2.6314930959353453,-1.5707963267955392,0.849979241616915,-6.499999993923306,-2.681210795147111,1.5707963278190338,0.849986786988559,-12.709275394496082,2.999999294233587,-1.3269766984401892e-06,0.849994185361094,-12.991645210772344,0.0003426204772376722
4,C0,15,1.504000000000019,-12.961697998653266,0.0010093724245642435,0.0466648812178943,0.010004173338731728,-5.739872592708565,-3.1764301996111706,2.9047999984134387,0.2779999999293459,0.3999999937964738,3.5,3.5,3.5,-11.499999993359756,-2.6065389379254733,1.5707963268007166,0.8499936937098945,-10.19999999991884,2.5566130982197484,-1.5707963267955392,0.8499792386565328,-6.499999993922565,-2.6284108005507196,1.5707963278190338,0.8499867914052026,-12.668955393856189,2.9999992944046507,-1.3269766984401892e-06,0.8499941858472111,-12.95691302228718,0.0034879157173464924
4,C0,16,1.6040000000000418,-12.933458767040701,0.0028431993619746037,0.08216252584369338,0.010114937824449359,-5.7632889734640775,-3.1711743493505167,2.936799997853008,0.29999999999552607,0.3999999929332754,3.5,3.5,3.5,-11.499999993358626,-2.5445389379337415,1.5707963268007166,0.8499936936822975,-10.199999999917623,2.4786131005996817,-1.5707963267955392,0.8499792355730688,-6.499999993921792,-2.5734108061775576,1.5707963278190338,0.8499867960082229,-12.626955393189695,2.9999992945828615,-1.3269766984401892e-06,0.8499941863536561,-12.933130471253579,0.006703676278025407
4,C0,17,1.7039999999999509,-12.91077212536101,0.004752463187453006,0.1157915904177157,0.01006451925717182,-5.798698826986365,-3.1647018335616286,2.9847999978526785,0.2999999999997449,0.39999999999706937,3.5,3.5,3.5,-11.499999993357633,-2.489978937941017,1.5707963268007166,0.8499936936580121,-10.199999999916548,2.4099731026943148,-1.5707963267955392,0.849979232859846,-6.4999999939211115,-2.5250108111275518,1.5707963278190338,0.8499868000608637,-12.589995392603232,2.9999992947397036,-1.3269766984401892e-06,0.8499941867993894,-12.897679964938927,0.012949698143343014
4,C0,18,1.7999999999999545,-12.881817922931338,0.00857714133269657,0.15490614714960416,0.01000612980599167,-5.8284165996580475,-3.160611113125272,3.024799997746559,0.3000000000006775,0.40000000002093916,3.5,3.5,3.5,-11.499999993356504,-2.4279789379492853,1.5707963268007166,0.8499936936304151,-10.199999999915331,2.3319731050749124,-1.5707963267955392,0.8499792297768949,-6.499999993920341,-2.4700108167507007,1.5707963278190338,0.8499868046683897,-12.547995391936853,2.9999992949179517,-1.3269766984401892e-06,0.8499941873059745,-12.868394556331335,0.019449301895929957
4,C0,19,1.9039999999999964,-12.849120707672398,0.014417056550586817,0.1997066147797135,0.010006228983145998,-5.8582741864702434,-3.1577120587697856,3.0647999977486196,0.3000000000007219,0.40000000002038405,3.5,3.5,3.5,-11.499999993355239,-2.3585389379585453,1.5707963268007166,0.8499936935995064,-10.199999999913963,2.244613107741601,-1.5707963267955392,0.8499792263243137,-6.499999993919476,-2.4084108230462964,1.5707963278190338,0.8499868098316626,-12.500955391190585,2.9999992951176133,-1.3269766984401892e-06,0.8499941878734383,-12.839392487750747,0.027114810649484115
4,C0,20,2.008000000000038,-12.820201284168927,0.020857605389359084,0.23970699050595837,0.010006724055687246,-5.888223821651077,-3.1560093083656695,3.1047999977507024,0.3000000000006331,0.40000000002038405,3.5,3.5,3.5,-11.499999993354109,-2.2965389379668135,1.5707963268007166,0.8499936935719095,-10.199999999912746,2.1666131101229475,-1.5707963267955392,0.8499792232419411,-6.499999993918705,-2.3534108286652806,1.5707963278190338,0.849986814444266,-12.458955390524338,2.9999992952959036,-1.3269766984401892e-06,0.8499941883801813,-12.810720156322912,0.035933961226278066
4,C0,21,2.1000000000000227,-12.79272714308897,0.028119423471628047,0.27810743710733243,0.010007753575051816,-5.918217592173173,-3.1555055859503365,-3.1383853094268237,0.3000000000006331,0.40000000002038405,3.5,3.5,3.5,-11.499999993353024,-2.237018937974751,1.5707963268007166,0.8499936935454163,-10.199999999911574,2.0917331124093725,-1.5707963267955392,0.8499792202831202,-6.499999993917966,-2.3006108340576565,1.5707963278190338,0.8499868188746172,-12.4186353898848,2.999999295467081,-1.3269766984401892e-06,0.8499941888667246,-12.782423431661678,0.045892644866707244
4,C0,22,2.203999999999951,-12.765824364845361,0.03553476595124116,0.31655040456734207,0.01011127085464296,-5.948207514401944,-3.1562016973721723,-3.0983853094265172,0.2999999999997005,0.3999999999976245,3.425666570663452,3.5,3.5,-11.49999999335194,-2.1774989379826883,1.5707963268007166,0.8499936935189232,-10.199999999910405,2.016853114696123,-1.5707963267955392,0.8499792173245511,-6.499999993917227,-2.24781083944822,1.5707963278190338,0.8499868233071738,-12.37831538924532,2.999999295638277,-1.3269766984401892e-06,0.8499941893533366,-12.754547582490257,0.05697492980130214
4,C0,23,2.2999999999999545,-12.739045629685485,0.04423416514322161,0.35497015498384266,0.01000333711920297,-5.978145610858809,-3.1580965290014733,-3.058385309417662,0.3000000000006775,0.40000000002093916,3.425666570663452,3.5,3.5,-11.499999993350855,-2.117978937990626,1.5707963268007166,0.8499936934924301,-10.199999999909231,1.9419731169831997,-1.5707963267955392,0.8499792143662335,-6.499999993916488,-2.1950108448369696,1.5707963278190338,0.8499868277419349,-12.337995388605895,2.999999295809491,-1.3269766984401892e-06,0.8499941898400172,-12.727137204221313,0.06916308673815072
4,C0,24,2.3999999999999773,-12.71253563472939,0.054627618357755744,0.39337021310245773,0.010003951691994145,-6.0079839869771305,-3.1611870495119083,-3.0183853094156015,0.3000000000007219,0.40000000002038405,3.3851115703582764,3.5,3.5,-11.499999993349771,-2.058458937998563,1.5707963268007166,0.849993693465937,-10.19999999990806,1.8670931192706015,-1.5707963267955392,0.8499792114081677,-6.49999999391575,-2.142210850223905,1.5707963278190338,0.8499868321788997,-12.297675387966528,2.9999992959807233,-1.3269766984401892e-06,0.8499941903267664,-12.700236147611696,0.08243761722664887
4,C0,25,2.5,-12.685390527955136,0.06651664953708965,0.4333703793820875,0.010004887082018667,-6.037674907719634,-3.1654683147298175,-2.9783853094135186,0.3000000000006331,0.40000000002038405,3.3851115703582764,3.5,3.5,-11.499999993348641,-1.996458938006831,1.5707963268007166,0.8499936934383401,-10.19999999990684,1.7890931216536576,-1.5707963267955392,0.8499792083271167,-6.499999993914982,-2.0872108558333657,1.5707963278190338,0.8499868368030807,-12.255675387300583,2.9999992961591095,-1.3269766984401892e-06,0.8499941908338697,-12.673887448613982,0.09677728484942082
4,C0,26,2.6000000000000227,-12.655609857461533,0.08109665532509437,0.4781707434210659,0.010006476472897957,-6.067170873946854,-3.1709334755441376,-2.9383853094115024,0.3000000000005443,0.4000000000192738,3.433352470397949,3.5,3.5,-11.499999993347375,-1.9270189380160851,1.5707963268007166,0.8499936934074315,-10.199999999905476,1.7017331243230998,-1.5707963267955392,0.849979204876664,-6.499999993914122,-2.0256108621136217,1.5707963278190338,0.8499868419850004,-12.208635386554796,2.999999296358926,-1.3269766984401892e-06,0.8499941914019139,-12.648133259525812,0.11215914919723322
4,C0,27,2.699999999999932,-12.62937331696605,0.09411363973052632,0.518227840040391,0.010054726519756406,-6.096424698404889,-3.1775737888633584,-2.898385309411529,0.2999999999997449,0.39999999999706937,3.433352470397949,3.5,3.5,-11.499999993346247,-1.865018938024348,1.5707963268007166,0.8499936933798345,-10.199999999904254,1.6237331267069046,-1.5707963267955392,0.8499792017961922,-6.499999993913355,-1.9706108677189063,1.5707963278190338,0.8499868466142464,-12.16663538588898,2.999999296537355,-1.3269766984401892e-06,0.849994191909175,-12.623014781555847,0.12855860256834883
4,C0,28,2.7999999999999545,-12.603757763673295,0.1092327222523735,0.5584952839134123,0.010002602436762821,-6.119621951447565,-3.1837250733581084,-2.8663853094205787,0.3000000000035641,0.3999999999793058,3.5,3.4886436462402344,3.5,-11.499999993345117,-1.803018938032611,1.5707963268007166,0.8499936933522376,-10.199999999903032,1.5457331290910625,-1.5707963267955392,0.8499791987159937,-6.499999993912589,-1.9156108733222204,1.5707963278190338,0.8499868512458802,-12.124635385223229,2.9999992967158033,-1.3269766984401892e-06,0.8499941924165106,-12.603404750793382,0.14239325265992644
4,C0,29,2.8999999999999773,-12.581855964068085,0.12344724931511328,0.5937828659329473,0.010006527043222664,-6.154019184743823,-3.194335517678483,-2.8183853093999915,0.3000000000006775,0.40000000002093916,3.5,3.4886436462402344,3.5,-11.499999993344122,-1.748458938039882,1.5707963268007166,0.8499936933279524,-10.199999999901959,1.4770931311894135,-1.5707963267955392,0.8499791960056451,-6.499999993911914,-1.867210878251504,1.5707963278190338,0.8499868553236926,-12.087675384637418,2.9999992968728546,-1.3269766984401892e-06,0.8499941928630275,-12.574844614507825,0.16430374791821128
4,C0,30,3.0,-12.556682566367913,0.1411961781906793,0.6353830532704012,0.01000630989464794,-6.182267707732917,-3.204430117984465,-2.7783853093979753,0.30000000000036664,0.4000000000192738,3.5,3.2818732261657715,3.5,-11.499999993342948,-1.6839789380484755,1.5707963268007166,0.8499936932992516,-10.199999999900689,1.3959731336696353,-1.5707963267955392,0.8499791928027788,-6.499999993911118,-1.8100108840750493,1.5707963278190338,0.8499868601453078,-12.043995383945157,2.9999992970584803,-1.3269766984401892e-06,0.8499941933908035,-12.551869987421314,0.183592255290186
4,C1,0,0.0,-13.002261459370507,1.5375367934303147e-09,-1.0945879959762583e-09,0.010000076490374028,-6.467031911447844,-3.396918690445506,-2.3159853068446434,0.0,0.0,3.5,3.5,3.5,-11.499999993245913,-2.799978938758254,1.5707963268007166,0.8499936909292714,-10.199999999795148,2.799973339792915,-1.5707963267955392,0.8499789293445438,-6.49999999384728,-2.8000113574844305,1.5707963278190338,0.8499872671126919,-12.799995327013898,2.9999993124607713,-1.3269766984401892e-06,0.8499942372499002,-13.001158237685042,1.585038999423806e-09
4,C1,1,1.2240000000000464,-13.002297767228665,1.4081263793615794e-08,5.712716279501868e-05,0.010000242328470736,-6.467031911447844,-3.396918690445506,-2.3159853068446434,0.0,0.0,3.5,3.5,3.5,-11.4999999931998,-2.787578939095577,1.5707963268007166,0.8499936898033661,-10.199999999744545,2.784373438624722,-1.5707963267955392,0.84997880489428,-6.499999993818297,-2.7890115771028348,1.5707963278190338,0.849987466462536,-12.791595300128831,2.9999993198290107,-1.3269766984401892e-06,0.8499942582775716,-13.001158237685042,1.585038999423806e-09
4,C1,2,1.2240000000000464,-13.002297767228665,1.4081263793615794e-08,5.712716279501868e-05,0.010000242328470736,-6.467031911447844,-3.396918690445506,-2.3159853068446434,0.0,0.0,3.5,3.5,3.5,-11.4999999931998,-2.787578939095577,1.5707963268007166,0.8499936898033661,-10.199999999744545,2.784373438624722,-1.5707963267955392,0.84997880489428,-6.499999993818297,-2.7890115771028348,1.5707963278190338,0.849987466462536,-12.791595300128831,2.9999993198290107,-1.3269766984401892e-06,0.8499942582775716,-13.001158237685042,1.585038999423806e-09
4,C1,3,1.2240000000000464,-13.002178481226519,1.3945247681235315e-07,0.0004783715494349069,0.010000436370011218,-6.467031911447844,-3.396918690445506,-2.3159853068446434,0.0,0.0,3.5,3.5,3.5,-11.499999993199577,-2.775178939097232,1.5707963268007166,0.849993689797847,-10.199999999744296,2.768773439110624,-1.5707963267955392,0.8499788042853693,-6.499999993818158,-2.7780115781708314,1.5707963278190338,0.8499874674491192,-12.783195299997299,2.9999993198652097,-1.3269766984401892e-06,0.8499942583809502,-13.001158237685042,1.585038999423806e-09
4,C1,4,1.2560000000000855,-13.001776226921384,5.481372679828175e-07,0.0010938276432840937,0.010000609376529326,-6.467031911447844,-3.396918690445506,-2.3159853068446434,0.0,0.0,3.5,3.5,3.5,-11.499999993199394,-2.7652589390985556,1.5707963268007166,0.8499936897934317,-10.199999999744099,2.7562934394993555,-1.5707963267955392,0.8499788037982486,-6.4999999938180455,-2.7692115790251686,1.5707963278190338,0.8499874682384515,-12.776475299892073,2.9999993198941697,-1.3269766984401892e-06,0.8499942584636554,-13.001158237685042,1.585038999423806e-09
4,C1,5,1.2560000000000855,-13.001776226921384,5.481372679828175e-07,0.0010938276432840937,0.010000609376529326,-6.467031911447648,-3.3969186904452933,-2.315985306844222,-7.238654120556021e-12,1.0547118733938987e-11,3.5,3.5,3.5,-11.499999993199394,-2.7652589390985556,1.5707963268007166,0.8499936897934317,-10.199999999744099,2.7562934394993555,-1.5707963267955392,0.8499788037982486,-6.4999999938180455,-2.7692115790251686,1.5707963278190338,0.8499874682384515,-12.776475299892073,2.9999993198941697,-1.3269766984401892e-06,0.8499942584636554,-13.001158237685331,1.585038363162429e-09
4,C1,6,1.2560000000000855,-13.000889844160083,2.1204624539571954e-06,0.002211701028472238,0.010000842346179975,-6.467031911447648,-3.3969186904452933,-2.315985306844222,-7.238654120556021e-12,1.0547118733938987e-11,3.5,3.5,3.5,-11.49999999319917,-2.75285893910021,1.5707963268007166,0.8499936897879126,-10.199999999743849,2.740693439985283,-1.5707963267955392,0.8499788031893579,-6.499999993817906,-2.7582115800930143,1.5707963278190338,0.8499874692251986,-12.768075299760547,2.9999993199303705,-1.3269766984401892e-06,0.8499942585670394,-13.001158237685331,1.585038363162429e-09
4,C1,7,1.288000000000011,-12.999873860011595,5.010029743976859e-06,0.0033852381010419704,0.010001038655722452,-6.467031911447648,-3.3969186904452933,-2.315985306844222,-7.238654120556021e-12,1.0547118733938987e-11,3.5,3.5,3.5,-11.499999993198987,-2.7429389391015335,1.5707963268007166,0.8499936897834973,-10.19999999974365,2.728213440374035,-1.5707963267955392,0.8499788027022533,-6.499999993817794,-2.74941158094723,1.5707963278190338,0.8499874700146619,-12.761355299655325,2.9999993199593313,-1.3269766984401892e-06,0.8499942586497486,-13.001158237685331,1.585038363162429e-09
4,C1,8,1.288000000000011,-12.999873860011595,5.010029743976859e-06,0.0033852381010419704,0.010001038655722452,-6.467042756514395,-3.3969304541404224,-2.31518530687584,0.00040000000738338315,0.019999999209541208,3.5,3.5,3.5,-11.499999993198987,-2.7429389391015335,1.5707963268007166,0.8499936897834973,-10.19999999974365,2.728213440374035,-1.5707963267955392,0.8499788027022533,-6.499999993817794,-2.74941158094723,1.5707963278190338,0.8499874700146619,-12.761355299655325,2.9999993199593313,-1.3269766984401892e-06,0.8499942586497486,-13.00114223768674,7.984980890926097e-09
4,C1,9,1.288000000000011,-12.998585072107206,1.0281480593623703e-05,0.004807373005477137,0.010001241291604453,-6.467042756514395,-3.3969304541404224,-2.31518530687584,0.00040000000738338315,0.019999999209541208,3.5,3.5,3.5,-11.499999993198808,-2.733018939102857,1.5707963268007166,0.8499936897790821,-10.19999999974345,2.7157334407627958,-1.5707963267955392,0.849978802215156,-6.499999993817682,-2.7406115818013923,1.5707963278190338,0.8499874708041834,-12.754635299550106,2.9999993199882926,-1.3269766984401892e-06,0.8499942587324598,-13.00114223768674,7.984980890926097e-09
4,C1,10,1.316000000000031,-12.998585072107206,1.0281480593623703e-05,0.004807373005477137,0.010001241291604453,-6.467042756514395,-3.3969304541404224,-2.31518530687584,0.00040000000738338315,0.019999999209541208,3.5,3.5,3.5,-11.499999993198808,-2.733018939102857,1.5707963268007166,0.8499936897790821,-10.19999999974345,2.7157334407627958,-1.5707963267955392,0.849978802215156,-6.499999993817682,-2.7406115818013923,1.5707963278190338,0.8499874708041834,-12.754635299550106,2.9999993199882926,-1.3269766984401892e-06,0.8499942587324598,-13.00114223768674,7.984980890926097e-09
4,C1,11,1.316000000000031,-12.997023459926632,1.9012897186370593e-05,0.0064784931897706784,0.010001448451034184,-6.467258998107257,-3.3971663343065175,-2.311185307001891,0.008399999983099704,0.11999999605827316,3.5,3.5,3.5,-11.499999993198626,-2.723098939104181,1.5707963268007166,0.8499936897746667,-10.199999999743252,2.7032534411515656,-1.5707963267955392,0.8499788017280656,-6.49999999381757,-2.7318115826555003,1.5707963278190338,0.8499874715937631,-12.74791529944489,2.999999320017255,-1.3269766984401892e-06,0.8499942588151729,-13.000822239513822,1.031981497654524e-06
4,C1,12,1.316000000000031,-12.994687758416365,3.6768526036845835e-05,0.008918165929248609,0.010001711790632655,-6.467258998107257,-3.3971663343065175,-2.311185307001891,0.008399999983099704,0.11999999605827316,3.5,3.5,3.5,-11.499999993198399,-2.7106989391058356,1.5707963268007166,0.8499936897691477,-10.199999999743005,2.6876534416375404,-1.5707963267955392,0.8499788011192129,-6.49999999381743,-2.72081158372306,1.5707963278190338,0.8499874725808196,-12.73951529931337,2.999999320053458,-1.3269766984401892e-06,0.849994258918567,-13.000822239513822,1.031981497654524e-06
4,C1,13,1.3520000000000891,-12.994687758416365,3.6768526036845835e-05,0.008918165929248609,0.010001711790632655,-6.467258998107257,-3.3971663343065175,-2.311185307001891,0.008399999983099704,0.11999999605827316,3.5,3.5,3.5,-11.499999993198399,-2.7106989391058356,1.5707963268007166,0.8499936897691477,-10.199999999743005,2.6876534416375404,-1.5707963267955392,0.8499788011192129,-6.49999999381743,-2.72081158372306,1.5707963278190338,0.8499874725808196,-12.73951529931337,2.999999320053458,-1.3269766984401892e-06,0.849994258918567,-13.000822239513822,1.031981497654524e-06
4,C1,14,1.400000000000091,-12.986619641518987,0.00014040011188024023,0.017091545685370853,0.010002412416211673,-6.470783092249837,-3.401098081772194,-2.295185307485133,0.08599999992959795,0.19999999394948453,3.5,3.5,3.5,-11.499999993197813,-2.6784589391101377,1.5707963268007166,0.849993689754798,-10.199999999742356,2.64709344290114,-1.5707963267955392,0.8499787995362476,-6.499999993817068,-2.6922115864983214,1.5707963278190338,0.8499874751475922,-12.71767529897143,2.99999932014759,-1.3269766984401892e-06,0.849994259187405,-12.995542837315979,7.712464246059517e-05
4,C1,15,1.5080000000000382,-12.959769125217184,0.0009126686703411377,0.03934023602883301,0.010004132605493743,-6.490092646428596,-3.4237415752638043,-2.2631853080866198,0.24599999993384358,0.20000000009456897,3.5,3.5,3.5,-11.499999993196546,-2.6090189391194034,1.5707963268007166,0.8499936897238911,-10.199999999740962,2.55973344562306,-1.5707963267955392,0.8499787961270397,-6.499999993816284,-2.6306115924738753,1.5707963278190338,0.8499874806781136,-12.670635298235004,2.999999320350354,-1.3269766984401892e-06,0.8499942597665086,-12.965806765035174,0.0012401746833548173
4,C1,16,1.6000000000000227,-12.932061550338046,0.002284553449158174,0.05853609542852378,0.010100849051816733,-6.512372839363964,-3.4512805219284957,-2.2391853080827984,0.30000000000045546,0.20000000000242046,3.5,3.5,3.5,-11.49999999319546,-2.549498939127346,1.5707963268007166,0.8499936896973994,-10.199999999739767,2.4848534479564823,-1.5707963267955392,0.8499787932051397,-6.499999993815615,-2.5778115975936777,1.5707963278190338,0.8499874854208297,-12.630315297603845,2.999999320524171,-1.3269766984401892e-06,0.8499942602629564,-12.930458309659148,0.003539583991649213
4,C1,17,1.7000000000000455,-12.90698849034797,0.0037962577121505477,0.07771901110510031,0.010037440560859454,-6.5307278343824455,-3.475009494899794,-2.219185308082934,0.3000000000001446,0.19999999999853468,3.5,3.5,3.5,-11.499999993194375,-2.489978939135288,1.5707963268007166,0.8499936896709078,-10.199999999738573,2.4099734502902264,-1.5707963267955392,0.8499787902834965,-6.499999993814945,-2.52501160271154,1.5707963278190338,0.8499874901656395,-12.589995296972743,2.9999993206980062,-1.3269766984401892e-06,0.849994260759472,-12.900571750423744,0.006140271875600373
4,C1,18,1.8040000000000873,-12.878727974348383,0.006228253340845011,0.09691769379088654,0.010000865958788263,-6.548604610701344,-3.4991007976603528,-2.1991853080789396,0.3000000000002334,0.20000000001074714,3.5,3.5,3.5,-11.49999999319329,-2.4304589391432305,1.5707963268007166,0.8499936896444162,-10.19999999973738,2.335093452624292,-1.5707963267955392,0.8499787873621102,-6.499999993814277,-2.472211607827461,1.5707963278190338,0.8499874949125422,-12.5496752963417,2.999999320871859,-1.3269766984401892e-06,0.8499942612560554,-12.870743178593509,0.00933813097591895
4,C1,19,1.900000000000091,-12.851427670796815,0.009128394455214121,0.11531783690775109,0.010001981458947254,-6.565996017851409,-3.5235447940140934,-2.17918530807792,0.300000000000189,0.20000000001019203,3.5,3.5,3.5,-11.499999993192251,-2.3734189391508416,1.5707963268007166,0.8499936896190284,-10.199999999736232,2.263333454861406,-1.5707963267955392,0.8499787845626893,-6.499999993813637,-2.421611612728396,1.5707963278190338,0.8499874994636206,-12.511035295737006,2.9999993210384854,-1.3269766984401892e-06,0.8499942617320112,-12.840984525194687,0.01313188219203873
4,C1,20,2.0,-12.819482886351134,0.013169084481061426,0.1369180491442253,0.010003406270279859,-6.582895099500233,-3.5483317066864624,-2.159185308076879,0.300000000000189,0.20000000001019203,3.5,3.5,3.5,-11.49999999319103,-2.3064589391597767,1.5707963268007166,0.8499936895892254,-10.199999999734887,2.179093457487961,-1.5707963267955392,0.8499787812767136,-6.499999993812885,-2.3622116184793907,1.5707963278190338,0.8499875048086417,-12.465675295027214,2.999999321234111,-1.3269766984401892e-06,0.8499942622908214,-12.811307693294248,0.01752000807380119
4,C1,21,2.1000000000000227,-12.792369374128764,0.017151935015846106,0.15531831108582625,0.010004877714348869,-6.599295096240493,-3.5734516212429064,-2.1391853080763705,0.3000000000006331,0.2000000000046409,3.5,3.5,3.5,-11.49999999318999,-2.249418939167388,1.5707963268007166,0.8499936895638376,-10.199999999733741,2.1073334597257167,-1.5707963267955392,0.8499787784778056,-6.499999993812246,-2.311611623376446,1.5707963278190338,0.8499875093638948,-12.427035294422636,2.9999993214007734,-1.3269766984401892e-06,0.8499942627669126,-12.781724553229227,0.022500753429365056
4,C1,22,2.2000000000000455,-12.758627192562935,0.022472626667887637,0.17853944352090523,0.010131538920053789,-6.615189448292137,-3.598894490052471,-2.1191853080762617,0.300000000000189,0.1999999999990898,3.431171417236328,3.5,3.5,-11.499999993188679,-2.1774989391769854,1.5707963268007166,0.849993689531827,-10.199999999732297,2.016853462547656,-1.5707963267955392,0.849978774949084,-6.49999999381144,-2.247811629548448,1.5707963278190338,0.8499875151102102,-12.378315293660417,2.999999321610936,-1.3269766984401892e-06,0.84999426336729,-12.752246937861273,0.028072126026971553
4,C1,23,2.300000000000068,-12.729584797967743,0.027592368760239027,0.19855252528574166,0.010004087171468124,-6.63057179812596,-3.6246501363064403,-2.0991853080715344,0.3000000000002334,0.19999999995523599,3.431171417236328,3.5,3.5,-11.499999993187549,-2.115498939185259,1.5707963268007166,0.8499936895042316,-10.19999999973105,1.9388534649807392,-1.5707963267955392,0.8499787719073839,-6.499999993810745,-2.1928116348668594,1.5707963278190338,0.8499875200663782,-12.336315293003402,2.999999321792132,-1.3269766984401892e-06,0.8499942638849362,-12.722886637844027,0.03423189739180196
4,C1,24,2.400000000000091,-12.703880650209078,0.032992953664686075,0.21615262332616192,0.01000442477842234,-6.6454359930076325,-3.650708258090653,-2.0791853080704925,0.300000000000189,0.20000000001019203,3.377793550491333,3.5,3.5,-11.499999993186554,-2.0609389391925395,1.5707963268007166,0.8499936894799477,-10.199999999729956,1.8702134671221404,-1.5707963267955392,0.8499787692309185,-6.4999999938101345,-2.1444116395453143,1.5707963278190338,0.8499875244296802,-12.29935529242528,2.999999321951601,-1.3269766984401892e-06,0.8499942643405255,-12.693655396904996,0.04097760369770054
4,C1,25,2.5,-12.672498368500847,0.04023081348324745,0.23775279246834227,0.01000521176681866,-6.659776087457178,-3.6770584325033426,-2.0591853080694293,0.3000000000002334,0.20000000001074714,3.377793550491333,3.5,3.5,-11.499999993185332,-1.993978939201474,1.5707963268007166,0.8499936894501446,-10.19999999972861,1.7859734697505927,-1.5707963267955392,0.8499787659464607,-6.499999993809387,-2.085011645284818,1.5707963278190338,0.8499875297870387,-12.253995291715833,2.9999993221473327,-1.3269766984401892e-06,0.8499942648997356,-12.66456490715131,0.0483065467519089
4,C1,26,2.6000000000000227,-12.64476559694063,0.04722634218182047,0.25695301054331043,0.010006294062954182,-6.673586345628028,-3.703690119826097,-2.039185308068699,0.3000000000006775,0.2000000000040858,3.3209612369537354,3.5,3.5,-11.499999993184248,-1.9344589392094114,1.5707963268007166,0.8499936894236532,-10.199999999727412,1.711093472087336,-1.5707963267955392,0.8499787630272159,-6.499999993808721,-2.032211650384529,1.5707963278190338,0.8499875345513519,-12.213675291085277,2.9999993223213357,-1.3269766984401892e-06,0.8499942653968832,-12.635626804390983,0.056215795074929686
4,C1,27,2.7040000000000646,-12.612637681088652,0.05566893985584575,0.2793767296141828,0.01010841999043776,-6.686861243601047,-3.730592667739044,-2.0191853080685456,0.300000000000189,0.1999999999990898,3.3209612369537354,3.5,3.5,-11.499999993182982,-1.8650189392186716,1.5707963268007166,0.8499936893927463,-10.199999999726016,1.6237334748139427,-1.5707963267955392,0.8499787596217553,-6.499999993807947,-1.9706116563317313,1.5707963278190338,0.8499875401123532,-12.166635290349701,2.999999322524362,-1.3269766984401892e-06,0.8499942659769743,-12.6068526634793,0.06470218507287018
4,C1,28,2.800000000000068,-12.588643189114936,0.06240089385561123,0.29619474976621235,0.010006244384147558,-6.699595471593888,-3.7577553155814565,-1.9991853080646176,0.30000000000045546,0.20000000001019203,3.2680253982543945,3.5,3.5,-11.499999993182033,-1.8129389392256166,1.5707963268007166,0.8499936893695663,-10.199999999724968,1.5582134768591847,-1.5707963267955392,0.8499787570678895,-6.499999993807366,-1.9244116607903934,1.5707963278190338,0.8499875442849663,-12.131355289798071,2.9999993226766484,-1.3269766984401892e-06,0.849994266412103,-12.578253993689273,0.0737623223028209
4,C1,29,2.900000000000091,-12.556786983590376,0.07250513503316036,0.31859489572581146,0.010006285851683805,-6.711783936085351,-3.7851671986568967,-1.9791853080635762,0.3000000000002334,0.20000000001074714,3.2680253982543945,3.5,3.5,-11.499999993180767,-1.743498939234877,1.5707963268007166,0.8499936893386595,-10.199999999723573,1.4708534795865562,-1.5707963267955392,0.8499787536630415,-6.499999993806593,-1.8628116667329528,1.5707963278190338,0.8499875498509321,-12.084315289062634,2.9999993228797175,-1.3269766984401892e-06,0.8499942669923553,-12.549842234106968,0.08339258283089843
4,C1,30,3.0,-12.529692860730126,0.0817230885207718,0.3377950438217044,0.01000680317169916,-6.723421761852078,-3.8128173525773428,-1.9591853080625568,0.300000000000189,0.20000000001019203,3.2027971744537354,3.5,3.5,-11.499999993179681,-1.6839789392428144,1.5707963268007166,0.849993689312168,-10.199999999722374,1.3959734819246512,-1.5707963267955392,0.8499787507448792,-6.49999999380593,-1.8100116718244605,1.5707963278190338,0.8499875546240165,-12.043995288432322,2.9999993230537965,-1.3269766984401892e-06,0.8499942674897876,-12.521628749057658,0.09358911468115752
4,C2,0,0.0,-13.002270576390032,1.6496463645797054e-09,-8.674634538156261e-10,0.009999965455367346,-6.808376857213498,-4.098770553786698,-1.7599853068014109,0.0,0.0,3.5,3.5,3.5,-11.499999993107508,-2.7999789397707313,1.5707963268007166,0.8499936875505069,-10.199999999642397,2.7999736381272675,-1.5707963267955392,0.8499785572662866,-6.499999993762959,-2.800012005985575,1.5707963278190338,0.8499878766679033,-12.7999952466487,2.999999334670308,-1.3269766984401892e-06,0.8499943007205861,-13.00125109005509,1.6943686604436733e-09
4,C2,1,1.1759999999999309,-13.002261458902774,1.6492709344777094e-09,-1.1055665788767479e-09,0.010000075201037285,-6.808376857213498,-4.098770553786698,-1.7599853068014109,0.0,0.0,3.5,3.5,3.5,-11.49999999306291,-2.7950189400969836,1.5707963268007166,0.8499936864621848,-10.199999999592627,2.793733735334341,-1.5707963267955392,0.8499784383094153,-6.499999993737506,-2.7956122080051298,1.5707963278190338,0.8499880801224347,-12.796635220964895,2.999999341886399,-1.3269766984401892e-06,0.8499943213991185,-13.00125109005509,1.6943686604436733e-09
4,C2,2,1.1759999999999309,-13.0020931330965,2.9084590226890193e-09,1.3127983244530214e-08,0.010000208104648757,-6.808376857213498,-4.098770553786698,-1.7599853068014109,0.0,0.0,3.5,3.5,3.5,-11.499999993062728,-2.7850989400983077,1.5707963268007166,0.8499936864577696,-10.199999999592423,2.7812537357297846,-1.5707963267955392,0.8499784378277275,-6.499999993737405,-2.786812208817698,1.5707963278190338,0.8499880809547024,-12.789915220860903,2.9999993419157343,-1.3269766984401892e-06,0.8499943214832376,-13.00125109005509,1.6943686604436733e-09
4,C2,3,1.1759999999999309,-13.001669644284268,5.940246834537312e-09,2.743040275897547e-08,0.010000361292296174,-6.808376857213498,-4.098770553786698,-1.7599853068014109,0.0,0.0,3.5,3.5,3.5,-11.499999993062548,-2.7751789400996323,1.5707963268007166,0.8499936864533546,-10.19999999959222,2.768773736125237,-1.5707963267955392,0.8499784373460469,-6.499999993737304,-2.77801220963021,1.5707963278190338,0.8499880817870253,-12.783195220756912,2.9999993419450703,-1.3269766984401892e-06,0.8499943215673587,-13.00125109005509,1.6943686604436733e-09
4,C2,4,1.2160000000000082,-13.000781460180288,1.1809072348853601e-08,4.5321101957350474e-08,0.010000575439505539,-6.808376857213498,-4.098770553786698,-1.7599853068014109,0.0,0.0,3.5,3.5,3.5,-11.499999993062321,-2.762778940101288,1.5707963268007166,0.8499936864478358,-10.199999999591968,2.753173736619565,-1.5707963267955392,0.8499784367439565,-6.499999993737177,-2.76701221064577,1.5707963278190338,0.849988082827507,-12.774795220626928,2.9999993419817406,-1.3269766984401892e-06,0.8499943216725125,-13.00125109005509,1.6943686604436733e-09
4,C2,5,1.2160000000000082,-13.000781460180288,1.1809072348853601e-08,4.5321101957350474e-08,0.010000575439505539,-6.808376857213442,-4.098770553786407,-1.7599853068009887,-7.416289804496046e-12,1.0547118733938987e-11,3.5,3.5,3.5,-11.499999993062321,-2.762778940101288,1.5707963268007166,0.8499936864478358,-10.199999999591968,2.753173736619565,-1.5707963267955392,0.8499784367439565,-6.499999993737177,-2.76701221064577,1.5707963278190338,0.849988082827507,-12.774795220626928,2.9999993419817406,-1.3269766984401892e-06,0.8499943216725125,-13.001251090055387,1.6943688304654512e-09
4,C2,6,1.2160000000000082,-12.999783854353876,1.7902729433832506e-08,5.964382068115978e-08,0.010000760799971113,-6.808376857213442,-4.098770553786407,-1.7599853068009887,-7.416289804496046e-12,1.0547118733938987e-11,3.5,3.5,3.5,-11.499999993062142,-2.752858940102612,1.5707963268007166,0.8499936864434207,-10.199999999591764,2.7406937370150377,-1.5707963267955392,0.8499784362622922,-6.499999993737074,-2.7582122114581544,1.5707963278190338,0.8499880836599547,-12.76807522052294,2.9999993420110775,-1.3269766984401892e-06,0.8499943217566377,-13.001251090055387,1.6943688304654512e-09
4,C2,7,1.2479999999999336,-12.999783854353876,1.7902729433832506e-08,5.964382068115978e-08,0.010000760799971113,-6.808376857213442,-4.098770553786407,-1.7599853068009887,-7.416289804496046e-12,1.0547118733938987e-11,3.5,3.5,3.5,-11.499999993062142,-2.752858940102612,1.5707963268007166,0.8499936864434207,-10.199999999591764,2.7406937370150377,-1.5707963267955392,0.8499784362622922,-6.499999993737074,-2.7582122114581544,1.5707963278190338,0.8499880836599547,-12.76807522052294,2.9999993420110775,-1.3269766984401892e-06,0.8499943217566377,-13.001251090055387,1.6943688304654512e-09
4,C2,8,1.2479999999999336,-12.998531085326007,2.5063170689308e-08,7.397558815066879e-08,0.010000955545468688,-6.808385884208929,-4.098817697325782,-1.7599853068003226,0.0011999999875556,1.6653345369377348e-11,3.5,3.5,3.5,-11.499999993061959,-2.7429389401039366,1.5707963268007166,0.8499936864390056,-10.199999999591562,2.728213737410519,-1.5707963267955392,0.8499784357806351,-6.4999999937369735,-2.7494122122704816,1.5707963278190338,0.8499880844924577,-12.761355220418954,2.999999342040415,-1.3269766984401892e-06,0.8499943218407647,-13.001203090055885,1.694192432733486e-09
4,C2,9,1.2479999999999336,-12.997424057680988,3.1066377292230965e-08,8.47303626434141e-08,0.010001106324037067,-6.808385884208929,-4.098817697325782,-1.7599853068003226,0.0011999999875556,1.6653345369377348e-11,3.5,3.5,3.5,-11.499999993061826,-2.7354989401049297,1.5707963268007166,0.8499936864356943,-10.19999999959141,2.7188537377071356,-1.5707963267955392,0.8499784354193972,-6.499999993736897,-2.74281221287969,1.5707963278190338,0.8499880851168713,-12.756315220340968,2.9999993420624183,-1.3269766984401892e-06,0.8499943219038613,-13.001203090055885,1.694192432733486e-09
4,C2,10,1.2759999999999536,-12.996173500700662,3.7580655578073785e-08,9.549024475555385e-08,0.010001260217620832,-6.808385884208929,-4.098817697325782,-1.7599853068003226,0.0011999999875556,1.6653345369377348e-11,3.5,3.5,3.5,-11.499999993061687,-2.728058940105923,1.5707963268007166,0.849993686432383,-10.19999999959126,2.7094937380037574,-1.5707963267955392,0.8499784350581633,-6.499999993736821,-2.7362122134888662,1.5707963278190338,0.849988085741316,-12.75127522026298,2.999999342084422,-1.3269766984401892e-06,0.8499943219669589,-13.001203090055885,1.694192432733486e-09
4,C2,11,1.2759999999999536,-12.996173500700662,3.7580655578073785e-08,9.549024475555385e-08,0.010001260217620832,-6.808461109171833,-4.099210560156677,-1.7599853067985463,0.011199999954047968,6.106226635438361e-11,3.5,3.5,3.5,-11.499999993061687,-2.728058940105923,1.5707963268007166,0.849993686432383,-10.19999999959126,2.7094937380037574,-1.5707963267955392,0.8499784350581633,-6.499999993736821,-2.7362122134888662,1.5707963278190338,0.849988085741316,-12.75127522026298,2.999999342084422,-1.3269766984401892e-06,0.8499943219669589,-13.000803090057206,1.6927329160625537e-09
4,C2,12,1.2759999999999536,-12.994282823520676,4.7045148753359285e-08,1.0984471310185539e-07,0.010001469105778165,-6.808461109171833,-4.099210560156677,-1.7599853067985463,0.011199999954047968,6.106226635438361e-11,3.5,3.5,3.5,-11.499999993061508,-2.7181389401072473,1.5707963268007166,0.849993686427968,-10.199999999591055,2.697013738399261,-1.5707963267955392,0.8499784345765243,-6.49999999373672,-2.7274122143010517,1.5707963278190338,0.8499880865739575,-12.744555220158999,2.9999993421137607,-1.3269766984401892e-06,0.8499943220510906,-13.000803090057206,1.6927329160625537e-09
4,C2,13,1.3120000000000118,-12.992136983040265,5.7420316590814734e-08,1.2420829511867292e-07,0.010001681149681122,-6.808461109171833,-4.099210560156677,-1.7599853067985463,0.011199999954047968,6.106226635438361e-11,3.5,3.5,3.5,-11.499999993061326,-2.708218940108572,1.5707963268007166,0.8499936864235529,-10.199999999590853,2.684533738794773,-1.5707963267955392,0.8499784340948928,-6.499999993736617,-2.7186122151131804,1.5707963278190338,0.8499880874066543,-12.73783522005502,2.9999993421431,-1.3269766984401892e-06,0.8499943221352241,-13.000803090057206,1.6927329160625537e-09
4,C2,14,1.4080000000000155,-12.97484663717927,1.4132558687392567e-07,2.069767898091323e-07,0.010002953117897435,-6.811771007548408,-4.116496524762807,-1.7599853067846463,0.1699999999338786,8.770761894538737e-11,3.5,3.5,3.5,-11.499999993060285,-2.651178940116187,1.5707963268007166,0.8499936863981663,-10.19999999958969,2.612773741069139,-1.5707963267955392,0.8499784313256518,-6.4999999937360355,-2.668012219781819,1.5707963278190338,0.8499880921957352,-12.69919521945717,2.9999993423118094,-1.3269766984401892e-06,0.8499943226190283,-12.983203090067782,1.6286736933060486e-09
4,C2,15,1.5,-12.948257753117046,3.1530846584207317e-07,2.6831198827510255e-07,0.010004587012647533,-6.818532227234456,-4.151807036113194,-1.7599853067748765,0.2987999999806146,2.609024107869118e-11,3.5,3.5,3.5,-11.4999999930592,-2.5916589401241334,1.5707963268007166,0.8499936863716759,-10.199999999588474,2.5378937434427025,-1.5707963267955392,0.8499784284362647,-6.499999993735428,-2.61521222465144,1.5707963278190338,0.8499880971949879,-12.658875218833384,2.999999342487872,-1.3269766984401892e-06,0.849994323123933,-12.94725109007517,1.4982387049750079e-09
4,C2,16,1.6039999999999281,-12.916983445796285,6.186856529903482e-07,2.701011220362164e-07,0.010156280606410452,-6.8241740994702065,-4.181271748527823,-1.7599853067748765,0.2999999999997449,0.0,3.5,3.5,3.5,-11.499999993057935,-2.5222189401334045,1.5707963268007166,0.8499936863407705,-10.199999999587055,2.4505337462122614,-1.5707963267955392,0.8499784250656433,-6.499999993734719,-2.5536122303300797,1.5707963278190338,0.8499881030299661,-12.611835218105709,2.9999993426933003,-1.3269766984401892e-06,0.849994323713073,-12.91725109007515,1.3894991424817649e-09
4,C2,17,1.7039999999999509,-12.892953251034616,8.609967351033447e-07,3.0640917688487386e-07,0.00999177107834617,-6.829815971705472,-4.210736460940062,-1.7599853067715012,0.2999999999399705,8.43769498715119e-11,3.5,3.5,3.5,-11.499999993056937,-2.4676589401406885,1.5707963268007166,0.8499936863164878,-10.199999999585941,2.381893748388647,-1.5707963267955392,0.8499784224175473,-6.499999993734163,-2.505212234789914,1.5707963278190338,0.8499881076164925,-12.574875217534021,2.9999993428547254,-1.3269766984401892e-06,0.8499943241760328,-12.887251090077566,1.2807865566732968e-09
4,C2,18,1.8039999999999736,-12.861714044744422,1.092920587598815e-06,3.0506711377217395e-07,0.009994787618379134,-6.8354578439411275,-4.240201173354759,-1.7599853067715012,0.3000000000006331,0.0,3.5,3.5,3.5,-11.499999993055763,-2.4031789401492976,1.5707963268007166,0.8499936862877898,-10.199999999584625,2.3007737509610835,-1.5707963267955392,0.8499784192882625,-6.499999993733505,-2.4480122400584094,1.5707963278190338,0.8499881130390882,-12.531195216858455,2.99999934304552,-1.3269766984401892e-06,0.8499943247232395,-12.857251090077495,1.1721523231200681e-09
4,C2,19,1.9039999999999964,-12.834103576734957,1.243514385666349e-06,3.041497372082673e-07,0.009997285191684328,-6.841099716176785,-4.269665885769459,-1.7599853067715012,0.3000000000006775,-5.551115123125783e-13,3.5,3.5,3.5,-11.49999999305472,-2.346138940156913,1.5707963268007166,0.8499936862624033,-10.199999999583461,2.229013753237011,-1.5707963267955392,0.8499784165203045,-6.499999993732926,-2.3974122447169988,1.5707963278190338,0.8499881178379454,-12.492555216260895,2.9999993432143164,-1.3269766984401892e-06,0.8499943252073726,-12.82725109007742,1.0635170105688374e-09
4,C2,20,2.004000000000019,-12.80052150778378,1.432880446595348e-06,3.03373662423012e-07,0.010000079316752116,-6.846741588412441,-4.299130598184156,-1.7599853067715012,0.3000000000006331,0.0,3.4777958393096924,3.5,3.5,-11.499999993053454,-2.2766989401661837,1.5707963268007166,0.849993686231498,-10.199999999582042,2.1416537560081,-1.5707963267955392,0.8499784131509406,-6.499999993732219,-2.3358122503857848,1.5707963278190338,0.8499881236824967,-12.445515215533506,2.99999934341983,-1.3269766984401892e-06,0.8499943257968349,-12.79725109007735,9.548827770156088e-10
4,C2,21,2.103999999999928,-12.77176369441316,1.664465793340869e-06,3.0300699322102156e-07,0.010002695325608402,-6.852383460648097,-4.328595310598855,-1.759985306771479,0.3000000000006775,5.551115123125783e-13,3.4777958393096924,3.5,3.5,-11.499999993052368,-2.2171789401741306,1.5707963268007166,0.8499936862050077,-10.199999999580823,2.066773758383663,-1.5707963267955392,0.8499784102631975,-6.499999993731615,-2.2830122552425243,1.5707963278190338,0.8499881286942645,-12.405195214910094,2.9999993435960044,-1.3269766984401892e-06,0.8499943263021609,-12.767251090077275,8.462488834681814e-10
4,C2,22,2.20799999999997,-12.742312171123764,1.9645984850405404e-06,3.0295599792796037e-07,0.010096066567612843,-6.858025332883739,-4.358060023013472,-1.7599853067715012,0.2999999999997449,0.0,3.428962230682373,3.5,3.5,-11.499999993051238,-2.155178940182408,1.5707963268007166,0.8499936861774137,-10.199999999579557,1.988773760858546,-1.5707963267955392,0.8499784072554097,-6.499999993730985,-2.2280122602994474,1.5707963278190338,0.8499881339169681,-12.363195214260768,2.9999993437795376,-1.3269766984401892e-06,0.8499943268286132,-12.737251090077287,7.376135674475037e-10
4,C2,23,2.3039999999999736,-12.71127811590271,2.2495172422944196e-06,3.090732830799936e-07,0.00999645993828384,-6.86366720511928,-4.387524735427647,-1.759985306770813,0.3000000000006331,0.0,3.428962230682373,3.5,3.5,-11.49999999305006,-2.090698940191017,1.5707963268007166,0.8499936861487158,-10.199999999578239,1.90765376343279,-1.5707963267955392,0.8499784041276115,-6.499999993730332,-2.1708122655562865,1.5707963278190338,0.8499881393508649,-12.319515213585538,2.999999343970433,-1.3269766984401892e-06,0.8499943273762007,-12.70725109007775,6.289936488323988e-10
4,C2,24,2.4080000000000155,-12.682456920844894,2.4368456752615065e-06,3.0800571765554806e-07,0.009998546089914347,-6.869309077354916,-4.416989447842347,-1.759985306770813,0.3000000000007219,0.0,3.353560447692871,3.5,3.5,-11.499999993048975,-2.0311789401989637,1.5707963268007166,0.8499936861222256,-10.199999999577022,1.832773765809346,-1.5707963267955392,0.8499784012406855,-6.499999993729728,-2.1180122704066155,1.5707963278190338,0.8499881443688367,-12.27919521296231,2.999999344146662,-1.3269766984401892e-06,0.8499943278817358,-12.67725109007768,5.203801417552611e-10
4,C2,25,2.5,-12.654859832688738,2.595526781861575e-06,3.0723797044084506e-07,0.010000465840715216,-6.874950949590549,-4.446454160257044,-1.759985306770813,0.3000000000006331,0.0,3.353560447692871,3.5,3.5,-11.499999993047936,-1.974138940206577,1.5707963268007166,0.849993686096839,-10.199999999575855,1.7610137680871767,-1.5707963267955392,0.8499783984742935,-6.49999999372915,-2.0674122750529214,1.5707963278190338,0.8499881491795876,-12.240555212365107,2.9999993443155653,-1.3269766984401892e-06,0.8499943283662696,-12.647251090077612,4.117677171455725e-10
4,C2,26,2.599999999999909,-12.62608710610351,2.7941194367641726e-06,3.0670469055735253e-07,0.010002540929642633,-6.880592821826182,-4.475918872671743,-1.759985306770835,0.3000000000006775,-5.551115123125783e-13,3.307987689971924,3.5,3.5,-11.499999993046849,-1.9146189402145184,1.5707963268007166,0.8499936860703489,-10.199999999574638,1.6861337704643546,-1.5707963267955392,0.8499783955878797,-6.499999993728549,-2.0146122798992296,1.5707963278190338,0.849988154201443,-12.200235211741996,2.999999344491829,-1.3269766984401892e-06,0.8499943288719358,-12.617251090077543,3.031564999034231e-10
4,C2,27,2.699999999999932,-12.595011466350927,3.0916987863657476e-06,3.0633221287775964e-07,0.010120055552149504,-6.886234694061807,-4.505383585086388,-1.759985306770813,0.2999999999997449,0.0,3.307987689971924,3.5,3.5,-11.499999993045675,-1.8501389402231216,1.5707963268007166,0.849993686041651,-10.19999999957332,1.6050137730399894,-1.5707963267955392,0.8499783924612266,-6.499999993727897,-1.9574122851470828,1.5707963278190338,0.8499881596440229,-12.156555211067026,2.999999344682802,-1.3269766984401892e-06,0.8499943294198162,-12.587251090077528,1.9454310384858786e-10
4,C2,28,2.7999999999999545,-12.562774644105815,3.405446668693377e-06,3.091196606305345e-07,0.009996269888886902,-6.891876566297377,-4.534848297500775,-1.7599853067704354,0.3000000000006331,0.0,3.237687587738037,3.4936535358428955,3.5,-11.499999993044453,-1.783178940232056,1.5707963268007166,0.8499936860118495,-10.19999999957195,1.5207737757150812,-1.5707963267955392,0.8499783892146426,-6.499999993727221,-1.8980122905942247,1.5707963278190338,0.8499881652983933,-12.11119521036617,2.9999993448811417,-1.3269766984401892e-06,0.8499943299888522,-12.557251090077779,8.593520339772454e-11
4,C2,29,2.8999999999999773,-12.532749453729148,3.622714084331135e-06,3.079754695438016e-07,0.00999841675889887,-6.897518438533,-4.564313009915474,-1.7599853067704576,0.3000000000006775,-5.551115123125783e-13,3.237687587738037,3.4936535358428955,3.5,-11.499999993043321,-1.7211789402403284,1.5707963268007166,0.8499936859842556,-10.199999999570682,1.4427737781923766,-1.5707963267955392,0.8499783862088417,-6.499999993726597,-1.8430122956355541,1.5707963278190338,0.8499881705361559,-12.069195209717295,2.99999934506481,-1.3269766984401892e-06,0.8499943305158127,-12.527251090077712,-2.2666438170837466e-11
4,C2,30,3.0,-12.505149999610673,3.795134997382967e-06,3.071822797029776e-07,0.010000351226558016,-6.903160310768623,-4.593777722330173,-1.7599853067704354,0.3000000000006331,0.0,3.202857732772827,3.407419443130493,3.5,-11.49999999304228,-1.6641389402479392,1.5707963268007166,0.8499936859588691,-10.199999999569515,1.3710137804717926,-1.5707963267955392,0.8499783834437556,-6.499999993726022,-1.792412300271606,1.5707963278190338,0.8499881753567943,-12.030555209120386,2.9999993452338014,-1.3269766984401892e-06,0.8499943310006804,-12.497251090077645,-1.3126805198382385e-10
4,C3,0,0.0,-13.002272963745584,1.6497103366828233e-09,-8.067682075564689e-10,0.009999943107894704,-6.9573222842350235,-4.876638961533977,-1.759985306796992,0.0,0.0,3.5,3.5,3.5,-11.499999992969345,-2.7999789407814335,1.5707963268007166,0.849993684179634,-10.199999999487346,2.7999739409540476,-1.5707963267955392,0.8499781902478929,-6.499999993686878,-2.800012620449636,1.5707963278190338,0.8499885177040282,-12.79999516742181,2.999999357118321,-1.3269766984401892e-06,0.8499943651362745,-13.001094527603573,1.6955148316416374e-09
4,C3,1,1.2440000000000282,-13.002146246070946,-2.9406851698638375e-08,-0.00011549952473901847,0.010000208645610534,-6.9573222842350235,-4.876638961533977,-1.759985306796992,0.0,0.0,3.5,3.5,3.5,-11.49999999292341,-2.7850989411174623,1.5707963268007166,0.8499936830593574,-10.199999999435235,2.781254042733015,-1.5707963267955392,0.8499780692121991,-6.499999993663408,-2.786812817178652,1.5707963278190338,0.8499887377266565,-12.789915141304492,2.999999364642143,-1.3269766984401892e-06,0.8499943867837755,-13.001094527603573,1.6955148316416374e-09
4,C3,2,1.2440000000000282,-13.002146246070946,-2.9406851698638375e-08,-0.00011549952473901847,0.010000208645610534,-6.9573222842350235,-4.876638961533977,-1.759985306796992,0.0,0.0,3.5,3.5,3.5,-11.49999999292341,-2.7850989411174623,1.5707963268007166,0.8499936830593574,-10.199999999435235,2.781254042733015,-1.5707963267955392,0.8499780692121991,-6.499999993663408,-2.786812817178652,1.5707963278190338,0.8499887377266565,-12.789915141304492,2.999999364642143,-1.3269766984401892e-06,0.8499943867837755,-13.001094527603573,1.6955148316416374e-09
4,C3,3,1.2440000000000282,-13.001745837043542,-2.644551267258809e-07,-0.0005390151259423184,0.01000036153808475,-6.9573222842350235,-4.876638961533977,-1.759985306796992,0.0,0.0,3.5,3.5,3.5,-11.49999999292323,-2.7751789411187873,1.5707963268007166,0.8499936830549425,-10.199999999435029,2.768774043135228,-1.5707963267955392,0.849978068736149,-6.499999993663317,-2.778012817946389,1.5707963278190338,0.849988738600451,-12.783195141201778,2.9999993646718557,-1.3269766984401892e-06,0.8499943868693203,-13.001094527603573,1.6955148316416374e-09
4,C3,4,1.2799999999999727,-13.001058592681957,-1.0562565479863461e-06,-0.0012706500592766733,0.010000531207818889,-6.9573222842350235,-4.876638961533977,-1.759985306796992,0.0,0.0,3.5,3.5,3.5,-11.499999992923048,-2.7652589411201123,1.5707963268007166,0.8499936830505277,-10.199999999434825,2.7562940435374492,-1.5707963267955392,0.8499780682601064,-6.499999993663227,-2.7692128187140668,1.5707963278190338,0.8499887394742978,-12.776475141099066,2.999999364701569,-1.3269766984401892e-06,0.849994386954867,-13.001094527603573,1.6955148316416374e-09
4,C3,5,1.2799999999999727,-13.000083301309825,-2.972578973209458e-06,-0.00231060022968888,0.01000071417435428,-6.9573222842349685,-4.876638961533689,-1.7599853067965703,-7.327471962526033e-12,1.0547118733938987e-11,3.5,3.5,3.5,-11.499999992922868,-2.7553389411214373,1.5707963268007166,0.8499936830461128,-10.199999999434617,2.74381404393968,-1.5707963267955392,0.849978067784071,-6.4999999936631365,-2.760412819481685,1.5707963278190338,0.8499887403481969,-12.769755140996354,2.999999364731282,-1.3269766984401892e-06,0.8499943870404155,-13.001094527603865,1.6955147974645113e-09
4,C3,6,1.2799999999999727,-13.000083301309825,-2.972578973209458e-06,-0.00231060022968888,0.01000071417435428,-6.9573222842349685,-4.876638961533689,-1.7599853067965703,-7.327471962526033e-12,1.0547118733938987e-11,3.5,3.5,3.5,-11.499999992922868,-2.7553389411214373,1.5707963268007166,0.8499936830461128,-10.199999999434617,2.74381404393968,-1.5707963267955392,0.849978067784071,-6.4999999936631365,-2.760412819481685,1.5707963278190338,0.8499887403481969,-12.769755140996354,2.999999364731282,-1.3269766984401892e-06,0.8499943870404155,-13.001094527603865,1.6955147974645113e-09
4,C3,7,1.316000000000031,-12.998819189811213,-6.79884969126895e-06,-0.0036591541991428515,0.010000907436042938,-6.9573222842349685,-4.876638961533689,-1.7599853067965703,-7.327471962526033e-12,1.0547118733938987e-11,3.5,3.5,3.5,-11.499999992922685,-2.7454189411227623,1.5707963268007166,0.849993683041698,-10.199999999434413,2.731334044341919,-1.5707963267955392,0.849978067308043,-6.499999993663045,-2.7516128202492434,1.5707963278190338,0.8499887412221484,-12.763035140893646,2.999999364760996,-1.3269766984401892e-06,0.8499943871259659,-13.001094527603865,1.6955147974645113e-09
4,C3,8,1.316000000000031,-12.997300658354515,-1.3537616501098738e-05,-0.005312869872082021,0.010001108181151921,-6.957331355226254,-4.876686096622672,-1.7615853067340883,0.0011999999861345145,-0.03999999843795621,3.5,3.5,3.5,-11.499999992922506,-2.7354989411240878,1.5707963268007166,0.8499936830372832,-10.199999999434205,2.7188540447441665,-1.5707963267955392,0.8499780668320224,-6.499999993662955,-2.7428128210167424,1.5707963278190338,0.8499887420961522,-12.756315140790937,2.9999993647907104,-1.3269766984401892e-06,0.8499943872115181,-13.001046527630018,-4.310463910047087e-08
4,C3,9,1.316000000000031,-12.997300658354515,-1.3537616501098738e-05,-0.005312869872082021,0.010001108181151921,-6.957331355226254,-4.876686096622672,-1.7615853067340883,0.0011999999861345145,-0.03999999843795621,3.5,3.5,3.5,-11.499999992922506,-2.7354989411240878,1.5707963268007166,0.8499936830372832,-10.199999999434205,2.7188540447441665,-1.5707963267955392,0.8499780668320224,-6.499999993662955,-2.7428128210167424,1.5707963278190338,0.8499887420961522,-12.756315140790937,2.9999993647907104,-1.3269766984401892e-06,0.8499943872115181,-13.001046527630018,-4.310463910047087e-08
4,C3,10,1.3479999999999563,-12.99554851682766,-2.4402657541188485e-05,-0.007269940254846043,0.010001314254286204,-6.957331355226254,-4.876686096622672,-1.7615853067340883,0.0011999999861345145,-0.03999999843795621,3.5,3.5,3.5,-11.499999992922323,-2.7255789411254128,1.5707963268007166,0.8499936830328683,-10.199999999433999,2.706374045146423,-1.5707963267955392,0.8499780663560093,-6.499999993662864,-2.7340128217841815,1.5707963278190338,0.8499887429702083,-12.749595140688232,2.9999993648204253,-1.3269766984401892e-06,0.8499943872970721,-13.001046527630018,-4.310463910047087e-08
4,C3,11,1.3479999999999563,-12.993562824354205,-4.0821352388151897e-05,-0.009530979804203641,0.010001524152775132,-6.957564662045812,-4.877863195325416,-1.7695853064255653,0.029999999926078047,-0.19999999228692555,3.5,3.5,3.5,-11.499999992922143,-2.715658941126738,1.5707963268007166,0.8499936830284535,-10.199999999433793,2.693894045548688,-1.5707963267955392,0.8499780658800034,-6.499999993662774,-2.7252128225515615,1.5707963278190338,0.8499887438443167,-12.742875140585527,2.9999993648501406,-1.3269766984401892e-06,0.849994387382628,-12.999846555562458,-7.819037189913828e-06
4,C3,12,1.3479999999999563,-12.991343657820963,-6.44365280538298e-05,-0.012096738589793692,0.010001736828255246,-6.957564662045812,-4.877863195325416,-1.7695853064255653,0.029999999926078047,-0.19999999228692555,3.5,3.5,3.5,-11.49999999292196,-2.705738941128063,1.5707963268007166,0.8499936830240385,-10.199999999433587,2.6814140459509623,-1.5707963267955392,0.8499780654040049,-6.4999999936626836,-2.7164128233188816,1.5707963278190338,0.8499887447184774,-12.736155140482825,2.9999993648798564,-1.3269766984401892e-06,0.8499943874681858,-12.999846555562458,-7.819037189913828e-06
4,C3,13,1.3880000000000337,-12.988241526910809,-0.00010692827082445842,-0.015733811067743037,0.010002005716934527,-6.957564662045812,-4.877863195325416,-1.7695853064255653,0.029999999926078047,-0.19999999228692555,3.5,3.5,3.5,-11.499999992921737,-2.6933389411297193,1.5707963268007166,0.8499936830185201,-10.19999999943333,2.665814046453817,-1.5707963267955392,0.8499780648090172,-6.49999999366257,-2.7054128242779476,1.5707963278190338,0.849988745811252,-12.72775514035445,2.9999993649170023,-1.3269766984401892e-06,0.8499943875751355,-12.999846555562458,-7.819037189913828e-06
4,C3,14,1.41599999999994,-12.986203322605984,-0.00014093809969419844,-0.01811844607758752,0.010002168605744464,-6.958129620333371,-4.880605599639054,-1.7775853061184856,0.06999999992967076,-0.1999999923230078,3.5,3.5,3.5,-11.4999999929216,-2.6858989411307133,1.5707963268007166,0.849993683015209,-10.199999999433174,2.6564540467555364,-1.5707963267955392,0.8499780644520302,-6.499999993662502,-2.6988128248533427,1.5707963278190338,0.8499887464669558,-12.722715140277424,2.9999993649392898,-1.3269766984401892e-06,0.8499943876393067,-12.997046836332496,-4.695367056729621e-05
4,C3,15,1.5080000000000382,-12.963652523948024,-0.0007855756395600167,-0.03811828840483618,0.010003632377024896,-6.9642057544214975,-4.907117146508476,-1.8095853055095823,0.22999999993378317,-0.19999999992081907,3.5,3.5,3.5,-11.499999992920468,-2.6238989411389952,1.5707963268007166,0.8499936829876161,-10.199999999431887,2.578454049270056,-1.5707963267955392,0.8499780614772992,-6.499999993661936,-2.6438128296469983,1.5707963278190338,0.849988751932299,-12.680715139635593,2.999999365125031,-1.3269766984401892e-06,0.8499943881741071,-12.969865640456321,-0.00102884654024486
4,C3,16,1.6040000000000418,-12.935096603134657,-0.0021444639788572124,-0.05731810460908748,0.010005597359369647,-6.9728403758998665,-4.940778524669153,-1.8335853055062539,0.300000000000189,-0.20000000001019203,3.5,3.5,3.5,-11.499999992919381,-2.5643789411469458,1.5707963268007166,0.8499936829611271,-10.199999999430652,2.503574051684315,-1.5707963267955392,0.8499780586218286,-6.499999993661394,-2.5910128342467162,1.5707963278190338,0.8499887571809495,-12.640395139019496,2.9999993653033603,-1.3269766984401892e-06,0.8499943886875829,-12.935181031858084,-0.0031789614529402054
4,C3,17,1.7000000000000455,-12.90953265143299,-0.003787715258176315,-0.07650112157489929,0.010123722538969615,-6.980922791161736,-4.969668740382016,-1.8535853055061848,0.300000000000189,-0.1999999999990898,3.5,3.5,3.5,-11.499999992918296,-2.5048589411548967,1.5707963268007166,0.8499936829346381,-10.199999999429414,2.4286940540988886,-1.5707963267955392,0.8499780557666238,-6.499999993660852,-2.538212838844287,1.5707963278190338,0.8499887624314809,-12.600075138403458,2.9999993654817074,-1.3269766984401892e-06,0.849994389201125,-12.905286303472048,-0.005683999401980829
4,C3,18,1.7999999999999545,-12.881984816474782,-0.006020116187258572,-0.09569407501291854,0.00999383940584497,-6.989581355788416,-4.998391540713124,-1.8735853055031184,0.300000000000189,-0.20000000001019203,3.5,3.5,3.5,-11.499999992917209,-2.4453389411628472,1.5707963268007166,0.849993682908149,-10.19999999942818,2.353814056513776,-1.5707963267955392,0.8499780529116846,-6.4999999936603094,-2.48541284343971,1.5707963278190338,0.8499887676838925,-12.559755137787482,2.9999993656600714,-1.3269766984401892e-06,0.8499943897147333,-12.875447651253802,-0.008786391068701091
4,C3,19,1.8999999999999773,-12.848346528142926,-0.009619650768207394,-0.11809372655246393,0.00999678668457501,-6.9988126064709455,-5.026935436929961,-1.8935853055041598,0.300000000000189,-0.20000000001019203,3.5,3.5,3.5,-11.499999992915942,-2.375898941172123,1.5707963268007166,0.8499936828772452,-10.199999999426735,2.266454059331542,-1.5707963267955392,0.8499780495812581,-6.499999993659679,-2.4238128487983204,1.5707963278190338,0.8499887738140811,-12.512715137068918,2.9999993658681854,-1.3269766984401892e-06,0.8499943903140265,-12.845677010261555,-0.012484895538342113
4,C3,20,2.004000000000019,-12.820805888961738,-0.013135722117267858,-0.13649354266469693,0.00999901583710611,-7.008612850831479,-5.0552890118522695,-1.9135853055052232,0.3000000000002334,-0.20000000001074714,3.4959044456481934,3.5,3.5,-11.499999992914901,-2.3188589411797427,1.5707963268007166,0.8499936828518598,-10.19999999942555,2.194694061646455,-1.5707963267955392,0.8499780468458212,-6.499999993659161,-2.373212853197847,1.5707963278190338,0.8499887788515057,-12.474075136478731,2.999999366039154,-1.3269766984401892e-06,0.8499943908063704,-12.815986288357195,-0.016778033458228404
4,C3,21,2.1000000000000227,-12.790974973576484,-0.017528331236358614,-0.15649334404988305,0.01000138245425313,-7.01897816890294,-5.083440924428124,-1.9335853055062429,0.300000000000189,-0.20000000001019203,3.4959044456481934,3.5,3.5,-11.49999999291377,-2.256858941188025,1.5707963268007166,0.8499936828242671,-10.199999999424262,2.1166940641629926,-1.5707963267955392,0.8499780438727973,-6.4999999936586,-2.318212857977702,1.5707963278190338,0.8499887843289228,-12.432075135837286,2.999999366225007,-1.3269766984401892e-06,0.8499943913415957,-12.786387361433617,-0.021664087630432087
4,C3,22,2.203999999999951,-12.76256666611767,-0.022167306560948497,-0.17570173553926363,0.010097774770067711,-7.0299044146963,-5.11137991426785,-1.9535853055068622,0.3000000000001446,-0.1999999999996449,3.5,3.449667453765869,3.5,-11.499999992912683,-2.197338941195976,1.5707963268007166,0.8499936827977782,-10.199999999423024,2.041814066579189,-1.5707963267955392,0.8499780410189657,-6.49999999365806,-2.2654128625641663,1.5707963278190338,0.8499887895891587,-12.39175513522156,2.9999993664034443,-1.3269766984401892e-06,0.8499943918554795,-12.756892068666936,-0.027141103698427857
4,C3,23,2.3039999999999736,-12.729815390668794,-0.027684076533918796,-0.19812862046067573,0.010001743055294101,-7.041387217858709,-5.139094806147546,-1.973585305509902,0.2999999999871328,-0.20000000007791563,3.5,3.449667453765869,3.5,-11.499999992911418,-2.127898941205252,1.5707963268007166,0.8499936827668744,-10.199999999421584,1.954454069398482,-1.5707963267955392,0.8499780376898315,-6.499999993657431,-2.2038128679123217,1.5707963278190338,0.8499887957284711,-12.34471513450329,2.999999366611643,-1.3269766984401892e-06,0.8499943924550942,-12.72751220778151,-0.03320689092869633
4,C3,24,2.4039999999999964,-12.703793456807565,-0.033139709392236365,-0.21572817278537745,0.01000241192245538,-7.0534219854224744,-5.166574514480918,-1.9935853055109212,0.300000000000189,-0.20000000001019203,3.5,3.400683879852295,3.5,-11.49999999291042,-2.0733389412125405,1.5707963268007166,0.8499936827425928,-10.199999999420447,1.8858140716139404,-1.5707963267955392,0.8499780350743371,-6.499999993656937,-2.1554128721123877,1.5707963278190338,0.8499888005540064,-12.307755133938992,2.9999993667752443,-1.3269766984401892e-06,0.8499943929262832,-12.698259530328963,-0.03985902308750669
4,C3,25,2.504000000000019,-12.674369380806315,-0.03988755528000858,-0.2357278976134402,0.010003460496062174,-7.066003903640779,-5.193808047750569,-2.0135853055119624,0.3000000000002334,-0.20000000001074714,3.5,3.400683879852295,3.5,-11.499999992909288,-2.011338941220823,1.5707963268007166,0.8499936827150002,-10.199999999419159,1.807814074131827,-1.5707963267955392,0.8499780321024557,-6.499999993656378,-2.100412876882994,1.5707963278190338,0.8499888060394805,-12.265755133297805,2.9999993669611724,-1.3269766984401892e-06,0.8499943934617926,-12.669145736990739,-0.04709483941052732
4,C3,26,2.6000000000000227,-12.641613165888268,-0.04813447287347773,-0.25812770240654986,0.010004919353272693,-7.079127939914088,-5.220784512906293,-2.033585305513004,0.3000000000001446,-0.20000000001074714,3.5,3.3586740493774414,3.5,-11.499999992908021,-1.9418989412300933,1.5707963268007166,0.8499936826840964,-10.199999999417713,1.720454076952264,-1.5707963267955392,0.8499780287742912,-6.49999999365575,-2.0388128822232976,1.5707963278190338,0.8499888121856239,-12.218715132579755,2.9999993671694347,-1.3269766984401892e-06,0.8499943940616483,-12.640182472896003,-0.05491144566770094
4,C3,27,2.70799999999997,-12.613722326798992,-0.055642184934702986,-0.27733782797683987,0.01008936323555966,-7.092788844802875,-5.247493119721716,-2.0535853055137125,0.3000000000002334,-0.20000000000186535,3.5,3.3586740493774414,3.5,-11.499999992906934,-1.8823789412380392,1.5707963268007166,0.8499936826576074,-10.199999999416475,1.645574079370122,-1.5707963267955392,0.849978025921867,-6.499999993655216,-1.9860128867983668,1.5707963278190338,0.8499888174557747,-12.178395131964347,2.9999993673479644,-1.3269766984401892e-06,0.849994394575882,-12.611381322964215,-0.06330571532074407
4,C3,28,2.7999999999999545,-12.586017050861454,-0.06319377004520758,-0.2965649697739538,0.010006497872969788,-7.106981154127188,-5.273923185109972,-2.0735853055161306,0.2999999999932612,-0.2000000000623725,3.5,3.285891056060791,3.5,-11.499999992905849,-1.822858941245985,1.5707963268007166,0.8499936826311185,-10.199999999415237,1.5706940817882935,-1.5707963267955392,0.8499780230697088,-6.499999993654679,-1.9332128913712843,1.5707963278190338,0.8499888227277964,-12.138075131349,2.9999993675265113,-1.3269766984401892e-06,0.8499943950901817,-12.582753807271608,-0.07227429077362485
4,C3,29,2.8999999999999773,-12.554921740366936,-0.07305573228177854,-0.31816514565939624,0.010005195463597858,-7.121699191152855,-5.300064137397804,-2.0935853055175495,0.3000000000005887,-0.20000000001518803,3.5,3.285891056060791,3.5,-11.499999992904627,-1.755898941254924,1.5707963268007166,0.8499936826013185,-10.199999999413844,1.4864540845091117,-1.5707963267955392,0.849978019861349,-6.499999993654077,-1.8738128965132383,1.5707963278190338,0.849988828661056,-12.092715130656808,2.9999993677273973,-1.3269766984401892e-06,0.8499943956688479,-12.554311376442211,-0.08181358471597285
4,C3,30,3.0,-12.52749057148822,-0.0823746970541002,-0.3373650194859723,0.010005808867440581,-7.136937068861101,-5.325905520552537,-2.113585305518613,0.3000000000001446,-0.20000000001074714,3.5,3.2617695331573486,3.5,-11.49999999290354,-1.6963789412628698,1.5707963268007166,0.8499936825748297,-10.199999999412606,1.41157408692795,-1.5707963267955392,0.8499780170097564,-6.4999999936535415,-1.8210129010815717,1.5707963278190338,0.8499888339370504,-12.052395130041589,2.999999367905981,-1.3269766984401892e-06,0.8499943961832882,-12.526065407069458,-0.09191978155725726
4,C4,0,0.0,-13.001955667139812,1.568417964748994e-09,-4.378183166103315e-09,0.010137181978075664,-7.322165138348769,-5.571805004669307,-2.319185306832057,9.769962616701378e-13,0.0,3.5,3.5,3.5,-11.499999992836903,-2.799978941750281,1.5707963268007166,0.8499936809501965,-10.19999999933634,2.7999742358820625,-1.5707963267955392,0.8499778426222288,-6.499999993621717,-2.8000131771176195,1.5707963278190338,0.8499891610683102,-12.800002921164756,2.999998908576099,-1.4151774183152738e-06,0.8499936233232044,-13.001036029701613,1.5977996613699554e-09
4,C4,1,1.1600000000000819,-13.001979993293052,1.5666036236771002e-09,-4.452760562971316e-09,0.010166298163530495,-7.322165138348769,-5.571805004669307,-2.319185306832057,9.769962616701378e-13,0.0,3.5,3.5,3.5,-11.499999992793256,-2.7925389420695867,1.5707963268007166,0.8499936798862591,-10.19999999933634,2.7999742358820625,-1.5707963267955392,0.8499778426222288,-6.499999993601935,-2.793413353408038,1.5707963278190338,0.8499893790131123,-12.794962880039265,2.99999890590214,-1.4151774183154828e-06,0.8499936051004453,-13.001036029701613,1.5977996613699554e-09
4,C4,2,1.1600000000000819,-13.001979993293052,1.5666036236771002e-09,-4.452760562971316e-09,0.010166298163530495,-7.322165138348782,-5.57180500466932,-2.319185306832057,8.881784197001252e-13,0.0,3.5,3.5,3.5,-11.499999992793256,-2.7925389420695867,1.5707963268007166,0.8499936798862591,-10.19999999933634,2.7999742358820625,-1.5707963267955392,0.8499778426222288,-6.499999993601935,-2.793413353408038,1.5707963278190338,0.8499893790131123,-12.794962880039265,2.99999890590214,-1.4151774183154828e-06,0.8499936051004453,-13.001036029701595,1.5977989642349823e-09
4,C4,3,1.1600000000000819,-13.002017094973214,1.5506934794098264e-09,-5.0870820264890785e-09,0.010187917092270626,-7.322165138348782,-5.57180500466932,-2.319185306832057,8.881784197001252e-13,0.0,3.5,3.5,3.5,-11.499999992793073,-2.782618942070912,1.5707963268007166,0.8499936798818445,-10.19999999933634,2.7999742358820625,-1.5707963267955392,0.8499778426222288,-6.499999993601854,-2.7846133541320564,1.5707963278190338,0.8499893799234609,-12.788242879868376,2.9999989058911694,-1.4151774183154836e-06,0.8499936050253631,-13.001036029701595,1.5977989642349823e-09
4,C4,4,1.1880000000001019,-13.00205952344889,1.517799796746333e-09,-6.395980193637217e-09,0.01018988573132948,-7.322165138348782,-5.57180500466932,-2.319185306832057,8.881784197001252e-13,0.0,3.5,3.5,3.5,-11.499999992792894,-2.772698942072238,1.5707963268007166,0.8499936798774298,-10.19999999933634,2.7999742358820625,-1.5707963267955392,0.8499778426222288,-6.499999993601774,-2.7758133548560124,1.5707963278190338,0.8499893808338589,-12.781522879697485,2.9999989058801995,-1.4151774183154845e-06,0.8499936049502853,-13.001036029701595,1.5977989642349823e-09
4,C4,5,1.1880000000001019,-13.00205952344889,1.517799796746333e-09,-6.395980193637217e-09,0.01018988573132948,-7.3221651383487965,-5.571805004669335,-2.319185306832035,9.325873406851315e-13,5.551115123125783e-13,3.5,3.5,3.5,-11.499999992792894,-2.772698942072238,1.5707963268007166,0.8499936798774298,-10.19999999933634,2.7999742358820625,-1.5707963267955392,0.8499778426222288,-6.499999993601774,-2.7758133548560124,1.5707963278190338,0.8499893808338589,-12.781522879697485,2.9999989058801995,-1.4151774183154845e-06,0.8499936049502853,-13.001036029701574,1.5977982206243445e-09
4,C4,6,1.1880000000001019,-13.002107278037126,1.4679301956730827e-09,-8.379457152671652e-09,0.010172204889487217,-7.3221651383487965,-5.571805004669335,-2.319185306832035,9.325873406851315e-13,5.551115123125783e-13,3.5,3.5,3.5,-11.499999992792711,-2.762778942073564,1.5707963268007166,0.8499936798730152,-10.19999999933634,2.7999742358820625,-1.5707963267955392,0.8499778426222288,-6.499999993601692,-2.767013355579907,1.5707963278190338,0.8499893817443063,-12.774802879526591,2.999998905869231,-1.4151774183154853e-06,0.8499936048752119,-13.001036029701574,1.5977982206243445e-09
4,C4,7,1.2200000000000273,-13.00216036310781,1.4010955094568706e-09,-1.1037513477633886e-08,0.010134872163840729,-7.3221651383487965,-5.571805004669335,-2.319185306832035,9.325873406851315e-13,5.551115123125783e-13,3.5,3.5,3.5,-11.499999992792532,-2.75285894207489,1.5707963268007166,0.8499936798686005,-10.19999999933634,2.7999742358820625,-1.5707963267955392,0.8499778426222288,-6.499999993601613,-2.758213356303739,1.5707963278190338,0.849989382654803,-12.768082879355696,2.9999989058582632,-1.4151774183154862e-06,0.8499936048001429,-13.001036029701574,1.5977982206243445e-09
4,C4,8,1.2200000000000273,-13.00216036310781,1.4010955094568706e-09,-1.1037513477633886e-08,0.010134872163840729,-7.3221651383487965,-5.571805004669335,-2.319185306832035,0.0,0.0,3.5,3.5,3.5,-11.499999992792532,-2.75285894207489,1.5707963268007166,0.8499936798686005,-10.19999999933634,2.7999742358820625,-1.5707963267955392,0.8499778426222288,-6.499999993601613,-2.758213356303739,1.5707963278190338,0.849989382654803,-12.768082879355696,2.9999989058582632,-1.4151774183154862e-06,0.8499936048001429,-13.001036029701574,1.5977982206243445e-09
4,C4,9,1.2200000000000273,-13.002218788080983,1.3173101745520001e-09,-1.437015021884992e-08,0.010077881957264057,-7.3221651383487965,-5.571805004669335,-2.319185306832035,0.0,0.0,3.5,3.5,3.5,-11.499999992792349,-2.7429389420762154,1.5707963268007166,0.849993679864186,-10.19999999933634,2.7999742358820625,-1.5707963267955392,0.8499778426222288,-6.4999999936015325,-2.749413357027509,1.5707963278190338,0.8499893835653489,-12.7613628791848,2.999998905847297,-1.4151774183154872e-06,0.8499936047250782,-13.001036029701574,1.5977982206243445e-09
4,C4,10,1.2520000000000664,-13.002282567421155,1.2165917935123312e-09,-1.8377372199403936e-08,0.010001225515907767,-7.3221651383487965,-5.571805004669335,-2.319185306832035,0.0,0.0,3.5,3.5,3.5,-11.49999999279217,-2.7330189420775413,1.5707963268007166,0.8499936798597713,-10.19999999933634,2.7999742358820625,-1.5707963267955392,0.8499778426222288,-6.4999999936014525,-2.7406133577512173,1.5707963278190338,0.8499893844759443,-12.7546428790139,2.9999989058363314,-1.415177418315488e-06,0.8499936046500179,-13.001036029701574,1.5977982206243445e-09
4,C4,11,1.2520000000000664,-13.002282567421155,1.2165917935123312e-09,-1.8377372199403936e-08,0.010001225515907767,-7.322329337158822,-5.5719800432624575,-2.3271853068304442,0.005999999997907679,-0.199999999960232,3.5,3.5,3.5,-11.49999999279217,-2.7330189420775413,1.5707963268007166,0.8499936798597713,-10.19999999933634,2.7999742358820625,-1.5707963267955392,0.8499778426222288,-6.4999999936014525,-2.7406133577512173,1.5707963278190338,0.8499893844759443,-12.7546428790139,2.9999989058363314,-1.415177418315488e-06,0.8499936046500179,-13.00079603328565,-1.2143954496542022e-06
4,C4,12,1.2520000000000664,-13.001490084129522,8.049589041448352e-09,-2.273421615116053e-05,0.01000125369746571,-7.322329337158822,-5.5719800432624575,-2.3271853068304442,0.005999999997907679,-0.199999999960232,3.5,3.5,3.5,-11.499999992792032,-2.7255789420785357,1.5707963268007166,0.8499936798564602,-10.19999999933634,2.7999742358820625,-1.5707963267955392,0.8499778426222288,-6.499999993601392,-2.7340133582939576,1.5707963278190338,0.8499893851589232,-12.749602878885725,2.999998905828108,-1.4151774183154885e-06,0.8499936045937256,-13.00079603328565,-1.2143954496542022e-06
4,C4,13,1.3079999999999927,-12.99825401180257,-1.7479764660233303e-06,-0.0008836787499634013,0.010001412477722705,-7.3245027696950045,-5.5742183853153255,-2.3511853068304456,0.061999999995876465,-0.40000000000040004,3.5,3.5,3.5,-11.49999999279167,-2.705738942081187,1.5707963268007166,0.849993679847631,-10.19999999933634,2.7999742358820625,-1.5707963267955392,0.8499778426222288,-6.499999993601232,-2.7164133597410944,1.5707963278190338,0.8499893869803359,-12.736162878543917,2.9999989058061813,-1.4151774183154904e-06,0.8499936044436249,-12.997676875478204,-7.077521217897201e-05
4,C4,14,1.4080000000000155,-12.981614315544748,-0.00011000744309778651,-0.010876178431497097,0.01000230653686049,-7.3399530485052855,-5.5888477156453265,-2.4071853059552466,0.20199999992525086,-0.3999999922560393,3.5,3.5,3.5,-11.499999992790583,-2.646218942089142,1.5707963268007166,0.8499936798211432,-10.19999999933634,2.7999742358820625,-1.5707963267955392,0.8499778426222288,-6.499999993600751,-2.6636133640810145,1.5707963278190338,0.8499893924457576,-12.695842877518446,2.9999989057404264,-1.4151774183154953e-06,0.8499936039934282,-12.976443423281209,-0.00143786299928075
4,C4,15,1.5,-12.956081679354359,-0.0006596799218256038,-0.03095837138947277,0.010003441097914638,-7.364964518323039,-5.610308978954673,-2.4551853050336763,0.29999999996963567,-0.3999999925741182,3.5,3.5,3.5,-11.499999992789542,-2.589178942096765,1.5707963268007166,0.849993679795759,-10.19999999933634,2.7999742358820625,-1.5707963267955392,0.8499778426222288,-6.49999999360029,-2.6130133682380063,1.5707963278190338,0.8499893976851187,-12.657202876535637,2.999998905677446,-1.4151774183155006e-06,0.849993603562138,-12.943697626363821,-0.005162407202619589
4,C4,16,1.6000000000000227,-12.922860183747224,-0.0022339107031263883,-0.0670315730127692,0.010005129580940169,-7.388544373918412,-5.628852722280636,-2.495185304317156,0.3000000000056069,-0.3999999927428721,3.5,3.5,3.5,-11.49999999278832,-2.522218942105714,1.5707963268007166,0.8499936797659602,-10.19999999933634,2.7999742358820625,-1.5707963267955392,0.8499778426222288,-6.499999993599751,-2.5536133731153323,1.5707963278190338,0.8499894038377518,-12.61184287538182,2.9999989056035563,-1.4151774183155065e-06,0.8499936030560262,-12.91406390234193,-0.009823137513665425
4,C4,17,1.7000000000000455,-12.897062461504404,-0.004444208088953355,-0.1038032583363628,0.010110562908285131,-7.4128469200857685,-5.646438689873725,-2.535185304276562,0.2999999999997449,-0.39999999999706937,3.5,3.5,3.5,-11.499999992787277,-2.4651789421133374,1.5707963268007166,0.849993679740576,-10.19999999933634,2.7999742358820625,-1.5707963267955392,0.8499778426222288,-6.499999993599291,-2.503013377267858,1.5707963278190338,0.8499894090806533,-12.573202874398868,2.99999890554065,-1.4151774183155114e-06,0.8499936026250519,-12.884640261638713,-0.015665172618798302
4,C4,18,1.8040000000000873,-12.86507113015287,-0.008265446414047943,-0.14853789675490472,0.010006182417921294,-7.437833277941392,-5.6630387479268505,-2.575185304274803,0.3000000000006331,-0.40000000002038405,3.5,3.5,3.5,-11.499999992786009,-2.395738942122618,1.5707963268007166,0.8499936797096735,-10.19999999933634,2.7999742358820625,-1.5707963267955392,0.8499778426222288,-6.499999993598733,-2.441413382320332,1.5707963278190338,0.8499894154655125,-12.526162873202141,2.999998905464115,-1.4151774183155175e-06,0.8499936021005834,-12.85547377580621,-0.022679166519482152
4,C4,19,1.900000000000091,-12.83632102797083,-0.013118047249748651,-0.18693741018444876,0.010006324272986174,-7.463463474646865,-5.67862633989106,-2.6151853042768862,0.3000000000006775,-0.40000000002093916,3.5,3.5,3.5,-11.499999992784922,-2.336218942130573,1.5707963268007166,0.8499936796831858,-10.19999999933634,2.7999742358820625,-1.5707963267955392,0.8499778426222288,-6.499999993598253,-2.3886133866485992,1.5707963278190338,0.8499894209401675,-12.485842872176297,2.999998905398553,-1.4151774183155226e-06,0.8499936016512104,-12.826611104995138,-0.030853898322766415
4,C4,20,2.004000000000019,-12.80425624700749,-0.019885573655103038,-0.2301369279290778,0.010007015521192883,-7.489696507352965,-5.693176528942906,-2.655185304278947,0.3000000000006775,-0.40000000002093916,3.5,3.4967875480651855,3.5,-11.4999999927837,-2.269258942139522,1.5707963268007166,0.849993679653387,-10.19999999933634,2.7999742358820625,-1.5707963267955392,0.8499778426222288,-6.499999993597717,-2.329213391515222,1.5707963278190338,0.8499894271012699,-12.440482871022137,2.9999989053248406,-1.4151774183155285e-06,0.8499936011458549,-12.798098423324184,-0.040176290201174206
4,C4,21,2.1000000000000227,-12.776165021590854,-0.02679490143771068,-0.26855152478170347,0.010076225926496494,-7.516490408803417,-5.706666037883769,-2.6951853042803635,0.3000000000000558,-0.4000000000042858,3.5,3.4967875480651855,3.5,-11.499999992782612,-2.209738942147477,1.5707963268007166,0.8499936796268993,-10.19999999933634,2.7999742358820625,-1.5707963267955392,0.8499778426222288,-6.499999993597239,-2.2764133958387287,1.5707963278190338,0.8499894325796848,-12.400162869996143,2.999998905259358,-1.4151774183155338e-06,0.8499936006968181,-12.769981345001666,-0.05063142831635764
4,C4,22,2.2040000000000646,-12.744951290517198,-0.03539602444983168,-0.31178020198179196,0.010004674909335182,-7.543802314471135,-5.719073286376721,-2.73518530428631,0.2999999999872216,-0.4000000001525006,3.5,3.4477007389068604,3.5,-11.49999999278139,-2.142778942156426,1.5707963268007166,0.8499936795971006,-10.19999999933634,2.7999742358820625,-1.5707963267955392,0.8499778426222288,-6.4999999935967026,-2.2170134006999946,1.5707963278190338,0.8499894387450149,-12.35480286884181,2.999998905185734,-1.4151774183155395e-06,0.8499936001918408,-12.742304851355415,-0.062202586677440455
4,C4,23,2.300000000000068,-12.719657376457262,-0.04402797503084906,-0.3469798559956034,0.010005140017873244,-7.571588531134361,-5.73037842547131,-2.7751853042883927,0.3000000000006775,-0.40000000002093916,3.5,3.4477007389068604,3.5,-11.499999992780396,-2.0882189421637185,1.5707963268007166,0.8499936795728201,-10.19999999933634,2.7999742358820625,-1.5707963267955392,0.8499778426222288,-6.4999999935962665,-2.1686134046589283,1.5707963278190338,0.8499894437702706,-12.317842867901177,2.999998905125779,-1.4151774183155444e-06,0.8499935997805258,-12.715113218870236,-0.0748712538999484
4,C4,24,2.4039999999999964,-12.689081213239461,-0.05581953853506531,-0.39017953664794014,0.010006183089370188,-7.599804606773264,-5.740563369356452,-2.8151853042904533,0.3000000000006775,-0.40000000002093916,3.5,3.3882267475128174,3.5,-11.499999992779172,-2.021258942172668,1.5707963268007166,0.8499936795430214,-10.19999999933634,2.7999742358820625,-1.5707963267955392,0.8499778426222288,-6.499999993595732,-2.109213409515044,1.5707963278190338,0.8499894499396582,-12.272482866746683,2.9999989050522404,-1.4151774183155503e-06,0.849993599275912,-12.688449948358047,-0.08861716281851856
4,C4,25,2.5,-12.664530078082102,-0.06600653651700096,-0.42540353085512583,0.010062575535957761,-7.628405401685879,-5.749611824294599,-2.8551853042914037,0.2999999999997005,-0.3999999999976245,3.5,3.3882267475128174,3.5,-11.499999992778177,-1.9666989421799566,1.5707963268007166,0.849993679518741,-10.19999999933634,2.7999742358820625,-1.5707963267955392,0.8499778426222288,-6.499999993595296,-2.0608134134697798,1.5707963278190338,0.8499894549682183,-12.235522865805915,2.999998904992355,-1.415177418315555e-06,0.8499935988648932,-12.662357695363845,-0.10341832291115036
4,C4,26,2.604000000000042,-12.635975594447613,-0.07919126391140402,-0.4670255318806276,0.010007556053624666,-7.657345160701312,-5.7575093146879475,-2.895185304298527,0.3000000000006775,-0.40000000002093916,3.5,3.337902069091797,3.5,-11.499999992776997,-1.9022189421885687,1.5707963268007166,0.849993679490046,-10.19999999933634,2.7999742358820625,-1.5707963267955392,0.8499778426222288,-6.499999993594783,-2.003613418141127,1.5707963278190338,0.8499894609129733,-12.191842864694024,2.9999989049216214,-1.4151774183155607e-06,0.8499935983793152,-12.636878201926615,-0.11925105547904594
4,C4,27,2.7000000000000455,-12.609141105121985,-0.09338520227383613,-0.5070253081838318,0.010007741931139643,-7.686577586379195,-5.764243206236743,-2.9351853043005875,0.3000000000007219,-0.40000000002038405,3.5,3.337902069091797,3.5,-11.499999992775866,-1.8402189421968498,1.5707963268007166,0.8499936794624546,-10.19999999933634,2.7999742358820625,-1.5707963267955392,0.8499778426222288,-6.499999993594289,-1.9486134226303276,1.5707963278190338,0.8499894666310355,-12.149842863624817,2.999998904853649,-1.415177418315566e-06,0.8499935979125884,-12.61205222980001,-0.13609003152787133
4,C4,28,2.800000000000068,-12.582869545595171,-0.10847157242079773,-0.5470369031386862,0.010046668319113156,-7.716055913074001,-5.769802726150961,-2.9751853043021153,0.3000000000001002,-0.4000000000070614,3.5,3.2955684661865234,3.5,-11.499999992774733,-1.7782189422051309,1.5707963268007166,0.8499936794348633,-10.19999999933634,2.7999742358820625,-1.5707963267955392,0.8499778426222288,-6.499999993593797,-1.893613427117092,1.5707963278190338,0.8499894723510099,-12.107842862555533,2.999998904785717,-1.4151774183155715e-06,0.8499935974460334,-12.587919495243778,-0.1539083122878303
4,C4,29,2.9039999999999964,-12.555122642076917,-0.1256888881741461,-0.5902648460244706,0.010004781932767227,-7.7457329817511695,-5.774178980384644,-3.015185304307906,0.30000000000049987,-0.40000000007422987,3.5,3.2955684661865234,3.5,-11.49999999277351,-1.7112589422140745,1.5707963268007166,0.8499936794050647,-10.19999999933634,2.7999742358820625,-1.5707963267955392,0.8499778426222288,-6.499999993593264,-1.8342134319600596,1.5707963278190338,0.8499894785307287,-12.06248286140062,2.999998904712396,-1.4151774183155774e-06,0.849993596942347,-12.564518605485363,-0.17267739231061616
4,C4,30,3.0,-12.532204623688836,-0.14164519369289563,-0.6270646942235096,0.01000564199048877,-7.775561315432107,-5.777364967864604,-3.055185304309967,0.3000000000006775,-0.40000000002093916,3.5,3.2534749507904053,3.5,-11.499999992772471,-1.654218942221693,1.5707963268007166,0.8499936793796806,-10.19999999933634,2.7999742358820625,-1.5707963267955392,0.8499778426222288,-6.499999993592812,-1.7836134360833071,1.5707963278190338,0.8499894837966909,-12.023842860416732,2.999998904649974,-1.4151774183155823e-06,0.8499935965134388,-12.541886996956077,-0.1923672450724059
5,C0,0,0.0,-13.001875543837324,1.5519655917693848e-09,-4.230200729454238e-09,0.010004081998028607,-8.064785339846752,-5.745774789024564,2.837600000269931,9.769962616701378e-13,0.0,3.5,3.5,3.5,2.7999789439086222,0.6500000074581391,-3.1415926535839733,0.849993673762317,-12.79997490893276,3.00000000100826,-6.431121781042652e-13,0.8499770832483345,2.23001429668024,3.4500000064574268,3.1415900010241367,0.8499906874384799,-10.060002641109202,3.89999889167663,-1.415177418316686e-06,0.8499935051883706,-13.000983659215912,1.5785879950701611e-09
5,C0,1,1.1760000000000446,-13.001904761791799,5.949149107628407e-09,1.9245400587591967e-05,0.010004549442915699,-8.064785339846752,-5.745774789024564,2.837600000269931,9.769962616701378e-13,0.0,3.5,3.5,3.5,2.7921789447049075,0.650000007566992,-3.1415926535839733,0.849993671112714,-12.794935162727704,3.000000001138201,-6.431121781042652e-13,0.8499768084268149,2.224494665676362,3.450000006528572,-3.141592652565656,0.8499912800915219,-10.054002536616299,3.89999888614056,-1.4151774183172067e-06,0.8499934646108376,-13.000983659215912,1.5785879950701611e-09
5,C0,2,1.1760000000000446,-13.002129543901765,7.326983273788417e-08,0.00038895142403695107,0.010005065209326928,-8.06478533984677,-5.745774789024559,2.837600000269931,9.769962616701378e-13,0.0,3.5,3.5,3.5,2.7791789447065653,0.6500000075672188,-3.1415926535839733,0.8499936711071963,-12.786535163259373,3.0000000011384733,-6.431121781042652e-13,0.8499768078574295,2.215294666419372,3.450000006528636,-3.141592652565656,0.8499912813412829,-10.044002536398024,3.8999988861294237,-1.4151774183172078e-06,0.8499934645280206,-13.000983659215894,1.5785890750049372e-09
5,C0,3,1.1760000000000446,-13.002129543901765,7.326983273788417e-08,0.00038895142403695107,0.010005065209326928,-8.06478533984677,-5.745774789024559,2.837600000269931,9.769962616701378e-13,0.0,3.5,3.5,3.5,2.7791789447065653,0.6500000075672188,-3.1415926535839733,0.8499936711071963,-12.786535163259373,3.0000000011384733,-6.431121781042652e-13,0.8499768078574295,2.215294666419372,3.450000006528636,-3.141592652565656,0.8499912813412829,-10.044002536398024,3.8999988861294237,-1.4151774183172078e-06,0.8499934645280206,-13.000983659215894,1.5785890750049372e-09
5,C0,4,1.2040000000000646,-13.00212571626817,2.737836874483062e-06,0.0009229537206556381,0.010045803444478734,-8.06478533984677,-5.745774789024559,2.837600000269931,9.769962616701378e-13,0.0,3.5,3.5,3.5,2.7687789447078917,0.6500000075674002,-3.1415926535839733,0.8499936711027822,-12.779815163684717,3.0000000011386914,-6.431121781042652e-13,0.8499768074019299,2.207934667013703,3.450000006528686,-3.141592652565656,0.8499912823411372,-10.036002536223402,3.8999988861205153,-1.4151774183172086e-06,0.849993464461772,-13.000983659215894,1.5785890750049372e-09
5,C0,5,1.2040000000000646,-13.00212571626817,2.737836874483062e-06,0.0009229537206556381,0.010045803444478734,-8.064785339846788,-5.745774789024555,2.837600000269931,8.881784197001252e-13,0.0,3.5,3.5,3.5,2.7687789447078917,0.6500000075674002,-3.1415926535839733,0.8499936711027822,-12.779815163684717,3.0000000011386914,-6.431121781042652e-13,0.8499768074019299,2.207934667013703,3.450000006528686,-3.141592652565656,0.8499912823411372,-10.036002536223402,3.8999988861205153,-1.4151774183172086e-06,0.849993464461772,-13.000983659215876,1.5785901549397132e-09
5,C0,6,1.2040000000000646,-13.002116126555412,7.924779375724593e-06,0.0014721323440596624,0.010112078587079314,-8.064785339846788,-5.745774789024555,2.837600000269931,8.881784197001252e-13,0.0,3.5,3.5,3.5,2.758378944709218,0.6500000075675816,-3.1415926535839733,0.8499936710983681,-12.773095164110071,3.000000001138909,-6.431121781042652e-13,0.8499768069464382,2.200574667607966,3.4500000065287373,-3.141592652565656,0.8499912833410321,-10.028002536048776,3.899998886111608,-1.4151774183172092e-06,0.849993464395528,-13.000983659215876,1.5785901549397132e-09
5,C0,7,1.23599999999999,-13.002111891450733,1.3112319276268658e-05,0.0020213155760325746,0.010158691119561537,-8.064785339846788,-5.745774789024555,2.837600000269931,8.881784197001252e-13,0.0,3.5,3.5,3.5,2.747978944710544,0.6500000075677629,-3.1415926535839733,0.8499936710939541,-12.76637516453543,3.000000001139127,-6.431121781042652e-13,0.8499768064909543,2.1932146682021605,3.450000006528788,-3.141592652565656,0.8499912843409675,-10.02000253587415,3.899998886102702,-1.4151774183172103e-06,0.8499934643292885,-13.000983659215876,1.5785901549397132e-09
5,C0,8,1.23599999999999,-13.002111891450733,1.3112319276268658e-05,0.0020213155760325746,0.010158691119561537,-8.064785339846827,-5.745774789024544,2.837600000269931,9.769962616701378e-13,0.0,3.5,3.5,3.5,2.747978944710544,0.6500000075677629,-3.1415926535839733,0.8499936710939541,-12.76637516453543,3.000000001139127,-6.431121781042652e-13,0.8499768064909543,2.1932146682021605,3.450000006528788,-3.141592652565656,0.8499912843409675,-10.02000253587415,3.899998886102702,-1.4151774183172103e-06,0.8499934643292885,-13.000983659215835,1.5785916833416968e-09
5,C0,9,1.23599999999999,-13.002112998780447,1.829463533642149e-05,0.002570501842988731,0.010185649045255303,-8.064785339846827,-5.745774789024544,2.837600000269931,9.769962616701378e-13,0.0,3.5,3.5,3.5,2.73757894471187,0.6500000075679443,-3.1415926535839733,0.8499936710895399,-12.759655164960801,3.0000000011393446,-6.431121781042652e-13,0.8499768060354782,2.1858546687962868,3.4500000065288385,-3.141592652565656,0.8499912853409434,-10.012002535699523,3.8999988860937966,-1.4151774183172111e-06,0.8499934642630533,-13.000983659215835,1.5785916833416968e-09
5,C0,10,1.2720000000000482,-13.002121885358411,2.4756315224940265e-05,0.0032569859816821184,0.01019171422192195,-8.064785339846827,-5.745774789024544,2.837600000269931,9.769962616701378e-13,0.0,3.5,3.5,3.5,2.724578944713528,0.650000007568171,-3.1415926535839733,0.8499936710840224,-12.751255165492525,3.000000001139617,-6.431121781042652e-13,0.849976805466144,2.1766546695388493,3.450000006528902,-3.141592652565656,0.8499912865909701,-10.002002535481235,3.899998886082667,-1.415177418317212e-06,0.8499934641802658,-13.000983659215835,1.5785916833416968e-09
5,C0,11,1.2720000000000482,-13.002121885358411,2.4756315224940265e-05,0.0032569859816821184,0.01019171422192195,-8.065627678411358,-5.745520125163216,2.8536000000511885,0.021999999992505792,0.3999999945314414,3.5,3.5,3.5,2.724578944713528,0.650000007568171,-3.1415926535839733,0.8499936710840224,-12.751255165492525,3.000000001139617,-6.431121781042652e-13,0.849976805466144,2.1766546695388493,3.450000006528902,-3.141592652565656,0.8499912865909701,-10.002002535481235,3.899998886082667,-1.415177418317212e-06,0.8499934641802658,-13.000103713658005,9.153344417961814e-06
5,C0,12,1.2720000000000482,-13.002134994783267,2.990557969625425e-05,0.003806171777355602,0.010174462085415946,-8.065627678411358,-5.745520125163216,2.8536000000511885,0.021999999992505792,0.3999999945314414,3.5,3.5,3.5,2.7141789447148543,0.6500000075683524,-3.1415926535839733,0.8499936710796083,-12.744535165917913,3.0000000011398344,-6.431121781042652e-13,0.8499768050106854,2.1692946701328224,3.4500000065289527,-3.141592652565656,0.8499912875910371,-9.994002535306603,3.899998886073764,-1.4151774183172133e-06,0.8499934641140409,-13.000103713658005,9.153344417961814e-06
5,C0,13,1.3120000000000118,-13.002158888701564,3.630745961586277e-05,0.004492648806799122,0.010125262682421194,-8.065627678411358,-5.745520125163216,2.8536000000511885,0.021999999992505792,0.3999999945314414,3.5,3.5,3.5,2.701178944716512,0.6500000075685791,-3.1415926535839733,0.8499936710740907,-12.73613516644966,3.000000001140107,-6.431121781042652e-13,0.8499768044413731,2.160094670875193,3.450000006529016,-3.141592652565656,0.8499912888411778,-9.984002535088312,3.899998886062637,-1.4151774183172143e-06,0.849993464031266,-13.000103713658005,9.153344417961814e-06
5,C0,14,1.4039999999999964,-12.991627052164775,0.0001245161022160316,0.008882046421843818,0.010004631171874053,-8.080802215574646,-5.7415780536821925,2.909600000058261,0.16199999986432623,0.4000000001763704,3.5,3.5,3.5,2.641378944724138,0.6500000075696221,-3.1415926535839733,0.8499936710487097,-12.697495168895864,3.0000000011413595,-6.431121781042652e-13,0.8499768018226938,2.117774674288725,3.4500000065293075,-3.141592652565656,0.8499912945926396,-9.938002534084132,3.899998886011474,-1.4151774183172192e-06,0.8499934636505918,-12.9844449558783,0.0007900569736095488
5,C0,15,1.5080000000000382,-12.964658918454083,0.0005331985350141296,0.022961789131122,0.010005058790355863,-8.121039993197309,-5.733537267277003,2.9735999991034667,0.2999999999957037,0.3999999930698328,3.5,3.5,3.5,2.5737789447327586,0.6500000075708011,-3.1415926535839733,0.8499936710200182,-12.653815171661472,3.000000001142775,-6.431121781042652e-13,0.8499767988627582,2.069934678144786,3.4500000065296357,-3.141592652565656,0.8499913010959027,-9.886002532948902,3.899998885953679,-1.415177418317225e-06,0.8499934632204432,-12.943645255844626,0.005162410022803243
5,C0,16,1.608000000000061,-12.937296054713146,0.0014507816649216192,0.046334840038401874,0.010005816406764295,-8.150710086884995,-5.7291139713405475,3.0135999984033335,0.2999999999955705,0.39999999296491673,3.5,3.5,3.5,2.511378944740716,0.6500000075718894,-3.1415926535839733,0.8499936709935338,-12.613495174214654,3.0000000011440826,-6.431121781042652e-13,0.8499767961308027,2.0257746817016686,3.4500000065299385,-3.141592652565656,0.8499913071004308,-9.838002531900932,3.8999988859003687,-1.41517741831723e-06,0.8499934628235514,-12.914011531795955,0.009823140157106124
5,C0,17,1.711999999999989,-12.90808636408853,0.0032849665193175216,0.08160604940644038,0.010007167256693466,-8.180533332319559,-5.725880700839942,3.053599997767238,0.29999999999685834,0.39999999474071846,3.5,3.5,3.5,2.4463789447490054,0.650000007573023,-3.1415926535839733,0.8499936709659459,-12.571495176874539,3.000000001145444,-6.431121781042652e-13,0.8499767932853144,1.9797746854041425,3.4500000065302525,-3.141592652565656,0.8499913133566941,-9.78800253080923,3.899998885844877,-1.4151774183172355e-06,0.8499934624102943,-12.88458789105651,0.015665175077959077
5,C0,18,1.8079999999999927,-12.880941906916664,0.005855840935373781,0.1231731737556842,0.010005239212433667,-8.210462018673027,-5.7238426283305195,3.093599997766967,0.2999999999997449,0.39999999999706937,3.5,3.5,3.5,2.378778944757626,0.6500000075742022,-3.1415926535839733,0.8499936709372544,-12.527815179641165,3.000000001146861,-6.431121781042652e-13,0.84997679032633,1.9319346892518874,3.4500000065305794,-3.141592652565656,0.8499913198648807,-9.736002529673787,3.8999988857872094,-1.4151774183172412e-06,0.849993461980693,-12.855421405175795,0.02267916878824991
5,C0,19,1.9080000000000155,-12.853916484732979,0.009695078934199023,0.15997367115485217,0.01000525906641057,-8.240448266430066,-5.723003014302284,3.1335999977714035,0.3000000000006775,0.40000000002093916,3.5,3.5,3.5,2.3189789447652522,0.6500000075752451,-3.1415926535839733,0.8499936709118735,-12.489175182088857,3.000000001148114,-6.431121781042652e-13,0.8499767877090418,1.8896146926532573,3.4500000065308676,-3.141592652565656,0.8499913256235435,-9.690002528669295,3.899998885736232,-1.415177418317246e-06,0.8499934616008193,-12.826558734313528,0.030853900402150334
5,C0,20,2.008000000000038,-12.82126474548124,0.015699451843002622,0.20477420720548345,0.010005877944577865,-8.270444103995567,-5.72336320195832,-3.1095853094061003,0.3000000000006775,0.40000000002093916,3.4965672492980957,3.5,3.5,2.2461789447745364,0.6500000075765147,-3.1415926535839733,0.849993670880975,-12.44213518506903,3.00000000114964,-6.431121781042652e-13,0.8499767845231264,1.8380946967910086,3.4500000065312175,-3.141592652565656,0.8499913326358884,-9.634002527446356,3.89999888567422,-1.4151774183172522e-06,0.8499934611385649,-12.7980460525816,0.04017629209405729
5,C0,21,2.108000000000061,-12.791243714908038,0.022573568793002142,0.24637476668944291,0.010007015420474611,-8.300401544425856,-5.724922615075328,-3.0695853094040397,0.3000000000006775,0.40000000002093916,3.4965672492980957,3.5,3.5,2.178578944783157,0.6500000075776937,-3.1415926535839733,0.8499936708522836,-12.3984551878367,3.000000001151057,-6.431121781042652e-13,0.849976781565119,1.7902547006302094,3.450000006531542,-3.141592652565656,0.849991339149119,-9.582002526310694,3.8999988856166823,-1.4151774183172577e-06,0.8499934607095256,-12.769928974190673,0.05063143002534254
5,C0,22,2.20799999999997,-12.764100366130654,0.029162943317087825,0.2848113516143785,0.010025480270137306,-8.330272662206744,-5.7276787589249505,-3.0295853094037333,0.2999999999997005,0.3999999999976245,3.4363551139831543,3.5,3.5,2.116178944791115,0.650000007578782,-3.1415926535839733,0.8499936708257992,-12.358135190391785,3.0000000011523653,-6.431121781042652e-13,0.8499767788349435,1.7460947041715253,3.4500000065318415,-3.141592652565656,0.849991345162841,-9.534002525262325,3.89999888556361,-1.415177418317263e-06,0.849993460313658,-12.742252480468247,0.06220258820557713
5,C0,23,2.300000000000068,-12.738077349299882,0.03717126577856589,0.321615135321469,0.010001194378201456,-8.354075284385841,-5.730742421284558,-2.9975853093962628,0.3000000000006775,0.40000000001982894,3.4363551139831543,3.5,3.5,2.056378944798741,0.650000007579825,-3.1415926535839733,0.8499936708004184,-12.31949519284069,3.000000001153619,-6.431121781042652e-13,0.8499767762187891,1.7037747075629777,3.450000006532127,-3.141592652565656,0.8499913509273502,-9.48800252425758,3.899998885512785,-1.415177418317268e-06,0.8499934599344365,-12.720458285748242,0.07225066892584465
5,C0,24,2.4080000000000155,-12.709033739794474,0.04750763701133414,0.3632153765781212,0.010002728971921086,-8.389564994702441,-5.736761694393428,-2.9495853093937723,0.3000000000006331,0.40000000002038405,3.357400417327881,3.5,3.5,1.9887789448073634,0.6500000075810042,-3.1415926535839733,0.849993670771727,-12.27581519560935,3.0000000011550365,-6.431121781042652e-13,0.8499767732617082,1.6559347113940723,3.45000000653245,-3.141592652565656,0.8499913574453521,-9.43600252312171,3.8999988854553713,-1.4151774183172736e-06,0.8499934595059302,-12.688397577298602,0.08861716399420397
5,C0,25,2.508000000000038,-12.680472512895301,0.05903301657595002,0.4048157252322241,0.010004609421079653,-8.41889135433407,-5.743073955253061,-2.9095853093916895,0.3000000000006331,0.40000000002038405,3.357400417327881,3.5,3.5,1.9211789448159902,0.6500000075821832,-3.1415926535839733,0.8499936707430357,-12.232135198378362,3.000000001156454,-6.431121781042652e-13,0.8499767703049573,1.6080947152222782,3.4500000065327727,-3.141592652565656,0.849991363965051,-9.384002521985765,3.899998885398002,-1.4151774183172793e-06,0.8499934590776138,-12.66230532420757,0.1034183239162216
5,C0,26,2.608000000000061,-12.653363172429865,0.07036511549545091,0.4448614697558892,0.010002601390016885,-8.447941832896603,-5.750553908573007,-2.8695853093853207,0.2999999999921954,0.40000000015583126,3.371321439743042,3.5,3.5,1.8561789448242851,0.6500000075833169,-3.1415926535839733,0.8499936707154477,-12.190135201041207,3.0000000011578174,-6.431121781042652e-13,0.8499767674622389,1.5620947189005208,3.4500000065330814,-3.141592652565656,0.8499913702355913,-9.334002520893442,3.899998885342881,-1.4151774183172848e-06,0.8499934586659501,-12.6368258306668,0.1192510563173777
5,C0,27,2.70799999999997,-12.626846264773866,0.08364861480719196,0.4848615422649491,0.01000348196942681,-8.476669955822132,-5.75918958802396,-2.8295853093829275,0.3000000000006775,0.40000000002093916,3.371321439743042,3.5,3.5,1.7911789448325803,0.6500000075844506,-3.1415926535839733,0.8499936706878599,-12.148135203704376,3.000000001159181,-6.431121781042652e-13,0.8499767646198259,1.5160947225760912,3.4500000065333905,-3.141592652565656,0.8499913765076984,-9.284002519801051,3.8999988852878005,-1.4151774183172901e-06,0.8499934582544619,-12.611999858430078,0.13609003220385743
5,C0,28,2.8039999999999736,-12.600905069871311,0.0979684094132274,0.524861702606621,0.010004737738440827,-8.505029764241975,-5.768967178360726,-2.789585309380867,0.3000000000006775,0.40000000002093916,3.435223340988159,3.5,3.5,1.7261789448408753,0.6500000075855843,-3.1415926535839733,0.8499936706602721,-12.106135206367872,3.0000000011605445,-6.431121781042652e-13,0.8499767617777181,1.470094726248989,3.450000006533698,-3.141592652565656,0.8499913827813709,-9.234002518708591,3.899998885232761,-1.4151774183172956e-06,0.8499934578431493,-12.587867123757308,0.15390831280602235
5,C0,29,2.9080000000000155,-12.576465985117633,0.11232901638312903,0.5632842760788593,0.010047352322749581,-8.532975888512391,-5.779871037524517,-2.7495853093798277,0.2999999999997449,0.39999999999706937,3.435223340988159,3.5,3.5,1.6637789448488387,0.6500000075866726,-3.1415926535839733,0.8499936706337878,-12.065815208925134,3.000000001161854,-6.431121781042652e-13,0.8499767590495818,1.4259347297724556,3.450000006533993,-3.141592652565656,0.8499913888055682,-9.186002517659766,3.8999988851799614,-1.4151774183173007e-06,0.8499934574484544,-12.564466233875953,0.1726773926759051
5,C0,30,3.0,-12.553575458280338,0.12702548331200508,0.6000980618837107,0.010005930147788372,-8.560463620795856,-5.79188372166671,-2.7095853093724824,0.3000000000006775,0.40000000002093916,3.5,3.4348537921905518,3.5,1.6039789448564703,0.6500000075877157,-3.1415926535839733,0.849993670608407,-12.027175211376125,3.0000000011631087,-6.431121781042652e-13,0.849976756435382,1.3836147331467987,3.450000006534276,-3.141592652565656,0.8499913945801093,-9.140002516654583,3.899998885129397,-1.4151774183173058e-06,0.8499934570703569,-12.541834625218106,0.19236724528951338
5,C1,0,0.0,-13.001877807543861,1.5706480838990995e-09,-4.24185308607425e-09,0.010004171902572129,-8.820659033273268,-5.990510825097647,-2.269585306824325,8.881784197001252e-13,0.0,3.5,3.5,3.5,2.799978945492235,0.6500000076746187,-3.1415926535839733,0.8499936684941103,-12.799975416520555,3.0000000012681407,-6.431121781042652e-13,0.8499765395716177,2.2300150062459334,3.4500000065162095,3.1415900010241367,0.8499918801816417,-10.060002432719944,3.89999888103853,-1.4151774183177213e-06,0.8499934260958693,-13.001102625610024,1.6017244283231819e-09
5,C1,1,1.0119999999999436,-13.001904761791787,6.332987293824127e-09,1.9245408804657975e-05,0.010004549442912458,-8.820659033273268,-5.990510825097647,-2.269585306824325,8.881784197001252e-13,0.0,3.5,3.5,3.5,2.7895789458065265,0.650000007717582,-3.1415926535839733,0.8499936674491244,-12.793255518616496,3.0000000013204127,-6.431121781042652e-13,0.8499764330523145,2.2226551353367325,3.4500000065654888,-3.141592652565656,0.8499921234240602,-10.052002391090793,3.8999988791052727,-1.4151774183179267e-06,0.8499934111688112,-13.001102625610024,1.6017244283231819e-09
5,C1,2,1.0119999999999436,-13.001929520531487,7.371616334339522e-08,0.0002633215074358421,0.010004959778385693,-8.820659033273278,-5.990510825097662,-2.2695853068243026,9.325873406851315e-13,5.551115123125783e-13,3.5,3.5,3.5,2.7791789458078533,0.6500000077177636,-3.1415926535839733,0.8499936674447105,-12.786535519048714,3.000000001320634,-6.431121781042652e-13,0.8499764326033322,2.215295135873656,3.4500000065655274,-3.141592652565656,0.8499921244558795,-10.044002390914756,3.8999988790972315,-1.4151774183179275e-06,0.849993411106299,-13.001102625610004,1.6017259812898954e-09
5,C1,3,1.0119999999999436,-13.001929520531487,7.371616334339522e-08,0.0002633215074358421,0.010004959778385693,-8.820659033273278,-5.990510825097662,-2.2695853068243026,9.325873406851315e-13,5.551115123125783e-13,3.5,3.5,3.5,2.7791789458078533,0.6500000077177636,-3.1415926535839733,0.8499936674447105,-12.786535519048714,3.000000001320634,-6.431121781042652e-13,0.8499764326033322,2.215295135873656,3.4500000065655274,-3.141592652565656,0.8499921244558795,-10.044002390914756,3.8999988790972315,-1.4151774183179275e-06,0.849993411106299,-13.001102625610004,1.6017259812898954e-09
5,C1,4,1.0480000000000018,-13.001709304175598,1.492861537024315e-06,0.0007386656531274773,0.010026435445851894,-8.820659033273278,-5.990510825097662,-2.2695853068243026,9.325873406851315e-13,5.551115123125783e-13,3.5,3.5,3.5,2.7687789458091805,0.6500000077179451,-3.1415926535839733,0.8499936674402967,-12.779815519480941,3.000000001320855,-6.431121781042652e-13,0.8499764321543579,2.2079351364105095,3.4500000065655656,-3.141592652565656,0.8499921254877353,-10.036002390738718,3.8999988790891913,-1.4151774183179284e-06,0.8499934110437914,-13.001102625610004,1.6017259812898954e-09
5,C1,5,1.0480000000000018,-13.001473284347963,6.52785318703324e-06,0.001259922701895413,0.010098701094868191,-8.820659033273298,-5.99051082509769,-2.269585306824325,9.325873406851315e-13,-5.551115123125783e-13,3.5,3.5,3.5,2.7583789458105072,0.6500000077181266,-3.1415926535839733,0.8499936674358829,-12.773095519913175,3.000000001321076,-6.431121781042652e-13,0.8499764317053915,2.200575136947293,3.4500000065656033,-3.141592652565656,0.8499921265196277,-10.028002390562678,3.899998879081152,-1.4151774183179292e-06,0.8499934109812883,-13.00110262560997,1.6017293045265035e-09
5,C1,6,1.0480000000000018,-13.001242620096086,1.156492253507947e-05,0.001781184504304528,0.010151299477312237,-8.820659033273298,-5.99051082509769,-2.269585306824325,9.325873406851315e-13,-5.551115123125783e-13,3.5,3.5,3.5,2.7479789458118344,0.650000007718308,-3.1415926535839733,0.849993667431469,-12.766375520345418,3.0000000013212977,-6.431121781042652e-13,0.8499764312564331,2.1932151374840054,3.4500000065656415,-3.141592652565656,0.8499921275515568,-10.020002390386637,3.899998879073114,-1.41517741831793e-06,0.8499934109187898,-13.00110262560997,1.6017293045265035e-09
5,C1,7,1.0799999999999272,-13.001242620096086,1.156492253507947e-05,0.001781184504304528,0.010151299477312237,-8.820659033273298,-5.99051082509769,-2.269585306824325,9.325873406851315e-13,-5.551115123125783e-13,3.5,3.5,3.5,2.7479789458118344,0.650000007718308,-3.1415926535839733,0.849993667431469,-12.766375520345418,3.0000000013212977,-6.431121781042652e-13,0.8499764312564331,2.1932151374840054,3.4500000065656415,-3.141592652565656,0.8499921275515568,-10.020002390386637,3.899998879073114,-1.41517741831793e-06,0.8499934109187898,-13.00110262560997,1.6017293045265035e-09
5,C1,8,1.0799999999999272,-13.001017297826118,1.659854635932241e-05,0.002302449688929936,0.010184239644159588,-8.820659033273307,-5.9905108250977035,-2.269585306824325,8.881784197001252e-13,0.0,3.5,3.5,3.5,2.737578945813161,0.6500000077184895,-3.1415926535839733,0.8499936674270552,-12.75965552077767,3.000000001321519,-6.431121781042652e-13,0.8499764308074825,2.185855138020648,3.4500000065656793,-3.141592652565656,0.8499921285835225,-10.012002390210593,3.899998879065077,-1.415177418317931e-06,0.8499934108562957,-13.001102625609954,1.601731074796398e-09
5,C1,9,1.0799999999999272,-13.00085180646266,2.036818190582754e-05,0.0026933997432249447,0.010196047727661271,-8.820659033273307,-5.9905108250977035,-2.269585306824325,8.881784197001252e-13,0.0,3.5,3.5,3.5,2.729778945814157,0.6500000077186256,-3.1415926535839733,0.8499936674237447,-12.754615521101863,3.000000001321685,-6.431121781042652e-13,0.8499764304707748,2.1803351384230836,3.450000006565708,-3.141592652565656,0.8499921293575207,-10.00600239007856,3.89999887905905,-1.4151774183179315e-06,0.8499934108094281,-13.001102625609954,1.601731074796398e-09
5,C1,10,1.1119999999999663,-13.00085180646266,2.036818190582754e-05,0.0026933997432249447,0.010196047727661271,-8.820659033273307,-5.9905108250977035,-2.269585306824325,8.881784197001252e-13,0.0,3.5,3.5,3.5,2.729778945814157,0.6500000077186256,-3.1415926535839733,0.8499936674237447,-12.754615521101863,3.000000001321685,-6.431121781042652e-13,0.8499764304707748,2.1803351384230836,3.450000006565708,-3.141592652565656,0.8499921293575207,-10.00600239007856,3.89999887905905,-1.4151774183179315e-06,0.8499934108094281,-13.001102625609954,1.601731074796398e-09
5,C1,11,1.1119999999999663,-13.000635815106305,2.5382487483092083e-05,0.0032146664582252287,0.01019459826462028,-8.821221617112633,-5.991187505529276,-2.261585307029819,0.02199999996785884,0.19999999486264297,3.5,3.5,3.5,2.7193789458154836,0.6500000077188072,-3.1415926535839733,0.8499936674193309,-12.74789552153413,3.000000001321906,-6.431121781042652e-13,0.8499764300218381,2.1729751389596026,3.450000006565746,-3.141592652565656,0.8499921303895503,-9.998002389902513,3.8999988790510147,-1.4151774183179324e-06,0.849993410746942,-13.000222639221844,4.577569642453237e-06
5,C1,12,1.20799999999997,-12.996490764443994,6.940888271440635e-05,0.006126779920444821,0.009992858702893752,-8.826999128305554,-5.998346962212322,-2.241585307029799,0.12199999999591427,0.20000000000020002,3.5,3.5,3.5,2.6621789458227823,0.6500000077198053,-3.1415926535839733,0.8499936673950548,-12.710935523911738,3.0000000013231234,-6.431121781042652e-13,0.8499764275528281,2.132495141909201,3.450000006565955,-3.141592652565656,0.849992136066367,-9.954002388934232,3.89999887900684,-1.4151774183179373e-06,0.8499934104033492,-12.99102458238991,0.0001868029720670343
5,C1,13,1.3199999999999363,-12.969856918225478,0.00035084850114019224,0.016367509918769584,0.009995809441159251,-8.848575484700664,-6.026560934616556,-2.209585307671276,0.2819999999294609,0.19999999388287115,3.5,3.5,3.5,2.5919789458317397,0.6500000077210304,-3.1415926535839733,0.8499936673652614,-12.665575526830052,3.0000000013246177,-6.431121781042652e-13,0.8499764245230074,2.0828151455262534,3.4500000065662113,-3.141592652565656,0.8499921430348802,-9.900002387745817,3.899998878952669,-1.415177418317943e-06,0.8499934099818544,-12.95554347505945,0.0018172681571890434
5,C1,14,1.4080000000000155,-12.94251173892985,0.0010162647712367375,0.03357867359756655,0.009998216398975872,-8.866220164308118,-6.050822741679052,-2.189585308062743,0.30000000000032223,0.2000000000085267,3.5,3.5,3.5,2.53217894583937,0.6500000077220739,-3.1415926535839733,0.8499936673398818,-12.626935529316318,3.0000000013258905,-6.431121781042652e-13,0.8499764219423338,2.0404951486049163,3.4500000065664285,-3.141592652565656,0.8499921489723334,-9.854002386733402,3.8999988789065605,-1.415177418317948e-06,0.8499934096229659,-12.925617443815447,0.003915518468894451
5,C1,15,1.5159999999999627,-12.909173707828344,0.002501086599029389,0.05597887732508629,0.010001059729818669,-8.883376111307319,-6.075432566606577,-2.1695853080621013,0.3000000000006775,0.2000000000040858,3.5,3.5,3.5,2.459378945848659,0.6500000077233443,-3.1415926535839733,0.849993667308985,-12.579895532343446,3.0000000013274404,-6.431121781042652e-13,0.8499764188009983,1.9889751523497123,3.4500000065666927,-3.141592652565656,0.8499921562021654,-9.798002385500826,3.899998878850476,-1.4151774183179542e-06,0.8499934091862602,-12.895739359786264,0.006611829865556848
5,C1,16,1.6079999999999472,-12.884079135824217,0.00413452133599579,0.0735744999078934,0.010093129956871952,-8.900036463545376,-6.100380565799032,-2.149585308061815,0.3000000000002334,0.1999999999996449,3.5,3.5,3.5,2.4021789458559577,0.6500000077243425,-3.1415926535839733,0.8499936672847088,-12.542935534722186,3.0000000013286585,-6.431121781042652e-13,0.8499764163330786,1.9484951552896315,3.4500000065668996,-3.141592652565656,0.8499921618840008,-9.754002384532315,3.899998878806445,-1.4151774183179589e-06,0.84999340884329,-12.865921173807623,0.009905123861861195
5,C1,17,1.7039999999999509,-12.858004124822742,0.00614825804385037,0.09273472887795348,0.01000658998084628,-8.91619455710226,-6.1256567603875,-2.129585308058708,0.2999999999443226,0.20000000007902585,3.5,3.5,3.5,2.33977894586392,0.6500000077254315,-3.1415926535839733,0.8499936672582258,-12.502615537317459,3.0000000013299872,-6.431121781042652e-13,0.8499764136410765,1.904335158494386,3.450000006567125,-3.141592652565656,0.8499921680836234,-9.706002383475703,3.899998878758448,-1.415177418317964e-06,0.8499934084692969,-12.8361748127586,0.013794083183884018
5,C1,18,1.8039999999999736,-12.829501883547461,0.009068446650956468,0.11193503673251835,0.010006445808255984,-8.931843928958436,-6.151251040234927,-2.1095853080576448,0.300000000000189,0.20000000001130225,3.5,3.5,3.5,2.2773789458718823,0.6500000077265206,-3.1415926535839733,0.8499936672317429,-12.462295539913027,3.000000001331316,-6.431121781042652e-13,0.8499764109493597,1.8601751616966045,3.4500000065673495,-3.141592652565656,0.8499921742845564,-9.65800238241903,3.8999988787104884,-1.4151774183179692e-06,0.8499934080954669,-12.806512174782542,0.018277152300298402
5,C1,19,1.9080000000000155,-12.798721648061191,0.012844846183360365,0.1327353378701529,0.010006846869439479,-8.946978319572615,-6.177153167968738,-2.0895853080566256,0.300000000000189,0.20000000001019203,3.5,3.5,3.5,2.209778945880508,0.6500000077277001,-3.1415926535839733,0.8499936672030529,-12.41861554272523,3.0000000013327557,-6.431121781042652e-13,0.8499764080336557,1.812335165162812,3.450000006567592,-3.141592652565656,0.8499921810037112,-9.606002381274234,3.8999988786585753,-1.4151774183179747e-06,0.8499934076906683,-12.77694512454136,0.023352538042936813
5,C1,20,2.0039999999999054,-12.770410081690123,0.01689530402002804,0.15193565849138438,0.010007775858541103,-8.961591675390357,-6.203352783083222,-2.0695853080559616,0.3000000000006775,0.2000000000040858,3.467703342437744,3.5,3.5,2.1473789458884704,0.6500000077287891,-3.1415926535839733,0.84999366717657,-12.378295545321414,3.0000000013340853,-6.431121781042652e-13,0.8499764053425342,1.768175168359745,3.4500000065678145,-3.141592652565656,0.8499921872073707,-9.558002380217438,3.8999988786106945,-1.41517741831798e-06,0.849993407317178,-12.747485488460896,0.02901821032517614
5,C1,21,2.1119999999999663,-12.737877913637439,0.021787873426429433,0.1743555369955978,0.010006408293663104,-8.975678151263958,-6.229839406081203,-2.0495853080524995,0.2999999999891312,0.20000000008846275,3.4130189418792725,3.5,3.5,2.07457894589776,0.6500000077300596,-3.1415926535839733,0.8499936671456731,-12.331255548350672,3.000000001335636,-6.431121781042652e-13,0.8499764022032534,1.716655172086293,3.4500000065680747,-3.141592652565656,0.8499921944466253,-9.502002378984434,3.8999988785548814,-1.4151774183179862e-06,0.8499934068816453,-12.718145050003283,0.03527190295352113
5,C1,22,2.20799999999997,-12.712053140834145,0.02656542807602235,0.1919557921751422,0.010006333381658366,-8.989232112791218,-6.256602442667484,-2.0295853080515247,0.300000000000189,0.20000000001019203,3.4130189418792725,3.5,3.5,2.017378945905059,0.6500000077310578,-3.1415926535839733,0.8499936671213971,-12.294295550731087,3.0000000013368546,-6.431121781042652e-13,0.8499763997369486,1.6761751750118714,3.4500000065682785,-3.141592652565656,0.8499922001358582,-9.458002378015587,3.899998878511064,-1.4151774183179908e-06,0.8499934065395968,-12.68893554495184,0.04211111453459629
5,C1,23,2.3159999999999172,-12.67701377198387,0.033803823502530334,0.21595611133870787,0.01000692893993554,-9.002248138568119,-6.283631187983839,-2.0095853080504837,0.300000000000189,0.20000000001019203,3.358142614364624,3.5,3.5,1.9393789459150177,0.6500000077324191,-3.1415926535839733,0.8499936670882935,-12.243895553977508,3.000000001338517,-6.431121781042652e-13,0.8499763963741926,1.620975178997858,3.450000006568556,-3.141592652565656,0.84999220789567,-9.398002376694354,3.8999988784513646,-1.4151774183179974e-06,0.8499934060733878,-12.659868656719535,0.049533109474776155
5,C1,24,2.4039999999999964,-12.654937008297676,0.038805712185215106,0.23115743648268022,0.010018974338496052,-9.014721022357891,-6.310914830892527,-1.9895853080498198,0.30000000000045546,0.20000000000242046,3.358142614364624,3.5,3.5,1.8899789459213254,0.6500000077332811,-3.1415926535839733,0.8499936670673278,-12.211975556033812,3.00000000133957,-6.431121781042652e-13,0.8499763942446781,1.5860151815202639,3.450000006568731,-3.141592652565656,0.8499922128112711,-9.360002375857526,3.8999988784135855,-1.4151774183180016e-06,0.8499934057782539,-12.630956011674108,0.057534919075050955
5,C1,25,2.519999999999982,-12.616804650969284,0.047885528085352055,0.2575786490474223,0.009999415005457153,-9.026645775173217,-6.338442458299939,-1.9695853080462025,0.2999999999946823,0.20000000009234853,3.280405282974243,3.5,3.5,1.8041789459322812,0.6500000077347785,-3.1415926535839733,0.8499936670309137,-12.15653555960573,3.0000000013413985,-6.431121781042652e-13,0.8499763905464734,1.5252951858975012,3.450000006569034,-3.141592652565656,0.8499922213508346,-9.294002374403998,3.899998878348025,-1.4151774183180088e-06,0.849993405265896,-12.602209174488316,0.06611334271820848
5,C1,26,2.6079999999999472,-12.594923440905156,0.05382233865135992,0.2727787750669767,0.010000766159421878,-9.038017627272094,-6.366203059522576,-1.9495853080451833,0.300000000000189,0.20000000001019203,3.280405282974243,3.5,3.5,1.7547789459385892,0.6500000077356406,-3.1415926535839733,0.8499936670099482,-12.124615561662544,3.0000000013424515,-6.431121781042652e-13,0.8499763884174493,1.4903351884155498,3.450000006569208,-3.141592652565656,0.8499922262686692,-9.256002373567068,3.899998878310311,-1.4151774183180129e-06,0.8499934049710418,-12.573639643513332,0.075264949149347
5,C1,27,2.7199999999999136,-12.564015529493249,0.06282200879780535,0.294378999024573,0.010002870964772762,-9.04883203006528,-6.394185530689861,-1.9295853080441199,0.3000000000001446,0.20000000001074714,3.22397780418396,3.5,3.5,1.684578945947553,0.6500000077368658,-3.1415926535839733,0.8499936669801549,-12.079255564585702,3.000000001343948,-6.431121781042652e-13,0.8499763853923021,1.4406551919910897,3.450000006569455,-3.141592652565656,0.8499922332585732,-9.202002372377681,3.899998878256757,-1.4151774183180188e-06,0.8499934045522145,-12.545258846180813,0.08498607784779091
5,C1,28,2.8039999999999736,-12.536720470055219,0.0710899656820848,0.3135951950823448,0.010032402052235132,-9.059084657935852,-6.42237867918643,-1.909585308043922,0.300000000000189,0.1999999999990898,3.22397780418396,3.5,3.5,1.6221789459555211,0.6500000077379547,-3.1415926535839733,0.849993666953672,-12.03893556718438,3.0000000013452786,-6.431121781042652e-13,0.8499763827035862,1.3964951951666469,3.4500000065696734,-3.141592652565656,0.8499922394732019,-9.154002371320386,3.8999988782091943,-1.4151774183180239e-06,0.8499934041800968,-12.517078134431278,0.09527284049167378
5,C1,29,2.9080000000000155,-12.507305660024585,0.0808765861168736,0.3343985111785728,0.010005211221277994,-9.068771409969234,-6.450771228128613,-1.8895853080399276,0.300000000000189,0.20000000001019203,3.22397780418396,3.5,3.5,1.554578945964153,0.6500000077391346,-3.1415926535839733,0.8499936669249822,-11.995255569999948,3.00000000134672,-6.431121781042652e-13,0.8499763797911334,1.348655198603965,3.4500000065699097,-3.141592652565656,0.8499922462071814,-9.102002370174917,3.8999988781577106,-1.4151774183180296e-06,0.8499934037771536,-12.489108780173902,0.106121122513081
5,C1,30,3.0,-12.480358908329208,0.09052310019066703,0.353598658226457,0.010006040148081943,-9.077888411593932,-6.4793518208757295,-1.869585308038886,0.3000000000002334,0.20000000001074714,3.144920825958252,3.5,3.5,1.492178945972121,0.6500000077402235,-3.1415926535839733,0.8499936668984993,-11.954935572599242,3.000000001348051,-6.431121781042652e-13,0.8499763771030133,1.3044952017742253,3.4500000065701277,-3.141592652565656,0.8499922524245138,-9.054002369117498,3.8999988781102264,-1.4151774183180349e-06,0.8499934034053758,-12.46136197077711,0.1175265847439324
5,C2,0,0.0,-13.002174663368777,1.561589511308515e-09,-4.707032255134429e-09,0.010121752966501616,-9.140064677504629,-6.807620881026198,-1.646385306778071,0.0,0.0,3.5,3.5,3.5,2.7999789464993463,0.6500000078122896,-3.1415926535839733,0.849993665146239,-12.79997574524231,3.0000000014364416,-6.431121781042652e-13,0.8499761998762504,2.2300154058631287,3.45000000654242,3.1415900010241367,0.8499926666345993,-10.060002299023141,3.8999988750523484,-1.415177418318379e-06,0.8499933791690859,-13.001102625608992,1.6040883781415138e-09
5,C2,1,1.1879999999999882,-13.002250315433256,1.5507605777519851e-09,-5.0781830456396205e-09,0.010040883011265784,-9.140064677504629,-6.807620881026198,-1.646385306778071,0.0,0.0,3.5,3.5,3.5,2.7999789464993463,0.6500000078122896,-3.1415926535839733,0.849993665146239,-12.79997574524231,3.0000000014364416,-6.431121781042652e-13,0.8499761998762504,2.2300154058631287,3.45000000654242,3.1415900010241367,0.8499926666345993,-10.060002299023141,3.8999988750523484,-1.415177418318379e-06,0.8499933791690859,-13.001102625608992,1.6040883781415138e-09
5,C2,2,1.1879999999999882,-13.002069988803022,3.5862459305346e-09,2.405365083021667e-08,0.009999965628104452,-9.140064677504629,-6.807620881026198,-1.646385306778071,0.0,0.0,3.5,3.5,3.5,2.7999789464993463,0.6500000078122896,-3.1415926535839733,0.849993665146239,-12.79997574524231,3.0000000014364416,-6.431121781042652e-13,0.8499761998762504,2.2300154058631287,3.45000000654242,3.1415900010241367,0.8499926666345993,-10.060002299023141,3.8999988750523484,-1.415177418318379e-06,0.8499933791690859,-13.001102625608992,1.6040883781415138e-09
5,C2,3,1.1879999999999882,-13.001258532743792,1.088709763374148e-08,4.191499195687502e-08,0.010000092126758543,-9.140064677504629,-6.807620881026198,-1.646385306778071,0.0,0.0,3.5,3.5,3.5,2.7999789464993463,0.6500000078122896,-3.1415926535839733,0.849993665146239,-12.79997574524231,3.0000000014364416,-6.431121781042652e-13,0.8499761998762504,2.2300154058631287,3.45000000654242,3.1415900010241367,0.8499926666345993,-10.060002299023141,3.8999988750523484,-1.415177418318379e-06,0.8499933791690859,-13.001102625608992,1.6040883781415138e-09
5,C2,4,1.23599999999999,-13.000322309653804,1.8656703526788134e-08,5.6209502578240295e-08,0.010000221897966318,-9.140064677504629,-6.807620881026198,-1.646385306778071,0.0,0.0,3.5,3.5,3.5,2.7999789464993463,0.6500000078122896,-3.1415926535839733,0.849993665146239,-12.79997574524231,3.0000000014364416,-6.431121781042652e-13,0.8499761998762504,2.2300154058631287,3.45000000654242,3.1415900010241367,0.8499926666345993,-10.060002299023141,3.8999988750523484,-1.415177418318379e-06,0.8499933791690859,-13.001102625608992,1.6040883781415138e-09
5,C2,5,1.23599999999999,-13.000322309653804,1.8656703526788134e-08,5.6209502578240295e-08,0.010000221897966318,-9.140064677504629,-6.807620881026198,-1.646385306778071,0.0,0.0,3.5,3.5,3.5,2.7999789464993463,0.6500000078122896,-3.1415926535839733,0.849993665146239,-12.79997574524231,3.0000000014364416,-6.431121781042652e-13,0.8499761998762504,2.2300154058631287,3.45000000654242,3.1415900010241367,0.8499926666345993,-10.060002299023141,3.8999988750523484,-1.415177418318379e-06,0.8499933791690859,-13.001102625608992,1.6040883781415138e-09
5,C2,6,1.23599999999999,-12.99913092358514,2.7844402505036314e-08,7.051301892881798e-08,0.010000372404434908,-9.140064677504629,-6.807620881026198,-1.646385306778071,0.0,0.0,3.5,3.5,3.5,2.7999789464993463,0.6500000078122896,-3.1415926535839733,0.849993665146239,-12.79997574524231,3.0000000014364416,-6.431121781042652e-13,0.8499761998762504,2.2300154058631287,3.45000000654242,3.1415900010241367,0.8499926666345993,-10.060002299023141,3.8999988750523484,-1.415177418318379e-06,0.8499933791690859,-13.001102625608992,1.6040883781415138e-09
5,C2,7,1.2760000000000673,-12.997282867949263,4.099389148328436e-08,8.840510213252507e-08,0.010000583935102381,-9.140064677504629,-6.807620881026198,-1.646385306778071,0.0,0.0,3.5,3.5,3.5,2.7999789464993463,0.6500000078122896,-3.1415926535839733,0.849993665146239,-12.79997574524231,3.0000000014364416,-6.431121781042652e-13,0.8499761998762504,2.2300154058631287,3.45000000654242,3.1415900010241367,0.8499926666345993,-10.060002299023141,3.8999988750523484,-1.415177418318379e-06,0.8499933791690859,-13.001102625608992,1.6040883781415138e-09
5,C2,8,1.2760000000000673,-12.997282867949263,4.099389148328436e-08,8.840510213252507e-08,0.010000583935102381,-9.140082801589061,-6.8078601957092495,-1.646385306778049,0.005999999997952088,5.551115123125783e-13,3.5,3.5,3.5,2.7999789464993463,0.6500000078122896,-3.1415926535839733,0.849993665146239,-12.79997574524231,3.0000000014364416,-6.431121781042652e-13,0.8499761998762504,2.2300154058631287,3.45000000654242,3.1415900010241367,0.8499926666345993,-10.060002299023141,3.8999988750523484,-1.415177418318379e-06,0.8499933791690859,-13.000862625609074,1.6032594034792519e-09
5,C2,9,1.2760000000000673,-12.995517364927482,5.264812503895939e-08,1.0272893793382208e-07,0.010000767870269064,-9.140082801589061,-6.8078601957092495,-1.646385306778049,0.005999999997952088,5.551115123125783e-13,3.5,3.5,3.5,2.7999789464993463,0.6500000078122896,-3.1415926535839733,0.849993665146239,-12.79997574524231,3.0000000014364416,-6.431121781042652e-13,0.8499761998762504,2.2300154058631287,3.45000000654242,3.1415900010241367,0.8499926666345993,-10.060002299023141,3.8999988750523484,-1.415177418318379e-06,0.8499933791690859,-13.000862625609074,1.6032594034792519e-09
5,C2,10,1.3079999999999927,-12.993496698730462,6.519445168940831e-08,1.1706183157133181e-07,0.010000961855012386,-9.140082801589061,-6.8078601957092495,-1.646385306778049,0.005999999997952088,5.551115123125783e-13,3.5,3.5,3.5,2.7999789464993463,0.6500000078122896,-3.1415926535839733,0.849993665146239,-12.79997574524231,3.0000000014364416,-6.431121781042652e-13,0.8499761998762504,2.2300154058631287,3.45000000654242,3.1415900010241367,0.8499926666345993,-10.060002299023141,3.8999988750523484,-1.415177418318379e-06,0.8499933791690859,-13.000862625609074,1.6032594034792519e-09
5,C2,11,1.3079999999999927,-12.993496698730462,6.519445168940831e-08,1.1706183157133181e-07,0.010000961855012386,-9.14020967017981,-6.809535398486997,-1.646385306772409,0.04199999989502601,1.4099832412739488e-10,3.5,3.5,3.5,2.7999789464993463,0.6500000078122896,-3.1415926535839733,0.849993665146239,-12.79997574524231,3.0000000014364416,-6.431121781042652e-13,0.8499761998762504,2.2300154058631287,3.45000000654242,3.1415900010241367,0.8499926666345993,-10.060002299023141,3.8999988750523484,-1.415177418318379e-06,0.8499933791690859,-12.999182625613274,1.5974599158123486e-09
5,C2,12,1.3079999999999927,-12.991220869319813,7.857968083263432e-08,1.314038011337421e-07,0.010001163590731802,-9.14020967017981,-6.809535398486997,-1.646385306772409,0.04199999989502601,1.4099832412739488e-10,3.5,3.5,3.5,2.7999789464993463,0.6500000078122896,-3.1415926535839733,0.849993665146239,-12.79997574524231,3.0000000014364416,-6.431121781042652e-13,0.8499761998762504,2.2300154058631287,3.45000000654242,3.1415900010241367,0.8499926666345993,-10.060002299023141,3.8999988750523484,-1.415177418318379e-06,0.8499933791690859,-12.999182625613274,1.5974599158123486e-09
5,C2,13,1.34800000000007,-12.98801725924227,9.649265508394889e-08,1.4934405344472313e-07,0.010001423913804897,-9.14020967017981,-6.809535398486997,-1.646385306772409,0.04199999989502601,1.4099832412739488e-10,3.5,3.5,3.5,2.7999789464993463,0.6500000078122896,-3.1415926535839733,0.849993665146239,-12.79997574524231,3.0000000014364416,-6.431121781042652e-13,0.8499761998762504,2.2300154058631287,3.45000000654242,3.1415900010241367,0.8499926666345993,-10.060002299023141,3.8999988750523484,-1.415177418318379e-06,0.8499933791690859,-12.999182625613274,1.5974599158123486e-09
5,C2,14,1.3999999999999773,-12.976926106264605,1.5502539121625274e-07,1.9965267742520965e-07,0.010002184863294275,-9.140825889050257,-6.817672097708266,-1.646385306765459,0.121999999933875,8.715250743307479e-11,3.5,3.5,3.5,2.7999789464993463,0.6500000078122896,-3.1415926535839733,0.849993665146239,-12.79997574524231,3.0000000014364416,-6.431121781042652e-13,0.8499761998762504,2.2300154058631287,3.45000000654242,3.1415900010241367,0.8499926666345993,-10.060002299023141,3.8999988750523484,-1.415177418318379e-06,0.8499933791690859,-12.99102262561856,1.5693401335392654e-09
5,C2,15,1.5120000000000573,-12.950880394730014,3.067195521503782e-07,2.680630659734294e-07,0.01000363378899809,-9.143067234157934,-6.847267346846577,-1.6463853067532466,0.261999999933904,8.715250743307479e-11,3.5,3.5,3.5,2.7999789464993463,0.6500000078122896,-3.1415926535839733,0.849993665146239,-12.79997574524231,3.0000000014364416,-6.431121781042652e-13,0.8499761998762504,2.2300154058631287,3.45000000654242,3.1415900010241367,0.8499926666345993,-10.060002299023141,3.8999988750523484,-1.415177418318379e-06,0.8499933791690859,-12.96134262562782,1.467349085987335e-09
5,C2,16,1.6200000000000045,-12.917890642124908,5.887562488512463e-07,2.68204053112464e-07,0.01006726907492172,-9.146226866210606,-6.88898787327169,-1.6463853067515146,0.3000000000005443,0.0,3.5,3.5,3.5,2.7999789464993463,0.6500000078122896,-3.1415926535839733,0.849993665146239,-12.79997574524231,3.0000000014364416,-6.431121781042652e-13,0.8499761998762504,2.2300154058631287,3.45000000654242,3.1415900010241367,0.8499926666345993,-10.060002299023141,3.8999988750523484,-1.415177418318379e-06,0.8499933791690859,-12.919502625629052,1.3238562381751029e-09
5,C2,17,1.7040000000000646,-12.89154611907916,8.579781797293838e-07,2.7098673855699615e-07,0.0100055590584688,-9.148492376764695,-6.918902208663411,-1.6463853067515146,0.2999999999997449,0.0,3.5,3.5,3.5,2.7999789464993463,0.6500000078122896,-3.1415926535839733,0.849993665146239,-12.79997574524231,3.0000000014364416,-6.431121781042652e-13,0.8499761998762504,2.2300154058631287,3.45000000654242,3.1415900010241367,0.8499926666345993,-10.060002299023141,3.8999988750523484,-1.415177418318379e-06,0.8499933791690859,-12.889502625629069,1.2209646765848348e-09
5,C2,18,1.8000000000000682,-12.867513939137064,1.0733962074756317e-06,3.045147258767475e-07,0.010005349797074164,-9.150757887318512,-6.948816544052833,-1.646385306748184,0.3000000000007219,0.0,3.5,3.5,3.5,2.7999789464993463,0.6500000078122896,-3.1415926535839733,0.849993665146239,-12.79997574524231,3.0000000014364416,-6.431121781042652e-13,0.8499761998762504,2.2300154058631287,3.45000000654242,3.1415900010241367,0.8499926666345993,-10.060002299023141,3.8999988750523484,-1.415177418318379e-06,0.8499933791690859,-12.859502625631398,1.1181704711454854e-09
5,C2,19,1.9039999999999964,-12.832697782871536,1.312982051433504e-06,3.033251020436637e-07,0.01000572205191619,-9.153023397872495,-6.9787308794446465,-1.646385306748184,0.3000000000006331,0.0,3.5,3.5,3.5,2.7999789464993463,0.6500000078122896,-3.1415926535839733,0.849993665146239,-12.79997574524231,3.0000000014364416,-6.431121781042652e-13,0.8499761998762504,2.2300154058631287,3.45000000654242,3.1415900010241367,0.8499926666345993,-10.060002299023141,3.8999988750523484,-1.415177418318379e-06,0.8499933791690859,-12.829502625631328,1.0153921627120699e-09
5,C2,20,2.004000000000019,-12.805110667338774,1.5006026192400603e-06,3.0266708044624125e-07,0.01000639026018529,-9.15528890842648,-7.008645214836464,-1.646385306748184,0.3000000000007219,0.0,3.5,3.5,3.5,2.7999789464993463,0.6500000078122896,-3.1415926535839733,0.849993665146239,-12.79997574524231,3.0000000014364416,-6.431121781042652e-13,0.8499761998762504,2.2300154058631287,3.45000000654242,3.1415900010241367,0.8499926666345993,-10.060002299023141,3.8999988750523484,-1.415177418318379e-06,0.8499933791690859,-12.799502625631257,9.126123502734007e-10
5,C2,21,2.104000000000042,-12.776365700790462,1.7523937466774043e-06,3.022643427306936e-07,0.010022634097322191,-9.157554418980459,-7.03855955022827,-1.646385306748184,0.30000000000045546,0.0,3.4685142040252686,3.5,3.5,2.7999789464993463,0.6500000078122896,-3.1415926535839733,0.849993665146239,-12.79997574524231,3.0000000014364416,-6.431121781042652e-13,0.8499761998762504,2.2300154058631287,3.45000000654242,3.1415900010241367,0.8499926666345993,-10.060002299023141,3.8999988750523484,-1.415177418318379e-06,0.8499933791690859,-12.769502625631196,8.098370481157691e-10
5,C2,22,2.211999999999989,-12.743353393968118,2.0891496448794596e-06,3.0868395965995074e-07,0.009997718048349142,-9.15981992953438,-7.068473885619531,-1.646385306747518,0.2999999999881986,1.6653345369377348e-11,3.395259380340576,3.5,3.5,2.7999789464993463,0.6500000078122896,-3.1415926535839733,0.849993665146239,-12.79997574524231,3.0000000014364416,-6.431121781042652e-13,0.8499761998762504,2.2300154058631287,3.45000000654242,3.1415900010241367,0.8499926666345993,-10.060002299023141,3.8999988750523484,-1.415177418318379e-06,0.8499933791690859,-12.739502625631683,7.070771780581797e-10
5,C2,23,2.3039999999999736,-12.715723516288348,2.3228909652368757e-06,3.075558094107133e-07,0.009999267452706302,-9.162085440088337,-7.098388221011346,-1.64638530674754,0.3000000000006775,-5.551115123125783e-13,3.395259380340576,3.5,3.5,2.7999789464993463,0.6500000078122896,-3.1415926535839733,0.849993665146239,-12.79997574524231,3.0000000014364416,-6.431121781042652e-13,0.8499761998762504,2.2300154058631287,3.45000000654242,3.1415900010241367,0.8499926666345993,-10.060002299023141,3.8999988750523484,-1.415177418318379e-06,0.8499933791690859,-12.709502625631615,6.043255722232299e-10
5,C2,24,2.4080000000000155,-12.68091825255535,2.5642807125116317e-06,3.064895121567422e-07,0.010001366333043975,-9.164350950642293,-7.1283025564031615,-1.646385306747518,0.3000000000006775,5.551115123125783e-13,3.3605077266693115,3.5,3.5,2.7999789464993463,0.6500000078122896,-3.1415926535839733,0.849993665146239,-12.79997574524231,3.0000000014364416,-6.431121781042652e-13,0.8499761998762504,2.2300154058631287,3.45000000654242,3.1415900010241367,0.8499926666345993,-10.060002299023141,3.8999988750523484,-1.415177418318379e-06,0.8499933791690859,-12.679502625631546,5.015739663882801e-10
5,C2,25,2.504000000000019,-12.653339778332425,2.7747786070941665e-06,3.0592755485535384e-07,0.010003174421121986,-9.166616461196249,-7.158216891794975,-1.646385306747518,0.3000000000006331,0.0,3.3605077266693115,3.5,3.5,2.7999789464993463,0.6500000078122896,-3.1415926535839733,0.849993665146239,-12.79997574524231,3.0000000014364416,-6.431121781042652e-13,0.8499761998762504,2.2300154058631287,3.45000000654242,3.1415900010241367,0.8499926666345993,-10.060002299023141,3.8999988750523484,-1.415177418318379e-06,0.8499933791690859,-12.649502625631479,3.9882222871434614e-10
5,C2,26,2.6159999999999854,-12.621077274413203,3.091744167430923e-06,3.054762765878824e-07,0.01008926669137379,-9.168881971750205,-7.18813122718675,-1.646385306747518,0.2999999999997449,0.0,3.306319236755371,3.5,3.5,2.7999789464993463,0.6500000078122896,-3.1415926535839733,0.849993665146239,-12.79997574524231,3.0000000014364416,-6.431121781042652e-13,0.8499761998762504,2.2300154058631287,3.45000000654242,3.1415900010241367,0.8499926666345993,-10.060002299023141,3.8999988750523484,-1.415177418318379e-06,0.8499933791690859,-12.619502625631451,2.9606753854105605e-10
5,C2,27,2.7000000000000455,-12.597167238068772,3.328587110395916e-06,3.08069910726439e-07,0.010006797083933695,-9.171147482304143,-7.218045562578284,-1.646385306747207,0.3000000000006331,0.0,3.306319236755371,3.5,3.5,2.7999789464993463,0.6500000078122896,-3.1415926535839733,0.849993665146239,-12.79997574524231,3.0000000014364416,-6.431121781042652e-13,0.8499761998762504,2.2300154058631287,3.45000000654242,3.1415900010241367,0.8499926666345993,-10.060002299023141,3.8999988750523484,-1.415177418318379e-06,0.8499933791690859,-12.589502625631665,1.9331238693132136e-10
5,C2,28,2.812000000000012,-12.56234926123117,3.6092523167637147e-06,3.0686562057689083e-07,0.01000679880257121,-9.173412992858099,-7.247959897970099,-1.646385306747185,0.3000000000006775,5.551115123125783e-13,3.239776372909546,3.4710118770599365,3.5,2.7999789464993463,0.6500000078122896,-3.1415926535839733,0.849993665146239,-12.79997574524231,3.0000000014364416,-6.431121781042652e-13,0.8499761998762504,2.2300154058631287,3.45000000654242,3.1415900010241367,0.8499926666345993,-10.060002299023141,3.8999988750523484,-1.415177418318379e-06,0.8499933791690859,-12.559502625631598,9.056078109637156e-11
5,C2,29,2.9039999999999964,-12.53595973725258,3.815799296931107e-06,3.062166489964798e-07,0.010007274554678406,-9.175678503412055,-7.277874233361914,-1.646385306747207,0.3000000000006775,-5.551115123125783e-13,3.239776372909546,3.4710118770599365,3.5,2.7999789464993463,0.6500000078122896,-3.1415926535839733,0.849993665146239,-12.79997574524231,3.0000000014364416,-6.431121781042652e-13,0.8499761998762504,2.2300154058631287,3.45000000654242,3.1415900010241367,0.8499926666345993,-10.060002299023141,3.8999988750523484,-1.415177418318379e-06,0.8499933791690859,-12.529502625631528,-1.2190831677472147e-11
5,C2,30,3.0,-12.503628065083426,4.124479412522024e-06,3.0569099987280176e-07,0.010076194019380556,-9.17794401396601,-7.307788568753703,-1.646385306747207,0.30000000000001137,0.0,3.186656951904297,3.4202561378479004,3.5,2.7999789464993463,0.6500000078122896,-3.1415926535839733,0.849993665146239,-12.79997574524231,3.0000000014364416,-6.431121781042652e-13,0.8499761998762504,2.2300154058631287,3.45000000654242,3.1415900010241367,0.8499926666345993,-10.060002299023141,3.8999988750523484,-1.415177418318379e-06,0.8499933791690859,-12.499502625631486,-1.1494444285276018e-10
5,C3,0,0.0,-13.002234965469762,1.5554777169583988e-09,-1.8712439198369932e-09,0.010000604209825431,-9.204677038503936,-7.660777726399804,-1.6463853067727643,-6.972200594645983e-12,1.0547118733938987e-11,3.5,3.5,3.5,2.7999789464993463,0.6500000078122896,-3.1415926535839733,0.849993665146239,-12.79997574524231,3.0000000014364416,-6.431121781042652e-13,0.8499761998762504,2.2300158433132955,3.450000006562738,3.1415900010241367,0.8499936668893588,-10.060002299023141,3.8999988750523484,-1.415177418318379e-06,0.8499933791690859,-13.001482885250962,1.5935844453099808e-09
5,C3,1,1.1840000000000828,-13.002228943096016,1.5551788642837292e-09,-2.0758577308009113e-09,0.010000783172024344,-9.204677038503936,-7.660777726399804,-1.6463853067727643,-6.972200594645983e-12,1.0547118733938987e-11,3.5,3.5,3.5,2.7947789478588283,0.6500000079981287,-3.1415926535839733,0.8499936606300714,-12.79661619612735,3.0000000016672863,-6.431121781042652e-13,0.8499757489215243,2.2263358795321238,3.450000006606045,-3.141592652565656,0.8499937582594143,-10.056002117219494,3.899998867935554,-1.4151774183192667e-06,0.8499933200128506,-13.001482885250962,1.5935844453099808e-09
5,C3,2,1.1840000000000828,-13.001955329583536,-8.639974822161219e-08,-0.0002887579660800666,0.010001019769255484,-9.204677038503936,-7.660777726399822,-1.6463853067727643,8.881784197001252e-13,0.0,3.5,3.5,3.5,2.781778947860489,0.6500000079983558,-3.1415926535839733,0.8499936606245546,-12.788216196683306,3.000000001667571,-6.431121781042652e-13,0.8499757483758297,2.217135880063953,3.4500000066060625,-3.141592652565656,0.8499937596126044,-10.046002116996434,3.899998867927536,-1.4151774183192677e-06,0.849993319943516,-13.001482885250944,1.5935857867616331e-09
5,C3,3,1.1840000000000828,-13.001955329583536,-8.639974822161219e-08,-0.0002887579660800666,0.010001019769255484,-9.204677038503936,-7.660777726399822,-1.6463853067727643,8.881784197001252e-13,0.0,3.5,3.5,3.5,2.781778947860489,0.6500000079983558,-3.1415926535839733,0.8499936606245546,-12.788216196683306,3.000000001667571,-6.431121781042652e-13,0.8499757483758297,2.217135880063953,3.4500000066060625,-3.141592652565656,0.8499937596126044,-10.046002116996434,3.899998867927536,-1.4151774183192677e-06,0.849993319943516,-13.001482885250944,1.5935857867616331e-09
5,C3,4,1.2200000000000273,-13.001236173659576,-7.164233863666051e-07,-0.0010588828383515448,0.010001267508280868,-9.204677038503936,-7.660777726399822,-1.6463853067727643,8.881784197001252e-13,0.0,3.5,3.5,3.5,2.7687789478621494,0.6500000079985829,-3.1415926535839733,0.8499936606190378,-12.779816197239278,3.0000000016678556,-6.431121781042652e-13,0.849975747830148,2.207935880595667,3.4500000066060803,-3.141592652565656,0.8499937609658399,-10.036002116773373,3.899998867919519,-1.4151774183192688e-06,0.8499933198741887,-13.001482885250944,1.5935857867616331e-09
5,C3,5,1.2200000000000273,-13.001236173659576,-7.164233863666051e-07,-0.0010588828383515448,0.010001267508280868,-9.204677038503936,-7.660777726399861,-1.6463853067727643,9.769962616701378e-13,0.0,3.5,3.5,3.5,2.7687789478621494,0.6500000079985829,-3.1415926535839733,0.8499936606190378,-12.779816197239278,3.0000000016678556,-6.431121781042652e-13,0.849975747830148,2.207935880595667,3.4500000066060803,-3.141592652565656,0.8499937609658399,-10.036002116773373,3.899998867919519,-1.4151774183192688e-06,0.8499933198741887,-13.001482885250905,1.5935887379552683e-09
5,C3,6,1.2200000000000273,-13.000070223114461,-2.845316100058046e-06,-0.0023107096102950257,0.010001522448794877,-9.204677038503936,-7.660777726399861,-1.6463853067727643,9.769962616701378e-13,0.0,3.5,3.5,3.5,2.75577894786381,0.65000000799881,-3.1415926535839733,0.8499936606135211,-12.77141619779526,3.0000000016681403,-6.431121781042652e-13,0.8499757472844789,2.1987358811272655,3.4500000066060985,-3.141592652565656,0.8499937623191206,-10.026002116550309,3.899998867911504,-1.4151774183192696e-06,0.8499933198048685,-13.001482885250905,1.5935887379552683e-09
5,C3,7,1.2520000000000664,-13.000070223114461,-2.845316100058046e-06,-0.0023107096102950257,0.010001522448794877,-9.204677038503936,-7.660777726399861,-1.6463853067727643,9.769962616701378e-13,0.0,3.5,3.5,3.5,2.75577894786381,0.65000000799881,-3.1415926535839733,0.8499936606135211,-12.77141619779526,3.0000000016681403,-6.431121781042652e-13,0.8499757472844789,2.1987358811272655,3.4500000066060985,-3.141592652565656,0.8499937623191206,-10.026002116550309,3.899998867911504,-1.4151774183192696e-06,0.8499933198048685,-13.001482885250905,1.5935887379552683e-09
5,C3,8,1.2520000000000664,-12.998458616839486,-7.960172557161073e-06,-0.004044652654670897,0.010001781822328934,-9.204677038503936,-7.660777726399878,-1.6463853067727643,9.325873406851315e-13,-5.551115123125783e-13,3.5,3.5,3.5,2.7427789478654705,0.6500000079990371,-3.1415926535839733,0.8499936606080043,-12.763016198351254,3.000000001668425,-6.431121781042652e-13,0.8499757467388226,2.189535881658749,3.4500000066061163,-3.141592652565656,0.8499937636724467,-10.016002116327243,3.8999988679034905,-1.415177418319271e-06,0.8499933197355555,-13.001482885250887,1.5935900794069206e-09
5,C3,9,1.2520000000000664,-12.996884697220676,-1.5539914452717065e-05,-0.005775524749791942,0.010001991180902694,-9.204677038503936,-7.660777726399878,-1.6463853067727643,9.325873406851315e-13,-5.551115123125783e-13,3.5,3.5,3.5,2.732378947866799,0.6500000079992188,-3.1415926535839733,0.8499936606035909,-12.75629619879606,3.0000000016686528,-6.431121781042652e-13,0.8499757463023067,2.1821758820838526,3.4500000066061305,-3.141592652565656,0.8499937647551402,-10.008002116148788,3.899998867897081,-1.4151774183192718e-06,0.8499933196801103,-13.001482885250887,1.5935900794069206e-09
5,C3,10,1.2840000000001055,-12.996884697220676,-1.5539914452717065e-05,-0.005775524749791942,0.010001991180902694,-9.204677038503936,-7.660777726399878,-1.6463853067727643,9.325873406851315e-13,-5.551115123125783e-13,3.5,3.5,3.5,2.732378947866799,0.6500000079992188,-3.1415926535839733,0.8499936606035909,-12.75629619879606,3.0000000016686528,-6.431121781042652e-13,0.8499757463023067,2.1821758820838526,3.4500000066061305,-3.141592652565656,0.8499937647551402,-10.008002116148788,3.899998867897081,-1.4151774183192718e-06,0.8499933196801103,-13.001482885250887,1.5935900794069206e-09
5,C3,11,1.2840000000001055,-12.995077218986644,-2.7583174466467108e-05,-0.007810432825617252,0.010002201761910755,-9.204734760466797,-7.661495407750855,-1.653585306494372,0.01799999993399304,-0.17999999304019187,3.5,3.5,3.5,2.7219789478681276,0.6500000079994005,-3.1415926535839733,0.8499936605991775,-12.749576199240874,3.00000000166888,-6.431121781042652e-13,0.8499757458657989,2.174815882508882,3.4500000066061443,-3.141592652565656,0.8499937658378626,-10.000002115970332,3.8999988678906723,-1.4151774183192728e-06,0.8499933196246696,-13.000762894239115,-3.3583919733941967e-06
5,C3,12,1.2840000000001055,-12.99192823699829,-5.73266472186686e-05,-0.011434516177130137,0.010002520516586622,-9.204734760466797,-7.661495407750855,-1.653585306494372,0.01799999993399304,-0.17999999304019187,3.5,3.5,3.5,2.70637894787012,0.650000007999673,-3.1415926535839733,0.8499936605925574,-12.739496199908107,3.000000001669222,-6.431121781042652e-13,0.8499757452110527,2.1637758831462883,3.4500000066061656,-3.141592652565656,0.8499937674620006,-9.988002115702646,3.8999988678810613,-1.415177418319274e-06,0.8499933195415172,-13.000762894239115,-3.3583919733941967e-06
5,C3,13,1.3240000000000691,-12.99192823699829,-5.73266472186686e-05,-0.011434516177130137,0.010002520516586622,-9.204734760466797,-7.661495407750855,-1.653585306494372,0.01799999993399304,-0.17999999304019187,3.5,3.5,3.5,2.70637894787012,0.650000007999673,-3.1415926535839733,0.8499936605925574,-12.739496199908107,3.000000001669222,-6.431121781042652e-13,0.8499757452110527,2.1637758831462883,3.4500000066061656,-3.141592652565656,0.8499937674620006,-9.988002115702646,3.8999988678810613,-1.415177418319274e-06,0.8499933195415172,-13.000762894239115,-3.3583919733941967e-06
5,C3,14,1.40400000000011,-12.97752995107537,-0.0003354096940287988,-0.02693319604538855,0.010003659440218016,-9.205876422061074,-7.673199612039765,-1.6775853055758865,0.13799999993908685,-0.19999999236075539,3.5,3.5,3.5,2.6543789478767623,0.6500000080005814,-3.1415926535839733,0.8499936605704904,-12.705896202132353,3.0000000016703607,-6.431121781042652e-13,0.8499757430286977,2.1269758852697764,3.450000006606236,-3.141592652565656,0.8499937728762644,-9.948002114810333,3.8999988678490425,-1.4151774183192783e-06,0.8499933192644172,-12.989005896274026,-0.0002578934215669912
5,C3,15,1.504000000000019,-12.94745021672409,-0.0015041896861601877,-0.04933150640877104,0.010044484674244928,-9.210586050369555,-7.7108244476379,-1.7095853054818158,0.2939999999604481,-0.19999999995801154,3.5,3.5,3.5,2.5815789478860616,0.6500000080018532,-3.1415926535839733,0.8499936605395966,-12.658856205246634,3.000000001671955,-6.431121781042652e-13,0.8499757399737434,2.0754558882395595,3.4500000066063348,-3.141592652565656,0.8499937804574491,-9.892002113561032,3.89999886780426,-1.4151774183192845e-06,0.8499933188766702,-12.951132840822028,-0.0021127581930807074
5,C3,16,1.6000000000000227,-12.922025990880087,-0.0028806583067598535,-0.06851403751379903,0.010124278335435954,-9.215033194259716,-7.740492492932819,-1.729585305481747,0.300000000000189,-0.1999999999990898,3.5,3.5,3.5,2.5191789478940323,0.6500000080029434,-3.1415926535839733,0.8499936605131162,-12.618536207916328,3.000000001673322,-6.431121781042652e-13,0.8499757373555294,2.0312958907822076,3.4500000066064183,-3.141592652565656,0.8499937869567348,-9.844002112490147,3.899998867765916,-1.4151774183192895e-06,0.8499933185444946,-12.921213677204443,-0.004306761115898584
5,C3,17,1.7000000000000455,-12.895515373696115,-0.004798026206683342,-0.08690776218802936,0.009994517427322146,-9.220072770099573,-7.770065667865667,-1.7495853054786585,0.300000000000189,-0.20000000001019203,3.5,3.5,3.5,2.459378947901671,0.6500000080039879,-3.1415926535839733,0.8499936604877392,-12.579896210475056,3.000000001674632,-6.431121781042652e-13,0.8499757348466834,1.9889758932164177,3.450000006606498,-3.141592652565656,0.8499937931861923,-9.798002111463832,3.899998867729206,-1.4151774183192946e-06,0.8499933182263146,-12.891344374355729,-0.007098668633403882
5,C3,18,1.8000000000000682,-12.866646653815762,-0.007584126181855077,-0.10610743746058805,0.009996870493165683,-9.22570276212684,-7.79953214356559,-1.769585305479722,0.300000000000189,-0.20000000001019203,3.5,3.5,3.5,2.3969789479096417,0.6500000080050782,-3.1415926535839733,0.8499936604612588,-12.539576213145315,3.0000000016759993,-6.431121781042652e-13,0.8499757322290448,1.944815895753859,3.4500000066065803,-3.141592652565656,0.8499937996875125,-9.750002110392844,3.899998867690937,-1.4151774183193e-06,0.8499933178944628,-12.861536879593908,-0.010487364020303354
5,C3,19,1.900000000000091,-12.831875752903349,-0.011684501458378007,-0.12930721763846736,0.009999496712028844,-9.23192091841942,-7.828880133832766,-1.7895853054807414,0.300000000000189,-0.20000000001019203,3.5,3.5,3.5,2.3215789479192734,0.6500000080063953,-3.1415926535839733,0.8499936604292616,-12.490856216372263,3.0000000016776514,-6.431121781042652e-13,0.8499757290664568,1.8914558988163859,3.45000000660668,-3.141592652565656,0.8499938075446585,-9.692002109098661,3.8999988676447455,-1.415177418319306e-06,0.8499933174936956,-12.831803115521897,-0.01447149184345749
5,C3,20,2.0,-12.804397714816536,-0.015506270616048153,-0.14770706323006136,0.010001473259362622,-9.238724751797694,-7.85809789986239,-1.8095853054817828,0.300000000000189,-0.20000000001019203,3.489621639251709,3.5,3.5,2.261778947926912,0.6500000080074398,-3.1415926535839733,0.8499936604038846,-12.452216218931865,3.000000001678962,-6.431121781042652e-13,0.8499757265585024,1.849135901242525,3.4500000066067575,-3.141592652565656,0.8499938137772637,-9.646002108072187,3.8999988676081507,-1.4151774183193111e-06,0.8499933171760173,-12.802154975248882,-0.01904945850484969
5,C3,21,2.1000000000000227,-12.775829225178178,-0.020030123040434937,-0.16690684208105494,0.01000392054792112,-9.246111540819031,-7.887173754937616,-1.829585305482824,0.3000000000002334,-0.20000000001074714,3.489621639251709,3.5,3.5,2.199378947934883,0.6500000080085301,-3.1415926535839733,0.8499936603774043,-12.411896221603037,3.000000001680329,-6.431121781042652e-13,0.8499757239417944,1.8049759037715434,3.450000006606838,-3.141592652565656,0.8499938202818651,-9.598002107001033,3.899998867570002,-1.4151774183193162e-06,0.8499933168446889,-12.772604317635667,-0.024219432878856594
5,C3,22,2.2040000000000646,-12.743165073937691,-0.02513473506676479,-0.18934358850810332,0.010058968616782743,-9.254078330866298,-7.916096069104084,-1.8495853054826887,0.300000000000189,-0.1999999999990898,3.5,3.431555986404419,3.5,2.126578947944182,0.650000008009802,-3.1415926535839733,0.8499936603465106,-12.364856224719768,3.000000001681925,-6.431121781042652e-13,0.8499757208893399,1.7534559067187019,3.450000006606932,-3.141592652565656,0.8499938278718735,-9.542002105751285,3.899998867525543,-1.4151774183193222e-06,0.849993316458348,-12.7431629625513,-0.029979347044646283
5,C3,23,2.300000000000068,-12.715987800358176,-0.030468889884726846,-0.20774526433160978,0.01000563612605197,-9.262621935329618,-7.944853273821207,-1.8695853054871938,0.3000000000001446,-0.20000000001074714,3.5,3.431555986404419,3.5,2.0667789479518213,0.6500000080108467,-3.1415926535839733,0.8499936603211335,-12.32621622728023,3.0000000016832358,-6.431121781042652e-13,0.8499757183822659,1.7111359091368725,3.4500000066070076,-3.141592652565656,0.8499938341075748,-9.496002104724655,3.899998867489062,-1.4151774183193275e-06,0.8499933161411649,-12.713842686145817,-0.03632689711331259
5,C3,24,2.400000000000091,-12.685322808971572,-0.03725705253239105,-0.22854497127469975,0.010005791981847516,-9.271738936881388,-7.973433866591587,-1.889585305488235,0.300000000000189,-0.20000000001019203,3.5,3.3869307041168213,3.5,1.9991789479604567,0.6500000080120276,-3.1415926535839733,0.8499936602924465,-12.282536230174987,3.000000001684718,-6.431121781042652e-13,0.8499757155485075,1.6632959118675128,3.4500000066070933,-3.141592652565656,0.8499938411577691,-9.444002103564056,3.8999988674478647,-1.415177418319333e-06,0.849993315782793,-12.684655216137767,-0.04325954414964879
5,C3,25,2.5,-12.65834235095029,-0.04378650101096225,-0.2469448121223655,0.010006254786632104,-9.281425688842369,-8.001826415558662,-1.9095853054892769,0.3000000000002334,-0.20000000001074714,3.5,3.3869307041168213,3.5,1.939378947968101,0.6500000080130723,-3.1415926535839733,0.8499936602670696,-12.243896232736015,3.000000001686029,-6.431121781042652e-13,0.8499757130420088,1.620975914280475,3.4500000066071688,-3.141592652565656,0.8499938473954877,-9.398002102537323,3.8999988674114583,-1.415177418319338e-06,0.8499933154659334,-12.655612227126525,-0.05077451518713723
5,C3,26,2.6000000000000227,-12.629182648647175,-0.05143963245228975,-0.2669446531384403,0.010007220937177982,-9.291678316640933,-8.030019564081407,-1.929585305490296,0.300000000000189,-0.20000000001019203,3.5,3.341083288192749,3.5,1.8743789479764097,0.6500000080142079,-3.1415926535839733,0.849993660239486,-12.20189623552004,3.0000000016874546,-6.431121781042652e-13,0.84997571031786,1.5749759169004864,3.45000000660725,-3.141592652565656,0.8499938541766887,-9.348002101421253,3.8999988673719255,-1.4151774183193433e-06,0.8499933151216931,-12.626725335920465,-0.058868804337563696
5,C3,27,2.7040000000000646,-12.600222869742785,-0.05929807762554914,-0.28696799684257907,0.010127017057451646,-9.302492719362643,-8.05800203527631,-1.949585305490627,0.3000000000002334,-0.19999999999853468,3.5,3.341083288192749,3.5,1.8093789479847184,0.6500000080153435,-3.1415926535839733,0.8499936602119023,-12.159896238304379,3.00000000168888,-6.431121781042652e-13,0.8499757075940304,1.5289759195176085,3.4500000066073304,-3.141592652565656,0.8499938609590054,-9.298002100305126,3.8999988673324344,-1.4151774183193488e-06,0.8499933147776322,-12.598006096890924,-0.06753917399317208
5,C3,28,2.800000000000068,-12.56910184385909,-0.06834127824682366,-0.3085909129381526,0.010004355022746924,-9.313864571390528,-8.085762636527702,-1.9695853054952208,0.30000000000032223,-0.2000000000906832,3.5,3.2997641563415527,3.5,1.739178947993692,0.65000000801657,-3.1415926535839733,0.849993660182112,-12.114536241311814,3.00000000169042,-6.431121781042652e-13,0.8499757046526529,1.4792959223408542,3.450000006607417,-3.141592652565656,0.8499938682851592,-9.244002099099646,3.89999886728983,-1.4151774183193546e-06,0.849993314406248,-12.56946599735088,-0.0767821561216536
5,C3,29,2.900000000000091,-12.54270443759826,-0.07701636356265616,-0.32699067755725975,0.010004708756088297,-9.32578932413566,-8.113290263965759,-1.9895853054962844,0.300000000000189,-0.20000000001019203,3.5,3.2997641563415527,3.5,1.6793789480013361,0.6500000080176147,-3.1415926535839733,0.849993660156735,-12.07589624387399,3.0000000016917316,-6.431121781042652e-13,0.8499757021473288,1.436975924743182,3.4500000066074894,-3.141592652565656,0.849993874526981,-9.198002098072704,3.8999988672535753,-1.4151774183193596e-06,0.8499933140900489,-12.54111645295907,-0.08659405365361422
5,C3,30,3.0,-12.509686130764894,-0.0886330608753751,-0.3501905053329023,0.010005585231429673,-9.338262207855767,-8.140573906906281,-2.0095853054973256,0.3000000000002334,-0.20000000001074714,3.5,3.236774206161499,3.5,1.6039789480109745,0.650000008018932,-3.1415926535839733,0.8499936601247381,-12.027176247104938,3.000000001693386,-6.431121781042652e-13,0.849975698988827,1.3836159277687163,3.450000006607581,-3.141592652565656,0.8499938823984456,-9.140002096777794,3.8999988672079127,-1.415177418319366e-06,0.8499933136915794,-12.512968803155522,-0.09697094196071371
5,C4,0,0.0,-13.00222618947569,1.428811527905745e-09,-2.1629759398431538e-09,0.010000875120476208,-9.522658577584554,-8.437593807432544,-2.243185306812619,9.325873406851315e-13,5.551115123125783e-13,3.5,3.5,3.5,2.7999789485633637,0.6500000080944374,-3.1415926535839733,0.8499936582910054,-12.799976432972242,3.0000000017885453,-6.431121781042652e-13,0.8499755186936089,2.230016094639442,3.4500000065687404,3.1415900010241367,0.8499943359512945,-10.060002022441589,3.899998864683848,-1.4151774183197264e-06,0.8499932912591445,-13.001465081112135,1.4684630623440924e-09
5,C4,1,1.2039999999999509,-13.002203421842184,-1.3130094373868018e-09,-1.9252295007297292e-05,0.010001064995070818,-9.522658577584554,-8.437593807432544,-2.243185306812619,9.325873406851315e-13,5.551115123125783e-13,3.5,3.5,3.5,2.7921789489090787,0.650000008141696,-3.1415926535839733,0.8499936571435681,-12.794936549975777,3.0000000018484485,-6.431121781042652e-13,0.8499754065959307,2.224496192499237,3.450000006612505,-3.141592652565656,0.849994622097585,-10.054001975801945,3.899998863197354,-1.415177418319952e-06,0.8499932776266821,-13.001465081112135,1.4684630623440924e-09
5,C4,2,1.2039999999999509,-13.001949907018062,-1.0610665890553777e-07,-0.0002887603806727693,0.010001261310634918,-9.522658577584565,-8.437593807432561,-2.2431853068126406,9.769962616701378e-13,0.0,3.5,3.5,3.5,2.781778948910408,0.6500000081418777,-3.1415926535839733,0.849993657139155,-12.78821655042682,3.0000000018486794,-6.431121781042652e-13,0.8499754061658638,2.2171361928658193,3.450000006612507,-3.141592652565656,0.849994623201467,-10.04600197562238,3.899998863191775,-1.4151774183199528e-06,0.849993277574852,-13.001465081112114,1.468465788256006e-09
5,C4,3,1.2039999999999509,-13.00157283810251,-4.4272447409782814e-07,-0.0006930607455569313,0.01000141182798283,-9.522658577584565,-8.437593807432561,-2.2431853068126406,9.769962616701378e-13,0.0,3.5,3.5,3.5,2.773978948911405,0.6500000081420141,-3.1415926535839733,0.8499936571358451,-12.783176550765107,3.0000000018488526,-6.431121781042652e-13,0.8499754058433189,2.2116161931407072,3.450000006612508,-3.141592652565656,0.8499946240293949,-10.040001975487705,3.8999988631875917,-1.4151774183199534e-06,0.8499932775359825,-13.001465081112114,1.468465788256006e-09
5,C4,4,1.240000000000009,-13.00157283810251,-4.4272447409782814e-07,-0.0006930607455569313,0.01000141182798283,-9.522658577584565,-8.437593807432561,-2.2431853068126406,9.769962616701378e-13,0.0,3.5,3.5,3.5,2.773978948911405,0.6500000081420141,-3.1415926535839733,0.8499936571358451,-12.783176550765107,3.0000000018488526,-6.431121781042652e-13,0.8499754058433189,2.2116161931407072,3.450000006612508,-3.141592652565656,0.8499946240293949,-10.040001975487705,3.8999988631875917,-1.4151774183199534e-06,0.8499932775359825,-13.001465081112114,1.468465788256006e-09
5,C4,5,1.240000000000009,-13.000820408230627,-1.6484426544052414e-06,-0.0015018088445293374,0.01000161556597968,-9.522658577584584,-8.437593807432597,-2.243185306812619,9.325873406851315e-13,5.551115123125783e-13,3.5,3.5,3.5,2.763578948912734,0.6500000081421959,-3.1415926535839733,0.8499936571314319,-12.776456551216164,3.0000000018490836,-6.431121781042652e-13,0.8499754054132663,2.204256193507158,3.4500000066125107,-3.141592652565656,0.8499946251333206,-10.032001975308136,3.8999988631820144,-1.4151774183199543e-06,0.8499932774841605,-13.001465081112075,1.468472629787577e-09
5,C4,6,1.240000000000009,-12.999782518640881,-4.3780208259505665e-06,-0.00261898392769487,0.010001821688276126,-9.522658577584584,-8.437593807432597,-2.243185306812619,9.325873406851315e-13,5.551115123125783e-13,3.5,3.5,3.5,2.753178948914063,0.6500000081423777,-3.1415926535839733,0.8499936571270187,-12.76973655166723,3.0000000018493145,-6.431121781042652e-13,0.849975404983222,2.1968961938735334,3.4500000066125125,-3.141592652565656,0.8499946262372713,-10.024001975128566,3.8999988631764384,-1.415177418319955e-06,0.8499932774323431,-13.001465081112075,1.468472629787577e-09
5,C4,7,1.2719999999999345,-12.998816914280589,-7.972258089356994e-06,-0.003659464550327443,0.010001977378796779,-9.522658577584584,-8.437593807432597,-2.243185306812619,9.325873406851315e-13,5.551115123125783e-13,3.5,3.5,3.5,2.74537894891506,0.650000008142514,-3.1415926535839733,0.8499936571237088,-12.764696552005534,3.0000000018494877,-6.431121781042652e-13,0.8499754046606942,2.191376194148266,3.450000006612514,-3.141592652565656,0.8499946270652506,-10.018001974993888,3.899998863172257,-1.4151774183199555e-06,0.8499932773934832,-13.001465081112075,1.468472629787577e-09
5,C4,8,1.2719999999999345,-12.998816914280589,-7.972258089356994e-06,-0.003659464550327443,0.010001977378796779,-9.522658577584595,-8.437593807432615,-2.2431853068126406,9.769962616701378e-13,0.0,3.5,3.5,3.5,2.74537894891506,0.650000008142514,-3.1415926535839733,0.8499936571237088,-12.764696552005534,3.0000000018494877,-6.431121781042652e-13,0.8499754046606942,2.191376194148266,3.450000006612514,-3.141592652565656,0.8499946270652506,-10.018001974993888,3.899998863172257,-1.4151774183199555e-06,0.8499932773934832,-13.001465081112054,1.4684753556994908e-09
5,C4,9,1.2719999999999345,-12.997280375144713,-1.5720703362627857e-05,-0.0053172342615280845,0.010002186175653623,-9.522658577584595,-8.437593807432615,-2.2431853068126406,9.769962616701378e-13,0.0,3.5,3.5,3.5,2.7349789489163894,0.6500000081426958,-3.1415926535839733,0.8499936571192956,-12.757976552456611,3.0000000018497186,-6.431121781042652e-13,0.8499754042306644,2.18401619451451,3.4500000066125156,-3.141592652565656,0.849994628169245,-10.010001974814317,3.8999988631666826,-1.4151774183199566e-06,0.8499932773416738,-13.001465081112054,1.4684753556994908e-09
5,C4,10,1.3079999999999927,-12.995460146427023,-2.8056406443690706e-05,-0.007284561942825992,0.010002396480722181,-9.522658577584595,-8.437593807432615,-2.2431853068126406,9.769962616701378e-13,0.0,3.5,3.5,3.5,2.7245789489177183,0.6500000081428776,-3.1415926535839733,0.8499936571148825,-12.751256552907698,3.0000000018499495,-6.431121781042652e-13,0.8499754038006428,2.1766561948806786,3.450000006612518,-3.141592652565656,0.8499946292732643,-10.002001974634744,3.8999988631611093,-1.4151774183199574e-06,0.8499932772898692,-13.001465081112054,1.4684753556994908e-09
5,C4,11,1.3079999999999927,-12.993357674990593,-4.650341003932871e-05,-0.009562036682184723,0.010002608886963962,-9.523213817368259,-8.438276520196203,-2.259185306502616,0.021999999926558544,-0.399999992249378,3.5,3.5,3.5,2.7141789489190478,0.6500000081430594,-3.1415926535839733,0.8499936571104693,-12.744536553358794,3.0000000018501805,-6.431121781042652e-13,0.8499754033706296,2.169296195246772,3.45000000661252,-3.141592652565656,0.8499946303773086,-9.99400197445517,3.8999988631555373,-1.4151774183199583e-06,0.8499932772380692,-13.000585135556923,-9.1503035946243e-06
5,C4,12,1.3079999999999927,-12.991596711846158,-6.538981604447782e-05,-0.011474084977840726,0.010002770200743942,-9.523213817368259,-8.438276520196203,-2.259185306502616,0.021999999926558544,-0.399999992249378,3.5,3.5,3.5,2.7063789489200443,0.6500000081431957,-3.1415926535839733,0.8499936571071594,-12.73949655369712,3.0000000018503536,-6.431121781042652e-13,0.849975403048125,2.163776195521293,3.450000006612521,-3.141592652565656,0.8499946312053582,-9.988001974320488,3.899998863151359,-1.4151774183199591e-06,0.8499932771992221,-13.000585135556923,-9.1503035946243e-06
5,C4,13,1.3439999999999372,-12.989678983182094,-8.95069236809542e-05,-0.013561298395237857,0.010002933925959056,-9.523213817368259,-8.438276520196203,-2.259185306502616,0.021999999926558544,-0.399999992249378,3.5,3.5,3.5,2.698578948921041,0.650000008143332,-3.1415926535839733,0.8499936571038496,-12.73445655403545,3.000000001850527,-6.431121781042652e-13,0.8499754027256251,2.1582561957957713,3.4500000066125223,-3.141592652565656,0.8499946320334218,-9.982001974185804,3.899998863147181,-1.4151774183199596e-06,0.8499932771603778,-13.000585135556923,-9.1503035946243e-06
5,C4,14,1.4039999999999964,-12.977025791761875,-0.0003461850906106886,-0.027648646592829534,0.010003885440998722,-9.52922431345688,-8.445240984236818,-2.2991853057280536,0.12199999992748012,-0.3999999922316144,3.5,3.5,3.5,2.656978948926358,0.6500000081440593,-3.1415926535839733,0.8499936570861968,-12.707576555839953,3.0000000018514505,-6.431121781042652e-13,0.8499754010057045,2.128816197258941,3.4500000066125303,-3.141592652565656,0.8499946364499983,-9.950001973467485,3.8999988631249094,-1.4151774183199632e-06,0.8499932769532514,-12.991392907218584,-0.0003735138311464388
5,C4,15,1.5039999999999054,-12.951238755314373,-0.001449943545284204,-0.05819249569094229,0.010026231696502092,-9.553799493971361,-8.470879215939954,-2.363185304471012,0.2819999999393197,-0.3999999919945818,3.5,3.5,3.5,2.594578948934333,0.6500000081451499,-3.1415926535839733,0.8499936570597177,-12.667256558546947,3.0000000018528366,-6.431121781042652e-13,0.8499753984260716,2.0846561994514365,3.4500000066125405,-3.141592652565656,0.8499946430756105,-9.902001972389964,3.8999988630915334,-1.4151774183199684e-06,0.8499932766427006,-12.956028380961925,-0.003630614508912028
5,C4,16,1.599999999999909,-12.925514416730586,-0.003209203925623464,-0.0937367570192611,0.010146081984642244,-9.575576011205314,-8.491510825270273,-2.4031853044415423,0.2999999999997005,-0.3999999999976245,3.5,3.5,3.5,2.5321789489423083,0.6500000081462406,-3.1415926535839733,0.8499936570332387,-12.626936561254224,3.0000000018542226,-6.431121781042652e-13,0.8499753958467366,2.0404962016412225,3.4500000066125507,-3.141592652565656,0.8499946497021189,-9.854001971312394,3.899998863058196,-1.4151774183199735e-06,0.8499932763323162,-12.926323881474506,-0.007816628914231877
5,C4,17,1.7039999999999509,-12.897788918877902,-0.006014164456868783,-0.13035372598373227,0.010005995475323801,-9.598160153865498,-8.511255103088539,-2.4431853042552647,0.30000000000289795,-0.3999999967591039,3.5,3.5,3.5,2.4697789489502835,0.6500000081473313,-3.1415926535839733,0.8499936570067596,-12.586616563961783,3.000000001855609,-6.431121781042652e-13,0.8499753932676996,1.9963362038282972,3.4500000066125605,-3.141592652565656,0.8499946563295224,-9.806001970234776,3.8999988630248965,-1.4151774183199788e-06,0.8499932760220981,-12.896810538349271,-0.013187158109065428
5,C4,18,1.8039999999999736,-12.86893944716897,-0.010344177054362528,-0.16875317036652016,0.010005899051174228,-9.62151579214391,-8.530080462766689,-2.4831853042573475,0.3000000000006775,-0.40000000002093916,3.5,3.5,3.5,2.4073789489582587,0.6500000081484221,-3.1415926535839733,0.8499936569802805,-12.546296566669628,3.0000000018569954,-6.431121781042652e-13,0.8499753906889604,1.9521762060126615,3.4500000066125693,-3.141592652565656,0.8499946629578201,-9.758001969157107,3.899998862991635,-1.415177418319984e-06,0.8499932757120463,-12.867535566634215,-0.01973361039151454
5,C4,19,1.8999999999999773,-12.835552093867005,-0.016783381430645974,-0.21355278745545483,0.010006254279063305,-9.645605562002219,-8.547956787740723,-2.523185304259408,0.3000000000006331,-0.40000000002038405,3.5,3.5,3.5,2.3345789489675632,0.6500000081496945,-3.1415926535839733,0.8499936569493883,-12.499256569829138,3.000000001858613,-6.431121781042652e-13,0.8499753876808082,1.9006562085576593,3.4500000066125796,-3.141592652565656,0.8499946706919624,-9.702001967899767,3.8999988629528786,-1.41517741831999e-06,0.8499932753505296,-12.83854580004211,-0.027445512837659752
5,C4,20,2.0,-12.808389355782351,-0.023182180318488847,-0.2503525112384006,0.010006879679292563,-9.670390924947535,-8.56485547970409,-2.563185304261491,0.3000000000006331,-0.40000000002038405,3.5,3.4913835525512695,3.5,2.274778948975206,0.6500000081507399,-3.1415926535839733,0.8499936569240126,-12.460616572424739,3.0000000018599415,-6.431121781042652e-13,0.8499753852101294,1.8583362106454322,3.4500000066125875,-3.141592652565656,0.8499946770459159,-9.6560019668669,3.8999988629210818,-1.415177418319995e-06,0.8499932750537388,-12.809887616015354,-0.03631052804871546
5,C4,21,2.099999999999909,-12.780373112098134,-0.03084952785480343,-0.28875805886176803,0.010041357023705325,-9.69583222968639,-8.580749504354499,-2.6031853042632185,0.30000000000032223,-0.4000000000120574,3.5,3.4913835525512695,3.5,2.212378948983181,0.6500000081518303,-3.1415926535839733,0.8499936568975336,-12.42029657513347,3.0000000018613284,-6.431121781042652e-13,0.8499753826323215,1.814176212821322,3.450000006612594,-3.141592652565656,0.8499946836770002,-9.608001965789079,3.89999886288794,-1.41517741832e-06,0.8499932747442069,-12.781606861534982,-0.04631447389143803
5,C4,22,2.199999999999932,-12.751793641929932,-0.03856177633245832,-0.32881897178089375,0.010060148173851508,-9.721888775558297,-8.595613434643056,-2.6431853042629476,0.2999999999997005,-0.3999999999976245,3.5,3.426909923553467,3.5,2.1473789489914887,0.6500000081529667,-3.1415926535839733,0.8499936568699513,-12.378296577955366,3.0000000018627735,-6.431121781042652e-13,0.8499753799474221,1.7681762150849896,3.4500000066126013,-3.141592652565656,0.8499946905853254,-9.558001964666296,3.8999988628534576,-1.4151774183200057e-06,0.8499932744219548,-12.753748779775322,-0.05744134618646532
5,C4,23,2.3039999999999736,-12.721022018815496,-0.04954052985880376,-0.372030411601427,0.010005769952123683,-9.748518877647953,-8.609423491451714,-2.6831853042719356,0.3000000000006775,-0.4000000000231596,3.5,3.426909923553467,3.5,2.0771789490004613,0.6500000081541938,-3.1415926535839733,0.8499936568401625,-12.33293658100336,3.000000001864334,-6.431121781042652e-13,0.849975377048094,1.7184962175264442,3.450000006612608,-3.141592652565656,0.8499946980473992,-9.504001963453632,3.899998862816263,-1.4151774183200114e-06,0.8499932740741254,-12.726357937724956,-0.0696733443117079
5,C4,24,2.4039999999999964,-12.691835278591945,-0.06161488113941176,-0.413630187435765,0.010006000749888257,-9.775679933473828,-8.62215758163624,-2.723185304274019,0.3000000000006775,-0.40000000002093916,3.5,3.3981704711914062,3.5,2.009578949009101,0.6500000081553754,-3.1415926535839733,0.8499936568114769,-12.289256583938803,3.000000001865837,-6.431121781042652e-13,0.849975374256505,1.670656219874229,3.450000006612614,-3.141592652565656,0.8499947052341611,-9.452001962285822,3.8999988627804916,-1.4151774183200171e-06,0.8499932737393775,-12.69947815488694,-0.08299089967990417
5,C4,25,2.5039999999999054,-12.664292734539343,-0.07434835242189274,-0.4536300221393737,0.010006612284566403,-9.803328491140043,-8.633795333368505,-2.7631853042760794,0.3000000000006775,-0.40000000002093916,3.5,3.3981704711914062,3.5,1.944578949017414,0.6500000081565116,-3.1415926535839733,0.8499936567838947,-12.24725658676166,3.000000001867282,-6.431121781042652e-13,0.8499753715726149,1.624656222128711,3.450000006612619,-3.141592652565656,0.8499947121454895,-9.402001961162874,3.8999988627461386,-1.4151774183200227e-06,0.8499932734176887,-12.673152433180368,-0.09737270704309829
5,C4,26,2.599999999999909,-12.638374667373448,-0.08758980818509972,-0.49202986342878374,0.010007798629241676,-9.831420318852368,-8.644318128728328,-2.803185304278162,0.3000000000006331,-0.40000000002038405,3.5,3.362653970718384,3.5,1.8821789490253948,0.6500000081576023,-3.1415926535839733,0.8499936567574157,-12.20693658947189,3.0000000018686697,-6.431121781042652e-13,0.8499753689963849,1.5804962242902432,3.4500000066126235,-3.141592652565656,0.8499947187812679,-9.354001960084794,3.8999988627131983,-1.4151774183200277e-06,0.8499932731090374,-12.647422888144124,-0.11279575857745933
5,C4,27,2.699999999999932,-12.61377380369606,-0.1000361116888282,-0.5288954106893209,0.010072222843633542,-9.859910475678978,-8.653709133487876,-2.8431853042780912,0.2999999999997005,-0.3999999999976245,3.5,3.362653970718384,3.5,1.822378949033043,0.6500000081586474,-3.1415926535839733,0.8499936567320401,-12.168296592069462,3.0000000018699993,-6.431121781042652e-13,0.8499753665277776,1.5381762263591645,3.4500000066126275,-3.141592652565656,0.8499947251413845,-9.30800195905159,3.8999988626816666,-1.4151774183200328e-06,0.8499932728134028,-12.622330681561644,-0.12923538069053656
5,C4,28,2.8039999999999736,-12.585722679664794,-0.11678107733059388,-0.5721215847617914,0.010002698431975645,-9.888753383446296,-8.661953324042617,-2.8831853042875677,0.3000000000006775,-0.40000000002093916,3.5,3.31467866897583,3.5,1.7521789490420216,0.6500000081598747,-3.1415926535839733,0.8499936567022512,-12.122936595119118,3.0000000018715607,-6.431121781042652e-13,0.8499753636301969,1.4884962287847165,3.4500000066126306,-3.141592652565656,0.8499947326086427,-9.254001957838637,3.8999988626446958,-1.4151774183200385e-06,0.8499932724665484,-12.597915955611057,-0.14666527349384148
5,C4,29,2.8999999999999773,-12.560514263125222,-0.13371660828325854,-0.6121213543543067,0.010003647533081647,-9.91790289965547,-8.669037511446612,-2.9231853042896287,0.3000000000006775,-0.40000000002093916,3.5,3.31467866897583,3.5,1.687178949050335,0.6500000081610109,-3.1415926535839733,0.8499936566746691,-12.080936597943191,3.0000000018730066,-6.431121781042652e-13,0.8499753609475884,1.4424962310275342,3.4500000066126333,-3.141592652565656,0.849994739523765,-9.20400195671548,3.8999988626105067,-1.415177418320044e-06,0.8499932721455747,-12.574217768645003,-0.16505755287747845
5,C4,30,3.0,-12.535060973318718,-0.15236738655082466,-0.6537212739777172,0.010004924976162484,-9.947312391298343,-8.674950362511161,-2.9631853042916894,0.3000000000006331,-0.40000000002038405,3.5,3.3011045455932617,3.5,1.619578949058981,0.6500000081621926,-3.1415926535839733,0.8499936566459836,-12.037256600880555,3.0000000018745103,-6.431121781042652e-13,0.849975358158019,1.394656233356939,3.4500000066126355,-3.141592652565656,0.8499947467165054,-9.15200195554734,3.8999988625749937,-1.4151774183200498e-06,0.8499932718119537,-12.551274032707619,-0.18438279511759806
6,C0,0,0.0,-13.004090563170344,1.031275859741981e-09,-7.96402357537532e-09,0.01000304366881215,-10.241733058566462,-8.6692989555462,2.924800000296841,9.769962616701378e-13,0.0,3.5,3.5,3.5,-10.499978950643255,-0.5500000083787542,5.8198834308942204e-12,0.8499936513912254,-12.799976717853395,3.0000000019343975,-6.431121781042652e-13,0.8499752476100375,2.2300168023296414,3.4500000065367513,3.1415900010241367,0.849997033421915,-10.060001909091362,3.8999988612002916,-1.4151774183202736e-06,0.8499932587151066,-13.003674907417238,1.0569091075210861e-09
6,C0,1,1.2160000000000082,-13.004199904029946,2.6044163315138622e-08,0.0001154900906110254,0.0100034396311312,-10.241733058566462,-8.6692989555462,2.924800000296841,9.769962616701378e-13,0.0,3.5,3.5,3.5,-10.494378951894472,-0.5500000085497927,5.8198834308942204e-12,0.8499936472444102,-12.793257581330106,3.00000000237647,-6.431121781042652e-13,0.8499744629211192,2.2226568227456083,3.4500000065780525,-3.141592652565656,0.849997151474667,-10.052001569796778,3.899998853353712,-1.4151774183218976e-06,0.8499931730418945,-13.003674907417238,1.0569091075210861e-09
6,C0,2,1.2160000000000082,-13.004199904029946,2.6044163315138622e-08,0.0001154900906110254,0.0100034396311312,-10.24173305856648,-8.6692989555462,2.924800000296841,9.769962616701378e-13,0.0,3.5,3.5,3.5,-10.494378951894472,-0.5500000085497927,5.8198834308942204e-12,0.8499936472444102,-12.793257581330106,3.00000000237647,-6.431121781042652e-13,0.8499744629211192,2.2226568227456083,3.4500000065780525,-3.141592652565656,0.849997151474667,-10.052001569796778,3.899998853353712,-1.4151774183218976e-06,0.8499931730418945,-13.00367490741722,1.0569129284372855e-09
6,C0,3,1.2160000000000082,-13.004351463727748,1.0776583191636721e-06,0.0004955652735522727,0.010011354686891313,-10.24173305856648,-8.6692989555462,2.924800000296841,9.769962616701378e-13,0.0,3.5,3.5,3.5,-10.488778951895803,-0.5500000085499748,5.8198834308942204e-12,0.8499936472399976,-12.786537581798456,3.00000000237671,-6.431121781042652e-13,0.8499744625099672,2.2152968229397576,3.4500000065780196,-3.141592652565656,0.849997152621508,-10.044001569614464,3.8999988533505188,-1.4151774183218984e-06,0.8499931730005125,-13.00367490741722,1.0569129284372855e-09
6,C0,4,1.2440000000000282,-13.004351463727748,1.0776583191636721e-06,0.0004955652735522727,0.010011354686891313,-10.24173305856648,-8.6692989555462,2.924800000296841,9.769962616701378e-13,0.0,3.5,3.5,3.5,-10.488778951895803,-0.5500000085499748,5.8198834308942204e-12,0.8499936472399976,-12.786537581798456,3.00000000237671,-6.431121781042652e-13,0.8499744625099672,2.2152968229397576,3.4500000065780196,-3.141592652565656,0.849997152621508,-10.044001569614464,3.8999988533505188,-1.4151774183218984e-06,0.8499931730005125,-13.00367490741722,1.0569129284372855e-09
6,C0,5,1.2440000000000282,-13.004351463727748,1.0776583191636721e-06,0.0004955652735522727,0.010011354686891313,-10.241733058566497,-8.6692989555462,2.924800000296841,8.881784197001252e-13,0.0,3.5,3.5,3.5,-10.488778951895803,-0.5500000085499748,5.8198834308942204e-12,0.8499936472399976,-12.786537581798456,3.00000000237671,-6.431121781042652e-13,0.8499744625099672,2.2152968229397576,3.4500000065780196,-3.141592652565656,0.849997152621508,-10.044001569614464,3.8999988533505188,-1.4151774183218984e-06,0.8499931730005125,-13.003674907417203,1.0569167493534846e-09
6,C0,6,1.2440000000000282,-13.004476023927019,6.056439781498697e-06,0.0010281940189217722,0.010031252551578319,-10.241733058566497,-8.6692989555462,2.924800000296841,8.881784197001252e-13,0.0,3.5,3.5,3.5,-10.481778951897466,-0.5500000085502024,5.8198834308942204e-12,0.8499936472344819,-12.778137582383904,3.0000000023770097,-6.431121781042652e-13,0.8499744619960394,2.2060968231823344,3.450000006577979,-3.141592652565656,0.8499971540550779,-10.034001569386568,3.899998853346528,-1.4151774183218995e-06,0.8499931729487915,-13.003674907417203,1.0569167493534846e-09
6,C0,7,1.268000000000029,-13.004476023927019,6.056439781498697e-06,0.0010281940189217722,0.010031252551578319,-10.241733058566497,-8.6692989555462,2.924800000296841,8.881784197001252e-13,0.0,3.5,3.5,3.5,-10.481778951897466,-0.5500000085502024,5.8198834308942204e-12,0.8499936472344819,-12.778137582383904,3.0000000023770097,-6.431121781042652e-13,0.8499744619960394,2.2060968231823344,3.450000006577979,-3.141592652565656,0.8499971540550779,-10.034001569386568,3.899998853346528,-1.4151774183218995e-06,0.8499931729487915,-13.003674907417203,1.0569167493534846e-09
6,C0,8,1.268000000000029,-13.004608941038024,1.1027404761882854e-05,0.001560822018733039,0.010020416222343885,-10.241733058566517,-8.669298955546198,2.9248000002968633,9.325873406851315e-13,5.551115123125783e-13,3.5,3.5,3.5,-10.474778951899129,-0.5500000085504299,5.8198834308942204e-12,0.8499936472289662,-12.769737582969364,3.0000000023773095,-6.431121781042652e-13,0.849974461482125,2.196896823424789,3.4500000065779375,-3.141592652565656,0.8499971554886685,-10.024001569158672,3.8999988533425394,-1.4151774183219005e-06,0.8499931728970779,-13.003674907417185,1.0569192175847723e-09
6,C0,9,1.268000000000029,-13.004608941038024,1.1027404761882854e-05,0.001560822018733039,0.010020416222343885,-10.241733058566517,-8.669298955546198,2.9248000002968633,9.325873406851315e-13,5.551115123125783e-13,3.5,3.5,3.5,-10.474778951899129,-0.5500000085504299,5.8198834308942204e-12,0.8499936472289662,-12.769737582969364,3.0000000023773095,-6.431121781042652e-13,0.849974461482125,2.196896823424789,3.4500000065779375,-3.141592652565656,0.8499971554886685,-10.024001569158672,3.8999988533425394,-1.4151774183219005e-06,0.8499931728970779,-13.003674907417185,1.0569192175847723e-09
6,C0,10,1.2999999999999545,-13.004311242933538,1.3843726863920232e-05,0.0019954990818583348,0.010007463447167936,-10.241733058566517,-8.669298955546198,2.9248000002968633,9.325873406851315e-13,5.551115123125783e-13,3.5,3.5,3.5,-10.46917895190046,-0.5500000085506119,5.8198834308942204e-12,0.8499936472245537,-12.76301758343774,3.0000000023775493,-6.431121781042652e-13,0.849974461071003,2.1895368236186648,3.4500000065779046,-3.141592652565656,0.8499971566355558,-10.016001568976353,3.8999988533393495,-1.4151774183219014e-06,0.8499931728557123,-13.003674907417185,1.0569192175847723e-09
6,C0,11,1.2999999999999545,-13.00327337675852,1.633271160098202e-05,0.0026106127346653277,0.010007457947611627,-10.24188944954179,-8.669265165131375,2.9312000001741234,0.004000000022186256,0.15999999693205869,3.5,3.5,3.5,-10.463578951901791,-0.550000008550794,5.8198834308942204e-12,0.8499936472201411,-12.756297583906125,3.000000002377789,-6.431121781042652e-13,0.8499744606598898,2.182176823812462,3.450000006577872,-3.141592652565656,0.8499971577824563,-10.008001568794034,3.899998853336161,-1.4151774183219024e-06,0.8499931728143514,-13.003514908918177,6.410535835565739e-07
6,C0,12,1.2999999999999545,-13.00196274955958,2.0425793493412336e-05,0.0034736785558388433,0.010007474760556285,-10.24188944954179,-8.669265165131375,2.9312000001741234,0.004000000022186256,0.15999999693205869,3.5,3.5,3.5,-10.457978951903122,-0.5500000085509761,5.8198834308942204e-12,0.8499936472157286,-12.749577584374515,3.000000002378029,-6.431121781042652e-13,0.8499744602487851,2.1748168240061814,3.4500000065778393,-3.141592652565656,0.8499971589293701,-10.000001568611713,3.8999988533329732,-1.4151774183219033e-06,0.8499931727729951,-13.003514908918177,6.410535835565739e-07
6,C0,13,1.3319999999999936,-13.00196274955958,2.0425793493412336e-05,0.0034736785558388433,0.010007474760556285,-10.24188944954179,-8.669265165131375,2.9312000001741234,0.004000000022186256,0.15999999693205869,3.5,3.5,3.5,-10.457978951903122,-0.5500000085509761,5.8198834308942204e-12,0.8499936472157286,-12.749577584374515,3.000000002378029,-6.431121781042652e-13,0.8499744602487851,2.1748168240061814,3.4500000065778393,-3.141592652565656,0.8499971589293701,-10.000001568611713,3.8999988533329732,-1.4151774183219033e-06,0.8499931727729951,-13.003514908918177,6.410535835565739e-07
6,C0,14,1.3999999999999773,-12.991650003614996,0.00010537378816490806,0.011422201355730202,0.010015506852477433,-10.251097104845151,-8.667587317129351,2.9791999998039564,0.11799999992949672,0.3999999939624521,3.5,3.5,3.5,-10.429978951909776,-0.5500000085518864,5.8198834308942204e-12,0.8499936471936659,-12.715977586716587,3.000000002379228,-6.431121781042652e-13,0.8499744581933905,2.1380168249736053,3.4500000065776755,-3.141592652565656,0.8499971646641368,-9.960001567700093,3.899998853317051,-1.4151774183219075e-06,0.8499931725662844,-12.994161880503706,0.0003426199732849157
6,C0,15,1.5080000000000382,-12.971019904090243,0.0005028401307262851,0.025990976448523842,0.010007996766051009,-10.285692843188349,-8.66318814817952,3.043199999153008,0.2779999999031002,0.3999999968201662,3.5,3.5,3.5,-10.39637895191776,-0.5500000085529788,5.8198834308942204e-12,0.8499936471671906,-12.675657589527319,3.0000000023806668,-6.431121781042652e-13,0.8499744557272004,2.0938568261319337,3.450000006577478,-3.141592652565656,0.8499971715462915,-9.912001566606115,3.899998853297979,-1.4151774183219128e-06,0.8499931723183863,-12.9594296920178,0.0034879151803552015
6,C0,16,1.6000000000000227,-12.941502593541985,0.0015919685429286914,0.0496676632174265,0.010008199667560376,-10.315598715443004,-8.660838933194347,3.083199998608106,0.29999999999548166,0.39999999448037116,3.5,3.5,3.5,-10.35997895192641,-0.5500000085541622,5.8198834308942204e-12,0.8499936471385091,-12.631977592572586,3.000000002382226,-6.431121781042652e-13,0.8499744530558435,2.0460168273836126,3.4500000065772634,-3.141592652565656,0.8499971790024932,-9.860001565420927,3.8999988532773613,-1.4151774183219183e-06,0.8499931720500208,-12.929718532899654,0.007626396811895756
6,C0,17,1.7039999999999509,-12.912509184345284,0.0034658458660587568,0.08141223679397858,0.010008350572344072,-10.345574609732402,-8.659687513233676,3.1231999980460845,0.2999999999952596,0.3999999943332666,3.5,3.5,3.5,-10.324978951934726,-0.5500000085553002,5.8198834308942204e-12,0.8499936471109307,-12.589977595501027,3.000000002383725,-6.431121781042652e-13,0.8499744504875736,2.000016828584034,3.4500000065770564,-3.141592652565656,0.8499971861724401,-9.81000156428128,3.899998853257579,-1.4151774183219238e-06,0.8499931717921639,-12.900196634661542,0.01294969755425517
6,C0,18,1.8120000000000118,-12.880720505244948,0.006718385699417398,0.1238319997185961,0.010008476098532103,-10.375572571021458,-8.659735730326153,-3.1199853093804646,0.2999999999997449,0.4000000000325965,3.5,3.5,3.5,-10.287178951943709,-0.5500000085565291,5.8198834308942204e-12,0.8499936470811461,-12.544617598664075,3.0000000023853444,-6.431121781042652e-13,0.849974447714219,1.9503368298770578,3.4500000065768317,-3.141592652565656,0.8499971939165567,-9.756001563050413,3.899998853236261,-1.4151774183219295e-06,0.8499931715138845,-12.870911226042246,0.01944930126437043
6,C0,19,1.9039999999999964,-12.853726083071352,0.010572850986565392,0.16063266931161332,0.010008559184145487,-10.405544608971907,-8.660983507347476,-3.079985309377227,0.2999999999997005,0.4000000000320414,3.5,3.5,3.5,-10.254978951951362,-0.550000008557576,5.8198834308942204e-12,0.8499936470557741,-12.505977601358794,3.000000002386724,-6.431121781042652e-13,0.8499744453520407,1.9080168309757115,3.4500000065766403,-3.141592652565656,0.8499972005138654,-9.710001562001858,3.8999988532181393,-1.4151774183219346e-06,0.8499931712770004,-12.84190915745052,0.027114809975399185
6,C0,20,2.008000000000038,-12.822243943980009,0.016361167625407885,0.20383344303756126,0.010008635112923424,-10.435442774716536,-8.663428848122228,-3.0399853093739453,0.2999999999997005,0.4000000000331516,3.5,3.5,3.5,-10.217178951960344,-0.5500000085588049,5.8198834308942204e-12,0.8499936470259895,-12.460617604522477,3.0000000023883437,-6.431121781042652e-13,0.8499744425794113,1.8583368322621359,3.450000006576415,-3.141592652565656,0.849997208259081,-9.656001560770902,3.899998853196911,-1.4151774183219403e-06,0.849993170999117,-12.813236826009863,0.035933960510185714
6,C0,21,2.1079999999999472,-12.795643890291057,0.022360597407683397,0.24063403431146813,0.010008685380129072,-10.465219237568085,-8.667067840626808,-2.999985309370708,0.2999999999997449,0.4000000000325965,3.4771552085876465,3.5,3.5,-10.184978951967995,-0.5500000085598519,5.8198834308942204e-12,0.8499936470006174,-12.421977607217737,3.0000000023897235,-6.431121781042652e-13,0.8499744402178508,1.8160168333551674,3.450000006576222,-3.141592652565656,0.8499972148573235,-9.61000155972227,3.8999988531788663,-1.4151774183219454e-06,0.8499931707625702,-12.784940101334152,0.045892644109185456
6,C0,22,2.203999999999951,-12.770423271611037,0.029011279792112585,0.2758345413401719,0.010008723723376767,-10.49482636153796,-8.671894663249484,-2.9599853093674704,0.2999999999997449,0.4000000000325965,3.4771552085876465,3.5,3.5,-10.154178951975315,-0.5500000085608533,5.8198834308942204e-12,0.8499936469763485,-12.385017609796046,3.000000002391044,-6.431121781042652e-13,0.8499744379592329,1.7755368343982556,3.450000006576037,-3.141592652565656,0.8499972211690864,-9.566001558719197,3.8999988531616387,-1.4151774183219503e-06,0.8499931705364533,-12.757064252146554,0.05697492900304217
6,C0,23,2.3039999999999736,-12.73981515194066,0.03838001284873946,0.31903509103126804,0.010008760548071902,-10.524216781543647,-8.677901594103727,-2.919985309364233,0.2999999999997449,0.4000000000325965,3.4123740196228027,3.5,3.5,-10.116378951984297,-0.5500000085620822,5.8198834308942204e-12,0.849993646946564,-12.339657612960645,3.000000002392664,-6.431121781042652e-13,0.8499744351876481,1.725856835675175,3.45000000657581,-3.141592652565656,0.8499972289158746,-9.51200155748811,3.8999988531405405,-1.4151774183219562e-06,0.8499931702591402,-12.729653873859252,0.06916308590001935
6,C0,24,2.4039999999999964,-12.709640196049175,0.0490618806666029,0.36223556877185814,0.01000878862107764,-10.553343479182749,-8.685079023381576,-2.8799853093609955,0.2999999999997005,0.4000000000320414,3.4123740196228027,3.5,3.5,-10.078578951993281,-0.5500000085633112,5.8198834308942204e-12,0.8499936469167795,-12.294297616125586,3.0000000023942843,-6.431121781042652e-13,0.8499744324164551,1.676176836948529,3.450000006575581,-3.141592652565656,0.8499972366632497,-9.458001556256972,3.8999988531194907,-1.415177418321962e-06,0.849993169982041,-12.702752817230278,0.08243761634907702
6,C0,25,2.508000000000038,-12.683227195091018,0.059643198172437496,0.40063593958096433,0.01000880792093102,-10.5821598579524,-8.693415468727292,-2.8399853093577136,0.2999999999997005,0.4000000000331516,3.3732266426086426,3.5,3.5,-10.044978952001264,-0.5500000085644037,5.8198834308942204e-12,0.8499936468903043,-12.253977618939155,3.0000000023957245,-6.431121781042652e-13,0.8499744299535014,1.6320168380774065,3.450000006575378,-3.141592652565656,0.8499972435502965,-9.410001555162589,3.8999988531008203,-1.4151774183219672e-06,0.8499931697359102,-12.676404118211662,0.09677728393324514
6,C0,26,2.6000000000000227,-12.657239891412269,0.07123073448808147,0.43903626484001124,0.010008823084388387,-10.610619817793731,-8.702897593606668,-2.799985309354476,0.2999999999997449,0.4000000000325965,3.3732266426086426,3.5,3.5,-10.011378952009249,-0.5500000085654961,5.8198834308942204e-12,0.8499936468638292,-12.213657621752995,3.000000002397165,-6.431121781042652e-13,0.8499744274908573,1.5878568392034669,3.4500000065751744,-3.141592652565656,0.8499972504378045,-9.362001554068165,3.8999988530821885,-1.4151774183219723e-06,0.8499931694899485,-12.650649929101078,0.11215914824335457
6,C0,27,2.70799999999997,-12.628560697033405,0.0854481279260175,0.4822365814087726,0.010008836295125714,-10.638677828842114,-8.713510228642637,-2.7599853093512388,0.2999999999997449,0.4000000000325965,3.415614604949951,3.5,3.5,-9.973578952018233,-0.5500000085667252,5.8198834308942204e-12,0.8499936468340447,-12.16829762491889,3.000000002398786,-6.431121781042652e-13,0.8499744247207527,1.5381768404669174,3.450000006574944,-3.141592652565656,0.8499972581868008,-9.308001552836892,3.8999988530612737,-1.415177418321978e-06,0.8499931692134435,-12.625531451107188,0.12855860157778842
6,C0,28,2.8079999999999927,-12.601548683569106,0.10029734855350604,0.5238368411481875,0.010008846039905218,-10.666289004265266,-8.725236395883048,-2.7199853093480013,0.2999999999997449,0.4000000000325965,3.415614604949951,3.5,3.5,-9.937178952026883,-0.5500000085679086,5.8198834308942204e-12,0.8499936468053633,-12.124617627967853,3.000000002400347,-6.431121781042652e-13,0.8499744220536152,1.490336841680203,3.4500000065747223,-3.141592652565656,0.8499972656493461,-9.256001551651176,3.899998853041179,-1.415177418321984e-06,0.8499931689473816,-12.60108886843645,0.14594940830957556
6,C0,29,2.9039999999999964,-12.577182337706768,0.11499062042487812,0.5622370446327363,0.010008853033600128,-10.693409172072572,-8.738057335961756,-2.679985309344764,0.2999999999997005,0.4000000000320414,3.5,3.5,3.5,-9.903578952034868,-0.5500000085690011,5.8198834308942204e-12,0.8499936467788882,-12.084297630782563,3.000000002401788,-6.431121781042652e-13,0.8499744195919646,1.446176842797224,3.4500000065745167,-3.141592652565656,0.8499972725383259,-9.208001550556627,3.899998853022671,-1.4151774183219888e-06,0.8499931687019622,-12.577361284007008,0.16430374685777457
6,C0,30,3.0,-12.555356972248003,0.12927225062845107,0.5974372024604638,0.01000885811939843,-10.719994945780853,-8.751952538109629,-2.639985309341482,0.2999999999997005,0.4000000000331516,3.5,3.5,3.5,-9.872778952042188,-0.5500000085700025,5.8198834308942204e-12,0.8499936467546193,-12.047337633362952,3.0000000024031093,-6.431121781042652e-13,0.8499744173357237,1.4056968438186843,3.4500000065743275,-3.141592652565656,0.849997278853625,-9.164001549553259,3.899998853005738,-1.415177418321994e-06,0.8499931684771428,-12.554386656892346,0.18359225419609515
6,C1,0,0.0,-13.002233395423522,1.1434552806884022e-09,-1.882637875011391e-09,0.010000648115162061,-10.943118544598697,-8.938672476380674,-2.2495853067995246,-7.016609515630989e-12,9.992007221626409e-12,3.5,3.5,3.5,-10.499978952567853,-0.5500000086418418,5.8198834308942204e-12,0.8499936450139047,-12.799977819039833,3.000000002498169,-6.431121781042652e-13,0.849974256182043,2.230016910900693,3.4500000065146867,3.1415900010241367,0.8499977327759348,-10.06000147750258,3.8999988518754054,-1.4151774183223361e-06,0.849993152722245,-13.001430484245178,1.1849705602719082e-09
6,C1,1,1.1920000000000073,-13.002245013613825,4.3455244775493325e-09,1.924772953714307e-05,0.0100008290717302,-10.943118544598697,-8.938672476380674,-2.2495853067995246,-7.016609515630989e-12,9.992007221626409e-12,3.5,3.5,3.5,-10.49437895290996,-0.5500000086886072,5.8198834308942204e-12,0.8499936438810299,-12.793257940507017,3.000000002560355,-6.431121781042652e-13,0.8499741520227881,2.2226569479917155,3.450000006548672,-3.141592652565656,0.8499980291008226,-10.05200143052435,3.899998851229001,-1.4151774183225587e-06,0.8499931428619756,-13.001430484245178,1.1849705602719082e-09
6,C1,2,1.1920000000000073,-13.002245013613825,4.3455244775493325e-09,1.924772953714307e-05,0.0100008290717302,-10.943118544598708,-8.938672476380692,-2.2495853067995024,-6.5281113847959205e-12,1.0547118733938987e-11,3.5,3.5,3.5,-10.49437895290996,-0.5500000086886072,5.8198834308942204e-12,0.8499936438810299,-12.793257940507017,3.000000002560355,-6.431121781042652e-13,0.8499741520227881,2.2226569479917155,3.450000006548672,-3.141592652565656,0.8499980291008226,-10.05200143052435,3.899998851229001,-1.4151774183225587e-06,0.8499931428619756,-13.001430484245157,1.1849734175547631e-09
6,C1,3,1.1920000000000073,-13.002254426078762,4.797170782747958e-08,0.00026346776855660126,0.010001017317864472,-10.943118544598708,-8.938672476380692,-2.2495853067995024,-6.5281113847959205e-12,1.0547118733938987e-11,3.5,3.5,3.5,-10.488778952911291,-0.5500000086887894,5.8198834308942204e-12,0.8499936438766177,-12.786537940981068,3.000000002560598,-6.431121781042652e-13,0.8499741516182235,2.2152969481260354,3.4500000065486276,-3.141592652565656,0.8499980302561998,-10.044001430341245,3.8999988512266213,-1.4151774183225595e-06,0.8499931428241786,-13.001430484245157,1.1849734175547631e-09
6,C1,4,1.231999999999971,-13.001991127757446,2.4440374777544403e-07,0.0007550130611684242,0.010001212865005351,-10.943118544598708,-8.938672476380692,-2.2495853067995024,-6.5281113847959205e-12,1.0547118733938987e-11,3.5,3.5,3.5,-10.483178952912622,-0.5500000086889715,5.8198834308942204e-12,0.8499936438722053,-12.779817941455127,3.0000000025608404,-6.431121781042652e-13,0.8499741512136676,2.2079369482602766,3.4500000065485836,-3.141592652565656,0.8499980314115861,-10.03600143015814,3.8999988512242423,-1.4151774183225602e-06,0.8499931427863863,-13.001430484245157,1.1849734175547631e-09
6,C1,5,1.231999999999971,-13.001455094617588,9.058391272406524e-07,0.0014940941889789322,0.010001413561407055,-10.943118544598725,-8.938672476380727,-2.2495853067995024,8.881784197001252e-13,0.0,3.5,3.5,3.5,-10.477578952913955,-0.5500000086891537,5.8198834308942204e-12,0.849993643867793,-12.773097941929194,3.0000000025610833,-6.431121781042652e-13,0.8499741508091203,2.200576948394439,3.450000006548539,-3.141592652565656,0.8499980325669817,-10.028001429975035,3.8999988512218646,-1.4151774183225614e-06,0.8499931427485987,-13.00143048424512,1.1849818973170134e-09
6,C1,6,1.231999999999971,-13.001455094617588,9.058391272406524e-07,0.0014940941889789322,0.010001413561407055,-10.943118544598725,-8.938672476380727,-2.2495853067995024,8.881784197001252e-13,0.0,3.5,3.5,3.5,-10.477578952913955,-0.5500000086891537,5.8198834308942204e-12,0.849993643867793,-12.773097941929194,3.0000000025610833,-6.431121781042652e-13,0.8499741508091203,2.200576948394439,3.450000006548539,-3.141592652565656,0.8499980325669817,-10.028001429975035,3.8999988512218646,-1.4151774183225614e-06,0.8499931427485987,-13.00143048424512,1.1849818973170134e-09
6,C1,7,1.2639999999998963,-13.00064631046093,2.5486020509445333e-06,0.0024809525087695792,0.010001617734483785,-10.943118544598725,-8.938672476380727,-2.2495853067995024,8.881784197001252e-13,0.0,3.5,3.5,3.5,-10.471978952915286,-0.5500000086893359,5.8198834308942204e-12,0.8499936438633807,-12.766377942403267,3.000000002561326,-6.431121781042652e-13,0.8499741504045818,2.1932169485285224,3.4500000065484944,-3.141592652565656,0.8499980337223864,-10.020001429791927,3.8999988512194874,-1.4151774183225623e-06,0.8499931427108158,-13.00143048424512,1.1849818973170134e-09
6,C1,8,1.2639999999998963,-12.999251748303498,7.099570412016614e-06,0.004063377610116699,0.010001876068214203,-10.943178708619453,-8.938747284714998,-2.247185306884943,0.0024000000044654968,0.059999997863990906,3.5,3.5,3.5,-10.464978952916951,-0.5500000086895636,5.8198834308942204e-12,0.8499936438578652,-12.75797794299587,3.0000000025616296,-6.431121781042652e-13,0.8499741498989208,2.184016948696016,3.4500000065484393,-3.141592652565656,0.8499980351666551,-10.010001429563042,3.8999988512165182,-1.4151774183225633e-06,0.8499931426635939,-13.001334484367819,1.4198453179701436e-07
6,C1,9,1.2639999999998963,-12.999251748303498,7.099570412016614e-06,0.004063377610116699,0.010001876068214203,-10.943178708619453,-8.938747284714998,-2.247185306884943,0.0024000000044654968,0.059999997863990906,3.5,3.5,3.5,-10.464978952916951,-0.5500000086895636,5.8198834308942204e-12,0.8499936438578652,-12.75797794299587,3.0000000025616296,-6.431121781042652e-13,0.8499741498989208,2.184016948696016,3.4500000065484393,-3.141592652565656,0.8499980351666551,-10.010001429563042,3.8999988512165182,-1.4151774183225633e-06,0.8499931426635939,-13.001334484367819,1.4198453179701436e-07
6,C1,10,1.3039999999999736,-12.997829212723401,1.3897604152130898e-05,0.00560876971174035,0.0100020844336215,-10.943178708619453,-8.938747284714998,-2.247185306884943,0.0024000000044654968,0.059999997863990906,3.5,3.5,3.5,-10.459378952918282,-0.5500000086897456,5.8198834308942204e-12,0.8499936438534529,-12.75125794346996,3.000000002561872,-6.431121781042652e-13,0.8499741494944019,2.176656948829922,3.4500000065483944,-3.141592652565656,0.8499980363220803,-10.002001429379934,3.8999988512141437,-1.4151774183225642e-06,0.8499931426258217,-13.001334484367819,1.4198453179701436e-07
6,C1,11,1.3039999999999736,-12.995667411744877,2.82810942529501e-05,0.007890376331609345,0.010002346830053944,-10.944024965390234,-8.939811916445166,-2.239185307125875,0.033999999929656965,0.199999993976685,3.5,3.5,3.5,-10.452378952919945,-0.5500000086899733,5.8198834308942204e-12,0.8499936438479375,-12.742857944062585,3.0000000025621754,-6.431121781042652e-13,0.8499741489887654,2.167456948997194,3.4500000065483394,-3.141592652565656,0.8499980377663746,-9.992001429151045,3.899998851211177,-1.4151774183225652e-06,0.849993142578613,-12.999974522608225,9.901873017695772e-06
6,C1,12,1.3039999999999736,-12.99363105245501,4.621941402921862e-05,0.009996003033456321,0.010002558822833674,-10.944024965390234,-8.939811916445166,-2.239185307125875,0.033999999929656965,0.199999993976685,3.5,3.5,3.5,-10.446778952921278,-0.5500000086901555,5.8198834308942204e-12,0.8499936438435252,-12.736137944536692,3.0000000025624183,-6.431121781042652e-13,0.849974148584266,2.1600969491309234,3.4500000065482945,-3.141592652565656,0.8499980389218204,-9.984001428967934,3.8999988512088053,-1.415177418322566e-06,0.8499931425408513,-12.999974522608225,9.901873017695772e-06
6,C1,13,1.3439999999999372,-12.990701947520702,7.938158283878322e-05,0.012979116948816309,0.010002828003346703,-10.944024965390234,-8.939811916445166,-2.239185307125875,0.033999999929656965,0.199999993976685,3.5,3.5,3.5,-10.439778952922941,-0.5500000086903832,5.8198834308942204e-12,0.8499936438380098,-12.727737945129338,3.0000000025627216,-6.431121781042652e-13,0.8499741480786539,2.150896949297974,3.450000006548239,-3.141592652565656,0.8499980403661404,-9.974001428739044,3.8999988512058414,-1.415177418322567e-06,0.849993142493656,-12.999974522608225,9.901873017695772e-06
6,C1,14,1.4079999999999018,-12.981094862149233,0.0002480984784658483,0.02251863325255031,0.010003573587682479,-10.950374868562442,-8.94804814137871,-2.219185307731082,0.13399999992951273,0.19999999393227608,3.5,3.5,3.5,-10.421578952927268,-0.5500000086909753,5.8198834308942204e-12,0.8499936438236697,-12.705897946670268,3.0000000025635103,-6.431121781042652e-13,0.8499741467641263,2.1269769497317297,3.4500000065480942,-3.141592652565656,0.849998044121439,-9.948001428143922,3.8999988511981445,-1.4151774183225697e-06,0.8499931423709823,-12.989577199296647,0.000238679946330006
6,C1,15,1.5079999999999245,-12.9550350381733,0.0011054074262485851,0.04251888033516325,0.010005526890018098,-10.968924073966962,-8.973332808984752,-2.191185308039252,0.27399999993380497,0.2000000000962343,3.5,3.5,3.5,-10.38657895293559,-0.5500000086921137,5.8198834308942204e-12,0.8499936437960927,-12.663897949633816,3.0000000025650277,-6.431121781042652e-13,0.8499741442364466,2.0809769505635365,3.450000006547815,-3.141592652565656,0.8499980513434366,-9.898001426999425,3.8999988511833736,-1.4151774183225754e-06,0.8499931421352114,-12.958251156749085,0.0016762109531389437
6,C1,16,1.6039999999999281,-12.928424982680465,0.0024462090983222557,0.06250329592137162,0.010168267526563171,-10.989489948697152,-9.002859592604418,-2.167185308038451,0.3000000000002334,0.19999999999853468,3.5,3.5,3.5,-10.351578952943912,-0.5500000086932523,5.8198834308942204e-12,0.8499936437685157,-12.621897952597653,3.000000002566545,-6.431121781042652e-13,0.8499741417091065,2.0349769513922658,3.450000006547536,-3.141592652565656,0.8499980585657881,-9.848001425854891,3.8999988511686445,-1.415177418322581e-06,0.8499931418996247,-12.922357164979125,0.004207516773933634
6,C1,17,1.7039999999999509,-12.901629277637099,0.004186912420434862,0.08169475396071905,0.010005048683646314,-11.00609037781085,-9.02784750475203,-2.147185308034812,0.3000000000002334,0.20000000001074714,3.5,3.5,3.5,-10.3179789529519,-0.5500000086943453,5.8198834308942204e-12,0.8499936437420418,-12.58157795544321,3.000000002568002,-6.431121781042652e-13,0.8499741392831798,1.990816952184951,3.4500000065472665,-3.141592652565656,0.8499980654995771,-9.800001424756102,3.899998851154544,-1.4151774183225858e-06,0.8499931416736346,-12.892485638141242,0.0069755277257533485
6,C1,18,1.8039999999999736,-12.870712368387222,0.007033736834870659,0.10249485464497873,0.010005113669915428,-11.02218776202423,-9.05316240593469,-2.1271853080337926,0.300000000000189,0.20000000001019203,3.5,3.5,3.5,-10.281578952960555,-0.5500000086955293,5.8198834308942204e-12,0.8499936437133617,-12.537897958526196,3.00000000256958,-6.431121781042652e-13,0.8499741366554457,1.9429769530404928,3.4500000065469747,-3.141592652565656,0.8499980730115471,-9.748001423565707,3.899998851139311,-1.4151774183225917e-06,0.8499931414290036,-12.862675441935616,0.010340375803031418
6,C1,19,1.9039999999999964,-12.841073673341251,0.01037286473282261,0.12249500312883646,0.010005568689379744,-11.037775662596927,-9.078794170527415,-2.107185308032751,0.300000000000189,0.20000000001019203,3.5,3.5,3.5,-10.246578952968877,-0.5500000086966679,5.8198834308942204e-12,0.8499936436857847,-12.495897961490904,3.000000002571098,-6.431121781042652e-13,0.849974134129125,1.89697695385999,3.450000006546694,-3.141592652565656,0.8499980802349519,-9.698001422421058,3.8999988511247072,-1.415177418322597e-06,0.8499931411939694,-12.832938500045676,0.014300715111137854
6,C1,20,2.0039999999999054,-12.812713871415767,0.014132449072698759,0.1416952139292296,0.010006276583959767,-11.05284784457656,-9.104732546166131,-2.087185308031976,0.3000000000006331,0.2000000000046409,3.5,3.5,3.5,-10.212978952976865,-0.5500000086977609,5.8198834308942204e-12,0.8499936436593108,-12.455577964337294,3.0000000025725555,-6.431121781042652e-13,0.8499741317041769,1.8528169546438116,3.4500000065464236,-3.141592652565656,0.8499980871697486,-9.650001421322159,3.899998851110727,-1.4151774183226023e-06,0.8499931409685098,-12.803286706851669,0.018854961567153425
6,C1,21,2.103999999999928,-12.782106311664277,0.018816359795861798,0.16249557760395422,0.010007758373244531,-11.067398279291313,-9.130967157846428,-2.0671853080315343,0.3000000000006775,0.2000000000040858,3.4477548599243164,3.5,3.5,-10.176578952985519,-0.5500000086989449,5.8198834308942204e-12,0.8499936436306308,-12.411897967421185,3.0000000025741342,-6.431121781042652e-13,0.8499741290775032,1.8049769554897508,3.4500000065461287,-3.141592652565656,0.8499980946828058,-9.598001420131645,3.8999988510956247,-1.415177418322608e-06,0.8499931407244533,-12.773731922675507,0.024001293533206985
6,C1,22,2.203999999999951,-12.752110600435248,0.023374055879685603,0.18332958312017908,0.010081855896518093,-11.081421146761272,-9.157487512073343,-2.0471853080316698,0.300000000000189,0.19999999999797957,3.4477548599243164,3.5,3.5,-10.140178952994175,-0.550000008700129,5.8198834308942204e-12,0.8499936436019507,-12.36821797050539,3.000000002575713,-6.431121781042652e-13,0.8499741264511973,1.7571369563323607,3.4500000065458347,-3.141592652565656,0.8499981021962374,-9.546001418941088,3.8999988510805674,-1.4151774183226135e-06,0.8499931404805962,-12.744285969036888,0.029737652545103604
6,C1,23,2.2999999999999545,-12.726438816563618,0.02815938755503456,0.20093601007988676,0.010000989643212029,-11.094910838026108,-9.18428300105839,-2.0271853080262763,0.300000000000189,0.20000000001019203,3.411036729812622,3.5,3.5,-10.109378953001498,-0.550000008701131,5.8198834308942204e-12,0.849993643577683,-12.331257973115346,3.0000000025770492,-6.431121781042652e-13,0.8499741242292256,1.7166569570427377,3.450000006545585,-3.141592652565656,0.8499981085540474,-9.502001417933663,3.899998851067862,-1.4151774183226182e-06,0.8499931402744111,-12.71496062392516,0.03606174413571481
6,C1,24,2.3999999999999773,-12.69608885894015,0.0346617714120314,0.2217360153557623,0.01000213902414453,-11.107861957389702,-9.211342906964198,-2.007185308025257,0.300000000000189,0.20000000001019203,3.411036729812622,3.5,3.5,-10.072978953010152,-0.550000008702315,5.8198834308942204e-12,0.8499936435490031,-12.287577976200128,3.000000002578629,-6.431121781042652e-13,0.8499741216035983,1.668816957879201,3.4500000065452894,-3.141592652565656,0.8499981160681658,-9.450001416743032,3.8999988510528882,-1.4151774183226239e-06,0.8499931400309216,-12.685767617086295,0.04297103875291458
6,C1,25,2.5,-12.668224062019807,0.04121663954203549,0.24093612833667682,0.010003335184042374,-11.120269324576768,-9.238656406188701,-1.9871853080242157,0.300000000000189,0.20000000001019203,3.353985548019409,3.5,3.5,-10.03937895301814,-0.550000008703408,5.8198834308942204e-12,0.8499936435225293,-12.247257979047896,3.000000002580087,-6.431121781042652e-13,0.8499741191802689,1.6246569586483655,3.4500000065450163,-3.141592652565656,0.8499981230046033,-9.40200141564395,3.8999988510391064,-1.415177418322629e-06,0.8499931398063391,-12.656718625334321,0.050462772770836245
6,C1,26,2.599999999999909,-12.639363348064562,0.048606338900768424,0.2609363485489435,0.010004818905999423,-11.132127976805883,-9.2662125736964,-1.9671853080236403,0.3000000000007219,0.2000000000046409,3.353985548019409,3.5,3.5,-10.004378953026462,-0.5500000087045467,5.8198834308942204e-12,0.8499936434949523,-12.205257982014604,3.0000000025816056,-6.431121781042652e-13,0.8499741166563006,1.5786569594465614,3.4500000065447307,-3.141592652565656,0.849998130230393,-9.352001414499036,3.899998851024791,-1.4151774183226347e-06,0.8499931395725794,-12.627825267878594,0.05853394959575392
6,C1,27,2.699999999999932,-12.610690439977024,0.05631833773959017,0.28095393275403346,0.01012289752795813,-11.143433170774266,-9.294000387387653,-1.9471853080235093,0.300000000000189,0.19999999999797957,3.2880451679229736,3.5,3.5,-9.969378953034784,-0.5500000087056852,5.8198834308942204e-12,0.8499936434673754,-12.163257984981604,3.0000000025831244,-6.431121781042652e-13,0.8499741141326724,1.5326569602416784,3.450000006544445,-3.141592652565656,0.8499981374565221,-9.302001413354084,3.8999988510105177,-1.4151774183226398e-06,0.8499931393390039,-12.5990991016769,0.06718134086452332
6,C1,28,2.8039999999999736,-12.582177890689271,0.06423435418168183,0.30098171866850426,0.01000732518052327,-11.15418038455491,-9.322008732507214,-1.9271853080184267,0.2999999999926395,0.2000000001289859,3.2880451679229736,3.5,3.5,-9.934378953043106,-0.5500000087068238,5.8198834308942204e-12,0.8499936434397986,-12.121257987948892,3.0000000025846436,-6.431121781042652e-13,0.8499741116093843,1.4866569610337168,3.4500000065441583,-3.141592652565656,0.8499981446829894,-9.252001412209093,3.899998850996286,-1.4151774183226455e-06,0.8499931391056126,-12.570551616813013,0.07640148773588348
6,C1,29,2.8999999999999773,-12.553759322361223,0.07336062322583638,0.32098194679734254,0.01000695829440818,-11.16436531940576,-9.350226406091073,-1.9071853080173853,0.300000000000189,0.20000000001019203,3.2417540550231934,3.5,3.5,-9.899378953051428,-0.5500000087079624,5.8198834308942204e-12,0.8499936434122217,-12.079257990916469,3.000000002586163,-6.431121781042652e-13,0.8499741090864364,1.4406569618226759,3.4500000065438714,-3.141592652565656,0.8499981519097934,-9.202001411064066,3.899998850982096,-1.4151774183226508e-06,0.8499931388724056,-12.542194231899686,0.08619070227426967
6,C1,30,3.0,-12.525554130853383,0.08304398908243814,0.340982111814892,0.010007136157955027,-11.173983901488644,-9.378642121445715,-1.887185308016344,0.3000000000002334,0.20000000001074714,3.2417540550231934,3.5,3.5,-9.86437895305975,-0.5500000087091009,5.8198834308942204e-12,0.8499936433846448,-12.037257993884335,3.0000000025876825,-6.431121781042652e-13,0.8499741065638287,1.3946569626085559,3.4500000065435836,-3.141592652565656,0.849998159136933,-9.152001409918999,3.8999988509679477,-1.4151774183226563e-06,0.8499931386393828,-12.514038289513046,0.09654506892421463
6,C2,0,0.0,-13.002257158667856,1.2672884918783174e-09,-1.1843269381751914e-09,0.010000139534199027,-11.24299662151867,-9.717718366524077,-1.655985306752457,0.0,0.0,3.5,3.5,3.5,-10.49997895369501,-0.550000008795921,5.8198834308942204e-12,0.8499936412822178,-12.799978221003721,3.000000002703958,-6.431121781042652e-13,0.8499739152443567,2.230017013447653,3.4500000064747547,3.1415900010241367,0.8499987110210611,-10.060001322511155,3.8999988500121625,-1.4151774183230696e-06,0.849993121416655,-13.001334758694748,1.3116638807402004e-09
6,C2,1,1.155999999999949,-13.002199192470613,1.6164275889566105e-09,5.735120340003119e-09,0.010000317724823706,-11.24299662151867,-9.717718366524077,-1.655985306752457,0.0,0.0,3.5,3.5,3.5,-10.494378954033651,-0.5500000088422126,5.8198834308942204e-12,0.8499936401615381,-12.793258342751132,3.0000000027662876,-6.431121781042652e-13,0.849973814073875,2.222657033215462,3.450000006505874,-3.141592652565656,0.849999005797632,-10.052001275832463,3.8999988496018285,-1.4151774183232899e-06,0.8499931126745265,-13.001334758694748,1.3116638807402004e-09
6,C2,2,1.155999999999949,-13.002199192470613,1.6164275889566105e-09,5.735120340003119e-09,0.010000317724823706,-11.242996621518644,-9.717718366523782,-1.6559853067520347,-7.416289804496046e-12,1.0547118733938987e-11,3.5,3.5,3.5,-10.494378954033651,-0.5500000088422126,5.8198834308942204e-12,0.8499936401615381,-12.793258342751132,3.0000000027662876,-6.431121781042652e-13,0.849973814073875,2.222657033215462,3.450000006505874,-3.141592652565656,0.849999005797632,-10.052001275832463,3.8999988496018285,-1.4151774183232899e-06,0.8499931126745265,-13.001334758695043,1.3116635698043761e-09
6,C2,3,1.155999999999949,-13.001790513905979,4.308079144564396e-09,2.3620484504617424e-08,0.010000523325267288,-11.242996621518644,-9.717718366523782,-1.6559853067520347,-7.416289804496046e-12,1.0547118733938987e-11,3.5,3.5,3.5,-10.487378954035316,-0.5500000088424404,5.8198834308942204e-12,0.849993640156023,-12.784858343351445,3.000000002766595,-6.431121781042652e-13,0.849973813577392,2.21345703330012,3.4500000065058027,-3.141592652565656,0.8499990072491137,-10.042001275602601,3.8999988495999798,-1.415177418323291e-06,0.8499931126322592,-13.001334758695043,1.3116635698043761e-09
6,C2,4,1.1879999999999882,-13.001790513905979,4.308079144564396e-09,2.3620484504617424e-08,0.010000523325267288,-11.242996621518644,-9.717718366523782,-1.6559853067520347,-7.416289804496046e-12,1.0547118733938987e-11,3.5,3.5,3.5,-10.487378954035316,-0.5500000088424404,5.8198834308942204e-12,0.849993640156023,-12.784858343351445,3.000000002766595,-6.431121781042652e-13,0.849973813577392,2.21345703330012,3.4500000065058027,-3.141592652565656,0.8499990072491137,-10.042001275602601,3.8999988495999798,-1.415177418323291e-06,0.8499931126322592,-13.001334758695043,1.3116635698043761e-09
6,C2,5,1.1879999999999882,-13.001176512529,8.071118964364333e-09,3.793893571578374e-08,0.010000703271529125,-11.242996621518644,-9.717718366523803,-1.6559853067520347,-6.8833827526759706e-12,1.0547118733938987e-11,3.5,3.5,3.5,-10.481778954036649,-0.5500000088426226,5.8198834308942204e-12,0.8499936401516108,-12.778138343831705,3.0000000027668405,-6.431121781042652e-13,0.8499738131802156,2.2060970333677576,3.4500000065057455,-3.141592652565656,0.8499990084103043,-10.034001275418708,3.899998849598502,-1.4151774183232918e-06,0.8499931125984507,-13.001334758695021,1.311665383521025e-09
6,C2,6,1.1879999999999882,-13.001176512529,8.071118964364333e-09,3.793893571578374e-08,0.010000703271529125,-11.242996621518644,-9.717718366523803,-1.6559853067520347,-6.8833827526759706e-12,1.0547118733938987e-11,3.5,3.5,3.5,-10.481778954036649,-0.5500000088426226,5.8198834308942204e-12,0.8499936401516108,-12.778138343831705,3.0000000027668405,-6.431121781042652e-13,0.8499738131802156,2.2060970333677576,3.4500000065057455,-3.141592652565656,0.8499990084103043,-10.034001275418708,3.899998849598502,-1.4151774183232918e-06,0.8499931125984507,-13.001334758695021,1.311665383521025e-09
6,C2,7,1.2160000000000082,-13.000307347961886,1.304345395706239e-08,5.2266424770549613e-08,0.010000893624824175,-11.242996621518644,-9.717718366523803,-1.6559853067520347,-6.8833827526759706e-12,1.0547118733938987e-11,3.5,3.5,3.5,-10.47617895403798,-0.5500000088428049,5.8198834308942204e-12,0.8499936401471988,-12.77141834431197,3.0000000027670866,-6.431121781042652e-13,0.849973812783048,2.1987370334353162,3.450000006505688,-3.141592652565656,0.8499990095714994,-10.026001275234817,3.899998849597025,-1.4151774183232926e-06,0.8499931125646468,-13.001334758695021,1.311665383521025e-09
6,C2,8,1.2160000000000082,-12.999183020162908,1.907488874928708e-08,6.660296914656006e-08,0.010001091796902513,-11.242996621518644,-9.71771836652382,-1.6559853067520347,9.769962616701378e-13,0.0,3.5,3.5,3.5,-10.470578954039313,-0.5500000088429872,5.8198834308942204e-12,0.8499936401427867,-12.764698344792244,3.0000000027673326,-6.431121781042652e-13,0.8499738123858892,2.191377033502796,3.450000006505631,-3.141592652565656,0.8499990107326992,-10.018001275050922,3.899998849595549,-1.4151774183232937e-06,0.8499931125308479,-13.001334758695004,1.3116668949515655e-09
6,C2,9,1.2160000000000082,-12.999183020162908,1.907488874928708e-08,6.660296914656006e-08,0.010001091796902513,-11.242996621518644,-9.71771836652382,-1.6559853067520347,9.769962616701378e-13,0.0,3.5,3.5,3.5,-10.470578954039313,-0.5500000088429872,5.8198834308942204e-12,0.8499936401427867,-12.764698344792244,3.0000000027673326,-6.431121781042652e-13,0.8499738123858892,2.191377033502796,3.450000006505631,-3.141592652565656,0.8499990107326992,-10.018001275050922,3.899998849595549,-1.4151774183232937e-06,0.8499931125308479,-13.001334758695004,1.3116668949515655e-09
6,C2,10,1.2559999999999718,-12.99780352909895,2.6066358674908856e-08,8.094858696155127e-08,0.010001295666250362,-11.242996621518644,-9.71771836652382,-1.6559853067520347,9.769962616701378e-13,0.0,3.5,3.5,3.5,-10.464978954040646,-0.5500000088431695,5.8198834308942204e-12,0.8499936401383746,-12.757978345272523,3.000000002767578,-6.431121781042652e-13,0.8499738119887391,2.184017033570196,3.450000006505574,-3.141592652565656,0.8499990118939036,-10.01000127486703,3.8999988495940747,-1.4151774183232945e-06,0.8499931124970536,-13.001334758695004,1.3116668949515655e-09
6,C2,11,1.2559999999999718,-12.99572034188945,3.608758877243787e-08,9.889339753774195e-08,0.010001556039197428,-11.243034740037062,-9.718164741900498,-1.655985306749615,0.011199999954003559,6.050715484207103e-11,3.5,3.5,3.5,-10.45797895404231,-0.5500000088433973,5.8198834308942204e-12,0.8499936401328595,-12.749578345872886,3.000000002767886,-6.431121781042652e-13,0.849973811492314,2.174817033654335,3.450000006505502,-3.141592652565656,0.8499990133454155,-10.00000127463716,3.899998849592233,-1.4151774183232956e-06,0.8499931124548173,-13.000886758696847,1.3099959760549495e-09
6,C2,12,1.2559999999999718,-12.993238462004125,4.7556445217399865e-08,1.1685245240319429e-07,0.010001820561070003,-11.243034740037062,-9.718164741900498,-1.655985306749615,0.011199999954003559,6.050715484207103e-11,3.5,3.5,3.5,-10.450978954043975,-0.5500000088436251,5.8198834308942204e-12,0.8499936401273444,-12.741178346473257,3.0000000027681932,-6.431121781042652e-13,0.8499738109959026,2.16561703373835,3.4500000065054306,-3.141592652565656,0.8499990147969345,-9.99000127440729,3.899998849590393,-1.4151774183232966e-06,0.8499931124125885,-13.000886758696847,1.3099959760549495e-09
6,C2,13,1.2999999999999545,-12.993238462004125,4.7556445217399865e-08,1.1685245240319429e-07,0.010001820561070003,-11.243034740037062,-9.718164741900498,-1.655985306749615,0.011199999954003559,6.050715484207103e-11,3.5,3.5,3.5,-10.450978954043975,-0.5500000088436251,5.8198834308942204e-12,0.8499936401273444,-12.741178346473257,3.0000000027681932,-6.431121781042652e-13,0.8499738109959026,2.16561703373835,3.4500000065054306,-3.141592652565656,0.8499990147969345,-9.99000127440729,3.899998849590393,-1.4151774183232966e-06,0.8499931124125885,-13.000886758696847,1.3099959760549495e-09
6,C2,14,1.4039999999999964,-12.9729469009736,1.464748174744093e-07,2.1407924686723062e-07,0.010003329304350498,-11.244872597181397,-9.739686411924053,-1.6559853067339383,0.189999999933832,8.770761894538737e-11,3.5,3.5,3.5,-10.413178954052968,-0.5500000088448553,5.8198834308942204e-12,0.8499936400975628,-12.695818349715465,3.000000002769853,-6.431121781042652e-13,0.8499738083155192,2.1159370341898946,3.4500000065050442,-3.141592652565656,0.849999022635261,-9.936001273165965,3.8999988495804847,-1.4151774183233026e-06,0.8499931121846807,-12.979286758708751,1.2296595688302686e-09
6,C2,15,1.504000000000019,-12.942276708029123,3.742556774456173e-07,2.682117953159607e-07,0.010005399326140947,-11.248101780253604,-9.77750078326918,-1.6559853067259,0.3000000000006775,5.551115123125783e-13,3.5,3.5,3.5,-10.375378954061961,-0.5500000088460857,5.8198834308942204e-12,0.8499936400677812,-12.650458352958003,3.0000000027715132,-6.431121781042652e-13,0.849973805635537,2.0662570346378324,3.4500000065046565,-3.141592652565656,0.8499990304737943,-9.8820012719246,3.899998849570626,-1.415177418323308e-06,0.8499931119569886,-12.941334758714797,1.0889432289912238e-09
6,C2,16,1.6000000000000227,-12.915459487632292,6.449160976266121e-07,2.707455207622224e-07,0.010137475581092665,-11.250654359621707,-9.807391991651714,-1.6559853067259,0.2999999999997005,5.551115123125783e-13,3.5,3.5,3.5,-10.340378954070287,-0.5500000088472249,5.8198834308942204e-12,0.8499936400402057,-12.60845835596065,3.0000000027730502,-6.431121781042652e-13,0.84997380315443,2.0202570350493736,3.450000006504297,-3.141592652565656,0.8499990377318787,-9.832001270775155,3.8999988495615403,-1.4151774183233138e-06,0.849993111746355,-12.91133475871482,9.777987725057002e-10
6,C2,17,1.7039999999999509,-12.888128285353908,9.051509787774136e-07,3.05861522047175e-07,0.010000547496862418,-11.25320693898955,-9.837283200031896,-1.6559853067225252,0.3000000000006775,5.551115123125783e-13,3.5,3.5,3.5,-10.30677895407828,-0.5500000088483185,5.8198834308942204e-12,0.8499936400137332,-12.56813835884346,3.000000002774526,-6.431121781042652e-13,0.8499738007728912,1.9760970354415437,3.4500000065039513,-3.141592652565656,0.849999044699804,-9.784001269671654,3.899998849552858,-1.4151774183233189e-06,0.8499931115443208,-12.881334758717212,8.6671422989959e-10
6,C2,18,1.8039999999999736,-12.859300336098732,1.1001907781819944e-06,3.047147171083282e-07,0.010001642528300724,-11.255759518357559,-9.867174408414515,-1.6559853067225474,0.3000000000006775,-5.551115123125783e-13,3.5,3.5,3.5,-10.273178954086275,-0.5500000088494121,5.8198834308942204e-12,0.8499936399872609,-12.52781836172653,3.000000002776002,-6.431121781042652e-13,0.8499737983916695,1.9319370358308634,3.4500000065036054,-3.141592652565656,0.8499990516678892,-9.73600126856812,3.8999988495442137,-1.4151774183233242e-06,0.8499931113424569,-12.85133475871716,7.556706822786641e-10
6,C2,19,1.9039999999999964,-12.825699008866762,1.2850827770487237e-06,3.0372470294253695e-07,0.010003087445392553,-11.258312097725568,-9.897065616797132,-1.6559853067225474,0.3000000000006331,0.0,3.5,3.5,3.5,-10.2339789540956,-0.550000008850688,5.8198834308942204e-12,0.8499936399563762,-12.480778365090442,3.0000000027777243,-6.431121781042652e-13,0.8499737956139786,1.8804170362814676,3.4500000065032013,-3.141592652565656,0.8499990597975224,-9.680001267280627,3.8999988495341773,-1.4151774183233303e-06,0.8499931111071647,-12.82133475871711,6.446269837367957e-10
6,C2,20,2.004000000000019,-12.798123118214104,1.4627452499931371e-06,3.0319148278118766e-07,0.010004455695103491,-11.260864677093577,-9.92695682517975,-1.6559853067225252,0.3000000000006775,5.551115123125783e-13,3.465999126434326,3.5,3.5,-10.20177895410326,-0.550000008851736,5.8198834308942204e-12,0.8499936399310069,-12.442138367853925,3.000000002779139,-6.431121781042652e-13,0.849973793332627,1.8380970366487046,3.4500000065028678,-3.141592652565656,0.8499990664755956,-9.63400126622301,3.8999988495259723,-1.415177418323335e-06,0.8499931109140624,-12.791334758717056,5.335834378505933e-10
6,C2,21,2.1000000000000227,-12.769483185629953,1.7249871982179432e-06,3.029808282894831e-07,0.010091030007584462,-11.263417256461587,-9.95684803356234,-1.6559853067225252,0.29999999999992255,0.0,3.465999126434326,3.5,3.5,-10.168178954111253,-0.5500000088528297,5.8198834308942204e-12,0.8499936399045344,-12.401818370737814,3.0000000027806157,-6.431121781042652e-13,0.8499737909523969,1.7939370370291174,3.4500000065025196,-3.141592652565656,0.8499990734441727,-9.586001265119378,3.8999988495174485,-1.4151774183233405e-06,0.8499931107127314,-12.761334758717036,4.225373211041994e-10
6,C2,22,2.199999999999932,-12.737665896737251,2.0499059660485675e-06,3.097985733693913e-07,0.010005794536303668,-11.265969835829553,-9.986739241944386,-1.655985306721859,0.2999999999877101,1.7208456881689926e-11,3.4327383041381836,3.5,3.5,-10.130378954120246,-0.5500000088540601,5.8198834308942204e-12,0.849993639874753,-12.356458373982502,3.0000000027822766,-6.431121781042652e-13,0.8499737882750174,1.744257037453675,3.4500000065021283,-3.141592652565656,0.8499990812840073,-9.532001263877758,3.8999988495079054,-1.4151774183233462e-06,0.8499931104864378,-12.731334758717557,3.1148758572463464e-10
6,C2,23,2.3039999999999736,-12.706430121821674,2.303074890914059e-06,3.0850135300883823e-07,0.01000563011797933,-11.268522415197562,-10.016630450327007,-1.655985306721859,0.3000000000007219,0.0,3.4327383041381836,3.5,3.5,-10.093978954128906,-0.5500000088552448,5.8198834308942204e-12,0.8499936398460745,-12.31277837710733,3.0000000027838767,-6.431121781042652e-13,0.8499737856971797,1.6964170378590981,3.45000000650175,-3.141592652565656,0.8499990888336614,-9.480001262682084,3.899998849498761,-1.415177418323352e-06,0.8499931102687294,-12.701334758717502,2.004441890246511e-10
6,C2,24,2.4039999999999964,-12.677622885951587,2.4870514283859754e-06,3.0758714181150814e-07,0.010005974745200426,-11.271074994565572,-10.046521658709624,-1.655985306721859,0.3000000000006331,0.0,3.364306688308716,3.5,3.5,-10.0603789541369,-0.5500000088563385,5.8198834308942204e-12,0.8499936398196021,-12.27245837999206,3.0000000027853533,-6.431121781042652e-13,0.8499737833179679,1.6522570382303658,3.4500000065014,-3.141592652565656,0.8499990958027317,-9.432001261578352,3.899998849490361,-1.4151774183233572e-06,0.8499931100679454,-12.671334758717451,8.940049395222971e-11
6,C2,25,2.5,-12.64884040152295,2.681594241667463e-06,3.069459054224958e-07,0.010006682180857407,-11.273627573933581,-10.076412867092245,-1.655985306721859,0.3000000000007219,0.0,3.364306688308716,3.5,3.5,-10.026778954144893,-0.5500000088574322,5.8198834308942204e-12,0.8499936397931297,-12.23213838287705,3.0000000027868303,-6.431121781042652e-13,0.8499737809390736,1.608097038598783,3.45000000650105,-3.141592652565656,0.8499991027719533,-9.384001260474589,3.899998849481999,-1.4151774183233623e-06,0.8499931098673319,-12.641334758717399,-2.1642906217200775e-11
6,C2,26,2.603999999999928,-12.620098784699932,2.9413301691703648e-06,3.0657390588173134e-07,0.010062640946291557,-11.27618015330159,-10.10630407547484,-1.655985306721859,0.3000000000001002,0.0,3.3141021728515625,3.5,3.5,-9.993178954152887,-0.5500000088585258,5.8198834308942204e-12,0.8499936397666573,-12.191818385762303,3.0000000027883074,-6.431121781042652e-13,0.8499737785604967,1.5639370389643492,3.4500000065006993,-3.141592652565656,0.849999109741325,-9.336001259370796,3.8999988494736755,-1.4151774183233674e-06,0.8499931096668889,-12.61133475871737,-1.3268841581037805e-10
6,C2,27,2.703999999999951,-12.590341127628696,3.245091115246962e-06,3.097140428160163e-07,0.009995407114901851,-11.278732732669576,-10.136195283857125,-1.6559853067215038,0.2999999999937053,8.881784197001252e-12,3.3141021728515625,3.5,3.5,-9.958178954161214,-0.550000008859665,5.8198834308942204e-12,0.8499936397390819,-12.149818388768054,3.000000002789846,-6.431121781042652e-13,0.8499737760831501,1.5179370393421163,3.4500000065003342,-3.141592652565656,0.8499991170012456,-9.286001258220978,3.8999988494650464,-1.4151774183233727e-06,0.8499931094582754,-12.581334758717652,-2.437373775032725e-10
6,C2,28,2.8039999999999736,-12.555503301664604,3.5291257648947443e-06,3.082938655514909e-07,0.00999789251703335,-11.281285312037586,-10.166086492239742,-1.6559853067215038,0.3000000000006331,0.0,3.2647900581359863,3.5,3.5,-9.917578954170873,-0.5500000088609865,5.8198834308942204e-12,0.8499936397070944,-12.10109839225508,3.0000000027916314,-6.431121781042652e-13,0.8499737732098597,1.4645770397764506,3.450000006499909,-3.141592652565656,0.8499991254229542,-9.228001256887145,3.8999988494550886,-1.4151774183233792e-06,0.8499931092165156,-12.551334758717601,-3.547810725756939e-10
6,C2,29,2.8999999999999773,-12.526699331980739,3.71714192494063e-06,3.0741640454172036e-07,0.009999953495036525,-11.283837891405595,-10.19597770062236,-1.6559853067215038,0.3000000000006331,0.0,3.2647900581359863,3.5,3.5,-9.883978954178867,-0.5500000088620802,5.8198834308942204e-12,0.8499936396806221,-12.060778395141183,3.000000002793109,-6.431121781042652e-13,0.8499737708323147,1.420417040132752,3.4500000064995566,-3.141592652565656,0.8499991323928058,-9.18000125578325,3.8999988494468902,-1.4151774183233845e-06,0.8499931090166268,-12.521334758717552,-4.658247676481153e-10
6,C2,30,3.0,-12.495522964632638,3.942975034215174e-06,3.067733271940326e-07,0.010002238427478714,-11.286390470773604,-10.22586890900498,-1.6559853067215038,0.3000000000007219,0.0,3.2103190422058105,3.430903434753418,3.5,-9.847578954187526,-0.550000008863265,5.8198834308942204e-12,0.8499936396519437,-12.01709839826809,3.00000000279471,-6.431121781042652e-13,0.8499737682569996,1.372577040515528,3.4500000064991743,-3.141592652565656,0.8499991399436421,-9.128001254587328,3.8999988494380524,-1.41517741832339e-06,0.8499931088002731,-12.491334758717496,-5.768681643480988e-10
6,C3,0,0.0,-13.002251002663934,1.2669160803404238e-09,-1.3554888811762058e-09,0.010000171702347052,-11.312733089852617,-10.534346179537442,-1.6559853067456622,0.0,0.0,3.5,3.5,3.5,-10.499978954737461,-0.5500000089384209,5.8198834308942204e-12,0.8499936378330979,-12.799978597212156,3.0000000028965603,-6.431121781042652e-13,0.8499736056857017,2.230017057954184,3.450000006428367,3.1415900010241367,0.8499996191228666,-10.060001178666575,3.899998848969816,-1.4151774183237477e-06,0.8499930954876179,-13.001349861156443,1.3109177597116947e-09
6,C3,1,1.1720000000000255,-13.002133138779662,-2.636818749526446e-08,-0.00011550070599377862,0.010000410742842863,-11.312733089852617,-10.534346179537442,-1.6559853067456622,0.0,0.0,3.5,3.5,3.5,-10.492978955076286,-0.5500000089847373,5.8198834308942204e-12,0.8499936367124747,-12.791578720397506,3.0000000029596254,-6.431121781042652e-13,0.8499735062710779,2.22081706199178,3.4500000064566323,-3.141592652565656,0.8499999145339214,-10.050001131820002,3.8999988487718174,-1.415177418323968e-06,0.8499930876868008,-13.001349861156443,1.3109177597116947e-09
6,C3,2,1.1720000000000255,-13.001734170151785,-2.4946462418813364e-07,-0.0005390215874032661,0.010000588903594662,-11.312733089852593,-10.534346179537154,-1.6559853067452404,-7.238654120556021e-12,1.0547118733938987e-11,3.5,3.5,3.5,-10.487378955077618,-0.5500000089849197,5.8198834308942204e-12,0.8499936367080629,-12.7848587208834,3.000000002959874,-6.431121781042652e-13,0.8499735058808165,2.2134570619975666,3.4500000064565635,-3.141592652565656,0.8499999156970658,-10.042001131635462,3.8999988487711743,-1.4151774183239688e-06,0.8499930876566947,-13.001349861156731,1.3109180533480949e-09
6,C3,3,1.1720000000000255,-13.000832714011414,-1.362746245497376e-06,-0.0015017486548837616,0.010000827439093156,-11.312733089852593,-10.534346179537154,-1.6559853067452404,-7.238654120556021e-12,1.0547118733938987e-11,3.5,3.5,3.5,-10.480378955079285,-0.5500000089851477,5.8198834308942204e-12,0.8499936367025481,-12.77645872149078,3.0000000029601854,-6.431121781042652e-13,0.8499735053930024,2.204257062004688,3.4500000064564778,-3.141592652565656,0.8499999171509969,-10.032001131404789,3.899998848770372,-1.4151774183239696e-06,0.8499930876190686,-13.001349861156731,1.3109180533480949e-09
6,C3,4,1.2239999999999327,-12.999482249215578,-4.514881658731412e-06,-0.0029463455838626804,0.010001078626574195,-11.312733089852593,-10.534346179537154,-1.6559853067452404,-7.238654120556021e-12,1.0547118733938987e-11,3.5,3.5,3.5,-10.47337895508095,-0.5500000089853757,5.8198834308942204e-12,0.8499936366970332,-12.76805872209817,3.0000000029604963,-6.431121781042652e-13,0.8499735049052021,2.195057062011686,3.450000006456391,-3.141592652565656,0.8499999186049285,-10.022001131174113,3.899998848769571,-1.415177418323971e-06,0.8499930875814499,-13.001349861156731,1.3109180533480949e-09
6,C3,5,1.2239999999999327,-12.999482249215578,-4.514881658731412e-06,-0.0029463455838626804,0.010001078626574195,-11.312734457604876,-10.534362120968465,-1.6567853067136,0.0003999999934833909,-0.019999999208986097,3.5,3.5,3.5,-10.47337895508095,-0.5500000089853757,5.8198834308942204e-12,0.8499936366970332,-12.76805872209817,3.0000000029604963,-6.431121781042652e-13,0.8499735049052021,2.195057062011686,3.450000006456391,-3.141592652565656,0.8499999186049285,-10.022001131174113,3.899998848769571,-1.415177418323971e-06,0.8499930875814499,-13.001333861158683,-5.0891364840121396e-09
6,C3,6,1.2239999999999327,-12.99770009782921,-1.1401934284502642e-05,-0.004871479234378574,0.010001338153460536,-11.312734457604876,-10.534362120968465,-1.6567853067136,0.0003999999934833909,-0.019999999208986097,3.5,3.5,3.5,-10.466378955082616,-0.5500000089856036,5.8198834308942204e-12,0.8499936366915184,-12.75965872270557,3.000000002960807,-6.431121781042652e-13,0.8499735044174157,2.1858570620185596,3.450000006456305,-3.141592652565656,0.8499999200588608,-10.012001130943435,3.8999988487687722,-1.4151774183239722e-06,0.8499930875438386,-13.001333861158683,-5.0891364840121396e-09
6,C3,7,1.2559999999999718,-12.99645262573968,-1.8229026672840665e-05,-0.006254388784781761,0.010001496375262873,-11.312734457604876,-10.534362120968465,-1.6567853067136,0.0003999999934833909,-0.019999999208986097,3.5,3.5,3.5,-10.462178955083617,-0.5500000089857404,5.8198834308942204e-12,0.8499936366882095,-12.754618723070015,3.0000000029609937,-6.431121781042652e-13,0.8499735041247506,2.1803370620226246,3.450000006456254,-3.141592652565656,0.8499999209312205,-10.006001130805029,3.8999988487682935,-1.4151774183239728e-06,0.8499930875212754,-13.001333861158683,-5.0891364840121396e-09
6,C3,8,1.2559999999999718,-12.99645262573968,-1.8229026672840665e-05,-0.006254388784781761,0.010001496375262873,-11.312762705246863,-10.534680871575736,-1.660785306559394,0.008399999956321125,-0.11999999535383665,3.5,3.5,3.5,-10.462178955083617,-0.5500000089857404,5.8198834308942204e-12,0.8499936366882095,-12.754618723070015,3.0000000029609937,-6.431121781042652e-13,0.8499735041247506,2.1803370620226246,3.450000006456254,-3.141592652565656,0.8499999209312205,-10.006001130805029,3.8999988487682935,-1.4151774183239728e-06,0.8499930875212754,-13.001013862986282,-1.0290879734980438e-06
6,C3,9,1.2559999999999718,-12.994081561002664,-3.5925404267128e-05,-0.008939222345657154,0.010001762844802232,-11.312762705246863,-10.534680871575736,-1.660785306559394,0.008399999956321125,-0.11999999535383665,3.5,3.5,3.5,-10.455178955085282,-0.5500000089859683,5.8198834308942204e-12,0.8499936366826947,-12.746218723677435,3.0000000029613045,-6.431121781042652e-13,0.8499735036369865,2.1711370620293002,3.4500000064561673,-3.141592652565656,0.8499999223851537,-9.996001130574351,3.8999988487674973,-1.4151774183239739e-06,0.8499930874836761,-13.001013862986282,-1.0290879734980438e-06
6,C3,10,1.2839999999999918,-12.994081561002664,-3.5925404267128e-05,-0.008939222345657154,0.010001762844802232,-11.312762705246863,-10.534680871575736,-1.660785306559394,0.008399999956321125,-0.11999999535383665,3.5,3.5,3.5,-10.455178955085282,-0.5500000089859683,5.8198834308942204e-12,0.8499936366826947,-12.746218723677435,3.0000000029613045,-6.431121781042652e-13,0.8499735036369865,2.1711370620293002,3.4500000064561673,-3.141592652565656,0.8499999223851537,-9.996001130574351,3.8999988487674973,-1.4151774183239739e-06,0.8499930874836761,-13.001013862986282,-1.0290879734980438e-06
6,C3,11,1.2839999999999918,-12.991922042095336,-5.7543255764138995e-05,-0.011429913316985153,0.010001977916273583,-11.312828971357298,-10.535397815175795,-1.6647853064051432,0.025999999926451522,-0.1999999922885909,3.5,3.5,3.5,-10.449578955086615,-0.5500000089861508,5.8198834308942204e-12,0.8499936366782829,-12.739498724163377,3.0000000029615537,-6.431121781042652e-13,0.8499735032467853,2.1637770620345513,3.450000006456098,-3.141592652565656,0.8499999235483006,-9.988001130389806,3.8999988487668613,-1.4151774183239747e-06,0.8499930874536019,-13.000293880984493,-6.0530464656205675e-06
6,C3,12,1.2839999999999918,-12.991922042095336,-5.7543255764138995e-05,-0.011429913316985153,0.010001977916273583,-11.312828971357298,-10.535397815175795,-1.6647853064051432,0.025999999926451522,-0.1999999922885909,3.5,3.5,3.5,-10.449578955086615,-0.5500000089861508,5.8198834308942204e-12,0.8499936366782829,-12.739498724163377,3.0000000029615537,-6.431121781042652e-13,0.8499735032467853,2.1637770620345513,3.450000006456098,-3.141592652565656,0.8499999235483006,-9.988001130389806,3.8999988487668613,-1.4151774183239747e-06,0.8499930874536019,-13.000293880984493,-6.0530464656205675e-06
6,C3,13,1.2999999999999545,-12.990149240786367,-7.927693640028734e-05,-0.01349848505284161,0.010002140259474799,-11.312828971357298,-10.535397815175795,-1.6647853064051432,0.025999999926451522,-0.1999999922885909,3.5,3.5,3.5,-10.445378955087616,-0.5500000089862875,5.8198834308942204e-12,0.849993636674974,-12.734458724527839,3.00000000296174,-6.431121781042652e-13,0.8499735029541402,2.158257062038438,3.4500000064560465,-3.141592652565656,0.849999924420661,-9.982001130251398,3.899998848766385,-1.4151774183239751e-06,0.8499930874310494,-13.000293880984493,-6.0530464656205675e-06
6,C3,14,1.4080000000000155,-12.969982385546228,-0.0005610475402016288,-0.03332443461065245,0.010003586141161787,-11.315661127300181,-10.55971229669685,-1.7007853054601574,0.205999999933848,-0.19999999992026396,3.5,3.5,3.5,-10.410378955095947,-0.5500000089874273,5.8198834308942204e-12,0.8499936366473998,-12.692458727565178,3.000000002963295,-6.431121781042652e-13,0.8499735005156263,2.11225706206909,3.4500000064556158,-3.141592652565656,0.8499999316903388,-9.932001129097976,3.8999988487624395,-1.4151774183239808e-06,0.8499930872432159,-12.97582659643108,-0.0007591171239444473
6,C3,15,1.504000000000019,-12.943535191170916,-0.0016868046144977791,-0.051724258163603994,0.010005430070972298,-11.32038742361871,-10.592638036829593,-1.7247853054546527,0.3000000000002334,-0.20000000001074714,3.5,3.5,3.5,-10.37817895510361,-0.5500000089884759,5.8198834308942204e-12,0.8499936366220316,-12.653818730359777,3.000000002964726,-6.431121781042652e-13,0.8499734982725008,2.0699370620945543,3.4500000064552183,-3.141592652565656,0.8499999383784534,-9.886001128036803,3.899998848758847,-1.4151774183239857e-06,0.849993087070573,-12.942618116240602,-0.002666755354347047
6,C3,16,1.6000000000000227,-12.91873030950487,-0.003161725465000789,-0.07010950849878082,0.010159469662954043,-11.325284990707829,-10.622235060953797,-1.7447853054546283,0.300000000000189,-0.1999999999990898,3.5,3.5,3.5,-10.345978955111274,-0.5500000089895245,5.8198834308942204e-12,0.8499936365966634,-12.615178733154613,3.0000000029661567,-6.431121781042652e-13,0.8499734960296701,2.027617062117397,3.450000006454821,-3.141592652565656,0.8499999450665776,-9.840001126975602,3.8999988487552897,-1.4151774183239908e-06,0.8499930868980873,-12.912711708105894,-0.0050282703090616405
6,C3,17,1.70799999999997,-12.885752219547399,-0.005665928435970264,-0.09329950879966974,0.009996065333348255,-11.330773479336253,-10.651728221056267,-1.7647853054515175,0.300000000000189,-0.20000000001019203,3.5,3.5,3.5,-10.305378955120938,-0.5500000089908467,5.8198834308942204e-12,0.8499936365646774,-12.566458736678872,3.000000002967961,-6.431121781042652e-13,0.8499734932021733,1.9742570621424618,3.450000006454319,-3.141592652565656,0.8499999534994416,-9.782001125637532,3.8999988487508546,-1.4151774183239967e-06,0.8499930866808292,-12.882858508206338,-0.007987401264514405
6,C3,18,1.7999999999999545,-12.85570435497845,-0.008772012457463018,-0.11329918592575568,0.009998207995415911,-11.336850694182639,-10.681105720271008,-1.7847853054525589,0.3000000000002334,-0.20000000001074714,3.5,3.5,3.5,-10.270378955129269,-0.5500000089919864,5.8198834308942204e-12,0.8499936365371034,-12.524458739717328,3.000000002969516,-6.431121781042652e-13,0.8499734907650521,1.9282570621607242,3.450000006453885,-3.141592652565656,0.8499999607691612,-9.73200112448399,3.8999988487470767,-1.4151774183240024e-06,0.8499930864937382,-12.85307045741899,-0.011542964608292598
6,C3,19,1.9039999999999964,-12.82575119205356,-0.012474409585504852,-0.13329898763694262,0.01000024867646213,-11.34351420444168,-10.71035580798761,-1.804785305453578,0.300000000000189,-0.20000000001019203,3.5,3.5,3.5,-10.2353789551376,-0.5500000089931263,5.8198834308942204e-12,0.8499936365095293,-12.482458742756066,3.0000000029710723,-6.431121781042652e-13,0.8499734883282793,1.8822570621758894,3.4500000064534513,-3.141592652565656,0.8499999680388878,-9.682001123330418,3.89999884874334,-1.415177418324008e-06,0.8499930863068329,-12.82335947056944,-0.015693538162278184
6,C3,20,2.004000000000019,-12.794713247678523,-0.016955974190422392,-0.15409879334117446,0.010002359079506373,-11.35076134479812,-10.739466784560978,-1.8247853054546195,0.300000000000189,-0.20000000001019203,3.5,3.5,3.5,-10.198978955146265,-0.5500000089943117,5.8198834308942204e-12,0.8499936364808522,-12.438778745916647,3.00000000297269,-6.431121781042652e-13,0.8499734857944051,1.8344170621883753,3.450000006452999,-3.141592652565656,0.8499999755994097,-9.63000112213067,3.8999988487394988,-1.4151774183240134e-06,0.8499930861126483,-12.793737431656288,-0.02043746175238928
6,C3,21,2.1000000000000227,-12.77094113888485,-0.020823276248510623,-0.17009986187998247,0.010021947612207836,-11.35858921649244,-10.768427005988626,-1.844785305455461,0.300000000000189,-0.20000000000575113,3.4849133491516113,3.48282790184021,3.5,-10.170978955152929,-0.5500000089952235,5.8198834308942204e-12,0.849993636458793,-12.405178748348069,3.000000002973935,-6.431121781042652e-13,0.8499734838455274,1.7976170621957002,3.450000006452651,-3.141592652565656,0.8499999814151991,-9.590001121207765,3.8999988487365744,-1.415177418324018e-06,0.8499930859634123,-12.764216189100143,-0.025772837872441192
6,C3,22,2.199999999999932,-12.741771175703997,-0.025464821257484237,-0.19013155326730605,0.010064075366758513,-11.366994688480307,-10.797224888568117,-1.8647853054553256,0.3000000000001446,-0.19999999999853468,3.4849133491516113,3.48282790184021,3.5,-10.135978955161262,-0.5500000089963634,5.8198834308942204e-12,0.849993636431219,-12.363178751387599,3.000000002975491,-6.431121781042652e-13,0.8499734814097439,1.7516170622020684,3.4500000064522154,-3.141592652565656,0.8499999886849388,-9.540001120054107,3.899998848732957,-1.4151774183240232e-06,0.8499930857770344,-12.734807551004417,-0.0316975324430948
6,C3,23,2.3039999999999736,-12.70752468909988,-0.03229862835387657,-0.21333599380424773,0.010000445975304277,-11.37597439868493,-10.825848913529855,-1.8847853054593644,0.3000000000002334,-0.20000000001074714,3.5,3.396970272064209,3.5,-10.095378955170926,-0.5500000089976855,5.8198834308942204e-12,0.849993636399233,-12.314458754913803,3.000000002977296,-6.431121781042652e-13,0.8499734785846715,1.6982570622055753,3.4500000064517087,-3.141592652565656,0.8499999971178394,-9.482001118715825,3.899998848728813,-1.4151774183240295e-06,0.8499930855610685,-12.70552328043277,-0.038209175665494664
6,C3,24,2.4080000000000155,-12.676904739308917,-0.0392564181040283,-0.2341356836185065,0.010001900002849257,-11.385524755342207,-10.854287631646532,-1.9047853054603838,0.300000000000189,-0.20000000001019203,3.5,3.396970272064209,3.5,-10.05897895517959,-0.550000008998871,5.8198834308942204e-12,0.849993636370556,-12.270778758075545,3.000000002978915,-6.431121781042652e-13,0.8499734760522467,1.6504170622051757,3.450000006451255,-3.141592652565656,0.8500000046783714,-9.430001117515953,3.8999988487251454,-1.4151774183240353e-06,0.8499930853676564,-12.676375090701935,-0.045305162969337856
6,C3,25,2.5,-12.64879921500381,-0.046236741662108706,-0.253335519747832,0.010003335905755743,-11.39564193843665,-10.882529667809575,-1.924785305461425,0.300000000000189,-0.20000000001019203,3.5,3.3629350662231445,3.5,-10.025378955187588,-0.5500000089999653,5.8198834308942204e-12,0.849993636344085,-12.230458760994345,3.0000000029804093,-6.431121781042652e-13,0.8499734737149583,1.6062570622018335,3.4500000064508347,-3.141592652565656,0.8500000116573234,-9.382001116408349,3.8999988487218,-1.4151774183240403e-06,0.8499930851893003,-12.647374640699685,-0.05298265605419675
6,C3,26,2.6000000000000227,-12.623179086108355,-0.05310354738088807,-0.2709353859583757,0.010004961427168554,-11.406321901229914,-10.910563725581069,-1.9447853054624444,0.300000000000189,-0.20000000001019203,3.5,3.3629350662231445,3.5,-9.99457895519492,-0.5500000090009683,5.8198834308942204e-12,0.8499936363198198,-12.193498763670139,3.0000000029817793,-6.431121781042652e-13,0.8499734715727261,1.5657770621962621,3.4500000064504492,-3.141592652565656,0.8500000180546945,-9.338001115393022,3.8999988487187673,-1.4151774183240452e-06,0.8499930850259576,-12.618533530219356,-0.06123858402519978
6,C3,27,2.699999999999932,-12.591956799874547,-0.061527195301167605,-0.2925688827216606,0.010077133100938397,-11.417560371879274,-10.938378591711695,-1.9647853054624647,0.3000000000002334,-0.19999999999853468,3.5,3.310760259628296,3.5,-9.956778955203916,-0.5500000090021994,5.8198834308942204e-12,0.8499936362900399,-12.148138766954363,3.0000000029834606,-6.431121781042652e-13,0.8499734689439918,1.516097062186146,3.450000006449975,-3.141592652565656,0.8500000259060098,-9.284001114146905,3.8999988487150894,-1.415177418324051e-06,0.8499930848256881,-12.58986329532059,-0.07006964462123214
6,C3,28,2.7999999999999545,-12.564301918048333,-0.06993467392850271,-0.3117790589454018,0.010004679048657322,-11.429352855146256,-10.965963140625597,-1.9847853054663702,0.3000000000006775,-0.20000000001629825,3.5,3.310760259628296,3.5,-9.923178955211915,-0.5500000090032936,5.8198834308942204e-12,0.8499936362635689,-12.107818769873944,3.0000000029849554,-6.431121781042652e-13,0.8499734666076806,1.471937062174121,3.4500000064495535,-3.141592652565656,0.8500000328849523,-9.236001113039219,3.8999988487118613,-1.415177418324056e-06,0.8499930846478526,-12.561375403715353,-0.07947230553576465
6,C3,29,2.9039999999999964,-12.535655805100122,-0.07947551004349449,-0.3317789148291564,0.010005156198046676,-11.441694634194986,-10.993306338871493,-2.004785305467634,0.300000000000189,-0.20000000001019203,3.5,3.270022392272949,3.5,-9.888178955220246,-0.5500000090044335,5.8198834308942204e-12,0.8499936362359949,-12.06581877291545,3.0000000029865124,-6.431121781042652e-13,0.8499734641743646,1.4259370621585594,3.4500000064491143,-3.141592652565656,0.8500000401546781,-9.186001111885348,3.8999988487085395,-1.4151774183240617e-06,0.8499930844627893,-12.533081250179936,-0.08944280582995857
6,C3,30,3.0,-12.508364093276976,-0.08916341731075858,-0.3509787905719843,0.010005966705258194,-11.454580772478252,-11.0203972495344,-2.024785305468675,0.3000000000002334,-0.20000000001074714,3.5,3.270022392272949,3.5,-9.854578955228245,-0.5500000090055277,5.8198834308942204e-12,0.849993636209524,-12.025498775835556,3.000000002988007,-6.431121781042652e-13,0.8499734618387093,1.3817770621407064,3.450000006448691,-3.141592652565656,0.8500000471336081,-9.138001110777603,3.8999988487053896,-1.4151774183240668e-06,0.8499930842853033,-12.504992151998783,-0.09997715743650783
6,C4,0,0.0,-13.001884856653277,1.2204606307768079e-09,-4.234037588239438e-09,0.010004452351027945,-11.629134222239877,-11.296851476769671,-2.243185306782643,8.881784197001252e-13,0.0,3.5,3.5,3.5,-10.499978955823183,-0.5500000090868357,5.8198834308942204e-12,0.8499936342429775,-12.799978993492307,3.000000003099437,-6.431121781042652e-13,0.8499732892196287,2.230017052831719,3.450000006370554,3.1415900010241367,0.8500005655081184,-10.060001028407891,3.899998848579111,-1.4151774183244535e-06,0.8499930715785521,-13.001079336672987,1.2547452639230482e-09
6,C4,1,1.1000000000000227,-13.00179906465639,-3.830779095626395e-08,-0.00011550652346416258,0.0100052939894788,-11.629134222239877,-11.296851476769671,-2.243185306782643,8.881784197001252e-13,0.0,3.5,3.5,3.5,-10.49297895614251,-0.5500000091304867,5.8198834308942204e-12,0.8499936331874848,-12.791579110896299,3.000000003159542,-6.431121781042652e-13,0.8499731973042435,2.220817041340509,3.450000006396953,-3.141592652565656,0.8500008435534229,-10.050000984138281,3.8999988485989983,-1.415177418324661e-06,0.8499930651485823,-13.001079336672987,1.2547452639230482e-09
6,C4,2,1.1000000000000227,-13.00179906465639,-3.830779095626395e-08,-0.00011550652346416258,0.0100052939894788,-11.62913422223989,-11.296851476769689,-2.243185306782643,9.769962616701378e-13,0.0,3.5,3.5,3.5,-10.49297895614251,-0.5500000091304867,5.8198834308942204e-12,0.8499936331874848,-12.791579110896299,3.000000003159542,-6.431121781042652e-13,0.8499731973042435,2.220817041340509,3.450000006396953,-3.141592652565656,0.8500008435534229,-10.050000984138281,3.8999988485989983,-1.415177418324661e-06,0.8499930651485823,-13.001079336672968,1.2547466001272286e-09
6,C4,3,1.1000000000000227,-13.00163275924097,-2.238660610284298e-06,-0.00034631009881659625,0.010082065437143743,-11.62913422223989,-11.296851476769689,-2.243185306782643,9.769962616701378e-13,0.0,3.5,3.5,3.5,-10.487378956143845,-0.5500000091306693,5.8198834308942204e-12,0.8499936331830732,-12.78485911138786,3.0000000031597938,-6.431121781042652e-13,0.8499731969211438,2.213457041282963,3.4500000063968725,-3.141592652565656,0.8500008447151572,-10.04200098395316,3.8999988485992096,-1.4151774183246619e-06,0.8499930651222793,-13.001079336672968,1.2547466001272286e-09
6,C4,4,1.1359999999999673,-13.001471808732738,-4.441375234569787e-06,-0.0005771168525779543,0.010139167434878976,-11.62913422223989,-11.296851476769689,-2.243185306782643,9.769962616701378e-13,0.0,3.5,3.5,3.5,-10.481778956145178,-0.5500000091308517,5.8198834308942204e-12,0.8499936331786615,-12.778139111879428,3.0000000031600456,-6.431121781042652e-13,0.8499731965380533,2.206097041225337,3.4500000063967913,-3.141592652565656,0.8500008458768877,-10.03400098376804,3.8999988485994224,-1.4151774183246627e-06,0.849993065095981,-13.001079336672968,1.2547466001272286e-09
6,C4,5,1.1359999999999673,-13.001316198276895,-6.6439987779122515e-06,-0.0008079262323406211,0.010176609525461186,-11.629134222239907,-11.296851476769724,-2.243185306782643,8.881784197001252e-13,0.0,3.5,3.5,3.5,-10.476178956146512,-0.5500000091310342,5.8198834308942204e-12,0.8499936331742499,-12.771419112371003,3.000000003160297,-6.431121781042652e-13,0.8499731961549717,2.198737041167633,3.450000006396711,-3.141592652565656,0.8500008470386143,-10.026000983582918,3.8999988485996364,-1.4151774183246635e-06,0.8499930650696876,-13.001079336672927,1.2547548313665638e-09
6,C4,6,1.1359999999999673,-13.001165918140021,-8.8440861290184e-06,-0.001038737490804457,0.010194398320205024,-11.629134222239907,-11.296851476769724,-2.243185306782643,8.881784197001252e-13,0.0,3.5,3.5,3.5,-10.470578956147845,-0.5500000091312166,5.8198834308942204e-12,0.8499936331698382,-12.764699112862585,3.0000000031605487,-6.431121781042652e-13,0.8499731957718991,2.1913770411098485,3.45000000639663,-3.141592652565656,0.850000848200337,-10.018000983397796,3.899998848599851,-1.4151774183246644e-06,0.849993065043399,-13.001079336672927,1.2547548313665638e-09
6,C4,7,1.1800000000000637,-13.001020963635227,-1.103919119099953e-05,-0.0012695497678376845,0.010192537236776905,-11.629134222239907,-11.296851476769724,-2.243185306782643,8.881784197001252e-13,0.0,3.5,3.5,3.5,-10.464978956149178,-0.5500000091313991,5.8198834308942204e-12,0.8499936331654266,-12.757979113354175,3.0000000031608005,-6.431121781042652e-13,0.8499731953888355,2.1840170410519857,3.45000000639655,-3.141592652565656,0.8500008493620557,-10.010000983212674,3.899998848600067,-1.415177418324665e-06,0.849993065017115,-13.001079336672927,1.2547548313665638e-09
6,C4,8,1.1800000000000637,-13.001020963635227,-1.103919119099953e-05,-0.0012695497678376845,0.010192537236776905,-11.629284656940962,-11.297038477193865,-2.2511853066885483,0.005999999977746029,-0.19999999764763743,3.5,3.5,3.5,-10.464978956149178,-0.5500000091313991,5.8198834308942204e-12,0.8499936331654266,-12.757979113354175,3.0000000031608005,-6.431121781042652e-13,0.8499731953888355,2.1840170410519857,3.45000000639655,-3.141592652565656,0.8500008493620557,-10.010000983212674,3.899998848600067,-1.415177418324665e-06,0.849993065017115,-13.000839340257807,-1.214738468968598e-06
6,C4,9,1.1800000000000637,-13.000881335124907,-1.3226863399966556e-05,-0.0015003621719299359,0.010171026480592552,-11.629284656940962,-11.297038477193865,-2.2511853066885483,0.005999999977746029,-0.19999999764763743,3.5,3.5,3.5,-10.459378956150513,-0.5500000091315815,5.8198834308942204e-12,0.849993633161015,-12.751259113845771,3.000000003161052,-6.431121781042652e-13,0.849973195005781,2.1766570409940433,3.4500000063964693,-3.141592652565656,0.8500008505237704,-10.00200098302755,3.899998848600284,-1.415177418324666e-06,0.8499930649908359,-13.000839340257807,-1.214738468968598e-06
6,C4,10,1.2160000000000082,-13.00074703802054,-1.5404644245772314e-05,-0.001731173861622518,0.010129863046224378,-11.629284656940962,-11.297038477193865,-2.2511853066885483,0.005999999977746029,-0.19999999764763743,3.5,3.5,3.5,-10.453778956151845,-0.5500000091317641,5.8198834308942204e-12,0.8499936331566034,-12.744539114337373,3.0000000031613037,-6.431121781042652e-13,0.8499731946227355,2.169297040936022,3.4500000063963885,-3.141592652565656,0.8500008516854811,-9.994000982842426,3.899998848600502,-1.4151774183246671e-06,0.8499930649645615,-13.000839340257807,-1.214738468968598e-06
6,C4,11,1.2160000000000082,-13.00061808277951,-1.757006379800897e-05,-0.001961984126978804,0.010069040738818636,-11.630353570272668,-11.298334536042274,-2.26718530668852,0.04199999999583426,-0.3999999999992898,3.5,3.5,3.5,-10.44817895615318,-0.5500000091319465,5.8198834308942204e-12,0.8499936331521917,-12.737819114828984,3.0000000031615555,-6.431121781042652e-13,0.849973194239699,2.1619370408779215,3.4500000063963077,-3.141592652565656,0.850000852847188,-9.9860009826573,3.8999988486007213,-1.415177418324668e-06,0.8499930649382919,-12.999159607001475,-3.0205026688877507e-05
6,C4,12,1.2160000000000082,-13.00061808277951,-1.757006379800897e-05,-0.001961984126978804,0.010069040738818636,-11.630353570272668,-11.298334536042274,-2.26718530668852,0.04199999999583426,-0.3999999999992898,3.5,3.5,3.5,-10.44817895615318,-0.5500000091319465,5.8198834308942204e-12,0.8499936331521917,-12.737819114828984,3.0000000031615555,-6.431121781042652e-13,0.849973194239699,2.1619370408779215,3.4500000063963077,-3.141592652565656,0.850000852847188,-9.9860009826573,3.8999988486007213,-1.415177418324668e-06,0.8499930649382919,-12.999159607001475,-3.0205026688877507e-05
6,C4,13,1.3079999999999927,-12.992149493959769,-5.5091052766576744e-05,-0.004235538179987924,0.009990478176190034,-11.635699958122434,-11.304498653576765,-2.299185306688574,0.12199999999591427,-0.40000000000040004,3.5,3.5,3.5,-10.42297895615918,-0.5500000091327676,5.8198834308942204e-12,0.8499936331323393,-12.707579117041316,3.000000003162688,-6.431121781042652e-13,0.8499731925161462,2.1288170406154885,3.4500000063959453,-3.141592652565656,0.8500008580748196,-9.950000981824232,3.8999988486017205,-1.4151774183246718e-06,0.8499930648201376,-12.991007162770668,-0.00037351404594669103
6,C4,14,1.4039999999999964,-12.968735680362377,-0.0003153672237476648,-0.016445053904146772,0.009993781313461852,-11.660275138661257,-11.330136885245285,-2.3631853056590617,0.28199999992528646,-0.3999999922121855,3.5,3.5,3.5,-10.389378956167183,-0.5500000091338624,5.8198834308942204e-12,0.8499936331058695,-12.667259119991314,3.0000000031641982,-6.431121781042652e-13,0.8499731902183599,2.0846570402630835,3.45000000639546,-3.141592652565656,0.8500008650448694,-9.90200098071345,3.8999988486030865,-1.415177418324677e-06,0.8499930646627488,-12.955642636524257,-0.003630614746176434
6,C4,15,1.5,-12.938692673854591,-0.0011227604969657862,-0.03951750846946287,0.00999680309101424,-11.682051655911724,-11.35076849455612,-2.4031853049387446,0.3000000000055181,-0.3999999929926723,3.5,3.5,3.5,-10.355778956175186,-0.5500000091349573,5.8198834308942204e-12,0.8499936330793998,-12.626939122941566,3.0000000031657086,-6.431121781042652e-13,0.8499731879208983,2.0404970399078275,3.450000006394975,-3.141592652565656,0.8500008720147744,-9.854000979602644,3.899998848604491,-1.4151774183246822e-06,0.8499930645055316,-12.92593813703965,-0.007816629161316167
6,C4,16,1.6000000000000227,-12.906850521473146,-0.002916280257305527,-0.07614757858621435,0.009999932287584576,-11.704635798578142,-11.370512772371736,-2.4431853042271094,0.3000000000055625,-0.3999999929110709,3.5,3.5,3.5,-10.319378956183854,-0.5500000091361432,5.8198834308942204e-12,0.8499936330507242,-12.583259126137957,3.000000003167345,-6.431121781042652e-13,0.8499731854323478,1.9926570395197496,3.4500000063944487,-3.141592652565656,0.8500008795653402,-9.802000978399244,3.899998848606056,-1.415177418324688e-06,0.8499930643354067,-12.89642479390985,-0.013187158347537413
6,C4,17,1.7000000000000455,-12.880732734437478,-0.005399544552038638,-0.11293069637978384,0.010113598270521646,-11.727991436855977,-11.38933813205053,-2.483185304227771,0.2999999999997005,-0.3999999999976245,3.5,3.5,3.5,-10.287178956191523,-0.5500000091371925,5.8198834308942204e-12,0.8499936330253574,-12.54461912896578,3.000000003168793,-6.431121781042652e-13,0.8499731832312555,1.950337039173661,3.4500000063939833,-3.141592652565656,0.850000886244543,-9.756000977334674,3.8999988486074786,-1.4151774183246928e-06,0.8499930641850796,-12.86714982219129,-0.019733610614118158
6,C4,18,1.8000000000000682,-12.850339264875997,-0.00921141241858689,-0.1561094113473475,0.010004100020058006,-11.752081206711784,-11.40721445702391,-2.5231853042243695,0.2999999999418357,-0.39999999991935375,3.5,3.5,3.5,-10.249378956200525,-0.5500000091384242,5.8198834308942204e-12,0.8499936329955788,-12.499259132285696,3.0000000031704923,-6.431121781042652e-13,0.849973180647745,1.9006570387640422,3.4500000063934357,-3.141592652565656,0.8500008940851723,-9.702000976084934,3.899998848609193,-1.4151774183246987e-06,0.8499930640088097,-12.838160055597301,-0.027445513043843933
6,C4,19,1.8999999999999773,-12.821620555236466,-0.014282674214537812,-0.19450879649225672,0.010004567209479086,-11.776866569656509,-11.424113148988145,-2.5631853042264745,0.3000000000006775,-0.40000000002093916,3.5,3.5,3.5,-10.215778956208528,-0.550000009139519,5.8198834308942204e-12,0.849993632969109,-12.458939135237,3.000000003172003,-6.431121781042652e-13,0.8499731783516362,1.8564970383969082,3.4500000063929486,-3.141592652565656,0.8500009010544618,-9.654000974974029,3.899998848610758,-1.415177418324704e-06,0.8499930638523078,-12.809501871565683,-0.03631052823919602
6,C4,20,2.0,-12.79078070879312,-0.02100952441021054,-0.23610832923880543,0.010005461947180026,-11.802307874394815,-11.440007173639453,-2.603185304228535,0.3000000000006775,-0.40000000002093916,3.5,3.459446668624878,3.5,-10.179378956217198,-0.550000009140705,5.8198834308942204e-12,0.8499936329404335,-12.41525913843453,3.0000000031736405,-6.431121781042652e-13,0.8499731758645516,1.8086570379959623,3.4500000063924197,-3.141592652565656,0.8500009086043552,-9.602000973770519,3.8999988486124972,-1.4151774183247095e-06,0.8499930636829577,-12.781221117079822,-0.0463144740664231
6,C4,21,2.1000000000000227,-12.76260934116512,-0.028347481387125673,-0.2745079260154218,0.010006787468035124,-11.828364420266311,-11.454871103928935,-2.643185304230618,0.3000000000006775,-0.40000000002093916,3.5,3.459446668624878,3.5,-10.145778956225199,-0.5500000091417999,5.8198834308942204e-12,0.8499936329139638,-12.37493914138636,3.0000000031751517,-6.431121781042652e-13,0.8499731735691195,1.7644970376228895,3.450000006391931,-3.141592652565656,0.8500009155733292,-9.554000972659562,3.8999988486141426,-1.4151774183247148e-06,0.8499930635268134,-12.753363035313983,-0.057441346346263536
6,C4,22,2.2000000000000455,-12.732731746604719,-0.03638798615027783,-0.316157095621651,0.010005495486035139,-11.854994522355934,-11.468681160738914,-2.6831853042305247,0.2999999999997005,-0.3999999999976245,3.5,3.424273729324341,3.5,-10.109378956233869,-0.550000009142986,5.8198834308942204e-12,0.8499936328852883,-12.331259144584461,3.0000000031767886,-6.431121781042652e-13,0.8499731710827679,1.7166570372155103,3.4500000063914014,-3.141592652565656,0.8500009231228783,-9.502000971455999,3.8999988486159682,-1.4151774183247203e-06,0.8499930633578509,-12.725972193256334,-0.06967334445660786
6,C4,23,2.3039999999999736,-12.702906656702527,-0.04681978767782664,-0.3577565774633397,0.010005603259794407,-11.882155578180857,-11.481415250924172,-2.723185304238225,0.3000000000006775,-0.40000000002093916,3.5,3.424273729324341,3.5,-10.072978956242537,-0.550000009144172,5.8198834308942204e-12,0.8499936328566128,-12.287579147782859,3.0000000031784264,-6.431121781042652e-13,0.8499731685967977,1.6688170368047859,3.450000006390871,-3.141592652565656,0.8500009306722461,-9.450000970252407,3.8999988486178396,-1.415177418324726e-06,0.8499930631890897,-12.699092410411504,-0.08299089980981471
6,C4,24,2.4039999999999964,-12.674686666103698,-0.05800073415769968,-0.39775626312245016,0.010006224961161157,-11.909804135846656,-11.493053002657431,-2.763185304240286,0.3000000000006331,-0.40000000002038405,3.5,3.378892421722412,3.5,-10.037978956250873,-0.5500000091453126,5.8198834308942204e-12,0.8499936328290402,-12.245579150858521,3.0000000031800007,-6.431121781042652e-13,0.8499731662068013,1.622817036406704,3.450000006390361,-3.141592652565656,0.8500009379310812,-9.400000969095082,3.8999988486196813,-1.4151774183247315e-06,0.8499930630270094,-12.67276668869704,-0.09737270715856171
6,C4,25,2.504000000000019,-12.648056897958636,-0.06975281607085339,-0.4361583204619159,0.010019016446474741,-11.937895963558608,-11.50357579801826,-2.803185304242391,0.3000000000006775,-0.40000000002093916,3.5,3.378892421722412,3.5,-10.004378956258876,-0.5500000091464073,5.8198834308942204e-12,0.8499936328025705,-12.205259153811415,3.0000000031815124,-6.431121781042652e-13,0.8499731639127364,1.5786570360216357,3.45000000638987,-3.141592652565656,0.8500009448994028,-9.352000967984024,3.8999988486214887,-1.4151774183247364e-06,0.8499930628715876,-12.64703714365233,-0.11279575867880709
6,C4,26,2.6000000000000227,-12.619592131613198,-0.08279435111308898,-0.4778088099041324,0.01000576629274055,-11.966386120384591,-11.512966802778726,-2.8431853042485815,0.2999999999921954,-0.4000000001569415,3.5,3.3316915035247803,3.5,-9.967978956267546,-0.5500000091475935,5.8198834308942204e-12,0.849993632773895,-12.161579157010667,3.00000000318315,-6.431121781042652e-13,0.8499731614278662,1.5308170356012618,3.4500000063893377,-3.141592652565656,0.8500009524482395,-9.30000096678035,3.89999884862349,-1.4151774183247423e-06,0.8499930627034078,-12.62194493706109,-0.129235380777951
6,C4,27,2.7000000000000455,-12.592899837073052,-0.09728361970845495,-0.517808520994507,0.010006039758141398,-11.995229028152053,-11.521210993334595,-2.883185304250642,0.3000000000006775,-0.40000000002093916,3.5,3.3316915035247803,3.5,-9.932978956275882,-0.5500000091487339,5.8198834308942204e-12,0.8499936327463224,-12.11957916008715,3.0000000031847254,-6.431121781042652e-13,0.8499731590389275,1.4848170351939018,3.450000006388826,-3.141592652565656,0.8500009597065599,-9.250000965622947,3.899998848625457,-1.4151774183247478e-06,0.8499930625418864,-12.597530211100588,-0.1466652735681428
6,C4,28,2.8039999999999736,-12.567861601724653,-0.1121738793541877,-0.5562083584626193,0.010006798068044123,-12.024378544360962,-11.528295180739667,-2.923185304252725,0.3000000000006331,-0.40000000002038405,3.5,3.2686731815338135,3.5,-9.899378956283883,-0.5500000091498288,5.8198834308942204e-12,0.8499936327198527,-12.079259163040833,3.0000000031862375,-6.431121781042652e-13,0.8499731567458781,1.4406570347999268,3.450000006388334,-3.141592652565656,0.8500009666743835,-9.202000964511814,3.899998848627385,-1.415177418324753e-06,0.8499930623870011,-12.573832024124425,-0.16505755293874652
6,C4,29,2.8999999999999773,-12.543256673177588,-0.12752374704355715,-0.5946374510899458,0.010036050925395399,-12.053788036003567,-11.53420803180531,-2.9631853042535643,0.2999999999997449,-0.39999999999706937,3.5,3.2686731815338135,3.5,-9.865778956291885,-0.5500000091509237,5.8198834308942204e-12,0.8499936326933831,-12.038939165994766,3.0000000031877496,-6.431121781042652e-13,0.8499731544531538,1.3964970344031016,3.450000006387841,-3.141592652565656,0.8500009736420454,-9.154000963400659,3.8999988486293513,-1.415177418324758e-06,0.8499930622322877,-12.550888288176438,-0.18438279516620606
6,C4,30,3.0,-12.518409047475348,-0.1448557941279993,-0.6346516413783297,0.010005407784109252,-12.083410454166756,-11.538940087231074,-3.0031853042587557,0.3000000000006775,-0.40000000002093916,3.5,3.251596450805664,3.5,-9.830778956300222,-0.5500000091520642,5.8198834308942204e-12,0.8499936326658106,-11.996939169072048,3.0000000031893252,-6.431121781042652e-13,0.849973152065245,1.3504970339867117,3.4500000063873273,-3.141592652565656,0.8500009808998534,-9.104000962243179,3.8999988486314403,-1.4151774183247633e-06,0.8499930620713103,-12.52873570833992,-0.20461008398537345
7,C0,0,0.0,-13.001817619895174,1.205308518110624e-09,-3.1981857153380908e-09,0.010000776287717042,-12.382008293348035,-11.520285563890127,2.8784000003208865,9.769962616701378e-13,0.0,3.5,3.5,3.5,-10.499978957902941,0.719999990628869,5.8198834308942204e-12,0.8499936273720904,-7.199979764935277,-0.7199999965056246,-6.431121781042652e-13,0.8499727001592199,2.8000168968669668,0.350000006278305,-3.141592652565656,0.8500023695478351,1.0000007395693604,-0.3499988498066946,3.1415912384123748,0.8499930346206755,-13.00094640057972,1.2310301884995815e-09
7,C0,1,1.1039999999999281,-13.001818482241818,1.205190012408091e-09,-3.2930860543895194e-09,0.010000975630204524,-12.382008293348035,-11.520285563890127,2.8784000003208865,9.769962616701378e-13,0.0,3.5,3.5,3.5,-10.496618958702724,0.7199999905195416,5.8198834308942204e-12,0.849993624732001,-7.195980065803094,-0.7199999963515971,-6.431121781042652e-13,0.849972479699428,2.7950567861523608,0.3500000062163572,-3.141592652565656,0.8500030567891544,0.9956006282243337,-0.3499988509682672,3.1415912384123748,0.849993023505402,-13.00094640057972,1.2310301884995815e-09
7,C0,2,1.1039999999999281,-13.00198363201353,6.73131763911531e-09,0.00019125045648065329,0.010001237509983338,-12.382008293348052,-11.520285563890118,2.8784000003208865,9.769962616701378e-13,0.0,3.5,3.5,3.5,-10.48989895870406,0.7199999905193589,5.8198834308942204e-12,0.8499936247275899,-7.187980066307818,-0.7199999963513387,-6.431121781042652e-13,0.8499724793338415,2.785136785943936,0.35000000621624955,-3.141592652565656,0.8500030579334871,0.9868006280381575,-0.3499988509705283,3.1415912384123748,0.8499930234882671,-13.0009464005797,1.231026234017313e-09
7,C0,3,1.1039999999999281,-13.00198015451878,1.232753467105907e-07,0.0009700811057637821,0.010001627518661614,-12.382008293348052,-11.520285563890118,2.8784000003208865,9.769962616701378e-13,0.0,3.5,3.5,3.5,-10.479818958706062,0.7199999905190848,5.8198834308942204e-12,0.8499936247209733,-7.175980067064916,-0.7199999963509511,-6.431121781042652e-13,0.8499724787854789,2.770256785631153,0.35000000621608807,-3.141592652565656,0.8500030596499595,0.9736006277588922,-0.34999885097392197,3.1415912384123748,0.8499930234625739,-13.0009464005797,1.231026234017313e-09
7,C0,4,1.1399999999999864,-13.00198015451878,1.232753467105907e-07,0.0009700811057637821,0.010001627518661614,-12.382008293348052,-11.520285563890118,2.8784000003208865,9.769962616701378e-13,0.0,3.5,3.5,3.5,-10.479818958706062,0.7199999905190848,5.8198834308942204e-12,0.8499936247209733,-7.175980067064916,-0.7199999963509511,-6.431121781042652e-13,0.8499724787854789,2.770256785631153,0.35000000621608807,-3.141592652565656,0.8500030596499595,0.9736006277588922,-0.34999885097392197,3.1415912384123748,0.8499930234625739,-13.0009464005797,1.231026234017313e-09
7,C0,5,1.1399999999999864,-13.001748319878889,4.6274089636526427e-07,0.0015680139280386666,0.010001823506787,-12.382008293348088,-11.5202855638901,2.8784000003208865,8.881784197001252e-13,0.0,3.5,3.5,3.5,-10.474778958707065,0.7199999905189478,5.8198834308942204e-12,0.8499936247176649,-7.169980067443472,-0.7199999963507573,-6.431121781042652e-13,0.8499724785113054,2.7628167854746954,0.3500000062160073,-3.141592652565656,0.8500030605081836,0.9670006276192593,-0.3499988509756196,3.1415912384123748,0.8499930234497313,-13.000946400579661,1.2310183250527766e-09
7,C0,6,1.1399999999999864,-13.0013630856439,1.2494509804179984e-06,0.002304997519012706,0.010002021458736443,-12.382008293348088,-11.5202855638901,2.8784000003208865,8.881784197001252e-13,0.0,3.5,3.5,3.5,-10.469738958708065,0.7199999905188108,5.8198834308942204e-12,0.8499936247143566,-7.16398006782203,-0.7199999963505634,-6.431121781042652e-13,0.8499724782371372,2.7553767853181945,0.35000000621592653,-3.141592652565656,0.8500030613663998,0.9604006274796261,-0.3499988509773179,3.1415912384123748,0.8499930234368914,-13.000946400579661,1.2310183250527766e-09
7,C0,7,1.1720000000000255,-13.000824449698609,2.758835121225014e-06,0.003181072682158468,0.010002222545487834,-12.382008293348088,-11.5202855638901,2.8784000003208865,8.881784197001252e-13,0.0,3.5,3.5,3.5,-10.464698958709066,0.7199999905186737,5.8198834308942204e-12,0.8499936247110483,-7.157980068200593,-0.7199999963503697,-6.431121781042652e-13,0.8499724779629741,2.747936785161649,0.35000000621584576,-3.141592652565656,0.850003062224608,0.9538006273399927,-0.34999885097901684,3.1415912384123748,0.8499930234240543,-13.000946400579661,1.2310183250527766e-09
7,C0,8,1.1720000000000255,-13.000824449698609,2.758835121225014e-06,0.003181072682158468,0.010002222545487834,-12.38200829334811,-11.520285563890091,2.8784000003208865,9.769962616701378e-13,0.0,3.5,3.5,3.5,-10.464698958709066,0.7199999905186737,5.8198834308942204e-12,0.8499936247110483,-7.157980068200593,-0.7199999963503697,-6.431121781042652e-13,0.8499724779629741,2.747936785161649,0.35000000621584576,-3.141592652565656,0.850003062224608,0.9538006273399927,-0.34999885097901684,3.1415912384123748,0.8499930234240543,-13.000946400579638,1.2310152948607778e-09
7,C0,9,1.1720000000000255,-13.000132409886152,5.330833464160476e-06,0.0041962892756587915,0.010002428090188812,-12.38200829334811,-11.520285563890091,2.8784000003208865,9.769962616701378e-13,0.0,3.5,3.5,3.5,-10.45461895871107,0.7199999905183997,5.8198834308942204e-12,0.8499936247044316,-7.145980068957729,-0.719999996349982,-6.431121781042652e-13,0.8499724774146636,2.733056784848427,0.3500000062156842,-3.141592652565656,0.8500030639410003,0.9406006270607251,-0.34999885098241645,3.1415912384123748,0.8499930233983879,-13.000946400579638,1.2310152948607778e-09
7,C0,10,1.2039999999999509,-12.999286964271759,9.369935515493348e-06,0.005350706084031337,0.01000263956829463,-12.38200829334811,-11.520285563890091,2.8784000003208865,9.769962616701378e-13,0.0,3.5,3.5,3.5,-10.45461895871107,0.7199999905183997,5.8198834308942204e-12,0.8499936247044316,-7.145980068957729,-0.719999996349982,-6.431121781042652e-13,0.8499724774146636,2.733056784848427,0.3500000062156842,-3.141592652565656,0.8500030639410003,0.9406006270607251,-0.34999885098241645,3.1415912384123748,0.8499930233983879,-13.000946400579638,1.2310152948607778e-09
7,C0,11,1.2039999999999509,-12.997921069902635,1.7857639604234676e-05,0.007106580180718487,0.010002933604471263,-12.382860318317258,-11.520065469840683,2.894400000053805,0.021999999979316343,0.39999999332296365,3.5,3.5,3.5,-10.447898958712404,0.719999990518217,5.8198834308942204e-12,0.8499936247000206,-7.137980069462494,-0.7199999963497237,-6.431121781042652e-13,0.8499724770491349,2.723136784639515,0.3500000062155765,-3.141592652565656,0.8500030650852441,0.9318006268745462,-0.3499988509846842,3.1415912384123748,0.849993023381283,-13.000066455022338,9.152997386222288e-06
7,C0,12,1.2039999999999509,-12.997921069902635,1.7857639604234676e-05,0.007106580180718487,0.010002933604471263,-12.382860318317258,-11.520065469840683,2.894400000053805,0.021999999979316343,0.39999999332296365,3.5,3.5,3.5,-10.447898958712404,0.719999990518217,5.8198834308942204e-12,0.8499936247000206,-7.137980069462494,-0.7199999963497237,-6.431121781042652e-13,0.8499724770491349,2.723136784639515,0.3500000062155765,-3.141592652565656,0.8500030650852441,0.9318006268745462,-0.3499988509846842,3.1415912384123748,0.849993023381283,-13.000066455022338,9.152997386222288e-06
7,C0,13,1.3079999999999927,-12.984104673576828,0.00023246058208370015,0.022836939454098735,0.010027775783919063,-12.394808302896255,-11.517412582445017,2.9423999993307426,0.14199999992952073,0.3999999939652277,3.5,3.5,3.5,-10.407578958720416,0.7199999905171207,5.8198834308942204e-12,0.8499936246735541,-7.0899800724912305,-0.7199999963481731,-6.431121781042652e-13,0.8499724748561569,2.663616783384404,0.3500000062149298,-3.141592652565656,0.8500030719504075,0.8790006257574637,-0.3499988509983132,3.1415912384123748,0.8499930232787547,-12.987839720483619,0.0005560620883005517
7,C0,14,1.4039999999999964,-12.969446919346654,0.0007137905854592785,0.04084615471197612,0.01021521385288534,-12.426824905927779,-11.511970136636267,2.9983999990402976,0.28199999999589664,0.40000000000040004,3.5,3.5,3.5,-10.370618958727759,0.7199999905161159,5.8198834308942204e-12,0.8499936246492931,-7.045980075267783,-0.7199999963467517,-6.431121781042652e-13,0.8499724728462198,2.609056782231419,0.3500000062143367,-3.141592652565656,0.8500030782430223,0.8306006247334579,-0.34999885101084016,3.1415912384123748,0.849993023184922,-12.9555097004008,0.003630616934738021
7,C0,15,1.504000000000019,-12.947493136313733,0.0017580542059493578,0.06284591570461258,0.0100018493055326,-12.456595562424491,-11.508283943790085,3.038399998839032,0.2999999998103853,0.39999999497219996,3.5,3.5,3.5,-10.326938958736438,0.7199999905149282,5.8198834308942204e-12,0.849993624620621,-6.993980078549425,-0.7199999963450717,-6.431121781042652e-13,0.8499724704712006,2.5445767808657584,0.3500000062136351,-3.141592652565656,0.850003085679191,0.7734006235232525,-0.3499988510256865,3.1415912384123748,0.849993023074216,-12.925805200898099,0.007816631177252216
7,C0,16,1.6000000000000227,-12.91975632538593,0.0038714878215297443,0.09174693495394351,0.01000252391416067,-12.486489813974805,-11.505791208219904,3.07839999810275,0.2999999999952596,0.399999992587996,3.5,3.5,3.5,-10.28661895874445,0.7199999905138319,5.8198834308942204e-12,0.8499936245941545,-6.945980081578885,-0.7199999963435207,-6.431121781042652e-13,0.8499724682792226,2.4850567796022243,0.35000000621298694,-3.141592652565656,0.850003092542809,0.7206006224061238,-0.34999885103943074,3.1415912384123748,0.8499930229722056,-12.896291857739168,0.01318716019770308
7,C0,17,1.711999999999989,-12.885640543203825,0.007765879576251991,0.1373788001356923,0.010003641576034865,-12.516459836147682,-11.50449591776985,3.118399997820105,0.3000000000006331,0.40000000002038405,3.5,3.5,3.5,-10.23789895875413,0.7199999905125073,5.8198834308942204e-12,0.8499936245621742,-6.887980085239803,-0.7199999963416466,-6.431121781042652e-13,0.8499724656310271,2.413136778071708,0.3500000062122032,-3.141592652565656,0.850003100835657,0.6568006210562397,-0.3499988510560899,3.1415912384123748,0.8499930228491736,-12.867016885982412,0.019733612292842297
7,C0,18,1.7999999999999545,-12.861050578965255,0.011571702628704463,0.17097910228258612,0.010004543614175536,-12.546457683302307,-11.504400144644677,-3.124785309357399,0.3000000000006331,0.40000000002038405,3.5,3.5,3.5,-10.202618958761141,0.7199999905115481,5.8198834308942204e-12,0.8499936245390161,-6.845980087891033,-0.7199999963402893,-6.431121781042652e-13,0.8499724637136723,2.361056776960845,0.3500000062116351,-3.141592652565656,0.8500031068403501,0.6106006200787236,-0.3499988510681884,3.1415912384123748,0.8499930227602387,-12.838027119340554,0.02744551455196837
7,C0,19,1.9080000000000155,-12.830831607680539,0.01742234444340397,0.2125796634596795,0.010006119210851486,-12.576435365282318,-11.505504042062597,-3.084785309355316,0.3000000000006775,0.40000000002093916,3.482693910598755,3.5,3.5,-10.15893895876982,0.7199999905103605,5.8198834308942204e-12,0.849993624510344,-6.793980091173764,-0.7199999963386088,-6.431121781042652e-13,0.849972461340158,2.2965767755825133,0.35000000621093136,-3.141592652565656,0.8500031142741805,0.5534006188684494,-0.34999885108320816,3.1415912384123748,0.8499930226503122,-12.8093689352566,0.03631052957814011
7,C0,20,2.0,-12.806379461465703,0.022812526310550904,0.24779056005640507,0.01016373626108926,-12.606344924191369,-11.507805844023205,-3.0447853093548543,0.2999999999997449,0.39999999999706937,3.482693910598755,3.5,3.5,-10.121978958777163,0.7199999905093555,5.8198834308942204e-12,0.8499936244860831,-6.74998009395168,-0.7199999963371866,-6.431121781042652e-13,0.8499724593321055,2.2420167744136594,0.3500000062103354,-3.141592652565656,0.8500031205638672,0.5050006178443572,-0.3499988510959526,3.1415912384123748,0.8499930225574557,-12.781088180711736,0.04631447523837678
7,C0,21,2.1119999999999663,-12.774255671465374,0.030861610159089517,0.2941796110545184,0.01000337806344207,-12.636138511114353,-11.511301868134302,-3.004785309348575,0.2999999999683478,0.40000000016082726,3.416076898574829,3.5,3.5,-10.073258958786845,0.7199999905080308,5.8198834308942204e-12,0.8499936244541028,-6.691980097613788,-0.7199999963353119,-6.431121781042652e-13,0.8499724566855553,2.170096772869295,0.35000000620954913,-3.141592652565656,0.8500031288541473,0.4412006164943981,-0.3499988511128013,3.1415912384123748,0.8499930224352757,-12.75323009888148,0.0574413473532843
7,C0,22,2.199999999999932,-12.747153980782272,0.03962810307371268,0.33257984780565086,0.010003815209182266,-12.665768462670421,-11.515986521503406,-2.964785309346514,0.3000000000006331,0.40000000002038405,3.416076898574829,3.5,3.5,-10.032938958794855,0.7199999905069345,5.8198834308942204e-12,0.8499936244276364,-6.6439801006447645,-0.7199999963337602,-6.431121781042652e-13,0.8499724544956752,2.1105767715881014,0.350000006208898,-3.141592652565656,0.8500031357144908,0.3884006153771739,-0.3499988511267876,3.1415912384123748,0.8499930223343519,-12.725839256751591,0.06967334530206608
7,C0,23,2.2999999999999545,-12.718223007432996,0.05028013513713072,0.3741800626969073,0.010004615671238112,-12.689322741838858,-11.520585084598055,-2.932785309344839,0.3000000000006775,0.40000000002093916,3.3857102394104004,3.5,3.5,-9.989258958803534,0.7199999905057468,5.8198834308942204e-12,0.8499936243989644,-6.591980103928594,-0.719999996332079,-6.431121781042652e-13,0.8499724521236813,2.0460967701969754,0.3500000062081919,-3.141592652565656,0.8500031431459377,0.3312006141668305,-0.3499988511419827,3.1415912384123748,0.8499930222252128,-12.704292469251827,0.08024154278887527
7,C0,24,2.3999999999999773,-12.693041436565634,0.0606903382732778,0.41098027640726026,0.010005563022950812,-12.724348190884854,-11.528889848667061,-2.8847853093423486,0.3000000000006775,0.40000000002093916,3.3857102394104004,3.5,3.5,-9.950618958811212,0.7199999905046962,5.8198834308942204e-12,0.8499936243736007,-6.545980106833756,-0.7199999963305918,-6.431121781042652e-13,0.8499724500257054,1.989056768963618,0.3500000062075668,-3.141592652565656,0.8500031497193955,0.28060061309612744,-0.3499988511554622,3.1415912384123748,0.8499930221288355,-12.67263375202826,0.09737270769012486
7,C0,25,2.5119999999999436,-12.665083898284443,0.07341090563499056,0.45259176347047103,0.010067724752013315,-12.753204252474394,-11.537087879890707,-2.8447853093405766,0.30000000000041105,0.4000000000131676,3.39974308013916,3.5,3.5,-9.906938958819891,0.7199999905035086,5.8198834308942204e-12,0.8499936243449288,-6.493980110118119,-0.7199999963289103,-6.431121781042652e-13,0.8499724476544495,1.9245767675662808,0.3500000062068597,-3.141592652565656,0.8500031571496779,0.22340061188575047,-0.3499988511707424,3.1415912384123748,0.8499930220200783,-12.646904206892499,0.11279575905845002
7,C0,26,2.6000000000000227,-12.640670246529679,0.08433345222980682,0.4894566109488831,0.01003406057838683,-12.78170939848212,-11.546433288253988,-2.8047853093408475,0.2999999999997449,0.39999999999706937,3.39974308013916,3.5,3.5,-9.86829895882757,0.719999990502458,5.8198834308942204e-12,0.8499936243195652,-6.4479801130237515,-0.7199999963274228,-6.431121781042652e-13,0.8499724455571263,1.8675367663274303,0.35000000620623367,-3.141592652565656,0.8500031637221035,0.1728006108150173,-0.34999885118429713,3.1415912384123748,0.849993021924039,-12.62181200020393,0.1292353810095903
7,C0,27,2.70799999999997,-12.612685780683337,0.0998233379935961,0.5326644975438403,0.010000066079189391,-12.809818026754774,-11.556911123097217,-2.7647853093301493,0.3000000000006775,0.40000000002093916,3.5,3.5,3.5,-9.822938958836582,0.7199999905012247,5.8198834308942204e-12,0.8499936242897905,-6.393980116434994,-0.7199999963256765,-6.431121781042652e-13,0.8499724430954423,1.8005767648698405,0.35000000620549826,-3.141592652565656,0.8500031714369392,0.11340060955805221,-0.3499988512002543,3.1415912384123748,0.8499930218114996,-12.597397274140972,0.14666527365535775
7,C0,28,2.7999999999999545,-12.588436841204844,0.11473389115157419,0.5710644485818794,0.01000151481904303,-12.837485169484266,-11.568504622119944,-2.7247853093280887,0.3000000000006775,0.40000000002093916,3.5,3.5,3.5,-9.782618958844594,0.7199999905001283,5.8198834308942204e-12,0.8499936242633241,-6.345980119467466,-0.719999996324124,-6.431121781042652e-13,0.8499724409076332,1.7410567635712249,0.35000000620484395,-3.141592652565656,0.8500031782940071,0.06060060844073428,-0.3499988512144792,3.1415912384123748,0.8499930217116481,-12.57369908705624,0.16505755288608778
7,C0,29,2.9039999999999964,-12.560920972012417,0.13327316611665663,0.6158645519016404,0.010003325337825136,-12.864666565143738,-11.581195238196681,-2.684785309326006,0.3000000000006331,0.40000000002038405,3.5,3.3119611740112305,3.5,-9.735578958853942,0.7199999904988492,5.8198834308942204e-12,0.8499936242324467,-6.289980123005654,-0.7199999963223127,-6.431121781042652e-13,0.8499724383556111,1.6716167620526283,0.35000000620408006,-3.141592652565656,0.8500031862932477,-0.0009993928628223596,-0.3499988512311236,3.1415912384123748,0.849993021595373,-12.55075535099416,0.18438279497816706
7,C0,30,3.0,-12.538968219807321,0.1493679259689424,0.652667646527604,0.010020901328083991,-12.89131872929852,-11.594962669048892,-2.644785309323923,0.3000000000006775,0.40000000002093916,3.5,3.3119611740112305,3.5,-9.69693895886162,0.7199999904977986,5.8198834308942204e-12,0.8499936242070831,-6.243980125912267,-0.7199999963208247,-6.431121781042652e-13,0.8499724362596471,1.6145767608023545,0.350000006203452,-3.141592652565656,0.8500031928635097,-0.051599393933616206,-0.34999885124483493,3.1415912384123748,0.8499930215000372,-12.52860277103803,0.20461008366674416
7,C1,0,0.0,-13.001845169884412,1.3936038654056566e-09,-3.9926126020354635e-09,0.010002825721676751,-13.116093160971152,-11.781540446258406,-2.2527853067739483,1.021405182655144e-12,5.551115123125783e-13,3.5,3.5,3.5,-10.499978959391193,0.7199999904254308,5.8198834308942204e-12,0.8499936224603267,-7.199980326619011,-0.7199999962180746,-6.431121781042652e-13,0.8499722926502649,2.800016668511202,0.3500000061591216,-3.141592652565656,0.850003644119376,1.0000005322897496,-0.34999885227406385,3.1415912384123748,0.8499930153160836,-13.000979929571628,1.421450691010687e-09
7,C1,1,1.136000000000081,-13.001917910053063,2.0379395259949333e-08,0.0001104274106264999,0.010003416140126762,-13.116093160971152,-11.781540446258406,-2.2527853067739483,1.021405182655144e-12,5.551115123125783e-13,3.5,3.5,3.5,-10.491578959706096,0.7199999903823847,5.8198834308942204e-12,0.8499936214215572,-7.189980446471494,-0.7199999961567174,-6.431121781042652e-13,0.8499722079386999,2.787616607861423,0.35000000613175763,-3.141592652565656,0.8500039112416226,0.9890004883875951,-0.34999885296551153,3.1415912384123748,0.8499930119955601,-13.000979929571628,1.421450691010687e-09
7,C1,2,1.136000000000081,-13.001917910053063,2.0379395259949333e-08,0.0001104274106264999,0.010003416140126762,-13.116093160971165,-11.781540446258418,-2.25278530677397,9.325873406851315e-13,-5.551115123125783e-13,3.5,3.5,3.5,-10.491578959706096,0.7199999903823847,5.8198834308942204e-12,0.8499936214215572,-7.189980446471494,-0.7199999961567174,-6.431121781042652e-13,0.8499722079386999,2.787616607861423,0.35000000613175763,-3.141592652565656,0.8500039112416226,0.9890004883875951,-0.34999885296551153,3.1415912384123748,0.8499930119955601,-13.00097992957161,1.4214488757956617e-09
7,C1,3,1.136000000000081,-13.001857855160114,8.339536078979513e-08,0.00036295601629153084,0.010003655903125856,-13.116093160971165,-11.781540446258418,-2.25278530677397,9.325873406851315e-13,-5.551115123125783e-13,3.5,3.5,3.5,-10.486538959707097,0.7199999903822476,5.8198834308942204e-12,0.8499936214182491,-7.183980446853774,-0.7199999961565217,-6.431121781042652e-13,0.8499722076697451,2.780176607661425,0.3500000061316693,-3.141592652565656,0.8500039120907565,0.9824004882477492,-0.34999885296780814,3.1415912384123748,0.8499930119854108,-13.00097992957161,1.4214488757956617e-09
7,C1,4,1.1680000000000064,-13.001644413915752,2.722564362097155e-07,0.0007543440325225426,0.010003909633893353,-13.116093160971165,-11.781540446258418,-2.25278530677397,9.325873406851315e-13,-5.551115123125783e-13,3.5,3.5,3.5,-10.4814989597081,0.7199999903821105,5.8198834308942204e-12,0.8499936214149408,-7.177980447236058,-0.7199999961563259,-6.431121781042652e-13,0.8499722074007956,2.7727366074613835,0.350000006131581,-3.141592652565656,0.8500039129398802,0.975800488107903,-0.34999885297010536,3.1415912384123748,0.8499930119752641,-13.00097992957161,1.4214488757956617e-09
7,C1,5,1.1680000000000064,-13.001644413915752,2.722564362097155e-07,0.0007543440325225426,0.010003909633893353,-13.116093160971179,-11.781540446258433,-2.2527853067739483,8.881784197001252e-13,0.0,3.5,3.5,3.5,-10.4814989597081,0.7199999903821105,5.8198834308942204e-12,0.8499936214149408,-7.177980447236058,-0.7199999961563259,-6.431121781042652e-13,0.8499722074007956,2.7727366074613835,0.350000006131581,-3.141592652565656,0.8500039129398802,0.975800488107903,-0.34999885297010536,3.1415912384123748,0.8499930119752641,-13.00097992957159,1.421446801264204e-09
7,C1,6,1.1680000000000064,-13.001121230185927,9.835077858576458e-07,0.0014921246910264013,0.010004273501232694,-13.116093160971179,-11.781540446258433,-2.2527853067739483,8.881784197001252e-13,0.0,3.5,3.5,3.5,-10.474778959709436,0.7199999903819276,5.8198834308942204e-12,0.84999362141053,-7.169980447745775,-0.719999996156065,-6.431121781042652e-13,0.8499722070422046,2.762816607194594,0.3500000061314632,-3.141592652565656,0.8500039140720292,0.9670004879214412,-0.3499988529731692,3.1415912384123748,0.8499930119617395,-13.00097992957159,1.421446801264204e-09
7,C1,7,1.2000000000000455,-13.000325371995979,2.714391306760591e-06,0.0024766133301730364,0.010004671785253884,-13.116093160971179,-11.781540446258433,-2.2527853067739483,8.881784197001252e-13,0.0,3.5,3.5,3.5,-10.468058959710772,0.7199999903817449,5.8198834308942204e-12,0.8499936214061191,-7.1619804482555,-0.719999996155804,-6.431121781042652e-13,0.8499722066836227,2.752896606927728,0.3500000061313454,-3.141592652565656,0.8500039152041601,0.958200487734979,-0.3499988529762342,3.1415912384123748,0.8499930119482196,-13.00097992957159,1.421446801264204e-09
7,C1,8,1.2000000000000455,-12.999256845337044,6.194983858838849e-06,0.0037077614107742436,0.010005110619052753,-13.116103241415537,-11.7815528714199,-2.251985306805589,0.00040000000742779207,0.019999999208986097,3.5,3.5,3.5,-10.461338959712107,0.719999990381562,5.8198834308942204e-12,0.8499936214017082,-7.153980448765231,-0.7199999961555431,-6.431121781042652e-13,0.8499722063250503,2.742976606660784,0.35000000613122756,-3.141592652565656,0.8500039163362728,0.9494004875485166,-0.34999885297930006,3.1415912384123748,0.8499930119347047,-13.000963929572997,7.821391519188359e-09
7,C1,9,1.2000000000000455,-12.999256845337044,6.194983858838849e-06,0.0037077614107742436,0.010005110619052753,-13.116103241415537,-11.7815528714199,-2.251985306805589,0.00040000000742779207,0.019999999208986097,3.5,3.5,3.5,-10.461338959712107,0.719999990381562,5.8198834308942204e-12,0.8499936214017082,-7.153980448765231,-0.7199999961555431,-6.431121781042652e-13,0.8499722063250503,2.742976606660784,0.35000000613122756,-3.141592652565656,0.8500039163362728,0.9494004875485166,-0.34999885297930006,3.1415912384123748,0.8499930119347047,-13.000963929572997,7.821391519188359e-09
7,C1,10,1.23599999999999,-12.998131961961224,2.0246358910878606e-05,0.005092128727707516,0.010066708144199245,-13.116103241415537,-11.7815528714199,-2.251985306805589,0.00040000000742779207,0.019999999208986097,3.5,3.5,3.5,-10.454618959713443,0.7199999903813793,5.8198834308942204e-12,0.8499936213972974,-7.145980449274969,-0.7199999961552822,-6.431121781042652e-13,0.8499722059664873,2.733056606393763,0.35000000613110976,-3.141592652565656,0.8500039174683672,0.9406004873620538,-0.34999885298236716,3.1415912384123748,0.8499930119211945,-13.000963929572997,7.821391519188359e-09
7,C1,11,1.23599999999999,-12.997049832141482,3.731714583023987e-05,0.006476199089103224,0.01013148054530284,-13.116304153587322,-11.781801938034416,-2.2479853069315063,0.008399999982966477,0.11999999606104872,3.5,3.5,3.5,-10.447898959714779,0.7199999903811964,5.8198834308942204e-12,0.8499936213928865,-7.137980449784712,-0.7199999961550212,-6.431121781042652e-13,0.8499722056079336,2.723136606126665,0.3500000061309919,-3.141592652565656,0.8500039186004434,0.9318004871755906,-0.34999885298543526,3.1415912384123748,0.8499930119076891,-13.000643931400083,1.0318180253028478e-06
7,C1,12,1.23599999999999,-12.997049832141482,3.731714583023987e-05,0.006476199089103224,0.01013148054530284,-13.116304153587322,-11.781801938034416,-2.2479853069315063,0.008399999982966477,0.11999999606104872,3.5,3.5,3.5,-10.447898959714779,0.7199999903811964,5.8198834308942204e-12,0.8499936213928865,-7.137980449784712,-0.7199999961550212,-6.431121781042652e-13,0.8499722056079336,2.723136606126665,0.3500000061309919,-3.141592652565656,0.8500039186004434,0.9318004871755906,-0.34999885298543526,3.1415912384123748,0.8499930119076891,-13.000643931400083,1.0318180253028478e-06
7,C1,13,1.3039999999999736,-12.993835767054557,8.839079445225343e-05,0.010628468398571437,0.01020792215404319,-13.118390977276317,-11.784435309302028,-2.2359853072917395,0.06599999992964456,0.19999999399722412,3.5,3.5,3.5,-10.427738959718788,0.719999990380648,5.8198834308942204e-12,0.8499936213796538,-7.113980451313984,-0.7199999961542383,-6.431121781042652e-13,0.8499722045323286,2.6933766053249077,0.35000000613063825,-3.141592652565656,0.8500039219965628,0.9054004866161991,-0.349998852994646,3.1415912384123748,0.8499930118672017,-12.997284186222556,4.090266108712276e-05
7,C1,14,1.4039999999999964,-12.979133408589343,0.0003721084399284678,0.0210758328080257,0.009992368660456864,-13.131592134542352,-11.801833181947798,-2.207985307315781,0.20599999999588725,0.1999999999996449,3.5,3.5,3.5,-10.379018959728473,0.7199999903793227,5.8198834308942204e-12,0.8499936213476751,-7.055980455009968,-0.7199999961523462,-6.431121781042652e-13,0.849972201933297,2.62145660338446,0.3500000061297832,-3.141592652565656,0.850003930203174,0.8416004852643243,-0.34999885301694494,3.1415912384123748,0.8499930117695357,-12.975456664832,0.0007591196936276527
7,C1,15,1.5,-12.95327354299459,0.001079276987760405,0.03527940806485214,0.009994951449177584,-13.154486822024127,-11.833729858775783,-2.179985308012551,0.299999999996059,0.19999999360920118,3.5,3.5,3.5,-10.34205895973582,0.7199999903783173,5.8198834308942204e-12,0.8499936213234153,-7.011980457814049,-0.7199999961509107,-6.431121781042652e-13,0.8499721999619458,2.566896601909691,0.35000000612913407,-3.141592652565656,0.8500039364282386,0.7932004842387526,-0.3499988530338988,3.1415912384123748,0.8499930116956128,-12.93626322026673,0.0030912025965561182
7,C1,16,1.6000000000000227,-12.922286108276586,0.0024865086293891204,0.05607952492977718,0.00999776847450037,-13.171405727791642,-11.858503244253564,-2.1599853080115765,0.300000000000189,0.20000000001019203,3.5,3.5,3.5,-10.298378959744504,0.719999990377129,5.8198834308942204e-12,0.8499936212947445,-6.959980461128219,-0.7199999961492141,-6.431121781042652e-13,0.8499721976325317,2.5024166001637727,0.35000000612836646,-3.141592652565656,0.8500039437844197,0.7360004830267004,-0.3499988530539767,3.1415912384123748,0.8499930116084367,-12.906366497400585,0.005572323767663576
7,C1,17,1.7000000000000455,-12.89373969906768,0.004355904349679317,0.07527971729462987,0.010000194451046787,-13.187825815211756,-11.883610030776703,-2.1399853080108233,0.3000000000006775,0.2000000000040858,3.5,3.5,3.5,-10.25805895975252,0.7199999903760322,5.8198834308942204e-12,0.8499936212682794,-6.911980464187699,-0.7199999961476478,-6.431121781042652e-13,0.849972195482654,2.4428965985492628,0.35000000612765725,-3.141592652565656,0.8500039505740533,0.6832004819078706,-0.34999885307255024,3.1415912384123748,0.8499930115281467,-12.876525372795003,0.008650843326927615
7,C1,18,1.8000000000000682,-12.86320868193754,0.0069686758084113384,0.09607950132019252,0.010050044218003817,-13.203740516468427,-11.909040175965329,-2.119985308010382,0.3000000000005443,0.2000000000035307,3.5,3.5,3.5,-10.214378959761202,0.719999990374844,5.8198834308942204e-12,0.8499936212396088,-6.859980467502403,-0.7199999961459508,-6.431121781042652e-13,0.8499721931539999,2.3784165967970767,0.3500000061268884,-3.141592652565656,0.850003957928744,0.626000480695792,-0.349998853092715,3.1415912384123748,0.849993011441361,-12.846751782501965,0.012325529907565788
7,C1,19,1.8999999999999773,-12.837434492868145,0.009420684568183391,0.11527549866102454,0.010028465032705748,-13.21914346589333,-11.93478350810037,-2.099985308010495,0.3000000000002334,0.19999999999853468,3.5,3.5,3.5,-10.174058959769217,0.7199999903737472,5.8198834308942204e-12,0.8499936212131436,-6.811980470562376,-0.7199999961443844,-6.431121781042652e-13,0.8499721910048236,2.3188965951767817,0.3500000061261784,-3.141592652565656,0.8500039647169993,0.5732004795769379,-0.34999885311136847,3.1415912384123748,0.8499930113614312,-12.817057635560666,0.01659491368391565
7,C1,20,2.0,-12.809224848493283,0.012911635917994992,0.13447528868401884,0.009996547740029957,-13.23402850251105,-11.960829730190653,-2.0799853080062563,0.300000000000189,0.20000000001019203,3.476630687713623,3.5,3.5,-10.133738959777233,0.7199999903726503,5.8198834308942204e-12,0.8499936211866784,-6.763980473622585,-0.7199999961428177,-6.431121781042652e-13,0.849972188855984,2.2593765935537102,0.3500000061254678,-3.141592652565656,0.8500039715045915,0.5204004784580721,-0.3499988531300604,3.1415912384123748,0.8499930112816746,-12.787454809235818,0.021457286959195618
7,C1,21,2.104000000000042,-12.778520683361196,0.017382654411721335,0.15527546702030404,0.00999889233456975,-13.248389672507356,-11.987168424097868,-2.0599853080051926,0.3000000000002778,0.20000000001130225,3.476630687713623,3.5,3.5,-10.090058959785917,0.719999990371462,5.8198834308942204e-12,0.8499936211580078,-6.711980476938079,-0.7199999961411203,-6.431121781042652e-13,0.8499721865284546,2.1948965917922503,0.3500000061246974,-3.141592652565656,0.8500039788570665,0.46320047724595426,-0.34999885315035334,3.1415912384123748,0.8499930111954667,-12.757955144259501,0.026910704849458886
7,C1,22,2.2000000000000455,-12.749118269476417,0.02227850399466458,0.17527569272304683,0.010001081368635123,-13.262221231604785,-12.013789054693996,-2.0399853080042174,0.3000000000002334,0.2000000000096369,3.417618751525879,3.5,3.5,-10.048058959794266,0.7199999903703195,5.8198834308942204e-12,0.84999362113044,-6.661980480126315,-0.7199999961394882,-6.431121781042652e-13,0.8499721842908182,2.132896590095466,0.3500000061239562,-3.141592652565656,0.8500039859260171,0.40820047608044346,-0.34999885316990825,3.1415912384123748,0.8499930111127659,-12.728570440106246,0.03295298605996283
7,C1,23,2.3039999999999736,-12.718690612997134,0.027973233193946335,0.19607722744829792,0.010019288766474,-13.275517647364149,-12.040680974081766,-2.0199853080037538,0.3000000000006331,0.2000000000046409,3.417618751525879,3.5,3.5,-10.00437895980295,0.7199999903691312,5.8198834308942204e-12,0.8499936211017693,-6.609980483442353,-0.7199999961377905,-6.431121781042652e-13,0.8499721819640641,2.068416588327616,0.35000000612318466,-3.141592652565656,0.8500039932769582,0.35100047486829883,-0.34999885319028956,3.1415912384123748,0.8499930110269562,-12.699312450265877,0.03958171375878168
7,C1,24,2.3999999999999773,-12.691056409469315,0.0331259811750829,0.2153064314209898,0.010026596540887934,-13.288273601396396,-12.067833425851886,-1.9999853080038892,0.3000000000002334,0.19999999999853468,3.360311269760132,3.5,3.5,-9.964058959810966,0.7199999903680344,5.8198834308942204e-12,0.8499936210753042,-6.561980486503557,-0.7199999961362235,-6.431121781042652e-13,0.849972179816642,2.008896586692863,0.35000000612247206,-3.141592652565656,0.8500040000617464,0.2982004737493841,-0.3499988532091431,3.1415912384123748,0.8499930109479276,-12.670192877544322,0.046794236543182155
7,C1,25,2.504000000000019,-12.663133905687266,0.03946983350175581,0.2345028806881774,0.01000623785669779,-13.300483991489738,-12.095235549385352,-1.9799853079996725,0.300000000000189,0.20000000001019203,3.360311269760132,3.5,3.5,-9.923738959818982,0.7199999903669375,5.8198834308942204e-12,0.8499936210488391,-6.5139804895649975,-0.7199999961346562,-6.431121781042652e-13,0.8499721776695567,1.9493765850553308,0.35000000612175897,-3.141592652565656,0.8500040068458654,0.24540047263045764,-0.349998853228035,3.1415912384123748,0.8499930108690719,-12.641223369382821,0.054587669500210184
7,C1,26,2.6000000000000227,-12.631883335551427,0.04728468577286944,0.25610308597250253,0.010006530385981692,-13.312143933651377,-12.12287638419888,-1.959985307998631,0.300000000000189,0.20000000001019203,3.3380236625671387,3.5,3.5,-9.878378959828,0.7199999903657035,5.8198834308942204e-12,0.8499936210190658,-6.4599804930094,-0.7199999961328928,-6.431121781042652e-13,0.8499721752544884,1.8824165832097892,0.35000000612095616,-3.141592652565656,0.8500040144771979,0.18600047137165102,-0.3499988532493343,3.1415912384123748,0.849993010780566,-12.61241551319751,0.06295889536074131
7,C1,27,2.7040000000000646,-12.60313135740856,0.05511392702666757,0.27610330855102694,0.010007326365456093,-13.323248764059727,-12.150744874326682,-1.9399853079976341,0.3000000000002778,0.2000000000090818,3.3380236625671387,3.5,3.5,-9.83637895983635,0.719999990364561,5.8198834308942204e-12,0.849993620991498,-6.409980496198929,-0.71999999613126,-6.431121781042652e-13,0.8499721730186943,1.8204165814978237,0.3500000061202123,-3.141592652565656,0.8500040215424886,0.13100047020607633,-0.3499988532690992,3.1415912384123748,0.8499930106988113,-12.583780831747195,0.07190456574593618
7,C1,28,2.800000000000068,-12.575711176411586,0.06286750217081062,0.2953217203558289,0.010080194986949767,-13.3337940409307,-12.178829872744293,-1.9199853079974807,0.300000000000189,0.1999999999990898,3.238400936126709,3.5,3.5,-9.796058959844366,0.7199999903634641,5.8198834308942204e-12,0.849993620965033,-6.361980499261117,-0.7199999961296923,-6.431121781042652e-13,0.849972170872676,1.7608965798515048,0.35000000611949766,-3.141592652565656,0.8500040283244807,0.07820046908711317,-0.3499988532881127,3.1415912384123748,0.8499930106205034,-12.555330778522647,0.08142110250691278
7,C1,29,2.8999999999999773,-12.549545803252457,0.070792993191329,0.31373349487936014,0.009999839266409068,-13.343775546294005,-12.207120145826549,-1.8999853079930422,0.300000000000189,0.20000000001019203,3.238400936126709,3.5,3.5,-9.757418959852048,0.7199999903624129,5.8198834308942204e-12,0.8499936209396706,-6.315980502195936,-0.7199999961281899,-6.431121781042652e-13,0.8499721688163911,1.7038565782711796,0.35000000611881243,-3.141592652565656,0.8500040348232576,0.027600468014762708,-0.34999885330637004,3.1415912384123748,0.8499930105456207,-12.527076733166117,0.09150469915580017
7,C1,30,3.0,-12.5190057208278,0.08105905454404914,0.33533358567914534,0.010001545989407338,-13.353189287680749,-12.235604377841907,-1.8799853079919784,0.3000000000001002,0.20000000001130225,3.19775652885437,3.5,3.5,-9.712058959861066,0.7199999903611789,5.8198834308942204e-12,0.8499936209098974,-6.261980505641435,-0.719999996126426,-6.431121781042652e-13,0.8499721664028866,1.6368965764127648,0.3500000061180074,-3.141592652565656,0.8500040424514653,-0.031799533244096914,-0.3499988533278475,3.1415912384123748,0.8499930104579176,-12.499029996918546,0.10215132238856542
7,C2,0,0.0,-13.001948228174282,1.4207083432359254e-09,-4.353904446730374e-09,0.01012501314963816,-13.416401083768434,-12.538121532493465,-1.6735853067317579,8.881784197001252e-13,0.0,3.5,3.5,3.5,-10.499978960391578,0.7199999902886824,5.8198834308942204e-12,0.8499936191610201,-7.199980708554537,-0.719999996022547,-6.431121781042652e-13,0.8499720253815168,2.8000164611031284,0.3500000060696678,-3.141592652565656,0.8500044889816887,1.0000003927856222,-0.34999885467469066,3.1415912384123748,0.8499930056904555,-13.001065487440151,1.453087508195319e-09
7,C2,1,1.1280000000000427,-13.002027215952936,1.4074769505381575e-09,-4.8797533928455665e-09,0.010190206505406066,-13.416401083768434,-12.538121532493465,-1.6735853067317579,8.881784197001252e-13,0.0,3.5,3.5,3.5,-10.489898960720359,0.7199999902437393,5.8198834308942204e-12,0.8499936180770916,-7.187980834832533,-0.7199999959579007,-6.431121781042652e-13,0.849971938718797,2.785136383591914,0.3500000060386777,-3.141592652565656,0.850004764114736,0.9868003469175737,-0.3499988555935643,3.1415912384123748,0.8499930031150702,-13.001065487440151,1.453087508195319e-09
7,C2,2,1.1280000000000427,-13.002027215952936,1.4074769505381575e-09,-4.8797533928455665e-09,0.010190206505406066,-13.416401083768434,-12.538121532493486,-1.6735853067317579,9.769962616701378e-13,1.1102230246251565e-12,3.5,3.5,3.5,-10.489898960720359,0.7199999902437393,5.8198834308942204e-12,0.8499936180770916,-7.187980834832533,-0.7199999959579007,-6.431121781042652e-13,0.849971938718797,2.785136383591914,0.3500000060386777,-3.141592652565656,0.850004764114736,0.9868003469175737,-0.3499988555935643,3.1415912384123748,0.8499930031150702,-13.00106548744013,1.4530896954178405e-09
7,C2,3,1.1280000000000427,-13.002082759330952,1.3686918783752463e-09,-6.4168302528322045e-09,0.010183415013705415,-13.416401083768434,-12.538121532493486,-1.6735853067317579,9.769962616701378e-13,1.1102230246251565e-12,3.5,3.5,3.5,-10.481498960722028,0.7199999902435107,5.8198834308942204e-12,0.8499936180715782,-7.177980835475841,-0.7199999959575712,-6.431121781042652e-13,0.8499719382794452,2.7727363831858836,0.35000000603851805,-3.141592652565656,0.8500047655108395,0.9758003466842298,-0.34999885559840255,3.1415912384123748,0.8499930031027132,-13.00106548744013,1.4530896954178405e-09
7,C2,4,1.1639999999999873,-13.002120080628176,1.3326879286604806e-09,-7.845012047259684e-09,0.010164602657967389,-13.416401083768434,-12.538121532493486,-1.6735853067317579,9.769962616701378e-13,1.1102230246251565e-12,3.5,3.5,3.5,-10.476458960723031,0.7199999902433735,5.8198834308942204e-12,0.8499936180682703,-7.17198083586183,-0.7199999959573737,-6.431121781042652e-13,0.8499719380158413,2.765296382942208,0.3500000060384223,-3.141592652565656,0.8500047663484849,0.9692003465442233,-0.3499988556013063,3.1415912384123748,0.8499930030953026,-13.00106548744013,1.4530896954178405e-09
7,C2,5,1.1639999999999873,-13.002120080628176,1.3326879286604806e-09,-7.845012047259684e-09,0.010164602657967389,-13.416401083768434,-12.5381215324935,-1.6735853067317579,3.552713678800501e-13,0.0,3.5,3.5,3.5,-10.476458960723031,0.7199999902433735,5.8198834308942204e-12,0.8499936180682703,-7.17198083586183,-0.7199999959573737,-6.431121781042652e-13,0.8499719380158413,2.765296382942208,0.3500000060384223,-3.141592652565656,0.8500047663484849,0.9692003465442233,-0.3499988556013063,3.1415912384123748,0.8499930030953026,-13.001065487440115,1.453091153566188e-09
7,C2,6,1.1639999999999873,-13.002174508719166,1.2698365836613383e-09,-1.0339515163565145e-08,0.010122322829701193,-13.416401083768434,-12.5381215324935,-1.6735853067317579,3.552713678800501e-13,0.0,3.5,3.5,3.5,-10.469738960724369,0.7199999902431906,5.8198834308942204e-12,0.8499936180638596,-7.1639808363764885,-0.7199999959571102,-6.431121781042652e-13,0.8499719376643775,2.7553763826172406,0.35000000603829456,-3.141592652565656,0.850004767465326,0.9604003463575477,-0.3499988556051789,3.1415912384123748,0.849993003085426,-13.001065487440115,1.453091153566188e-09
7,C2,7,1.1960000000000264,-13.002234279883378,1.1900306818820719e-09,-1.3508605427856836e-08,0.010060383599635975,-13.416401083768434,-12.5381215324935,-1.6735853067317579,3.552713678800501e-13,0.0,3.5,3.5,3.5,-10.463018960725705,0.7199999902430078,5.8198834308942204e-12,0.849993618059449,-7.155980836891153,-0.7199999959568467,-6.431121781042652e-13,0.8499719373129233,2.7454563822921974,0.35000000603816683,-3.141592652565656,0.8500047685821451,0.9516003461708719,-0.3499988556090526,3.1415912384123748,0.8499930030755541,-13.001065487440115,1.453091153566188e-09
7,C2,8,1.1960000000000264,-13.002234279883378,1.1900306818820719e-09,-1.3508605427856836e-08,0.010060383599635975,-13.416401083768434,-12.5381215324935,-1.6735853067317579,0.0,0.0,3.5,3.5,3.5,-10.463018960725705,0.7199999902430078,5.8198834308942204e-12,0.849993618059449,-7.155980836891153,-0.7199999959568467,-6.431121781042652e-13,0.8499719373129233,2.7454563822921974,0.35000000603816683,-3.141592652565656,0.8500047685821451,0.9516003461708719,-0.3499988556090526,3.1415912384123748,0.8499930030755541,-13.001065487440115,1.453091153566188e-09
7,C2,9,1.1960000000000264,-13.002120809218253,4.916768964197647e-09,-1.7117316776989872e-08,0.010001030032122863,-13.416401083768434,-12.5381215324935,-1.6735853067317579,0.0,0.0,3.5,3.5,3.5,-10.456298960727041,0.7199999902428248,5.8198834308942204e-12,0.8499936180550384,-7.147980837405824,-0.7199999959565833,-6.431121781042652e-13,0.8499719369614784,2.735536381967078,0.35000000603803905,-3.141592652565656,0.850004769698942,0.9428003459841959,-0.3499988556129273,3.1415912384123748,0.8499930030656871,-13.001065487440115,1.453091153566188e-09
7,C2,10,1.2280000000000655,-13.00049926847266,2.090546891769567e-08,1.14578478260199e-08,0.010001094117037241,-13.416401083768434,-12.5381215324935,-1.6735853067317579,0.0,0.0,3.5,3.5,3.5,-10.449578960728378,0.7199999902426419,5.8198834308942204e-12,0.8499936180506277,-7.139980837920501,-0.7199999959563198,-6.431121781042652e-13,0.8499719366100431,2.7256163816418826,0.3500000060379113,-3.141592652565656,0.8500047708157167,0.9340003457975197,-0.3499988556168031,3.1415912384123748,0.849993003055825,-13.001065487440115,1.453091153566188e-09
7,C2,11,1.2280000000000655,-12.998539296721997,3.802718723256116e-08,2.575527708534423e-08,0.010001185926302402,-13.416474961579851,-12.53883773223433,-1.6735853067318023,0.017999999996209937,-1.1102230246251565e-12,3.5,3.5,3.5,-10.442858960729714,0.719999990242459,5.8198834308942204e-12,0.849993618046217,-7.131980838435186,-0.7199999959560563,-6.431121781042652e-13,0.8499719362586171,2.715696381316611,0.35000000603778353,-3.141592652565656,0.8500047719324693,0.9252003456108432,-0.34999885562067995,3.1415912384123748,0.8499930030459677,-13.000345487440265,1.4506378465394291e-09
7,C2,12,1.2280000000000655,-12.9969018672247,5.1489026291781734e-08,3.6484195117796737e-08,0.010001269586174269,-13.416474961579851,-12.53883773223433,-1.6735853067318023,0.017999999996209937,-1.1102230246251565e-12,3.5,3.5,3.5,-10.437818960730716,0.7199999902423219,5.8198834308942204e-12,0.849993618042909,-7.125980838821203,-0.7199999959558587,-6.431121781042652e-13,0.8499719359950538,2.7082563810726072,0.3500000060376877,-3.141592652565656,0.8500047727700192,0.9186003454708357,-0.3499988556235883,3.1415912384123748,0.8499930030385778,-13.000345487440265,1.4506378465394291e-09
7,C2,13,1.3040000000000873,-12.988916857047908,1.0957086212174036e-07,7.945063525781658e-08,0.010001699548474045,-13.416893602510976,-12.542896197430178,-1.6735853067278053,0.077999999925904,9.880984919163893e-11,3.5,3.5,3.5,-10.417658960734727,0.7199999902417732,5.8198834308942204e-12,0.849993618029677,-7.101980840365308,-0.7199999959550683,-6.431121781042652e-13,0.8499719349408539,2.678496380096164,0.35000000603730425,-3.141592652565656,0.8500047761200937,0.8922003449108042,-0.3499988556352277,3.1415912384123748,0.8499930030090453,-12.996265487443313,1.4367480732696211e-09
7,C2,14,1.4200000000000728,-12.961354454853685,2.7500881393132216e-07,1.800239562579385e-07,0.010003023801984373,-13.419815880383407,-12.57122587605936,-1.6735853067089315,0.23799999993388,8.770761894538737e-11,3.5,3.5,3.5,-10.370618960744084,0.7199999902404929,5.8198834308942204e-12,0.8499936179988025,-7.0459808439684455,-0.7199999959532236,-6.431121781042652e-13,0.8499719324813844,2.6090563778151323,0.35000000603640913,-3.141592652565656,0.8500047839361575,0.8306003436040561,-0.3499988556624235,3.1415912384123748,0.8499930029403048,-12.96778548745742,1.3402652056758446e-09
7,C2,15,1.5,-12.937370116279958,4.287000127380568e-07,1.7956120164452287e-07,0.010004157118644387,-13.423419475850862,-12.606160507866567,-1.673585306705157,0.3000000000006331,-1.1102230246251565e-12,3.5,3.5,3.5,-10.337018960750767,0.7199999902395784,5.8198834308942204e-12,0.8499936179767492,-7.005980846542308,-0.719999995951906,-6.431121781042652e-13,0.8499719307249036,2.5594563761835407,0.3500000060357694,-3.141592652565656,0.8500047895183932,0.7866003426706577,-0.34999885568188105,3.1415912384123748,0.8499930028913487,-12.932665487460293,1.2216086423683103e-09
7,C2,16,1.6000000000000227,-12.90677003797562,6.939509898916384e-07,1.7967090030058386e-07,0.010060189228246653,-13.426497717993003,-12.636002163740818,-1.6735853067051125,0.3000000000005443,0.0,3.5,3.5,3.5,-10.293338960759455,0.7199999902383896,5.8198834308942204e-12,0.8499936179480799,-6.953980849888572,-0.7199999959501929,-6.431121781042652e-13,0.8499719284418316,2.494976374059627,0.3500000060349372,-3.141592652565656,0.8500047967744677,0.7294003414572313,-0.3499988557072156,3.1415912384123748,0.8499930028278857,-12.902665487460245,1.1202693338957515e-09
7,C2,17,1.7040000000000646,-12.878754300701358,9.74816662067725e-07,2.159836114854171e-07,0.010006536089492101,-13.429575960134878,-12.665843819612633,-1.673585306701915,0.29999999994076987,8.104628079763643e-11,3.5,3.5,3.5,-10.249658960768143,0.7199999902372006,5.8198834308942204e-12,0.8499936179194106,-6.901980853235106,-0.7199999959484797,-6.431121781042652e-13,0.8499719261591584,2.4304963719324983,0.3500000060341044,-3.141592652565656,0.8500048040296003,0.6722003402437952,-0.3499988557325952,3.1415912384123748,0.8499930027646259,-12.87266548746265,1.0189451817022022e-09
7,C2,18,1.8079999999999927,-12.848727075572187,1.2265731970800915e-06,2.1481068085776994e-07,0.010006355667538644,-13.432654202276908,-12.69568547548693,-1.6735853067018263,0.3000000000006331,1.1102230246251565e-12,3.5,3.5,3.5,-10.207658960776497,0.7199999902360575,5.8198834308942204e-12,0.8499936178918441,-6.851980856453185,-0.7199999959468323,-6.431121781042652e-13,0.8499719239646566,2.368496369884151,0.3500000060333032,-3.141592652565656,0.8500048110047999,0.6172003390770204,-0.3499988557570411,3.1415912384123748,0.8499930027039908,-12.842665487462565,9.177221135803215e-10
7,C2,19,1.9039999999999964,-12.818726715198274,1.4440978591333167e-06,2.139360615900681e-07,0.010006718537488473,-13.435732444418937,-12.725527131361229,-1.6735853067018263,0.3000000000005443,0.0,3.5,3.5,3.5,-10.16565896078485,0.7199999902349143,5.8198834308942204e-12,0.8499936178642776,-6.801980859671515,-0.7199999959451847,-6.431121781042652e-13,0.8499719217705237,2.3064963678328314,0.3500000060325016,-3.141592652565656,0.8500048179791261,0.562200337910237,-0.34999885578152856,3.1415912384123748,0.8499930026435436,-12.812665487462484,8.164990454584409e-10
7,C2,20,2.008000000000038,-12.786356500536911,1.7145152766583244e-06,2.1332662928817055e-07,0.010007743719910183,-13.438810686560966,-12.75536878723553,-1.6735853067018707,0.3000000000006331,-1.1102230246251565e-12,3.4698665142059326,3.5,3.5,-10.120298960793873,0.7199999902336798,5.8198834308942204e-12,0.8499936178345058,-6.7479808631475935,-0.7199999959434051,-6.431121781042652e-13,0.8499719194012745,2.239536365614069,0.3500000060316352,-3.141592652565656,0.8500048255104159,0.5028003366501009,-0.34999885580802176,3.1415912384123748,0.8499930025784719,-12.782665487462396,7.152763416284902e-10
7,C2,21,2.11200000000008,-12.759206554941136,1.988198976550154e-06,2.1316882821389756e-07,0.010036568131553075,-13.442504577131402,-12.791178774284608,-1.6735853067018263,0.2999999999996561,0.0,3.4698665142059326,3.5,3.5,-10.081658960801558,0.7199999902326281,5.8198834308942204e-12,0.8499936178091445,-6.701980866108929,-0.7199999959418891,-6.431121781042652e-13,0.8499719173833646,2.182496363721279,0.3500000060308967,-3.141592652565656,0.8500048319251532,0.4522003355766436,-0.3499988558306283,3.1415912384123748,0.8499930025232132,-12.746665487462375,5.938004220273907e-10
7,C2,22,2.2040000000000646,-12.730458647793506,2.2501921912465254e-06,2.1849985161887567e-07,0.009999650000055664,-13.444967170844981,-12.815052098983603,-1.6735853067012487,0.3000000000006331,-1.1102230246251565e-12,3.408238649368286,3.5,3.5,-10.041338960809577,0.7199999902315306,5.8198834308942204e-12,0.8499936177826807,-6.653980869199245,-0.7199999959403071,-6.431121781042652e-13,0.8499719152780525,2.122976361743513,0.3500000060301257,-3.141592652565656,0.8500048386180005,0.39940033445650613,-0.3499988558542552,3.1415912384123748,0.8499930024657216,-12.722665487462756,5.128206123639067e-10
7,C2,23,2.3040000000000873,-12.70045225737347,2.478011615333677e-06,2.1756028510581945e-07,0.010001405482824174,-13.44804541298701,-12.844893754857905,-1.6735853067012043,0.3000000000007219,0.0,3.408238649368286,3.5,3.5,-9.999338960817932,0.7199999902303875,5.8198834308942204e-12,0.8499936177551142,-6.603980872418571,-0.719999995938659,-6.431121781042652e-13,0.8499719130853807,2.0609763596804287,0.35000000602932196,-3.141592652565656,0.8500048455888556,0.34440033328968783,-0.3499988558789074,3.1415912384123748,0.8499930024060187,-12.692665487462667,4.1159790853395606e-10
7,C2,24,2.4039999999999964,-12.670472731567076,2.7213261976874826e-06,2.169172429496659e-07,0.01000335620218567,-13.45112365512904,-12.874735410732203,-1.6735853067012043,0.3000000000007219,0.0,3.351332187652588,3.5,3.5,-9.957338960826286,0.7199999902292443,5.8198834308942204e-12,0.8499936177275477,-6.553980875638148,-0.7199999959370108,-6.431121781042652e-13,0.8499719108930778,1.9989763576143749,0.3500000060285177,-3.141592652565656,0.8500048525588311,0.2894003321228607,-0.3499988559036012,3.1415912384123748,0.8499930023465038,-12.662665487462583,3.1037483694262846e-10
7,C2,25,2.504000000000019,-12.640614075059942,3.0162660491232677e-06,2.164108612117025e-07,0.010044557127647052,-13.45420189727107,-12.904577066606445,-1.6735853067012043,0.2999999999996561,0.0,3.351332187652588,3.5,3.5,-9.91533896083464,0.7199999902281011,5.8198834308942204e-12,0.8499936176999812,-6.503980878857976,-0.7199999959353625,-6.431121781042652e-13,0.849971908701144,1.9369763555453459,0.35000000602771303,-3.141592652565656,0.8500048595279256,0.23440033095602475,-0.3499988559283365,3.1415912384123748,0.8499930022871768,-12.632665487462557,2.091459436193155e-10
7,C2,26,2.6000000000000227,-12.609435821009487,3.304073850183782e-06,2.1826960870740284e-07,0.010003007056813123,-13.457280139413072,-12.934418722480515,-1.6735853067009379,0.3000000000006331,1.1102230246251565e-12,3.2533199787139893,3.5,3.5,-9.871658960843329,0.7199999902269123,5.8198834308942204e-12,0.8499936176713121,-6.451980882206864,-0.719999995933648,-6.431121781042652e-13,0.8499719064219244,1.8724963533904062,0.3500000060268757,-3.141592652565656,0.8500048667748481,0.17720032974250563,-0.34999885595410546,3.1415912384123748,0.8499930022256761,-12.602665487462703,1.0792604310250198e-10
7,C2,27,2.7000000000000455,-12.58183434089481,3.526968894352265e-06,2.1745451809107577e-07,0.01000405593974672,-13.460358381555094,-12.964260378354814,-1.6735853067009379,0.3000000000005443,0.0,3.2533199787139893,3.5,3.5,-9.833018960851016,0.7199999902258605,5.8198834308942204e-12,0.8499936176459509,-6.405980885169568,-0.7199999959321314,-6.431121781042652e-13,0.8499719044060245,1.8154563514814368,0.35000000602613446,-3.141592652565656,0.8500048731847907,0.12660032866900023,-0.3499988559769385,3.1415912384123748,0.849993002171441,-12.57266548746262,6.710049182956368e-12
7,C2,28,2.812000000000012,-12.547071398923785,3.842623795231105e-06,2.1678272230177774e-07,0.010035311070049372,-13.463436623697119,-12.994102034229119,-1.6735853067009379,0.3000000000007219,0.0,3.2277677059173584,3.469010829925537,3.5,-9.784298960860706,0.7199999902245344,5.8198834308942204e-12,0.8499936176139739,-6.347980888905455,-0.7199999959302188,-6.431121781042652e-13,0.849971901864683,1.7435363490708942,0.3500000060251993,-3.141592652565656,0.8500048812658249,0.06280032731543989,-0.3499988560057782,3.1415912384123748,0.8499930021032844,-12.54266548746253,-9.450699944846264e-11
7,C2,29,2.900000000000091,-12.523177367224594,4.084180193589471e-06,2.186670477117234e-07,0.010005817662546473,-13.466514865839105,-13.023943690103176,-1.6735853067006714,0.29999999999592575,6.661338147750939e-12,3.2277677059173584,3.469010829925537,3.5,-9.750698960867389,0.7199999902236198,5.8198834308942204e-12,0.8499936175919207,-6.307980891482125,-0.7199999959288997,-6.431121781042652e-13,0.849971900112323,1.693936347406124,0.3500000060245539,-3.141592652565656,0.8500048868382573,0.01880032638194317,-0.34999885602570024,3.1415912384123748,0.8499930020564274,-12.51266548746269,-1.957124393103804e-10
7,C2,30,3.0,-12.489561179003827,4.384820225040132e-06,2.1751786116350862e-07,0.010006115796494967,-13.469593107981117,-13.053785345977477,-1.6735853067007158,0.3000000000007219,0.0,3.1759250164031982,3.39975905418396,3.5,-9.703658960876746,0.7199999902223395,5.8198834308942204e-12,0.8499936175610463,-6.2519808950897335,-0.7199999959270529,-6.431121781042652e-13,0.8499718976594162,1.6244963450722552,0.35000000602364983,-3.141592652565656,0.8500048946387085,-0.0427996749249614,-0.34999885605363584,3.1415912384123748,0.8499930019910293,-12.482665487462606,-2.9691747671645174e-10
7,C3,0,0.0,-13.00185173237024,1.4215129273341388e-09,-4.062299858858031e-09,0.010003114415671713,-13.502838123116971,-13.376075229441112,-1.6735853067450803,4.440892098500626e-13,-5.551115123125783e-12,3.5,3.5,3.5,-10.499978961475133,0.7199999901405654,5.8198834308942204e-12,0.8499936155895245,-7.199981126110252,-0.7199999958087853,-6.431121781042652e-13,0.8499717419846524,2.800016188353978,0.3500000059646306,-3.141592652565656,0.8500053903682203,1.0000002415996987,-0.349998857945507,3.1415912384123748,0.8499929983032246,-13.000983659216345,1.4494618999491522e-09
7,C3,1,1.1159999999999854,-13.001858981823778,1.4214325147789346e-09,-4.121624622582059e-09,0.010003417207658155,-13.502838123116971,-13.376075229441112,-1.6735853067450803,4.440892098500626e-13,-5.551115123125783e-12,3.5,3.5,3.5,-10.496618961779332,0.7199999900989826,5.8198834308942204e-12,0.8499936145872459,-7.195981244045984,-0.71999999574841,-6.431121781042652e-13,0.8499716635687843,2.7950561029071173,0.3500000059336628,-3.141592652565656,0.8500056405014693,0.9956001991487897,-0.34999885898879357,3.1415912384123748,0.8499929967971755,-13.000983659216345,1.4494618999491522e-09
7,C3,2,1.1159999999999854,-13.001858981823778,1.4214325147789346e-09,-4.121624622582059e-09,0.010003417207658155,-13.502838123116971,-13.376075229441122,-1.6735853067452136,5.329070518200751e-13,-6.661338147750939e-12,3.5,3.5,3.5,-10.496618961779332,0.7199999900989826,5.8198834308942204e-12,0.8499936145872459,-7.195981244045984,-0.71999999574841,-6.431121781042652e-13,0.8499716635687843,2.7950561029071173,0.3500000059336628,-3.141592652565656,0.8500056405014693,0.9956001991487897,-0.34999885898879357,3.1415912384123748,0.8499929967971755,-13.000983659216335,1.4494629935604155e-09
7,C3,3,1.1159999999999854,-13.001689469950952,-5.2537223566302456e-08,-0.000192512596686515,0.010003740398144879,-13.502838123116971,-13.376075229441122,-1.6735853067452136,5.329070518200751e-13,-6.661338147750939e-12,3.5,3.5,3.5,-10.489898961780668,0.7199999900987997,5.8198834308942204e-12,0.8499936145828354,-7.187981244565676,-0.7199999957481439,-6.431121781042652e-13,0.8499716632248068,2.785136102522558,0.35000000593352515,-3.141592652565656,0.8500056415992181,0.9868001989619711,-0.34999885899350586,3.1415912384123748,0.8499929967910979,-13.000983659216335,1.4494629935604155e-09
7,C3,4,1.15199999999993,-13.001238358529488,-3.8091206969320253e-07,-0.0006931114133355392,0.010004089924385123,-13.502838123116971,-13.376075229441122,-1.6735853067452136,5.329070518200751e-13,-6.661338147750939e-12,3.5,3.5,3.5,-10.483178961782006,0.7199999900986167,5.8198834308942204e-12,0.8499936145784249,-7.179981245085374,-0.7199999957478779,-6.431121781042652e-13,0.8499716628808387,2.7752161021379242,0.35000000593338737,-3.141592652565656,0.8500056426969406,0.9780001987751525,-0.3499988589982191,3.1415912384123748,0.8499929967850248,-13.000983659216335,1.4494629935604155e-09
7,C3,5,1.15199999999993,-13.000508167996712,-1.406795145719756e-06,-0.001501979859035179,0.010004471206922232,-13.502838123116971,-13.37607522944113,-1.6735853067453024,4.440892098500626e-13,-5.551115123125783e-12,3.5,3.5,3.5,-10.476458961783344,0.7199999900984336,5.8198834308942204e-12,0.8499936145740146,-7.171981245605077,-0.7199999957476119,-6.431121781042652e-13,0.8499716625368802,2.765296101753216,0.35000000593324965,-3.141592652565656,0.8500056437946368,0.9692001985883337,-0.3499988590029334,3.1415912384123748,0.8499929967789567,-13.000983659216327,1.4494637226345908e-09
7,C3,6,1.15199999999993,-12.999501845828613,-3.769799942457416e-06,-0.0026193922553719128,0.010004890136917643,-13.502838123116971,-13.37607522944113,-1.6735853067453024,4.440892098500626e-13,-5.551115123125783e-12,3.5,3.5,3.5,-10.46973896178468,0.7199999900982507,5.8198834308942204e-12,0.8499936145696041,-7.163981246124788,-0.7199999957473457,-6.431121781042652e-13,0.8499716621929312,2.7553761013684324,0.350000005933112,-3.141592652565656,0.8500056448923069,0.9604001984015148,-0.3499988590076488,3.1415912384123748,0.8499929967728934,-13.000983659216327,1.4494637226345908e-09
7,C3,7,1.1879999999999882,-12.999501845828613,-3.769799942457416e-06,-0.0026193922553719128,0.010004890136917643,-13.502838123116971,-13.37607522944113,-1.6735853067453024,4.440892098500626e-13,-5.551115123125783e-12,3.5,3.5,3.5,-10.46973896178468,0.7199999900982507,5.8198834308942204e-12,0.8499936145696041,-7.163981246124788,-0.7199999957473457,-6.431121781042652e-13,0.8499716621929312,2.7553761013684324,0.350000005933112,-3.141592652565656,0.8500056448923069,0.9604001984015148,-0.3499988590076488,3.1415912384123748,0.8499929967728934,-13.000983659216327,1.4494637226345908e-09
7,C3,8,1.1879999999999882,-12.997991300993748,-1.5770314737679827e-05,-0.004391972083527084,0.010047599747705863,-13.502838123116971,-13.37607522944115,-1.673585306745569,5.329070518200751e-13,-6.661338147750939e-12,3.5,3.5,3.5,-10.461338961786351,0.719999990098022,5.8198834308942204e-12,0.8499936145640911,-7.153981246774435,-0.7199999957470132,-6.431121781042652e-13,0.8499716617630083,2.742976100887348,0.3500000059329398,-3.141592652565656,0.8500056462643575,0.9494001981679909,-0.34999885901354455,3.1415912384123748,0.849992996765321,-13.000983659216306,1.4494659098571169e-09
7,C3,9,1.1879999999999882,-12.997991300993748,-1.5770314737679827e-05,-0.004391972083527084,0.010047599747705863,-13.502838123116971,-13.37607522944115,-1.673585306745569,5.329070518200751e-13,-6.661338147750939e-12,3.5,3.5,3.5,-10.461338961786351,0.719999990098022,5.8198834308942204e-12,0.8499936145640911,-7.153981246774435,-0.7199999957470132,-6.431121781042652e-13,0.8499716617630083,2.742976100887348,0.3500000059329398,-3.141592652565656,0.8500056462643575,0.9494001981679909,-0.34999885901354455,3.1415912384123748,0.849992996765321,-13.000983659216306,1.4494659098571169e-09
7,C3,10,1.2279999999999518,-12.996555710613888,-3.7883541678399526e-05,-0.006221540664804662,0.010132011542605854,-13.502838123116971,-13.37607522944115,-1.673585306745569,5.329070518200751e-13,-6.661338147750939e-12,3.5,3.5,3.5,-10.452938961788023,0.7199999900977931,5.8198834308942204e-12,0.849993614558578,-7.143981247424091,-0.7199999957466806,-6.431121781042652e-13,0.8499716613331003,2.730576100406146,0.3500000059327676,-3.141592652565656,0.8500056476363672,0.9384001979344668,-0.349998859019442,3.1415912384123748,0.8499929967577561,-13.000983659216306,1.4494659098571169e-09
7,C3,11,1.2279999999999518,-12.995128555512613,-5.9980007730444084e-05,-0.008051132334152757,0.010185716556185997,-13.502932968641295,-13.376950101606909,-1.681585306436313,0.021999999927491132,-0.19999999226860687,3.5,3.5,3.5,-10.444538961789696,0.7199999900975644,5.8198834308942204e-12,0.849993614553065,-7.133981248073758,-0.719999995746348,-6.431121781042652e-13,0.8499716609032073,2.718176099924828,0.3500000059325954,-3.141592652565656,0.8500056490083359,0.9274001977009426,-0.34999885902534106,3.1415912384123748,0.8499929967501988,-13.00010367282984,-4.574524258316921e-06
7,C3,12,1.2279999999999518,-12.995128555512613,-5.9980007730444084e-05,-0.008051132334152757,0.010185716556185997,-13.502932968641295,-13.376950101606909,-1.681585306436313,0.021999999927491132,-0.19999999226860687,3.5,3.5,3.5,-10.444538961789696,0.7199999900975644,5.8198834308942204e-12,0.849993614553065,-7.133981248073758,-0.719999995746348,-6.431121781042652e-13,0.8499716609032073,2.718176099924828,0.3500000059325954,-3.141592652565656,0.8500056490083359,0.9274001977009426,-0.34999885902534106,3.1415912384123748,0.8499929967501988,-13.00010367282984,-4.574524258316921e-06
7,C3,13,1.3039999999999736,-12.99033912380461,-0.0001345724314427457,-0.014271786418244625,0.010138750160844048,-13.503718836650505,-13.383462794279465,-1.6975853061583293,0.10199999999596088,-0.20000000000131024,3.5,3.5,3.5,-10.415978961795378,0.7199999900967867,5.8198834308942204e-12,0.8499936145343207,-7.099981250282698,-0.7199999957452172,-6.431121781042652e-13,0.8499716594416823,2.6760160982874712,0.3500000059320097,-3.141592652565656,0.8500056536727224,0.8900001969069585,-0.34999885904541034,3.1415912384123748,0.8499929967245601,-12.993544718644431,-0.00011803979994757987
7,C3,14,1.4039999999999964,-12.972750750489205,-0.0005189578858249093,-0.024601476069355435,0.009995274998475124,-13.508385442061112,-13.415442799168003,-1.72958530582827,0.261999999922935,-0.19999999216535613,3.5,3.5,3.5,-10.375658961803403,0.7199999900956887,5.8198834308942204e-12,0.849993614507858,-7.0519812534013955,-0.7199999957436206,-6.431121781042652e-13,0.849971657378646,2.616496095973608,0.35000000593118247,-3.141592652565656,0.8500056602569306,0.8372001957860361,-0.34999885907377604,3.1415912384123748,0.8499929966885124,-12.961254677242898,-0.0014786077021586427
7,C3,15,1.5119999999999436,-12.937763392031238,-0.001748435258129142,-0.046857351196209415,0.009998024423428885,-13.51339952873972,-13.44485801750994,-1.7495853054528792,0.3000000000005443,-0.20000000001463292,3.5,3.5,3.5,-10.326938961813099,0.719999990094362,5.8198834308942204e-12,0.8499936144758825,-6.993981257170125,-0.7199999957416913,-6.431121781042652e-13,0.8499716548862684,2.544576093174097,0.3500000059301823,-3.141592652565656,0.8500056682115853,0.773400194431582,-0.34999885910810236,3.1415912384123748,0.8499929966451859,-12.93148023071101,-0.0034479906116256804
7,C3,16,1.6000000000000227,-12.913658810494589,-0.0030645985759054687,-0.06285723471966648,0.009999801529443566,-13.519029520766228,-13.474324493210005,-1.7695853054539428,0.300000000000189,-0.20000000001019203,3.5,3.5,3.5,-10.293338961819785,0.719999990093447,5.8198834308942204e-12,0.8499936144538304,-6.953981259769441,-0.7199999957403607,-6.431121781042652e-13,0.8499716531676792,2.494976091241109,0.35000000592949226,-3.141592652565656,0.8500056736967475,0.7294001934974718,-0.3499988591318082,3.1415912384123748,0.8499929966154531,-12.901591600506377,-0.006024768617560071
7,C3,17,1.7039999999999509,-12.884788400393175,-0.00515171355500374,-0.08205706138921064,0.01000194820181817,-13.52524767705805,-13.503672483477338,-1.789585305454962,0.3000000000002778,-0.20000000001130225,3.5,3.5,3.5,-10.25301896182781,0.7199999900923489,5.8198834308942204e-12,0.8499936144273678,-6.9059812628888295,-0.7199999957387637,-6.431121781042652e-13,0.8499716511056868,2.435456088919056,0.35000000592866354,-3.141592652565656,0.8500056802780719,0.6766001923765355,-0.34999885916029033,3.1415912384123748,0.8499929965799327,-12.871760479953021,-0.009198764038489462
7,C3,18,1.8039999999999736,-12.852476346040342,-0.008107593705447407,-0.10445497513385091,0.010121480258686791,-13.532051510435567,-13.532890249507119,-1.8095853054558033,0.29999999999983373,-0.20000000000575113,3.5,3.5,3.5,-10.205978961837172,0.719999990091068,5.8198834308942204e-12,0.8499936143964948,-6.849981266528402,-0.7199999957369004,-6.431121781042652e-13,0.8499716487004629,2.366016086206592,0.35000000592769637,-3.141592652565656,0.8500056879550825,0.6150001910687706,-0.34999885919356777,3.1415912384123748,0.8499929965387112,-12.841998801101433,-0.012968707318553988
7,C3,19,1.8999999999999773,-12.826680829837276,-0.010787120369362222,-0.12285224994486726,0.010002603314016721,-13.539438299455647,-13.561966104580687,-1.8295853054545135,0.29999999995302673,-0.19999999996245243,3.5,3.5,3.5,-10.16733896184486,0.7199999900900157,5.8198834308942204e-12,0.8499936143711349,-6.803981269518282,-0.7199999957353699,-6.431121781042652e-13,0.8499716467250928,2.3089760839757565,0.3500000059269014,-3.141592652565656,0.8500056942602293,0.5644001899945307,-0.3499988592209417,3.1415912384123748,0.8499929965050272,-12.812318468228192,-0.01733309053040057
7,C3,20,2.0,-12.799130033219244,-0.014439145966076922,-0.14125186040813795,0.010003208938517569,-13.54740508950211,-13.590888418747376,-1.8495853054555769,0.3000000000002778,-0.20000000001130225,3.5,3.5,3.5,-10.128698961852551,0.7199999900889634,5.8198834308942204e-12,0.849993614345775,-6.75798127250837,-0.7199999957338391,-6.431121781042652e-13,0.8499716447500382,2.2519360817424494,0.35000000592610603,-3.141592652565656,0.8500057005645013,0.5138001889202868,-0.34999885924835084,3.1415912384123748,0.8499929964715025,-12.782731353066945,-0.022290167979490558
7,C3,21,2.1000000000000227,-12.768099632763146,-0.019172246541018352,-0.16205157728995773,0.010004224562094079,-13.555948693964721,-13.619645623465276,-1.869585305456596,0.300000000000189,-0.20000000001019203,3.5,3.5,3.5,-10.085018961861245,0.7199999900877738,5.8198834308942204e-12,0.8499936143171073,-6.70598127588872,-0.7199999957321086,-6.431121781042652e-13,0.8499716425177473,2.187456079214866,0.3500000059252064,-3.141592652565656,0.8500057076900149,0.4566001877059191,-0.34999885927937735,3.1415912384123748,0.8499929964337967,-12.753249290071174,-0.027837956900691827
7,C3,22,2.203999999999951,-12.734832379103691,-0.02498496214402981,-0.1844513097940934,0.01000574311772331,-13.565065695515615,-13.648226216235935,-1.8895853054576153,0.300000000000189,-0.20000000001019203,3.5,3.4093832969665527,3.5,-10.037978961870605,0.7199999900864928,5.8198834308942204e-12,0.8499936142862343,-6.6499812795293956,-0.7199999957302449,-6.431121781042652e-13,0.8499716401141924,2.118016076489322,0.350000005924237,-3.141592652565656,0.8500057153623916,0.3950001863981327,-0.34999885931284075,3.1415912384123748,0.849992996393418,-12.723884071672979,-0.03397423825241191
7,C3,23,2.2999999999999545,-12.706661408655705,-0.030193168251016738,-0.2036694506282528,0.010089965739080102,-13.574752447475717,-13.676618765203282,-1.9095853054583682,0.2999999999997449,-0.2000000000046409,3.5,3.4093832969665527,3.5,-9.99765896187863,0.7199999900853948,5.8198834308942204e-12,0.8499936142597718,-6.60198128265022,-0.7199999957286473,-6.431121781042652e-13,0.8499716380543745,2.0584960741502276,0.3500000059234057,-3.141592652565656,0.8500057219376784,0.3422001852771683,-0.34999885934156505,3.1415912384123748,0.8499929963589954,-12.694647443568217,-0.04069655760391548
7,C3,24,2.3999999999999773,-12.678476632298649,-0.03600123512499965,-0.22287936637590827,0.009999206287080337,-13.58500507527329,-13.704811913725901,-1.9295853054618297,0.300000000000189,-0.20000000001019203,3.5,3.3765668869018555,3.5,-9.957338961886654,0.7199999900842967,5.8198834308942204e-12,0.8499936142333094,-6.553981285771271,-0.7199999957270494,-6.431121781042652e-13,0.8499716359949,1.9989760718084437,0.35000000592257374,-3.141592652565656,0.8500057285120082,0.28940018415619956,-0.3499988593703276,3.1415912384123748,0.8499929963247462,-12.665551100018716,-0.048002226117025766
7,C3,25,2.5,-12.650266744653957,-0.0426720883724832,-0.24207904163963498,0.010000800114206777,-13.595819477994214,-13.73279438492111,-1.9495853054628933,0.300000000000189,-0.20000000001019203,3.5,3.3765668869018555,3.5,-9.91701896189468,0.7199999900831987,5.8198834308942204e-12,0.8499936142068469,-6.505981288892548,-0.7199999957254516,-6.431121781042652e-13,0.849971633935769,1.9394560694639658,0.3500000059217415,-3.141592652565656,0.8500057350853794,0.23660018303522626,-0.3499988593991284,3.1415912384123748,0.8499929962906704,-12.6366066791731,-0.05588832162195644
7,C3,26,2.6000000000000227,-12.61755464463696,-0.051129552150253665,-0.26447880344942315,0.010002804973406004,-13.60719133002141,-13.760554986173117,-1.9695853054639125,0.3000000000002778,-0.20000000001130225,3.5,3.323688268661499,3.5,-9.86997896190404,0.7199999900819176,5.8198834308942204e-12,0.8499936141759741,-6.449981292534325,-0.7199999957235872,-6.431121781042652e-13,0.8499716315338836,1.8700160667253436,0.35000000592076996,-3.141592652565656,0.8500057427530997,0.1750001817274182,-0.3499988594327777,3.1415912384123748,0.8499929962511343,-12.607825758414211,-0.06435168978551609
7,C3,27,2.699999999999932,-12.590857740436693,-0.058552400543295746,-0.28288381534521506,0.010051667206973827,-13.619116082765682,-13.78808261361154,-1.9895853054648873,0.3000000000001002,-0.2000000000090818,3.5,3.323688268661499,3.5,-9.831338961911731,0.7199999900808653,5.8198834308942204e-12,0.8499936141506143,-6.403981295526014,-0.7199999957220556,-6.431121781042652e-13,0.849971629561256,1.8129760644730242,0.3500000059199715,-3.141592652565656,0.850005749050606,0.12440018065314294,-0.3499988594604571,3.1415912384123748,0.8499929962188348,-12.579219849726632,-0.07338894537327686
7,C3,28,2.7999999999999545,-12.56317185450736,-0.0663560939727498,-0.30211057885099823,0.010004943275231468,-13.631588966484816,-13.815366256552188,-2.0095853054689266,0.2999999999937053,-0.20000000009345875,3.5,3.295409917831421,3.5,-9.791018961919756,0.7199999900797673,5.8198834308942204e-12,0.8499936141241518,-6.3559812986479995,-0.7199999957204575,-6.431121781042652e-13,0.8499716275031984,1.753456062120146,0.3500000059191378,-3.141592652565656,0.8500057556209751,0.07160017953215628,-0.3499988594893774,3.1415912384123748,0.8499929961853008,-12.550800395092685,-0.08299647360341211
7,C3,29,2.8999999999999773,-12.534427435979387,-0.07562267026701823,-0.32211032328468936,0.010005224862707926,-13.644604992191939,-13.842395001902146,-2.0295853054699458,0.300000000000189,-0.20000000001019203,3.5,3.295409917831421,3.5,-9.749018961928115,0.7199999900786235,5.8198834308942204e-12,0.8499936140965868,-6.305981301900308,-0.7199999957187925,-6.431121781042652e-13,0.8499716253597538,1.6914560596663737,0.3500000059182689,-3.141592652565656,0.8500057624640857,0.016600178364457235,-0.3499988595195434,3.1415912384123748,0.8499929961505539,-12.52257876191479,-0.09317043159298874
7,C3,30,3.0,-12.502491080241327,-0.08667047383223919,-0.3445101305202337,0.01000609442727412,-13.65815895365011,-13.869158038523416,-2.0495853054710094,0.300000000000189,-0.20000000001019203,3.5,3.2629666328430176,3.5,-9.701978961937476,0.7199999900773424,5.8198834308942204e-12,0.8499936140657139,-6.249981305543186,-0.7199999957169275,-6.431121781042652e-13,0.8499716229595384,1.6220160569146875,0.3500000059172953,-3.141592652565656,0.8500057701271274,-0.044999822943371064,-0.3499988595533786,3.1415912384123748,0.8499929961118605,-12.49456623847019,-0.10390674989428669
7,C4,0,0.0,-13.002234518910758,1.3574300742999698e-09,-4.783660563279696e-09,0.01005950356513841,-13.847255588259664,-14.150367656862477,-2.2759853067924234,0.0,0.0,3.5,3.5,3.5,-10.499978962528155,0.7199999899966221,5.8198834308942204e-12,0.8499936121207551,-7.199981535662619,-0.719999995599122,-6.431121781042652e-13,0.8499714726904722,2.8000158762136356,0.3500000058547453,-3.141592652565656,0.8500062501772747,1.0000000946539835,-0.34999886178987366,3.1415912384123748,0.8499929941499484,-13.001291419895368,1.4016035054285162e-09
7,C4,1,1.11200000000008,-13.002219600038408,-1.4476967972314487e-08,-5.774917568284958e-05,0.00999994394772021,-13.847255588259664,-14.150367656862477,-2.2759853067924234,0.0,0.0,3.5,3.5,3.5,-10.493258962866674,0.7199999899503479,5.8198834308942204e-12,0.8499936110060673,-7.191981668096317,-0.7199999955313251,-6.431121781042652e-13,0.8499713874074835,2.7900957661693573,0.350000005817839,-3.141592652565656,0.8500065227892516,0.9912000474208917,-0.3499988631646835,3.1415912384123748,0.8499929934478282,-13.001291419895368,1.4016035054285162e-09
7,C4,2,1.11200000000008,-13.002219600038408,-1.4476967972314487e-08,-5.774917568284958e-05,0.00999994394772021,-13.847255588259664,-14.150367656862477,-2.2759853067924234,0.0,0.0,3.5,3.5,3.5,-10.493258962866674,0.7199999899503479,5.8198834308942204e-12,0.8499936110060673,-7.191981668096317,-0.7199999955313251,-6.431121781042652e-13,0.8499713874074835,2.7900957661693573,0.350000005817839,-3.141592652565656,0.8500065227892516,0.9912000474208917,-0.3499988631646835,3.1415912384123748,0.8499929934478282,-13.001291419895368,1.4016035054285162e-09
7,C4,3,1.11200000000008,-13.001889109740985,-2.2642166889188604e-07,-0.0004042508043187373,0.010000052301540153,-13.847255588259664,-14.150367656862477,-2.2759853067924234,0.0,0.0,3.5,3.5,3.5,-10.486538962868012,0.7199999899501648,5.8198834308942204e-12,0.849993611001657,-7.1839816686210725,-0.7199999955310564,-6.431121781042652e-13,0.849971387071283,2.780175765724652,0.3500000058176915,-3.141592652565656,0.8500065238640423,0.9824000472340105,-0.34999886317025736,3.1415912384123748,0.8499929934456615,-13.001291419895368,1.4016035054285162e-09
7,C4,4,1.1520000000000437,-13.00127164514702,-1.0162133995909847e-06,-0.0010588319826434363,0.010000185729921934,-13.847255588259664,-14.150367656862477,-2.2759853067924234,0.0,0.0,3.5,3.5,3.5,-10.47981896286935,0.7199999899499816,5.8198834308942204e-12,0.8499936109972469,-7.175981669145835,-0.7199999955307878,-6.431121781042652e-13,0.8499713867350921,2.770255765279874,0.3500000058175439,-3.141592652565656,0.8500065249388027,0.9736000470471294,-0.34999886317583234,3.1415912384123748,0.8499929934434997,-13.001291419895368,1.4016035054285162e-09
7,C4,5,1.1520000000000437,-13.00127164514702,-1.0162133995909847e-06,-0.0010588319826434363,0.010000185729921934,-13.847255588259664,-14.150367656862477,-2.2759853067924234,0.0,0.0,3.5,3.5,3.5,-10.47981896286935,0.7199999899499816,5.8198834308942204e-12,0.8499936109972469,-7.175981669145835,-0.7199999955307878,-6.431121781042652e-13,0.8499713867350921,2.770255765279874,0.3500000058175439,-3.141592652565656,0.8500065249388027,0.9736000470471294,-0.34999886317583234,3.1415912384123748,0.8499929934434997,-13.001291419895368,1.4016035054285162e-09
7,C4,6,1.1520000000000437,-13.000365543384515,-2.974637559558135e-06,-0.0020216627716458566,0.010000339865832082,-13.847255588259664,-14.150367656862477,-2.2759853067924234,0.0,0.0,3.5,3.5,3.5,-10.473098962870688,0.7199999899497985,5.8198834308942204e-12,0.8499936109928367,-7.167981669670604,-0.7199999955305191,-6.431121781042652e-13,0.8499713863989108,2.760335764835022,0.3500000058173964,-3.141592652565656,0.8500065260135327,0.9648000468602482,-0.3499988631814083,3.1415912384123748,0.8499929934413426,-13.001291419895368,1.4016035054285162e-09
7,C4,7,1.1760000000000446,-12.999169570022012,-6.910128099782115e-06,-0.003293006916828434,0.010000510816401447,-13.847255588259664,-14.150367656862477,-2.2759853067924234,0.0,0.0,3.5,3.5,3.5,-10.466378962872028,0.7199999899496154,5.8198834308942204e-12,0.8499936109884265,-7.1599816701953785,-0.7199999955302505,-6.431121781042652e-13,0.8499713860627391,2.750415764390097,0.3500000058172488,-3.141592652565656,0.8500065270882324,0.9560000466733671,-0.3499988631869855,3.1415912384123748,0.8499929934391903,-13.001291419895368,1.4016035054285162e-09
7,C4,8,1.1760000000000446,-12.999169570022012,-6.910128099782115e-06,-0.003293006916828434,0.010000510816401447,-13.847255588259472,-14.150367656862253,-2.2759853067920237,-7.37188088351104e-12,9.992007221626409e-12,3.5,3.5,3.5,-10.466378962872028,0.7199999899496154,5.8198834308942204e-12,0.8499936109884265,-7.1599816701953785,-0.7199999955302505,-6.431121781042652e-13,0.8499713860627391,2.750415764390097,0.3500000058172488,-3.141592652565656,0.8500065270882324,0.9560000466733671,-0.3499988631869855,3.1415912384123748,0.8499929934391903,-13.001291419895663,1.4016045187056301e-09
7,C4,9,1.1760000000000446,-12.997265784711564,-1.6194128781972358e-05,-0.00531658740983667,0.010000742994073586,-13.847255588259472,-14.150367656862253,-2.2759853067920237,-7.37188088351104e-12,9.992007221626409e-12,3.5,3.5,3.5,-10.4579789628737,0.7199999899493865,5.8198834308942204e-12,0.8499936109829137,-7.149981670851355,-0.7199999955299147,-6.431121781042652e-13,0.8499713856425382,2.738015763833838,0.35000000581706436,-3.141592652565656,0.8500065284315644,0.9450000464397654,-0.34999886319395823,3.1415912384123748,0.8499929934365067,-13.001291419895663,1.4016045187056301e-09
7,C4,10,1.2160000000000082,-12.994907216384853,-3.267140812150281e-05,-0.007823689383140781,0.0100009905343675,-13.847255588259472,-14.150367656862253,-2.2759853067920237,-7.37188088351104e-12,9.992007221626409e-12,3.5,3.5,3.5,-10.449578962875373,0.7199999899491577,5.8198834308942204e-12,0.849993610977401,-7.139981671507342,-0.7199999955295788,-6.431121781042652e-13,0.8499713852223522,2.725615763277464,0.35000000581687984,-3.141592652565656,0.850006529774849,0.934000046206164,-0.3499988632009327,3.1415912384123748,0.8499929934338307,-13.001291419895663,1.4016045187056301e-09
7,C4,11,1.2160000000000082,-12.994907216384853,-3.267140812150281e-05,-0.007823689383140781,0.0100009905343675,-13.847727370040927,-14.150911545957788,-2.290385306512928,0.017999999933593358,-0.3599999930226083,3.5,3.5,3.5,-10.449578962875373,0.7199999899491577,5.8198834308942204e-12,0.849993610977401,-7.139981671507342,-0.7199999955295788,-6.431121781042652e-13,0.8499713852223522,2.725615763277464,0.35000000581687984,-3.141592652565656,0.850006529774849,0.934000046206164,-0.3499988632009327,3.1415912384123748,0.8499929934338307,-13.000571455840333,-6.718463603730992e-06
7,C4,12,1.2160000000000082,-12.99269316310656,-5.304304422771243e-05,-0.010178260398997531,0.010001196613046876,-13.847727370040927,-14.150911545957788,-2.290385306512928,0.017999999933593358,-0.3599999930226083,3.5,3.5,3.5,-10.442858962876711,0.7199999899489746,5.8198834308942204e-12,0.8499936109729908,-7.131981672032138,-0.7199999955293102,-6.431121781042652e-13,0.8499713848862143,2.7156957628322824,0.35000000581673224,-3.141592652565656,0.8500065308494426,0.9252000460192826,-0.3499988632065135,3.1415912384123748,0.8499929934316953,-13.000571455840333,-6.718463603730992e-06
7,C4,13,1.3079999999999927,-12.980346273604239,-0.0002581937058542413,-0.02363222834910342,0.010002117338056029,-13.853682621205612,-14.157389644916694,-2.3303853057386097,0.11799999992510024,-0.39999999223439,3.5,3.5,3.5,-10.414298962882397,0.7199999899481964,5.8198834308942204e-12,0.8499936109542474,-7.097981674262591,-0.7199999955281684,-6.431121781042652e-13,0.8499713834577354,2.6735357609394446,0.3500000058161048,-3.141592652565656,0.8500065354161264,0.8878000452250371,-0.34999886323024365,3.1415912384123748,0.8499929934226736,-12.991778392987685,-0.00034261759317951584
7,C4,14,1.4080000000000155,-12.953293666271554,-0.001307310854731042,-0.05507198372090891,0.010003685955622947,-13.874380412960003,-14.177867989243628,-2.3863853046525563,0.25799999993925127,-0.3999999921378006,3.5,3.5,3.5,-10.370618962891095,0.7199999899470062,5.8198834308942204e-12,0.8499936109255811,-7.045981677674087,-0.7199999955264219,-6.431121781042652e-13,0.8499713812733392,2.6090557580419564,0.35000000581514473,-3.141592652565656,0.8500065423994051,0.8306000440103077,-0.34999886326657387,3.1415912384123748,0.849992993409044,-12.962768509530548,-0.0028301528560179603
7,C4,15,1.504000000000019,-12.929070086364451,-0.0030086874569480435,-0.08658371989010089,0.010005294296732626,-13.900999881736652,-14.201741367677842,-2.43438530423707,0.3000000000005443,-0.40000000002038405,3.5,3.5,3.5,-10.337018962897785,0.7199999899460907,5.8198834308942204e-12,0.8499936109035302,-7.005981680298492,-0.7199999955250784,-6.431121781042652e-13,0.8499713795933113,2.559455755811014,0.3500000058144059,-3.141592652565656,0.850006547770284,0.7866000430758997,-0.3499988632945506,3.1415912384123748,0.8499929933986983,-12.927335045435061,-0.007626394927476528
7,C4,16,1.6040000000000418,-12.898913708287903,-0.006100786183837489,-0.13134679946522876,0.01007741427399244,-13.924188954663135,-14.2207715254073,-2.474385304237954,0.2999999999997449,-0.4000000000081716,3.5,3.5,3.5,-10.289978962907153,0.7199999899448091,5.8198834308942204e-12,0.8499936108726588,-6.949981683972918,-0.7199999955231974,-6.431121781042652e-13,0.8499713772416764,2.4900157526846196,0.35000000581337104,-3.141592652565656,0.8500065552882361,0.7250000417677279,-0.3499988633337625,3.1415912384123748,0.8499929933844165,-12.89781314723956,-0.012949695908287658
7,C4,17,1.7080000000000837,-12.86840925075594,-0.01060969957270672,-0.17293855131174302,0.010000223145057132,-13.948120482139798,-14.238859145452205,-2.514385304235685,0.3000000000007219,-0.40000000002038405,3.5,3.5,3.5,-10.24629896291585,0.7199999899436189,5.8198834308942204e-12,0.8499936108439926,-6.897981687385155,-0.7199999955214506,-6.431121781042652e-13,0.8499713750584378,2.4255357497783265,0.35000000581240953,-3.141592652565656,0.850006562267855,0.6678000405529958,-0.3499988633702202,3.1415912384123748,0.8499929933713662,-12.868527738677995,-0.019449299868321876
7,C4,18,1.8079999999999927,-12.842158937141908,-0.01565729117505087,-0.2081380756846934,0.010001452218338501,-13.972756178831695,-14.255975291481862,-2.5543853042377234,0.3000000000007219,-0.40000000002038405,3.5,3.5,3.5,-10.20933896292321,0.7199999899426118,5.8198834308942204e-12,0.8499936108197366,-6.853981690272636,-0.7199999955199723,-6.431121781042652e-13,0.8499713732113998,2.3709757473167405,0.3500000058115955,-3.141592652565656,0.85000656817268,0.6194000395251451,-0.3499988634011039,3.1415912384123748,0.8499929933604826,-12.839525670152115,-0.02711480882884347
7,C4,19,1.9039999999999964,-12.809063327991081,-0.023404692284335053,-0.25293766701423676,0.010003136354774378,-13.9980566328775,-14.272092581312338,-2.5943853042398506,0.3000000000006331,-0.4000000000214943,3.5,3.5,3.5,-10.162298962932576,0.7199999899413301,5.8198834308942204e-12,0.8499936107888652,-6.7979816939478805,-0.7199999955180909,-6.431121781042652e-13,0.8499713708610456,2.301535744180611,0.3500000058105591,-3.141592652565656,0.8500065756865763,0.5578000382169704,-0.34999886344045683,3.1415912384123748,0.8499929933468416,-12.81085333878722,-0.03593395961024537
7,C4,20,2.008000000000038,-12.779860963662868,-0.03156277051590796,-0.2929373202473459,0.01000500908368717,-14.023981368947894,-14.287185230718068,-2.6343853042419334,0.3000000000006331,-0.4000000000214943,3.5,3.4809064865112305,3.5,-10.12029896294094,0.7199999899401857,5.8198834308942204e-12,0.8499936107613015,-6.747981697229604,-0.7199999955164108,-6.431121781042652e-13,0.8499713687629136,2.2395357413774652,0.35000000580963325,-3.141592652565656,0.8500065823941471,0.5028000370489568,-0.3499988634756372,3.1415912384123748,0.8499929933348617,-12.782556614197054,-0.04589264345260899
7,C4,21,2.104000000000042,-12.753554224907413,-0.0391775870193301,-0.329780318736156,0.010099463788474358,-14.050488912995386,-14.301229094679575,-2.674385304242995,0.2999999999996561,-0.4000000000092818,3.5,3.4809064865112305,3.5,-10.081658962948634,0.7199999899391328,5.8198834308942204e-12,0.8499936107359429,-6.701981700249003,-0.7199999955148652,-6.431121781042652e-13,0.8499713668329645,2.1824957387960473,0.3500000058087811,-3.141592652565656,0.8500065885640568,0.45220003597438363,-0.34999886350803966,3.1415912384123748,0.8499929933240062,-12.754680765104725,-0.056974928586135246
7,C4,22,2.2040000000000646,-12.725113734410195,-0.04896706558849326,-0.3698037147887666,0.010004394602017751,-14.077536858603757,-14.314201706010058,-2.714385304251339,0.3000000000006331,-0.4000000000214943,3.5,3.436493396759033,3.5,-10.039658962956997,0.7199999899379884,5.8198834308942204e-12,0.8499936107083793,-6.651981703531188,-0.7199999955131849,-6.431121781042652e-13,0.8499713647355548,2.1204957359874155,0.3500000058078543,-3.141592652565656,0.8500065952693321,0.3972000348063687,-0.3499988635432995,3.1415912384123748,0.8499929933123875,-12.727270386922749,-0.06916308571862616
7,C4,23,2.312000000000012,-12.69478530460557,-0.06146406149774912,-0.4130032711833471,0.010004941679953064,-14.105081934831006,-14.326082311299302,-2.7543853042533777,0.3000000000006331,-0.4000000000214943,3.5,3.436493396759033,3.5,-9.99429896296603,0.7199999899367524,5.8198834308942204e-12,0.8499936106786106,-6.597981707076218,-0.7199999955113701,-6.431121781042652e-13,0.849971362470775,2.0535357329508845,0.3500000058068528,-3.141592652565656,0.8500066025096845,0.33780003354491184,-0.3499988635814266,3.1415912384123748,0.8499929933000507,-12.700369330407867,-0.08243761639909958
7,C4,24,2.4080000000000155,-12.666143170271535,-0.07471276933868803,-0.4546030451224493,0.010005874317734953,-14.133080075430536,-14.336851904113,-2.7943853042554605,0.3000000000007219,-0.40000000002038405,3.5,3.3699846267700195,3.5,-9.950618962974728,0.7199999899355621,5.8198834308942204e-12,0.8499936106499444,-6.545981710490216,-0.7199999955096223,-6.431121781042652e-13,0.8499713602902906,1.9890557300236682,0.35000000580588797,-3.141592652565656,0.8500066094805545,0.28060003233017494,-0.34999886361818716,3.1415912384123748,0.8499929932883783,-12.674020631512485,-0.09677728420991276
7,C4,25,2.508000000000038,-12.641288072729575,-0.08731195340724694,-0.4914109826034359,0.010045452138949806,-14.16148648934998,-14.346493255400043,-2.8343853042573213,0.30000000000036664,-0.40000000001594316,3.5,3.3699846267700195,3.5,-9.911978962982422,0.7199999899345093,5.8198834308942204e-12,0.8499936106245859,-6.499981713510508,-0.7199999955080761,-6.431121781042652e-13,0.84997135836174,1.9320157274316285,0.35000000580503404,-3.141592652565656,0.8500066156460115,0.2300000312555993,-0.34999886365074345,3.1415912384123748,0.8499929932782224,-12.6482664425341,-0.11215914874151217
7,C4,26,2.604000000000042,-12.61668103557935,-0.09975341300488345,-0.528278890423755,0.01000232260082225,-14.190255732386369,-14.354990941054973,-2.8743853042653993,0.29999999999086313,-0.4000000001880277,3.5,3.318377733230591,3.5,-9.873338962990116,0.7199999899334564,5.8198834308942204e-12,0.8499936105992274,-6.453981716531002,-0.7199999955065299,-6.431121781042652e-13,0.8499713564335079,1.8749757248371726,0.3500000058041797,-3.141592652565656,0.8500066218104521,0.1794000301810228,-0.3499988636833349,3.1415912384123748,0.8499929932682257,-12.623147964681486,-0.12855860229169735
7,C4,27,2.7080000000000837,-12.588695722709675,-0.11688743183696051,-0.5714784975278506,0.010003143778529807,-14.219341779888852,-14.362331366593537,-2.9143853042675265,0.3000000000006331,-0.4000000000214943,3.5,3.318377733230591,3.5,-9.827978962999149,0.7199999899322204,5.8198834308942204e-12,0.8499936105694587,-6.399981720077061,-0.7199999955047146,-6.431121781042652e-13,0.8499713541703373,1.8080157217884236,0.3500000058031763,-3.141592652565656,0.8500066290456709,0.12000002891956299,-0.34999886372163896,3.1415912384123748,0.8499929932566938,-12.59870538216027,-0.14594940923379984
7,C4,28,2.8040000000000873,-12.565478592625249,-0.13241037337291947,-0.6082783320154526,0.010004161031568266,-14.248698100385623,-14.368502788900804,-2.954385304269565,0.3000000000006331,-0.4000000000214943,3.5,3.2941620349884033,3.5,-9.789338963006843,0.7199999899311675,5.8198834308942204e-12,0.8499936105441002,-6.353981723097998,-0.7199999955031681,-6.431121781042652e-13,0.8499713522427976,1.7509757191887154,0.3500000058023211,-3.141592652565656,0.8500066352078983,0.06940002784498599,-0.34999886375430644,3.1415912384123748,0.8499929932470435,-12.574977797888625,-0.1643037479861389
7,C4,29,2.9039999999999964,-12.539964286611275,-0.15095767848498454,-0.6498782650703798,0.010005727825629042,-14.278277730026236,-14.373495335017576,-2.9943853042716477,0.3000000000007219,-0.40000000002038405,3.5,3.2941620349884033,3.5,-9.745658963015542,0.7199999899299773,5.8198834308942204e-12,0.8499936105154341,-6.301981726513214,-0.7199999955014197,-6.431121781042652e-13,0.8499713500642233,1.6864957162470064,0.35000000580135393,-3.141592652565656,0.8500066421726669,0.012200026630246174,-0.34999886379127704,3.1415912384123748,0.8499929932363262,-12.552003170939768,-0.18359225552209985
7,C4,30,3.0,-12.514840220388706,-0.16962119578732848,-0.6915343860106278,0.010007333590122635,-14.302070426617556,-14.376635150074241,-3.0263853042723903,0.2999999999996561,-0.4000000000092818,3.5,3.268181562423706,3.5,-9.70197896302424,0.719999989928787,5.8198834308942204e-12,0.8499936104867679,-6.249981729928691,-0.7199999954996712,-6.431121781042652e-13,0.8499713478860562,1.6220157133022117,0.35000000580038626,-3.141592652565656,0.8500066491361312,-0.04499997458449407,-0.34999886382829243,3.1415912384123748,0.8499929932258123,-12.534190339663839,-0.19967497580232366
1,C0,0,0.0,-13.002230384240347,1.3125042557219477e-09,-2.0015622203684327e-09,0.010000737639376835,-15.698757873738941,-15.377967914283857,-1.630385306722078,-7.460698725481052e-12,1.1102230246251565e-11,3.5,3.5,3.5,-12.199999984132644,-4.199979005427707,1.5707963268007166,0.8499934725192162,-10.499999986031263,4.20000022722844,-1.5707963267955392,0.849966019309376,3.7999859801300273,0.6000000000701179,-3.141592652565656,0.8500097243074615,-11.799994812235314,-0.6500004868390697,-1.415177418356287e-06,0.8499951795745112,-13.001277642523542,1.3600069421643062e-09
1,C0,1,1.24799999999982,-13.002275993683105,8.67628924029228e-09,5.774784891965481e-05,0.010000969441018819,-15.698757873738941,-15.377967914283857,-1.630385306722078,-7.460698725481052e-12,1.1102230246251565e-11,3.5,3.5,3.5,-12.199999984008784,-4.188459006333857,1.5707963268007166,0.8499934696057434,-10.499999985820113,4.190720639761686,-1.5707963267955392,0.849966024572599,3.7891055556991575,0.600000000029562,-3.141592652565656,0.8500090819096464,-11.792634729024519,-0.6500004646059211,-1.4151774183568614e-06,0.8499952684700777,-13.001277642523542,1.3600069421643062e-09
1,C0,2,1.24799999999982,-13.002448133282126,3.296191266313352e-08,0.0003891833330572961,0.010001160470235502,-15.698757873738941,-15.377967914283857,-1.630385306722078,0.0,0.0,3.5,3.5,3.5,-12.199999984008596,-4.176939006335226,1.5707963268007166,0.8499934696013425,-10.499999985819791,4.181440640384792,-1.5707963267955392,0.8499660245843379,3.778225555080062,0.6000000000295057,-3.141592652565656,0.8500090809249334,-11.785274728900037,-0.6500004645721384,-1.415177418356862e-06,0.84999526860544,-13.001277642523542,1.3600069421643062e-09
1,C0,3,1.24799999999982,-13.002370869200485,1.7128151491111416e-07,0.0009705709610331499,0.010001357343277995,-15.698757873738941,-15.377967914283857,-1.630385306722078,0.0,0.0,3.5,3.5,3.5,-12.199999984008409,-4.1654190063365935,1.5707963268007166,0.8499934695969416,-10.499999985819475,4.172160641007897,-1.5707963267955392,0.8499660245960884,3.7673455544610337,0.6000000000294494,-3.141592652565656,0.8500090799401784,-11.777914728775558,-0.6500004645383551,-1.415177418356863e-06,0.8499952687408054,-13.001277642523542,1.3600069421643062e-09
1,C0,4,1.2799999999999727,-13.002370869200485,1.7128151491111416e-07,0.0009705709610331499,0.010001357343277995,-15.698757873738941,-15.377967914283857,-1.630385306722078,0.0,0.0,3.5,3.5,3.5,-12.199999984008409,-4.1654190063365935,1.5707963268007166,0.8499934695969416,-10.499999985819475,4.172160641007897,-1.5707963267955392,0.8499660245960884,3.7673455544610337,0.6000000000294494,-3.141592652565656,0.8500090799401784,-11.777914728775558,-0.6500004645383551,-1.415177418356863e-06,0.8499952687408054,-13.001277642523542,1.3600069421643062e-09
1,C0,5,1.2799999999999727,-13.00202086570236,7.388823019418648e-07,0.001799559561198384,0.010001558334457268,-15.698757873738941,-15.377967914283857,-1.630385306722078,0.0,0.0,3.5,3.5,3.5,-12.199999984008222,-4.153899006337962,1.5707963268007166,0.8499934695925406,-10.499999985819153,4.162880641631003,-1.5707963267955392,0.8499660246078502,3.7564655538420726,0.6000000000293931,-3.141592652565656,0.850009078955381,-11.770554728651085,-0.6500004645045712,-1.415177418356864e-06,0.8499952688761743,-13.001277642523542,1.3600069421643062e-09
1,C0,6,1.2799999999999727,-13.001398106256728,2.255747340371948e-06,0.0028763965906704646,0.010001762002456933,-15.698757873738941,-15.377967914283857,-1.630385306722078,0.0,0.0,3.5,3.5,3.5,-12.199999984008036,-4.14237900633933,1.5707963268007166,0.8499934695881398,-10.499999985818837,4.153600642254108,-1.5707963267955392,0.8499660246196236,3.7455855532231785,0.6000000000293368,-3.141592652565656,0.8500090779705415,-11.763194728526614,-0.6500004644707867,-1.4151774183568648e-06,0.8499952690115462,-13.001277642523542,1.3600069421643062e-09
1,C0,7,1.3159999999998035,-13.00050257368033,5.446317959198382e-06,0.004201358962342732,0.010001967386009966,-15.698757873738941,-15.377967914283857,-1.630385306722078,0.0,0.0,3.5,3.5,3.5,-12.199999984007848,-4.130859006340699,1.5707963268007166,0.8499934695837389,-10.499999985818516,4.144320642877212,-1.5707963267955392,0.8499660246314082,3.7347055526043516,0.6000000000292807,-3.141592652565656,0.8500090769856598,-11.755834728402146,-0.6500004644370017,-1.4151774183568656e-06,0.8499952691469215,-13.001277642523542,1.3600069421643062e-09
1,C0,8,1.3159999999998035,-13.00050257368033,5.446317959198382e-06,0.004201358962342732,0.010001967386009966,-15.698758813820808,-15.377983886641223,-1.6287853067544946,0.00040000000653961365,0.039999999189577196,3.5,3.5,3.5,-12.199999984007848,-4.130859006340699,1.5707963268007166,0.8499934695837389,-10.499999985818516,4.144320642877212,-1.5707963267955392,0.8499660246314082,3.7347055526043516,0.6000000000292807,-3.141592652565656,0.8500090769856598,-11.755834728402146,-0.6500004644370017,-1.4151774183568656e-06,0.8499952691469215,-13.001261642530109,1.4159945033373708e-08
1,C0,9,1.3159999999998035,-12.99933425113328,1.1239845802465645e-05,0.005774752695321854,0.010002174004444414,-15.698758813820808,-15.377983886641223,-1.6287853067544946,0.00040000000653961365,0.039999999189577196,3.5,3.5,3.5,-12.19999998400766,-4.1193390063420665,1.5707963268007166,0.849993469579338,-10.499999985818198,4.135040643500317,-1.5707963267955392,0.8499660246432045,3.723825551985592,0.6000000000292244,-3.141592652565656,0.8500090760007359,-11.748474728277683,-0.650000464403216,-1.4151774183568665e-06,0.8499952692823,-13.001261642530109,1.4159945033373708e-08
1,C0,10,1.3479999999999563,-12.997893123381477,2.07707853920566e-05,0.007596912450133496,0.01000238185822466,-15.698758813820808,-15.377983886641223,-1.6287853067544946,0.00040000000653961365,0.039999999189577196,3.5,3.5,3.5,-12.199999984007475,-4.107819006343435,1.5707963268007166,0.849993469574937,-10.49999998581788,4.125760644123421,-1.5707963267955392,0.849966024655012,3.712945551366899,0.6000000000291681,-3.141592652565656,0.8500090750157698,-11.741114728153223,-0.6500004643694297,-1.4151774183568675e-06,0.8499952694176817,-13.001261642530109,1.4159945033373708e-08
1,C0,11,1.3479999999999563,-12.997893123381477,2.07707853920566e-05,0.007596912450133496,0.01000238185822466,-15.698808670807827,-15.37902268193605,-1.6127853070134714,0.025999999965797826,0.39999999352557936,3.5,3.5,3.5,-12.199999984007475,-4.107819006343435,1.5707963268007166,0.849993469574937,-10.49999998581788,4.125760644123421,-1.5707963267955392,0.849966024655012,3.712945551366899,0.6000000000291681,-3.141592652565656,0.8500090750157698,-11.741114728153223,-0.6500004643694297,-1.4151774183568675e-06,0.8499952694176817,-13.000221721821807,1.2109785320979994e-05
1,C0,12,1.3479999999999563,-12.996179178327571,3.537922395818463e-05,0.00966820094826177,0.01000259142949037,-15.698808670807827,-15.37902268193605,-1.6127853070134714,0.025999999965797826,0.39999999352557936,3.5,3.5,3.5,-12.199999984007286,-4.096299006344803,1.5707963268007166,0.8499934695705361,-10.49999998581756,4.116480644746525,-1.5707963267955392,0.849966024666831,3.702065550748274,0.600000000029112,-3.141592652565656,0.8500090740307615,-11.733754728028767,-0.6500004643356428,-1.4151774183568684e-06,0.8499952695530666,-13.000221721821807,1.2109785320979994e-05
1,C0,13,1.3840000000000146,-12.994192408812436,5.661134455810098e-05,0.01198900827558206,0.010002803682592602,-15.698808670807827,-15.37902268193605,-1.6127853070134714,0.025999999965797826,0.39999999352557936,3.5,3.5,3.5,-12.199999984007098,-4.084779006346172,1.5707963268007166,0.8499934695661352,-10.499999985817242,4.107200645369629,-1.5707963267955392,0.8499660246786614,3.6911855501297155,0.6000000000290558,-3.141592652565656,0.8500090730457112,-11.726394727904314,-0.6500004643018554,-1.4151774183568692e-06,0.8499952696884547,-13.000221721821807,1.2109785320979994e-05
1,C0,14,1.4119999999998072,-12.98940040517268,0.00012616481638898387,0.017380871587781215,0.010003242505975393,-15.698896272716205,-15.3816612007758,-1.5967853072548626,0.06599999992946692,0.3999999939652277,3.5,3.5,3.5,-12.199999984006725,-4.061739006348908,1.5707963268007166,0.8499934695573333,-10.499999985816604,4.088640646615836,-1.5707963267955392,0.8499660247023566,3.6694255488928005,0.6000000000289436,-3.141592652565656,0.8500090710754838,-11.71167472765542,-0.6500004642342787,-1.415177418356871e-06,0.8499952699592408,-12.997582669063931,8.179696649709191e-05
1,C0,15,1.5039999999999054,-12.971630935973325,0.0006001786054132778,0.036318971870077175,0.010004625870415347,-15.698760973174299,-15.403498119184498,-1.5407853081063474,0.2059999999294071,0.39999999388640184,3.5,3.5,3.5,-12.199999984005743,-4.001259006356092,1.5707963268007166,0.8499934695342285,-10.499999985814927,4.039920649887125,-1.5707963267955392,0.8499660247647739,3.6123055456471764,0.6000000000286491,-3.141592652565656,0.8500090659028349,-11.673034727002143,-0.6500004640568787,-1.4151774183568754e-06,0.8499952706701157,-12.975792566543351,0.0015173260315819296
1,C0,16,1.599999999999909,-12.944841613286837,0.001995890780281683,0.06685660228891682,0.010170187607594059,-15.696435268608383,-15.44268823113062,-1.4847853087134502,0.2999999999997449,0.4000000000081716,3.5,3.5,3.5,-12.199999984004576,-3.929259006364643,1.5707963268007166,0.8499934695067228,-10.499999985812938,3.9819206537815095,-1.5707963267955392,0.8499660248394908,3.5443055417857523,0.600000000028299,-3.141592652565656,0.8500090597434055,-11.627034726224567,-0.6500004638456669,-1.4151774183568809e-06,0.8499952715165116,-12.936810517391196,0.00617281955822974
1,C0,17,1.699999999999818,-12.918968222460906,0.003725385691363374,0.0986689053894168,0.010007652862998767,-15.693261103277838,-15.47251782517263,-1.4447853086831233,0.2999999999408587,0.40000000074424946,3.5,3.5,3.5,-12.199999984003405,-3.857259006373195,1.5707963268007166,0.8499934694792172,-10.499999985810943,3.923920657675885,-1.5707963267955392,0.8499660249146541,3.476305537926953,0.6000000000279496,-3.141592652565656,0.8500090535823313,-11.581034725447132,-0.6500004636344321,-1.4151774183568864e-06,0.8499952723630336,-12.907222901173482,0.011117814281179406
1,C0,18,1.80399999999986,-12.889632369319784,0.007141070716896675,0.1356338434461144,0.010005190713419147,-15.688896611344353,-15.502196625966242,-1.4047853092208755,0.29999999999841265,0.3999999968073986,3.5,3.5,3.5,-12.199999984002236,-3.7852590063817466,1.5707963268007166,0.8499934694517114,-10.49999998580895,3.8659206615702524,-1.5707963267955392,0.8499660249902639,3.4083055340707795,0.6000000000276008,-3.141592652565656,0.8500090474196136,-11.535034724669842,-0.6500004634231741,-1.4151774183568917e-06,0.8499952732096819,-12.877856698935597,0.01724204260056553
1,C0,19,1.9039999999999964,-12.862669092281264,0.011311136896810342,0.1724341969865936,0.01000547117400212,-15.683348775062187,-15.531677153759851,-1.364785309218837,0.3000000000007219,0.40000000002038405,3.5,3.5,3.5,-12.19999998400116,-3.719019006389614,1.5707963268007166,0.8499934694264062,-10.499999985807117,3.8125606651530624,-1.5707963267955392,0.8499660250602191,3.3457455305254187,0.6000000000272804,-3.141592652565656,0.8500090417484626,-11.492714723954862,-0.6500004632287965,-1.4151774183568968e-06,0.8499952739887099,-12.848758890338244,0.024535707059210883
1,C0,20,2.0,-12.83358236615715,0.016960255071463985,0.21243454863314754,0.010006049632913985,-15.676626469779318,-15.560912245996533,-1.32478530921671,0.3000000000006331,0.4000000000214943,3.5,3.5,3.5,-12.19999998399999,-3.6470190063981662,1.5707963268007166,0.8499934693989005,-10.499999985805122,3.7545606690474123,-1.5707963267955392,0.849966025136686,3.2777455266742876,0.6000000000269325,-3.141592652565656,0.8500090355825923,-11.446714723177847,-0.6500004630174941,-1.415177418356902e-06,0.8499952748356004,-12.819976025669668,0.03298713935639097
1,C0,21,2.1039999999998145,-12.801334900858727,0.02465737081065481,0.2572350600344149,0.010007289537854187,-15.668740449750167,-15.589855132765194,-1.2847853092146266,0.3000000000006331,0.4000000000214943,3.5,3.5,3.5,-12.19999998399868,-3.566379006407744,1.5707963268007166,0.8499934693680942,-10.49999998580289,3.6896006734090743,-1.5707963267955392,0.8499660252228587,3.20158552236414,0.6000000000265439,-3.141592652565656,0.8500090286748704,-11.395194722307762,-0.6500004627808083,-1.415177418356908e-06,0.8499952757842677,-12.791554151373324,0.042582819003321365
1,C0,22,2.203999999999951,-12.7742985977162,0.031663004647994215,0.29566983964848315,0.010144117748134845,-15.659703330924565,-15.618459511621092,-1.2447853092133436,0.2999999999997449,0.4000000000081716,3.4386038780212402,3.5,3.5,-12.199999983997555,-3.497259006415954,1.5707963268007166,0.8499934693416888,-10.49999998580098,3.633920677147633,-1.5707963267955392,0.8499660252971667,3.1363055186723523,0.600000000026211,-3.141592652565656,0.8500090227523293,-11.351034721562119,-0.6500004625779116,-1.4151774183569133e-06,0.849995276597537,-12.76353873638514,0.05330739495948801
1,C0,23,2.2999999999999545,-12.747435160886742,0.03952328793784404,0.3340935067068208,0.010004906809834591,-15.649529570764944,-15.646679621659407,-1.2047853092045107,0.3000000000006331,0.39999999999706937,3.4386038780212402,3.5,3.5,-12.199999983996435,-3.4281390064241637,1.5707963268007166,0.8499934693152834,-10.499999985799063,3.578240680886183,-1.5707963267955392,0.8499660253718861,3.0710255149829866,0.600000000025879,-3.141592652565656,0.8500090168282787,-11.306874720816607,-0.6500004623749935,-1.4151774183569186e-06,0.8499952774109225,-12.735974599393375,0.06514371019098436
1,C0,24,2.4039999999999964,-12.716292137206544,0.05110237242191866,0.3788937584459392,0.010005113955739796,-15.638235445116756,-15.674470316725332,-1.1647853092024278,0.3000000000006331,0.4000000000214943,3.3994669914245605,3.5,3.5,-12.199999983995124,-3.347499006433742,1.5707963268007166,0.849993469284477,-10.499999985796832,3.5132806852478144,-1.5707963267955392,0.8499660254595788,2.99486551068179,0.6000000000254921,-3.141592652565656,0.8500090099149797,-11.255354719947011,-0.6500004621382292,-1.4151774183569247e-06,0.8499952783600192,-12.708905837135932,0.07807282911898036
1,C0,25,2.5039999999999054,-12.690057648681634,0.062117513042546556,0.41729395092469557,0.010005677272078158,-15.625839022172121,-15.701787137634467,-1.1247853092003448,0.3000000000007219,0.40000000002038405,3.3994669914245605,3.5,3.5,-12.199999983994001,-3.278379006441952,1.5707963268007166,0.8499934692580717,-10.499999985794918,3.457600688986347,-1.5707963267955392,0.8499660255351895,2.9295855069976766,0.6000000000251614,-3.141592652565656,0.8500090039876618,-11.211194719201787,-0.6500004619352652,-1.4151774183569298e-06,0.8499952791736565,-12.682375753858695,0.09207406791084863
1,C0,26,2.6039999999998145,-12.66428832868444,0.07412224962432158,0.45569417741629165,0.010006615588096077,-15.612360133563321,-15.728586383300627,-1.0847853091983066,0.3000000000007219,0.40000000002038405,3.3977060317993164,3.5,3.5,-12.199999983992877,-3.209259006450162,1.5707963268007166,0.8499934692316663,-10.499999985793004,3.401920692724871,-1.5707963267955392,0.8499660256112117,2.8643055033159874,0.600000000024831,-3.141592652565656,0.8500089980588375,-11.167034718456696,-0.6500004617322799,-1.4151774183569349e-06,0.8499952799874099,-12.65642679203547,0.10712502757129419
1,C0,27,2.699999999999818,-12.63789551909588,0.0872037816236352,0.49572622869513144,0.010116778381825474,-15.597820342636807,-15.75482518064759,-1.044785309196712,0.2999999999997449,0.4000000000081716,3.3977060317993164,3.5,3.5,-12.199999983991708,-3.137259006458714,1.5707963268007166,0.8499934692041607,-10.499999985791012,3.343920696619158,-1.5707963267955392,0.8499660256908389,2.796305499483474,0.6000000000244874,-3.141592652565656,0.850008991881378,-11.1210347176807,-0.6500004615208144,-1.4151774183569406e-06,0.8499952808351932,-12.631100464469709,0.12320162977553974
1,C0,28,2.7999999999999545,-12.614948479000503,0.09892511607026883,0.5309778848861899,0.010006403521892061,-15.582242909956593,-15.780461553196522,-1.0047853091868577,0.2999999999897973,0.40000000023243665,3.4786832332611084,3.5,3.5,-12.19999998399068,-3.07389900646624,1.5707963268007166,0.8499934691799559,-10.499999985789257,3.292880700046123,-1.5707963267955392,0.8499660257612801,2.736465496113039,0.6000000000241855,-3.141592652565656,0.8500089864438634,-11.080554716997943,-0.6500004613347057,-1.4151774183569452e-06,0.8499952815813467,-12.606437287883235,0.14027815538933822
1,C0,29,2.9039999999999964,-12.58667311341742,0.11637325705679798,0.5757779930273976,0.010006243203469774,-15.565652756091353,-15.80545448822087,-0.9647853091848193,0.3000000000006331,0.4000000000192738,3.4786832332611084,3.5,3.5,-12.19999998398937,-2.993259006475818,1.5707963268007166,0.8499934691491496,-10.499999985787024,3.2279207044077043,-1.5707963267955392,0.8499660258514324,2.6603054918263442,0.600000000023802,-3.141592652565656,0.8500089795215631,-11.029034716129141,-0.6500004610978143,-1.4151774183569514e-06,0.8499952825311378,-12.582476718096707,0.15832728561515372
1,C0,30,3.0,-12.563101048787034,0.13230805372422177,0.6141780901943011,0.0100066151724015,-15.548076421748638,-15.82976400235581,-0.9247853091827364,0.3000000000007219,0.40000000002038405,3.5,3.4096951484680176,3.5,-12.199999983988246,-2.9241390064840282,1.5707963268007166,0.8499934691227443,-10.499999985785113,3.1722407081461936,-1.5707963267955392,0.8499660259291516,2.595025488154664,0.6000000000234739,-3.141592652565656,0.8500089735865353,-10.984874715384596,-0.6500004608947415,-1.4151774183569565e-06,0.8499952833453701,-12.559257086910764,0.1773201456944726
1,C1,0,0.0,-13.00224715924883,1.400173253297934e-09,-1.4799420040805798e-09,0.010000317105154895,-15.296596336308706,-16.04295578535696,-0.4815853066267819,-7.460698725481052e-12,1.1102230246251565e-11,3.5,3.5,3.5,-12.199999983907055,-4.199979007078108,1.5707963268007166,0.8499934672138869,-10.499999985646793,4.200000978382454,-1.5707963267955392,0.8499660326373569,3.799985229193079,0.6000000000011939,-3.141592652565656,0.8500085406189802,-11.79999466191222,-0.6500004461583976,-1.4151774183573328e-06,0.8499953425137534,-13.001251090285342,1.4472997280528745e-09
1,C1,1,1.231999999999971,-13.002290795245672,2.072518335602954e-08,0.00011045527360305247,0.010000692115561479,-15.296596336308706,-16.04295578535696,-0.4815853066267819,-7.460698725481052e-12,1.1102230246251565e-11,3.5,3.5,3.5,-12.199999983858659,-4.1855790074321835,1.5707963268007166,0.8499934660763001,-10.499999985564376,4.188401139405545,-1.5707963267955392,0.849966037657475,3.786385080988371,0.5999999999892736,-3.141592652565656,0.8500082790097033,-11.790794630377386,-0.6500004373241197,-1.415177418357557e-06,0.8499953780613188,-13.001251090285342,1.4472997280528745e-09
1,C1,2,1.231999999999971,-13.002290795245672,2.072518335602954e-08,0.00011045527360305247,0.010000692115561479,-15.296596336308706,-16.04295578535696,-0.4815853066267819,-7.460698725481052e-12,1.1102230246251565e-11,3.5,3.5,3.5,-12.199999983858659,-4.1855790074321835,1.5707963268007166,0.8499934660763001,-10.499999985564376,4.188401139405545,-1.5707963267955392,0.849966037657475,3.786385080988371,0.5999999999892736,-3.141592652565656,0.8500082790097033,-11.790794630377386,-0.6500004373241197,-1.415177418357557e-06,0.8499953780613188,-13.001251090285342,1.4472997280528745e-09
1,C1,3,1.231999999999971,-13.0021629980187,1.2032637439959343e-07,0.0004783323013219777,0.010000876498468923,-15.296596336308706,-16.04295578535696,-0.4815853066267819,-7.460698725481052e-12,1.1102230246251565e-11,3.5,3.5,3.5,-12.19999998385847,-4.174059007433552,1.5707963268007166,0.8499934660718994,-10.499999985564056,4.1791211400284105,-1.5707963267955392,0.8499660376783774,3.775505080424012,0.5999999999892294,-3.141592652565656,0.8500082779926305,-11.78343463025588,-0.6500004372898699,-1.4151774183575579e-06,0.8499953781992443,-13.001251090285342,1.4472997280528745e-09
1,C1,4,1.2679999999998017,-13.00176247083329,5.064428898418169e-07,0.0010936745719018937,0.010001069631192823,-15.296596336308706,-16.04295578535696,-0.4815853066267819,-7.460698725481052e-12,1.1102230246251565e-11,3.5,3.5,3.5,-12.199999983858282,-4.162539007434922,1.5707963268007166,0.8499934660674987,-10.499999985563738,4.169841140651275,-1.5707963267955392,0.8499660376992912,3.7646250798597216,0.5999999999891853,-3.141592652565656,0.8500082769755191,-11.776074630134378,-0.6500004372556196,-1.4151774183575587e-06,0.849995378337173,-13.001251090285342,1.4472997280528745e-09
1,C1,5,1.2679999999998017,-13.00176247083329,5.064428898418169e-07,0.0010936745719018937,0.010001069631192823,-15.296596336308706,-16.04295578535696,-0.4815853066267819,0.0,0.0,3.5,3.5,3.5,-12.199999983858282,-4.162539007434922,1.5707963268007166,0.8499934660674987,-10.499999985563738,4.169841140651275,-1.5707963267955392,0.8499660376992912,3.7646250798597216,0.5999999999891853,-3.141592652565656,0.8500082769755191,-11.776074630134378,-0.6500004372556196,-1.4151774183575587e-06,0.849995378337173,-13.001251090285342,1.4472997280528745e-09
1,C1,6,1.2679999999998017,-13.00108919661825,1.5925620681892651e-06,0.0019567300949657335,0.010001269119502934,-15.296596336308706,-16.04295578535696,-0.4815853066267819,0.0,0.0,3.5,3.5,3.5,-12.199999983858094,-4.1510190074362905,1.5707963268007166,0.849993466063098,-10.499999985563418,4.16056114127414,-1.5707963267955392,0.8499660377202165,3.753745079295501,0.5999999999891412,-3.141592652565656,0.8500082759583693,-11.768714630012882,-0.6500004372213687,-1.4151774183575596e-06,0.8499953784751049,-13.001251090285342,1.4472997280528745e-09
1,C1,7,1.2999999999999545,-13.000143157154048,3.996510258344582e-06,0.0030677766336944107,0.010001473047786565,-15.296596336308706,-16.04295578535696,-0.4815853066267819,0.0,0.0,3.5,3.5,3.5,-12.199999983857909,-4.139499007437659,1.5707963268007166,0.8499934660586973,-10.4999999855631,4.151281141897005,-1.5707963267955392,0.8499660377411533,3.7428650787313495,0.5999999999890971,-3.141592652565656,0.850008274941181,-11.761354629891388,-0.6500004371871173,-1.4151774183575604e-06,0.84999537861304,-13.001251090285342,1.4472997280528745e-09
1,C1,8,1.2999999999999545,-13.000143157154048,3.996510258344582e-06,0.0030677766336944107,0.010001473047786565,-15.296596336308706,-16.04295578535696,-0.4815853066267819,0.0,0.0,3.5,3.5,3.5,-12.199999983857909,-4.139499007437659,1.5707963268007166,0.8499934660586973,-10.4999999855631,4.151281141897005,-1.5707963267955392,0.8499660377411533,3.7428650787313495,0.5999999999890971,-3.141592652565656,0.850008274941181,-11.761354629891388,-0.6500004371871173,-1.4151774183575604e-06,0.84999537861304,-13.001251090285342,1.4472997280528745e-09
1,C1,9,1.2999999999999545,-12.998924333889473,8.540807486515486e-06,0.004427121476567301,0.010001679979630501,-15.296596336308706,-16.04295578535696,-0.4815853066267819,0.0,0.0,3.5,3.5,3.5,-12.199999983857722,-4.127979007439029,1.5707963268007166,0.8499934660542967,-10.499999985562782,4.142001142519868,-1.5707963267955392,0.8499660377621014,3.7319850781672677,0.5999999999890531,-3.141592652565656,0.8500082739239543,-11.753994629769897,-0.6500004371528653,-1.4151774183575612e-06,0.8499953787509781,-13.001251090285342,1.4472997280528745e-09
1,C1,10,1.33199999999988,-12.997432709024384,1.6253064715295495e-05,0.006035101094050072,0.010001888958395592,-15.296596336308706,-16.04295578535696,-0.4815853066267819,0.0,0.0,3.5,3.5,3.5,-12.199999983857532,-4.1164590074403975,1.5707963268007166,0.849993466049896,-10.499999985562463,4.132721143142732,-1.5707963267955392,0.8499660377830609,3.721105077603255,0.599999999989009,-3.141592652565656,0.8500082729066891,-11.746634629648412,-0.6500004371186127,-1.415177418357562e-06,0.8499953788889195,-13.001251090285342,1.4472997280528745e-09
1,C1,11,1.33199999999988,-12.997432709024384,1.6253064715295495e-05,0.006035101094050072,0.010001888958395592,-15.295956679523112,-16.043286296392704,-0.47438530685670194,0.017999999961304525,0.1799999942520003,3.5,3.5,3.5,-12.199999983857532,-4.1164590074403975,1.5707963268007166,0.849993466049896,-10.499999985562463,4.132721143142732,-1.5707963267955392,0.8499660377830609,3.721105077603255,0.599999999989009,-3.141592652565656,0.8500082729066891,-11.746634629648412,-0.6500004371186127,-1.415177418357562e-06,0.8499953788889195,-13.000531099272452,3.361427409513608e-06
1,C1,12,1.33199999999988,-12.995668266860301,2.836642102797134e-05,0.007892080679719388,0.010002099507785418,-15.295956679523112,-16.043286296392704,-0.47438530685670194,0.017999999961304525,0.1799999942520003,3.5,3.5,3.5,-12.199999983857346,-4.104939007441766,1.5707963268007166,0.8499934660454953,-10.499999985562145,4.123441143765596,-1.5707963267955392,0.8499660378040319,3.710225077039312,0.5999999999889649,-3.141592652565656,0.8500082718893854,-11.739274629526928,-0.6500004370843594,-1.4151774183575632e-06,0.849995379026864,-13.000531099272452,3.361427409513608e-06
1,C1,13,1.3719999999998436,-12.993630995420764,4.632001733819577e-05,0.009998453575327299,0.01000231163241072,-15.295956679523112,-16.043286296392704,-0.47438530685670194,0.017999999961304525,0.1799999942520003,3.5,3.5,3.5,-12.19999998385716,-4.093419007443136,1.5707963268007166,0.8499934660410946,-10.499999985561825,4.114161144388459,-1.5707963267955392,0.8499660378250143,3.699345076475438,0.5999999999889208,-3.141592652565656,0.8500082708720433,-11.73191462940545,-0.6500004370501057,-1.415177418357564e-06,0.8499953791648116,-13.000531099272452,3.361427409513608e-06
1,C1,14,1.3999999999998636,-12.988737947047275,0.00010653756679872848,0.01496108913804883,0.010002743033706478,-15.293888172995993,-16.044336845365027,-0.4663853070981008,0.05799999992950333,0.19999999396502766,3.5,3.5,3.5,-12.199999983856785,-4.070379007445873,1.5707963268007166,0.8499934660322932,-10.499999985561189,4.095601145634183,-1.5707963267955392,0.8499660378670134,3.6775850753478982,0.5999999999888329,-3.141592652565656,0.8500082688372439,-11.717194629162503,-0.6500004369815965,-1.4151774183575655e-06,0.8499953794407165,-12.99821126279725,3.0400737684506017e-05
1,C1,15,1.5079999999998108,-12.96325692070045,0.0007802326314649102,0.03692593918805471,0.010004528414177196,-15.271100381807733,-16.055279655499856,-0.4343853078721607,0.2179999999328608,0.19999999887665432,3.5,3.5,3.5,-12.199999983855477,-3.9897390074554564,1.5707963268007166,0.8499934660014885,-10.499999985558956,4.0306411499942065,-1.5707963267955392,0.84996603801437,3.6014250714036944,0.5999999999885253,-3.141592652565656,0.8500082617142356,-11.66567462831231,-0.6500004367417961,-1.4151774183575716e-06,0.8499953804064827,-12.972946772351477,0.0008871640668133788
1,C1,16,1.6039999999998145,-12.939354977040898,0.0018831059798740735,0.05372104721345749,0.010120258646404466,-15.234503505528018,-16.071618981526143,-0.4063853078652271,0.29999999999983373,0.20000000000575113,3.5,3.5,3.5,-12.199999983854493,-3.929259007462644,1.5707963268007166,0.8499934659783849,-10.499999985557285,3.981921153264212,-1.5707963267955392,0.8499660381252547,3.5443050684477724,0.5999999999882951,-3.141592652565656,0.8500082563707446,-11.627034627674783,-0.6500004365619274,-1.4151774183575763e-06,0.8499953811309088,-12.932944234140036,0.00335735941701747
1,C1,17,1.711999999999989,-12.908791182422412,0.003604763235791467,0.07690184012071007,0.009995473168228282,-15.206830088724873,-16.0832013820907,-0.3863853078647409,0.2999999999997449,0.2000000000046409,3.5,3.5,3.5,-12.199999983853136,-3.8457390074725692,1.5707963268007166,0.84999346594648,-10.499999985554973,3.914641157779916,-1.5707963267955392,0.8499660382788988,3.465425064368929,0.5999999999879779,-3.141592652565656,0.8500082489898995,-11.573674626794562,-0.6500004363135115,-1.4151774183575826e-06,0.8499953821314499,-12.903053552060348,0.0059102254944808225
1,C1,18,1.7999999999999545,-12.880225910908397,0.006074764199304495,0.09610191339912239,0.009997305722523046,-15.178930573854322,-16.094228034812453,-0.36638530786008017,0.3000000000006331,0.20000000001574314,3.5,3.5,3.5,-12.199999983852011,-3.7766190074807833,1.5707963268007166,0.849993465920076,-10.499999985553059,3.8589611615170347,-1.5707963267955392,0.8499660384065068,3.4001450609960937,0.5999999999877161,-3.141592652565656,0.8500082428800899,-11.529514626066252,-0.6500004361079031,-1.4151774183575877e-06,0.8499953829596092,-12.873219901837942,0.009060354803794371
1,C1,19,1.9039999999999964,-12.850552618199538,0.009226007683252508,0.11610203649057345,0.009999317895627875,-15.150816120345945,-16.10469452917919,-0.3463853078584392,0.3000000000006331,0.20000000001574314,3.5,3.5,3.5,-12.199999983850843,-3.7046190074893395,1.5707963268007166,0.8499934658925717,-10.499999985551067,3.800961165409852,-1.5707963267955392,0.8499660385398689,3.332145057485381,0.5999999999874438,-3.141592652565656,0.8500082365142385,-11.483514625307738,-0.6500004358937058,-1.4151774183575932e-06,0.849995383822396,-12.84345521653039,0.012806487335617615
1,C1,20,2.0039999999999054,-12.824518775835033,0.012486444741514915,0.13370218280253005,0.01000098550463651,-15.122497973608535,-16.114596678731807,-0.32638530785684267,0.3000000000006331,0.20000000001574314,3.5,3.5,3.5,-12.199999983849812,-3.641259007496869,1.5707963268007166,0.849993465868368,-10.499999985549314,3.7499211688355185,-1.5707963267955392,0.8499660386575967,3.272305054398198,0.5999999999872047,-3.141592652565656,0.8500082309110524,-11.443034624640367,-0.6500004357051937,-1.4151774183575979e-06,0.8499953845817503,-12.813771401617366,0.0171471246866563
1,C1,21,2.1079999999999472,-12.793857979847244,0.016926660399032435,0.1545024456210208,0.010003035057152979,-15.093987460523222,-16.1239305227425,-0.3063853078552017,0.3000000000006331,0.20000000001574314,3.461852788925171,3.5,3.5,-12.199999983848596,-3.566379007505768,1.5707963268007166,0.8499934658397637,-10.499999985547241,3.689601172884018,-1.5707963267955392,0.849966038797175,3.201585050752418,0.5999999999869228,-3.141592652565656,0.8500082242876132,-11.395194623851804,-0.6500004354823844,-1.4151774183576036e-06,0.8499953854792919,-12.784180330229065,0.022080530659845957
1,C1,22,2.199999999999818,-12.765804711239817,0.021424022676814525,0.17371325553642772,0.010118897391437252,-15.065295984915139,-16.132692327798118,-0.28638530785400484,0.2999999999997449,0.2000000000046409,3.461852788925171,3.5,3.5,-12.19999998384747,-3.4972590075139824,1.5707963268007166,0.8499934658133597,-10.49999998554533,3.63392117662108,-1.5707963267955392,0.849966038926445,3.136305047389688,0.5999999999866631,-3.141592652565656,0.8500082181722363,-11.351034623124038,-0.6500004352766928,-1.4151774183576087e-06,0.8499953863079102,-12.75469383839953,0.02760473195855971
1,C1,23,2.3079999999999927,-12.73464811524197,0.026488368473996403,0.19533879824433575,0.010004876517355205,-15.03643502299252,-16.140878589293305,-0.2663853078488112,0.2999999999863334,0.20000000012343477,3.4103543758392334,3.5,3.5,-12.199999983846206,-3.4194990075232234,1.5707963268007166,0.8499934657836552,-10.499999985543178,3.5712811808252574,-1.5707963267955392,0.8499660390723651,3.0628650436096065,0.5999999999863715,-3.141592652565656,0.8500082112907936,-11.301354622305464,-0.6500004350452652,-1.4151774183576146e-06,0.8499953872402413,-12.725323720332899,0.033717518975818886
1,C1,24,2.3999999999998636,-12.705415517967774,0.032569336319952166,0.21533912505870142,0.010004846229912667,-15.007416118754136,-16.14848603283284,-0.24638530784725918,0.3000000000006331,0.20000000001574314,3.4103543758392334,3.5,3.5,-12.199999983845036,-3.34749900753178,1.5707963268007166,0.849993465756151,-10.499999985541184,3.513281184717998,-1.5707963267955392,0.8499660392079404,2.994865040112355,0.5999999999861023,-3.141592652565656,0.8500082049175371,-11.255354621547678,-0.6500004348309572,-1.4151774183576201e-06,0.8499953881036388,-12.696081723683632,0.04041644667867082
1,C1,25,2.5039999999999054,-12.674016935169194,0.03978390457097081,0.2369393526492295,0.010005356434223317,-14.97825087937539,-16.15551161554067,-0.22638530784566266,0.3000000000006331,0.20000000001574314,3.329895496368408,3.5,3.5,-12.199999983843774,-3.269739007541021,1.5707963268007166,0.8499934657264465,-10.499999985539032,3.4506411889221407,-1.5707963267955392,0.849966039354863,2.921425036338374,0.5999999999858121,-3.141592652565656,0.8500081980327472,-11.205674620729432,-0.6500004345994794,-1.4151774183576258e-06,0.8499953890362465,-12.666979544861087,0.04769883558512103
1,C1,26,2.6079999999999472,-12.64972889498554,0.04585792070460973,0.25373950633032566,0.010006003024290161,-14.948950970563182,-16.161952527277375,-0.20638530784402165,0.3000000000006331,0.20000000001574314,3.329895496368408,3.5,3.5,-12.199999983842789,-3.209259007548209,1.5707963268007166,0.8499934657033431,-10.49999998553736,3.4019211921920163,-1.5707963267955392,0.8499660394694959,2.8643050334052456,0.599999999985587,-3.141592652565656,0.8500081926767104,-11.167034620093137,-0.6500004344194232,-1.4151774183576305e-06,0.8499953897617072,-12.638028824348787,0.0555617728367131
1,C1,27,2.699999999999818,-12.619830563957382,0.05393645779446219,0.27453974664657643,0.010007401870007825,-14.925421955383982,-16.166682554423662,-0.19038530784271782,0.3000000000006331,0.20000000001574314,3.2846567630767822,3.5,3.5,-12.199999983841572,-3.134379007557108,1.5707963268007166,0.8499934656747388,-10.499999985535286,3.3416011962404193,-1.5707963267955392,0.8499660396118586,2.79358502977641,0.5999999999853087,-3.141592652565656,0.8500081860439728,-11.119194619305487,-0.6500004341964747,-1.4151774183576362e-06,0.849995390660017,-12.61498508177053,0.06226801173005955
1,C1,28,2.7999999999999545,-12.592434265610548,0.06128506101919317,0.29377572926653756,0.010075035613729187,-14.889994072108216,-16.17307026761324,-0.16638530784193886,0.2999999999997449,0.2000000000046409,3.2846567630767822,3.5,3.5,-12.199999983840451,-3.0652590075653223,1.5707963268007166,0.8499934656483349,-10.499999985533373,3.285921199977391,-1.5707963267955392,0.8499660397436987,2.7283050264293243,0.5999999999850525,-3.141592652565656,0.8500081799200191,-11.075034618578567,-0.6500004339906547,-1.4151774183576413e-06,0.8499953914893441,-12.580628012650664,0.07301648114138858
1,C1,29,2.9039999999999964,-12.559428692515763,0.07147163029563135,0.3169834825464639,0.010003686341598633,-14.860360664438987,-16.177742649264356,-0.14638530783581266,0.3000000000006331,0.20000000001574314,3.235095977783203,3.5,3.5,-12.199999983839092,-2.981739007575248,1.5707963268007166,0.8499934656164301,-10.499999985531064,3.2186412044928794,-1.5707963267955392,0.849966039903554,2.649425022388271,0.5999999999847436,-3.141592652565656,0.850008172518416,-11.021674617700384,-0.650000433741928,-1.4151774183576476e-06,0.849995392491599,-12.552200881024453,0.082601270543901
1,C1,30,3.0,-12.53230077420196,0.08065188606186705,0.3361835312635077,0.010004378358659149,-14.830639741850103,-16.181821467827305,-0.1263853078342161,0.3000000000006331,0.20000000001574314,3.235095977783203,3.5,3.5,-12.199999983837968,-2.9126190075834626,1.5707963268007166,0.8499934655900262,-10.49999998552915,3.1629612082298193,-1.5707963267955392,0.8499660400363022,2.584145019046719,0.5999999999844885,-3.141592652565656,0.8500081663914414,-10.977514616973762,-0.6500004335360626,-1.4151774183576527e-06,0.8499953933211762,-12.52397111764336,0.09275264778304264
1,C2,0,0.0,-13.002206259597596,1.5185317613136496e-09,-3.258437245529312e-09,0.010002084580767609,-14.49537645757209,-16.186644666075107,0.09761469343774622,0.0,0.0,3.5,3.5,3.5,-12.199999983756827,-4.199979008177179,1.5707963268007166,0.849993463683471,-10.499999985391058,4.200001478026724,-1.5707963267955392,0.8499660507085972,3.7999847844181898,0.599999999967528,-3.141592652565656,0.850007720426143,-11.799994564863214,-0.650000418616934,-1.4151774183580286e-06,0.8499954535217377,-13.00144269690497,1.5608883606666e-09
1,C2,1,1.2440000000001419,-13.00220556397099,1.518331993466472e-09,-3.4051230116478392e-09,0.010002283976625623,-14.49537645757209,-16.186644666075107,0.09761469343774622,0.0,0.0,3.5,3.5,3.5,-12.199999983706624,-4.194219008544468,1.5707963268007166,0.8499934625041405,-10.49999998530566,4.195361644872169,-1.5707963267955392,0.8499660583833208,3.7945446459131906,0.5999999999584774,-3.141592652565656,0.8500074411644183,-11.796314532984601,-0.6500004093355243,-1.4151774183582611e-06,0.8499954910529331,-13.00144269690497,1.5608883606666e-09
1,C2,2,1.2440000000001419,-13.00204565943258,2.11765456232284e-09,1.0919674861168319e-08,0.010002483703523676,-14.49537645757209,-16.186644666075107,0.09761469343774622,0.0,0.0,3.5,3.5,3.5,-12.199999983706435,-4.182699008545837,1.5707963268007166,0.8499934624997401,-10.499999985305342,4.186081645494655,-1.5707963267955392,0.8499660584134935,3.7836646454059495,0.5999999999584458,-3.141592652565656,0.8500074401176876,-11.788954532866164,-0.6500004093008174,-1.415177418358262e-06,0.8499954911933902,-13.00144269690497,1.5608883606666e-09
1,C2,3,1.2440000000001419,-13.00204565943258,2.11765456232284e-09,1.0919674861168319e-08,0.010002483703523676,-14.49537645757209,-16.186644666075107,0.09761469343774622,0.0,0.0,3.5,3.5,3.5,-12.199999983706435,-4.182699008545837,1.5707963268007166,0.8499934624997401,-10.499999985305342,4.186081645494655,-1.5707963267955392,0.8499660584134935,3.7836646454059495,0.5999999999584458,-3.141592652565656,0.8500074401176876,-11.788954532866164,-0.6500004093008174,-1.415177418358262e-06,0.8499954911933902,-13.00144269690497,1.5608883606666e-09
1,C2,4,1.2799999999999727,-13.001630591531708,3.6938269684278214e-09,2.5313502314606345e-08,0.010002684707702185,-14.49537645757209,-16.186644666075107,0.09761469343774622,0.0,0.0,3.5,3.5,3.5,-12.199999983706247,-4.171179008547207,1.5707963268007166,0.8499934624953396,-10.499999985305022,4.1768016461171396,-1.5707963267955392,0.8499660584436776,3.77278464489878,0.599999999958414,-3.141592652565656,0.8500074390709222,-11.781594532747732,-0.65000040926611,-1.4151774183582628e-06,0.8499954913338504,-13.00144269690497,1.5608883606666e-09
1,C2,5,1.2799999999999727,-13.00096036027298,6.31519716132343e-09,3.97165107597325e-08,0.010002887790370353,-14.49537645757209,-16.186644666075107,0.09761469343774622,0.0,0.0,3.5,3.5,3.5,-12.199999983706062,-4.1596590085485765,1.5707963268007166,0.8499934624909392,-10.499999985304704,4.167521646739623,-1.5707963267955392,0.8499660584738731,3.7619046443916817,0.5999999999583824,-3.141592652565656,0.8500074380241224,-11.774234532629302,-0.6500004092314021,-1.4151774183582634e-06,0.8499954914743137,-13.00144269690497,1.5608883606666e-09
1,C2,6,1.2799999999999727,-13.00096036027298,6.31519716132343e-09,3.97165107597325e-08,0.010002887790370353,-14.49537645757209,-16.186644666075107,0.09761469343774622,0.0,0.0,3.5,3.5,3.5,-12.199999983706062,-4.1596590085485765,1.5707963268007166,0.8499934624909392,-10.499999985304704,4.167521646739623,-1.5707963267955392,0.8499660584738731,3.7619046443916817,0.5999999999583824,-3.141592652565656,0.8500074380241224,-11.774234532629302,-0.6500004092314021,-1.4151774183582634e-06,0.8499954914743137,-13.00144269690497,1.5608883606666e-09
1,C2,7,1.3120000000001255,-12.998854407731287,1.522258751754743e-08,6.85501618166478e-08,0.010003305753948848,-14.49537645757209,-16.186644666075107,0.09761469343774622,0.0,0.0,3.5,3.5,3.5,-12.199999983705686,-4.136619008551316,1.5707963268007166,0.8499934624821383,-10.499999985304067,4.14896164798459,-1.5707963267955392,0.8499660585342982,3.740144643377699,0.5999999999583191,-3.141592652565656,0.8500074359304189,-11.759514532392457,-0.6500004091619845,-1.4151774183582653e-06,0.8499954917552495,-13.00144269690497,1.5608883606666e-09
1,C2,8,1.3120000000001255,-12.998854407731287,1.522258751754743e-08,6.85501618166478e-08,0.010003305753948848,-14.49537645757209,-16.186644666075107,0.09761469343774622,0.0,0.0,3.5,3.5,3.5,-12.199999983705686,-4.136619008551316,1.5707963268007166,0.8499934624821383,-10.499999985304067,4.14896164798459,-1.5707963267955392,0.8499660585342982,3.740144643377699,0.5999999999583191,-3.141592652565656,0.8500074359304189,-11.759514532392457,-0.6500004091619845,-1.4151774183582653e-06,0.8499954917552495,-13.00144269690497,1.5608883606666e-09
1,C2,9,1.3120000000001255,-12.99741868648782,2.1900959564741574e-08,8.298085058704527e-08,0.010003524596504535,-14.49537645757209,-16.186644666075107,0.09761469343774622,0.0,0.0,3.5,3.5,3.5,-12.1999999837055,-4.125099008552686,1.5707963268007166,0.8499934624777379,-10.49999998530375,4.139681648607072,-1.5707963267955392,0.849966058564528,3.729264642870815,0.5999999999582875,-3.141592652565656,0.8500074348835154,-11.752154532274039,-0.6500004091272749,-1.4151774183582662e-06,0.849995491895722,-13.00144269690497,1.5608883606666e-09
1,C2,10,1.3400000000001455,-12.99741868648782,2.1900959564741574e-08,8.298085058704527e-08,0.010003524596504535,-14.49537645757209,-16.186644666075107,0.09761469343774622,0.0,0.0,3.5,3.5,3.5,-12.1999999837055,-4.125099008552686,1.5707963268007166,0.8499934624777379,-10.49999998530375,4.139681648607072,-1.5707963267955392,0.849966058564528,3.729264642870815,0.5999999999582875,-3.141592652565656,0.8500074348835154,-11.752154532274039,-0.6500004091272749,-1.4151774183582662e-06,0.849995491895722,-13.00144269690497,1.5608883606666e-09
1,C2,11,1.3400000000001455,-12.995727801966801,3.0409234320566474e-08,9.742081348717916e-08,0.010003753441677345,-14.494659885157704,-16.186574495059,0.09761469344085483,0.017999999940343514,7.771561172376096e-11,3.5,3.5,3.5,-12.199999983705313,-4.113579008554056,1.5707963268007166,0.8499934624733374,-10.499999985303429,4.1304016492295546,-1.5707963267955392,0.8499660585947691,3.7183846423640023,0.5999999999582558,-3.141592652565656,0.8500074338365773,-11.744794532155625,-0.6500004090925647,-1.415177418358267e-06,0.8499954920361975,-13.000722696907358,1.5606911916928078e-09
1,C2,12,1.3400000000001455,-12.995727801966801,3.0409234320566474e-08,9.742081348717916e-08,0.010003753441677345,-14.494659885157704,-16.186574495059,0.09761469344085483,0.017999999940343514,7.771561172376096e-11,3.5,3.5,3.5,-12.199999983705313,-4.113579008554056,1.5707963268007166,0.8499934624733374,-10.499999985303429,4.1304016492295546,-1.5707963267955392,0.8499660585947691,3.7183846423640023,0.5999999999582558,-3.141592652565656,0.8500074338365773,-11.744794532155625,-0.6500004090925647,-1.415177418358267e-06,0.8499954920361975,-13.000722696907358,1.5606911916928078e-09
1,C2,13,1.372000000000071,-12.993781754206083,4.107141402914676e-08,1.1187007444814521e-07,0.01000399545241374,-14.494659885157704,-16.186574495059,0.09761469344085483,0.017999999940343514,7.771561172376096e-11,3.5,3.5,3.5,-12.199999983705126,-4.102059008555425,1.5707963268007166,0.8499934624689369,-10.499999985303113,4.121121649852037,-1.5707963267955392,0.8499660586250216,3.707504641857261,0.5999999999582243,-3.141592652565656,0.8500074327896047,-11.737434532037215,-0.6500004090578541,-1.415177418358268e-06,0.8499954921766761,-13.000722696907358,1.5606911916928078e-09
1,C2,14,1.4080000000001291,-12.989124169163622,7.040915612835975e-08,1.4079658996976085e-07,0.010004533990578783,-14.492350929595219,-16.18634838845102,0.0976146934443631,0.05799999993376659,8.770761894538737e-11,3.5,3.5,3.5,-12.19999998370475,-4.079019008558165,1.5707963268007166,0.8499934624601361,-10.499999985302473,4.102561651096997,-1.5707963267955392,0.8499660586855611,3.6857446408439922,0.5999999999581611,-3.141592652565656,0.8500074306955557,-11.722714531800406,-0.6500004089884309,-1.4151774183582698e-06,0.8499954924576427,-12.998402696910007,1.5600815670780213e-09
1,C2,15,1.5080000000000382,-12.96942296589043,2.4953153499270445e-07,2.306701607678679e-07,0.010144708975561797,-14.471729567833165,-16.18432902253683,0.09761469345661998,0.19799999993406203,8.659739592076221e-11,3.5,3.5,3.5,-12.199999983703577,-4.007019008566726,1.5707963268007166,0.8499934624326333,-10.499999985300484,4.044561654987487,-1.5707963267955392,0.8499660588750408,3.6177446376793676,0.5999999999579642,-3.141592652565656,0.8500074241507626,-11.67671453106048,-0.6500004087714696,-1.415177418358275e-06,0.8499954933357425,-12.977682696919254,1.5547827760496735e-09
1,C2,16,1.6040000000000418,-12.949512272706457,4.5378893315374695e-07,3.0663763411257533e-07,0.010070270297266155,-14.433273514801407,-16.180563177992383,0.0976146934577302,0.2999999999997449,1.1102230246251565e-12,3.5,3.5,3.5,-12.19999998370241,-3.9350190085752867,1.5707963268007166,0.8499934624051305,-10.499999985298492,3.986561658877955,-1.5707963267955392,0.8499660590649667,3.549744634517532,0.5999999999577679,-3.141592652565656,0.8500074176046217,-11.6307145303207,-0.6500004085544866,-1.4151774183582806e-06,0.8499954942139625,-12.939042696920364,1.5450970745900516e-09
1,C2,17,1.7039999999999509,-12.91780180607499,7.208439637313746e-07,3.4017540065078305e-07,0.009990412568698408,-14.403416330776086,-16.17763938564457,0.09761469346607907,0.3000000000006331,-1.2212453270876722e-11,3.5,3.5,3.5,-12.199999983701098,-3.8543790085848753,1.5707963268007166,0.8499934623743275,-10.499999985296263,3.921601663235253,-1.5707963267955392,0.849966059278213,3.4735846309795875,0.5999999999575487,-3.141592652565656,0.8500074102713454,-11.579194529492325,-0.65000040831144,-1.4151774183582867e-06,0.8499954951977116,-12.909042696926779,1.5377581985553945e-09
1,C2,18,1.7999999999999545,-12.893779557883732,8.480852649909238e-07,3.392327209013802e-07,0.009993236852993257,-14.373559146744313,-16.174715593296074,0.09761469346488004,0.3000000000006331,-1.2212453270876722e-11,3.5,3.5,3.5,-12.199999983700163,-3.796779008591724,1.5707963268007166,0.8499934623523252,-10.49999998529467,3.875201666347592,-1.5707963267955392,0.8499660594308742,3.419184628454627,0.5999999999573926,-3.141592652565656,0.8500074050322576,-11.542394528900743,-0.6500004081378187,-1.415177418358291e-06,0.8499954959004818,-12.879042696926708,1.5304729480275503e-09
1,C2,19,1.9039999999999964,-12.858977817065306,9.9350738381973e-07,3.382038654389603e-07,0.009996793811300655,-14.343701962712544,-16.17179180094759,0.09761469346372538,0.3000000000006331,-1.2212453270876722e-11,3.5,3.5,3.5,-12.199999983698804,-3.713259008601655,1.5707963268007166,0.849993462320422,-10.499999985292362,3.807921670860458,-1.5707963267955392,0.84996605965274,3.340304624796607,0.599999999957167,-3.141592652565656,0.8500073974340523,-11.489034528043119,-0.6500004078860433,-1.4151774183582971e-06,0.8499954969196353,-12.849042696926642,1.5231739012439016e-09
1,C2,20,2.0,-12.833799107011927,1.1201789967634542e-06,3.377088095023029e-07,0.0099991014837171,-14.313844778680771,-16.16886800859918,0.09761469346252635,0.3000000000006331,-1.2212453270876722e-11,3.5,3.5,3.5,-12.19999998369782,-3.6527790086088463,1.5707963268007166,0.8499934622973198,-10.499999985290689,3.7592016741283776,-1.5707963267955392,0.849966059813776,3.2831846221500403,0.599999999957004,-3.141592652565656,0.8500073919307755,-11.450394527422207,-0.650000407703705,-1.4151774183583018e-06,0.8499954976577437,-12.819042696926578,1.5158037949825065e-09
1,C2,21,2.1080000000001746,-12.798049625319495,1.4116242142432703e-06,3.375303482904047e-07,0.010071543749454683,-14.283987594649002,-16.16594421625077,0.09761469346137175,0.3000000000006331,-1.2212453270876722e-11,3.4741790294647217,3.5,3.5,-12.199999983696415,-3.5663790086191196,1.5707963268007166,0.8499934622643166,-10.499999985288298,3.6896016787968073,-1.5707963267955392,0.8499660600443733,3.2015846183726477,0.5999999999567721,-3.141592652565656,0.8500073840673091,-11.39519452653537,-0.6500004074431954,-1.4151774183583083e-06,0.8499954987123316,-12.78904269692652,1.5084304950951921e-09
1,C2,22,2.2000000000000455,-12.775119359964599,1.6428714796676597e-06,3.380877786776376e-07,0.010122229806252292,-14.254130410617325,-16.163020423902363,0.09761469346137175,0.2999999999996561,0.0,3.4741790294647217,3.5,3.5,-12.199999983695479,-3.5087790086259685,1.5707963268007166,0.8499934622423144,-10.499999985286705,3.643201681909076,-1.5707963267955392,0.8499660601984615,3.14718461585662,0.5999999999566179,-3.141592652565656,0.8500073788239256,-11.358394525944265,-0.650000407269505,-1.4151774183583128e-06,0.8499954994154861,-12.759042696926551,1.501066198422718e-09
1,C2,23,2.3079999999999927,-12.738343244951329,1.9706609810137273e-06,3.5098557466969366e-07,0.010004384569912464,-14.224273226586542,-16.16009663155405,0.09761469346203787,0.3000000000007219,-1.1102230246251565e-11,3.422936201095581,3.5,3.5,-12.199999983694026,-3.4194990086365844,1.5707963268007166,0.849993462208211,-10.499999985284237,3.571281686733064,-1.5707963267955392,0.8499660604378624,3.0628646119603093,0.5999999999563798,-3.141592652565656,0.8500073706949873,-11.301354525028241,-0.6500004070002579,-1.4151774183583193e-06,0.8499955005055275,-12.729042696927484,1.4936935160969611e-09
1,C2,24,2.400000000000091,-12.710724546465604,2.1388420601189288e-06,3.4997935180226783e-07,0.01000478545903588,-14.194416042554773,-16.157172839205646,0.09761469346088322,0.3000000000007219,-1.1102230246251565e-11,3.422936201095581,3.5,3.5,-12.199999983692948,-3.353259008644461,1.5707963268007166,0.8499934621829086,-10.499999985282406,3.5179216903121304,-1.5707963267955392,0.8499660606159254,3.000304609072274,0.5999999999562036,-3.141592652565656,0.8500073646625098,-11.259034524348758,-0.6500004068004723,-1.4151774183583244e-06,0.8499955013143873,-12.699042696927425,1.4863166808432027e-09
1,C2,25,2.512000000000171,-12.67953077703371,2.3108372428638654e-06,3.4914361352956843e-07,0.010005517449076578,-14.164558858523,-16.15424904685732,0.09761469345968418,0.3000000000007219,-1.1102230246251565e-11,3.349261522293091,3.5,3.5,-12.199999983691733,-3.278379008653365,1.5707963268007166,0.8499934621543058,-10.499999985280335,3.457601694358009,-1.5707963267955392,0.8499660608176685,2.929584605810386,0.5999999999560051,-3.141592652565656,0.8500073578418249,-11.2111945235808,-0.6500004065746059,-1.41517741835833e-06,0.8499955022288727,-12.66904269692737,1.4788617067051923e-09
1,C2,26,2.604000000000042,-12.650762309800484,2.512426248336873e-06,3.4865766873535055e-07,0.010006594221940437,-14.13470167449123,-16.151325254509,0.09761469345852955,0.3000000000007219,-1.1102230246251565e-11,3.349261522293091,3.5,3.5,-12.199999983690606,-3.2092590086615838,1.5707963268007166,0.8499934621279034,-10.499999985278421,3.401921698092644,-1.5707963267955392,0.8499660610043209,2.864304602802095,0.5999999999558224,-3.141592652565656,0.8500073515445258,-11.16703452287206,-0.650000406366093,-1.4151774183583352e-06,0.8499955030731282,-12.63904269692732,1.471400015717883e-09
1,C2,27,2.7080000000000837,-12.622132980715262,2.791286084192408e-06,3.484219830902468e-07,0.0101330891857708,-14.1048444904595,-16.148401462160724,0.0976146934578634,0.29999999999983373,0.0,3.3005337715148926,3.5,3.5,-12.199999983689484,-3.1401390086698027,1.5707963268007166,0.8499934621015008,-10.499999985276512,3.346241701827259,-1.5707963267955392,0.8499660611913844,2.7990245997963803,0.5999999999556404,-3.141592652565656,0.8500073452459966,-11.122874522163455,-0.6500004061575604,-1.4151774183583403e-06,0.8499955039174943,-12.609042696927313,1.4638996959082107e-09
1,C2,28,2.8040000000000873,-12.591173553313364,3.0982194359329743e-06,3.523307367527071e-07,0.01000205952060874,-14.074987306428124,-16.14547766981249,0.09761469345817429,0.2999999999922842,7.771561172376096e-12,3.3005337715148926,3.5,3.5,-12.199999983688265,-3.0652590086787064,1.5707963268007166,0.849993462072898,-10.499999985274439,3.2859217058730685,-1.5707963267955392,0.8499660613945003,2.7283045965430968,0.5999999999554437,-3.141592652565656,0.8500073384212034,-11.075034521395956,-0.6500004059316277,-1.415177418358346e-06,0.8499955048323491,-12.579042696927662,1.4563914102483366e-09
1,C2,29,2.900000000000091,-12.562345336304253,3.31324439938469e-06,3.5118766834694477e-07,0.01000281370066585,-14.05110155920271,-16.14313863593389,0.09761469345719728,0.3000000000006331,-1.2212453270876722e-11,3.2328264713287354,3.4835593700408936,3.5,-12.19999998368714,-2.9961390086869253,1.5707963268007166,0.8499934620464956,-10.499999985272527,3.2302417096076406,-1.5707963267955392,0.8499660615824198,2.6630245935427506,0.5999999999552628,-3.141592652565656,0.8500073321201153,-11.03087452068764,-0.6500004057230537,-1.4151774183583511e-06,0.8499955056769455,-12.555042696927629,1.4503656192710324e-09
1,C2,30,3.0,-12.531142700527136,3.505636919446685e-06,3.502550852464272e-07,0.010003903581900111,-14.015272938364543,-16.139630085116014,0.09761469345582062,0.3000000000007219,-1.1102230246251565e-11,3.2328264713287354,3.4835593700408936,3.5,-12.199999983685924,-2.9212590086958294,1.5707963268007166,0.8499934620178928,-10.499999985270458,3.1699217136534035,-1.5707963267955392,0.8499660617864632,2.592304590295284,0.5999999999550674,-3.141592652565656,0.8500073252925522,-10.98303451992045,-0.6500004054970762,-1.4151774183583568e-06,0.8499955065920496,-12.519042696927535,1.441301217264268e-09
1,C3,0,0.0,-13.002216765289411,-1.252784798234061e-07,9.90052798913633e-09,0.010001002029071622,-13.68684391399664,-16.10746836928538,0.09761469341936088,0.0,0.0,3.5,3.5,3.5,-12.20000510325626,-4.19999215307116,1.570797784498821,0.8500199282269796,-10.499999985152048,4.200001944997797,-1.5707963267955392,0.849966074258648,3.7999933566594666,0.5999945102068267,-3.141591818962634,0.8499972717993004,-11.79999435721501,-0.6500000561459386,-1.4680546380798942e-06,0.849994181799024,-13.00131991736261,-1.2470499306065725e-07
1,C3,1,1.2760000000000673,-13.002213148124639,-1.2527868746962955e-07,9.72201179879393e-09,0.010001209510011813,-13.68684391399664,-16.10746836928538,0.09761469341936088,0.0,0.0,3.5,3.5,3.5,-12.200005138227716,-4.19423222198376,1.570797784498821,0.8500199462484322,-10.499999985068621,4.195362107989765,-1.5707963267955392,0.8499660839961172,3.7945533733045624,0.5999945306854625,-3.141591818962634,0.8499971913726393,-11.796314334538474,-0.6500000443727344,-1.4680546380801214e-06,0.8499942037758715,-13.00131991736261,-1.2470499306065725e-07
1,C3,2,1.2760000000000673,-13.002032337389865,-1.6748058636356692e-07,-0.00019249435039317742,0.010001419435591468,-13.68684391399664,-16.10746836928538,0.09761469341936088,0.0,0.0,3.5,3.5,3.5,-12.200005138361476,-4.182712222246814,1.570797784498821,0.8500199463165506,-10.499999985068305,4.18608210861178,-1.5707963267955392,0.8499660840347834,3.78367337336932,0.5999945307644134,-3.141591818962634,0.8499971910661245,-11.788954334452121,-0.650000044327754,-1.4680546380801223e-06,0.8499942038599335,-13.00131991736261,-1.2470499306065725e-07
1,C3,3,1.2760000000000673,-13.001406450440982,-6.103808616417403e-07,-0.00086634332762954,0.010001684513410878,-13.68684391399664,-16.10746836928538,0.09761469341936088,0.0,0.0,3.5,3.5,3.5,-12.200005138528681,-4.168312222575633,1.570797784498821,0.8500199464016914,-10.499999985067907,4.174482109389299,-1.5707963267955392,0.8499660840831321,3.77007337345028,0.5999945308631105,-3.141591818962634,0.8499971906829858,-11.779754334344185,-0.6500000442715281,-1.4680546380801233e-06,0.8499942039650129,-13.00131991736261,-1.2470499306065725e-07
1,C3,4,1.316000000000031,-13.000585663813352,-1.8110447429072966e-06,-0.0017521864350329606,0.010001897781842893,-13.68684391399664,-16.10746836928538,0.09761469341936088,0.0,0.0,3.5,3.5,3.5,-12.20000513866245,-4.156792222838687,1.570797784498821,0.8500199464697983,-10.499999985067587,4.165202110011313,-1.5707963267955392,0.849966084121824,3.7591933735150587,0.599994530942075,-3.141591818962634,0.8499971903764789,-11.772394334257836,-0.650000044226547,-1.4680546380801244e-06,0.849994204049078,-13.00131991736261,-1.2470499306065725e-07
1,C3,5,1.316000000000031,-13.000585663813352,-1.8110447429072966e-06,-0.0017521864350329606,0.010001897781842893,-13.68684391399664,-16.10746836928538,0.09761469341936088,0.0,0.0,3.5,3.5,3.5,-12.20000513866245,-4.156792222838687,1.570797784498821,0.8500199464697983,-10.499999985067587,4.165202110011313,-1.5707963267955392,0.849966084121824,3.7591933735150587,0.599994530942075,-3.141591818962634,0.8499971903764789,-11.772394334257836,-0.650000044226547,-1.4680546380801244e-06,0.849994204049078,-13.00131991736261,-1.2470499306065725e-07
1,C3,6,1.316000000000031,-12.999480697998743,-4.4884418065491835e-06,-0.0029465404443420446,0.010002111853820278,-13.68684391399664,-16.10746836928538,0.09761469341936088,0.0,0.0,3.5,3.5,3.5,-12.200005138796216,-4.145272223101743,1.570797784498821,0.8500199465379001,-10.49999998506727,4.155922110633326,-1.5707963267955392,0.8499660841605272,3.7483133735798466,0.5999945310210454,-3.141591818962634,0.8499971900699755,-11.76503433417149,-0.6500000441815655,-1.4680546380801252e-06,0.8499942041331444,-13.00131991736261,-1.2470499306065725e-07
1,C3,7,1.3519999999998618,-12.998094961707434,-9.542779106113002e-06,-0.004449469499828434,0.010002326981093582,-13.68684391399664,-16.10746836928538,0.09761469341936088,0.0,0.0,3.5,3.5,3.5,-12.200005138929987,-4.133752223364798,1.570797784498821,0.850019946605997,-10.49999998506695,4.146642111255338,-1.5707963267955392,0.8499660841992419,3.737433373644644,0.5999945311000218,-3.141591818962634,0.8499971897634757,-11.757674334085145,-0.6500000441365837,-1.468054638080126e-06,0.8499942042172122,-13.00131991736261,-1.2470499306065725e-07
1,C3,8,1.3519999999998618,-12.996465138826096,-1.8090923590639143e-05,-0.006257516166999484,0.010002543689119507,-13.686796138162052,-16.107463735806895,0.09601469348184265,0.0011999999854239718,-0.03999999843795621,3.5,3.5,3.5,-12.20000513906376,-4.1222322236278535,1.570797784498821,0.8500199466740886,-10.499999985066633,4.13736211187735,-1.5707963267955392,0.8499660842379679,3.7265533737094505,0.5999945311790041,-3.141591818962634,0.8499971894569793,-11.750314333998801,-0.6500000440916015,-1.468054638080127e-06,0.8499942043012814,-13.001271917388793,-1.6950456611977604e-07
1,C3,9,1.3519999999998618,-12.996465138826096,-1.8090923590639143e-05,-0.006257516166999484,0.010002543689119507,-13.686796138162052,-16.107463735806895,0.09601469348184265,0.0011999999854239718,-0.03999999843795621,3.5,3.5,3.5,-12.20000513906376,-4.1222322236278535,1.570797784498821,0.8500199466740886,-10.499999985066633,4.13736211187735,-1.5707963267955392,0.8499660842379679,3.7265533737094505,0.5999945311790041,-3.141591818962634,0.8499971894569793,-11.750314333998801,-0.6500000440916015,-1.468054638080127e-06,0.8499942043012814,-13.001271917388793,-1.6950456611977604e-07
1,C3,10,1.3840000000000146,-12.994601806161148,-3.1461437179099206e-05,-0.008370234312685068,0.010002763121651832,-13.686796138162052,-16.107463735806895,0.09601469348184265,0.0011999999854239718,-0.03999999843795621,3.5,3.5,3.5,-12.200005139197536,-4.110712223890909,1.570797784498821,0.8500199467421753,-10.499999985066315,4.128082112499361,-1.5707963267955392,0.8499660842767054,3.7156733737742664,0.5999945312579925,-3.141591818962634,0.8499971891504864,-11.74295433391246,-0.650000044046619,-1.4680546380801278e-06,0.8499942043853519,-13.001271917388793,-1.6950456611977604e-07
1,C3,11,1.3840000000000146,-12.992505043374285,-5.1198196529044524e-05,-0.010788472051687273,0.01000298694404853,-13.685601120760195,-16.107354525746135,0.08801469379034343,0.02999999992674418,-0.19999999228748067,3.5,3.5,3.5,-12.20000513933131,-4.099192224153965,1.570797784498821,0.8500199468102569,-10.499999985065994,4.1188021131213715,-1.5707963267955392,0.8499660843154543,3.7047933738390912,0.5999945313369869,-3.141591818962634,0.8499971888439971,-11.73559433382612,-0.6500000440016362,-1.4680546380801286e-06,0.8499942044694239,-13.000071945321112,-7.945422563179102e-06
1,C3,12,1.3840000000000146,-12.990174949340998,-7.906189712121779e-05,-0.01351321525452247,0.010003217279519987,-13.685601120760195,-16.107354525746135,0.08801469379034343,0.02999999992674418,-0.19999999228748067,3.5,3.5,3.5,-12.200005139465091,-4.087672224417021,1.570797784498821,0.8500199468783335,-10.499999985065678,4.109522113743381,-1.5707963267955392,0.8499660843542146,3.693913373903926,0.5999945314159872,-3.141591818962634,0.8499971885375113,-11.72823433373978,-0.6500000439566531,-1.4680546380801295e-06,0.8499942045534972,-13.000071945321112,-7.945422563179102e-06
1,C3,13,1.4279999999998836,-12.990174949340998,-7.906189712121779e-05,-0.01351321525452247,0.010003217279519987,-13.685601120760195,-16.107354525746135,0.08801469379034343,0.02999999992674418,-0.19999999228748067,3.5,3.5,3.5,-12.200005139465091,-4.087672224417021,1.570797784498821,0.8500199468783335,-10.499999985065678,4.109522113743381,-1.5707963267955392,0.8499660843542146,3.693913373903926,0.5999945314159872,-3.141591818962634,0.8499971885375113,-11.72823433373978,-0.6500000439566531,-1.4680546380801295e-06,0.8499942045534972,-13.000071945321112,-7.945422563179102e-06
1,C3,14,1.4279999999998836,-12.986933925531321,-0.00012836231309965276,-0.0173453763591955,0.010003518338136468,-13.682810915633423,-16.10712061414624,0.08001469409844451,0.06999999992922668,-0.19999999229747267,3.5,3.5,3.5,-12.200005139632319,-4.073272224745842,1.570797784498821,0.850019946963422,-10.499999985065278,4.097922114520892,-1.5707963267955392,0.8499660844026811,3.680313373984982,0.599994531514746,-3.141591818962634,0.849997188154409,-11.719034333631859,-0.6500000439004237,-1.4680546380801305e-06,0.8499942046585907,-12.997272226090699,-4.7080022002163834e-05
1,C3,15,1.5,-12.972975287727863,-0.00046750487174145467,-0.030945267626414086,0.010004741635578159,-13.672437369979749,-16.106380806381104,0.06401469469968088,0.14999999993898783,-0.19999999258613066,3.5,3.5,3.5,-12.200005140200913,-4.0243122258638335,1.570797784498821,0.8500199472526638,-10.499999985063926,4.058482117164422,-1.5707963267955392,0.8499660845676001,3.6340733742606823,0.599994531850596,-3.141591818962634,0.849997186851902,-11.687754333264943,-0.6500000437092397,-1.4680546380801344e-06,0.8499942050159248,-12.986875962557436,-0.0003217971586405297
1,C3,16,1.6040000000000418,-12.948609954027324,-0.0014736192672675738,-0.05013563074575635,0.010184162943081873,-13.632929640028937,-16.10454441763698,0.03201469470884153,0.2987999999986002,-0.2000000000035307,3.5,3.5,3.5,-12.200005141003707,-3.9551922274421827,1.570797784498821,0.8500199476608494,-10.499999985062015,4.002802120896441,-1.5707963267955392,0.8499660848007778,3.5687933746501934,0.5999945323249211,-3.141591818962634,0.8499971850131769,-11.64359433274699,-0.6500000434393226,-1.4680546380801394e-06,0.8499942055204387,-12.94737733643397,-0.0023445635427306127
1,C3,17,1.7000000000000455,-12.925786473457237,-0.0025656209232553565,-0.06849497891625923,0.010008976112057139,-13.602937409316958,-16.103884041147694,0.01201469466452363,0.2999999999120817,-0.20000000110043104,3.5,3.5,3.5,-12.200005141773122,-3.8889522289547744,1.570797784498821,0.8500199480518562,-10.499999985060189,3.9494421244729354,-1.5707963267955392,0.8499660850246252,3.506233375023789,0.5999945327796848,-3.141591818962634,0.8499971832511842,-11.60127433225067,-0.6500000431806406,-1.4680546380801445e-06,0.8499942060039777,-12.91746352456038,-0.004610365692006018
1,C3,18,1.7999999999999545,-12.890850480658651,-0.005354402436654832,-0.09150398377154899,0.010005112319578386,-13.572937970198343,-16.1038236013549,-0.00798530528866717,0.3000000000006331,-0.20000000001574314,3.5,3.5,3.5,-12.200005142743354,-3.8054322308619657,1.570797784498821,0.8500199485446259,-10.49999998505788,3.882162128982395,-1.5707963267955392,0.849966085307405,3.427353375495284,0.5999945333533645,-3.141591818962634,0.8499971810297072,-11.547914331624947,-0.6500000428544604,-1.4680546380801507e-06,0.8499942066137218,-12.887601008268225,-0.007473951049685288
1,C3,19,1.8999999999998636,-12.86201066758453,-0.00827122541878863,-0.11070387714073357,0.01000543648561753,-13.542943322052212,-16.1043631224333,-0.027985305290308092,0.3000000000006331,-0.20000000001574314,3.5,3.5,3.5,-12.200005143546388,-3.7363122324403393,1.570797784498821,0.850019948952234,-10.499999985055968,3.826482132714333,-1.5707963267955392,0.8499660855418832,3.3620733758858568,0.5999945338283715,-3.141591818962634,0.8499971791913836,-11.503754331107167,-0.650000042584505,-1.468054638080156e-06,0.8499942071183922,-12.857801732169259,-0.010934174219059014
1,C3,20,2.0,-12.833256728089703,-0.011738090458478788,-0.12990372311211545,0.010006007460634373,-13.512965462337966,-16.10550238858198,-0.04798530529190462,0.3000000000006331,-0.20000000001574314,3.5,3.5,3.5,-12.200005144349499,-3.6671922340187213,1.570797784498821,0.8500199493596597,-10.499999985054059,3.770802136446245,-1.5707963267955392,0.8499660857767721,3.2967933762767654,0.5999945343035941,-3.141591818962634,0.849997177353187,-11.459594330589441,-0.6500000423145372,-1.4680546380801612e-06,0.8499942076231122,-12.828077615576703,-0.014989651157315407
1,C3,21,2.104000000000042,-12.801024426801838,-0.016294287032279788,-0.1515034532555748,0.01000719119604235,-13.483016381799807,-16.107240944109687,-0.06798530529354556,0.3000000000006331,-0.20000000001574314,3.5,3.5,3.5,-12.200005145253094,-3.5894322357944097,1.570797784498821,0.8500199498177956,-10.499999985051911,3.7081621406446152,-1.5707963267955392,0.8499660860415129,3.223353376716939,0.5999945348384768,-3.141591818962634,0.8499971752853677,-11.409914330007066,-0.6500000420108092,-1.468054638080167e-06,0.849994208190981,-12.798440547740897,-0.019638759727765864
1,C3,22,2.2000000000000455,-12.77290182146962,-0.020528835225235492,-0.1707226200226164,0.01014828146399906,-13.453108059670676,-16.109578093617365,-0.08798530529456473,0.2999999999997449,-0.2000000000046409,3.5,3.5,3.5,-12.20000514605637,-3.5203122373728077,1.570797784498821,0.8500199502248337,-10.49999998505,3.6524821443764726,-1.5707963267955392,0.8499660862772743,3.1580733771085603,0.5999945353141564,-3.141591818962634,0.8499971734474412,-11.365754329489457,-0.6500000417408157,-1.4680546380801723e-06,0.8499942086958059,-12.768902383093854,-0.02487964034893687
1,C3,23,2.2999999999999545,-12.743641310494985,-0.02538249842787118,-0.19071092750081411,0.010004876445987094,-13.423252458881292,-16.112512902276368,-0.1079853052998472,0.2999999999837577,-0.20000000012676544,3.5,3.4248976707458496,3.5,-12.200005146893199,-3.4483122390169805,1.570797784498821,0.8500199506486378,-10.49999998504801,3.594482148263796,-1.5707963267955392,0.8499660865232959,3.090073377516856,0.5999945358098854,-3.141591818962634,0.8499971715330696,-11.319754328950339,-0.6500000414595597,-1.4680546380801776e-06,0.8499942092217176,-12.739474936508238,-0.03071019673839189
1,C3,24,2.4120000000000346,-12.709315971222715,-0.0324132382982209,-0.21391051866061245,0.01000511942099368,-13.39346152127249,-16.116044196202452,-0.12798530529975619,0.3000000000005443,-0.20000000001685336,3.5,3.4068477153778076,3.5,-12.200005147864024,-3.364792240924232,1.570797784498821,0.8500199511400025,-10.4999999850457,3.527202152773056,-1.5707963267955392,0.8499660868092391,3.011193377990935,0.5999945363852233,-3.141591818962634,0.8499971693125717,-11.266394328325035,-0.6500000411332862,-1.468054638080184e-06,0.8499942098318424,-12.71016997856892,-0.03712809675154216
1,C3,25,2.5,-12.68576307203445,-0.03772002910017803,-0.22991035256148942,0.010005590754640076,-13.363747162822834,-16.12017056292506,-0.1479853053013527,0.3000000000006331,-0.20000000001574314,3.5,3.4068477153778076,3.5,-12.200005148533627,-3.3071922422395845,1.570797784498821,0.8500199514787196,-10.49999998504411,3.4808021558828686,-1.5707963267955392,0.8499660870067907,2.9567933783181717,0.5999945367821913,-3.141591818962634,0.8499971677813023,-11.229594327893837,-0.6500000409082597,-1.4680546380801884e-06,0.8499942102526602,-12.68099923086907,-0.0441307733138134
1,C3,26,2.604000000000042,-12.656469889103843,-0.04487701902708714,-0.24991017720140274,0.010006538010850125,-13.334121268879528,-16.124890351952523,-0.16798530530299363,0.3000000000006331,-0.20000000001574314,3.5,3.4068477153778076,3.5,-12.200005149370702,-3.235192243883782,1.570797784498821,0.8500199519019377,-10.499999985042122,3.422802159770108,-1.5707963267955392,0.8499660872541311,2.8887933787275446,0.5999945372786113,-3.141591818962634,0.84999716586734,-11.183594327354895,-0.6500000406269648,-1.4680546380801939e-06,0.8499942107787305,-12.651974361318839,-0.0517154254479468
1,C3,27,2.7000000000000455,-12.628533164249262,-0.052101906889868495,-0.26912342040959125,0.010106326633283928,-13.304595689405165,-16.130201675432147,-0.18798530530419047,0.29999999999983373,-0.20000000000575113,3.5,3.3498542308807373,3.5,-12.200005150174372,-3.16607224546222,1.570797784498821,0.850019952308041,-10.49999998504021,3.367122163501832,-1.5707963267955392,0.8499660874919971,2.823513379120885,0.5999945377553941,-3.141591818962634,0.8499971640300665,-11.139434326837563,-0.6500000403569093,-1.468054638080199e-06,0.8499942112838085,-12.623106979479076,-0.059879019394204994
1,C3,28,2.7999999999999545,-12.596132448797553,-0.06081024913520146,-0.29154997126860016,0.010004300880813784,-13.27518223423819,-16.136102408905302,-0.20798530530858478,0.29999999999246185,-0.20000000010234054,3.5,3.3498542308807373,3.5,-12.200005151112087,-3.0854322473037405,1.570797784498821,0.8500199527815975,-10.499999985037983,3.3021621678554762,-1.5707963267955392,0.8499660877700265,2.7473533795802063,0.5999945383119127,-3.141591818962634,0.849997161886742,-11.087914326234081,-0.6500000400418292,-1.4680546380802049e-06,0.8499942118731285,-12.594408631917938,-0.06861828982376755
1,C3,29,2.8999999999998636,-12.57189001519052,-0.06830087024732569,-0.3083496369410021,0.010004574513327168,-13.24589266836779,-16.142590192157485,-0.22798530531022565,0.3000000000007219,-0.20000000001685336,3.5,3.3015542030334473,3.5,-12.200005151815441,-3.0249522486848877,1.570797784498821,0.850019953136602,-10.499999985036313,3.2534421711206862,-1.5707963267955392,0.8499660879789153,2.6902333799249973,0.5999945387294939,-3.141591818962634,0.8499971602793629,-11.049274325781518,-0.6500000398055085,-1.4680546380802095e-06,0.8499942123151627,-12.56589079759113,-0.07792974114526459
1,C3,30,3.0,-12.53865566209725,-0.0793019291578052,-0.33154939628848007,0.010005407505454878,-13.216738707230153,-16.14966243016175,-0.24798530531186663,0.3000000000007219,-0.20000000001685336,3.5,3.3015542030334473,3.5,-12.200005152786838,-2.9414322505921957,1.570797784498821,0.8500199536266165,-10.499999985034005,3.1861621756297525,-1.5707963267955392,0.8499660882678977,2.611353380401558,0.5999945393064242,-3.141591818962634,0.8499971580598097,-10.995914325156617,-0.6500000394791454,-1.4680546380802159e-06,0.8499942129256529,-12.537564883252498,-0.08780964890213638
1,C4,0,0.0,-13.002221198645268,-1.2538193853472117e-07,1.0097938704238729e-08,0.010001065462980557,-12.9104249210529,-16.263976519295912,-0.46638530663074146,0.0,0.0,3.5,3.5,3.5,-12.200005209657036,-4.199992361892346,1.570797784498821,0.8500199817549844,-10.499999984899386,4.200002438641429,-1.5707963267955392,0.8499661061662965,3.799993409053015,0.5999945735096475,-3.141591818962634,0.8499970288887803,-11.799994288834288,-0.6500000204071239,-1.4680546380805826e-06,0.8499942486690967,-13.001413690599835,-1.250232978052859e-07
1,C4,1,1.2560000000000855,-13.002105769379336,-1.50126879879995e-07,-0.00011549147274642258,0.010001507489556334,-12.9104249210529,-16.263976519295912,-0.46638530663074146,0.0,0.0,3.5,3.5,3.5,-12.200005245139952,-4.1884724309776535,1.570797784498821,0.8500199987538316,-10.499999984815883,4.190722601785076,-1.5707963267955392,0.8499661182992305,3.789113427668236,0.5999945952690751,-3.141591818962634,0.8499969490623737,-11.792634266431001,-0.6500000085418101,-1.4680546380808103e-06,0.8499942709729488,-13.001413690599835,-1.250232978052859e-07
1,C4,2,1.2560000000000855,-13.002105769379336,-1.50126879879995e-07,-0.00011549147274642258,0.010001507489556334,-12.9104249210529,-16.263976519295912,-0.46638530663074146,0.0,0.0,3.5,3.5,3.5,-12.200005245139952,-4.1884724309776535,1.570797784498821,0.8500199987538316,-10.499999984815883,4.190722601785076,-1.5707963267955392,0.8499661182992305,3.789113427668236,0.5999945952690751,-3.141591818962634,0.8499969490623737,-11.792634266431001,-0.6500000085418101,-1.4680546380808103e-06,0.8499942709729488,-13.001413690599835,-1.250232978052859e-07
1,C4,3,1.2560000000000855,-13.001568251350161,-5.60228614896202e-07,-0.0006930555979581906,0.01000176011904253,-12.9104249210529,-16.263976519295912,-0.46638530663074146,0.0,0.0,3.5,3.5,3.5,-12.200005245309267,-4.174072431306657,1.570797784498821,0.850019998833941,-10.499999984815485,4.179122602561809,-1.5707963267955392,0.8499661183588852,3.775513427758406,0.5999945953736657,-3.141591818962634,0.8499969486828727,-11.783434266324573,-0.6500000084852543,-1.4680546380808116e-06,0.8499942710793814,-13.001413690599835,-1.250232978052859e-07
1,C4,4,1.2920000000001437,-13.000817966592518,-1.7568557292306594e-06,-0.0015018182879743415,0.010001964397981782,-12.9104249210529,-16.263976519295912,-0.46638530663074146,0.0,0.0,3.5,3.5,3.5,-12.200005245444721,-4.162552431569858,1.570797784498821,0.8500199988980227,-10.499999984815169,4.169842603183194,-1.5707963267955392,0.8499661184066218,3.7646334278305527,0.5999945954573449,-3.141591818962634,0.8499969483792763,-11.776074266239432,-0.6500000084400094,-1.4680546380808124e-06,0.8499942711645291,-13.001413690599835,-1.250232978052859e-07
1,C4,5,1.2920000000001437,-13.000817966592518,-1.7568557292306594e-06,-0.0015018182879743415,0.010001964397981782,-12.9104249210529,-16.263976519295912,-0.46638530663074146,0.0,0.0,3.5,3.5,3.5,-12.200005245444721,-4.162552431569858,1.570797784498821,0.8500199988980227,-10.499999984815169,4.169842603183194,-1.5707963267955392,0.8499661184066218,3.7646334278305527,0.5999945954573449,-3.141591818962634,0.8499969483792763,-11.776074266239432,-0.6500000084400094,-1.4680546380808124e-06,0.8499942711645291,-13.001413690599835,-1.250232978052859e-07
1,C4,6,1.2920000000001437,-12.999783122088397,-4.47608549710475e-06,-0.002619020759692076,0.0100021699840549,-12.9104249210529,-16.263976519295912,-0.46638530663074146,0.0,0.0,3.5,3.5,3.5,-12.200005245580176,-4.151032431833062,1.570797784498821,0.8500199989620993,-10.499999984814849,4.160562603804578,-1.5707963267955392,0.8499661184543698,3.7537534279027085,0.5999945955410301,-3.141591818962634,0.8499969480756837,-11.76871426615429,-0.6500000083947641,-1.4680546380808133e-06,0.8499942712496781,-13.001413690599835,-1.250232978052859e-07
1,C4,7,1.3279999999999745,-12.998464287699784,-9.642190030332689e-06,-0.004044995781837164,0.010002376815480154,-12.9104249210529,-16.263976519295912,-0.46638530663074146,0.0,0.0,3.5,3.5,3.5,-12.200005245715637,-4.139512432096264,1.570797784498821,0.8500199990261709,-10.499999984814531,4.151282604425962,-1.5707963267955392,0.8499661185021291,3.742873427974874,0.5999945956247211,-3.141591818962634,0.8499969477720949,-11.761354266069153,-0.6500000083495185,-1.468054638080814e-06,0.8499942713348285,-13.001413690599835,-1.250232978052859e-07
1,C4,8,1.3279999999999745,-12.996417944764485,-2.1302027780424832e-05,-0.006262336101323399,0.010002637799027795,-12.910339300964365,-16.264019938015345,-0.4711853065365993,0.002399999978042189,-0.1199999976464472,3.5,3.5,3.5,-12.200005245884963,-4.125112432425268,1.570797784498821,0.8500199991062533,-10.499999984814135,4.13968260520269,-1.5707963267955392,0.8499661185618445,3.729273428065093,0.5999945957293432,-3.141591818962634,0.8499969473926143,-11.752154265962734,-0.650000008292961,-1.4680546380808152e-06,0.8499942714412684,-13.001317691092233,-4.066218524966973e-07
1,C4,9,1.3279999999999745,-12.996417944764485,-2.1302027780424832e-05,-0.006262336101323399,0.010002637799027795,-12.910339300964365,-16.264019938015345,-0.4711853065365993,0.002399999978042189,-0.1199999976464472,3.5,3.5,3.5,-12.200005245884963,-4.125112432425268,1.570797784498821,0.8500199991062533,-10.499999984814135,4.13968260520269,-1.5707963267955392,0.8499661185618445,3.729273428065093,0.5999945957293432,-3.141591818962634,0.8499969473926143,-11.752154265962734,-0.650000008292961,-1.4680546380808152e-06,0.8499942714412684,-13.001317691092233,-4.066218524966973e-07
1,C4,10,1.3600000000001273,-12.994464433560196,-3.648387212188781e-05,-0.008384756744394059,0.010002849724497883,-12.910339300964365,-16.264019938015345,-0.4711853065365993,0.002399999978042189,-0.1199999976464472,3.5,3.5,3.5,-12.200005246020424,-4.113592432688471,1.570797784498821,0.8500199991703133,-10.499999984813815,4.130402605824071,-1.5707963267955392,0.8499661186096295,3.718393428137279,0.5999945958130475,-3.141591818962634,0.8499969470890342,-11.744794265877598,-0.6500000082477148,-1.4680546380808158e-06,0.8499942715264218,-13.001317691092233,-4.066218524966973e-07
1,C4,11,1.3600000000001273,-12.994464433560196,-3.648387212188781e-05,-0.008384756744394059,0.010002849724497883,-12.909133463246397,-16.264648842135724,-0.4871853062280177,0.03399999992668157,-0.39999999228546024,3.5,3.5,3.5,-12.200005246020424,-4.113592432688471,1.570797784498821,0.8500199991703133,-10.499999984813815,4.130402605824071,-1.5707963267955392,0.8499661186096295,3.718393428137279,0.5999945958130475,-3.141591818962634,0.8499969470890342,-11.744794265877598,-0.6500000082477148,-1.4680546380808158e-06,0.8499942715264218,-12.999957844042795,-1.9925762319135507e-05
1,C4,12,1.3600000000001273,-12.992231741078848,-5.8625784015850446e-05,-0.010817686908314594,0.010003066048947806,-12.909133463246397,-16.264648842135724,-0.4871853062280177,0.03399999992668157,-0.39999999228546024,3.5,3.5,3.5,-12.200005246155891,-4.102072432951674,1.570797784498821,0.8500199992343684,-10.499999984813499,4.121122606445452,-1.5707963267955392,0.8499661186574258,3.707513428209474,0.5999945958967576,-3.141591818962634,0.8499969467854578,-11.737434265792466,-0.6500000082024681,-1.4680546380808169e-06,0.8499942716115766,-12.999957844042795,-1.9925762319135507e-05
1,C4,13,1.3920000000000528,-12.989722257622553,-8.958279548463819e-05,-0.013561864450481543,0.010003288769865545,-12.909133463246397,-16.264648842135724,-0.4871853062280177,0.03399999992668157,-0.39999999228546024,3.5,3.5,3.5,-12.200005246291358,-4.090552433214878,1.570797784498821,0.8500199992984184,-10.499999984813181,4.111842607066832,-1.5707963267955392,0.8499661187052336,3.6966334282816784,0.5999945959804738,-3.141591818962634,0.8499969464818853,-11.730074265707334,-0.650000008157221,-1.4680546380808177e-06,0.8499942716967328,-12.999957844042795,-1.9925762319135507e-05
1,C4,14,1.4200000000000728,-12.983890930799904,-0.00018646664235082158,-0.019986706426393726,0.010003763728896383,-12.908004915769112,-16.26525280564057,-0.49518530607348255,0.053999999926634956,-0.39999999227657845,3.5,3.5,3.5,-12.200005246562299,-4.067512433741285,1.570797784498821,0.8500199994265031,-10.499999984812545,4.093282608309589,-1.5707963267955392,0.8499661188008834,3.6748734284261158,0.5999945961479237,-3.141591818962634,0.8499969458747518,-11.715354265537076,-0.6500000080667261,-1.4680546380808194e-06,0.8499942718670491,-12.998678247409817,-5.192233307416464e-05
1,C4,15,1.5199999999999818,-12.965149911482591,-0.0007551832157220615,-0.04151861961587217,0.010005288142911652,-12.890589618816977,-16.275403430321838,-0.5511853049854313,0.19399999993909844,-0.39999999223439,3.5,3.5,3.5,-12.20000524723969,-4.009912435057306,1.570797784498821,0.8500199997466259,-10.499999984810954,4.046882611416465,-1.5707963267955392,0.8499661190402074,3.6204734287873683,0.5999945965666517,-3.141591818962634,0.8499969443569849,-11.678554265111456,-0.6500000078404828,-1.4680546380808238e-06,0.8499942722928637,-12.978558576921106,-0.0012874824395530827
1,C4,16,1.6079999999999472,-12.938960800195169,-0.002246623856378945,-0.0758061699393152,0.010192358534980678,-12.858570174979594,-16.29641730597074,-0.6071853044157207,0.2999999999997449,-0.4000000000081716,3.5,3.5,3.5,-12.200005248086502,-3.937912436702337,1.570797784498821,0.8500200001466006,-10.499999984808966,3.9888826153000303,-1.5707963267955392,0.8499661193397628,3.5524734292392606,0.5999945970902691,-3.141591818962634,0.8499969424599111,-11.632554264579486,-0.6500000075576674,-1.4680546380808293e-06,0.8499942728251797,-12.940509713821085,-0.005659183508779055
1,C4,17,1.7080000000000837,-12.912981452595849,-0.0042457692862347875,-0.1095675981010186,0.010004012743437946,-12.83428131726047,-16.31402217452757,-0.6471853042282663,0.2999999999181213,-0.39999999529971575,3.5,3.5,3.5,-12.200005248899519,-3.8687924382815724,1.570797784498821,0.8500200005303896,-10.49999998480706,3.9332026190282208,-1.5707963267955392,0.8499661196277549,3.487193429673417,0.5999945975931587,-3.141591818962634,0.8499969406388611,-11.588394264068851,-0.6500000072861525,-1.4680546380808344e-06,0.8499942733362529,-12.91089870254464,-0.010462101100143437
1,C4,18,1.7999999999999545,-12.884029483884646,-0.007974376040859578,-0.14783007340145,0.01000416672836992,-12.81071589500055,-16.332584256310675,-0.687185304073408,0.3000000000007219,-0.40000000002038405,3.5,3.5,3.5,-12.200005249712609,-3.799672439860813,1.570797784498821,0.8500200009139957,-10.49999998480515,3.877522622756379,-1.5707963267955392,0.8499661199161572,3.4219134301079057,0.5999945980962607,-3.141591818962634,0.8499969388179491,-11.544234263558272,-0.6500000070146258,-1.4680546380808397e-06,0.8499942738473748,-12.881503442390308,-0.016445301487069852
1,C4,19,1.9080000000001291,-12.850504520581278,-0.01371522849958632,-0.19262959127823065,0.01000481649268582,-12.787911607856353,-16.352073855953797,-0.7271853040754908,0.3000000000007219,-0.40000000002038405,3.5,3.5,3.5,-12.200005250661313,-3.719032441703267,1.570797784498821,0.8500200013613046,-10.499999984802924,3.8125626271058572,-1.5707963267955392,0.8499661202531451,3.345753430615231,0.5999945986834813,-3.141591818962634,0.8499969366937266,-11.492714262962664,-0.6500000066978296,-1.4680546380808457e-06,0.8499942744437453,-12.852370959508557,-0.023599212833221916
1,C4,20,2.004000000000133,-12.822023985603206,-0.01982138086181669,-0.2310293197071289,0.010005586680557826,-12.765904937822887,-16.372459794255526,-0.7671853040775292,0.3000000000007219,-0.40000000002038405,3.5,3.5,3.5,-12.200005251474568,-3.6499124432825196,1.570797784498821,0.8500200017445141,-10.499999984801017,3.7568826308339465,-1.5707963267955392,0.8499661205424364,3.2804734310504413,0.5999945991870431,-3.141591818962634,0.8499969348731141,-11.448554262452204,-0.6500000064262774,-1.468054638080851e-06,0.8499942749549729,-12.823547859657399,-0.03191239040704667
1,C4,21,2.1159999999999854,-12.789153563658722,-0.028315836107782093,-0.27582876621035357,0.010007133993950871,-12.744731090877695,-16.39370945806334,-0.8071853040796564,0.3000000000006331,-0.4000000000214943,3.5,3.4611947536468506,3.5,-12.200005252423464,-3.5692724451249878,1.570797784498821,0.8500200021913604,-10.49999998479879,3.691922635183344,-1.5707963267955392,0.8499661208804612,3.204313431558608,0.5999945997748003,-3.141591818962634,0.849996932749241,-11.397034261856737,-0.6500000061094515,-1.468054638080857e-06,0.8499942755514669,-12.795080253647996,-0.04137153489780242
1,C4,22,2.2000000000000455,-12.765126871965197,-0.03477811926134444,-0.3094718591026807,0.010149663686807002,-12.724423940659074,-16.41578885244811,-0.8471853040807177,0.2999999999996561,-0.4000000000092818,3.5,3.4611947536468506,3.5,-12.200005253135206,-3.508792446506843,1.570797784498821,0.8500200025263318,-10.49999998479712,3.6432026384453637,-1.5707963267955392,0.8499661211343463,3.1471934319400305,0.5999946002158076,-3.141591818962634,0.84999693115646,-11.358394261410185,-0.6500000058718216,-1.4680546380808615e-06,0.8499942759988809,-12.767013683577252,-0.05196151369210761
1,C4,23,2.2999999999999545,-12.737772740988802,-0.04313954433192854,-0.34790638699035337,0.010003586266754764,-12.708824121390808,-16.434026080539017,-0.8791853040885659,0.2999999999817149,-0.4000000001869175,3.5,3.3935182094573975,3.5,-12.200005253948692,-3.4396724480861116,1.570797784498821,0.8500200029089845,-10.499999984795213,3.5875226421733566,-1.5707963267955392,0.8499661214248854,3.0819134323762536,0.5999946007200153,-3.141591818962634,0.8499969293362686,-11.314234260899893,-0.6500000056002335,-1.4680546380808668e-06,0.8499942765102568,-12.744879369946618,-0.061236372706833714
1,C4,24,2.400000000000091,-12.709412354774937,-0.054053159674496205,-0.3879058125044106,0.01000400725911792,-12.686538240333304,-16.46229427278058,-0.9271853040910563,0.3000000000005443,-0.40000000002038405,3.5,3.3935182094573975,3.5,-12.200005254796157,-3.3676724497311885,1.570797784498821,0.8500200033073865,-10.499999984793224,3.529522646056648,-1.5707963267955392,0.8499661217279663,3.013913432831007,0.5999946012454571,-3.141591818962634,0.8499969274403832,-11.268234260368395,-0.6500000053173167,-1.4680546380808721e-06,0.8499942770429921,-12.712262539948679,-0.07646442537290363
1,C4,25,2.512000000000171,-12.678224490794246,-0.06759721265813162,-0.4327055272360083,0.0100048630219311,-12.669020299264334,-16.486645899976875,-0.9671853040931392,0.3000000000006331,-0.4000000000214943,3.5,3.361569881439209,3.5,-12.200005255745413,-3.2870324515736815,1.570797784498821,0.850020003753361,-10.499999984790998,3.464562650405893,-1.5707963267955392,0.8499661220679455,2.937753433340759,0.5999946018342253,-3.141591818962634,0.8499969253171704,-11.216714259773191,-0.6500000050004348,-1.4680546380808783e-06,0.8499942776397184,-12.685665556540368,-0.09033815882794029
1,C4,26,2.604000000000042,-12.652021990046936,-0.08029758279405172,-0.47110539894114356,0.010005914688999138,-12.65249017603773,-16.511678579268494,-1.007185304095222,0.3000000000007219,-0.40000000002038405,3.5,3.361569881439209,3.5,-12.200005256559143,-3.2179124531529664,1.570797784498821,0.8500200041354264,-10.499999984789092,3.408882654133783,-1.5707963267955392,0.8499661223598006,2.8724734337780506,0.5999946023391136,-3.141591818962634,0.8499969234974241,-11.172554259263075,-0.6500000047288088,-1.4680546380808836e-06,0.8499942781512507,-12.6596446492455,-0.1052643904339321
1,C4,27,2.703999999999951,-12.625238602798687,-0.09424473930385718,-0.5111326070294518,0.010106730142493022,-12.636974315324428,-16.53735226370855,-1.0471853040968162,0.2999999999967251,-0.40000000005480096,3.5,3.361569881439209,3.5,-12.20000525740686,-3.145912454798061,1.570797784498821,0.8500200045332168,-10.499999984787102,3.350882658016967,-1.5707963267955392,0.8499661226642525,2.804473434233916,0.5999946028652644,-3.141591818962634,0.8499969216020026,-11.126554258731762,-0.6500000044458527,-1.4680546380808889e-06,0.8499942786841489,-12.634241445964946,-0.12121924140436884
1,C4,28,2.7999999999999545,-12.60292522298117,-0.10570746543632543,-0.5447960779821,0.010011806429187795,-12.62249753919188,-16.563625880878355,-1.087185304102052,0.29999999999104077,-0.40000000011697345,3.5,3.3271713256835938,3.5,-12.200005258119006,-3.085432456179945,1.570797784498821,0.8500200048672071,-10.499999984785433,3.302162661278815,-1.5707963267955392,0.8499661229203361,2.7473534346171222,0.5999946033074091,-3.141591818962634,0.8499969200099651,-11.087914258285506,-0.6500000042081596,-1.4680546380808935e-06,0.8499942791318242,-12.609496586405205,-0.13817718738099835
1,C4,29,2.9160000000001673,-12.573262557419824,-0.1246168215808307,-0.591211719305442,0.010004973744044751,-12.609083007393462,-16.5904573985959,-1.1271853041061333,0.3000000000006331,-0.4000000000214943,3.5,3.286609411239624,3.5,-12.20000525910254,-3.001912458088267,1.570797784498821,0.8500200053282014,-10.499999984783129,3.234882665783231,-1.5707963267955392,0.8499661232744917,2.6684734351467307,0.5999946039182565,-3.141591818962634,0.8499969178116121,-11.034554257669319,-0.6500000038799021,-1.4680546380808996e-06,0.8499942797501039,-12.585449657062439,-0.1561110992683011
1,C4,30,3.0,-12.549369564407078,-0.14131084980809677,-0.6296116811362548,0.010005521009236244,-12.596752180318443,-16.617803892156303,-1.167185304108216,0.3000000000006331,-0.4000000000214943,3.5,3.286609411239624,3.5,-12.200005259916585,-2.932792459667573,1.570797784498821,0.8500200057095119,-10.499999984781219,3.179202669510988,-1.5707963267955392,0.8499661235680389,2.6031934355853945,0.5999946044240199,-3.141591818962634,0.8499969159924391,-10.99039425715943,-0.6500000036082276,-1.468054638080905e-06,0.8499942802618374,-12.562139127893984,-0.17499228663270774
