Waiting for an action server to become available...
Sending goal:
     pose:
  header:
    stamp:
      sec: 0
      nanosec: 0
    frame_id: map
  pose:
    position:
      x: 4.3
      y: 0.0
      z: 0.0
    orientation:
      x: 0.0
      y: 0.0
      z: 0.0
      w: 1.0
behavior_tree: ''

Goal accepted with ID: 874c9719bf304436bf17b85a3c9185f7

Feedback:
    current_pose:
  header:
    stamp:
      sec: 543
      nanosec: 500000000
    frame_id: map
  pose:
    position:
      x: 3.2843656031232342
      y: 0.007635839451031461
      z: 0.0
    orientation:
      x: 0.0
      y: 0.0
      z: 0.007557038668420019
      w: 0.999971445175593
navigation_time:
  sec: 0
  nanosec: 0
estimated_time_remaining:
  sec: 0
  nanosec: 0
number_of_recoveries: 0
distance_remaining: 0.0

Feedback:
    current_pose:
  header:
    stamp:
      sec: 543
      nanosec: 500000000
    frame_id: map
  pose:
    position:
      x: 3.2843656031232342
      y: 0.007635839451031461
      z: 0.0
    orientation:
      x: 0.0
      y: 0.0
      z: 0.007557038668420019
      w: 0.999971445175593
navigation_time:
  sec: 0
  nanosec: 8000000
estimated_time_remaining:
  sec: 0
  nanosec: 0
number_of_recoveries: 0
distance_remaining: 0.0

Feedback:
    current_pose:
  header:
    stamp:
      sec: 543
      nanosec: 520000000
    frame_id: map
  pose:
    position:
      x: 3.2843656031232342
      y: 0.007635839451031454
      z: 0.0
    orientation:
      x: 0.0
      y: 0.0
      z: 0.007557038668420019
      w: 0.999971445175593
navigation_time:
  sec: 0
  nanosec: 16000000
estimated_time_remaining:
  sec: 0
  nanosec: 0
number_of_recoveries: 0
distance_remaining: 0.9999999403953552

Feedback:
    current_pose:
  header:
    stamp:
      sec: 543
      nanosec: 520000000
    frame_id: map
  pose:
    position:
      x: 3.2843656031232342
      y: 0.007635839451031454
      z: 0.0
    orientation:
      x: 0.0
      y: 0.0
      z: 0.007557038668420019
      w: 0.999971445175593
navigation_time:
  sec: 0
  nanosec: 24000000
estimated_time_remaining:
  sec: 0
  nanosec: 0
number_of_recoveries: 0
distance_remaining: 0.9999999403953552

Feedback:
    current_pose:
  header:
    stamp:
      sec: 543
      nanosec: 540000000
    frame_id: map
  pose:
    position:
      x: 3.2843656031232342
      y: 0.007635839451031454
      z: 0.0
    orientation:
      x: 0.0
      y: 0.0
      z: 0.007557038668420019
      w: 0.999971445175593
navigation_time:
  sec: 0
  nanosec: 32000000
estimated_time_remaining:
  sec: 0
  nanosec: 0
number_of_recoveries: 0
distance_remaining: 0.9999999403953552

Feedback:
    current_pose:
  header:
    stamp:
      sec: 543
      nanosec: 540000000
    frame_id: map
  pose:
    position:
      x: 3.2843656031232342
      y: 0.007635839451031454
      z: 0.0
    orientation:
      x: 0.0
      y: 0.0
      z: 0.007557038668420019
      w: 0.999971445175593
navigation_time:
  sec: 0
  nanosec: 40000000
estimated_time_remaining:
  sec: 0
  nanosec: 0
number_of_recoveries: 0
distance_remaining: 0.9999999403953552

Feedback:
    current_pose:
  header:
    stamp:
      sec: 543
      nanosec: 540000000
    frame_id: map
  pose:
    position:
      x: 3.2843656031232342
      y: 0.007635839451031454
      z: 0.0
    orientation:
      x: 0.0
      y: 0.0
      z: 0.007557038668420019
      w: 0.999971445175593
navigation_time:
  sec: 0
  nanosec: 44000000
estimated_time_remaining:
  sec: 0
  nanosec: 0
number_of_recoveries: 0
distance_remaining: 0.9999999403953552

Feedback:
    current_pose:
  header:
    stamp:
      sec: 543
      nanosec: 540000000
    frame_id: map
  pose:
    position:
      x: 3.2843656031232342
      y: 0.007635839451031454
      z: 0.0
    orientation:
      x: 0.0
      y: 0.0
      z: 0.007557038668420019
      w: 0.999971445175593
navigation_time:
  sec: 0
  nanosec: 48000000
estimated_time_remaining:
  sec: 0
  nanosec: 0
number_of_recoveries: 0
distance_remaining: 0.9999999403953552

Feedback:
    current_pose:
  header:
    stamp:
      sec: 543
      nanosec: 560000000
    frame_id: map
  pose:
    position:
      x: 3.2846055757932384
      y: 0.007639461180783465
      z: 0.0
    orientation:
      x: 0.0
      y: 0.0
      z: 0.007538796291108475
      w: 0.999971582871474
navigation_time:
  sec: 0
  nanosec: 56000000
estimated_time_remaining:
  sec: 0
  nanosec: 0
number_of_recoveries: 0
distance_remaining: 0.9999999403953552

Feedback:
    current_pose:
  header:
    stamp:
      sec: 543
      nanosec: 560000000
    frame_id: map
  pose:
    position:
      x: 3.2846055757932384
      y: 0.007639461180783465
      z: 0.0
    orientation:
      x: 0.0
      y: 0.0
      z: 0.007538796291108475
      w: 0.999971582871474
navigation_time:
  sec: 0
  nanosec: 64000000
estimated_time_remaining:
  sec: 0
  nanosec: 0
number_of_recoveries: 0
distance_remaining: 0.9999999403953552

Feedback:
    current_pose:
  header:
    stamp:
      sec: 543
      nanosec: 580000000
    frame_id: map
  pose:
    position:
      x: 3.285245502989974
      y: 0.007649114204679931
      z: 0.0
    orientation:
      x: 0.0
      y: 0.0
      z: 0.007556910894126239
      w: 0.9999714461412076
navigation_time:
  sec: 0
  nanosec: 72000000
estimated_time_remaining:
  sec: 0
  nanosec: 0
number_of_recoveries: 0
distance_remaining: 0.9999999403953552

Feedback:
    current_pose:
  header:
    stamp:
      sec: 543
      nanosec: 580000000
    frame_id: map
  pose:
    position:
      x: 3.285245502989974
      y: 0.007649114204679931
      z: 0.0
    orientation:
      x: 0.0
      y: 0.0
      z: 0.007556910894126239
      w: 0.9999714461412076
navigation_time:
  sec: 0
  nanosec: 80000000
estimated_time_remaining:
  sec: 0
  nanosec: 0
number_of_recoveries: 0
distance_remaining: 0.9999999403953552

Feedback:
    current_pose:
  header:
    stamp:
      sec: 543
      nanosec: 580000000
    frame_id: map
  pose:
    position:
      x: 3.285245502989974
      y: 0.007649114204679931
      z: 0.0
    orientation:
      x: 0.0
      y: 0.0
      z: 0.007556910894126239
      w: 0.9999714461412076
navigation_time:
  sec: 0
  nanosec: 88000000
estimated_time_remaining:
  sec: 0
  nanosec: 0
number_of_recoveries: 0
distance_remaining: 0.9999999403953552

Feedback:
    current_pose:
  header:
    stamp:
      sec: 543
      nanosec: 600000000
    frame_id: map
  pose:
    position:
      x: 3.286285383498079
      y: 0.007664878883766331
      z: 0.0
    orientation:
      x: 0.0
      y: 0.0
      z: 0.007599263510183889
      w: 0.9999711251801737
navigation_time:
  sec: 0
  nanosec: 92000000
estimated_time_remaining:
  sec: 0
  nanosec: 0
number_of_recoveries: 0
distance_remaining: 0.9999999403953552

Feedback:
    current_pose:
  header:
    stamp:
      sec: 543
      nanosec: 600000000
    frame_id: map
  pose:
    position:
      x: 3.286285383498079
      y: 0.007664878883766331
      z: 0.0
    orientation:
      x: 0.0
      y: 0.0
      z: 0.007599263510183889
      w: 0.9999711251801737
navigation_time:
  sec: 0
  nanosec: 104000000
estimated_time_remaining:
  sec: 0
  nanosec: 0
number_of_recoveries: 0
distance_remaining: 0.9999999403953552

Feedback:
    current_pose:
  header:
    stamp:
      sec: 543
      nanosec: 620000000
    frame_id: map
  pose:
    position:
      x: 3.28752741542386
      y: 0.007683808677585009
      z: 0.0
    orientation:
      x: 0.0
      y: 0.0
      z: 0.007633744934620456
      w: 0.999970862544641
navigation_time:
  sec: 0
  nanosec: 112000000
estimated_time_remaining:
  sec: 0
  nanosec: 0
number_of_recoveries: 0
distance_remaining: 0.9999999403953552

Feedback:
    current_pose:
  header:
    stamp:
      sec: 543
      nanosec: 820000000
    frame_id: map
  pose:
    position:
      x: 3.311614341725973
      y: 0.008066077851373706
      z: 0.0
    orientation:
      x: 0.0
      y: 0.0
      z: 0.008302607179271655
      w: 0.999965532763018
navigation_time:
  sec: 0
  nanosec: 328000000
estimated_time_remaining:
  sec: 12
  nanosec: 489222142
number_of_recoveries: 0
distance_remaining: 0.9999999403953552

Feedback:
    current_pose:
  header:
    stamp:
      sec: 543
      nanosec: 840000000
    frame_id: map
  pose:
    position:
      x: 3.315041348679492
      y: 0.008123245055826955
      z: 0.0
    orientation:
      x: 0.0
      y: 0.0
      z: 0.008377032175108923
      w: 0.9999649120503864
navigation_time:
  sec: 0
  nanosec: 336000000
estimated_time_remaining:
  sec: 11
  nanosec: 47479868
number_of_recoveries: 0
distance_remaining: 0.9999999403953552

Feedback:
    current_pose:
  header:
    stamp:
      sec: 543
      nanosec: 840000000
    frame_id: map
  pose:
    position:
      x: 3.315041348679492
      y: 0.008123245055826955
      z: 0.0
    orientation:
      x: 0.0
      y: 0.0
      z: 0.008377032175108923
      w: 0.9999649120503864
navigation_time:
  sec: 0
  nanosec: 344000000
estimated_time_remaining:
  sec: 11
  nanosec: 47479868
number_of_recoveries: 0
distance_remaining: 0.9999999403953552

Feedback:
    current_pose:
  header:
    stamp:
      sec: 543
      nanosec: 860000000
    frame_id: map
  pose:
    position:
      x: 3.318660270143816
      y: 0.008184194014973854
      z: 0.0
    orientation:
      x: 0.0
      y: 0.0
      z: 0.008462171316079924
      w: 0.9999641951873164
navigation_time:
  sec: 0
  nanosec: 352000000
estimated_time_remaining:
  sec: 9
  nanosec: 849383938
number_of_recoveries: 0
distance_remaining: 0.9999999403953552

Feedback:
    current_pose:
  header:
    stamp:
      sec: 543
      nanosec: 860000000
    frame_id: map
  pose:
    position:
      x: 3.318660270143816
      y: 0.008184194014973854
      z: 0.0
    orientation:
      x: 0.0
      y: 0.0
      z: 0.008462171316079924
      w: 0.9999641951873164
navigation_time:
  sec: 0
  nanosec: 364000000
estimated_time_remaining:
  sec: 9
  nanosec: 849383938
number_of_recoveries: 0
distance_remaining: 0.9999999403953552

Feedback:
    current_pose:
  header:
    stamp:
      sec: 543
      nanosec: 880000000
    frame_id: map
  pose:
    position:
      x: 3.3223271415779223
      y: 0.008246572365640026
      z: 0.0
    orientation:
      x: 0.0
      y: 0.0
      z: 0.008547310398508885
      w: 0.9999634710752946
navigation_time:
  sec: 0
  nanosec: 372000000
estimated_time_remaining:
  sec: 8
  nanosec: 885739314
number_of_recoveries: 0
distance_remaining: 0.9999999403953552

Feedback:
    current_pose:
  header:
    stamp:
      sec: 543
      nanosec: 880000000
    frame_id: map
  pose:
    position:
      x: 3.3223271415779223
      y: 0.008246572365640026
      z: 0.0
    orientation:
      x: 0.0
      y: 0.0
      z: 0.008547310398508885
      w: 0.9999634710752946
navigation_time:
  sec: 0
  nanosec: 384000000
estimated_time_remaining:
  sec: 8
  nanosec: 885739314
number_of_recoveries: 0
distance_remaining: 0.9999999403953552

Feedback:
    current_pose:
  header:
    stamp:
      sec: 543
      nanosec: 900000000
    frame_id: map
  pose:
    position:
      x: 3.326153984172425
      y: 0.008312006129183695
      z: 0.0
    orientation:
      x: 0.0
      y: 0.0
      z: 0.00852933866684177
      w: 0.9999636245293656
navigation_time:
  sec: 0
  nanosec: 392000000
estimated_time_remaining:
  sec: 7
  nanosec: 731402380
number_of_recoveries: 0
distance_remaining: 0.9499999284744263

Feedback:
    current_pose:
  header:
    stamp:
      sec: 543
      nanosec: 900000000
    frame_id: map
  pose:
    position:
      x: 3.326153984172425
      y: 0.008312006129183695
      z: 0.0
    orientation:
      x: 0.0
      y: 0.0
      z: 0.00852933866684177
      w: 0.9999636245293656
navigation_time:
  sec: 0
  nanosec: 400000000
estimated_time_remaining:
  sec: 7
  nanosec: 731402380
number_of_recoveries: 0
distance_remaining: 0.9499999284744263

Feedback:
    current_pose:
  header:
    stamp:
      sec: 543
      nanosec: 900000000
    frame_id: map
  pose:
    position:
      x: 3.326153984172425
      y: 0.008312006129183695
      z: 0.0
    orientation:
      x: 0.0
      y: 0.0
      z: 0.00852933866684177
      w: 0.9999636245293656
navigation_time:
  sec: 0
  nanosec: 412000000
estimated_time_remaining:
  sec: 7
  nanosec: 169350876
number_of_recoveries: 0
distance_remaining: 0.9499999284744263

Feedback:
    current_pose:
  header:
    stamp:
      sec: 543
      nanosec: 920000000
    frame_id: map
  pose:
    position:
      x: 3.3301711207270324
      y: 0.008380364839419424
      z: 0.0
    orientation:
      x: 0.0
      y: 0.0
      z: 0.008485589174472516
      w: 0.9999639967400636
navigation_time:
  sec: 0
  nanosec: 416000000
estimated_time_remaining:
  sec: 7
  nanosec: 169350876
number_of_recoveries: 0
distance_remaining: 0.9499999284744263

Feedback:
    current_pose:
  header:
    stamp:
      sec: 543
      nanosec: 920000000
    frame_id: map
  pose:
    position:
      x: 3.3301711207270324
      y: 0.008380364839419424
      z: 0.0
    orientation:
      x: 0.0
      y: 0.0
      z: 0.008485589174472516
      w: 0.9999639967400636
navigation_time:
  sec: 0
  nanosec: 424000000
estimated_time_remaining:
  sec: 7
  nanosec: 169350876
number_of_recoveries: 0
distance_remaining: 0.9499999284744263

Feedback:
    current_pose:
  header:
    stamp:
      sec: 543
      nanosec: 940000000
    frame_id: map
  pose:
    position:
      x: 3.3342362567493615
      y: 0.008449162091901996
      z: 0.0
    orientation:
      x: 0.0
      y: 0.0
      z: 0.008429188915574155
      w: 0.9999644737560558
navigation_time:
  sec: 0
  nanosec: 432000000
estimated_time_remaining:
  sec: 6
  nanosec: 710320033
number_of_recoveries: 0
distance_remaining: 0.9499999284744263

Feedback:
    current_pose:
  header:
    stamp:
      sec: 543
      nanosec: 940000000
    frame_id: map
  pose:
    position:
      x: 3.3342362567493615
      y: 0.008449162091901996
      z: 0.0
    orientation:
      x: 0.0
      y: 0.0
      z: 0.008429188915574155
      w: 0.9999644737560558
navigation_time:
  sec: 0
  nanosec: 444000000
estimated_time_remaining:
  sec: 6
  nanosec: 710320033
number_of_recoveries: 0
distance_remaining: 0.9499999284744263

Feedback:
    current_pose:
  header:
    stamp:
      sec: 543
      nanosec: 960000000
    frame_id: map
  pose:
    position:
      x: 3.3384939978214994
      y: 0.008520627305666752
      z: 0.0
    orientation:
      x: 0.0
      y: 0.0
      z: 0.00835381246734949
      w: 0.999965106299845
navigation_time:
  sec: 0
  nanosec: 452000000
estimated_time_remaining:
  sec: 6
  nanosec: 323951887
number_of_recoveries: 0
distance_remaining: 0.9499999284744263

Feedback:
    current_pose:
  header:
    stamp:
      sec: 543
      nanosec: 960000000
    frame_id: map
  pose:
    position:
      x: 3.3384939978214994
      y: 0.008520627305666752
      z: 0.0
    orientation:
      x: 0.0
      y: 0.0
      z: 0.00835381246734949
      w: 0.999965106299845
navigation_time:
  sec: 0
  nanosec: 464000000
estimated_time_remaining:
  sec: 6
  nanosec: 323951887
number_of_recoveries: 0
distance_remaining: 0.9499999284744263

Feedback:
    current_pose:
  header:
    stamp:
      sec: 543
      nanosec: 980000000
    frame_id: map
  pose:
    position:
      x: 3.342767903132353
      y: 0.008591714357827566
      z: 0.0
    orientation:
      x: 0.0
      y: 0.0
      z: 0.008273811991191565
      w: 0.9999657714317698
navigation_time:
  sec: 0
  nanosec: 472000000
estimated_time_remaining:
  sec: 6
  nanosec: 3767528
number_of_recoveries: 0
distance_remaining: 0.9499999284744263

Feedback:
    current_pose:
  header:
    stamp:
      sec: 543
      nanosec: 980000000
    frame_id: map
  pose:
    position:
      x: 3.342767903132353
      y: 0.008591714357827566
      z: 0.0
    orientation:
      x: 0.0
      y: 0.0
      z: 0.008273811991191565
      w: 0.9999657714317698
navigation_time:
  sec: 0
  nanosec: 484000000
estimated_time_remaining:
  sec: 6
  nanosec: 3767528
number_of_recoveries: 0
distance_remaining: 0.9499999284744263

Feedback:
    current_pose:
  header:
    stamp:
      sec: 544
      nanosec: 0
    frame_id: map
  pose:
    position:
      x: 3.347248165157076
      y: 0.00866541700881588
      z: 0.0
    orientation:
      x: 0.0
      y: 0.0
      z: 0.008175315490554814
      w: 0.9999665815499186
navigation_time:
  sec: 0
  nanosec: 492000000
estimated_time_remaining:
  sec: 5
  nanosec: 727259701
number_of_recoveries: 0
distance_remaining: 0.9499999284744263

Feedback:
    current_pose:
  header:
    stamp:
      sec: 544
      nanosec: 0
    frame_id: map
  pose:
    position:
      x: 3.347248165157076
      y: 0.00866541700881588
      z: 0.0
    orientation:
      x: 0.0
      y: 0.0
      z: 0.008175315490554814
      w: 0.9999665815499186
navigation_time:
  sec: 0
  nanosec: 504000000
estimated_time_remaining:
  sec: 5
  nanosec: 727259701
number_of_recoveries: 0
distance_remaining: 0.9499999284744263

Feedback:
    current_pose:
  header:
    stamp:
      sec: 544
      nanosec: 20000000
    frame_id: map
  pose:
    position:
      x: 3.3517440324734835
      y: 0.00873849168698363
      z: 0.0
    orientation:
      x: 0.0
      y: 0.0
      z: 0.008076818910090086
      w: 0.9999673819661786
navigation_time:
  sec: 0
  nanosec: 508000000
estimated_time_remaining:
  sec: 5
  nanosec: 472217752
number_of_recoveries: 0
distance_remaining: 0.9499999284744263

Feedback:
    current_pose:
  header:
    stamp:
      sec: 544
      nanosec: 20000000
    frame_id: map
  pose:
    position:
      x: 3.3517440324734835
      y: 0.00873849168698363
      z: 0.0
    orientation:
      x: 0.0
      y: 0.0
      z: 0.008076818910090086
      w: 0.9999673819661786
navigation_time:
  sec: 0
  nanosec: 508000000
estimated_time_remaining:
  sec: 5
  nanosec: 472217752
number_of_recoveries: 0
distance_remaining: 0.9499999284744263

Feedback:
    current_pose:
  header:
    stamp:
      sec: 544
      nanosec: 20000000
    frame_id: map
  pose:
    position:
      x: 3.3517440324734835
      y: 0.00873849168698363
      z: 0.0
    orientation:
      x: 0.0
      y: 0.0
      z: 0.008076818910090086
      w: 0.9999673819661786
navigation_time:
  sec: 0
  nanosec: 508000000
estimated_time_remaining:
  sec: 5
  nanosec: 472217752
number_of_recoveries: 0
distance_remaining: 0.9499999284744263

Feedback:
    current_pose:
  header:
    stamp:
      sec: 544
      nanosec: 20000000
    frame_id: map
  pose:
    position:
      x: 3.3517440324734835
      y: 0.00873849168698363
      z: 0.0
    orientation:
      x: 0.0
      y: 0.0
      z: 0.008076818910090086
      w: 0.9999673819661786
navigation_time:
  sec: 0
  nanosec: 508000000
estimated_time_remaining:
  sec: 5
  nanosec: 472217752
number_of_recoveries: 0
distance_remaining: 0.9499999284744263

Feedback:
    current_pose:
  header:
    stamp:
      sec: 544
      nanosec: 20000000
    frame_id: map
  pose:
    position:
      x: 3.3517440324734835
      y: 0.00873849168698363
      z: 0.0
    orientation:
      x: 0.0
      y: 0.0
      z: 0.008076818910090086
      w: 0.9999673819661786
navigation_time:
  sec: 0
  nanosec: 508000000
estimated_time_remaining:
  sec: 5
  nanosec: 472217752
number_of_recoveries: 0
distance_remaining: 0.9499999284744263

Feedback:
    current_pose:
  header:
    stamp:
      sec: 544
      nanosec: 20000000
    frame_id: map
  pose:
    position:
      x: 3.3517440324734835
      y: 0.00873849168698363
      z: 0.0
    orientation:
      x: 0.0
      y: 0.0
      z: 0.008076818910090086
      w: 0.9999673819661786
navigation_time:
  sec: 0
  nanosec: 508000000
estimated_time_remaining:
  sec: 5
  nanosec: 472217752
number_of_recoveries: 0
distance_remaining: 0.9499999284744263

Feedback:
    current_pose:
  header:
    stamp:
      sec: 544
      nanosec: 20000000
    frame_id: map
  pose:
    position:
      x: 3.3517440324734835
      y: 0.00873849168698363
      z: 0.0
    orientation:
      x: 0.0
      y: 0.0
      z: 0.008076818910090086
      w: 0.9999673819661786
navigation_time:
  sec: 0
  nanosec: 508000000
estimated_time_remaining:
  sec: 5
  nanosec: 472217752
number_of_recoveries: 0
distance_remaining: 0.9499999284744263

Feedback:
    current_pose:
  header:
    stamp:
      sec: 544
      nanosec: 20000000
    frame_id: map
  pose:
    position:
      x: 3.3517440324734835
      y: 0.00873849168698363
      z: 0.0
    orientation:
      x: 0.0
      y: 0.0
      z: 0.008076818910090086
      w: 0.9999673819661786
navigation_time:
  sec: 0
  nanosec: 508000000
estimated_time_remaining:
  sec: 5
  nanosec: 472217752
number_of_recoveries: 0
distance_remaining: 0.9499999284744263

Feedback:
    current_pose:
  header:
    stamp:
      sec: 544
      nanosec: 20000000
    frame_id: map
  pose:
    position:
      x: 3.3517440324734835
      y: 0.00873849168698363
      z: 0.0
    orientation:
      x: 0.0
      y: 0.0
      z: 0.008076818910090086
      w: 0.9999673819661786
navigation_time:
  sec: 0
  nanosec: 508000000
estimated_time_remaining:
  sec: 5
  nanosec: 472217752
number_of_recoveries: 0
distance_remaining: 0.9499999284744263

Feedback:
    current_pose:
  header:
    stamp:
      sec: 544
      nanosec: 20000000
    frame_id: map
  pose:
    position:
      x: 3.3517440324734835
      y: 0.00873849168698363
      z: 0.0
    orientation:
      x: 0.0
      y: 0.0
      z: 0.008076818910090086
      w: 0.9999673819661786
navigation_time:
  sec: 0
  nanosec: 508000000
estimated_time_remaining:
  sec: 5
  nanosec: 472217752
number_of_recoveries: 0
distance_remaining: 0.9499999284744263

Feedback:
    current_pose:
  header:
    stamp:
      sec: 544
      nanosec: 20000000
    frame_id: map
  pose:
    position:
      x: 3.3517440324734835
      y: 0.00873849168698363
      z: 0.0
    orientation:
      x: 0.0
      y: 0.0
      z: 0.008076818910090086
      w: 0.9999673819661786
navigation_time:
  sec: 0
  nanosec: 508000000
estimated_time_remaining:
  sec: 5
  nanosec: 472217752
number_of_recoveries: 0
distance_remaining: 0.9499999284744263

Feedback:
    current_pose:
  header:
    stamp:
      sec: 544
      nanosec: 20000000
    frame_id: map
  pose:
    position:
      x: 3.3517440324734835
      y: 0.00873849168698363
      z: 0.0
    orientation:
      x: 0.0
      y: 0.0
      z: 0.008076818910090086
      w: 0.9999673819661786
navigation_time:
  sec: 0
  nanosec: 508000000
estimated_time_remaining:
  sec: 5
  nanosec: 472217752
number_of_recoveries: 0
distance_remaining: 0.9499999284744263

Feedback:
    current_pose:
  header:
    stamp:
      sec: 544
      nanosec: 20000000
    frame_id: map
  pose:
    position:
      x: 3.3517440324734835
      y: 0.00873849168698363
      z: 0.0
    orientation:
      x: 0.0
      y: 0.0
      z: 0.008076818910090086
      w: 0.9999673819661786
navigation_time:
  sec: 0
  nanosec: 508000000
estimated_time_remaining:
  sec: 5
  nanosec: 472217752
number_of_recoveries: 0
distance_remaining: 0.9499999284744263

Feedback:
    current_pose:
  header:
    stamp:
      sec: 544
      nanosec: 20000000
    frame_id: map
  pose:
    position:
      x: 3.3517440324734835
      y: 0.00873849168698363
      z: 0.0
    orientation:
      x: 0.0
      y: 0.0
      z: 0.008076818910090086
      w: 0.9999673819661786
navigation_time:
  sec: 0
  nanosec: 508000000
estimated_time_remaining:
  sec: 5
  nanosec: 472217752
number_of_recoveries: 0
distance_remaining: 0.9499999284744263

Feedback:
    current_pose:
  header:
    stamp:
      sec: 544
      nanosec: 20000000
    frame_id: map
  pose:
    position:
      x: 3.3517440324734835
      y: 0.00873849168698363
      z: 0.0
    orientation:
      x: 0.0
      y: 0.0
      z: 0.008076818910090086
      w: 0.9999673819661786
navigation_time:
  sec: 0
  nanosec: 508000000
estimated_time_remaining:
  sec: 5
  nanosec: 472217752
number_of_recoveries: 0
distance_remaining: 0.9499999284744263

Feedback:
    current_pose:
  header:
    stamp:
      sec: 544
      nanosec: 20000000
    frame_id: map
  pose:
    position:
      x: 3.3517440324734835
      y: 0.00873849168698363
      z: 0.0
    orientation:
      x: 0.0
      y: 0.0
      z: 0.008076818910090086
      w: 0.9999673819661786
navigation_time:
  sec: 0
  nanosec: 508000000
estimated_time_remaining:
  sec: 5
  nanosec: 472217752
number_of_recoveries: 0
distance_remaining: 0.9499999284744263

Feedback:
    current_pose:
  header:
    stamp:
      sec: 544
      nanosec: 20000000
    frame_id: map
  pose:
    position:
      x: 3.3517440324734835
      y: 0.00873849168698363
      z: 0.0
    orientation:
      x: 0.0
      y: 0.0
      z: 0.008076818910090086
      w: 0.9999673819661786
navigation_time:
  sec: 0
  nanosec: 508000000
estimated_time_remaining:
  sec: 5
  nanosec: 472217752
number_of_recoveries: 0
distance_remaining: 0.9499999284744263

Feedback:
    current_pose:
  header:
    stamp:
      sec: 544
      nanosec: 20000000
    frame_id: map
  pose:
    position:
      x: 3.3517440324734835
      y: 0.00873849168698363
      z: 0.0
    orientation:
      x: 0.0
      y: 0.0
      z: 0.008076818910090086
      w: 0.9999673819661786
navigation_time:
  sec: 0
  nanosec: 508000000
estimated_time_remaining:
  sec: 5
  nanosec: 472217752
number_of_recoveries: 0
distance_remaining: 0.9499999284744263

Feedback:
    current_pose:
  header:
    stamp:
      sec: 544
      nanosec: 20000000
    frame_id: map
  pose:
    position:
      x: 3.3517440324734835
      y: 0.00873849168698363
      z: 0.0
    orientation:
      x: 0.0
      y: 0.0
      z: 0.008076818910090086
      w: 0.9999673819661786
navigation_time:
  sec: 0
  nanosec: 508000000
estimated_time_remaining:
  sec: 5
  nanosec: 472217752
number_of_recoveries: 0
distance_remaining: 0.9499999284744263

Feedback:
    current_pose:
  header:
    stamp:
      sec: 544
      nanosec: 20000000
    frame_id: map
  pose:
    position:
      x: 3.3517440324734835
      y: 0.00873849168698363
      z: 0.0
    orientation:
      x: 0.0
      y: 0.0
      z: 0.008076818910090086
      w: 0.9999673819661786
navigation_time:
  sec: 0
  nanosec: 508000000
estimated_time_remaining:
  sec: 5
  nanosec: 472217752
number_of_recoveries: 0
distance_remaining: 0.9499999284744263

Feedback:
    current_pose:
  header:
    stamp:
      sec: 544
      nanosec: 20000000
    frame_id: map
  pose:
    position:
      x: 3.3517440324734835
      y: 0.00873849168698363
      z: 0.0
    orientation:
      x: 0.0
      y: 0.0
      z: 0.008076818910090086
      w: 0.9999673819661786
navigation_time:
  sec: 0
  nanosec: 508000000
estimated_time_remaining:
  sec: 5
  nanosec: 472217752
number_of_recoveries: 0
distance_remaining: 0.9499999284744263

Feedback:
    current_pose:
  header:
    stamp:
      sec: 544
      nanosec: 20000000
    frame_id: map
  pose:
    position:
      x: 3.3517440324734835
      y: 0.00873849168698363
      z: 0.0
    orientation:
      x: 0.0
      y: 0.0
      z: 0.008076818910090086
      w: 0.9999673819661786
navigation_time:
  sec: 0
  nanosec: 508000000
estimated_time_remaining:
  sec: 5
  nanosec: 472217752
number_of_recoveries: 0
distance_remaining: 0.9499999284744263

Feedback:
    current_pose:
  header:
    stamp:
      sec: 544
      nanosec: 20000000
    frame_id: map
  pose:
    position:
      x: 3.3517440324734835
      y: 0.00873849168698363
      z: 0.0
    orientation:
      x: 0.0
      y: 0.0
      z: 0.008076818910090086
      w: 0.9999673819661786
navigation_time:
  sec: 0
  nanosec: 508000000
estimated_time_remaining:
  sec: 5
  nanosec: 472217752
number_of_recoveries: 0
distance_remaining: 0.9499999284744263

Feedback:
    current_pose:
  header:
    stamp:
      sec: 544
      nanosec: 20000000
    frame_id: map
  pose:
    position:
      x: 3.3517440324734835
      y: 0.00873849168698363
      z: 0.0
    orientation:
      x: 0.0
      y: 0.0
      z: 0.008076818910090086
      w: 0.9999673819661786
navigation_time:
  sec: 0
  nanosec: 508000000
estimated_time_remaining:
  sec: 5
  nanosec: 472217752
number_of_recoveries: 0
distance_remaining: 0.9499999284744263

Feedback:
    current_pose:
  header:
    stamp:
      sec: 544
      nanosec: 20000000
    frame_id: map
  pose:
    position:
      x: 3.3517440324734835
      y: 0.00873849168698363
      z: 0.0
    orientation:
      x: 0.0
      y: 0.0
      z: 0.008076818910090086
      w: 0.9999673819661786
navigation_time:
  sec: 0
  nanosec: 508000000
estimated_time_remaining:
  sec: 5
  nanosec: 472217752
number_of_recoveries: 0
distance_remaining: 0.9499999284744263

Feedback:
    current_pose:
  header:
    stamp:
      sec: 544
      nanosec: 20000000
    frame_id: map
  pose:
    position:
      x: 3.3517440324734835
      y: 0.00873849168698363
      z: 0.0
    orientation:
      x: 0.0
      y: 0.0
      z: 0.008076818910090086
      w: 0.9999673819661786
navigation_time:
  sec: 0
  nanosec: 508000000
estimated_time_remaining:
  sec: 5
  nanosec: 472217752
number_of_recoveries: 0
distance_remaining: 0.9499999284744263

Feedback:
    current_pose:
  header:
    stamp:
      sec: 544
      nanosec: 20000000
    frame_id: map
  pose:
    position:
      x: 3.3517440324734835
      y: 0.00873849168698363
      z: 0.0
    orientation:
      x: 0.0
      y: 0.0
      z: 0.008076818910090086
      w: 0.9999673819661786
navigation_time:
  sec: 0
  nanosec: 508000000
estimated_time_remaining:
  sec: 5
  nanosec: 472217752
number_of_recoveries: 0
distance_remaining: 0.9499999284744263

Feedback:
    current_pose:
  header:
    stamp:
      sec: 544
      nanosec: 20000000
    frame_id: map
  pose:
    position:
      x: 3.3517440324734835
      y: 0.00873849168698363
      z: 0.0
    orientation:
      x: 0.0
      y: 0.0
      z: 0.008076818910090086
      w: 0.9999673819661786
navigation_time:
  sec: 0
  nanosec: 508000000
estimated_time_remaining:
  sec: 5
  nanosec: 472217752
number_of_recoveries: 0
distance_remaining: 0.9499999284744263

Feedback:
    current_pose:
  header:
    stamp:
      sec: 544
      nanosec: 20000000
    frame_id: map
  pose:
    position:
      x: 3.3517440324734835
      y: 0.00873849168698363
      z: 0.0
    orientation:
      x: 0.0
      y: 0.0
      z: 0.008076818910090086
      w: 0.9999673819661786
navigation_time:
  sec: 0
  nanosec: 508000000
estimated_time_remaining:
  sec: 5
  nanosec: 472217752
number_of_recoveries: 0
distance_remaining: 0.9499999284744263

Feedback:
    current_pose:
  header:
    stamp:
      sec: 544
      nanosec: 20000000
    frame_id: map
  pose:
    position:
      x: 3.3517440324734835
      y: 0.00873849168698363
      z: 0.0
    orientation:
      x: 0.0
      y: 0.0
      z: 0.008076818910090086
      w: 0.9999673819661786
navigation_time:
  sec: 0
  nanosec: 508000000
estimated_time_remaining:
  sec: 5
  nanosec: 472217752
number_of_recoveries: 0
distance_remaining: 0.9499999284744263

Feedback:
    current_pose:
  header:
    stamp:
      sec: 544
      nanosec: 20000000
    frame_id: map
  pose:
    position:
      x: 3.3517440324734835
      y: 0.00873849168698363
      z: 0.0
    orientation:
      x: 0.0
      y: 0.0
      z: 0.008076818910090086
      w: 0.9999673819661786
navigation_time:
  sec: 0
  nanosec: 508000000
estimated_time_remaining:
  sec: 5
  nanosec: 472217752
number_of_recoveries: 0
distance_remaining: 0.9499999284744263

Feedback:
    current_pose:
  header:
    stamp:
      sec: 544
      nanosec: 20000000
    frame_id: map
  pose:
    position:
      x: 3.3517440324734835
      y: 0.00873849168698363
      z: 0.0
    orientation:
      x: 0.0
      y: 0.0
      z: 0.008076818910090086
      w: 0.9999673819661786
navigation_time:
  sec: 0
  nanosec: 508000000
estimated_time_remaining:
  sec: 5
  nanosec: 472217752
number_of_recoveries: 0
distance_remaining: 0.9499999284744263

Feedback:
    current_pose:
  header:
    stamp:
      sec: 544
      nanosec: 20000000
    frame_id: map
  pose:
    position:
      x: 3.3517440324734835
      y: 0.00873849168698363
      z: 0.0
    orientation:
      x: 0.0
      y: 0.0
      z: 0.008076818910090086
      w: 0.9999673819661786
navigation_time:
  sec: 0
  nanosec: 508000000
estimated_time_remaining:
  sec: 5
  nanosec: 472217752
number_of_recoveries: 0
distance_remaining: 0.9499999284744263

Feedback:
    current_pose:
  header:
    stamp:
      sec: 544
      nanosec: 20000000
    frame_id: map
  pose:
    position:
      x: 3.3517440324734835
      y: 0.00873849168698363
      z: 0.0
    orientation:
      x: 0.0
      y: 0.0
      z: 0.008076818910090086
      w: 0.9999673819661786
navigation_time:
  sec: 0
  nanosec: 508000000
estimated_time_remaining:
  sec: 5
  nanosec: 472217752
number_of_recoveries: 0
distance_remaining: 0.9499999284744263

Feedback:
    current_pose:
  header:
    stamp:
      sec: 544
      nanosec: 100000000
    frame_id: map
  pose:
    position:
      x: 3.3707891307027085
      y: 0.009031116852561201
      z: 0.0
    orientation:
      x: 0.0
      y: 0.0
      z: 0.00727144169137031
      w: 0.9999735627183995
navigation_time:
  sec: 0
  nanosec: 608000000
estimated_time_remaining:
  sec: 4
  nanosec: 651643445
number_of_recoveries: 0
distance_remaining: 0.9249998927116394

Feedback:
    current_pose:
  header:
    stamp:
      sec: 544
      nanosec: 220000000
    frame_id: map
  pose:
    position:
      x: 3.3995756625165523
      y: 0.00941407029378357
      z: 0.0
    orientation:
      x: 0.0
      y: 0.0
      z: 0.006030888645338486
      w: 0.9999818140257088
navigation_time:
  sec: 0
  nanosec: 712000000
estimated_time_remaining:
  sec: 4
  nanosec: 147667125
number_of_recoveries: 0
distance_remaining: 0.8999999165534973

Feedback:
    current_pose:
  header:
    stamp:
      sec: 544
      nanosec: 220000000
    frame_id: map
  pose:
    position:
      x: 3.3995756625165523
      y: 0.00941407029378357
      z: 0.0
    orientation:
      x: 0.0
      y: 0.0
      z: 0.006030888645338486
      w: 0.9999818140257088
navigation_time:
  sec: 0
  nanosec: 712000000
estimated_time_remaining:
  sec: 4
  nanosec: 13033665
number_of_recoveries: 0
distance_remaining: 0.8999999165534973

Feedback:
    current_pose:
  header:
    stamp:
      sec: 544
      nanosec: 220000000
    frame_id: map
  pose:
    position:
      x: 3.3995756625165523
      y: 0.00941407029378357
      z: 0.0
    orientation:
      x: 0.0
      y: 0.0
      z: 0.006030888645338486
      w: 0.9999818140257088
navigation_time:
  sec: 0
  nanosec: 712000000
estimated_time_remaining:
  sec: 4
  nanosec: 13033665
number_of_recoveries: 0
distance_remaining: 0.8999999165534973

Feedback:
    current_pose:
  header:
    stamp:
      sec: 544
      nanosec: 220000000
    frame_id: map
  pose:
    position:
      x: 3.3995756625165523
      y: 0.00941407029378357
      z: 0.0
    orientation:
      x: 0.0
      y: 0.0
      z: 0.006030888645338486
      w: 0.9999818140257088
navigation_time:
  sec: 0
  nanosec: 716000000
estimated_time_remaining:
  sec: 4
  nanosec: 13033665
number_of_recoveries: 0
distance_remaining: 0.8999999165534973

Feedback:
    current_pose:
  header:
    stamp:
      sec: 544
      nanosec: 220000000
    frame_id: map
  pose:
    position:
      x: 3.3995756625165523
      y: 0.00941407029378357
      z: 0.0
    orientation:
      x: 0.0
      y: 0.0
      z: 0.006030888645338486
      w: 0.9999818140257088
navigation_time:
  sec: 0
  nanosec: 716000000
estimated_time_remaining:
  sec: 4
  nanosec: 13033665
number_of_recoveries: 0
distance_remaining: 0.8999999165534973

Feedback:
    current_pose:
  header:
    stamp:
      sec: 544
      nanosec: 220000000
    frame_id: map
  pose:
    position:
      x: 3.3995756625165523
      y: 0.00941407029378357
      z: 0.0
    orientation:
      x: 0.0
      y: 0.0
      z: 0.006030888645338486
      w: 0.9999818140257088
navigation_time:
  sec: 0
  nanosec: 716000000
estimated_time_remaining:
  sec: 4
  nanosec: 13033665
number_of_recoveries: 0
distance_remaining: 0.8999999165534973

Feedback:
    current_pose:
  header:
    stamp:
      sec: 544
      nanosec: 220000000
    frame_id: map
  pose:
    position:
      x: 3.3995756625165523
      y: 0.00941407029378357
      z: 0.0
    orientation:
      x: 0.0
      y: 0.0
      z: 0.006030888645338486
      w: 0.9999818140257088
navigation_time:
  sec: 0
  nanosec: 716000000
estimated_time_remaining:
  sec: 4
  nanosec: 13033665
number_of_recoveries: 0
distance_remaining: 0.8999999165534973

Feedback:
    current_pose:
  header:
    stamp:
      sec: 544
      nanosec: 220000000
    frame_id: map
  pose:
    position:
      x: 3.3995756625165523
      y: 0.00941407029378357
      z: 0.0
    orientation:
      x: 0.0
      y: 0.0
      z: 0.006030888645338486
      w: 0.9999818140257088
navigation_time:
  sec: 0
  nanosec: 716000000
estimated_time_remaining:
  sec: 4
  nanosec: 13033665
number_of_recoveries: 0
distance_remaining: 0.8999999165534973

Feedback:
    current_pose:
  header:
    stamp:
      sec: 544
      nanosec: 220000000
    frame_id: map
  pose:
    position:
      x: 3.3995756625165523
      y: 0.00941407029378357
      z: 0.0
    orientation:
      x: 0.0
      y: 0.0
      z: 0.006030888645338486
      w: 0.9999818140257088
navigation_time:
  sec: 0
  nanosec: 716000000
estimated_time_remaining:
  sec: 4
  nanosec: 13033665
number_of_recoveries: 0
distance_remaining: 0.8999999165534973

Feedback:
    current_pose:
  header:
    stamp:
      sec: 544
      nanosec: 220000000
    frame_id: map
  pose:
    position:
      x: 3.3995756625165523
      y: 0.00941407029378357
      z: 0.0
    orientation:
      x: 0.0
      y: 0.0
      z: 0.006030888645338486
      w: 0.9999818140257088
navigation_time:
  sec: 0
  nanosec: 716000000
estimated_time_remaining:
  sec: 4
  nanosec: 13033665
number_of_recoveries: 0
distance_remaining: 0.8999999165534973

Feedback:
    current_pose:
  header:
    stamp:
      sec: 544
      nanosec: 220000000
    frame_id: map
  pose:
    position:
      x: 3.3995756625165523
      y: 0.00941407029378357
      z: 0.0
    orientation:
      x: 0.0
      y: 0.0
      z: 0.006030888645338486
      w: 0.9999818140257088
navigation_time:
  sec: 0
  nanosec: 716000000
estimated_time_remaining:
  sec: 4
  nanosec: 13033665
number_of_recoveries: 0
distance_remaining: 0.8999999165534973

Feedback:
    current_pose:
  header:
    stamp:
      sec: 544
      nanosec: 220000000
    frame_id: map
  pose:
    position:
      x: 3.3995756625165523
      y: 0.00941407029378357
      z: 0.0
    orientation:
      x: 0.0
      y: 0.0
      z: 0.006030888645338486
      w: 0.9999818140257088
navigation_time:
  sec: 0
  nanosec: 716000000
estimated_time_remaining:
  sec: 4
  nanosec: 13033665
number_of_recoveries: 0
distance_remaining: 0.8999999165534973

Feedback:
    current_pose:
  header:
    stamp:
      sec: 544
      nanosec: 220000000
    frame_id: map
  pose:
    position:
      x: 3.3995756625165523
      y: 0.00941407029378357
      z: 0.0
    orientation:
      x: 0.0
      y: 0.0
      z: 0.006030888645338486
      w: 0.9999818140257088
navigation_time:
  sec: 0
  nanosec: 716000000
estimated_time_remaining:
  sec: 4
  nanosec: 13033665
number_of_recoveries: 0
distance_remaining: 0.8999999165534973

Feedback:
    current_pose:
  header:
    stamp:
      sec: 544
      nanosec: 220000000
    frame_id: map
  pose:
    position:
      x: 3.3995756625165523
      y: 0.00941407029378357
      z: 0.0
    orientation:
      x: 0.0
      y: 0.0
      z: 0.006030888645338486
      w: 0.9999818140257088
navigation_time:
  sec: 0
  nanosec: 716000000
estimated_time_remaining:
  sec: 4
  nanosec: 13033665
number_of_recoveries: 0
distance_remaining: 0.8999999165534973

Feedback:
    current_pose:
  header:
    stamp:
      sec: 544
      nanosec: 220000000
    frame_id: map
  pose:
    position:
      x: 3.3995756625165523
      y: 0.00941407029378357
      z: 0.0
    orientation:
      x: 0.0
      y: 0.0
      z: 0.006030888645338486
      w: 0.9999818140257088
navigation_time:
  sec: 0
  nanosec: 716000000
estimated_time_remaining:
  sec: 4
  nanosec: 13033665
number_of_recoveries: 0
distance_remaining: 0.8999999165534973

Feedback:
    current_pose:
  header:
    stamp:
      sec: 544
      nanosec: 220000000
    frame_id: map
  pose:
    position:
      x: 3.3995756625165523
      y: 0.00941407029378357
      z: 0.0
    orientation:
      x: 0.0
      y: 0.0
      z: 0.006030888645338486
      w: 0.9999818140257088
navigation_time:
  sec: 0
  nanosec: 716000000
estimated_time_remaining:
  sec: 4
  nanosec: 13033665
number_of_recoveries: 0
distance_remaining: 0.8999999165534973

Feedback:
    current_pose:
  header:
    stamp:
      sec: 544
      nanosec: 220000000
    frame_id: map
  pose:
    position:
      x: 3.3995756625165523
      y: 0.00941407029378357
      z: 0.0
    orientation:
      x: 0.0
      y: 0.0
      z: 0.006030888645338486
      w: 0.9999818140257088
navigation_time:
  sec: 0
  nanosec: 716000000
estimated_time_remaining:
  sec: 4
  nanosec: 13033665
number_of_recoveries: 0
distance_remaining: 0.8999999165534973

Feedback:
    current_pose:
  header:
    stamp:
      sec: 544
      nanosec: 220000000
    frame_id: map
  pose:
    position:
      x: 3.3995756625165523
      y: 0.00941407029378357
      z: 0.0
    orientation:
      x: 0.0
      y: 0.0
      z: 0.006030888645338486
      w: 0.9999818140257088
navigation_time:
  sec: 0
  nanosec: 716000000
estimated_time_remaining:
  sec: 4
  nanosec: 13033665
number_of_recoveries: 0
distance_remaining: 0.8999999165534973

Feedback:
    current_pose:
  header:
    stamp:
      sec: 544
      nanosec: 220000000
    frame_id: map
  pose:
    position:
      x: 3.3995756625165523
      y: 0.00941407029378357
      z: 0.0
    orientation:
      x: 0.0
      y: 0.0
      z: 0.006030888645338486
      w: 0.9999818140257088
navigation_time:
  sec: 0
  nanosec: 716000000
estimated_time_remaining:
  sec: 4
  nanosec: 13033665
number_of_recoveries: 0
distance_remaining: 0.8999999165534973

Feedback:
    current_pose:
  header:
    stamp:
      sec: 544
      nanosec: 220000000
    frame_id: map
  pose:
    position:
      x: 3.3995756625165523
      y: 0.00941407029378357
      z: 0.0
    orientation:
      x: 0.0
      y: 0.0
      z: 0.006030888645338486
      w: 0.9999818140257088
navigation_time:
  sec: 0
  nanosec: 716000000
estimated_time_remaining:
  sec: 4
  nanosec: 13033665
number_of_recoveries: 0
distance_remaining: 0.8999999165534973

Feedback:
    current_pose:
  header:
    stamp:
      sec: 544
      nanosec: 220000000
    frame_id: map
  pose:
    position:
      x: 3.3995756625165523
      y: 0.00941407029378357
      z: 0.0
    orientation:
      x: 0.0
      y: 0.0
      z: 0.006030888645338486
      w: 0.9999818140257088
navigation_time:
  sec: 0
  nanosec: 716000000
estimated_time_remaining:
  sec: 4
  nanosec: 13033665
number_of_recoveries: 0
distance_remaining: 0.8999999165534973

Feedback:
    current_pose:
  header:
    stamp:
      sec: 544
      nanosec: 220000000
    frame_id: map
  pose:
    position:
      x: 3.3995756625165523
      y: 0.00941407029378357
      z: 0.0
    orientation:
      x: 0.0
      y: 0.0
      z: 0.006030888645338486
      w: 0.9999818140257088
navigation_time:
  sec: 0
  nanosec: 716000000
estimated_time_remaining:
  sec: 4
  nanosec: 13033665
number_of_recoveries: 0
distance_remaining: 0.8999999165534973

Feedback:
    current_pose:
  header:
    stamp:
      sec: 544
      nanosec: 220000000
    frame_id: map
  pose:
    position:
      x: 3.3995756625165523
      y: 0.00941407029378357
      z: 0.0
    orientation:
      x: 0.0
      y: 0.0
      z: 0.006030888645338486
      w: 0.9999818140257088
navigation_time:
  sec: 0
  nanosec: 716000000
estimated_time_remaining:
  sec: 4
  nanosec: 13033665
number_of_recoveries: 0
distance_remaining: 0.8999999165534973

Feedback:
    current_pose:
  header:
    stamp:
      sec: 544
      nanosec: 220000000
    frame_id: map
  pose:
    position:
      x: 3.3995756625165523
      y: 0.00941407029378357
      z: 0.0
    orientation:
      x: 0.0
      y: 0.0
      z: 0.006030888645338486
      w: 0.9999818140257088
navigation_time:
  sec: 0
  nanosec: 716000000
estimated_time_remaining:
  sec: 4
  nanosec: 13033665
number_of_recoveries: 0
distance_remaining: 0.8999999165534973

Feedback:
    current_pose:
  header:
    stamp:
      sec: 544
      nanosec: 220000000
    frame_id: map
  pose:
    position:
      x: 3.3995756625165523
      y: 0.00941407029378357
      z: 0.0
    orientation:
      x: 0.0
      y: 0.0
      z: 0.006030888645338486
      w: 0.9999818140257088
navigation_time:
  sec: 0
  nanosec: 716000000
estimated_time_remaining:
  sec: 4
  nanosec: 13033665
number_of_recoveries: 0
distance_remaining: 0.8999999165534973

Feedback:
    current_pose:
  header:
    stamp:
      sec: 544
      nanosec: 220000000
    frame_id: map
  pose:
    position:
      x: 3.3995756625165523
      y: 0.00941407029378357
      z: 0.0
    orientation:
      x: 0.0
      y: 0.0
      z: 0.006030888645338486
      w: 0.9999818140257088
navigation_time:
  sec: 0
  nanosec: 716000000
estimated_time_remaining:
  sec: 4
  nanosec: 13033665
number_of_recoveries: 0
distance_remaining: 0.8999999165534973

Feedback:
    current_pose:
  header:
    stamp:
      sec: 544
      nanosec: 220000000
    frame_id: map
  pose:
    position:
      x: 3.3995756625165523
      y: 0.00941407029378357
      z: 0.0
    orientation:
      x: 0.0
      y: 0.0
      z: 0.006030888645338486
      w: 0.9999818140257088
navigation_time:
  sec: 0
  nanosec: 716000000
estimated_time_remaining:
  sec: 4
  nanosec: 13033665
number_of_recoveries: 0
distance_remaining: 0.8999999165534973

Feedback:
    current_pose:
  header:
    stamp:
      sec: 544
      nanosec: 220000000
    frame_id: map
  pose:
    position:
      x: 3.3995756625165523
      y: 0.00941407029378357
      z: 0.0
    orientation:
      x: 0.0
      y: 0.0
      z: 0.006030888645338486
      w: 0.9999818140257088
navigation_time:
  sec: 0
  nanosec: 716000000
estimated_time_remaining:
  sec: 4
  nanosec: 13033665
number_of_recoveries: 0
distance_remaining: 0.8999999165534973

Feedback:
    current_pose:
  header:
    stamp:
      sec: 544
      nanosec: 220000000
    frame_id: map
  pose:
    position:
      x: 3.3995756625165523
      y: 0.00941407029378357
      z: 0.0
    orientation:
      x: 0.0
      y: 0.0
      z: 0.006030888645338486
      w: 0.9999818140257088
navigation_time:
  sec: 0
  nanosec: 716000000
estimated_time_remaining:
  sec: 4
  nanosec: 13033665
number_of_recoveries: 0
distance_remaining: 0.8999999165534973

Feedback:
    current_pose:
  header:
    stamp:
      sec: 544
      nanosec: 220000000
    frame_id: map
  pose:
    position:
      x: 3.3995756625165523
      y: 0.00941407029378357
      z: 0.0
    orientation:
      x: 0.0
      y: 0.0
      z: 0.006030888645338486
      w: 0.9999818140257088
navigation_time:
  sec: 0
  nanosec: 716000000
estimated_time_remaining:
  sec: 4
  nanosec: 13033665
number_of_recoveries: 0
distance_remaining: 0.8999999165534973

Feedback:
    current_pose:
  header:
    stamp:
      sec: 544
      nanosec: 220000000
    frame_id: map
  pose:
    position:
      x: 3.3995756625165523
      y: 0.00941407029378357
      z: 0.0
    orientation:
      x: 0.0
      y: 0.0
      z: 0.006030888645338486
      w: 0.9999818140257088
navigation_time:
  sec: 0
  nanosec: 716000000
estimated_time_remaining:
  sec: 4
  nanosec: 13033665
number_of_recoveries: 0
distance_remaining: 0.8999999165534973

Feedback:
    current_pose:
  header:
    stamp:
      sec: 544
      nanosec: 220000000
    frame_id: map
  pose:
    position:
      x: 3.3995756625165523
      y: 0.00941407029378357
      z: 0.0
    orientation:
      x: 0.0
      y: 0.0
      z: 0.006030888645338486
      w: 0.9999818140257088
navigation_time:
  sec: 0
  nanosec: 716000000
estimated_time_remaining:
  sec: 4
  nanosec: 13033665
number_of_recoveries: 0
distance_remaining: 0.8999999165534973

Feedback:
    current_pose:
  header:
    stamp:
      sec: 544
      nanosec: 220000000
    frame_id: map
  pose:
    position:
      x: 3.3995756625165523
      y: 0.00941407029378357
      z: 0.0
    orientation:
      x: 0.0
      y: 0.0
      z: 0.006030888645338486
      w: 0.9999818140257088
navigation_time:
  sec: 0
  nanosec: 716000000
estimated_time_remaining:
  sec: 4
  nanosec: 13033665
number_of_recoveries: 0
distance_remaining: 0.8999999165534973

Feedback:
    current_pose:
  header:
    stamp:
      sec: 544
      nanosec: 220000000
    frame_id: map
  pose:
    position:
      x: 3.3995756625165523
      y: 0.00941407029378357
      z: 0.0
    orientation:
      x: 0.0
      y: 0.0
      z: 0.006030888645338486
      w: 0.9999818140257088
navigation_time:
  sec: 0
  nanosec: 716000000
estimated_time_remaining:
  sec: 4
  nanosec: 13033665
number_of_recoveries: 0
distance_remaining: 0.8999999165534973

Feedback:
    current_pose:
  header:
    stamp:
      sec: 544
      nanosec: 240000000
    frame_id: map
  pose:
    position:
      x: 3.404373506367702
      y: 0.009470951814757697
      z: 0.0
    orientation:
      x: 0.0
      y: 0.0
      z: 0.005824128850375764
      w: 0.9999830396177398
navigation_time:
  sec: 0
  nanosec: 716000000
estimated_time_remaining:
  sec: 3
  nanosec: 948794512
number_of_recoveries: 0
distance_remaining: 0.8999999165534973

Feedback:
    current_pose:
  header:
    stamp:
      sec: 544
      nanosec: 260000000
    frame_id: map
  pose:
    position:
      x: 3.409171373330662
      y: 0.009525849293644174
      z: 0.0
    orientation:
      x: 0.0
      y: 0.0
      z: 0.005617368806425045
      w: 0.999984222459381
navigation_time:
  sec: 0
  nanosec: 748000000
estimated_time_remaining:
  sec: 3
  nanosec: 894930563
number_of_recoveries: 0
distance_remaining: 0.8999999165534973

Feedback:
    current_pose:
  header:
    stamp:
      sec: 544
      nanosec: 300000000
    frame_id: map
  pose:
    position:
      x: 3.4187671733101794
      y: 0.009629692087942239
      z: 0.0
    orientation:
      x: 0.0
      y: 0.0
      z: 0.005203848006916497
      w: 0.9999864598912932
navigation_time:
  sec: 0
  nanosec: 788000000
estimated_time_remaining:
  sec: 3
  nanosec: 814595458
number_of_recoveries: 0
distance_remaining: 0.8999999165534973

Feedback:
    current_pose:
  header:
    stamp:
      sec: 544
      nanosec: 340000000
    frame_id: map
  pose:
    position:
      x: 3.428459051478917
      y: 0.009726518938999895
      z: 0.0
    orientation:
      x: 0.0
      y: 0.0
      z: 0.0047874354902717
      w: 0.9999885401650493
navigation_time:
  sec: 0
  nanosec: 848000000
estimated_time_remaining:
  sec: 3
  nanosec: 553844088
number_of_recoveries: 0
distance_remaining: 0.8499999046325684

Feedback:
    current_pose:
  header:
    stamp:
      sec: 544
      nanosec: 380000000
    frame_id: map
  pose:
    position:
      x: 3.4387904867018944
      y: 0.00982106819254084
      z: 0.0
    orientation:
      x: 0.0
      y: 0.0
      z: 0.00436427686012885
      w: 0.9999904764983956
navigation_time:
  sec: 0
  nanosec: 880000000
estimated_time_remaining:
  sec: 3
  nanosec: 506748838
number_of_recoveries: 0
distance_remaining: 0.8499999046325684

Feedback:
    current_pose:
  header:
    stamp:
      sec: 544
      nanosec: 560000000
    frame_id: map
  pose:
    position:
      x: 3.4853305345776415
      y: 0.010138678589083135
      z: 0.0
    orientation:
      x: 0.0
      y: 0.0
      z: 0.0024600544459418196
      w: 0.9999969740614835
navigation_time:
  sec: 1
  nanosec: 68000000
estimated_time_remaining:
  sec: 3
  nanosec: 295142392
number_of_recoveries: 0
distance_remaining: 0.8249999284744263

Feedback:
    current_pose:
  header:
    stamp:
      sec: 544
      nanosec: 620000000
    frame_id: map
  pose:
    position:
      x: 3.5008601109158626
      y: 0.010205213280680948
      z: 0.0
    orientation:
      x: 0.0
      y: 0.0
      z: 0.0018194024046023756
      w: 0.9999983448860754
navigation_time:
  sec: 1
  nanosec: 124000000
estimated_time_remaining:
  sec: 3
  nanosec: 136454007
number_of_recoveries: 0
distance_remaining: 0.7999998927116394

Feedback:
    current_pose:
  header:
    stamp:
      sec: 544
      nanosec: 640000000
    frame_id: map
  pose:
    position:
      x: 3.506321880003748
      y: 0.010223752777824141
      z: 0.0
    orientation:
      x: 0.0
      y: 0.0
      z: 0.0015722271929957436
      w: 0.9999987640500628
navigation_time:
  sec: 1
  nanosec: 136000000
estimated_time_remaining:
  sec: 3
  nanosec: 109716294
number_of_recoveries: 0
distance_remaining: 0.7999998927116394

Feedback:
    current_pose:
  header:
    stamp:
      sec: 544
      nanosec: 640000000
    frame_id: map
  pose:
    position:
      x: 3.506321880003748
      y: 0.010223752777824141
      z: 0.0
    orientation:
      x: 0.0
      y: 0.0
      z: 0.0015722271929957436
      w: 0.9999987640500628
navigation_time:
  sec: 1
  nanosec: 144000000
estimated_time_remaining:
  sec: 3
  nanosec: 109716294
number_of_recoveries: 0
distance_remaining: 0.7999998927116394

Feedback:
    current_pose:
  header:
    stamp:
      sec: 544
      nanosec: 660000000
    frame_id: map
  pose:
    position:
      x: 3.511942745207113
      y: 0.010239902032103794
      z: 0.0
    orientation:
      x: 0.0
      y: 0.0
      z: 0.0013008543623238712
      w: 0.9999991538886059
navigation_time:
  sec: 1
  nanosec: 156000000
estimated_time_remaining:
  sec: 3
  nanosec: 75093283
number_of_recoveries: 0
distance_remaining: 0.7999998927116394

Feedback:
    current_pose:
  header:
    stamp:
      sec: 544
      nanosec: 660000000
    frame_id: map
  pose:
    position:
      x: 3.511942745207113
      y: 0.010239902032103794
      z: 0.0
    orientation:
      x: 0.0
      y: 0.0
      z: 0.0013008543623238712
      w: 0.9999991538886059
navigation_time:
  sec: 1
  nanosec: 164000000
estimated_time_remaining:
  sec: 3
  nanosec: 75093283
number_of_recoveries: 0
distance_remaining: 0.7999998927116394

Feedback:
    current_pose:
  header:
    stamp:
      sec: 544
      nanosec: 680000000
    frame_id: map
  pose:
    position:
      x: 3.5175636183477073
      y: 0.01025300058079373
      z: 0.0
    orientation:
      x: 0.0
      y: 0.0
      z: 0.0010294814355917973
      w: 0.9999994700838465
navigation_time:
  sec: 1
  nanosec: 176000000
estimated_time_remaining:
  sec: 2
  nanosec: 950946958
number_of_recoveries: 0
distance_remaining: 0.7749999165534973

Feedback:
    current_pose:
  header:
    stamp:
      sec: 544
      nanosec: 680000000
    frame_id: map
  pose:
    position:
      x: 3.5175636183477073
      y: 0.01025300058079373
      z: 0.0
    orientation:
      x: 0.0
      y: 0.0
      z: 0.0010294814355917973
      w: 0.9999994700838465
navigation_time:
  sec: 1
  nanosec: 184000000
estimated_time_remaining:
  sec: 2
  nanosec: 950946958
number_of_recoveries: 0
distance_remaining: 0.7749999165534973

Feedback:
    current_pose:
  header:
    stamp:
      sec: 544
      nanosec: 700000000
    frame_id: map
  pose:
    position:
      x: 3.5232743031397464
      y: 0.010263054988089208
      z: 0.0
    orientation:
      x: 0.0
      y: 0.0
      z: 0.0007174658357862824
      w: 0.9999997426213542
navigation_time:
  sec: 1
  nanosec: 192000000
estimated_time_remaining:
  sec: 2
  nanosec: 927728938
number_of_recoveries: 0
distance_remaining: 0.7749999165534973

Feedback:
    current_pose:
  header:
    stamp:
      sec: 544
      nanosec: 700000000
    frame_id: map
  pose:
    position:
      x: 3.5232743031397464
      y: 0.010263054988089208
      z: 0.0
    orientation:
      x: 0.0
      y: 0.0
      z: 0.0007174658357862824
      w: 0.9999997426213542
navigation_time:
  sec: 1
  nanosec: 204000000
estimated_time_remaining:
  sec: 2
  nanosec: 927728938
number_of_recoveries: 0
distance_remaining: 0.7749999165534973

Feedback:
    current_pose:
  header:
    stamp:
      sec: 544
      nanosec: 720000000
    frame_id: map
  pose:
    position:
      x: 3.529104214335934
      y: 0.010269443529563285
      z: 0.0
    orientation:
      x: 0.0
      y: 0.0
      z: 0.00037835505935495707
      w: 0.999999928423722
navigation_time:
  sec: 1
  nanosec: 212000000
estimated_time_remaining:
  sec: 2
  nanosec: 900379635
number_of_recoveries: 0
distance_remaining: 0.7749999165534973

Feedback:
    current_pose:
  header:
    stamp:
      sec: 544
      nanosec: 720000000
    frame_id: map
  pose:
    position:
      x: 3.529104214335934
      y: 0.010269443529563285
      z: 0.0
    orientation:
      x: 0.0
      y: 0.0
      z: 0.00037835505935495707
      w: 0.999999928423722
navigation_time:
  sec: 1
  nanosec: 224000000
estimated_time_remaining:
  sec: 2
  nanosec: 900379635
number_of_recoveries: 0
distance_remaining: 0.7749999165534973

Feedback:
    current_pose:
  header:
    stamp:
      sec: 544
      nanosec: 740000000
    frame_id: map
  pose:
    position:
      x: 3.534982128530894
      y: 0.010271832655434354
      z: 0.0
    orientation:
      x: 0.0
      y: 0.0
      z: 1.6364672221670304e-05
      w: 0.9999999998660987
navigation_time:
  sec: 1
  nanosec: 232000000
estimated_time_remaining:
  sec: 2
  nanosec: 879252108
number_of_recoveries: 0
distance_remaining: 0.7749999165534973

Feedback:
    current_pose:
  header:
    stamp:
      sec: 544
      nanosec: 740000000
    frame_id: map
  pose:
    position:
      x: 3.534982128530894
      y: 0.010271832655434354
      z: 0.0
    orientation:
      x: 0.0
      y: 0.0
      z: 1.6364672221670304e-05
      w: 0.9999999998660987
navigation_time:
  sec: 1
  nanosec: 244000000
estimated_time_remaining:
  sec: 2
  nanosec: 879252108
number_of_recoveries: 0
distance_remaining: 0.7749999165534973

Feedback:
    current_pose:
  header:
    stamp:
      sec: 544
      nanosec: 760000000
    frame_id: map
  pose:
    position:
      x: 3.541008213589877
      y: 0.010269641688631405
      z: 0.0
    orientation:
      x: 0.0
      y: 0.0
      z: -0.0003799451114703949
      w: 0.9999999278208537
navigation_time:
  sec: 1
  nanosec: 256000000
estimated_time_remaining:
  sec: 2
  nanosec: 765506660
number_of_recoveries: 0
distance_remaining: 0.7499998807907104

Feedback:
    current_pose:
  header:
    stamp:
      sec: 544
      nanosec: 760000000
    frame_id: map
  pose:
    position:
      x: 3.541008213589877
      y: 0.010269641688631405
      z: 0.0
    orientation:
      x: 0.0
      y: 0.0
      z: -0.0003799451114703949
      w: 0.9999999278208537
navigation_time:
  sec: 1
  nanosec: 264000000
estimated_time_remaining:
  sec: 2
  nanosec: 765506660
number_of_recoveries: 0
distance_remaining: 0.7499998807907104

Feedback:
    current_pose:
  header:
    stamp:
      sec: 544
      nanosec: 780000000
    frame_id: map
  pose:
    position:
      x: 3.5470342950194613
      y: 0.010262674329970974
      z: 0.0
    orientation:
      x: 0.0
      y: 0.0
      z: -0.0007762548356778639
      w: 0.9999996987141697
navigation_time:
  sec: 1
  nanosec: 276000000
estimated_time_remaining:
  sec: 2
  nanosec: 734720458
number_of_recoveries: 0
distance_remaining: 0.7499998807907104

Feedback:
    current_pose:
  header:
    stamp:
      sec: 544
      nanosec: 780000000
    frame_id: map
  pose:
    position:
      x: 3.5470342950194613
      y: 0.010262674329970974
      z: 0.0
    orientation:
      x: 0.0
      y: 0.0
      z: -0.0007762548356778639
      w: 0.9999996987141697
navigation_time:
  sec: 1
  nanosec: 284000000
estimated_time_remaining:
  sec: 2
  nanosec: 734720458
number_of_recoveries: 0
distance_remaining: 0.7499998807907104

Feedback:
    current_pose:
  header:
    stamp:
      sec: 544
      nanosec: 800000000
    frame_id: map
  pose:
    position:
      x: 3.5532112867712966
      y: 0.010250680419157866
      z: 0.0
    orientation:
      x: 0.0
      y: 0.0
      z: -0.0011592913614441925
      w: 0.9999993280215437
navigation_time:
  sec: 1
  nanosec: 288000000
estimated_time_remaining:
  sec: 2
  nanosec: 714380450
number_of_recoveries: 0
distance_remaining: 0.7499998807907104

Feedback:
    current_pose:
  header:
    stamp:
      sec: 544
      nanosec: 800000000
    frame_id: map
  pose:
    position:
      x: 3.5532112867712966
      y: 0.010250680419157866
      z: 0.0
    orientation:
      x: 0.0
      y: 0.0
      z: -0.0011592913614441925
      w: 0.9999993280215437
navigation_time:
  sec: 1
  nanosec: 300000000
estimated_time_remaining:
  sec: 2
  nanosec: 714380450
number_of_recoveries: 0
distance_remaining: 0.7499998807907104

Feedback:
    current_pose:
  header:
    stamp:
      sec: 544
      nanosec: 800000000
    frame_id: map
  pose:
    position:
      x: 3.5532112867712966
      y: 0.010250680419157866
      z: 0.0
    orientation:
      x: 0.0
      y: 0.0
      z: -0.0011592913614441925
      w: 0.9999993280215437
navigation_time:
  sec: 1
  nanosec: 308000000
estimated_time_remaining:
  sec: 2
  nanosec: 714380450
number_of_recoveries: 0
distance_remaining: 0.7499998807907104

Feedback:
    current_pose:
  header:
    stamp:
      sec: 544
      nanosec: 820000000
    frame_id: map
  pose:
    position:
      x: 3.559235655608731
      y: 0.010360526951800189
      z: 0.0
    orientation:
      x: 0.0
      y: 0.0
      z: -0.0015694015842744407
      w: 0.9999987684885755
navigation_time:
  sec: 1
  nanosec: 316000000
estimated_time_remaining:
  sec: 2
  nanosec: 692675402
number_of_recoveries: 0
distance_remaining: 0.7499998807907104

Feedback:
    current_pose:
  header:
    stamp:
      sec: 544
      nanosec: 820000000
    frame_id: map
  pose:
    position:
      x: 3.559235655608731
      y: 0.010360526951800189
      z: 0.0
    orientation:
      x: 0.0
      y: 0.0
      z: -0.0015694015842744407
      w: 0.9999987684885755
navigation_time:
  sec: 1
  nanosec: 324000000
estimated_time_remaining:
  sec: 2
  nanosec: 692675402
number_of_recoveries: 0
distance_remaining: 0.7499998807907104

Feedback:
    current_pose:
  header:
    stamp:
      sec: 544
      nanosec: 840000000
    frame_id: map
  pose:
    position:
      x: 3.565347630055284
      y: 0.010464325912057426
      z: 0.0
    orientation:
      x: 0.0
      y: 0.0
      z: -0.002022210682225335
      w: 0.9999979553298879
navigation_time:
  sec: 1
  nanosec: 332000000
estimated_time_remaining:
  sec: 2
  nanosec: 569101682
number_of_recoveries: 0
distance_remaining: 0.7249999046325684

Feedback:
    current_pose:
  header:
    stamp:
      sec: 544
      nanosec: 840000000
    frame_id: map
  pose:
    position:
      x: 3.565347630055284
      y: 0.010464325912057426
      z: 0.0
    orientation:
      x: 0.0
      y: 0.0
      z: -0.002022210682225335
      w: 0.9999979553298879
navigation_time:
  sec: 1
  nanosec: 340000000
estimated_time_remaining:
  sec: 2
  nanosec: 569101682
number_of_recoveries: 0
distance_remaining: 0.7249999046325684

Feedback:
    current_pose:
  header:
    stamp:
      sec: 544
      nanosec: 840000000
    frame_id: map
  pose:
    position:
      x: 3.565347630055284
      y: 0.010464325912057426
      z: 0.0
    orientation:
      x: 0.0
      y: 0.0
      z: -0.002022210682225335
      w: 0.9999979553298879
navigation_time:
  sec: 1
  nanosec: 348000000
estimated_time_remaining:
  sec: 2
  nanosec: 569101682
number_of_recoveries: 0
distance_remaining: 0.7249999046325684

Feedback:
    current_pose:
  header:
    stamp:
      sec: 544
      nanosec: 860000000
    frame_id: map
  pose:
    position:
      x: 3.5715701134651883
      y: 0.01056117541949543
      z: 0.0
    orientation:
      x: 0.0
      y: 0.0
      z: -0.002503485465466279
      w: 0.9999968662753519
navigation_time:
  sec: 1
  nanosec: 360000000
estimated_time_remaining:
  sec: 2
  nanosec: 533406961
number_of_recoveries: 0
distance_remaining: 0.7249999046325684

Feedback:
    current_pose:
  header:
    stamp:
      sec: 545
      nanosec: 80000000
    frame_id: map
  pose:
    position:
      x: 3.6456046707063523
      y: 0.010677720227622492
      z: 0.0
    orientation:
      x: 0.0
      y: 0.0
      z: -0.0069970297066838895
      w: 0.9999755204880186
navigation_time:
  sec: 1
  nanosec: 576000000
estimated_time_remaining:
  sec: 1
  nanosec: 948275562
number_of_recoveries: 0
distance_remaining: 0.6499999165534973

Feedback:
    current_pose:
  header:
    stamp:
      sec: 545
      nanosec: 80000000
    frame_id: map
  pose:
    position:
      x: 3.6456046707063523
      y: 0.010677720227622492
      z: 0.0
    orientation:
      x: 0.0
      y: 0.0
      z: -0.0069970297066838895
      w: 0.9999755204880186
navigation_time:
  sec: 1
  nanosec: 588000000
estimated_time_remaining:
  sec: 1
  nanosec: 948275562
number_of_recoveries: 0
distance_remaining: 0.6499999165534973

Feedback:
    current_pose:
  header:
    stamp:
      sec: 545
      nanosec: 100000000
    frame_id: map
  pose:
    position:
      x: 3.652839419256855
      y: 0.010574390801901853
      z: 0.0
    orientation:
      x: 0.0
      y: 0.0
      z: -0.0072842574453188935
      w: 0.9999734694448
navigation_time:
  sec: 1
  nanosec: 596000000
estimated_time_remaining:
  sec: 1
  nanosec: 926481414
number_of_recoveries: 0
distance_remaining: 0.6499999165534973

Feedback:
    current_pose:
  header:
    stamp:
      sec: 545
      nanosec: 100000000
    frame_id: map
  pose:
    position:
      x: 3.652839419256855
      y: 0.010574390801901853
      z: 0.0
    orientation:
      x: 0.0
      y: 0.0
      z: -0.0072842574453188935
      w: 0.9999734694448
navigation_time:
  sec: 1
  nanosec: 604000000
estimated_time_remaining:
  sec: 1
  nanosec: 926481414
number_of_recoveries: 0
distance_remaining: 0.6499999165534973

Feedback:
    current_pose:
  header:
    stamp:
      sec: 545
      nanosec: 120000000
    frame_id: map
  pose:
    position:
      x: 3.6601110518577
      y: 0.010466318949101022
      z: 0.0
    orientation:
      x: 0.0
      y: 0.0
      z: -0.007581968335609766
      w: 0.9999712564649835
navigation_time:
  sec: 1
  nanosec: 616000000
estimated_time_remaining:
  sec: 1
  nanosec: 906136075
number_of_recoveries: 0
distance_remaining: 0.6499999165534973

Feedback:
    current_pose:
  header:
    stamp:
      sec: 545
      nanosec: 120000000
    frame_id: map
  pose:
    position:
      x: 3.6601110518577
      y: 0.010466318949101022
      z: 0.0
    orientation:
      x: 0.0
      y: 0.0
      z: -0.007581968335609766
      w: 0.9999712564649835
navigation_time:
  sec: 1
  nanosec: 628000000
estimated_time_remaining:
  sec: 1
  nanosec: 906136075
number_of_recoveries: 0
distance_remaining: 0.6499999165534973

Feedback:
    current_pose:
  header:
    stamp:
      sec: 545
      nanosec: 140000000
    frame_id: map
  pose:
    position:
      x: 3.6674504052944883
      y: 0.010352714835226498
      z: 0.0
    orientation:
      x: 0.0
      y: 0.0
      z: -0.007895404166431254
      w: 0.999968830810765
navigation_time:
  sec: 1
  nanosec: 636000000
estimated_time_remaining:
  sec: 1
  nanosec: 815066977
number_of_recoveries: 0
distance_remaining: 0.6249998807907104

Feedback:
    current_pose:
  header:
    stamp:
      sec: 545
      nanosec: 140000000
    frame_id: map
  pose:
    position:
      x: 3.6674504052944883
      y: 0.010352714835226498
      z: 0.0
    orientation:
      x: 0.0
      y: 0.0
      z: -0.007895404166431254
      w: 0.999968830810765
navigation_time:
  sec: 1
  nanosec: 644000000
estimated_time_remaining:
  sec: 1
  nanosec: 815066977
number_of_recoveries: 0
distance_remaining: 0.6249998807907104

Feedback:
    current_pose:
  header:
    stamp:
      sec: 545
      nanosec: 160000000
    frame_id: map
  pose:
    position:
      x: 3.6747896860717946
      y: 0.010234509773501252
      z: 0.0
    orientation:
      x: 0.0
      y: 0.0
      z: -0.008208839221548626
      w: 0.9999663069117052
navigation_time:
  sec: 1
  nanosec: 656000000
estimated_time_remaining:
  sec: 1
  nanosec: 798811719
number_of_recoveries: 0
distance_remaining: 0.6249998807907104

Feedback:
    current_pose:
  header:
    stamp:
      sec: 545
      nanosec: 160000000
    frame_id: map
  pose:
    position:
      x: 3.6747896860717946
      y: 0.010234509773501252
      z: 0.0
    orientation:
      x: 0.0
      y: 0.0
      z: -0.008208839221548626
      w: 0.9999663069117052
navigation_time:
  sec: 1
  nanosec: 664000000
estimated_time_remaining:
  sec: 1
  nanosec: 798811719
number_of_recoveries: 0
distance_remaining: 0.6249998807907104

Feedback:
    current_pose:
  header:
    stamp:
      sec: 545
      nanosec: 180000000
    frame_id: map
  pose:
    position:
      x: 3.6822199187605253
      y: 0.010110370742906438
      z: 0.0
    orientation:
      x: 0.0
      y: 0.0
      z: -0.008496613676237566
      w: 0.9999639031265263
navigation_time:
  sec: 1
  nanosec: 672000000
estimated_time_remaining:
  sec: 1
  nanosec: 783696887
number_of_recoveries: 0
distance_remaining: 0.6249998807907104

Feedback:
    current_pose:
  header:
    stamp:
      sec: 545
      nanosec: 180000000
    frame_id: map
  pose:
    position:
      x: 3.6822199187605253
      y: 0.010110370742906438
      z: 0.0
    orientation:
      x: 0.0
      y: 0.0
      z: -0.008496613676237566
      w: 0.9999639031265263
navigation_time:
  sec: 1
  nanosec: 684000000
estimated_time_remaining:
  sec: 1
  nanosec: 783696887
number_of_recoveries: 0
distance_remaining: 0.6249998807907104

Feedback:
    current_pose:
  header:
    stamp:
      sec: 545
      nanosec: 200000000
    frame_id: map
  pose:
    position:
      x: 3.6896528376178366
      y: 0.00998190807601651
      z: 0.0
    orientation:
      x: 0.0
      y: 0.0
      z: -0.008784387419337365
      w: 0.9999614165244912
navigation_time:
  sec: 1
  nanosec: 696000000
estimated_time_remaining:
  sec: 1
  nanosec: 698499782
number_of_recoveries: 0
distance_remaining: 0.5999999046325684

Feedback:
    current_pose:
  header:
    stamp:
      sec: 545
      nanosec: 200000000
    frame_id: map
  pose:
    position:
      x: 3.6896528376178366
      y: 0.00998190807601651
      z: 0.0
    orientation:
      x: 0.0
      y: 0.0
      z: -0.008784387419337365
      w: 0.9999614165244912
navigation_time:
  sec: 1
  nanosec: 708000000
estimated_time_remaining:
  sec: 1
  nanosec: 698499782
number_of_recoveries: 0
distance_remaining: 0.5999999046325684

Feedback:
    current_pose:
  header:
    stamp:
      sec: 545
      nanosec: 220000000
    frame_id: map
  pose:
    position:
      x: 3.6978178171384726
      y: 0.010180197978113682
      z: 0.0
    orientation:
      x: 0.0
      y: 0.0
      z: -0.008579004460636117
      w: 0.9999631996640997
navigation_time:
  sec: 1
  nanosec: 716000000
estimated_time_remaining:
  sec: 1
  nanosec: 685144920
number_of_recoveries: 0
distance_remaining: 0.5999999046325684

Feedback:
    current_pose:
  header:
    stamp:
      sec: 545
      nanosec: 220000000
    frame_id: map
  pose:
    position:
      x: 3.6978178171384726
      y: 0.010180197978113682
      z: 0.0
    orientation:
      x: 0.0
      y: 0.0
      z: -0.008579004460636117
      w: 0.9999631996640997
navigation_time:
  sec: 1
  nanosec: 728000000
estimated_time_remaining:
  sec: 1
  nanosec: 685144920
number_of_recoveries: 0
distance_remaining: 0.5999999046325684

Feedback:
    current_pose:
  header:
    stamp:
      sec: 545
      nanosec: 240000000
    frame_id: map
  pose:
    position:
      x: 3.7060532090158858
      y: 0.010387608819775775
      z: 0.0
    orientation:
      x: 0.0
      y: 0.0
      z: -0.008363667512847157
      w: 0.9999650239212042
navigation_time:
  sec: 1
  nanosec: 736000000
estimated_time_remaining:
  sec: 1
  nanosec: 671466458
number_of_recoveries: 0
distance_remaining: 0.5999999046325684

Feedback:
    current_pose:
  header:
    stamp:
      sec: 545
      nanosec: 240000000
    frame_id: map
  pose:
    position:
      x: 3.7060532090158858
      y: 0.010387608819775775
      z: 0.0
    orientation:
      x: 0.0
      y: 0.0
      z: -0.008363667512847157
      w: 0.9999650239212042
navigation_time:
  sec: 1
  nanosec: 748000000
estimated_time_remaining:
  sec: 1
  nanosec: 671466458
number_of_recoveries: 0
distance_remaining: 0.5999999046325684

Feedback:
    current_pose:
  header:
    stamp:
      sec: 545
      nanosec: 260000000
    frame_id: map
  pose:
    position:
      x: 3.7143014120235947
      y: 0.010605207774267836
      z: 0.0
    orientation:
      x: 0.0
      y: 0.0
      z: -0.008150877348816763
      w: 0.9999667810474728
navigation_time:
  sec: 1
  nanosec: 756000000
estimated_time_remaining:
  sec: 1
  nanosec: 589657805
number_of_recoveries: 0
distance_remaining: 0.5749999284744263

Feedback:
    current_pose:
  header:
    stamp:
      sec: 545
      nanosec: 260000000
    frame_id: map
  pose:
    position:
      x: 3.7143014120235947
      y: 0.010605207774267836
      z: 0.0
    orientation:
      x: 0.0
      y: 0.0
      z: -0.008150877348816763
      w: 0.9999667810474728
navigation_time:
  sec: 1
  nanosec: 768000000
estimated_time_remaining:
  sec: 1
  nanosec: 589657805
number_of_recoveries: 0
distance_remaining: 0.5749999284744263

Feedback:
    current_pose:
  header:
    stamp:
      sec: 545
      nanosec: 280000000
    frame_id: map
  pose:
    position:
      x: 3.7226161951356738
      y: 0.010832059460256477
      z: 0.0
    orientation:
      x: 0.0
      y: 0.0
      z: -0.007948275539846074
      w: 0.999968411959069
navigation_time:
  sec: 1
  nanosec: 776000000
estimated_time_remaining:
  sec: 1
  nanosec: 578795649
number_of_recoveries: 0
distance_remaining: 0.5749999284744263

Feedback:
    current_pose:
  header:
    stamp:
      sec: 545
      nanosec: 280000000
    frame_id: map
  pose:
    position:
      x: 3.7226161951356738
      y: 0.010832059460256477
      z: 0.0
    orientation:
      x: 0.0
      y: 0.0
      z: -0.007948275539846074
      w: 0.999968411959069
navigation_time:
  sec: 1
  nanosec: 784000000
estimated_time_remaining:
  sec: 1
  nanosec: 578795649
number_of_recoveries: 0
distance_remaining: 0.5749999284744263

Feedback:
    current_pose:
  header:
    stamp:
      sec: 545
      nanosec: 300000000
    frame_id: map
  pose:
    position:
      x: 3.7309277677661576
      y: 0.011069280644009083
      z: 0.0
    orientation:
      x: 0.0
      y: 0.0
      z: -0.0077456734046751664
      w: 0.9999700018218087
navigation_time:
  sec: 1
  nanosec: 792000000
estimated_time_remaining:
  sec: 1
  nanosec: 568464959
number_of_recoveries: 0
distance_remaining: 0.5749999284744263

Feedback:
    current_pose:
  header:
    stamp:
      sec: 545
      nanosec: 300000000
    frame_id: map
  pose:
    position:
      x: 3.7309277677661576
      y: 0.011069280644009083
      z: 0.0
    orientation:
      x: 0.0
      y: 0.0
      z: -0.0077456734046751664
      w: 0.9999700018218087
navigation_time:
  sec: 1
  nanosec: 808000000
estimated_time_remaining:
  sec: 1
  nanosec: 568464959
number_of_recoveries: 0
distance_remaining: 0.5749999284744263

Feedback:
    current_pose:
  header:
    stamp:
      sec: 545
      nanosec: 320000000
    frame_id: map
  pose:
    position:
      x: 3.739187744370288
      y: 0.011317631631058755
      z: 0.0
    orientation:
      x: 0.0
      y: 0.0
      z: -0.007535812745645475
      w: 0.9999716053600035
navigation_time:
  sec: 1
  nanosec: 816000000
estimated_time_remaining:
  sec: 1
  nanosec: 491717306
number_of_recoveries: 0
distance_remaining: 0.5499998927116394

Feedback:
    current_pose:
  header:
    stamp:
      sec: 545
      nanosec: 320000000
    frame_id: map
  pose:
    position:
      x: 3.739187744370288
      y: 0.011317631631058755
      z: 0.0
    orientation:
      x: 0.0
      y: 0.0
      z: -0.007535812745645475
      w: 0.9999716053600035
navigation_time:
  sec: 1
  nanosec: 828000000
estimated_time_remaining:
  sec: 1
  nanosec: 491717306
number_of_recoveries: 0
distance_remaining: 0.5499998927116394

Feedback:
    current_pose:
  header:
    stamp:
      sec: 545
      nanosec: 340000000
    frame_id: map
  pose:
    position:
      x: 3.747432395201008
      y: 0.011576586974047134
      z: 0.0
    orientation:
      x: 0.0
      y: 0.0
      z: -0.007324137196558258
      w: 0.9999731781474571
navigation_time:
  sec: 1
  nanosec: 836000000
estimated_time_remaining:
  sec: 1
  nanosec: 484501862
number_of_recoveries: 0
distance_remaining: 0.5499998927116394

Feedback:
    current_pose:
  header:
    stamp:
      sec: 545
      nanosec: 340000000
    frame_id: map
  pose:
    position:
      x: 3.747432395201008
      y: 0.011576586974047134
      z: 0.0
    orientation:
      x: 0.0
      y: 0.0
      z: -0.007324137196558258
      w: 0.9999731781474571
navigation_time:
  sec: 1
  nanosec: 844000000
estimated_time_remaining:
  sec: 1
  nanosec: 484501862
number_of_recoveries: 0
distance_remaining: 0.5499998927116394

Feedback:
    current_pose:
  header:
    stamp:
      sec: 545
      nanosec: 360000000
    frame_id: map
  pose:
    position:
      x: 3.755689561049977
      y: 0.011845723989425821
      z: 0.0
    orientation:
      x: 0.0
      y: 0.0
      z: -0.007119613758705098
      w: 0.9999746552287847
navigation_time:
  sec: 1
  nanosec: 856000000
estimated_time_remaining:
  sec: 1
  nanosec: 478155358
number_of_recoveries: 0
distance_remaining: 0.5499998927116394

Feedback:
    current_pose:
  header:
    stamp:
      sec: 545
      nanosec: 360000000
    frame_id: map
  pose:
    position:
      x: 3.755689561049977
      y: 0.011845723989425821
      z: 0.0
    orientation:
      x: 0.0
      y: 0.0
      z: -0.007119613758705098
      w: 0.9999746552287847
navigation_time:
  sec: 1
  nanosec: 864000000
estimated_time_remaining:
  sec: 1
  nanosec: 478155358
number_of_recoveries: 0
distance_remaining: 0.5499998927116394

Feedback:
    current_pose:
  header:
    stamp:
      sec: 545
      nanosec: 380000000
    frame_id: map
  pose:
    position:
      x: 3.7640065023730207
      y: 0.01212407192632367
      z: 0.0
    orientation:
      x: 0.0
      y: 0.0
      z: -0.006943699874829174
      w: 0.9999758922254317
navigation_time:
  sec: 1
  nanosec: 876000000
estimated_time_remaining:
  sec: 1
  nanosec: 471768843
number_of_recoveries: 0
distance_remaining: 0.5499998927116394

Feedback:
    current_pose:
  header:
    stamp:
      sec: 545
      nanosec: 380000000
    frame_id: map
  pose:
    position:
      x: 3.7640065023730207
      y: 0.01212407192632367
      z: 0.0
    orientation:
      x: 0.0
      y: 0.0
      z: -0.006943699874829174
      w: 0.9999758922254317
navigation_time:
  sec: 1
  nanosec: 884000000
estimated_time_remaining:
  sec: 1
  nanosec: 471768843
number_of_recoveries: 0
distance_remaining: 0.5499998927116394

Feedback:
    current_pose:
  header:
    stamp:
      sec: 545
      nanosec: 400000000
    frame_id: map
  pose:
    position:
      x: 3.772320172311712
      y: 0.01241238859412823
      z: 0.0
    orientation:
      x: 0.0
      y: 0.0
      z: -0.0067677857762371
      w: 0.999977098275599
navigation_time:
  sec: 1
  nanosec: 896000000
estimated_time_remaining:
  sec: 1
  nanosec: 465619861
number_of_recoveries: 0
distance_remaining: 0.5499998927116394

Feedback:
    current_pose:
  header:
    stamp:
      sec: 545
      nanosec: 400000000
    frame_id: map
  pose:
    position:
      x: 3.772320172311712
      y: 0.01241238859412823
      z: 0.0
    orientation:
      x: 0.0
      y: 0.0
      z: -0.0067677857762371
      w: 0.999977098275599
navigation_time:
  sec: 1
  nanosec: 908000000
estimated_time_remaining:
  sec: 1
  nanosec: 465619861
number_of_recoveries: 0
distance_remaining: 0.5499998927116394

Feedback:
    current_pose:
  header:
    stamp:
      sec: 545
      nanosec: 420000000
    frame_id: map
  pose:
    position:
      x: 3.7799922164891604
      y: 0.012093217588630592
      z: 0.0
    orientation:
      x: 0.0
      y: 0.0
      z: -0.0070478886707033474
      w: 0.9999751633242123
navigation_time:
  sec: 1
  nanosec: 916000000
estimated_time_remaining:
  sec: 1
  nanosec: 327247868
number_of_recoveries: 0
distance_remaining: 0.49999991059303284

Feedback:
    current_pose:
  header:
    stamp:
      sec: 545
      nanosec: 420000000
    frame_id: map
  pose:
    position:
      x: 3.7799922164891604
      y: 0.012093217588630592
      z: 0.0
    orientation:
      x: 0.0
      y: 0.0
      z: -0.0070478886707033474
      w: 0.9999751633242123
navigation_time:
  sec: 1
  nanosec: 924000000
estimated_time_remaining:
  sec: 1
  nanosec: 327247868
number_of_recoveries: 0
distance_remaining: 0.49999991059303284

Feedback:
    current_pose:
  header:
    stamp:
      sec: 545
      nanosec: 440000000
    frame_id: map
  pose:
    position:
      x: 3.7876695481126132
      y: 0.011770738693696992
      z: 0.0
    orientation:
      x: 0.0
      y: 0.0
      z: -0.007343624206885873
      w: 0.9999730352282045
navigation_time:
  sec: 1
  nanosec: 928000000
estimated_time_remaining:
  sec: 1
  nanosec: 327247868
number_of_recoveries: 0
distance_remaining: 0.49999991059303284

Feedback:
    current_pose:
  header:
    stamp:
      sec: 545
      nanosec: 440000000
    frame_id: map
  pose:
    position:
      x: 3.7876695481126132
      y: 0.011770738693696992
      z: 0.0
    orientation:
      x: 0.0
      y: 0.0
      z: -0.007343624206885873
      w: 0.9999730352282045
navigation_time:
  sec: 1
  nanosec: 936000000
estimated_time_remaining:
  sec: 1
  nanosec: 322224416
number_of_recoveries: 0
distance_remaining: 0.49999991059303284

Feedback:
    current_pose:
  header:
    stamp:
      sec: 545
      nanosec: 440000000
    frame_id: map
  pose:
    position:
      x: 3.7876695481126132
      y: 0.011770738693696992
      z: 0.0
    orientation:
      x: 0.0
      y: 0.0
      z: -0.007343624206885873
      w: 0.9999730352282045
navigation_time:
  sec: 1
  nanosec: 944000000
estimated_time_remaining:
  sec: 1
  nanosec: 322224416
number_of_recoveries: 0
distance_remaining: 0.49999991059303284

Feedback:
    current_pose:
  header:
    stamp:
      sec: 545
      nanosec: 460000000
    frame_id: map
  pose:
    position:
      x: 3.7953324237187167
      y: 0.011445074130123328
      z: 0.0
    orientation:
      x: 0.0
      y: 0.0
      z: -0.007686227964167316
      w: 0.9999704605135508
navigation_time:
  sec: 1
  nanosec: 952000000
estimated_time_remaining:
  sec: 1
  nanosec: 317855131
number_of_recoveries: 0
distance_remaining: 0.49999991059303284

Feedback:
    current_pose:
  header:
    stamp:
      sec: 545
      nanosec: 460000000
    frame_id: map
  pose:
    position:
      x: 3.7953324237187167
      y: 0.011445074130123328
      z: 0.0
    orientation:
      x: 0.0
      y: 0.0
      z: -0.007686227964167316
      w: 0.9999704605135508
navigation_time:
  sec: 1
  nanosec: 964000000
estimated_time_remaining:
  sec: 1
  nanosec: 317855131
number_of_recoveries: 0
distance_remaining: 0.49999991059303284

Feedback:
    current_pose:
  header:
    stamp:
      sec: 545
      nanosec: 480000000
    frame_id: map
  pose:
    position:
      x: 3.8029736712213547
      y: 0.011115011106954217
      z: 0.0
    orientation:
      x: 0.0
      y: 0.0
      z: -0.0080991339322275
      w: 0.9999672014769023
navigation_time:
  sec: 1
  nanosec: 972000000
estimated_time_remaining:
  sec: 1
  nanosec: 314073149
number_of_recoveries: 0
distance_remaining: 0.49999991059303284

Feedback:
    current_pose:
  header:
    stamp:
      sec: 545
      nanosec: 480000000
    frame_id: map
  pose:
    position:
      x: 3.8029736712213547
      y: 0.011115011106954217
      z: 0.0
    orientation:
      x: 0.0
      y: 0.0
      z: -0.0080991339322275
      w: 0.9999672014769023
navigation_time:
  sec: 1
  nanosec: 980000000
estimated_time_remaining:
  sec: 1
  nanosec: 314073149
number_of_recoveries: 0
distance_remaining: 0.49999991059303284

Feedback:
    current_pose:
  header:
    stamp:
      sec: 545
      nanosec: 500000000
    frame_id: map
  pose:
    position:
      x: 3.8106145371086475
      y: 0.010780172519471248
      z: 0.0
    orientation:
      x: 0.0
      y: 0.0
      z: -0.008426283923167752
      w: 0.9999644982394356
navigation_time:
  sec: 1
  nanosec: 992000000
estimated_time_remaining:
  sec: 1
  nanosec: 310917677
number_of_recoveries: 0
distance_remaining: 0.49999991059303284

Feedback:
    current_pose:
  header:
    stamp:
      sec: 545
      nanosec: 500000000
    frame_id: map
  pose:
    position:
      x: 3.8106145371086475
      y: 0.010780172519471248
      z: 0.0
    orientation:
      x: 0.0
      y: 0.0
      z: -0.008426283923167752
      w: 0.9999644982394356
navigation_time:
  sec: 1
  nanosec: 996000000
estimated_time_remaining:
  sec: 1
  nanosec: 310917677
number_of_recoveries: 0
distance_remaining: 0.49999991059303284

Feedback:
    current_pose:
  header:
    stamp:
      sec: 545
      nanosec: 500000000
    frame_id: map
  pose:
    position:
      x: 3.8106145371086475
      y: 0.010780172519471248
      z: 0.0
    orientation:
      x: 0.0
      y: 0.0
      z: -0.008426283923167752
      w: 0.9999644982394356
navigation_time:
  sec: 2
  nanosec: 4000000
estimated_time_remaining:
  sec: 1
  nanosec: 310917677
number_of_recoveries: 0
distance_remaining: 0.49999991059303284

Feedback:
    current_pose:
  header:
    stamp:
      sec: 545
      nanosec: 520000000
    frame_id: map
  pose:
    position:
      x: 3.8182549610532894
      y: 0.01044299632916211
      z: 0.0
    orientation:
      x: 0.0
      y: 0.0
      z: -0.008624801325192631
      w: 0.9999628057093428
navigation_time:
  sec: 2
  nanosec: 16000000
estimated_time_remaining:
  sec: 1
  nanosec: 242867361
number_of_recoveries: 0
distance_remaining: 0.47499990463256836

Feedback:
    current_pose:
  header:
    stamp:
      sec: 545
      nanosec: 520000000
    frame_id: map
  pose:
    position:
      x: 3.8182549610532894
      y: 0.01044299632916211
      z: 0.0
    orientation:
      x: 0.0
      y: 0.0
      z: -0.008624801325192631
      w: 0.9999628057093428
navigation_time:
  sec: 2
  nanosec: 24000000
estimated_time_remaining:
  sec: 1
  nanosec: 242867361
number_of_recoveries: 0
distance_remaining: 0.47499990463256836

Feedback:
    current_pose:
  header:
    stamp:
      sec: 545
      nanosec: 540000000
    frame_id: map
  pose:
    position:
      x: 3.825886146658162
      y: 0.010104364321005019
      z: 0.0
    orientation:
      x: 0.0
      y: 0.0
      z: -0.008779397784115336
      w: 0.9999614603446216
navigation_time:
  sec: 2
  nanosec: 32000000
estimated_time_remaining:
  sec: 1
  nanosec: 240817960
number_of_recoveries: 0
distance_remaining: 0.47499990463256836

Feedback:
    current_pose:
  header:
    stamp:
      sec: 545
      nanosec: 540000000
    frame_id: map
  pose:
    position:
      x: 3.825886146658162
      y: 0.010104364321005019
      z: 0.0
    orientation:
      x: 0.0
      y: 0.0
      z: -0.008779397784115336
      w: 0.9999614603446216
navigation_time:
  sec: 2
  nanosec: 44000000
estimated_time_remaining:
  sec: 1
  nanosec: 240817960
number_of_recoveries: 0
distance_remaining: 0.47499990463256836

Feedback:
    current_pose:
  header:
    stamp:
      sec: 545
      nanosec: 560000000
    frame_id: map
  pose:
    position:
      x: 3.8335035641704303
      y: 0.009765603867707931
      z: 0.0
    orientation:
      x: 0.0
      y: 0.0
      z: -0.00886811320745415
      w: 0.9999606775109408
navigation_time:
  sec: 2
  nanosec: 56000000
estimated_time_remaining:
  sec: 1
  nanosec: 239644616
number_of_recoveries: 0
distance_remaining: 0.47499990463256836

Feedback:
    current_pose:
  header:
    stamp:
      sec: 545
      nanosec: 560000000
    frame_id: map
  pose:
    position:
      x: 3.8335035641704303
      y: 0.009765603867707931
      z: 0.0
    orientation:
      x: 0.0
      y: 0.0
      z: -0.00886811320745415
      w: 0.9999606775109408
navigation_time:
  sec: 2
  nanosec: 64000000
estimated_time_remaining:
  sec: 1
  nanosec: 239644616
number_of_recoveries: 0
distance_remaining: 0.47499990463256836

Feedback:
    current_pose:
  header:
    stamp:
      sec: 545
      nanosec: 580000000
    frame_id: map
  pose:
    position:
      x: 3.841120871503148
      y: 0.009426779684823541
      z: 0.0
    orientation:
      x: 0.0
      y: 0.0
      z: -0.00895682854935563
      w: 0.9999598868066346
navigation_time:
  sec: 2
  nanosec: 76000000
estimated_time_remaining:
  sec: 1
  nanosec: 173784415
number_of_recoveries: 0
distance_remaining: 0.4499998986721039

Feedback:
    current_pose:
  header:
    stamp:
      sec: 545
      nanosec: 580000000
    frame_id: map
  pose:
    position:
      x: 3.841120871503148
      y: 0.009426779684823541
      z: 0.0
    orientation:
      x: 0.0
      y: 0.0
      z: -0.00895682854935563
      w: 0.9999598868066346
navigation_time:
  sec: 2
  nanosec: 84000000
estimated_time_remaining:
  sec: 1
  nanosec: 173784415
number_of_recoveries: 0
distance_remaining: 0.4499998986721039

Feedback:
    current_pose:
  header:
    stamp:
      sec: 545
      nanosec: 600000000
    frame_id: map
  pose:
    position:
      x: 3.8487408085715034
      y: 0.009088172475851142
      z: 0.0
    orientation:
      x: 0.0
      y: 0.0
      z: -0.008991710922602775
      w: 0.9999595737502014
navigation_time:
  sec: 2
  nanosec: 92000000
estimated_time_remaining:
  sec: 1
  nanosec: 173566368
number_of_recoveries: 0
distance_remaining: 0.4499998986721039

Feedback:
    current_pose:
  header:
    stamp:
      sec: 545
      nanosec: 600000000
    frame_id: map
  pose:
    position:
      x: 3.8487408085715034
      y: 0.009088172475851142
      z: 0.0
    orientation:
      x: 0.0
      y: 0.0
      z: -0.008991710922602775
      w: 0.9999595737502014
navigation_time:
  sec: 2
  nanosec: 104000000
estimated_time_remaining:
  sec: 1
  nanosec: 173566368
number_of_recoveries: 0
distance_remaining: 0.4499998986721039

Feedback:
    current_pose:
  header:
    stamp:
      sec: 545
      nanosec: 620000000
    frame_id: map
  pose:
    position:
      x: 3.85610774510607
      y: 0.00821362272793029
      z: 0.0
    orientation:
      x: 0.0
      y: 0.0
      z: -0.00953615787699965
      w: 0.9999545298127036
navigation_time:
  sec: 2
  nanosec: 116000000
estimated_time_remaining:
  sec: 1
  nanosec: 173665760
number_of_recoveries: 0
distance_remaining: 0.4499998986721039

Feedback:
    current_pose:
  header:
    stamp:
      sec: 545
      nanosec: 620000000
    frame_id: map
  pose:
    position:
      x: 3.85610774510607
      y: 0.00821362272793029
      z: 0.0
    orientation:
      x: 0.0
      y: 0.0
      z: -0.00953615787699965
      w: 0.9999545298127036
navigation_time:
  sec: 2
  nanosec: 124000000
estimated_time_remaining:
  sec: 1
  nanosec: 173665760
number_of_recoveries: 0
distance_remaining: 0.4499998986721039

Feedback:
    current_pose:
  header:
    stamp:
      sec: 545
      nanosec: 640000000
    frame_id: map
  pose:
    position:
      x: 3.8634774276305675
      y: 0.007323862188200039
      z: 0.0
    orientation:
      x: 0.0
      y: 0.0
      z: -0.010055412791591837
      w: 0.9999494430587932
navigation_time:
  sec: 2
  nanosec: 132000000
estimated_time_remaining:
  sec: 1
  nanosec: 108307395
number_of_recoveries: 0
distance_remaining: 0.4249998927116394

Feedback:
    current_pose:
  header:
    stamp:
      sec: 545
      nanosec: 640000000
    frame_id: map
  pose:
    position:
      x: 3.8634774276305675
      y: 0.007323862188200039
      z: 0.0
    orientation:
      x: 0.0
      y: 0.0
      z: -0.010055412791591837
      w: 0.9999494430587932
navigation_time:
  sec: 2
  nanosec: 140000000
estimated_time_remaining:
  sec: 1
  nanosec: 108307395
number_of_recoveries: 0
distance_remaining: 0.4249998927116394

Feedback:
    current_pose:
  header:
    stamp:
      sec: 545
      nanosec: 660000000
    frame_id: map
  pose:
    position:
      x: 3.8708677639806517
      y: 0.006419776098384178
      z: 0.0
    orientation:
      x: 0.0
      y: 0.0
      z: -0.010473908590887093
      w: 0.9999451471149955
navigation_time:
  sec: 2
  nanosec: 152000000
estimated_time_remaining:
  sec: 1
  nanosec: 108307395
number_of_recoveries: 0
distance_remaining: 0.4249998927116394

Feedback:
    current_pose:
  header:
    stamp:
      sec: 545
      nanosec: 660000000
    frame_id: map
  pose:
    position:
      x: 3.8708677639806517
      y: 0.006419776098384178
      z: 0.0
    orientation:
      x: 0.0
      y: 0.0
      z: -0.010473908590887093
      w: 0.9999451471149955
navigation_time:
  sec: 2
  nanosec: 160000000
estimated_time_remaining:
  sec: 1
  nanosec: 107745115
number_of_recoveries: 0
distance_remaining: 0.4249998927116394

Feedback:
    current_pose:
  header:
    stamp:
      sec: 545
      nanosec: 680000000
    frame_id: map
  pose:
    position:
      x: 3.8782548767698524
      y: 0.005502444466835885
      z: 0.0
    orientation:
      x: 0.0
      y: 0.0
      z: -0.010892402526715689
      w: 0.9999406760239309
navigation_time:
  sec: 2
  nanosec: 172000000
estimated_time_remaining:
  sec: 1
  nanosec: 107092323
number_of_recoveries: 0
distance_remaining: 0.4249998927116394

Feedback:
    current_pose:
  header:
    stamp:
      sec: 545
      nanosec: 680000000
    frame_id: map
  pose:
    position:
      x: 3.8782548767698524
      y: 0.005502444466835885
      z: 0.0
    orientation:
      x: 0.0
      y: 0.0
      z: -0.010892402526715689
      w: 0.9999406760239309
navigation_time:
  sec: 2
  nanosec: 176000000
estimated_time_remaining:
  sec: 1
  nanosec: 107092323
number_of_recoveries: 0
distance_remaining: 0.4249998927116394

Feedback:
    current_pose:
  header:
    stamp:
      sec: 545
      nanosec: 680000000
    frame_id: map
  pose:
    position:
      x: 3.8782548767698524
      y: 0.005502444466835885
      z: 0.0
    orientation:
      x: 0.0
      y: 0.0
      z: -0.010892402526715689
      w: 0.9999406760239309
navigation_time:
  sec: 2
  nanosec: 188000000
estimated_time_remaining:
  sec: 1
  nanosec: 107092323
number_of_recoveries: 0
distance_remaining: 0.4249998927116394

Feedback:
    current_pose:
  header:
    stamp:
      sec: 545
      nanosec: 700000000
    frame_id: map
  pose:
    position:
      x: 3.8855735081073
      y: 0.004573470941280786
      z: 0.0
    orientation:
      x: 0.0
      y: 0.0
      z: -0.01129060534597531
      w: 0.9999362590840086
navigation_time:
  sec: 2
  nanosec: 196000000
estimated_time_remaining:
  sec: 1
  nanosec: 107089068
number_of_recoveries: 0
distance_remaining: 0.4249998927116394

Feedback:
    current_pose:
  header:
    stamp:
      sec: 545
      nanosec: 700000000
    frame_id: map
  pose:
    position:
      x: 3.8855735081073
      y: 0.004573470941280786
      z: 0.0
    orientation:
      x: 0.0
      y: 0.0
      z: -0.01129060534597531
      w: 0.9999362590840086
navigation_time:
  sec: 2
  nanosec: 204000000
estimated_time_remaining:
  sec: 1
  nanosec: 107089068
number_of_recoveries: 0
distance_remaining: 0.4249998927116394

Feedback:
    current_pose:
  header:
    stamp:
      sec: 545
      nanosec: 720000000
    frame_id: map
  pose:
    position:
      x: 3.8928725829490363
      y: 0.003632130945710882
      z: 0.0
    orientation:
      x: 0.0
      y: 0.0
      z: -0.011683734084712741
      w: 0.9999317428493997
navigation_time:
  sec: 2
  nanosec: 212000000
estimated_time_remaining:
  sec: 1
  nanosec: 42576776
number_of_recoveries: 0
distance_remaining: 0.3999999165534973

Feedback:
    current_pose:
  header:
    stamp:
      sec: 545
      nanosec: 720000000
    frame_id: map
  pose:
    position:
      x: 3.8928725829490363
      y: 0.003632130945710882
      z: 0.0
    orientation:
      x: 0.0
      y: 0.0
      z: -0.011683734084712741
      w: 0.9999317428493997
navigation_time:
  sec: 2
  nanosec: 220000000
estimated_time_remaining:
  sec: 1
  nanosec: 42576776
number_of_recoveries: 0
distance_remaining: 0.3999999165534973

Feedback:
    current_pose:
  header:
    stamp:
      sec: 545
      nanosec: 720000000
    frame_id: map
  pose:
    position:
      x: 3.8928725829490363
      y: 0.003632130945710882
      z: 0.0
    orientation:
      x: 0.0
      y: 0.0
      z: -0.011683734084712741
      w: 0.9999317428493997
navigation_time:
  sec: 2
  nanosec: 228000000
estimated_time_remaining:
  sec: 1
  nanosec: 42576776
number_of_recoveries: 0
distance_remaining: 0.3999999165534973

Feedback:
    current_pose:
  header:
    stamp:
      sec: 545
      nanosec: 740000000
    frame_id: map
  pose:
    position:
      x: 3.900151254383433
      y: 0.0026784377924464614
      z: 0.0
    orientation:
      x: 0.0
      y: 0.0
      z: -0.012089311658028753
      w: 0.9999269216015914
navigation_time:
  sec: 2
  nanosec: 240000000
estimated_time_remaining:
  sec: 1
  nanosec: 43422916
number_of_recoveries: 0
distance_remaining: 0.3999999165534973

Feedback:
    current_pose:
  header:
    stamp:
      sec: 545
      nanosec: 740000000
    frame_id: map
  pose:
    position:
      x: 3.900151254383433
      y: 0.0026784377924464614
      z: 0.0
    orientation:
      x: 0.0
      y: 0.0
      z: -0.012089311658028753
      w: 0.9999269216015914
navigation_time:
  sec: 2
  nanosec: 248000000
estimated_time_remaining:
  sec: 1
  nanosec: 43422916
number_of_recoveries: 0
distance_remaining: 0.3999999165534973

Feedback:
    current_pose:
  header:
    stamp:
      sec: 545
      nanosec: 760000000
    frame_id: map
  pose:
    position:
      x: 3.9074152152389976
      y: 0.0017120615737909461
      z: 0.0
    orientation:
      x: 0.0
      y: 0.0
      z: -0.012503187637876199
      w: 0.9999218320943354
navigation_time:
  sec: 2
  nanosec: 256000000
estimated_time_remaining:
  sec: 1
  nanosec: 44508103
number_of_recoveries: 0
distance_remaining: 0.3999999165534973

Feedback:
    current_pose:
  header:
    stamp:
      sec: 545
      nanosec: 760000000
    frame_id: map
  pose:
    position:
      x: 3.9074152152389976
      y: 0.0017120615737909461
      z: 0.0
    orientation:
      x: 0.0
      y: 0.0
      z: -0.012503187637876199
      w: 0.9999218320943354
navigation_time:
  sec: 2
  nanosec: 268000000
estimated_time_remaining:
  sec: 1
  nanosec: 44508103
number_of_recoveries: 0
distance_remaining: 0.3999999165534973

Feedback:
    current_pose:
  header:
    stamp:
      sec: 545
      nanosec: 780000000
    frame_id: map
  pose:
    position:
      x: 3.9146110031098127
      y: 0.0007347325404735428
      z: 0.0
    orientation:
      x: 0.0
      y: 0.0
      z: -0.012840800014833335
      w: 0.9999175535287792
navigation_time:
  sec: 2
  nanosec: 272000000
estimated_time_remaining:
  sec: 0
  nanosec: 980516036
number_of_recoveries: 0
distance_remaining: 0.37499991059303284

Feedback:
    current_pose:
  header:
    stamp:
      sec: 545
      nanosec: 780000000
    frame_id: map
  pose:
    position:
      x: 3.9146110031098127
      y: 0.0007347325404735428
      z: 0.0
    orientation:
      x: 0.0
      y: 0.0
      z: -0.012840800014833335
      w: 0.9999175535287792
navigation_time:
  sec: 2
  nanosec: 280000000
estimated_time_remaining:
  sec: 0
  nanosec: 980516036
number_of_recoveries: 0
distance_remaining: 0.37499991059303284

Feedback:
    current_pose:
  header:
    stamp:
      sec: 545
      nanosec: 780000000
    frame_id: map
  pose:
    position:
      x: 3.9146110031098127
      y: 0.0007347325404735428
      z: 0.0
    orientation:
      x: 0.0
      y: 0.0
      z: -0.012840800014833335
      w: 0.9999175535287792
navigation_time:
  sec: 2
  nanosec: 288000000
estimated_time_remaining:
  sec: 0
  nanosec: 980516036
number_of_recoveries: 0
distance_remaining: 0.37499991059303284

Feedback:
    current_pose:
  header:
    stamp:
      sec: 545
      nanosec: 800000000
    frame_id: map
  pose:
    position:
      x: 3.921760270632792
      y: -0.0002525530961673961
      z: 0.0
    orientation:
      x: 0.0
      y: 0.0
      z: -0.013127570082732097
      w: 0.9999138297392044
navigation_time:
  sec: 2
  nanosec: 300000000
estimated_time_remaining:
  sec: 0
  nanosec: 982100111
number_of_recoveries: 0
distance_remaining: 0.37499991059303284

Feedback:
    current_pose:
  header:
    stamp:
      sec: 545
      nanosec: 800000000
    frame_id: map
  pose:
    position:
      x: 3.921760270632792
      y: -0.0002525530961673961
      z: 0.0
    orientation:
      x: 0.0
      y: 0.0
      z: -0.013127570082732097
      w: 0.9999138297392044
navigation_time:
  sec: 2
  nanosec: 308000000
estimated_time_remaining:
  sec: 0
  nanosec: 982100111
number_of_recoveries: 0
distance_remaining: 0.37499991059303284

Feedback:
    current_pose:
  header:
    stamp:
      sec: 545
      nanosec: 820000000
    frame_id: map
  pose:
    position:
      x: 3.928440969953827
      y: -0.0009356118537342806
      z: 0.0
    orientation:
      x: 0.0
      y: 0.0
      z: -0.013045532559772801
      w: 0.9999149034194019
navigation_time:
  sec: 2
  nanosec: 316000000
estimated_time_remaining:
  sec: 0
  nanosec: 984219152
number_of_recoveries: 0
distance_remaining: 0.37499991059303284

Feedback:
    current_pose:
  header:
    stamp:
      sec: 545
      nanosec: 820000000
    frame_id: map
  pose:
    position:
      x: 3.928440969953827
      y: -0.0009356118537342806
      z: 0.0
    orientation:
      x: 0.0
      y: 0.0
      z: -0.013045532559772801
      w: 0.9999149034194019
navigation_time:
  sec: 2
  nanosec: 324000000
estimated_time_remaining:
  sec: 0
  nanosec: 984219152
number_of_recoveries: 0
distance_remaining: 0.37499991059303284

Feedback:
    current_pose:
  header:
    stamp:
      sec: 545
      nanosec: 840000000
    frame_id: map
  pose:
    position:
      x: 3.9350483777450767
      y: -0.0016168098273725423
      z: 0.0
    orientation:
      x: 0.0
      y: 0.0
      z: -0.012940402284111793
      w: 0.9999162694889635
navigation_time:
  sec: 2
  nanosec: 336000000
estimated_time_remaining:
  sec: 0
  nanosec: 987087201
number_of_recoveries: 0
distance_remaining: 0.37499991059303284

Feedback:
    current_pose:
  header:
    stamp:
      sec: 545
      nanosec: 840000000
    frame_id: map
  pose:
    position:
      x: 3.9350483777450767
      y: -0.0016168098273725423
      z: 0.0
    orientation:
      x: 0.0
      y: 0.0
      z: -0.012940402284111793
      w: 0.9999162694889635
navigation_time:
  sec: 2
  nanosec: 348000000
estimated_time_remaining:
  sec: 0
  nanosec: 987087201
number_of_recoveries: 0
distance_remaining: 0.37499991059303284

Feedback:
    current_pose:
  header:
    stamp:
      sec: 545
      nanosec: 860000000
    frame_id: map
  pose:
    position:
      x: 3.941655616701736
      y: -0.0022979955443801076
      z: 0.0
    orientation:
      x: 0.0
      y: 0.0
      z: -0.012835271865400287
      w: 0.9999176245052096
navigation_time:
  sec: 2
  nanosec: 356000000
estimated_time_remaining:
  sec: 0
  nanosec: 924216891
number_of_recoveries: 0
distance_remaining: 0.34999990463256836

Feedback:
    current_pose:
  header:
    stamp:
      sec: 545
      nanosec: 860000000
    frame_id: map
  pose:
    position:
      x: 3.941655616701736
      y: -0.0022979955443801076
      z: 0.0
    orientation:
      x: 0.0
      y: 0.0
      z: -0.012835271865400287
      w: 0.9999176245052096
navigation_time:
  sec: 2
  nanosec: 368000000
estimated_time_remaining:
  sec: 0
  nanosec: 924216891
number_of_recoveries: 0
distance_remaining: 0.34999990463256836

Feedback:
    current_pose:
  header:
    stamp:
      sec: 545
      nanosec: 880000000
    frame_id: map
  pose:
    position:
      x: 3.948130424024245
      y: -0.0029756740941101617
      z: 0.0
    orientation:
      x: 0.0
      y: 0.0
      z: -0.012716323109843358
      w: 0.9999191442944606
navigation_time:
  sec: 2
  nanosec: 376000000
estimated_time_remaining:
  sec: 0
  nanosec: 927591792
number_of_recoveries: 0
distance_remaining: 0.34999990463256836

Feedback:
    current_pose:
  header:
    stamp:
      sec: 545
      nanosec: 880000000
    frame_id: map
  pose:
    position:
      x: 3.948130424024245
      y: -0.0029756740941101617
      z: 0.0
    orientation:
      x: 0.0
      y: 0.0
      z: -0.012716323109843358
      w: 0.9999191442944606
navigation_time:
  sec: 2
  nanosec: 388000000
estimated_time_remaining:
  sec: 0
  nanosec: 927591792
number_of_recoveries: 0
distance_remaining: 0.34999990463256836

Feedback:
    current_pose:
  header:
    stamp:
      sec: 545
      nanosec: 900000000
    frame_id: map
  pose:
    position:
      x: 3.9546050669001507
      y: -0.003653142873024817
      z: 0.0
    orientation:
      x: 0.0
      y: 0.0
      z: -0.012597374169632074
      w: 0.9999206499337986
navigation_time:
  sec: 2
  nanosec: 396000000
estimated_time_remaining:
  sec: 0
  nanosec: 931450775
number_of_recoveries: 0
distance_remaining: 0.34999990463256836

Feedback:
    current_pose:
  header:
    stamp:
      sec: 545
      nanosec: 900000000
    frame_id: map
  pose:
    position:
      x: 3.9546050669001507
      y: -0.003653142873024817
      z: 0.0
    orientation:
      x: 0.0
      y: 0.0
      z: -0.012597374169632074
      w: 0.9999206499337986
navigation_time:
  sec: 2
  nanosec: 408000000
estimated_time_remaining:
  sec: 0
  nanosec: 931450775
number_of_recoveries: 0
distance_remaining: 0.34999990463256836

Feedback:
    current_pose:
  header:
    stamp:
      sec: 545
      nanosec: 920000000
    frame_id: map
  pose:
    position:
      x: 3.960924888486682
      y: -0.004326420995008934
      z: 0.0
    orientation:
      x: 0.0
      y: 0.0
      z: -0.012454394730376706
      w: 0.9999224410182521
navigation_time:
  sec: 2
  nanosec: 416000000
estimated_time_remaining:
  sec: 0
  nanosec: 935957320
number_of_recoveries: 0
distance_remaining: 0.34999990463256836

Feedback:
    current_pose:
  header:
    stamp:
      sec: 545
      nanosec: 920000000
    frame_id: map
  pose:
    position:
      x: 3.960924888486682
      y: -0.004326420995008934
      z: 0.0
    orientation:
      x: 0.0
      y: 0.0
      z: -0.012454394730376706
      w: 0.9999224410182521
navigation_time:
  sec: 2
  nanosec: 424000000
estimated_time_remaining:
  sec: 0
  nanosec: 935957320
number_of_recoveries: 0
distance_remaining: 0.34999990463256836

Feedback:
    current_pose:
  header:
    stamp:
      sec: 545
      nanosec: 940000000
    frame_id: map
  pose:
    position:
      x: 3.967141451416873
      y: -0.004996399589550227
      z: 0.0
    orientation:
      x: 0.0
      y: 0.0
      z: -0.012295394768053297
      w: 0.9999244087767324
navigation_time:
  sec: 2
  nanosec: 432000000
estimated_time_remaining:
  sec: 0
  nanosec: 874287612
number_of_recoveries: 0
distance_remaining: 0.3249998986721039

Feedback:
    current_pose:
  header:
    stamp:
      sec: 545
      nanosec: 940000000
    frame_id: map
  pose:
    position:
      x: 3.967141451416873
      y: -0.004996399589550227
      z: 0.0
    orientation:
      x: 0.0
      y: 0.0
      z: -0.012295394768053297
      w: 0.9999244087767324
navigation_time:
  sec: 2
  nanosec: 444000000
estimated_time_remaining:
  sec: 0
  nanosec: 874287612
number_of_recoveries: 0
distance_remaining: 0.3249998986721039

Feedback:
    current_pose:
  header:
    stamp:
      sec: 545
      nanosec: 960000000
    frame_id: map
  pose:
    position:
      x: 3.9733168197027124
      y: -0.005664602276095859
      z: 0.0
    orientation:
      x: 0.0
      y: 0.0
      z: -0.012128845696337404
      w: 0.9999264428457098
navigation_time:
  sec: 2
  nanosec: 452000000
estimated_time_remaining:
  sec: 0
  nanosec: 880095618
number_of_recoveries: 0
distance_remaining: 0.3249998986721039

Feedback:
    current_pose:
  header:
    stamp:
      sec: 545
      nanosec: 960000000
    frame_id: map
  pose:
    position:
      x: 3.9733168197027124
      y: -0.005664602276095859
      z: 0.0
    orientation:
      x: 0.0
      y: 0.0
      z: -0.012128845696337404
      w: 0.9999264428457098
navigation_time:
  sec: 2
  nanosec: 460000000
estimated_time_remaining:
  sec: 0
  nanosec: 880095618
number_of_recoveries: 0
distance_remaining: 0.3249998986721039

Feedback:
    current_pose:
  header:
    stamp:
      sec: 545
      nanosec: 980000000
    frame_id: map
  pose:
    position:
      x: 3.979430475692454
      y: -0.006330346763305239
      z: 0.0
    orientation:
      x: 0.0
      y: 0.0
      z: -0.011950973050782958
      w: 0.9999285845714879
navigation_time:
  sec: 2
  nanosec: 472000000
estimated_time_remaining:
  sec: 0
  nanosec: 886481564
number_of_recoveries: 0
distance_remaining: 0.3249998986721039

Feedback:
    current_pose:
  header:
    stamp:
      sec: 545
      nanosec: 980000000
    frame_id: map
  pose:
    position:
      x: 3.979430475692454
      y: -0.006330346763305239
      z: 0.0
    orientation:
      x: 0.0
      y: 0.0
      z: -0.011950973050782958
      w: 0.9999285845714879
navigation_time:
  sec: 2
  nanosec: 476000000
estimated_time_remaining:
  sec: 0
  nanosec: 886481564
number_of_recoveries: 0
distance_remaining: 0.3249998986721039

Feedback:
    current_pose:
  header:
    stamp:
      sec: 545
      nanosec: 980000000
    frame_id: map
  pose:
    position:
      x: 3.979430475692454
      y: -0.006330346763305239
      z: 0.0
    orientation:
      x: 0.0
      y: 0.0
      z: -0.011950973050782958
      w: 0.9999285845714879
navigation_time:
  sec: 2
  nanosec: 488000000
estimated_time_remaining:
  sec: 0
  nanosec: 886481564
number_of_recoveries: 0
distance_remaining: 0.3249998986721039

Feedback:
    current_pose:
  header:
    stamp:
      sec: 546
      nanosec: 0
    frame_id: map
  pose:
    position:
      x: 3.9855439842875295
      y: -0.006995091382165537
      z: 0.0
    orientation:
      x: 0.0
      y: 0.0
      z: -0.011773100027057937
      w: 0.9999306946562609
navigation_time:
  sec: 2
  nanosec: 496000000
estimated_time_remaining:
  sec: 0
  nanosec: 893288594
number_of_recoveries: 0
distance_remaining: 0.3249998986721039

Feedback:
    current_pose:
  header:
    stamp:
      sec: 546
      nanosec: 0
    frame_id: map
  pose:
    position:
      x: 3.9855439842875295
      y: -0.006995091382165537
      z: 0.0
    orientation:
      x: 0.0
      y: 0.0
      z: -0.011773100027057937
      w: 0.9999306946562609
navigation_time:
  sec: 2
  nanosec: 508000000
estimated_time_remaining:
  sec: 0
  nanosec: 893288594
number_of_recoveries: 0
distance_remaining: 0.3249998986721039

Feedback:
    current_pose:
  header:
    stamp:
      sec: 546
      nanosec: 20000000
    frame_id: map
  pose:
    position:
      x: 3.991607173276562
      y: -0.007483371181028084
      z: 0.0
    orientation:
      x: 0.0
      y: 0.0
      z: -0.011811768197852446
      w: 0.999930238632696
navigation_time:
  sec: 2
  nanosec: 516000000
estimated_time_remaining:
  sec: 0
  nanosec: 831338401
number_of_recoveries: 0
distance_remaining: 0.2999998927116394

Feedback:
    current_pose:
  header:
    stamp:
      sec: 546
      nanosec: 20000000
    frame_id: map
  pose:
    position:
      x: 3.991607173276562
      y: -0.007483371181028084
      z: 0.0
    orientation:
      x: 0.0
      y: 0.0
      z: -0.011811768197852446
      w: 0.999930238632696
navigation_time:
  sec: 2
  nanosec: 528000000
estimated_time_remaining:
  sec: 0
  nanosec: 831338401
number_of_recoveries: 0
distance_remaining: 0.2999998927116394

Feedback:
    current_pose:
  header:
    stamp:
      sec: 546
      nanosec: 40000000
    frame_id: map
  pose:
    position:
      x: 3.997668605183656
      y: -0.007976449413361779
      z: 0.0
    orientation:
      x: 0.0
      y: 0.0
      z: -0.011850436350158937
      w: 0.9999297811138095
navigation_time:
  sec: 2
  nanosec: 536000000
estimated_time_remaining:
  sec: 0
  nanosec: 838545297
number_of_recoveries: 0
distance_remaining: 0.2999998927116394

Feedback:
    current_pose:
  header:
    stamp:
      sec: 546
      nanosec: 40000000
    frame_id: map
  pose:
    position:
      x: 3.997668605183656
      y: -0.007976449413361779
      z: 0.0
    orientation:
      x: 0.0
      y: 0.0
      z: -0.011850436350158937
      w: 0.9999297811138095
navigation_time:
  sec: 2
  nanosec: 548000000
estimated_time_remaining:
  sec: 0
  nanosec: 838545297
number_of_recoveries: 0
distance_remaining: 0.2999998927116394

Feedback:
    current_pose:
  header:
    stamp:
      sec: 546
      nanosec: 60000000
    frame_id: map
  pose:
    position:
      x: 4.003622499055909
      y: -0.008471762467005713
      z: 0.0
    orientation:
      x: 0.0
      y: 0.0
      z: -0.011881673898041074
      w: 0.9999294104212461
navigation_time:
  sec: 2
  nanosec: 556000000
estimated_time_remaining:
  sec: 0
  nanosec: 846147937
number_of_recoveries: 0
distance_remaining: 0.2999998927116394

Feedback:
    current_pose:
  header:
    stamp:
      sec: 546
      nanosec: 60000000
    frame_id: map
  pose:
    position:
      x: 4.003622499055909
      y: -0.008471762467005713
      z: 0.0
    orientation:
      x: 0.0
      y: 0.0
      z: -0.011881673898041074
      w: 0.9999294104212461
navigation_time:
  sec: 2
  nanosec: 568000000
estimated_time_remaining:
  sec: 0
  nanosec: 846147937
number_of_recoveries: 0
distance_remaining: 0.2999998927116394

Feedback:
    current_pose:
  header:
    stamp:
      sec: 546
      nanosec: 80000000
    frame_id: map
  pose:
    position:
      x: 4.009504116606326
      y: -0.008969933944098459
      z: 0.0
    orientation:
      x: 0.0
      y: 0.0
      z: -0.01190795770405938
      w: 0.9999290977580951
navigation_time:
  sec: 2
  nanosec: 576000000
estimated_time_remaining:
  sec: 0
  nanosec: 854451233
number_of_recoveries: 0
distance_remaining: 0.2999998927116394

Feedback:
    current_pose:
  header:
    stamp:
      sec: 546
      nanosec: 80000000
    frame_id: map
  pose:
    position:
      x: 4.009504116606326
      y: -0.008969933944098459
      z: 0.0
    orientation:
      x: 0.0
      y: 0.0
      z: -0.01190795770405938
      w: 0.9999290977580951
navigation_time:
  sec: 2
  nanosec: 584000000
estimated_time_remaining:
  sec: 0
  nanosec: 854451233
number_of_recoveries: 0
distance_remaining: 0.2999998927116394

Feedback:
    current_pose:
  header:
    stamp:
      sec: 546
      nanosec: 100000000
    frame_id: map
  pose:
    position:
      x: 4.015326682486416
      y: -0.009471235708389002
      z: 0.0
    orientation:
      x: 0.0
      y: 0.0
      z: -0.011932887560982595
      w: 0.9999288005625486
navigation_time:
  sec: 2
  nanosec: 592000000
estimated_time_remaining:
  sec: 0
  nanosec: 791192335
number_of_recoveries: 0
distance_remaining: 0.2749999165534973

Feedback:
    current_pose:
  header:
    stamp:
      sec: 546
      nanosec: 100000000
    frame_id: map
  pose:
    position:
      x: 4.015326682486416
      y: -0.009471235708389002
      z: 0.0
    orientation:
      x: 0.0
      y: 0.0
      z: -0.011932887560982595
      w: 0.9999288005625486
navigation_time:
  sec: 2
  nanosec: 600000000
estimated_time_remaining:
  sec: 0
  nanosec: 791192335
number_of_recoveries: 0
distance_remaining: 0.2749999165534973

Feedback:
    current_pose:
  header:
    stamp:
      sec: 546
      nanosec: 120000000
    frame_id: map
  pose:
    position:
      x: 4.021061550021521
      y: -0.009974877957632772
      z: 0.0
    orientation:
      x: 0.0
      y: 0.0
      z: -0.01195578649617649
      w: 0.9999285270304363
navigation_time:
  sec: 2
  nanosec: 612000000
estimated_time_remaining:
  sec: 0
  nanosec: 799428015
number_of_recoveries: 0
distance_remaining: 0.2749999165534973

Feedback:
    current_pose:
  header:
    stamp:
      sec: 546
      nanosec: 120000000
    frame_id: map
  pose:
    position:
      x: 4.021061550021521
      y: -0.009974877957632772
      z: 0.0
    orientation:
      x: 0.0
      y: 0.0
      z: -0.01195578649617649
      w: 0.9999285270304363
navigation_time:
  sec: 2
  nanosec: 616000000
estimated_time_remaining:
  sec: 0
  nanosec: 799428015
number_of_recoveries: 0
distance_remaining: 0.2749999165534973

Feedback:
    current_pose:
  header:
    stamp:
      sec: 546
      nanosec: 120000000
    frame_id: map
  pose:
    position:
      x: 4.021061550021521
      y: -0.009974877957632772
      z: 0.0
    orientation:
      x: 0.0
      y: 0.0
      z: -0.01195578649617649
      w: 0.9999285270304363
navigation_time:
  sec: 2
  nanosec: 624000000
estimated_time_remaining:
  sec: 0
  nanosec: 799428015
number_of_recoveries: 0
distance_remaining: 0.2749999165534973

Feedback:
    current_pose:
  header:
    stamp:
      sec: 546
      nanosec: 140000000
    frame_id: map
  pose:
    position:
      x: 4.026767448825079
      y: -0.010482217871681444
      z: 0.0
    orientation:
      x: 0.0
      y: 0.0
      z: -0.011968687857412471
      w: 0.99992837269025
navigation_time:
  sec: 2
  nanosec: 632000000
estimated_time_remaining:
  sec: 0
  nanosec: 807689366
number_of_recoveries: 0
distance_remaining: 0.2749999165534973

Feedback:
    current_pose:
  header:
    stamp:
      sec: 546
      nanosec: 140000000
    frame_id: map
  pose:
    position:
      x: 4.026767448825079
      y: -0.010482217871681444
      z: 0.0
    orientation:
      x: 0.0
      y: 0.0
      z: -0.011968687857412471
      w: 0.99992837269025
navigation_time:
  sec: 2
  nanosec: 640000000
estimated_time_remaining:
  sec: 0
  nanosec: 807689366
number_of_recoveries: 0
distance_remaining: 0.2749999165534973

Feedback:
    current_pose:
  header:
    stamp:
      sec: 546
      nanosec: 160000000
    frame_id: map
  pose:
    position:
      x: 4.032362765116605
      y: -0.010990830412364802
      z: 0.0
    orientation:
      x: 0.0
      y: 0.0
      z: -0.011941598890185956
      w: 0.999928696565883
navigation_time:
  sec: 2
  nanosec: 652000000
estimated_time_remaining:
  sec: 0
  nanosec: 815946213
number_of_recoveries: 0
distance_remaining: 0.2749999165534973

Feedback:
    current_pose:
  header:
    stamp:
      sec: 546
      nanosec: 160000000
    frame_id: map
  pose:
    position:
      x: 4.032362765116605
      y: -0.010990830412364802
      z: 0.0
    orientation:
      x: 0.0
      y: 0.0
      z: -0.011941598890185956
      w: 0.999928696565883
navigation_time:
  sec: 2
  nanosec: 660000000
estimated_time_remaining:
  sec: 0
  nanosec: 815946213
number_of_recoveries: 0
distance_remaining: 0.2749999165534973

Feedback:
    current_pose:
  header:
    stamp:
      sec: 546
      nanosec: 160000000
    frame_id: map
  pose:
    position:
      x: 4.032362765116605
      y: -0.010990830412364802
      z: 0.0
    orientation:
      x: 0.0
      y: 0.0
      z: -0.011941598890185956
      w: 0.999928696565883
navigation_time:
  sec: 2
  nanosec: 668000000
estimated_time_remaining:
  sec: 0
  nanosec: 815946213
number_of_recoveries: 0
distance_remaining: 0.2749999165534973

Feedback:
    current_pose:
  header:
    stamp:
      sec: 546
      nanosec: 180000000
    frame_id: map
  pose:
    position:
      x: 4.037956331685925
      y: -0.011503094005173464
      z: 0.0
    orientation:
      x: 0.0
      y: 0.0
      z: -0.011914509909033122
      w: 0.9999290197077129
navigation_time:
  sec: 2
  nanosec: 676000000
estimated_time_remaining:
  sec: 0
  nanosec: 749555926
number_of_recoveries: 0
distance_remaining: 0.24999989569187164

Feedback:
    current_pose:
  header:
    stamp:
      sec: 546
      nanosec: 180000000
    frame_id: map
  pose:
    position:
      x: 4.037956331685925
      y: -0.011503094005173464
      z: 0.0
    orientation:
      x: 0.0
      y: 0.0
      z: -0.011914509909033122
      w: 0.9999290197077129
navigation_time:
  sec: 2
  nanosec: 688000000
estimated_time_remaining:
  sec: 0
  nanosec: 749555926
number_of_recoveries: 0
distance_remaining: 0.24999989569187164

Feedback:
    current_pose:
  header:
    stamp:
      sec: 546
      nanosec: 200000000
    frame_id: map
  pose:
    position:
      x: 4.043331965756058
      y: -0.01201424015404045
      z: 0.0
    orientation:
      x: 0.0
      y: 0.0
      z: -0.011962818948732336
      w: 0.9999284429211922
navigation_time:
  sec: 2
  nanosec: 696000000
estimated_time_remaining:
  sec: 0
  nanosec: 757808910
number_of_recoveries: 0
distance_remaining: 0.24999989569187164

Feedback:
    current_pose:
  header:
    stamp:
      sec: 546
      nanosec: 200000000
    frame_id: map
  pose:
    position:
      x: 4.043331965756058
      y: -0.01201424015404045
      z: 0.0
    orientation:
      x: 0.0
      y: 0.0
      z: -0.011962818948732336
      w: 0.9999284429211922
navigation_time:
  sec: 2
  nanosec: 704000000
estimated_time_remaining:
  sec: 0
  nanosec: 757808910
number_of_recoveries: 0
distance_remaining: 0.24999989569187164

Feedback:
    current_pose:
  header:
    stamp:
      sec: 546
      nanosec: 200000000
    frame_id: map
  pose:
    position:
      x: 4.043331965756058
      y: -0.01201424015404045
      z: 0.0
    orientation:
      x: 0.0
      y: 0.0
      z: -0.011962818948732336
      w: 0.9999284429211922
navigation_time:
  sec: 2
  nanosec: 708000000
estimated_time_remaining:
  sec: 0
  nanosec: 757808910
number_of_recoveries: 0
distance_remaining: 0.24999989569187164

Result:
    error_code: 0
error_msg: ''

Goal finished with status: SUCCEEDED
