Waiting for an action server to become available...
Sending goal:
     pose:
  header:
    stamp:
      sec: 0
      nanosec: 0
    frame_id: map
  pose:
    position:
      x: 3.5
      y: 0.0
      z: 0.0
    orientation:
      x: 0.0
      y: 0.0
      z: 0.0
      w: 1.0
behavior_tree: ''

Goal accepted with ID: 293816659cbb4f849d1a1944c4564d3a

Feedback:
    current_pose:
  header:
    stamp:
      sec: 302
      nanosec: 980000000
    frame_id: map
  pose:
    position:
      x: -5.770785177062305e-17
      y: -2.3400048824304916e-32
      z: 0.0
    orientation:
      x: 0.0
      y: 0.0
      z: 2.0833263374280923e-16
      w: 1.0
navigation_time:
  sec: 0
  nanosec: 0
estimated_time_remaining:
  sec: 0
  nanosec: 0
number_of_recoveries: 0
distance_remaining: 0.0

Feedback:
    current_pose:
  header:
    stamp:
      sec: 302
      nanosec: 980000000
    frame_id: map
  pose:
    position:
      x: -5.770785177062305e-17
      y: -2.3400048824304916e-32
      z: 0.0
    orientation:
      x: 0.0
      y: 0.0
      z: 2.0833263374280923e-16
      w: 1.0
navigation_time:
  sec: 0
  nanosec: 0
estimated_time_remaining:
  sec: 0
  nanosec: 0
number_of_recoveries: 0
distance_remaining: 0.0

Feedback:
    current_pose:
  header:
    stamp:
      sec: 302
      nanosec: 980000000
    frame_id: map
  pose:
    position:
      x: -5.770785177062305e-17
      y: -2.3400048824304916e-32
      z: 0.0
    orientation:
      x: 0.0
      y: 0.0
      z: 2.0833263374280923e-16
      w: 1.0
navigation_time:
  sec: 0
  nanosec: 12000000
estimated_time_remaining:
  sec: 0
  nanosec: 0
number_of_recoveries: 0
distance_remaining: 0.0

Feedback:
    current_pose:
  header:
    stamp:
      sec: 303
      nanosec: 0
    frame_id: map
  pose:
    position:
      x: -5.771865144070054e-17
      y: -2.3688938315963e-32
      z: 0.0
    orientation:
      x: 0.0
      y: 0.0
      z: 2.083117887913729e-16
      w: 1.0
navigation_time:
  sec: 0
  nanosec: 24000000
estimated_time_remaining:
  sec: 0
  nanosec: 0
number_of_recoveries: 0
distance_remaining: 3.5

Feedback:
    current_pose:
  header:
    stamp:
      sec: 303
      nanosec: 0
    frame_id: map
  pose:
    position:
      x: -5.771865144070054e-17
      y: -2.3688938315963e-32
      z: 0.0
    orientation:
      x: 0.0
      y: 0.0
      z: 2.083117887913729e-16
      w: 1.0
navigation_time:
  sec: 0
  nanosec: 32000000
estimated_time_remaining:
  sec: 0
  nanosec: 0
number_of_recoveries: 0
distance_remaining: 3.5

Feedback:
    current_pose:
  header:
    stamp:
      sec: 303
      nanosec: 0
    frame_id: map
  pose:
    position:
      x: -5.771865144070054e-17
      y: -2.3688938315963e-32
      z: 0.0
    orientation:
      x: 0.0
      y: 0.0
      z: 2.083117887913729e-16
      w: 1.0
navigation_time:
  sec: 0
  nanosec: 40000000
estimated_time_remaining:
  sec: 0
  nanosec: 0
number_of_recoveries: 0
distance_remaining: 3.5

Feedback:
    current_pose:
  header:
    stamp:
      sec: 303
      nanosec: 20000000
    frame_id: map
  pose:
    position:
      x: 1.5999999723413462e-05
      y: 2.2608365919191338e-10
      z: 0.0
    orientation:
      x: 0.0
      y: 0.0
      z: 1.4130230320223277e-05
      w: 0.9999999999001683
navigation_time:
  sec: 0
  nanosec: 48000000
estimated_time_remaining:
  sec: 0
  nanosec: 0
number_of_recoveries: 0
distance_remaining: 3.5

Feedback:
    current_pose:
  header:
    stamp:
      sec: 303
      nanosec: 20000000
    frame_id: map
  pose:
    position:
      x: 1.5999999723413462e-05
      y: 2.2608365919191338e-10
      z: 0.0
    orientation:
      x: 0.0
      y: 0.0
      z: 1.4130230320223277e-05
      w: 0.9999999999001683
navigation_time:
  sec: 0
  nanosec: 60000000
estimated_time_remaining:
  sec: 0
  nanosec: 0
number_of_recoveries: 0
distance_remaining: 3.5

Feedback:
    current_pose:
  header:
    stamp:
      sec: 303
      nanosec: 40000000
    frame_id: map
  pose:
    position:
      x: 0.0003359999959259609
      y: 3.639948298127191e-08
      z: 0.0
    orientation:
      x: 0.0
      y: 0.0
      z: 8.478141494123412e-05
      w: 0.9999999964060557
navigation_time:
  sec: 0
  nanosec: 68000000
estimated_time_remaining:
  sec: 0
  nanosec: 0
number_of_recoveries: 0
distance_remaining: 3.5

Feedback:
    current_pose:
  header:
    stamp:
      sec: 303
      nanosec: 40000000
    frame_id: map
  pose:
    position:
      x: 0.0003359999959259609
      y: 3.639948298127191e-08
      z: 0.0
    orientation:
      x: 0.0
      y: 0.0
      z: 8.478141494123412e-05
      w: 0.9999999964060557
navigation_time:
  sec: 0
  nanosec: 80000000
estimated_time_remaining:
  sec: 0
  nanosec: 0
number_of_recoveries: 0
distance_remaining: 3.5

Feedback:
    current_pose:
  header:
    stamp:
      sec: 303
      nanosec: 60000000
    frame_id: map
  pose:
    position:
      x: 0.0009435364237895725
      y: 1.830099595722667e-07
      z: 0.0
    orientation:
      x: 0.0
      y: 0.0
      z: 0.00015543261164184804
      w: 0.9999999879203515
navigation_time:
  sec: 0
  nanosec: 88000000
estimated_time_remaining:
  sec: 0
  nanosec: 0
number_of_recoveries: 0
distance_remaining: 3.5

Feedback:
    current_pose:
  header:
    stamp:
      sec: 303
      nanosec: 60000000
    frame_id: map
  pose:
    position:
      x: 0.0009435364237895725
      y: 1.830099595722667e-07
      z: 0.0
    orientation:
      x: 0.0
      y: 0.0
      z: 0.00015543261164184804
      w: 0.9999999879203515
navigation_time:
  sec: 0
  nanosec: 100000000
estimated_time_remaining:
  sec: 0
  nanosec: 0
number_of_recoveries: 0
distance_remaining: 3.5

Feedback:
    current_pose:
  header:
    stamp:
      sec: 303
      nanosec: 80000000
    frame_id: map
  pose:
    position:
      x: 0.0017726831850313118
      y: 4.819373764468102e-07
      z: 0.0
    orientation:
      x: 0.0
      y: 0.0
      z: 0.0002026628599007533
      w: 0.9999999794638825
navigation_time:
  sec: 0
  nanosec: 108000000
estimated_time_remaining:
  sec: 0
  nanosec: 0
number_of_recoveries: 0
distance_remaining: 3.5

Feedback:
    current_pose:
  header:
    stamp:
      sec: 303
      nanosec: 80000000
    frame_id: map
  pose:
    position:
      x: 0.0017726831850313118
      y: 4.819373764468102e-07
      z: 0.0
    orientation:
      x: 0.0
      y: 0.0
      z: 0.0002026628599007533
      w: 0.9999999794638825
navigation_time:
  sec: 0
  nanosec: 116000000
estimated_time_remaining:
  sec: 0
  nanosec: 0
number_of_recoveries: 0
distance_remaining: 3.5

Feedback:
    current_pose:
  header:
    stamp:
      sec: 303
      nanosec: 100000000
    frame_id: map
  pose:
    position:
      x: 0.002676419296058533
      y: 8.90928570813777e-07
      z: 0.0
    orientation:
      x: 0.0
      y: 0.0
      z: 0.0002498930995765315
      w: 0.999999968776719
navigation_time:
  sec: 0
  nanosec: 128000000
estimated_time_remaining:
  sec: 0
  nanosec: 0
number_of_recoveries: 0
distance_remaining: 3.5

Feedback:
    current_pose:
  header:
    stamp:
      sec: 303
      nanosec: 100000000
    frame_id: map
  pose:
    position:
      x: 0.002676419296058533
      y: 8.90928570813777e-07
      z: 0.0
    orientation:
      x: 0.0
      y: 0.0
      z: 0.0002498930995765315
      w: 0.999999968776719
navigation_time:
  sec: 0
  nanosec: 132000000
estimated_time_remaining:
  sec: 0
  nanosec: 0
number_of_recoveries: 0
distance_remaining: 3.5

Feedback:
    current_pose:
  header:
    stamp:
      sec: 303
      nanosec: 120000000
    frame_id: map
  pose:
    position:
      x: 0.003740155294950222
      y: 1.5444944491852055e-06
      z: 0.0
    orientation:
      x: 0.0
      y: 0.0
      z: 0.00037151424996300416
      w: 0.9999999309885786
navigation_time:
  sec: 0
  nanosec: 144000000
estimated_time_remaining:
  sec: 349
  nanosec: 95885392
number_of_recoveries: 0
distance_remaining: 3.5

Feedback:
    current_pose:
  header:
    stamp:
      sec: 303
      nanosec: 120000000
    frame_id: map
  pose:
    position:
      x: 0.003740155294950222
      y: 1.5444944491852055e-06
      z: 0.0
    orientation:
      x: 0.0
      y: 0.0
      z: 0.00037151424996300416
      w: 0.9999999309885786
navigation_time:
  sec: 0
  nanosec: 152000000
estimated_time_remaining:
  sec: 349
  nanosec: 95885392
number_of_recoveries: 0
distance_remaining: 3.5

Feedback:
    current_pose:
  header:
    stamp:
      sec: 303
      nanosec: 120000000
    frame_id: map
  pose:
    position:
      x: 0.003740155294950222
      y: 1.5444944491852055e-06
      z: 0.0
    orientation:
      x: 0.0
      y: 0.0
      z: 0.00037151424996300416
      w: 0.9999999309885786
navigation_time:
  sec: 0
  nanosec: 160000000
estimated_time_remaining:
  sec: 349
  nanosec: 95885392
number_of_recoveries: 0
distance_remaining: 3.5

Feedback:
    current_pose:
  header:
    stamp:
      sec: 303
      nanosec: 140000000
    frame_id: map
  pose:
    position:
      x: 0.005022941517109446
      y: 2.6775123882408553e-06
      z: 0.0
    orientation:
      x: 0.0
      y: 0.0
      z: 0.0005117331572979638
      w: 0.9999998690645793
navigation_time:
  sec: 0
  nanosec: 168000000
estimated_time_remaining:
  sec: 255
  nanosec: 617358266
number_of_recoveries: 0
distance_remaining: 3.5

Feedback:
    current_pose:
  header:
    stamp:
      sec: 303
      nanosec: 140000000
    frame_id: map
  pose:
    position:
      x: 0.005022941517109446
      y: 2.6775123882408553e-06
      z: 0.0
    orientation:
      x: 0.0
      y: 0.0
      z: 0.0005117331572979638
      w: 0.9999998690645793
navigation_time:
  sec: 0
  nanosec: 180000000
estimated_time_remaining:
  sec: 255
  nanosec: 617358266
number_of_recoveries: 0
distance_remaining: 3.5

Feedback:
    current_pose:
  header:
    stamp:
      sec: 303
      nanosec: 160000000
    frame_id: map
  pose:
    position:
      x: 0.006353727350590636
      y: 4.216344888747238e-06
      z: 0.0
    orientation:
      x: 0.0
      y: 0.0
      z: 0.0006268761225366132
      w: 0.9999998035131443
navigation_time:
  sec: 0
  nanosec: 192000000
estimated_time_remaining:
  sec: 196
  nanosec: 894141991
number_of_recoveries: 0
distance_remaining: 3.5

Feedback:
    current_pose:
  header:
    stamp:
      sec: 303
      nanosec: 160000000
    frame_id: map
  pose:
    position:
      x: 0.006353727350590636
      y: 4.216344888747238e-06
      z: 0.0
    orientation:
      x: 0.0
      y: 0.0
      z: 0.0006268761225366132
      w: 0.9999998035131443
navigation_time:
  sec: 0
  nanosec: 200000000
estimated_time_remaining:
  sec: 196
  nanosec: 894141991
number_of_recoveries: 0
distance_remaining: 3.5

Feedback:
    current_pose:
  header:
    stamp:
      sec: 303
      nanosec: 180000000
    frame_id: map
  pose:
    position:
      x: 0.008029203731578817
      y: 6.451385218386037e-06
      z: 0.0
    orientation:
      x: 0.0
      y: 0.0
      z: 0.0007044051344402177
      w: 0.9999997519066726
navigation_time:
  sec: 0
  nanosec: 212000000
estimated_time_remaining:
  sec: 155
  nanosec: 740104710
number_of_recoveries: 0
distance_remaining: 3.5

Feedback:
    current_pose:
  header:
    stamp:
      sec: 303
      nanosec: 180000000
    frame_id: map
  pose:
    position:
      x: 0.008029203731578817
      y: 6.451385218386037e-06
      z: 0.0
    orientation:
      x: 0.0
      y: 0.0
      z: 0.0007044051344402177
      w: 0.9999997519066726
navigation_time:
  sec: 0
  nanosec: 220000000
estimated_time_remaining:
  sec: 155
  nanosec: 740104710
number_of_recoveries: 0
distance_remaining: 3.5

Feedback:
    current_pose:
  header:
    stamp:
      sec: 303
      nanosec: 200000000
    frame_id: map
  pose:
    position:
      x: 0.00983544420056277
      y: 9.136073594144757e-06
      z: 0.0
    orientation:
      x: 0.0
      y: 0.0
      z: 0.0007819341410725462
      w: 0.9999996942894529
navigation_time:
  sec: 0
  nanosec: 228000000
estimated_time_remaining:
  sec: 125
  nanosec: 387240568
number_of_recoveries: 0
distance_remaining: 3.5

Feedback:
    current_pose:
  header:
    stamp:
      sec: 303
      nanosec: 200000000
    frame_id: map
  pose:
    position:
      x: 0.00983544420056277
      y: 9.136073594144757e-06
      z: 0.0
    orientation:
      x: 0.0
      y: 0.0
      z: 0.0007819341410725462
      w: 0.9999996942894529
navigation_time:
  sec: 0
  nanosec: 240000000
estimated_time_remaining:
  sec: 125
  nanosec: 387240568
number_of_recoveries: 0
distance_remaining: 3.5

Feedback:
    current_pose:
  header:
    stamp:
      sec: 303
      nanosec: 220000000
    frame_id: map
  pose:
    position:
      x: 0.011785249623141293
      y: 1.2428273360320813e-05
      z: 0.0
    orientation:
      x: 0.0
      y: 0.0
      z: 0.0009057329205340924
      w: 0.9999995898238542
navigation_time:
  sec: 0
  nanosec: 248000000
estimated_time_remaining:
  sec: 103
  nanosec: 604380895
number_of_recoveries: 0
distance_remaining: 3.5

Feedback:
    current_pose:
  header:
    stamp:
      sec: 303
      nanosec: 220000000
    frame_id: map
  pose:
    position:
      x: 0.011785249623141293
      y: 1.2428273360320813e-05
      z: 0.0
    orientation:
      x: 0.0
      y: 0.0
      z: 0.0009057329205340924
      w: 0.9999995898238542
navigation_time:
  sec: 0
  nanosec: 260000000
estimated_time_remaining:
  sec: 103
  nanosec: 604380895
number_of_recoveries: 0
distance_remaining: 3.5

Feedback:
    current_pose:
  header:
    stamp:
      sec: 303
      nanosec: 240000000
    frame_id: map
  pose:
    position:
      x: 0.013750945579999374
      y: 1.6232420551922832e-05
      z: 0.0
    orientation:
      x: 0.0
      y: 0.0
      z: 0.001029531700386041
      w: 0.9999994700320987
navigation_time:
  sec: 0
  nanosec: 272000000
estimated_time_remaining:
  sec: 87
  nanosec: 718558855
number_of_recoveries: 0
distance_remaining: 3.5

Feedback:
    current_pose:
  header:
    stamp:
      sec: 303
      nanosec: 260000000
    frame_id: map
  pose:
    position:
      x: 0.01576464040108643
      y: 2.063632689647602e-05
      z: 0.0
    orientation:
      x: 0.0
      y: 0.0
      z: 0.001158457812822255
      w: 0.9999993289875229
navigation_time:
  sec: 0
  nanosec: 284000000
estimated_time_remaining:
  sec: 75
  nanosec: 892033161
number_of_recoveries: 0
distance_remaining: 3.5

Feedback:
    current_pose:
  header:
    stamp:
      sec: 303
      nanosec: 260000000
    frame_id: map
  pose:
    position:
      x: 0.01576464040108643
      y: 2.063632689647602e-05
      z: 0.0
    orientation:
      x: 0.0
      y: 0.0
      z: 0.001158457812822255
      w: 0.9999993289875229
navigation_time:
  sec: 0
  nanosec: 292000000
estimated_time_remaining:
  sec: 75
  nanosec: 892033161
number_of_recoveries: 0
distance_remaining: 3.5

Feedback:
    current_pose:
  header:
    stamp:
      sec: 303
      nanosec: 260000000
    frame_id: map
  pose:
    position:
      x: 0.01576464040108643
      y: 2.063632689647602e-05
      z: 0.0
    orientation:
      x: 0.0
      y: 0.0
      z: 0.001158457812822255
      w: 0.9999993289875229
navigation_time:
  sec: 0
  nanosec: 300000000
estimated_time_remaining:
  sec: 66
  nanosec: 311722547
number_of_recoveries: 0
distance_remaining: 3.5

Feedback:
    current_pose:
  header:
    stamp:
      sec: 303
      nanosec: 280000000
    frame_id: map
  pose:
    position:
      x: 0.01801516873932535
      y: 2.6159309420324725e-05
      z: 0.0
    orientation:
      x: 0.0
      y: 0.0
      z: 0.0012950749367847867
      w: 0.9999991613901025
navigation_time:
  sec: 0
  nanosec: 308000000
estimated_time_remaining:
  sec: 66
  nanosec: 311722547
number_of_recoveries: 0
distance_remaining: 3.5

Feedback:
    current_pose:
  header:
    stamp:
      sec: 303
      nanosec: 280000000
    frame_id: map
  pose:
    position:
      x: 0.01801516873932535
      y: 2.6159309420324725e-05
      z: 0.0
    orientation:
      x: 0.0
      y: 0.0
      z: 0.0012950749367847867
      w: 0.9999991613901025
navigation_time:
  sec: 0
  nanosec: 320000000
estimated_time_remaining:
  sec: 66
  nanosec: 311722547
number_of_recoveries: 0
distance_remaining: 3.5

Feedback:
    current_pose:
  header:
    stamp:
      sec: 303
      nanosec: 300000000
    frame_id: map
  pose:
    position:
      x: 0.020276904316531563
      y: 3.232655250398624e-05
      z: 0.0
    orientation:
      x: 0.0
      y: 0.0
      z: 0.0014316920362354225
      w: 0.9999989751284316
navigation_time:
  sec: 0
  nanosec: 332000000
estimated_time_remaining:
  sec: 58
  nanosec: 497662184
number_of_recoveries: 0
distance_remaining: 3.5

Feedback:
    current_pose:
  header:
    stamp:
      sec: 303
      nanosec: 300000000
    frame_id: map
  pose:
    position:
      x: 0.020276904316531563
      y: 3.232655250398624e-05
      z: 0.0
    orientation:
      x: 0.0
      y: 0.0
      z: 0.0014316920362354225
      w: 0.9999989751284316
navigation_time:
  sec: 0
  nanosec: 340000000
estimated_time_remaining:
  sec: 58
  nanosec: 497662184
number_of_recoveries: 0
distance_remaining: 3.5

Feedback:
    current_pose:
  header:
    stamp:
      sec: 303
      nanosec: 320000000
    frame_id: map
  pose:
    position:
      x: 0.022733045002336628
      y: 3.955324457398644e-05
      z: 0.0
    orientation:
      x: 0.0
      y: 0.0
      z: 0.0015095341099948287
      w: 0.9999988606527364
navigation_time:
  sec: 0
  nanosec: 348000000
estimated_time_remaining:
  sec: 52
  nanosec: 80882464
number_of_recoveries: 0
distance_remaining: 3.5

Feedback:
    current_pose:
  header:
    stamp:
      sec: 303
      nanosec: 320000000
    frame_id: map
  pose:
    position:
      x: 0.022733045002336628
      y: 3.955324457398644e-05
      z: 0.0
    orientation:
      x: 0.0
      y: 0.0
      z: 0.0015095341099948287
      w: 0.9999988606527364
navigation_time:
  sec: 0
  nanosec: 360000000
estimated_time_remaining:
  sec: 52
  nanosec: 80882464
number_of_recoveries: 0
distance_remaining: 3.5

Feedback:
    current_pose:
  header:
    stamp:
      sec: 303
      nanosec: 340000000
    frame_id: map
  pose:
    position:
      x: 0.02524079528690305
      y: 4.731955011160899e-05
      z: 0.0
    orientation:
      x: 0.0
      y: 0.0
      z: 0.0015873761553634367
      w: 0.999998740117677
navigation_time:
  sec: 0
  nanosec: 368000000
estimated_time_remaining:
  sec: 46
  nanosec: 40345142
number_of_recoveries: 0
distance_remaining: 3.450000047683716

Feedback:
    current_pose:
  header:
    stamp:
      sec: 303
      nanosec: 340000000
    frame_id: map
  pose:
    position:
      x: 0.02524079528690305
      y: 4.731955011160899e-05
      z: 0.0
    orientation:
      x: 0.0
      y: 0.0
      z: 0.0015873761553634367
      w: 0.999998740117677
navigation_time:
  sec: 0
  nanosec: 376000000
estimated_time_remaining:
  sec: 46
  nanosec: 40345142
number_of_recoveries: 0
distance_remaining: 3.450000047683716

Feedback:
    current_pose:
  header:
    stamp:
      sec: 303
      nanosec: 360000000
    frame_id: map
  pose:
    position:
      x: 0.027836962576331212
      y: 5.57552798286701e-05
      z: 0.0
    orientation:
      x: 0.0
      y: 0.0
      z: 0.0016577020248625693
      w: 0.9999986260110545
navigation_time:
  sec: 0
  nanosec: 384000000
estimated_time_remaining:
  sec: 41
  nanosec: 876967423
number_of_recoveries: 0
distance_remaining: 3.450000047683716

Feedback:
    current_pose:
  header:
    stamp:
      sec: 303
      nanosec: 360000000
    frame_id: map
  pose:
    position:
      x: 0.027836962576331212
      y: 5.57552798286701e-05
      z: 0.0
    orientation:
      x: 0.0
      y: 0.0
      z: 0.0016577020248625693
      w: 0.9999986260110545
navigation_time:
  sec: 0
  nanosec: 392000000
estimated_time_remaining:
  sec: 41
  nanosec: 876967423
number_of_recoveries: 0
distance_remaining: 3.450000047683716

Feedback:
    current_pose:
  header:
    stamp:
      sec: 303
      nanosec: 360000000
    frame_id: map
  pose:
    position:
      x: 0.027836962576331212
      y: 5.57552798286701e-05
      z: 0.0
    orientation:
      x: 0.0
      y: 0.0
      z: 0.0016577020248625693
      w: 0.9999986260110545
navigation_time:
  sec: 0
  nanosec: 400000000
estimated_time_remaining:
  sec: 41
  nanosec: 876967423
number_of_recoveries: 0
distance_remaining: 3.450000047683716

Feedback:
    current_pose:
  header:
    stamp:
      sec: 303
      nanosec: 380000000
    frame_id: map
  pose:
    position:
      x: 0.030546802823881065
      y: 6.491652785395396e-05
      z: 0.0
    orientation:
      x: 0.0
      y: 0.0
      z: 0.0017230171017551957
      w: 0.9999985156049319
navigation_time:
  sec: 0
  nanosec: 408000000
estimated_time_remaining:
  sec: 38
  nanosec: 666034887
number_of_recoveries: 0
distance_remaining: 3.450000047683716

Feedback:
    current_pose:
  header:
    stamp:
      sec: 303
      nanosec: 380000000
    frame_id: map
  pose:
    position:
      x: 0.030546802823881065
      y: 6.491652785395396e-05
      z: 0.0
    orientation:
      x: 0.0
      y: 0.0
      z: 0.0017230171017551957
      w: 0.9999985156049319
navigation_time:
  sec: 0
  nanosec: 420000000
estimated_time_remaining:
  sec: 38
  nanosec: 666034887
number_of_recoveries: 0
distance_remaining: 3.450000047683716

Feedback:
    current_pose:
  header:
    stamp:
      sec: 303
      nanosec: 400000000
    frame_id: map
  pose:
    position:
      x: 0.03330101227304413
      y: 7.458276113082025e-05
      z: 0.0
    orientation:
      x: 0.0
      y: 0.0
      z: 0.0017824236574008985
      w: 0.9999984114816912
navigation_time:
  sec: 0
  nanosec: 432000000
estimated_time_remaining:
  sec: 36
  nanosec: 118692948
number_of_recoveries: 0
distance_remaining: 3.450000047683716

Feedback:
    current_pose:
  header:
    stamp:
      sec: 303
      nanosec: 420000000
    frame_id: map
  pose:
    position:
      x: 0.03615270276183592
      y: 8.489278803046169e-05
      z: 0.0
    orientation:
      x: 0.0
      y: 0.0
      z: 0.0018329674241745412
      w: 0.9999983201138
navigation_time:
  sec: 0
  nanosec: 444000000
estimated_time_remaining:
  sec: 33
  nanosec: 966705315
number_of_recoveries: 0
distance_remaining: 3.450000047683716

Feedback:
    current_pose:
  header:
    stamp:
      sec: 303
      nanosec: 420000000
    frame_id: map
  pose:
    position:
      x: 0.03615270276183592
      y: 8.489278803046169e-05
      z: 0.0
    orientation:
      x: 0.0
      y: 0.0
      z: 0.0018329674241745412
      w: 0.9999983201138
navigation_time:
  sec: 0
  nanosec: 452000000
estimated_time_remaining:
  sec: 33
  nanosec: 966705315
number_of_recoveries: 0
distance_remaining: 3.450000047683716

Feedback:
    current_pose:
  header:
    stamp:
      sec: 303
      nanosec: 440000000
    frame_id: map
  pose:
    position:
      x: 0.039004392193840554
      y: 9.549108570629674e-05
      z: 0.0
    orientation:
      x: 0.0
      y: 0.0
      z: 0.0018835111862617628
      w: 0.9999982261912324
navigation_time:
  sec: 0
  nanosec: 464000000
estimated_time_remaining:
  sec: 32
  nanosec: 120671919
number_of_recoveries: 0
distance_remaining: 3.450000047683716

Feedback:
    current_pose:
  header:
    stamp:
      sec: 303
      nanosec: 440000000
    frame_id: map
  pose:
    position:
      x: 0.039004392193840554
      y: 9.549108570629674e-05
      z: 0.0
    orientation:
      x: 0.0
      y: 0.0
      z: 0.0018835111862617628
      w: 0.9999982261912324
navigation_time:
  sec: 0
  nanosec: 472000000
estimated_time_remaining:
  sec: 32
  nanosec: 120671919
number_of_recoveries: 0
distance_remaining: 3.450000047683716

Feedback:
    current_pose:
  header:
    stamp:
      sec: 303
      nanosec: 460000000
    frame_id: map
  pose:
    position:
      x: 0.04201228439930711
      y: 0.00010701624979948299
      z: 0.0
    orientation:
      x: 0.0
      y: 0.0
      z: 0.0019498919255917038
      w: 0.9999980989589323
navigation_time:
  sec: 0
  nanosec: 480000000
estimated_time_remaining:
  sec: 30
  nanosec: 558912875
number_of_recoveries: 0
distance_remaining: 3.450000047683716

Feedback:
    current_pose:
  header:
    stamp:
      sec: 303
      nanosec: 460000000
    frame_id: map
  pose:
    position:
      x: 0.04201228439930711
      y: 0.00010701624979948299
      z: 0.0
    orientation:
      x: 0.0
      y: 0.0
      z: 0.0019498919255917038
      w: 0.9999980989589323
navigation_time:
  sec: 0
  nanosec: 492000000
estimated_time_remaining:
  sec: 30
  nanosec: 558912875
number_of_recoveries: 0
distance_remaining: 3.450000047683716

Feedback:
    current_pose:
  header:
    stamp:
      sec: 303
      nanosec: 480000000
    frame_id: map
  pose:
    position:
      x: 0.04516499448547092
      y: 0.00011953297324463964
      z: 0.0
    orientation:
      x: 0.0
      y: 0.0
      z: 0.0020202319081605176
      w: 0.9999979593294365
navigation_time:
  sec: 0
  nanosec: 504000000
estimated_time_remaining:
  sec: 29
  nanosec: 128920593
number_of_recoveries: 0
distance_remaining: 3.450000047683716

Feedback:
    current_pose:
  header:
    stamp:
      sec: 303
      nanosec: 480000000
    frame_id: map
  pose:
    position:
      x: 0.04516499448547092
      y: 0.00011953297324463964
      z: 0.0
    orientation:
      x: 0.0
      y: 0.0
      z: 0.0020202319081605176
      w: 0.9999979593294365
navigation_time:
  sec: 0
  nanosec: 512000000
estimated_time_remaining:
  sec: 29
  nanosec: 128920593
number_of_recoveries: 0
distance_remaining: 3.450000047683716

Feedback:
    current_pose:
  header:
    stamp:
      sec: 303
      nanosec: 480000000
    frame_id: map
  pose:
    position:
      x: 0.04516499448547092
      y: 0.00011953297324463964
      z: 0.0
    orientation:
      x: 0.0
      y: 0.0
      z: 0.0020202319081605176
      w: 0.9999979593294365
navigation_time:
  sec: 0
  nanosec: 520000000
estimated_time_remaining:
  sec: 27
  nanosec: 900529900
number_of_recoveries: 0
distance_remaining: 3.450000047683716

Feedback:
    current_pose:
  header:
    stamp:
      sec: 303
      nanosec: 500000000
    frame_id: map
  pose:
    position:
      x: 0.048355824021839605
      y: 0.00013264606406452814
      z: 0.0
    orientation:
      x: 0.0
      y: 0.0
      z: 0.0020863013438379555
      w: 0.9999978236709832
navigation_time:
  sec: 0
  nanosec: 532000000
estimated_time_remaining:
  sec: 27
  nanosec: 900529900
number_of_recoveries: 0
distance_remaining: 3.450000047683716

Feedback:
    current_pose:
  header:
    stamp:
      sec: 303
      nanosec: 520000000
    frame_id: map
  pose:
    position:
      x: 0.051619137471826
      y: 0.00014645736838336663
      z: 0.0
    orientation:
      x: 0.0
      y: 0.0
      z: 0.0021459649567515593
      w: 0.9999976974145511
navigation_time:
  sec: 0
  nanosec: 544000000
estimated_time_remaining:
  sec: 26
  nanosec: 890507164
number_of_recoveries: 0
distance_remaining: 3.450000047683716

Feedback:
    current_pose:
  header:
    stamp:
      sec: 303
      nanosec: 520000000
    frame_id: map
  pose:
    position:
      x: 0.051619137471826
      y: 0.00014645736838336663
      z: 0.0
    orientation:
      x: 0.0
      y: 0.0
      z: 0.0021459649567515593
      w: 0.9999976974145511
navigation_time:
  sec: 0
  nanosec: 552000000
estimated_time_remaining:
  sec: 26
  nanosec: 890507164
number_of_recoveries: 0
distance_remaining: 3.450000047683716

Feedback:
    current_pose:
  header:
    stamp:
      sec: 303
      nanosec: 540000000
    frame_id: map
  pose:
    position:
      x: 0.05488244925051086
      y: 0.00016065807561805172
      z: 0.0
    orientation:
      x: 0.0
      y: 0.0
      z: 0.0022056285620238444
      w: 0.999997567598365
navigation_time:
  sec: 0
  nanosec: 560000000
estimated_time_remaining:
  sec: 26
  nanosec: 12767440
number_of_recoveries: 0
distance_remaining: 3.450000047683716

Feedback:
    current_pose:
  header:
    stamp:
      sec: 303
      nanosec: 540000000
    frame_id: map
  pose:
    position:
      x: 0.05488244925051086
      y: 0.00016065807561805172
      z: 0.0
    orientation:
      x: 0.0
      y: 0.0
      z: 0.0022056285620238444
      w: 0.999997567598365
navigation_time:
  sec: 0
  nanosec: 572000000
estimated_time_remaining:
  sec: 26
  nanosec: 12767440
number_of_recoveries: 0
distance_remaining: 3.450000047683716

Feedback:
    current_pose:
  header:
    stamp:
      sec: 303
      nanosec: 540000000
    frame_id: map
  pose:
    position:
      x: 0.05488244925051086
      y: 0.00016065807561805172
      z: 0.0
    orientation:
      x: 0.0
      y: 0.0
      z: 0.0022056285620238444
      w: 0.999997567598365
navigation_time:
  sec: 0
  nanosec: 580000000
estimated_time_remaining:
  sec: 26
  nanosec: 12767440
number_of_recoveries: 0
distance_remaining: 3.450000047683716

Feedback:
    current_pose:
  header:
    stamp:
      sec: 303
      nanosec: 560000000
    frame_id: map
  pose:
    position:
      x: 0.05822620838815091
      y: 0.00017549348505940202
      z: 0.0
    orientation:
      x: 0.0
      y: 0.0
      z: 0.0022224241002277764
      w: 0.9999975304125099
navigation_time:
  sec: 0
  nanosec: 588000000
estimated_time_remaining:
  sec: 25
  nanosec: 213244221
number_of_recoveries: 0
distance_remaining: 3.450000047683716

Feedback:
    current_pose:
  header:
    stamp:
      sec: 303
      nanosec: 560000000
    frame_id: map
  pose:
    position:
      x: 0.05822620838815091
      y: 0.00017549348505940202
      z: 0.0
    orientation:
      x: 0.0
      y: 0.0
      z: 0.0022224241002277764
      w: 0.9999975304125099
navigation_time:
  sec: 0
  nanosec: 596000000
estimated_time_remaining:
  sec: 25
  nanosec: 213244221
number_of_recoveries: 0
distance_remaining: 3.450000047683716

Feedback:
    current_pose:
  header:
    stamp:
      sec: 303
      nanosec: 580000000
    frame_id: map
  pose:
    position:
      x: 0.061596933294566746
      y: 0.0001904964459828464
      z: 0.0
    orientation:
      x: 0.0
      y: 0.0
      z: 0.002228502601191999
      w: 0.9999975168849952
navigation_time:
  sec: 0
  nanosec: 604000000
estimated_time_remaining:
  sec: 24
  nanosec: 449614200
number_of_recoveries: 0
distance_remaining: 3.450000047683716

Feedback:
    current_pose:
  header:
    stamp:
      sec: 303
      nanosec: 580000000
    frame_id: map
  pose:
    position:
      x: 0.061596933294566746
      y: 0.0001904964459828464
      z: 0.0
    orientation:
      x: 0.0
      y: 0.0
      z: 0.002228502601191999
      w: 0.9999975168849952
navigation_time:
  sec: 0
  nanosec: 616000000
estimated_time_remaining:
  sec: 24
  nanosec: 449614200
number_of_recoveries: 0
distance_remaining: 3.450000047683716

Feedback:
    current_pose:
  header:
    stamp:
      sec: 303
      nanosec: 600000000
    frame_id: map
  pose:
    position:
      x: 0.06497490982230289
      y: 0.00020559547889307554
      z: 0.0
    orientation:
      x: 0.0
      y: 0.0
      z: 0.0022457701045377207
      w: 0.9999974782551392
navigation_time:
  sec: 0
  nanosec: 624000000
estimated_time_remaining:
  sec: 23
  nanosec: 622546036
number_of_recoveries: 0
distance_remaining: 3.424999952316284

Feedback:
    current_pose:
  header:
    stamp:
      sec: 303
      nanosec: 600000000
    frame_id: map
  pose:
    position:
      x: 0.06497490982230289
      y: 0.00020559547889307554
      z: 0.0
    orientation:
      x: 0.0
      y: 0.0
      z: 0.0022457701045377207
      w: 0.9999974782551392
navigation_time:
  sec: 0
  nanosec: 632000000
estimated_time_remaining:
  sec: 23
  nanosec: 622546036
number_of_recoveries: 0
distance_remaining: 3.424999952316284

Feedback:
    current_pose:
  header:
    stamp:
      sec: 303
      nanosec: 600000000
    frame_id: map
  pose:
    position:
      x: 0.06497490982230289
      y: 0.00020559547889307554
      z: 0.0
    orientation:
      x: 0.0
      y: 0.0
      z: 0.0022457701045377207
      w: 0.9999974782551392
navigation_time:
  sec: 0
  nanosec: 640000000
estimated_time_remaining:
  sec: 23
  nanosec: 622546036
number_of_recoveries: 0
distance_remaining: 3.424999952316284

Feedback:
    current_pose:
  header:
    stamp:
      sec: 303
      nanosec: 620000000
    frame_id: map
  pose:
    position:
      x: 0.0683577202475023
      y: 0.00022087327103181018
      z: 0.0
    orientation:
      x: 0.0
      y: 0.0
      z: 0.002270496951545315
      w: 0.9999974224184746
navigation_time:
  sec: 0
  nanosec: 648000000
estimated_time_remaining:
  sec: 23
  nanosec: 63661615
number_of_recoveries: 0
distance_remaining: 3.424999952316284

Feedback:
    current_pose:
  header:
    stamp:
      sec: 303
      nanosec: 620000000
    frame_id: map
  pose:
    position:
      x: 0.0683577202475023
      y: 0.00022087327103181018
      z: 0.0
    orientation:
      x: 0.0
      y: 0.0
      z: 0.002270496951545315
      w: 0.9999974224184746
navigation_time:
  sec: 0
  nanosec: 656000000
estimated_time_remaining:
  sec: 23
  nanosec: 63661615
number_of_recoveries: 0
distance_remaining: 3.424999952316284

Feedback:
    current_pose:
  header:
    stamp:
      sec: 303
      nanosec: 640000000
    frame_id: map
  pose:
    position:
      x: 0.07182018594871407
      y: 0.00023664290000800257
      z: 0.0
    orientation:
      x: 0.0
      y: 0.0
      z: 0.0022763126587071066
      w: 0.9999974091969838
navigation_time:
  sec: 0
  nanosec: 664000000
estimated_time_remaining:
  sec: 22
  nanosec: 558696557
number_of_recoveries: 0
distance_remaining: 3.424999952316284

Feedback:
    current_pose:
  header:
    stamp:
      sec: 303
      nanosec: 640000000
    frame_id: map
  pose:
    position:
      x: 0.07182018594871407
      y: 0.00023664290000800257
      z: 0.0
    orientation:
      x: 0.0
      y: 0.0
      z: 0.0022763126587071066
      w: 0.9999974091969838
navigation_time:
  sec: 0
  nanosec: 676000000
estimated_time_remaining:
  sec: 22
  nanosec: 558696557
number_of_recoveries: 0
distance_remaining: 3.424999952316284

Feedback:
    current_pose:
  header:
    stamp:
      sec: 303
      nanosec: 660000000
    frame_id: map
  pose:
    position:
      x: 0.07536213599608087
      y: 0.0002527441402490444
      z: 0.0
    orientation:
      x: 0.0
      y: 0.0
      z: 0.002269520922556412
      w: 0.9999974246340748
navigation_time:
  sec: 0
  nanosec: 688000000
estimated_time_remaining:
  sec: 22
  nanosec: 94700743
number_of_recoveries: 0
distance_remaining: 3.424999952316284

Feedback:
    current_pose:
  header:
    stamp:
      sec: 303
      nanosec: 660000000
    frame_id: map
  pose:
    position:
      x: 0.07536213599608087
      y: 0.0002527441402490444
      z: 0.0
    orientation:
      x: 0.0
      y: 0.0
      z: 0.002269520922556412
      w: 0.9999974246340748
navigation_time:
  sec: 0
  nanosec: 696000000
estimated_time_remaining:
  sec: 22
  nanosec: 94700743
number_of_recoveries: 0
distance_remaining: 3.424999952316284

Feedback:
    current_pose:
  header:
    stamp:
      sec: 303
      nanosec: 680000000
    frame_id: map
  pose:
    position:
      x: 0.07891910144920962
      y: 0.0002688569613633584
      z: 0.0
    orientation:
      x: 0.0
      y: 0.0
      z: 0.002251285598322235
      w: 0.9999974658533665
navigation_time:
  sec: 0
  nanosec: 704000000
estimated_time_remaining:
  sec: 21
  nanosec: 659147064
number_of_recoveries: 0
distance_remaining: 3.424999952316284

Feedback:
    current_pose:
  header:
    stamp:
      sec: 303
      nanosec: 680000000
    frame_id: map
  pose:
    position:
      x: 0.07891910144920962
      y: 0.0002688569613633584
      z: 0.0
    orientation:
      x: 0.0
      y: 0.0
      z: 0.002251285598322235
      w: 0.9999974658533665
navigation_time:
  sec: 0
  nanosec: 712000000
estimated_time_remaining:
  sec: 21
  nanosec: 659147064
number_of_recoveries: 0
distance_remaining: 3.424999952316284

Feedback:
    current_pose:
  header:
    stamp:
      sec: 303
      nanosec: 680000000
    frame_id: map
  pose:
    position:
      x: 0.07891910144920962
      y: 0.0002688569613633584
      z: 0.0
    orientation:
      x: 0.0
      y: 0.0
      z: 0.002251285598322235
      w: 0.9999974658533665
navigation_time:
  sec: 0
  nanosec: 720000000
estimated_time_remaining:
  sec: 21
  nanosec: 659147064
number_of_recoveries: 0
distance_remaining: 3.424999952316284

Feedback:
    current_pose:
  header:
    stamp:
      sec: 303
      nanosec: 700000000
    frame_id: map
  pose:
    position:
      x: 0.08253612898186849
      y: 0.0002849114790136218
      z: 0.0
    orientation:
      x: 0.0
      y: 0.0
      z: 0.0021872758641412913
      w: 0.999997607909286
navigation_time:
  sec: 0
  nanosec: 728000000
estimated_time_remaining:
  sec: 21
  nanosec: 266608338
number_of_recoveries: 0
distance_remaining: 3.424999952316284

Feedback:
    current_pose:
  header:
    stamp:
      sec: 303
      nanosec: 700000000
    frame_id: map
  pose:
    position:
      x: 0.08253612898186849
      y: 0.0002849114790136218
      z: 0.0
    orientation:
      x: 0.0
      y: 0.0
      z: 0.0021872758641412913
      w: 0.999997607909286
navigation_time:
  sec: 0
  nanosec: 736000000
estimated_time_remaining:
  sec: 21
  nanosec: 266608338
number_of_recoveries: 0
distance_remaining: 3.424999952316284

Feedback:
    current_pose:
  header:
    stamp:
      sec: 303
      nanosec: 720000000
    frame_id: map
  pose:
    position:
      x: 0.08616519250643362
      y: 0.0003005641868581131
      z: 0.0
    orientation:
      x: 0.0
      y: 0.0
      z: 0.0021368419503942893
      w: 0.9999977169506333
navigation_time:
  sec: 0
  nanosec: 744000000
estimated_time_remaining:
  sec: 20
  nanosec: 905166763
number_of_recoveries: 0
distance_remaining: 3.424999952316284

Feedback:
    current_pose:
  header:
    stamp:
      sec: 303
      nanosec: 720000000
    frame_id: map
  pose:
    position:
      x: 0.08616519250643362
      y: 0.0003005641868581131
      z: 0.0
    orientation:
      x: 0.0
      y: 0.0
      z: 0.0021368419503942893
      w: 0.9999977169506333
navigation_time:
  sec: 0
  nanosec: 756000000
estimated_time_remaining:
  sec: 20
  nanosec: 905166763
number_of_recoveries: 0
distance_remaining: 3.424999952316284

Feedback:
    current_pose:
  header:
    stamp:
      sec: 303
      nanosec: 740000000
    frame_id: map
  pose:
    position:
      x: 0.08984239261997065
      y: 0.00031629371447011956
      z: 0.0
    orientation:
      x: 0.0
      y: 0.0
      z: 0.002140711412606016
      w: 0.9999977086746988
navigation_time:
  sec: 0
  nanosec: 764000000
estimated_time_remaining:
  sec: 20
  nanosec: 421406062
number_of_recoveries: 0
distance_remaining: 3.3999998569488525

Feedback:
    current_pose:
  header:
    stamp:
      sec: 303
      nanosec: 740000000
    frame_id: map
  pose:
    position:
      x: 0.08984239261997065
      y: 0.00031629371447011956
      z: 0.0
    orientation:
      x: 0.0
      y: 0.0
      z: 0.002140711412606016
      w: 0.9999977086746988
navigation_time:
  sec: 0
  nanosec: 772000000
estimated_time_remaining:
  sec: 20
  nanosec: 421406062
number_of_recoveries: 0
distance_remaining: 3.3999998569488525

Feedback:
    current_pose:
  header:
    stamp:
      sec: 303
      nanosec: 760000000
    frame_id: map
  pose:
    position:
      x: 0.09351959261168596
      y: 0.0003320516998075536
      z: 0.0
    orientation:
      x: 0.0
      y: 0.0
      z: 0.0021445808866219418
      w: 0.9999977003837661
navigation_time:
  sec: 0
  nanosec: 784000000
estimated_time_remaining:
  sec: 20
  nanosec: 109808028
number_of_recoveries: 0
distance_remaining: 3.3999998569488525

Feedback:
    current_pose:
  header:
    stamp:
      sec: 303
      nanosec: 760000000
    frame_id: map
  pose:
    position:
      x: 0.09351959261168596
      y: 0.0003320516998075536
      z: 0.0
    orientation:
      x: 0.0
      y: 0.0
      z: 0.0021445808866219418
      w: 0.9999977003837661
navigation_time:
  sec: 0
  nanosec: 792000000
estimated_time_remaining:
  sec: 20
  nanosec: 109808028
number_of_recoveries: 0
distance_remaining: 3.3999998569488525

Feedback:
    current_pose:
  header:
    stamp:
      sec: 303
      nanosec: 780000000
    frame_id: map
  pose:
    position:
      x: 0.09733164340386499
      y: 0.0003483676861028109
      z: 0.0
    orientation:
      x: 0.0
      y: 0.0
      z: 0.0021324648029825873
      w: 0.9999977262943472
navigation_time:
  sec: 0
  nanosec: 804000000
estimated_time_remaining:
  sec: 19
  nanosec: 811426862
number_of_recoveries: 0
distance_remaining: 3.3999998569488525

Feedback:
    current_pose:
  header:
    stamp:
      sec: 303
      nanosec: 780000000
    frame_id: map
  pose:
    position:
      x: 0.09733164340386499
      y: 0.0003483676861028109
      z: 0.0
    orientation:
      x: 0.0
      y: 0.0
      z: 0.0021324648029825873
      w: 0.9999977262943472
navigation_time:
  sec: 0
  nanosec: 812000000
estimated_time_remaining:
  sec: 19
  nanosec: 811426862
number_of_recoveries: 0
distance_remaining: 3.3999998569488525

Feedback:
    current_pose:
  header:
    stamp:
      sec: 303
      nanosec: 800000000
    frame_id: map
  pose:
    position:
      x: 0.10122597189403885
      y: 0.0003649140876841847
      z: 0.0
    orientation:
      x: 0.0
      y: 0.0
      z: 0.002116352320844314
      w: 0.9999977605239193
navigation_time:
  sec: 0
  nanosec: 824000000
estimated_time_remaining:
  sec: 19
  nanosec: 536475156
number_of_recoveries: 0
distance_remaining: 3.3999998569488525

Feedback:
    current_pose:
  header:
    stamp:
      sec: 303
      nanosec: 800000000
    frame_id: map
  pose:
    position:
      x: 0.10122597189403885
      y: 0.0003649140876841847
      z: 0.0
    orientation:
      x: 0.0
      y: 0.0
      z: 0.002116352320844314
      w: 0.9999977605239193
navigation_time:
  sec: 0
  nanosec: 832000000
estimated_time_remaining:
  sec: 19
  nanosec: 536475156
number_of_recoveries: 0
distance_remaining: 3.3999998569488525

Feedback:
    current_pose:
  header:
    stamp:
      sec: 303
      nanosec: 800000000
    frame_id: map
  pose:
    position:
      x: 0.10122597189403885
      y: 0.0003649140876841847
      z: 0.0
    orientation:
      x: 0.0
      y: 0.0
      z: 0.002116352320844314
      w: 0.9999977605239193
navigation_time:
  sec: 0
  nanosec: 840000000
estimated_time_remaining:
  sec: 19
  nanosec: 536475156
number_of_recoveries: 0
distance_remaining: 3.3999998569488525

Feedback:
    current_pose:
  header:
    stamp:
      sec: 303
      nanosec: 820000000
    frame_id: map
  pose:
    position:
      x: 0.10505611731944145
      y: 0.00038108749297493085
      z: 0.0
    orientation:
      x: 0.0
      y: 0.0
      z: 0.0021153149963222466
      w: 0.9999977627187305
navigation_time:
  sec: 0
  nanosec: 848000000
estimated_time_remaining:
  sec: 19
  nanosec: 297220389
number_of_recoveries: 0
distance_remaining: 3.3999998569488525

Feedback:
    current_pose:
  header:
    stamp:
      sec: 303
      nanosec: 820000000
    frame_id: map
  pose:
    position:
      x: 0.10505611731944145
      y: 0.00038108749297493085
      z: 0.0
    orientation:
      x: 0.0
      y: 0.0
      z: 0.0021153149963222466
      w: 0.9999977627187305
navigation_time:
  sec: 0
  nanosec: 860000000
estimated_time_remaining:
  sec: 19
  nanosec: 297220389
number_of_recoveries: 0
distance_remaining: 3.3999998569488525

Feedback:
    current_pose:
  header:
    stamp:
      sec: 303
      nanosec: 840000000
    frame_id: map
  pose:
    position:
      x: 0.10878998702998391
      y: 0.0003969647817121341
      z: 0.0
    orientation:
      x: 0.0
      y: 0.0
      z: 0.0021368904389319245
      w: 0.9999977168470197
navigation_time:
  sec: 0
  nanosec: 868000000
estimated_time_remaining:
  sec: 19
  nanosec: 109135265
number_of_recoveries: 0
distance_remaining: 3.3999998569488525

Feedback:
    current_pose:
  header:
    stamp:
      sec: 303
      nanosec: 840000000
    frame_id: map
  pose:
    position:
      x: 0.10878998702998391
      y: 0.0003969647817121341
      z: 0.0
    orientation:
      x: 0.0
      y: 0.0
      z: 0.0021368904389319245
      w: 0.9999977168470197
navigation_time:
  sec: 0
  nanosec: 876000000
estimated_time_remaining:
  sec: 19
  nanosec: 109135265
number_of_recoveries: 0
distance_remaining: 3.3999998569488525

Feedback:
    current_pose:
  header:
    stamp:
      sec: 303
      nanosec: 860000000
    frame_id: map
  pose:
    position:
      x: 0.11253985588391341
      y: 0.00041307657612095375
      z: 0.0
    orientation:
      x: 0.0
      y: 0.0
      z: 0.002164213109137684
      w: 0.9999976580880668
navigation_time:
  sec: 0
  nanosec: 884000000
estimated_time_remaining:
  sec: 18
  nanosec: 810520290
number_of_recoveries: 0
distance_remaining: 3.375

Feedback:
    current_pose:
  header:
    stamp:
      sec: 303
      nanosec: 860000000
    frame_id: map
  pose:
    position:
      x: 0.11253985588391341
      y: 0.00041307657612095375
      z: 0.0
    orientation:
      x: 0.0
      y: 0.0
      z: 0.002164213109137684
      w: 0.9999976580880668
navigation_time:
  sec: 0
  nanosec: 896000000
estimated_time_remaining:
  sec: 18
  nanosec: 810520290
number_of_recoveries: 0
distance_remaining: 3.375

Feedback:
    current_pose:
  header:
    stamp:
      sec: 303
      nanosec: 880000000
    frame_id: map
  pose:
    position:
      x: 0.11640910377595505
      y: 0.00043001912011516366
      z: 0.0
    orientation:
      x: 0.0
      y: 0.0
      z: 0.002214524733694014
      w: 0.9999975479370956
navigation_time:
  sec: 0
  nanosec: 904000000
estimated_time_remaining:
  sec: 18
  nanosec: 646181330
number_of_recoveries: 0
distance_remaining: 3.375

Feedback:
    current_pose:
  header:
    stamp:
      sec: 303
      nanosec: 880000000
    frame_id: map
  pose:
    position:
      x: 0.11640910377595505
      y: 0.00043001912011516366
      z: 0.0
    orientation:
      x: 0.0
      y: 0.0
      z: 0.002214524733694014
      w: 0.9999975479370956
navigation_time:
  sec: 0
  nanosec: 916000000
estimated_time_remaining:
  sec: 18
  nanosec: 646181330
number_of_recoveries: 0
distance_remaining: 3.375

Feedback:
    current_pose:
  header:
    stamp:
      sec: 303
      nanosec: 900000000
    frame_id: map
  pose:
    position:
      x: 0.12027834994379798
      y: 0.00044735100124718163
      z: 0.0
    orientation:
      x: 0.0
      y: 0.0
      z: 0.002264836352649074
      w: 0.999997435254859
navigation_time:
  sec: 0
  nanosec: 924000000
estimated_time_remaining:
  sec: 18
  nanosec: 482796354
number_of_recoveries: 0
distance_remaining: 3.375

Feedback:
    current_pose:
  header:
    stamp:
      sec: 303
      nanosec: 900000000
    frame_id: map
  pose:
    position:
      x: 0.12027834994379798
      y: 0.00044735100124718163
      z: 0.0
    orientation:
      x: 0.0
      y: 0.0
      z: 0.002264836352649074
      w: 0.999997435254859
navigation_time:
  sec: 0
  nanosec: 932000000
estimated_time_remaining:
  sec: 18
  nanosec: 482796354
number_of_recoveries: 0
distance_remaining: 3.375

Feedback:
    current_pose:
  header:
    stamp:
      sec: 303
      nanosec: 900000000
    frame_id: map
  pose:
    position:
      x: 0.12027834994379798
      y: 0.00044735100124718163
      z: 0.0
    orientation:
      x: 0.0
      y: 0.0
      z: 0.002264836352649074
      w: 0.999997435254859
navigation_time:
  sec: 0
  nanosec: 940000000
estimated_time_remaining:
  sec: 18
  nanosec: 482796354
number_of_recoveries: 0
distance_remaining: 3.375

Feedback:
    current_pose:
  header:
    stamp:
      sec: 303
      nanosec: 920000000
    frame_id: map
  pose:
    position:
      x: 0.12411790007407737
      y: 0.0004650453994143308
      z: 0.0
    orientation:
      x: 0.0
      y: 0.0
      z: 0.0023508581184416245
      w: 0.9999972367292356
navigation_time:
  sec: 0
  nanosec: 948000000
estimated_time_remaining:
  sec: 18
  nanosec: 332188359
number_of_recoveries: 0
distance_remaining: 3.375

Feedback:
    current_pose:
  header:
    stamp:
      sec: 303
      nanosec: 920000000
    frame_id: map
  pose:
    position:
      x: 0.12411790007407737
      y: 0.0004650453994143308
      z: 0.0
    orientation:
      x: 0.0
      y: 0.0
      z: 0.0023508581184416245
      w: 0.9999972367292356
navigation_time:
  sec: 0
  nanosec: 960000000
estimated_time_remaining:
  sec: 18
  nanosec: 332188359
number_of_recoveries: 0
distance_remaining: 3.375

Feedback:
    current_pose:
  header:
    stamp:
      sec: 303
      nanosec: 940000000
    frame_id: map
  pose:
    position:
      x: 0.12795002337007375
      y: 0.00048342697178752124
      z: 0.0
    orientation:
      x: 0.0
      y: 0.0
      z: 0.0024458074204760983
      w: 0.999997009008558
navigation_time:
  sec: 0
  nanosec: 972000000
estimated_time_remaining:
  sec: 18
  nanosec: 191550432
number_of_recoveries: 0
distance_remaining: 3.375

Feedback:
    current_pose:
  header:
    stamp:
      sec: 303
      nanosec: 940000000
    frame_id: map
  pose:
    position:
      x: 0.12795002337007375
      y: 0.00048342697178752124
      z: 0.0
    orientation:
      x: 0.0
      y: 0.0
      z: 0.0024458074204760983
      w: 0.999997009008558
navigation_time:
  sec: 0
  nanosec: 980000000
estimated_time_remaining:
  sec: 18
  nanosec: 191550432
number_of_recoveries: 0
distance_remaining: 3.375

Feedback:
    current_pose:
  header:
    stamp:
      sec: 303
      nanosec: 960000000
    frame_id: map
  pose:
    position:
      x: 0.1317919743257207
      y: 0.000502555224078136
      z: 0.0
    orientation:
      x: 0.0
      y: 0.0
      z: 0.0025209078518939132
      w: 0.9999968225067529
navigation_time:
  sec: 0
  nanosec: 992000000
estimated_time_remaining:
  sec: 17
  nanosec: 931629530
number_of_recoveries: 0
distance_remaining: 3.3499999046325684

Feedback:
    current_pose:
  header:
    stamp:
      sec: 303
      nanosec: 960000000
    frame_id: map
  pose:
    position:
      x: 0.1317919743257207
      y: 0.000502555224078136
      z: 0.0
    orientation:
      x: 0.0
      y: 0.0
      z: 0.0025209078518939132
      w: 0.9999968225067529
navigation_time:
  sec: 0
  nanosec: 996000000
estimated_time_remaining:
  sec: 17
  nanosec: 931629530
number_of_recoveries: 0
distance_remaining: 3.3499999046325684

Feedback:
    current_pose:
  header:
    stamp:
      sec: 303
      nanosec: 980000000
    frame_id: map
  pose:
    position:
      x: 0.13564866978228277
      y: 0.0005221749750552366
      z: 0.0
    orientation:
      x: 0.0
      y: 0.0
      z: 0.002566234960836641
      w: 0.9999967072136415
navigation_time:
  sec: 1
  nanosec: 4000000
estimated_time_remaining:
  sec: 17
  nanosec: 828110607
number_of_recoveries: 0
distance_remaining: 3.3499999046325684

Feedback:
    current_pose:
  header:
    stamp:
      sec: 303
      nanosec: 980000000
    frame_id: map
  pose:
    position:
      x: 0.13564866978228277
      y: 0.0005221749750552366
      z: 0.0
    orientation:
      x: 0.0
      y: 0.0
      z: 0.002566234960836641
      w: 0.9999967072136415
navigation_time:
  sec: 1
  nanosec: 16000000
estimated_time_remaining:
  sec: 17
  nanosec: 828110607
number_of_recoveries: 0
distance_remaining: 3.3499999046325684

Feedback:
    current_pose:
  header:
    stamp:
      sec: 304
      nanosec: 0
    frame_id: map
  pose:
    position:
      x: 0.13951326273964812
      y: 0.0005421742392199549
      z: 0.0
    orientation:
      x: 0.0
      y: 0.0
      z: 0.0025970593728033946
      w: 0.9999966276356207
navigation_time:
  sec: 1
  nanosec: 24000000
estimated_time_remaining:
  sec: 17
  nanosec: 736316545
number_of_recoveries: 0
distance_remaining: 3.3499999046325684

Feedback:
    current_pose:
  header:
    stamp:
      sec: 304
      nanosec: 0
    frame_id: map
  pose:
    position:
      x: 0.13951326273964812
      y: 0.0005421742392199549
      z: 0.0
    orientation:
      x: 0.0
      y: 0.0
      z: 0.0025970593728033946
      w: 0.9999966276356207
navigation_time:
  sec: 1
  nanosec: 32000000
estimated_time_remaining:
  sec: 17
  nanosec: 736316545
number_of_recoveries: 0
distance_remaining: 3.3499999046325684

Feedback:
    current_pose:
  header:
    stamp:
      sec: 304
      nanosec: 20000000
    frame_id: map
  pose:
    position:
      x: 0.14340945281194747
      y: 0.0005623057912926423
      z: 0.0
    orientation:
      x: 0.0
      y: 0.0
      z: 0.0025698729674980257
      w: 0.9999966978710134
navigation_time:
  sec: 1
  nanosec: 44000000
estimated_time_remaining:
  sec: 17
  nanosec: 650631495
number_of_recoveries: 0
distance_remaining: 3.3499999046325684

Feedback:
    current_pose:
  header:
    stamp:
      sec: 304
      nanosec: 20000000
    frame_id: map
  pose:
    position:
      x: 0.14340945281194747
      y: 0.0005623057912926423
      z: 0.0
    orientation:
      x: 0.0
      y: 0.0
      z: 0.0025698729674980257
      w: 0.9999966978710134
navigation_time:
  sec: 1
  nanosec: 52000000
estimated_time_remaining:
  sec: 17
  nanosec: 650631495
number_of_recoveries: 0
distance_remaining: 3.3499999046325684

Feedback:
    current_pose:
  header:
    stamp:
      sec: 304
      nanosec: 40000000
    frame_id: map
  pose:
    position:
      x: 0.1473056439730828
      y: 0.0005822254957448908
      z: 0.0
    orientation:
      x: 0.0
      y: 0.0
      z: 0.0025426865489652823
      w: 0.9999967673673319
navigation_time:
  sec: 1
  nanosec: 60000000
estimated_time_remaining:
  sec: 17
  nanosec: 571600610
number_of_recoveries: 0
distance_remaining: 3.3499999046325684

Feedback:
    current_pose:
  header:
    stamp:
      sec: 304
      nanosec: 40000000
    frame_id: map
  pose:
    position:
      x: 0.1473056439730828
      y: 0.0005822254957448908
      z: 0.0
    orientation:
      x: 0.0
      y: 0.0
      z: 0.0025426865489652823
      w: 0.9999967673673319
navigation_time:
  sec: 1
  nanosec: 72000000
estimated_time_remaining:
  sec: 17
  nanosec: 571600610
number_of_recoveries: 0
distance_remaining: 3.3499999046325684

Feedback:
    current_pose:
  header:
    stamp:
      sec: 304
      nanosec: 40000000
    frame_id: map
  pose:
    position:
      x: 0.1473056439730828
      y: 0.0005822254957448908
      z: 0.0
    orientation:
      x: 0.0
      y: 0.0
      z: 0.0025426865489652823
      w: 0.9999967673673319
navigation_time:
  sec: 1
  nanosec: 80000000
estimated_time_remaining:
  sec: 17
  nanosec: 571600610
number_of_recoveries: 0
distance_remaining: 3.3499999046325684

Feedback:
    current_pose:
  header:
    stamp:
      sec: 304
      nanosec: 60000000
    frame_id: map
  pose:
    position:
      x: 0.1512512047578848
      y: 0.0006021669324663177
      z: 0.0
    orientation:
      x: 0.0
      y: 0.0
      z: 0.0025104883626041654
      w: 0.9999968487191254
navigation_time:
  sec: 1
  nanosec: 88000000
estimated_time_remaining:
  sec: 17
  nanosec: 494816133
number_of_recoveries: 0
distance_remaining: 3.3499999046325684

Feedback:
    current_pose:
  header:
    stamp:
      sec: 304
      nanosec: 60000000
    frame_id: map
  pose:
    position:
      x: 0.1512512047578848
      y: 0.0006021669324663177
      z: 0.0
    orientation:
      x: 0.0
      y: 0.0
      z: 0.0025104883626041654
      w: 0.9999968487191254
navigation_time:
  sec: 1
  nanosec: 100000000
estimated_time_remaining:
  sec: 17
  nanosec: 494816133
number_of_recoveries: 0
distance_remaining: 3.3499999046325684

Feedback:
    current_pose:
  header:
    stamp:
      sec: 304
      nanosec: 80000000
    frame_id: map
  pose:
    position:
      x: 0.15520910898235016
      y: 0.0006219072652275536
      z: 0.0
    orientation:
      x: 0.0
      y: 0.0
      z: 0.0024770372293685134
      w: 0.9999969321385764
navigation_time:
  sec: 1
  nanosec: 108000000
estimated_time_remaining:
  sec: 17
  nanosec: 416778945
number_of_recoveries: 0
distance_remaining: 3.3499999046325684

Feedback:
    current_pose:
  header:
    stamp:
      sec: 304
      nanosec: 80000000
    frame_id: map
  pose:
    position:
      x: 0.15520910898235016
      y: 0.0006219072652275536
      z: 0.0
    orientation:
      x: 0.0
      y: 0.0
      z: 0.0024770372293685134
      w: 0.9999969321385764
navigation_time:
  sec: 1
  nanosec: 120000000
estimated_time_remaining:
  sec: 17
  nanosec: 416778945
number_of_recoveries: 0
distance_remaining: 3.3499999046325684

Feedback:
    current_pose:
  header:
    stamp:
      sec: 304
      nanosec: 100000000
    frame_id: map
  pose:
    position:
      x: 0.15925946003414884
      y: 0.0006419967812009012
      z: 0.0
    orientation:
      x: 0.0
      y: 0.0
      z: 0.0025082226390068674
      w: 0.9999968544046491
navigation_time:
  sec: 1
  nanosec: 128000000
estimated_time_remaining:
  sec: 17
  nanosec: 343651545
number_of_recoveries: 0
distance_remaining: 3.3499999046325684

Feedback:
    current_pose:
  header:
    stamp:
      sec: 304
      nanosec: 100000000
    frame_id: map
  pose:
    position:
      x: 0.15925946003414884
      y: 0.0006419967812009012
      z: 0.0
    orientation:
      x: 0.0
      y: 0.0
      z: 0.0025082226390068674
      w: 0.9999968544046491
navigation_time:
  sec: 1
  nanosec: 140000000
estimated_time_remaining:
  sec: 17
  nanosec: 343651545
number_of_recoveries: 0
distance_remaining: 3.3499999046325684

Feedback:
    current_pose:
  header:
    stamp:
      sec: 304
      nanosec: 120000000
    frame_id: map
  pose:
    position:
      x: 0.163439596427742
      y: 0.000663276899242901
      z: 0.0
    orientation:
      x: 0.0
      y: 0.0
      z: 0.0025824991066967467
      w: 0.9999966653436221
navigation_time:
  sec: 1
  nanosec: 148000000
estimated_time_remaining:
  sec: 17
  nanosec: 270425121
number_of_recoveries: 0
distance_remaining: 3.3499999046325684

Feedback:
    current_pose:
  header:
    stamp:
      sec: 304
      nanosec: 120000000
    frame_id: map
  pose:
    position:
      x: 0.163439596427742
      y: 0.000663276899242901
      z: 0.0
    orientation:
      x: 0.0
      y: 0.0
      z: 0.0025824991066967467
      w: 0.9999966653436221
navigation_time:
  sec: 1
  nanosec: 160000000
estimated_time_remaining:
  sec: 17
  nanosec: 270425121
number_of_recoveries: 0
distance_remaining: 3.3499999046325684

Feedback:
    current_pose:
  header:
    stamp:
      sec: 304
      nanosec: 140000000
    frame_id: map
  pose:
    position:
      x: 0.16763572941171032
      y: 0.0006852584990424858
      z: 0.0
    orientation:
      x: 0.0
      y: 0.0
      z: 0.002651763498963567
      w: 0.9999964840689918
navigation_time:
  sec: 1
  nanosec: 168000000
estimated_time_remaining:
  sec: 17
  nanosec: 180216819
number_of_recoveries: 0
distance_remaining: 3.3499999046325684

Feedback:
    current_pose:
  header:
    stamp:
      sec: 304
      nanosec: 140000000
    frame_id: map
  pose:
    position:
      x: 0.16763572941171032
      y: 0.0006852584990424858
      z: 0.0
    orientation:
      x: 0.0
      y: 0.0
      z: 0.002651763498963567
      w: 0.9999964840689918
navigation_time:
  sec: 1
  nanosec: 176000000
estimated_time_remaining:
  sec: 17
  nanosec: 180216819
number_of_recoveries: 0
distance_remaining: 3.3499999046325684

Feedback:
    current_pose:
  header:
    stamp:
      sec: 304
      nanosec: 160000000
    frame_id: map
  pose:
    position:
      x: 0.17192958590905774
      y: 0.0007082426566146917
      z: 0.0
    orientation:
      x: 0.0
      y: 0.0
      z: 0.002700979571933946
      w: 0.9999963523480234
navigation_time:
  sec: 1
  nanosec: 188000000
estimated_time_remaining:
  sec: 17
  nanosec: 53671895
number_of_recoveries: 0
distance_remaining: 3.3499999046325684

Feedback:
    current_pose:
  header:
    stamp:
      sec: 304
      nanosec: 160000000
    frame_id: map
  pose:
    position:
      x: 0.17192958590905774
      y: 0.0007082426566146917
      z: 0.0
    orientation:
      x: 0.0
      y: 0.0
      z: 0.002700979571933946
      w: 0.9999963523480234
navigation_time:
  sec: 1
  nanosec: 196000000
estimated_time_remaining:
  sec: 17
  nanosec: 53671895
number_of_recoveries: 0
distance_remaining: 3.3499999046325684

Feedback:
    current_pose:
  header:
    stamp:
      sec: 304
      nanosec: 180000000
    frame_id: map
  pose:
    position:
      x: 0.17622344012334198
      y: 0.0007316494690994516
      z: 0.0
    orientation:
      x: 0.0
      y: 0.0
      z: 0.002750195638148103
      w: 0.9999962182048249
navigation_time:
  sec: 1
  nanosec: 204000000
estimated_time_remaining:
  sec: 16
  nanosec: 652900364
number_of_recoveries: 0
distance_remaining: 3.299999952316284

Feedback:
    current_pose:
  header:
    stamp:
      sec: 304
      nanosec: 180000000
    frame_id: map
  pose:
    position:
      x: 0.17622344012334198
      y: 0.0007316494690994516
      z: 0.0
    orientation:
      x: 0.0
      y: 0.0
      z: 0.002750195638148103
      w: 0.9999962182048249
navigation_time:
  sec: 1
  nanosec: 212000000
estimated_time_remaining:
  sec: 16
  nanosec: 652900364
number_of_recoveries: 0
distance_remaining: 3.299999952316284

Feedback:
    current_pose:
  header:
    stamp:
      sec: 304
      nanosec: 180000000
    frame_id: map
  pose:
    position:
      x: 0.17622344012334198
      y: 0.0007316494690994516
      z: 0.0
    orientation:
      x: 0.0
      y: 0.0
      z: 0.002750195638148103
      w: 0.9999962182048249
navigation_time:
  sec: 1
  nanosec: 220000000
estimated_time_remaining:
  sec: 16
  nanosec: 652900364
number_of_recoveries: 0
distance_remaining: 3.299999952316284

Feedback:
    current_pose:
  header:
    stamp:
      sec: 304
      nanosec: 200000000
    frame_id: map
  pose:
    position:
      x: 0.18050265735966645
      y: 0.0007554032733623479
      z: 0.0
    orientation:
      x: 0.0
      y: 0.0
      z: 0.002801077699889282
      w: 0.9999960769741646
navigation_time:
  sec: 1
  nanosec: 228000000
estimated_time_remaining:
  sec: 16
  nanosec: 528567664
number_of_recoveries: 0
distance_remaining: 3.299999952316284

Feedback:
    current_pose:
  header:
    stamp:
      sec: 304
      nanosec: 200000000
    frame_id: map
  pose:
    position:
      x: 0.18050265735966645
      y: 0.0007554032733623479
      z: 0.0
    orientation:
      x: 0.0
      y: 0.0
      z: 0.002801077699889282
      w: 0.9999960769741646
navigation_time:
  sec: 1
  nanosec: 236000000
estimated_time_remaining:
  sec: 16
  nanosec: 528567664
number_of_recoveries: 0
distance_remaining: 3.299999952316284

Feedback:
    current_pose:
  header:
    stamp:
      sec: 304
      nanosec: 220000000
    frame_id: map
  pose:
    position:
      x: 0.1847782134840382
      y: 0.0007795752227679421
      z: 0.0
    orientation:
      x: 0.0
      y: 0.0
      z: 0.0028523762557465205
      w: 0.9999959319665734
navigation_time:
  sec: 1
  nanosec: 244000000
estimated_time_remaining:
  sec: 16
  nanosec: 423642269
number_of_recoveries: 0
distance_remaining: 3.299999952316284

Feedback:
    current_pose:
  header:
    stamp:
      sec: 304
      nanosec: 220000000
    frame_id: map
  pose:
    position:
      x: 0.1847782134840382
      y: 0.0007795752227679421
      z: 0.0
    orientation:
      x: 0.0
      y: 0.0
      z: 0.0028523762557465205
      w: 0.9999959319665734
navigation_time:
  sec: 1
  nanosec: 256000000
estimated_time_remaining:
  sec: 16
  nanosec: 423642269
number_of_recoveries: 0
distance_remaining: 3.299999952316284

Feedback:
    current_pose:
  header:
    stamp:
      sec: 304
      nanosec: 240000000
    frame_id: map
  pose:
    position:
      x: 0.18907799729402164
      y: 0.0008042235244258374
      z: 0.0
    orientation:
      x: 0.0
      y: 0.0
      z: 0.002864179928153451
      w: 0.9999958982282574
navigation_time:
  sec: 1
  nanosec: 264000000
estimated_time_remaining:
  sec: 16
  nanosec: 313704139
number_of_recoveries: 0
distance_remaining: 3.299999952316284

Feedback:
    current_pose:
  header:
    stamp:
      sec: 304
      nanosec: 240000000
    frame_id: map
  pose:
    position:
      x: 0.18907799729402164
      y: 0.0008042235244258374
      z: 0.0
    orientation:
      x: 0.0
      y: 0.0
      z: 0.002864179928153451
      w: 0.9999958982282574
navigation_time:
  sec: 1
  nanosec: 276000000
estimated_time_remaining:
  sec: 16
  nanosec: 313704139
number_of_recoveries: 0
distance_remaining: 3.299999952316284

Feedback:
    current_pose:
  header:
    stamp:
      sec: 304
      nanosec: 260000000
    frame_id: map
  pose:
    position:
      x: 0.19339393463253673
      y: 0.0008288843740046055
      z: 0.0
    orientation:
      x: 0.0
      y: 0.0
      z: 0.0028496536463268694
      w: 0.9999959397288052
navigation_time:
  sec: 1
  nanosec: 284000000
estimated_time_remaining:
  sec: 16
  nanosec: 195597188
number_of_recoveries: 0
distance_remaining: 3.299999952316284

Feedback:
    current_pose:
  header:
    stamp:
      sec: 304
      nanosec: 260000000
    frame_id: map
  pose:
    position:
      x: 0.19339393463253673
      y: 0.0008288843740046055
      z: 0.0
    orientation:
      x: 0.0
      y: 0.0
      z: 0.0028496536463268694
      w: 0.9999959397288052
navigation_time:
  sec: 1
  nanosec: 292000000
estimated_time_remaining:
  sec: 16
  nanosec: 195597188
number_of_recoveries: 0
distance_remaining: 3.299999952316284

Feedback:
    current_pose:
  header:
    stamp:
      sec: 304
      nanosec: 260000000
    frame_id: map
  pose:
    position:
      x: 0.19339393463253673
      y: 0.0008288843740046055
      z: 0.0
    orientation:
      x: 0.0
      y: 0.0
      z: 0.0028496536463268694
      w: 0.9999959397288052
navigation_time:
  sec: 1
  nanosec: 300000000
estimated_time_remaining:
  sec: 16
  nanosec: 195597188
number_of_recoveries: 0
distance_remaining: 3.299999952316284

Feedback:
    current_pose:
  header:
    stamp:
      sec: 304
      nanosec: 280000000
    frame_id: map
  pose:
    position:
      x: 0.19768833509028827
      y: 0.0008532629877608777
      z: 0.0
    orientation:
      x: 0.0
      y: 0.0
      z: 0.0028148352493922394
      w: 0.9999960383434119
navigation_time:
  sec: 1
  nanosec: 312000000
estimated_time_remaining:
  sec: 16
  nanosec: 80142044
number_of_recoveries: 0
distance_remaining: 3.299999952316284

Feedback:
    current_pose:
  header:
    stamp:
      sec: 304
      nanosec: 300000000
    frame_id: map
  pose:
    position:
      x: 0.20195043155020634
      y: 0.0008769793318510532
      z: 0.0
    orientation:
      x: 0.0
      y: 0.0
      z: 0.0027495786326462222
      w: 0.9999962199015269
navigation_time:
  sec: 1
  nanosec: 320000000
estimated_time_remaining:
  sec: 15
  nanosec: 975792857
number_of_recoveries: 0
distance_remaining: 3.299999952316284

Feedback:
    current_pose:
  header:
    stamp:
      sec: 304
      nanosec: 300000000
    frame_id: map
  pose:
    position:
      x: 0.20195043155020634
      y: 0.0008769793318510532
      z: 0.0
    orientation:
      x: 0.0
      y: 0.0
      z: 0.0027495786326462222
      w: 0.9999962199015269
navigation_time:
  sec: 1
  nanosec: 332000000
estimated_time_remaining:
  sec: 15
  nanosec: 975792857
number_of_recoveries: 0
distance_remaining: 3.299999952316284

Feedback:
    current_pose:
  header:
    stamp:
      sec: 304
      nanosec: 320000000
    frame_id: map
  pose:
    position:
      x: 0.2062125310691332
      y: 0.0009001394136001358
      z: 0.0
    orientation:
      x: 0.0
      y: 0.0
      z: 0.0026843220040915767
      w: 0.999996397201199
navigation_time:
  sec: 1
  nanosec: 340000000
estimated_time_remaining:
  sec: 15
  nanosec: 879347471
number_of_recoveries: 0
distance_remaining: 3.299999952316284

Feedback:
    current_pose:
  header:
    stamp:
      sec: 304
      nanosec: 320000000
    frame_id: map
  pose:
    position:
      x: 0.2062125310691332
      y: 0.0009001394136001358
      z: 0.0
    orientation:
      x: 0.0
      y: 0.0
      z: 0.0026843220040915767
      w: 0.999996397201199
navigation_time:
  sec: 1
  nanosec: 352000000
estimated_time_remaining:
  sec: 15
  nanosec: 879347471
number_of_recoveries: 0
distance_remaining: 3.299999952316284

Feedback:
    current_pose:
  header:
    stamp:
      sec: 304
      nanosec: 320000000
    frame_id: map
  pose:
    position:
      x: 0.2062125310691332
      y: 0.0009001394136001358
      z: 0.0
    orientation:
      x: 0.0
      y: 0.0
      z: 0.0026843220040915767
      w: 0.999996397201199
navigation_time:
  sec: 1
  nanosec: 360000000
estimated_time_remaining:
  sec: 15
  nanosec: 879347471
number_of_recoveries: 0
distance_remaining: 3.299999952316284

Feedback:
    current_pose:
  header:
    stamp:
      sec: 304
      nanosec: 340000000
    frame_id: map
  pose:
    position:
      x: 0.2104220246494055
      y: 0.0009224610150335685
      z: 0.0
    orientation:
      x: 0.0
      y: 0.0
      z: 0.002617904936727008
      w: 0.999996573281
navigation_time:
  sec: 1
  nanosec: 372000000
estimated_time_remaining:
  sec: 15
  nanosec: 794932146
number_of_recoveries: 0
distance_remaining: 3.299999952316284

Feedback:
    current_pose:
  header:
    stamp:
      sec: 304
      nanosec: 340000000
    frame_id: map
  pose:
    position:
      x: 0.2104220246494055
      y: 0.0009224610150335685
      z: 0.0
    orientation:
      x: 0.0
      y: 0.0
      z: 0.002617904936727008
      w: 0.999996573281
navigation_time:
  sec: 1
  nanosec: 380000000
estimated_time_remaining:
  sec: 15
  nanosec: 794932146
number_of_recoveries: 0
distance_remaining: 3.299999952316284

Feedback:
    current_pose:
  header:
    stamp:
      sec: 304
      nanosec: 360000000
    frame_id: map
  pose:
    position:
      x: 0.21461836892754826
      y: 0.0009441525668777077
      z: 0.0
    orientation:
      x: 0.0
      y: 0.0
      z: 0.002551197750548805
      w: 0.9999967456897235
navigation_time:
  sec: 1
  nanosec: 392000000
estimated_time_remaining:
  sec: 15
  nanosec: 603685008
number_of_recoveries: 0
distance_remaining: 3.2749998569488525

Feedback:
    current_pose:
  header:
    stamp:
      sec: 304
      nanosec: 360000000
    frame_id: map
  pose:
    position:
      x: 0.21461836892754826
      y: 0.0009441525668777077
      z: 0.0
    orientation:
      x: 0.0
      y: 0.0
      z: 0.002551197750548805
      w: 0.9999967456897235
navigation_time:
  sec: 1
  nanosec: 400000000
estimated_time_remaining:
  sec: 15
  nanosec: 603685008
number_of_recoveries: 0
distance_remaining: 3.2749998569488525

Feedback:
    current_pose:
  header:
    stamp:
      sec: 304
      nanosec: 380000000
    frame_id: map
  pose:
    position:
      x: 0.21878277565154094
      y: 0.00096517069722136
      z: 0.0
    orientation:
      x: 0.0
      y: 0.0
      z: 0.0025124250731304323
      w: 0.9999968438551453
navigation_time:
  sec: 1
  nanosec: 408000000
estimated_time_remaining:
  sec: 15
  nanosec: 543628318
number_of_recoveries: 0
distance_remaining: 3.2749998569488525

Feedback:
    current_pose:
  header:
    stamp:
      sec: 304
      nanosec: 380000000
    frame_id: map
  pose:
    position:
      x: 0.21878277565154094
      y: 0.00096517069722136
      z: 0.0
    orientation:
      x: 0.0
      y: 0.0
      z: 0.0025124250731304323
      w: 0.9999968438551453
navigation_time:
  sec: 1
  nanosec: 412000000
estimated_time_remaining:
  sec: 15
  nanosec: 543628318
number_of_recoveries: 0
distance_remaining: 3.2749998569488525

Feedback:
    current_pose:
  header:
    stamp:
      sec: 304
      nanosec: 400000000
    frame_id: map
  pose:
    position:
      x: 0.22289927251300706
      y: 0.0009858685544566503
      z: 0.0
    orientation:
      x: 0.0
      y: 0.0
      z: 0.002515554227762411
      w: 0.999996835988458
navigation_time:
  sec: 1
  nanosec: 424000000
estimated_time_remaining:
  sec: 15
  nanosec: 500242062
number_of_recoveries: 0
distance_remaining: 3.2749998569488525

Feedback:
    current_pose:
  header:
    stamp:
      sec: 304
      nanosec: 400000000
    frame_id: map
  pose:
    position:
      x: 0.22289927251300706
      y: 0.0009858685544566503
      z: 0.0
    orientation:
      x: 0.0
      y: 0.0
      z: 0.002515554227762411
      w: 0.999996835988458
navigation_time:
  sec: 1
  nanosec: 432000000
estimated_time_remaining:
  sec: 15
  nanosec: 500242062
number_of_recoveries: 0
distance_remaining: 3.2749998569488525

Feedback:
    current_pose:
  header:
    stamp:
      sec: 304
      nanosec: 400000000
    frame_id: map
  pose:
    position:
      x: 0.22289927251300706
      y: 0.0009858685544566503
      z: 0.0
    orientation:
      x: 0.0
      y: 0.0
      z: 0.002515554227762411
      w: 0.999996835988458
navigation_time:
  sec: 1
  nanosec: 440000000
estimated_time_remaining:
  sec: 15
  nanosec: 500242062
number_of_recoveries: 0
distance_remaining: 3.2749998569488525

Feedback:
    current_pose:
  header:
    stamp:
      sec: 304
      nanosec: 420000000
    frame_id: map
  pose:
    position:
      x: 0.22696379381348278
      y: 0.0009967352012988744
      z: 0.0
    orientation:
      x: 0.0
      y: 0.0
      z: 0.002537524466850172
      w: 0.9999967804796074
navigation_time:
  sec: 1
  nanosec: 444000000
estimated_time_remaining:
  sec: 15
  nanosec: 470777492
number_of_recoveries: 0
distance_remaining: 3.2749998569488525

Feedback:
    current_pose:
  header:
    stamp:
      sec: 304
      nanosec: 420000000
    frame_id: map
  pose:
    position:
      x: 0.22696379381348278
      y: 0.0009967352012988744
      z: 0.0
    orientation:
      x: 0.0
      y: 0.0
      z: 0.002537524466850172
      w: 0.9999967804796074
navigation_time:
  sec: 1
  nanosec: 452000000
estimated_time_remaining:
  sec: 15
  nanosec: 470777492
number_of_recoveries: 0
distance_remaining: 3.2749998569488525

Feedback:
    current_pose:
  header:
    stamp:
      sec: 304
      nanosec: 440000000
    frame_id: map
  pose:
    position:
      x: 0.23107948919756452
      y: 0.0010082173152891752
      z: 0.0
    orientation:
      x: 0.0
      y: 0.0
      z: 0.0026131542764562844
      w: 0.999996585706535
navigation_time:
  sec: 1
  nanosec: 464000000
estimated_time_remaining:
  sec: 15
  nanosec: 457169695
number_of_recoveries: 0
distance_remaining: 3.2749998569488525

Feedback:
    current_pose:
  header:
    stamp:
      sec: 304
      nanosec: 440000000
    frame_id: map
  pose:
    position:
      x: 0.23107948919756452
      y: 0.0010082173152891752
      z: 0.0
    orientation:
      x: 0.0
      y: 0.0
      z: 0.0026131542764562844
      w: 0.999996585706535
navigation_time:
  sec: 1
  nanosec: 476000000
estimated_time_remaining:
  sec: 15
  nanosec: 457169695
number_of_recoveries: 0
distance_remaining: 3.2749998569488525

Feedback:
    current_pose:
  header:
    stamp:
      sec: 304
      nanosec: 460000000
    frame_id: map
  pose:
    position:
      x: 0.23518580740416659
      y: 0.0010201256622614648
      z: 0.0
    orientation:
      x: 0.0
      y: 0.0
      z: 0.002668746795584319
      w: 0.9999964388889299
navigation_time:
  sec: 1
  nanosec: 484000000
estimated_time_remaining:
  sec: 15
  nanosec: 455427643
number_of_recoveries: 0
distance_remaining: 3.2749998569488525

Feedback:
    current_pose:
  header:
    stamp:
      sec: 304
      nanosec: 460000000
    frame_id: map
  pose:
    position:
      x: 0.23518580740416659
      y: 0.0010201256622614648
      z: 0.0
    orientation:
      x: 0.0
      y: 0.0
      z: 0.002668746795584319
      w: 0.9999964388889299
navigation_time:
  sec: 1
  nanosec: 492000000
estimated_time_remaining:
  sec: 15
  nanosec: 455427643
number_of_recoveries: 0
distance_remaining: 3.2749998569488525

Feedback:
    current_pose:
  header:
    stamp:
      sec: 304
      nanosec: 480000000
    frame_id: map
  pose:
    position:
      x: 0.23925462805205042
      y: 0.001031756926776574
      z: 0.0
    orientation:
      x: 0.0
      y: 0.0
      z: 0.002644190143489254
      w: 0.9999965041231321
navigation_time:
  sec: 1
  nanosec: 504000000
estimated_time_remaining:
  sec: 15
  nanosec: 353899407
number_of_recoveries: 0
distance_remaining: 3.25

Feedback:
    current_pose:
  header:
    stamp:
      sec: 304
      nanosec: 480000000
    frame_id: map
  pose:
    position:
      x: 0.23925462805205042
      y: 0.001031756926776574
      z: 0.0
    orientation:
      x: 0.0
      y: 0.0
      z: 0.002644190143489254
      w: 0.9999965041231321
navigation_time:
  sec: 1
  nanosec: 512000000
estimated_time_remaining:
  sec: 15
  nanosec: 353899407
number_of_recoveries: 0
distance_remaining: 3.25

Feedback:
    current_pose:
  header:
    stamp:
      sec: 304
      nanosec: 500000000
    frame_id: map
  pose:
    position:
      x: 0.24332345024782367
      y: 0.0010430435356279005
      z: 0.0
    orientation:
      x: 0.0
      y: 0.0
      z: 0.0026196334681590546
      w: 0.9999965687543595
navigation_time:
  sec: 1
  nanosec: 524000000
estimated_time_remaining:
  sec: 15
  nanosec: 385761324
number_of_recoveries: 0
distance_remaining: 3.25

Feedback:
    current_pose:
  header:
    stamp:
      sec: 304
      nanosec: 500000000
    frame_id: map
  pose:
    position:
      x: 0.24332345024782367
      y: 0.0010430435356279005
      z: 0.0
    orientation:
      x: 0.0
      y: 0.0
      z: 0.0026196334681590546
      w: 0.9999965687543595
navigation_time:
  sec: 1
  nanosec: 532000000
estimated_time_remaining:
  sec: 15
  nanosec: 385761324
number_of_recoveries: 0
distance_remaining: 3.25

Feedback:
    current_pose:
  header:
    stamp:
      sec: 304
      nanosec: 520000000
    frame_id: map
  pose:
    position:
      x: 0.24748242646895258
      y: 0.0010546371823498162
      z: 0.0
    orientation:
      x: 0.0
      y: 0.0
      z: 0.0026486707422742656
      w: 0.9999964922654975
navigation_time:
  sec: 1
  nanosec: 544000000
estimated_time_remaining:
  sec: 15
  nanosec: 405789460
number_of_recoveries: 0
distance_remaining: 3.25

Feedback:
    current_pose:
  header:
    stamp:
      sec: 304
      nanosec: 520000000
    frame_id: map
  pose:
    position:
      x: 0.24748242646895258
      y: 0.0010546371823498162
      z: 0.0
    orientation:
      x: 0.0
      y: 0.0
      z: 0.0026486707422742656
      w: 0.9999964922654975
navigation_time:
  sec: 1
  nanosec: 552000000
estimated_time_remaining:
  sec: 15
  nanosec: 405789460
number_of_recoveries: 0
distance_remaining: 3.25

Feedback:
    current_pose:
  header:
    stamp:
      sec: 304
      nanosec: 540000000
    frame_id: map
  pose:
    position:
      x: 0.2516748373012408
      y: 0.0010666127570700724
      z: 0.0
    orientation:
      x: 0.0
      y: 0.0
      z: 0.002691106525853858
      w: 0.9999963789662774
navigation_time:
  sec: 1
  nanosec: 564000000
estimated_time_remaining:
  sec: 15
  nanosec: 409654888
number_of_recoveries: 0
distance_remaining: 3.25

Feedback:
    current_pose:
  header:
    stamp:
      sec: 304
      nanosec: 540000000
    frame_id: map
  pose:
    position:
      x: 0.2516748373012408
      y: 0.0010666127570700724
      z: 0.0
    orientation:
      x: 0.0
      y: 0.0
      z: 0.002691106525853858
      w: 0.9999963789662774
navigation_time:
  sec: 1
  nanosec: 572000000
estimated_time_remaining:
  sec: 15
  nanosec: 409654888
number_of_recoveries: 0
distance_remaining: 3.25

Feedback:
    current_pose:
  header:
    stamp:
      sec: 304
      nanosec: 540000000
    frame_id: map
  pose:
    position:
      x: 0.2516748373012408
      y: 0.0010666127570700724
      z: 0.0
    orientation:
      x: 0.0
      y: 0.0
      z: 0.002691106525853858
      w: 0.9999963789662774
navigation_time:
  sec: 1
  nanosec: 580000000
estimated_time_remaining:
  sec: 15
  nanosec: 409654888
number_of_recoveries: 0
distance_remaining: 3.25

Feedback:
    current_pose:
  header:
    stamp:
      sec: 304
      nanosec: 560000000
    frame_id: map
  pose:
    position:
      x: 0.25587605687903525
      y: 0.0010788438170257109
      z: 0.0
    orientation:
      x: 0.0
      y: 0.0
      z: 0.002721109584743586
      w: 0.9999962977744606
navigation_time:
  sec: 1
  nanosec: 588000000
estimated_time_remaining:
  sec: 15
  nanosec: 411046894
number_of_recoveries: 0
distance_remaining: 3.25

Feedback:
    current_pose:
  header:
    stamp:
      sec: 304
      nanosec: 560000000
    frame_id: map
  pose:
    position:
      x: 0.25587605687903525
      y: 0.0010788438170257109
      z: 0.0
    orientation:
      x: 0.0
      y: 0.0
      z: 0.002721109584743586
      w: 0.9999962977744606
navigation_time:
  sec: 1
  nanosec: 596000000
estimated_time_remaining:
  sec: 15
  nanosec: 411046894
number_of_recoveries: 0
distance_remaining: 3.25

Feedback:
    current_pose:
  header:
    stamp:
      sec: 304
      nanosec: 580000000
    frame_id: map
  pose:
    position:
      x: 0.2601125175581556
      y: 0.0010911213118360635
      z: 0.0
    orientation:
      x: 0.0
      y: 0.0
      z: 0.0027013817105509628
      w: 0.9999963512617704
navigation_time:
  sec: 1
  nanosec: 604000000
estimated_time_remaining:
  sec: 15
  nanosec: 412020257
number_of_recoveries: 0
distance_remaining: 3.25

Feedback:
    current_pose:
  header:
    stamp:
      sec: 304
      nanosec: 580000000
    frame_id: map
  pose:
    position:
      x: 0.2601125175581556
      y: 0.0010911213118360635
      z: 0.0
    orientation:
      x: 0.0
      y: 0.0
      z: 0.0027013817105509628
      w: 0.9999963512617704
navigation_time:
  sec: 1
  nanosec: 612000000
estimated_time_remaining:
  sec: 15
  nanosec: 412020257
number_of_recoveries: 0
distance_remaining: 3.25

Feedback:
    current_pose:
  header:
    stamp:
      sec: 304
      nanosec: 580000000
    frame_id: map
  pose:
    position:
      x: 0.2601125175581556
      y: 0.0010911213118360635
      z: 0.0
    orientation:
      x: 0.0
      y: 0.0
      z: 0.0027013817105509628
      w: 0.9999963512617704
navigation_time:
  sec: 1
  nanosec: 620000000
estimated_time_remaining:
  sec: 15
  nanosec: 412020257
number_of_recoveries: 0
distance_remaining: 3.25

Feedback:
    current_pose:
  header:
    stamp:
      sec: 304
      nanosec: 600000000
    frame_id: map
  pose:
    position:
      x: 0.2643969791054658
      y: 0.001103312039489078
      z: 0.0
    orientation:
      x: 0.0
      y: 0.0
      z: 0.0026662900704762936
      w: 0.9999964454423126
navigation_time:
  sec: 1
  nanosec: 628000000
estimated_time_remaining:
  sec: 15
  nanosec: 284394585
number_of_recoveries: 0
distance_remaining: 3.2249999046325684

Feedback:
    current_pose:
  header:
    stamp:
      sec: 304
      nanosec: 600000000
    frame_id: map
  pose:
    position:
      x: 0.2643969791054658
      y: 0.001103312039489078
      z: 0.0
    orientation:
      x: 0.0
      y: 0.0
      z: 0.0026662900704762936
      w: 0.9999964454423126
navigation_time:
  sec: 1
  nanosec: 636000000
estimated_time_remaining:
  sec: 15
  nanosec: 284394585
number_of_recoveries: 0
distance_remaining: 3.2249999046325684

Feedback:
    current_pose:
  header:
    stamp:
      sec: 304
      nanosec: 620000000
    frame_id: map
  pose:
    position:
      x: 0.26894276234463904
      y: 0.001127365734767238
      z: 0.0
    orientation:
      x: 0.0
      y: 0.0
      z: 0.0026250846950544617
      w: 0.999996554459236
navigation_time:
  sec: 1
  nanosec: 644000000
estimated_time_remaining:
  sec: 15
  nanosec: 243924894
number_of_recoveries: 0
distance_remaining: 3.2249999046325684

Feedback:
    current_pose:
  header:
    stamp:
      sec: 304
      nanosec: 620000000
    frame_id: map
  pose:
    position:
      x: 0.26894276234463904
      y: 0.001127365734767238
      z: 0.0
    orientation:
      x: 0.0
      y: 0.0
      z: 0.0026250846950544617
      w: 0.999996554459236
navigation_time:
  sec: 1
  nanosec: 652000000
estimated_time_remaining:
  sec: 15
  nanosec: 243924894
number_of_recoveries: 0
distance_remaining: 3.2249999046325684

Feedback:
    current_pose:
  header:
    stamp:
      sec: 304
      nanosec: 620000000
    frame_id: map
  pose:
    position:
      x: 0.26894276234463904
      y: 0.001127365734767238
      z: 0.0
    orientation:
      x: 0.0
      y: 0.0
      z: 0.0026250846950544617
      w: 0.999996554459236
navigation_time:
  sec: 1
  nanosec: 660000000
estimated_time_remaining:
  sec: 15
  nanosec: 243924894
number_of_recoveries: 0
distance_remaining: 3.2249999046325684

Feedback:
    current_pose:
  header:
    stamp:
      sec: 304
      nanosec: 640000000
    frame_id: map
  pose:
    position:
      x: 0.27349799463967533
      y: 0.0011511169925985775
      z: 0.0
    orientation:
      x: 0.0
      y: 0.0
      z: 0.002596576916712508
      w: 0.9999966288884756
navigation_time:
  sec: 1
  nanosec: 672000000
estimated_time_remaining:
  sec: 15
  nanosec: 179259022
number_of_recoveries: 0
distance_remaining: 3.2249999046325684

Feedback:
    current_pose:
  header:
    stamp:
      sec: 304
      nanosec: 640000000
    frame_id: map
  pose:
    position:
      x: 0.27349799463967533
      y: 0.0011511169925985775
      z: 0.0
    orientation:
      x: 0.0
      y: 0.0
      z: 0.002596576916712508
      w: 0.9999966288884756
navigation_time:
  sec: 1
  nanosec: 680000000
estimated_time_remaining:
  sec: 15
  nanosec: 179259022
number_of_recoveries: 0
distance_remaining: 3.2249999046325684

Feedback:
    current_pose:
  header:
    stamp:
      sec: 304
      nanosec: 660000000
    frame_id: map
  pose:
    position:
      x: 0.27806739846729095
      y: 0.0011748036155559886
      z: 0.0
    orientation:
      x: 0.0
      y: 0.0
      z: 0.0025871155644555054
      w: 0.9999966534109284
navigation_time:
  sec: 1
  nanosec: 688000000
estimated_time_remaining:
  sec: 15
  nanosec: 106706375
number_of_recoveries: 0
distance_remaining: 3.2249999046325684

Feedback:
    current_pose:
  header:
    stamp:
      sec: 304
      nanosec: 660000000
    frame_id: map
  pose:
    position:
      x: 0.27806739846729095
      y: 0.0011748036155559886
      z: 0.0
    orientation:
      x: 0.0
      y: 0.0
      z: 0.0025871155644555054
      w: 0.9999966534109284
navigation_time:
  sec: 1
  nanosec: 700000000
estimated_time_remaining:
  sec: 15
  nanosec: 106706375
number_of_recoveries: 0
distance_remaining: 3.2249999046325684

Feedback:
    current_pose:
  header:
    stamp:
      sec: 304
      nanosec: 680000000
    frame_id: map
  pose:
    position:
      x: 0.2826368027423049
      y: 0.0011984037727234501
      z: 0.0
    orientation:
      x: 0.0
      y: 0.0
      z: 0.002577654211968644
      w: 0.9999966778438634
navigation_time:
  sec: 1
  nanosec: 712000000
estimated_time_remaining:
  sec: 15
  nanosec: 26094918
number_of_recoveries: 0
distance_remaining: 3.2249999046325684

Feedback:
    current_pose:
  header:
    stamp:
      sec: 304
      nanosec: 680000000
    frame_id: map
  pose:
    position:
      x: 0.2826368027423049
      y: 0.0011984037727234501
      z: 0.0
    orientation:
      x: 0.0
      y: 0.0
      z: 0.002577654211968644
      w: 0.9999966778438634
navigation_time:
  sec: 1
  nanosec: 720000000
estimated_time_remaining:
  sec: 15
  nanosec: 26094918
number_of_recoveries: 0
distance_remaining: 3.2249999046325684

Feedback:
    current_pose:
  header:
    stamp:
      sec: 304
      nanosec: 700000000
    frame_id: map
  pose:
    position:
      x: 0.2872752377299683
      y: 0.0012222606726523888
      z: 0.0
    orientation:
      x: 0.0
      y: 0.0
      z: 0.0025656027966684263
      w: 0.9999967088357289
navigation_time:
  sec: 1
  nanosec: 732000000
estimated_time_remaining:
  sec: 14
  nanosec: 933997397
number_of_recoveries: 0
distance_remaining: 3.2249999046325684

Feedback:
    current_pose:
  header:
    stamp:
      sec: 304
      nanosec: 700000000
    frame_id: map
  pose:
    position:
      x: 0.2872752377299683
      y: 0.0012222606726523888
      z: 0.0
    orientation:
      x: 0.0
      y: 0.0
      z: 0.0025656027966684263
      w: 0.9999967088357289
navigation_time:
  sec: 1
  nanosec: 740000000
estimated_time_remaining:
  sec: 14
  nanosec: 933997397
number_of_recoveries: 0
distance_remaining: 3.2249999046325684

Feedback:
    current_pose:
  header:
    stamp:
      sec: 304
      nanosec: 720000000
    frame_id: map
  pose:
    position:
      x: 0.2919136732915639
      y: 0.0012460057727700868
      z: 0.0
    orientation:
      x: 0.0
      y: 0.0
      z: 0.002553551380002807
      w: 0.9999967396823601
navigation_time:
  sec: 1
  nanosec: 748000000
estimated_time_remaining:
  sec: 14
  nanosec: 712207823
number_of_recoveries: 0
distance_remaining: 3.200000047683716

Feedback:
    current_pose:
  header:
    stamp:
      sec: 304
      nanosec: 720000000
    frame_id: map
  pose:
    position:
      x: 0.2919136732915639
      y: 0.0012460057727700868
      z: 0.0
    orientation:
      x: 0.0
      y: 0.0
      z: 0.002553551380002807
      w: 0.9999967396823601
navigation_time:
  sec: 1
  nanosec: 756000000
estimated_time_remaining:
  sec: 14
  nanosec: 712207823
number_of_recoveries: 0
distance_remaining: 3.200000047683716

Feedback:
    current_pose:
  header:
    stamp:
      sec: 304
      nanosec: 740000000
    frame_id: map
  pose:
    position:
      x: 0.2966137359016895
      y: 0.0012701606162845826
      z: 0.0
    orientation:
      x: 0.0
      y: 0.0
      z: 0.0025965561248600757
      w: 0.9999966289424631
navigation_time:
  sec: 1
  nanosec: 768000000
estimated_time_remaining:
  sec: 14
  nanosec: 599700220
number_of_recoveries: 0
distance_remaining: 3.200000047683716

Feedback:
    current_pose:
  header:
    stamp:
      sec: 304
      nanosec: 740000000
    frame_id: map
  pose:
    position:
      x: 0.2966137359016895
      y: 0.0012701606162845826
      z: 0.0
    orientation:
      x: 0.0
      y: 0.0
      z: 0.0025965561248600757
      w: 0.9999966289424631
navigation_time:
  sec: 1
  nanosec: 776000000
estimated_time_remaining:
  sec: 14
  nanosec: 599700220
number_of_recoveries: 0
distance_remaining: 3.200000047683716

Feedback:
    current_pose:
  header:
    stamp:
      sec: 304
      nanosec: 760000000
    frame_id: map
  pose:
    position:
      x: 0.3013292026825936
      y: 0.0012949165118793379
      z: 0.0
    orientation:
      x: 0.0
      y: 0.0
      z: 0.002653324929643332
      w: 0.9999964799272134
navigation_time:
  sec: 1
  nanosec: 784000000
estimated_time_remaining:
  sec: 14
  nanosec: 489611261
number_of_recoveries: 0
distance_remaining: 3.200000047683716

Feedback:
    current_pose:
  header:
    stamp:
      sec: 304
      nanosec: 760000000
    frame_id: map
  pose:
    position:
      x: 0.3013292026825936
      y: 0.0012949165118793379
      z: 0.0
    orientation:
      x: 0.0
      y: 0.0
      z: 0.002653324929643332
      w: 0.9999964799272134
navigation_time:
  sec: 1
  nanosec: 792000000
estimated_time_remaining:
  sec: 14
  nanosec: 489611261
number_of_recoveries: 0
distance_remaining: 3.200000047683716

Feedback:
    current_pose:
  header:
    stamp:
      sec: 304
      nanosec: 780000000
    frame_id: map
  pose:
    position:
      x: 0.3060428627579831
      y: 0.0013202449295903588
      z: 0.0
    orientation:
      x: 0.0
      y: 0.0
      z: 0.0027349679362210087
      w: 0.9999962599682
navigation_time:
  sec: 1
  nanosec: 804000000
estimated_time_remaining:
  sec: 14
  nanosec: 384018359
number_of_recoveries: 0
distance_remaining: 3.200000047683716

Feedback:
    current_pose:
  header:
    stamp:
      sec: 304
      nanosec: 780000000
    frame_id: map
  pose:
    position:
      x: 0.3060428627579831
      y: 0.0013202449295903588
      z: 0.0
    orientation:
      x: 0.0
      y: 0.0
      z: 0.0027349679362210087
      w: 0.9999962599682
navigation_time:
  sec: 1
  nanosec: 812000000
estimated_time_remaining:
  sec: 14
  nanosec: 384018359
number_of_recoveries: 0
distance_remaining: 3.200000047683716

Feedback:
    current_pose:
  header:
    stamp:
      sec: 304
      nanosec: 780000000
    frame_id: map
  pose:
    position:
      x: 0.3060428627579831
      y: 0.0013202449295903588
      z: 0.0
    orientation:
      x: 0.0
      y: 0.0
      z: 0.0027349679362210087
      w: 0.9999962599682
navigation_time:
  sec: 1
  nanosec: 820000000
estimated_time_remaining:
  sec: 14
  nanosec: 384018359
number_of_recoveries: 0
distance_remaining: 3.200000047683716

Feedback:
    current_pose:
  header:
    stamp:
      sec: 304
      nanosec: 800000000
    frame_id: map
  pose:
    position:
      x: 0.3107538118458792
      y: 0.0013465742152971676
      z: 0.0
    orientation:
      x: 0.0
      y: 0.0
      z: 0.0028539222772203947
      w: 0.9999959275555254
navigation_time:
  sec: 1
  nanosec: 828000000
estimated_time_remaining:
  sec: 14
  nanosec: 275736476
number_of_recoveries: 0
distance_remaining: 3.200000047683716

Feedback:
    current_pose:
  header:
    stamp:
      sec: 304
      nanosec: 800000000
    frame_id: map
  pose:
    position:
      x: 0.3107538118458792
      y: 0.0013465742152971676
      z: 0.0
    orientation:
      x: 0.0
      y: 0.0
      z: 0.0028539222772203947
      w: 0.9999959275555254
navigation_time:
  sec: 1
  nanosec: 836000000
estimated_time_remaining:
  sec: 14
  nanosec: 275736476
number_of_recoveries: 0
distance_remaining: 3.200000047683716

Feedback:
    current_pose:
  header:
    stamp:
      sec: 304
      nanosec: 820000000
    frame_id: map
  pose:
    position:
      x: 0.31547212012690845
      y: 0.0014133698819726714
      z: 0.0
    orientation:
      x: 0.0
      y: 0.0
      z: 0.0030048198931691993
      w: 0.9999954855185145
navigation_time:
  sec: 1
  nanosec: 844000000
estimated_time_remaining:
  sec: 14
  nanosec: 56431746
number_of_recoveries: 0
distance_remaining: 3.174999952316284

Feedback:
    current_pose:
  header:
    stamp:
      sec: 304
      nanosec: 820000000
    frame_id: map
  pose:
    position:
      x: 0.31547212012690845
      y: 0.0014133698819726714
      z: 0.0
    orientation:
      x: 0.0
      y: 0.0
      z: 0.0030048198931691993
      w: 0.9999954855185145
navigation_time:
  sec: 1
  nanosec: 852000000
estimated_time_remaining:
  sec: 14
  nanosec: 56431746
number_of_recoveries: 0
distance_remaining: 3.174999952316284

Feedback:
    current_pose:
  header:
    stamp:
      sec: 304
      nanosec: 840000000
    frame_id: map
  pose:
    position:
      x: 0.32013124950295874
      y: 0.00148131106365071
      z: 0.0
    orientation:
      x: 0.0
      y: 0.0
      z: 0.00309201030936319
      w: 0.9999952197246978
navigation_time:
  sec: 1
  nanosec: 864000000
estimated_time_remaining:
  sec: 13
  nanosec: 966019424
number_of_recoveries: 0
distance_remaining: 3.174999952316284

Feedback:
    current_pose:
  header:
    stamp:
      sec: 304
      nanosec: 840000000
    frame_id: map
  pose:
    position:
      x: 0.32013124950295874
      y: 0.00148131106365071
      z: 0.0
    orientation:
      x: 0.0
      y: 0.0
      z: 0.00309201030936319
      w: 0.9999952197246978
navigation_time:
  sec: 1
  nanosec: 872000000
estimated_time_remaining:
  sec: 13
  nanosec: 966019424
number_of_recoveries: 0
distance_remaining: 3.174999952316284

Feedback:
    current_pose:
  header:
    stamp:
      sec: 304
      nanosec: 840000000
    frame_id: map
  pose:
    position:
      x: 0.32013124950295874
      y: 0.00148131106365071
      z: 0.0
    orientation:
      x: 0.0
      y: 0.0
      z: 0.00309201030936319
      w: 0.9999952197246978
navigation_time:
  sec: 1
  nanosec: 880000000
estimated_time_remaining:
  sec: 13
  nanosec: 966019424
number_of_recoveries: 0
distance_remaining: 3.174999952316284

Feedback:
    current_pose:
  header:
    stamp:
      sec: 304
      nanosec: 860000000
    frame_id: map
  pose:
    position:
      x: 0.32479036819130497
      y: 0.0015505047814631423
      z: 0.0
    orientation:
      x: 0.0
      y: 0.0
      z: 0.0031792006863427913
      w: 0.9999949463287282
navigation_time:
  sec: 1
  nanosec: 888000000
estimated_time_remaining:
  sec: 13
  nanosec: 894103758
number_of_recoveries: 0
distance_remaining: 3.174999952316284

Feedback:
    current_pose:
  header:
    stamp:
      sec: 304
      nanosec: 860000000
    frame_id: map
  pose:
    position:
      x: 0.32479036819130497
      y: 0.0015505047814631423
      z: 0.0
    orientation:
      x: 0.0
      y: 0.0
      z: 0.0031792006863427913
      w: 0.9999949463287282
navigation_time:
  sec: 1
  nanosec: 896000000
estimated_time_remaining:
  sec: 13
  nanosec: 894103758
number_of_recoveries: 0
distance_remaining: 3.174999952316284

Feedback:
    current_pose:
  header:
    stamp:
      sec: 304
      nanosec: 880000000
    frame_id: map
  pose:
    position:
      x: 0.3294111928592765
      y: 0.0016201638102695112
      z: 0.0
    orientation:
      x: 0.0
      y: 0.0
      z: 0.0031492695251013727
      w: 0.9999950410384335
navigation_time:
  sec: 1
  nanosec: 908000000
estimated_time_remaining:
  sec: 13
  nanosec: 830501873
number_of_recoveries: 0
distance_remaining: 3.174999952316284

Feedback:
    current_pose:
  header:
    stamp:
      sec: 304
      nanosec: 880000000
    frame_id: map
  pose:
    position:
      x: 0.3294111928592765
      y: 0.0016201638102695112
      z: 0.0
    orientation:
      x: 0.0
      y: 0.0
      z: 0.0031492695251013727
      w: 0.9999950410384335
navigation_time:
  sec: 1
  nanosec: 916000000
estimated_time_remaining:
  sec: 13
  nanosec: 830501873
number_of_recoveries: 0
distance_remaining: 3.174999952316284

Feedback:
    current_pose:
  header:
    stamp:
      sec: 304
      nanosec: 900000000
    frame_id: map
  pose:
    position:
      x: 0.33403201346146355
      y: 0.001689987815704046
      z: 0.0
    orientation:
      x: 0.0
      y: 0.0
      z: 0.00311933832400536
      w: 0.9999951348523752
navigation_time:
  sec: 1
  nanosec: 928000000
estimated_time_remaining:
  sec: 13
  nanosec: 666698547
number_of_recoveries: 0
distance_remaining: 3.1499998569488525

Feedback:
    current_pose:
  header:
    stamp:
      sec: 304
      nanosec: 900000000
    frame_id: map
  pose:
    position:
      x: 0.33403201346146355
      y: 0.001689987815704046
      z: 0.0
    orientation:
      x: 0.0
      y: 0.0
      z: 0.00311933832400536
      w: 0.9999951348523752
navigation_time:
  sec: 1
  nanosec: 936000000
estimated_time_remaining:
  sec: 13
  nanosec: 666698547
number_of_recoveries: 0
distance_remaining: 3.1499998569488525

Feedback:
    current_pose:
  header:
    stamp:
      sec: 304
      nanosec: 920000000
    frame_id: map
  pose:
    position:
      x: 0.33871689428183904
      y: 0.0017604115810675115
      z: 0.0
    orientation:
      x: 0.0
      y: 0.0
      z: 0.003102202874097506
      w: 0.999995188157087
navigation_time:
  sec: 1
  nanosec: 948000000
estimated_time_remaining:
  sec: 13
  nanosec: 613997056
number_of_recoveries: 0
distance_remaining: 3.1499998569488525

Feedback:
    current_pose:
  header:
    stamp:
      sec: 304
      nanosec: 920000000
    frame_id: map
  pose:
    position:
      x: 0.33871689428183904
      y: 0.0017604115810675115
      z: 0.0
    orientation:
      x: 0.0
      y: 0.0
      z: 0.003102202874097506
      w: 0.999995188157087
navigation_time:
  sec: 1
  nanosec: 956000000
estimated_time_remaining:
  sec: 13
  nanosec: 613997056
number_of_recoveries: 0
distance_remaining: 3.1499998569488525

Feedback:
    current_pose:
  header:
    stamp:
      sec: 304
      nanosec: 940000000
    frame_id: map
  pose:
    position:
      x: 0.34345786738579154
      y: 0.0018315376964014795
      z: 0.0
    orientation:
      x: 0.0
      y: 0.0
      z: 0.00309359793687572
      w: 0.9999952148144535
navigation_time:
  sec: 1
  nanosec: 968000000
estimated_time_remaining:
  sec: 13
  nanosec: 571230905
number_of_recoveries: 0
distance_remaining: 3.1499998569488525

Feedback:
    current_pose:
  header:
    stamp:
      sec: 304
      nanosec: 940000000
    frame_id: map
  pose:
    position:
      x: 0.34345786738579154
      y: 0.0018315376964014795
      z: 0.0
    orientation:
      x: 0.0
      y: 0.0
      z: 0.00309359793687572
      w: 0.9999952148144535
navigation_time:
  sec: 1
  nanosec: 976000000
estimated_time_remaining:
  sec: 13
  nanosec: 571230905
number_of_recoveries: 0
distance_remaining: 3.1499998569488525

Feedback:
    current_pose:
  header:
    stamp:
      sec: 304
      nanosec: 960000000
    frame_id: map
  pose:
    position:
      x: 0.3481988350423244
      y: 0.0019030343696934005
      z: 0.0
    orientation:
      x: 0.0
      y: 0.0
      z: 0.0030849929994250375
      w: 0.9999952413977747
navigation_time:
  sec: 1
  nanosec: 984000000
estimated_time_remaining:
  sec: 13
  nanosec: 540536655
number_of_recoveries: 0
distance_remaining: 3.1499998569488525

Feedback:
    current_pose:
  header:
    stamp:
      sec: 304
      nanosec: 960000000
    frame_id: map
  pose:
    position:
      x: 0.3481988350423244
      y: 0.0019030343696934005
      z: 0.0
    orientation:
      x: 0.0
      y: 0.0
      z: 0.0030849929994250375
      w: 0.9999952413977747
navigation_time:
  sec: 1
  nanosec: 992000000
estimated_time_remaining:
  sec: 13
  nanosec: 540536655
number_of_recoveries: 0
distance_remaining: 3.1499998569488525

Feedback:
    current_pose:
  header:
    stamp:
      sec: 304
      nanosec: 980000000
    frame_id: map
  pose:
    position:
      x: 0.35298731419194573
      y: 0.0019751680830262823
      z: 0.0
    orientation:
      x: 0.0
      y: 0.0
      z: 0.003070394970764801
      w: 0.9999952863262523
navigation_time:
  sec: 2
  nanosec: 4000000
estimated_time_remaining:
  sec: 13
  nanosec: 507817540
number_of_recoveries: 0
distance_remaining: 3.1499998569488525

Feedback:
    current_pose:
  header:
    stamp:
      sec: 304
      nanosec: 980000000
    frame_id: map
  pose:
    position:
      x: 0.35298731419194573
      y: 0.0019751680830262823
      z: 0.0
    orientation:
      x: 0.0
      y: 0.0
      z: 0.003070394970764801
      w: 0.9999952863262523
navigation_time:
  sec: 2
  nanosec: 12000000
estimated_time_remaining:
  sec: 13
  nanosec: 507817540
number_of_recoveries: 0
distance_remaining: 3.1499998569488525

Feedback:
    current_pose:
  header:
    stamp:
      sec: 305
      nanosec: 0
    frame_id: map
  pose:
    position:
      x: 0.3577757881525003
      y: 0.0020476189539643352
      z: 0.0
    orientation:
      x: 0.0
      y: 0.0
      z: 0.003055796939432603
      w: 0.9999953310416327
navigation_time:
  sec: 2
  nanosec: 24000000
estimated_time_remaining:
  sec: 13
  nanosec: 472253275
number_of_recoveries: 0
distance_remaining: 3.1499998569488525

Feedback:
    current_pose:
  header:
    stamp:
      sec: 305
      nanosec: 0
    frame_id: map
  pose:
    position:
      x: 0.3577757881525003
      y: 0.0020476189539643352
      z: 0.0
    orientation:
      x: 0.0
      y: 0.0
      z: 0.003055796939432603
      w: 0.9999953310416327
navigation_time:
  sec: 2
  nanosec: 32000000
estimated_time_remaining:
  sec: 13
  nanosec: 472253275
number_of_recoveries: 0
distance_remaining: 3.1499998569488525

Feedback:
    current_pose:
  header:
    stamp:
      sec: 305
      nanosec: 0
    frame_id: map
  pose:
    position:
      x: 0.3577757881525003
      y: 0.0020476189539643352
      z: 0.0
    orientation:
      x: 0.0
      y: 0.0
      z: 0.003055796939432603
      w: 0.9999953310416327
navigation_time:
  sec: 2
  nanosec: 40000000
estimated_time_remaining:
  sec: 13
  nanosec: 472253275
number_of_recoveries: 0
distance_remaining: 3.1499998569488525

Feedback:
    current_pose:
  header:
    stamp:
      sec: 305
      nanosec: 20000000
    frame_id: map
  pose:
    position:
      x: 0.36257823031014397
      y: 0.0020768018713390487
      z: 0.0
    orientation:
      x: 0.0
      y: 0.0
      z: 0.0030277225938247386
      w: 0.9999954164374429
navigation_time:
  sec: 2
  nanosec: 48000000
estimated_time_remaining:
  sec: 13
  nanosec: 439828074
number_of_recoveries: 0
distance_remaining: 3.1499998569488525

Feedback:
    current_pose:
  header:
    stamp:
      sec: 305
      nanosec: 20000000
    frame_id: map
  pose:
    position:
      x: 0.36257823031014397
      y: 0.0020768018713390487
      z: 0.0
    orientation:
      x: 0.0
      y: 0.0
      z: 0.0030277225938247386
      w: 0.9999954164374429
navigation_time:
  sec: 2
  nanosec: 60000000
estimated_time_remaining:
  sec: 13
  nanosec: 439828074
number_of_recoveries: 0
distance_remaining: 3.1499998569488525

Feedback:
    current_pose:
  header:
    stamp:
      sec: 305
      nanosec: 40000000
    frame_id: map
  pose:
    position:
      x: 0.36738969184714015
      y: 0.0021058441022544614
      z: 0.0
    orientation:
      x: 0.0
      y: 0.0
      z: 0.0030082467076785035
      w: 0.999995475215636
navigation_time:
  sec: 2
  nanosec: 68000000
estimated_time_remaining:
  sec: 13
  nanosec: 409693540
number_of_recoveries: 0
distance_remaining: 3.1499998569488525

Feedback:
    current_pose:
  header:
    stamp:
      sec: 305
      nanosec: 40000000
    frame_id: map
  pose:
    position:
      x: 0.36738969184714015
      y: 0.0021058441022544614
      z: 0.0
    orientation:
      x: 0.0
      y: 0.0
      z: 0.0030082467076785035
      w: 0.999995475215636
navigation_time:
  sec: 2
  nanosec: 76000000
estimated_time_remaining:
  sec: 13
  nanosec: 409693540
number_of_recoveries: 0
distance_remaining: 3.1499998569488525

Feedback:
    current_pose:
  header:
    stamp:
      sec: 305
      nanosec: 60000000
    frame_id: map
  pose:
    position:
      x: 0.37221005951947483
      y: 0.0021347131673638393
      z: 0.0
    orientation:
      x: 0.0
      y: 0.0
      z: 0.002975274209478534
      w: 0.9999955738618937
navigation_time:
  sec: 2
  nanosec: 88000000
estimated_time_remaining:
  sec: 13
  nanosec: 383575872
number_of_recoveries: 0
distance_remaining: 3.1499998569488525

Feedback:
    current_pose:
  header:
    stamp:
      sec: 305
      nanosec: 60000000
    frame_id: map
  pose:
    position:
      x: 0.37221005951947483
      y: 0.0021347131673638393
      z: 0.0
    orientation:
      x: 0.0
      y: 0.0
      z: 0.002975274209478534
      w: 0.9999955738618937
navigation_time:
  sec: 2
  nanosec: 100000000
estimated_time_remaining:
  sec: 13
  nanosec: 383575872
number_of_recoveries: 0
distance_remaining: 3.1499998569488525

Feedback:
    current_pose:
  header:
    stamp:
      sec: 305
      nanosec: 80000000
    frame_id: map
  pose:
    position:
      x: 0.3770363660135357
      y: 0.002163230149872625
      z: 0.0
    orientation:
      x: 0.0
      y: 0.0
      z: 0.002933303954311504
      w: 0.9999956978547015
navigation_time:
  sec: 2
  nanosec: 108000000
estimated_time_remaining:
  sec: 13
  nanosec: 150954259
number_of_recoveries: 0
distance_remaining: 3.0999999046325684

Feedback:
    current_pose:
  header:
    stamp:
      sec: 305
      nanosec: 80000000
    frame_id: map
  pose:
    position:
      x: 0.3770363660135357
      y: 0.002163230149872625
      z: 0.0
    orientation:
      x: 0.0
      y: 0.0
      z: 0.002933303954311504
      w: 0.9999956978547015
navigation_time:
  sec: 2
  nanosec: 120000000
estimated_time_remaining:
  sec: 13
  nanosec: 150954259
number_of_recoveries: 0
distance_remaining: 3.0999999046325684

Feedback:
    current_pose:
  header:
    stamp:
      sec: 305
      nanosec: 100000000
    frame_id: map
  pose:
    position:
      x: 0.3818596787590983
      y: 0.0021913296390179563
      z: 0.0
    orientation:
      x: 0.0
      y: 0.0
      z: 0.0028965109660063237
      w: 0.9999958051033133
navigation_time:
  sec: 2
  nanosec: 128000000
estimated_time_remaining:
  sec: 13
  nanosec: 131758857
number_of_recoveries: 0
distance_remaining: 3.0999999046325684

Feedback:
    current_pose:
  header:
    stamp:
      sec: 305
      nanosec: 100000000
    frame_id: map
  pose:
    position:
      x: 0.3818596787590983
      y: 0.0021913296390179563
      z: 0.0
    orientation:
      x: 0.0
      y: 0.0
      z: 0.0028965109660063237
      w: 0.9999958051033133
navigation_time:
  sec: 2
  nanosec: 140000000
estimated_time_remaining:
  sec: 13
  nanosec: 131758857
number_of_recoveries: 0
distance_remaining: 3.0999999046325684

Feedback:
    current_pose:
  header:
    stamp:
      sec: 305
      nanosec: 120000000
    frame_id: map
  pose:
    position:
      x: 0.3866710084831264
      y: 0.002219124740712949
      z: 0.0
    orientation:
      x: 0.0
      y: 0.0
      z: 0.0028804271037480953
      w: 0.9999958515612453
navigation_time:
  sec: 2
  nanosec: 148000000
estimated_time_remaining:
  sec: 13
  nanosec: 113526984
number_of_recoveries: 0
distance_remaining: 3.0999999046325684

Feedback:
    current_pose:
  header:
    stamp:
      sec: 305
      nanosec: 120000000
    frame_id: map
  pose:
    position:
      x: 0.3866710084831264
      y: 0.002219124740712949
      z: 0.0
    orientation:
      x: 0.0
      y: 0.0
      z: 0.0028804271037480953
      w: 0.9999958515612453
navigation_time:
  sec: 2
  nanosec: 156000000
estimated_time_remaining:
  sec: 13
  nanosec: 113526984
number_of_recoveries: 0
distance_remaining: 3.0999999046325684

Feedback:
    current_pose:
  header:
    stamp:
      sec: 305
      nanosec: 140000000
    frame_id: map
  pose:
    position:
      x: 0.391482339098774
      y: 0.002246765072232399
      z: 0.0
    orientation:
      x: 0.0
      y: 0.0
      z: 0.0028643432408770805
      w: 0.9999958977604849
navigation_time:
  sec: 2
  nanosec: 164000000
estimated_time_remaining:
  sec: 13
  nanosec: 94869173
number_of_recoveries: 0
distance_remaining: 3.0999999046325684

Feedback:
    current_pose:
  header:
    stamp:
      sec: 305
      nanosec: 140000000
    frame_id: map
  pose:
    position:
      x: 0.391482339098774
      y: 0.002246765072232399
      z: 0.0
    orientation:
      x: 0.0
      y: 0.0
      z: 0.0028643432408770805
      w: 0.9999958977604849
navigation_time:
  sec: 2
  nanosec: 172000000
estimated_time_remaining:
  sec: 13
  nanosec: 94869173
number_of_recoveries: 0
distance_remaining: 3.0999999046325684

Feedback:
    current_pose:
  header:
    stamp:
      sec: 305
      nanosec: 160000000
    frame_id: map
  pose:
    position:
      x: 0.39622443692715686
      y: 0.00227370008480626
      z: 0.0
    orientation:
      x: 0.0
      y: 0.0
      z: 0.0027930772584059465
      w: 0.9999960993521069
navigation_time:
  sec: 2
  nanosec: 180000000
estimated_time_remaining:
  sec: 13
  nanosec: 75857222
number_of_recoveries: 0
distance_remaining: 3.0999999046325684

Feedback:
    current_pose:
  header:
    stamp:
      sec: 305
      nanosec: 160000000
    frame_id: map
  pose:
    position:
      x: 0.39622443692715686
      y: 0.00227370008480626
      z: 0.0
    orientation:
      x: 0.0
      y: 0.0
      z: 0.0027930772584059465
      w: 0.9999960993521069
navigation_time:
  sec: 2
  nanosec: 192000000
estimated_time_remaining:
  sec: 13
  nanosec: 75857222
number_of_recoveries: 0
distance_remaining: 3.0999999046325684

Feedback:
    current_pose:
  header:
    stamp:
      sec: 305
      nanosec: 160000000
    frame_id: map
  pose:
    position:
      x: 0.39622443692715686
      y: 0.00227370008480626
      z: 0.0
    orientation:
      x: 0.0
      y: 0.0
      z: 0.0027930772584059465
      w: 0.9999960993521069
navigation_time:
  sec: 2
  nanosec: 200000000
estimated_time_remaining:
  sec: 13
  nanosec: 75857222
number_of_recoveries: 0
distance_remaining: 3.0999999046325684

Feedback:
    current_pose:
  header:
    stamp:
      sec: 305
      nanosec: 180000000
    frame_id: map
  pose:
    position:
      x: 0.40092038366097266
      y: 0.00229942524193755
      z: 0.0
    orientation:
      x: 0.0
      y: 0.0
      z: 0.002685023122890502
      w: 0.9999963953189178
navigation_time:
  sec: 2
  nanosec: 208000000
estimated_time_remaining:
  sec: 13
  nanosec: 61733503
number_of_recoveries: 0
distance_remaining: 3.0999999046325684

Feedback:
    current_pose:
  header:
    stamp:
      sec: 305
      nanosec: 180000000
    frame_id: map
  pose:
    position:
      x: 0.40092038366097266
      y: 0.00229942524193755
      z: 0.0
    orientation:
      x: 0.0
      y: 0.0
      z: 0.002685023122890502
      w: 0.9999963953189178
navigation_time:
  sec: 2
  nanosec: 220000000
estimated_time_remaining:
  sec: 13
  nanosec: 61733503
number_of_recoveries: 0
distance_remaining: 3.0999999046325684

Feedback:
    current_pose:
  header:
    stamp:
      sec: 305
      nanosec: 200000000
    frame_id: map
  pose:
    position:
      x: 0.40563872039943766
      y: 0.0023242795909522965
      z: 0.0
    orientation:
      x: 0.0
      y: 0.0
      z: 0.0025915373420500824
      w: 0.9999966419614642
navigation_time:
  sec: 2
  nanosec: 228000000
estimated_time_remaining:
  sec: 13
  nanosec: 46394874
number_of_recoveries: 0
distance_remaining: 3.0999999046325684

Feedback:
    current_pose:
  header:
    stamp:
      sec: 305
      nanosec: 200000000
    frame_id: map
  pose:
    position:
      x: 0.40563872039943766
      y: 0.0023242795909522965
      z: 0.0
    orientation:
      x: 0.0
      y: 0.0
      z: 0.0025915373420500824
      w: 0.9999966419614642
navigation_time:
  sec: 2
  nanosec: 240000000
estimated_time_remaining:
  sec: 13
  nanosec: 46394874
number_of_recoveries: 0
distance_remaining: 3.0999999046325684

Feedback:
    current_pose:
  header:
    stamp:
      sec: 305
      nanosec: 220000000
    frame_id: map
  pose:
    position:
      x: 0.41030577113977584
      y: 0.00239001244015712
      z: 0.0
    orientation:
      x: 0.0
      y: 0.0
      z: 0.002659681207990438
      w: 0.9999964630416808
navigation_time:
  sec: 2
  nanosec: 248000000
estimated_time_remaining:
  sec: 13
  nanosec: 23030432
number_of_recoveries: 0
distance_remaining: 3.0999999046325684

Feedback:
    current_pose:
  header:
    stamp:
      sec: 305
      nanosec: 220000000
    frame_id: map
  pose:
    position:
      x: 0.41030577113977584
      y: 0.00239001244015712
      z: 0.0
    orientation:
      x: 0.0
      y: 0.0
      z: 0.002659681207990438
      w: 0.9999964630416808
navigation_time:
  sec: 2
  nanosec: 256000000
estimated_time_remaining:
  sec: 13
  nanosec: 23030432
number_of_recoveries: 0
distance_remaining: 3.0999999046325684

Feedback:
    current_pose:
  header:
    stamp:
      sec: 305
      nanosec: 240000000
    frame_id: map
  pose:
    position:
      x: 0.41498232393551443
      y: 0.0024577658002671704
      z: 0.0
    orientation:
      x: 0.0
      y: 0.0
      z: 0.002719947213536222
      w: 0.9999963009367362
navigation_time:
  sec: 2
  nanosec: 264000000
estimated_time_remaining:
  sec: 12
  nanosec: 896682617
number_of_recoveries: 0
distance_remaining: 3.075000047683716

Feedback:
    current_pose:
  header:
    stamp:
      sec: 305
      nanosec: 240000000
    frame_id: map
  pose:
    position:
      x: 0.41498232393551443
      y: 0.0024577658002671704
      z: 0.0
    orientation:
      x: 0.0
      y: 0.0
      z: 0.002719947213536222
      w: 0.9999963009367362
navigation_time:
  sec: 2
  nanosec: 272000000
estimated_time_remaining:
  sec: 12
  nanosec: 896682617
number_of_recoveries: 0
distance_remaining: 3.075000047683716

Feedback:
    current_pose:
  header:
    stamp:
      sec: 305
      nanosec: 240000000
    frame_id: map
  pose:
    position:
      x: 0.41498232393551443
      y: 0.0024577658002671704
      z: 0.0
    orientation:
      x: 0.0
      y: 0.0
      z: 0.002719947213536222
      w: 0.9999963009367362
navigation_time:
  sec: 2
  nanosec: 280000000
estimated_time_remaining:
  sec: 12
  nanosec: 896682617
number_of_recoveries: 0
distance_remaining: 3.075000047683716

Feedback:
    current_pose:
  header:
    stamp:
      sec: 305
      nanosec: 260000000
    frame_id: map
  pose:
    position:
      x: 0.41969701342646
      y: 0.002527458642710334
      z: 0.0
    orientation:
      x: 0.0
      y: 0.0
      z: 0.0027487017622793994
      w: 0.9999962223121757
navigation_time:
  sec: 2
  nanosec: 288000000
estimated_time_remaining:
  sec: 12
  nanosec: 881534525
number_of_recoveries: 0
distance_remaining: 3.075000047683716

Feedback:
    current_pose:
  header:
    stamp:
      sec: 305
      nanosec: 260000000
    frame_id: map
  pose:
    position:
      x: 0.41969701342646
      y: 0.002527458642710334
      z: 0.0
    orientation:
      x: 0.0
      y: 0.0
      z: 0.0027487017622793994
      w: 0.9999962223121757
navigation_time:
  sec: 2
  nanosec: 300000000
estimated_time_remaining:
  sec: 12
  nanosec: 881534525
number_of_recoveries: 0
distance_remaining: 3.075000047683716

Feedback:
    current_pose:
  header:
    stamp:
      sec: 305
      nanosec: 280000000
    frame_id: map
  pose:
    position:
      x: 0.42441166115532813
      y: 0.00259876906030167
      z: 0.0
    orientation:
      x: 0.0
      y: 0.0
      z: 0.0027774563079347235
      w: 0.9999961428607899
navigation_time:
  sec: 2
  nanosec: 308000000
estimated_time_remaining:
  sec: 12
  nanosec: 867929511
number_of_recoveries: 0
distance_remaining: 3.075000047683716

Feedback:
    current_pose:
  header:
    stamp:
      sec: 305
      nanosec: 280000000
    frame_id: map
  pose:
    position:
      x: 0.42441166115532813
      y: 0.00259876906030167
      z: 0.0
    orientation:
      x: 0.0
      y: 0.0
      z: 0.0027774563079347235
      w: 0.9999961428607899
navigation_time:
  sec: 2
  nanosec: 316000000
estimated_time_remaining:
  sec: 12
  nanosec: 867929511
number_of_recoveries: 0
distance_remaining: 3.075000047683716

Feedback:
    current_pose:
  header:
    stamp:
      sec: 305
      nanosec: 300000000
    frame_id: map
  pose:
    position:
      x: 0.4292360309813234
      y: 0.0026725489677672885
      z: 0.0
    orientation:
      x: 0.0
      y: 0.0
      z: 0.0028518519333188565
      w: 0.9999959334620068
navigation_time:
  sec: 2
  nanosec: 324000000
estimated_time_remaining:
  sec: 12
  nanosec: 849128810
number_of_recoveries: 0
distance_remaining: 3.075000047683716

Feedback:
    current_pose:
  header:
    stamp:
      sec: 305
      nanosec: 300000000
    frame_id: map
  pose:
    position:
      x: 0.4292360309813234
      y: 0.0026725489677672885
      z: 0.0
    orientation:
      x: 0.0
      y: 0.0
      z: 0.0028518519333188565
      w: 0.9999959334620068
navigation_time:
  sec: 2
  nanosec: 332000000
estimated_time_remaining:
  sec: 12
  nanosec: 849128810
number_of_recoveries: 0
distance_remaining: 3.075000047683716

Feedback:
    current_pose:
  header:
    stamp:
      sec: 305
      nanosec: 300000000
    frame_id: map
  pose:
    position:
      x: 0.4292360309813234
      y: 0.0026725489677672885
      z: 0.0
    orientation:
      x: 0.0
      y: 0.0
      z: 0.0028518519333188565
      w: 0.9999959334620068
navigation_time:
  sec: 2
  nanosec: 340000000
estimated_time_remaining:
  sec: 12
  nanosec: 849128810
number_of_recoveries: 0
distance_remaining: 3.075000047683716

Feedback:
    current_pose:
  header:
    stamp:
      sec: 305
      nanosec: 320000000
    frame_id: map
  pose:
    position:
      x: 0.43406779690483355
      y: 0.002748475994525665
      z: 0.0
    orientation:
      x: 0.0
      y: 0.0
      z: 0.0029262475570968737
      w: 0.9999957185284518
navigation_time:
  sec: 2
  nanosec: 348000000
estimated_time_remaining:
  sec: 12
  nanosec: 824556076
number_of_recoveries: 0
distance_remaining: 3.075000047683716

Feedback:
    current_pose:
  header:
    stamp:
      sec: 305
      nanosec: 320000000
    frame_id: map
  pose:
    position:
      x: 0.43406779690483355
      y: 0.002748475994525665
      z: 0.0
    orientation:
      x: 0.0
      y: 0.0
      z: 0.0029262475570968737
      w: 0.9999957185284518
navigation_time:
  sec: 2
  nanosec: 356000000
estimated_time_remaining:
  sec: 12
  nanosec: 824556076
number_of_recoveries: 0
distance_remaining: 3.075000047683716

Feedback:
    current_pose:
  header:
    stamp:
      sec: 305
      nanosec: 340000000
    frame_id: map
  pose:
    position:
      x: 0.43887920468920416
      y: 0.002826164653068079
      z: 0.0
    orientation:
      x: 0.0
      y: 0.0
      z: 0.002944099743862059
      w: 0.999995666128958
navigation_time:
  sec: 2
  nanosec: 364000000
estimated_time_remaining:
  sec: 12
  nanosec: 700054463
number_of_recoveries: 0
distance_remaining: 3.049999952316284

Feedback:
    current_pose:
  header:
    stamp:
      sec: 305
      nanosec: 340000000
    frame_id: map
  pose:
    position:
      x: 0.43887920468920416
      y: 0.002826164653068079
      z: 0.0
    orientation:
      x: 0.0
      y: 0.0
      z: 0.002944099743862059
      w: 0.999995666128958
navigation_time:
  sec: 2
  nanosec: 372000000
estimated_time_remaining:
  sec: 12
  nanosec: 700054463
number_of_recoveries: 0
distance_remaining: 3.049999952316284

Feedback:
    current_pose:
  header:
    stamp:
      sec: 305
      nanosec: 340000000
    frame_id: map
  pose:
    position:
      x: 0.43887920468920416
      y: 0.002826164653068079
      z: 0.0
    orientation:
      x: 0.0
      y: 0.0
      z: 0.002944099743862059
      w: 0.999995666128958
navigation_time:
  sec: 2
  nanosec: 380000000
estimated_time_remaining:
  sec: 12
  nanosec: 700054463
number_of_recoveries: 0
distance_remaining: 3.049999952316284

Feedback:
    current_pose:
  header:
    stamp:
      sec: 305
      nanosec: 360000000
    frame_id: map
  pose:
    position:
      x: 0.4436854914441325
      y: 0.002905241012273236
      z: 0.0
    orientation:
      x: 0.0
      y: 0.0
      z: 0.0029478160458211505
      w: 0.9999956551808413
navigation_time:
  sec: 2
  nanosec: 388000000
estimated_time_remaining:
  sec: 12
  nanosec: 685689979
number_of_recoveries: 0
distance_remaining: 3.049999952316284

Feedback:
    current_pose:
  header:
    stamp:
      sec: 305
      nanosec: 360000000
    frame_id: map
  pose:
    position:
      x: 0.4436854914441325
      y: 0.002905241012273236
      z: 0.0
    orientation:
      x: 0.0
      y: 0.0
      z: 0.0029478160458211505
      w: 0.9999956551808413
navigation_time:
  sec: 2
  nanosec: 396000000
estimated_time_remaining:
  sec: 12
  nanosec: 685689979
number_of_recoveries: 0
distance_remaining: 3.049999952316284

Feedback:
    current_pose:
  header:
    stamp:
      sec: 305
      nanosec: 380000000
    frame_id: map
  pose:
    position:
      x: 0.44839672280178994
      y: 0.0029852635285457663
      z: 0.0
    orientation:
      x: 0.0
      y: 0.0
      z: 0.0029813510894565113
      w: 0.999995555762965
navigation_time:
  sec: 2
  nanosec: 404000000
estimated_time_remaining:
  sec: 12
  nanosec: 681072817
number_of_recoveries: 0
distance_remaining: 3.049999952316284

Feedback:
    current_pose:
  header:
    stamp:
      sec: 305
      nanosec: 380000000
    frame_id: map
  pose:
    position:
      x: 0.44839672280178994
      y: 0.0029852635285457663
      z: 0.0
    orientation:
      x: 0.0
      y: 0.0
      z: 0.0029813510894565113
      w: 0.999995555762965
navigation_time:
  sec: 2
  nanosec: 412000000
estimated_time_remaining:
  sec: 12
  nanosec: 681072817
number_of_recoveries: 0
distance_remaining: 3.049999952316284

Feedback:
    current_pose:
  header:
    stamp:
      sec: 305
      nanosec: 380000000
    frame_id: map
  pose:
    position:
      x: 0.44839672280178994
      y: 0.0029852635285457663
      z: 0.0
    orientation:
      x: 0.0
      y: 0.0
      z: 0.0029813510894565113
      w: 0.999995555762965
navigation_time:
  sec: 2
  nanosec: 420000000
estimated_time_remaining:
  sec: 12
  nanosec: 681072817
number_of_recoveries: 0
distance_remaining: 3.049999952316284

Feedback:
    current_pose:
  header:
    stamp:
      sec: 305
      nanosec: 400000000
    frame_id: map
  pose:
    position:
      x: 0.45308415582533085
      y: 0.0030668647418829477
      z: 0.0
    orientation:
      x: 0.0
      y: 0.0
      z: 0.0030223408291443774
      w: 0.9999954327175262
navigation_time:
  sec: 2
  nanosec: 428000000
estimated_time_remaining:
  sec: 12
  nanosec: 687467472
number_of_recoveries: 0
distance_remaining: 3.049999952316284

Feedback:
    current_pose:
  header:
    stamp:
      sec: 305
      nanosec: 400000000
    frame_id: map
  pose:
    position:
      x: 0.45308415582533085
      y: 0.0030668647418829477
      z: 0.0
    orientation:
      x: 0.0
      y: 0.0
      z: 0.0030223408291443774
      w: 0.9999954327175262
navigation_time:
  sec: 2
  nanosec: 436000000
estimated_time_remaining:
  sec: 12
  nanosec: 687467472
number_of_recoveries: 0
distance_remaining: 3.049999952316284

Feedback:
    current_pose:
  header:
    stamp:
      sec: 305
      nanosec: 420000000
    frame_id: map
  pose:
    position:
      x: 0.45787778370711585
      y: 0.0030952642641295432
      z: 0.0
    orientation:
      x: 0.0
      y: 0.0
      z: 0.0028967652625377337
      w: 0.9999958043667051
navigation_time:
  sec: 2
  nanosec: 448000000
estimated_time_remaining:
  sec: 12
  nanosec: 694342103
number_of_recoveries: 0
distance_remaining: 3.049999952316284

Feedback:
    current_pose:
  header:
    stamp:
      sec: 305
      nanosec: 420000000
    frame_id: map
  pose:
    position:
      x: 0.45787778370711585
      y: 0.0030952642641295432
      z: 0.0
    orientation:
      x: 0.0
      y: 0.0
      z: 0.0028967652625377337
      w: 0.9999958043667051
navigation_time:
  sec: 2
  nanosec: 456000000
estimated_time_remaining:
  sec: 12
  nanosec: 694342103
number_of_recoveries: 0
distance_remaining: 3.049999952316284

Feedback:
    current_pose:
  header:
    stamp:
      sec: 305
      nanosec: 440000000
    frame_id: map
  pose:
    position:
      x: 0.4626766582373193
      y: 0.003122432256561351
      z: 0.0
    orientation:
      x: 0.0
      y: 0.0
      z: 0.0027644925339023276
      w: 0.9999961787832142
navigation_time:
  sec: 2
  nanosec: 468000000
estimated_time_remaining:
  sec: 12
  nanosec: 593741485
number_of_recoveries: 0
distance_remaining: 3.0249998569488525

Feedback:
    current_pose:
  header:
    stamp:
      sec: 305
      nanosec: 440000000
    frame_id: map
  pose:
    position:
      x: 0.4626766582373193
      y: 0.003122432256561351
      z: 0.0
    orientation:
      x: 0.0
      y: 0.0
      z: 0.0027644925339023276
      w: 0.9999961787832142
navigation_time:
  sec: 2
  nanosec: 476000000
estimated_time_remaining:
  sec: 12
  nanosec: 593741485
number_of_recoveries: 0
distance_remaining: 3.0249998569488525

Feedback:
    current_pose:
  header:
    stamp:
      sec: 305
      nanosec: 460000000
    frame_id: map
  pose:
    position:
      x: 0.46744083184889373
      y: 0.003148065262076494
      z: 0.0
    orientation:
      x: 0.0
      y: 0.0
      z: 0.0026041022988154763
      w: 0.9999966093198602
navigation_time:
  sec: 2
  nanosec: 484000000
estimated_time_remaining:
  sec: 12
  nanosec: 598628101
number_of_recoveries: 0
distance_remaining: 3.0249998569488525

Feedback:
    current_pose:
  header:
    stamp:
      sec: 305
      nanosec: 460000000
    frame_id: map
  pose:
    position:
      x: 0.46744083184889373
      y: 0.003148065262076494
      z: 0.0
    orientation:
      x: 0.0
      y: 0.0
      z: 0.0026041022988154763
      w: 0.9999966093198602
navigation_time:
  sec: 2
  nanosec: 492000000
estimated_time_remaining:
  sec: 12
  nanosec: 598628101
number_of_recoveries: 0
distance_remaining: 3.0249998569488525

Feedback:
    current_pose:
  header:
    stamp:
      sec: 305
      nanosec: 460000000
    frame_id: map
  pose:
    position:
      x: 0.46744083184889373
      y: 0.003148065262076494
      z: 0.0
    orientation:
      x: 0.0
      y: 0.0
      z: 0.0026041022988154763
      w: 0.9999966093198602
navigation_time:
  sec: 2
  nanosec: 500000000
estimated_time_remaining:
  sec: 12
  nanosec: 598628101
number_of_recoveries: 0
distance_remaining: 3.0249998569488525

Feedback:
    current_pose:
  header:
    stamp:
      sec: 305
      nanosec: 480000000
    frame_id: map
  pose:
    position:
      x: 0.4721818752197554
      y: 0.0031719085239308433
      z: 0.0
    orientation:
      x: 0.0
      y: 0.0
      z: 0.002424966991459543
      w: 0.9999970597632225
navigation_time:
  sec: 2
  nanosec: 508000000
estimated_time_remaining:
  sec: 12
  nanosec: 602584230
number_of_recoveries: 0
distance_remaining: 3.0249998569488525

Feedback:
    current_pose:
  header:
    stamp:
      sec: 305
      nanosec: 480000000
    frame_id: map
  pose:
    position:
      x: 0.4721818752197554
      y: 0.0031719085239308433
      z: 0.0
    orientation:
      x: 0.0
      y: 0.0
      z: 0.002424966991459543
      w: 0.9999970597632225
navigation_time:
  sec: 2
  nanosec: 516000000
estimated_time_remaining:
  sec: 12
  nanosec: 602584230
number_of_recoveries: 0
distance_remaining: 3.0249998569488525

Feedback:
    current_pose:
  header:
    stamp:
      sec: 305
      nanosec: 500000000
    frame_id: map
  pose:
    position:
      x: 0.4769200498611638
      y: 0.0031940138767399457
      z: 0.0
    orientation:
      x: 0.0
      y: 0.0
      z: 0.0022319970040657676
      w: 0.9999975090915845
navigation_time:
  sec: 2
  nanosec: 524000000
estimated_time_remaining:
  sec: 12
  nanosec: 599210259
number_of_recoveries: 0
distance_remaining: 3.0249998569488525

Feedback:
    current_pose:
  header:
    stamp:
      sec: 305
      nanosec: 500000000
    frame_id: map
  pose:
    position:
      x: 0.4769200498611638
      y: 0.0031940138767399457
      z: 0.0
    orientation:
      x: 0.0
      y: 0.0
      z: 0.0022319970040657676
      w: 0.9999975090915845
navigation_time:
  sec: 2
  nanosec: 532000000
estimated_time_remaining:
  sec: 12
  nanosec: 599210259
number_of_recoveries: 0
distance_remaining: 3.0249998569488525

Feedback:
    current_pose:
  header:
    stamp:
      sec: 305
      nanosec: 500000000
    frame_id: map
  pose:
    position:
      x: 0.4769200498611638
      y: 0.0031940138767399457
      z: 0.0
    orientation:
      x: 0.0
      y: 0.0
      z: 0.0022319970040657676
      w: 0.9999975090915845
navigation_time:
  sec: 2
  nanosec: 540000000
estimated_time_remaining:
  sec: 12
  nanosec: 599210259
number_of_recoveries: 0
distance_remaining: 3.0249998569488525

Feedback:
    current_pose:
  header:
    stamp:
      sec: 305
      nanosec: 520000000
    frame_id: map
  pose:
    position:
      x: 0.48165391762713067
      y: 0.003214134238762217
      z: 0.0
    orientation:
      x: 0.0
      y: 0.0
      z: 0.002018274993573525
      w: 0.999997963280951
navigation_time:
  sec: 2
  nanosec: 548000000
estimated_time_remaining:
  sec: 12
  nanosec: 594479565
number_of_recoveries: 0
distance_remaining: 3.0249998569488525

Feedback:
    current_pose:
  header:
    stamp:
      sec: 305
      nanosec: 520000000
    frame_id: map
  pose:
    position:
      x: 0.48165391762713067
      y: 0.003214134238762217
      z: 0.0
    orientation:
      x: 0.0
      y: 0.0
      z: 0.002018274993573525
      w: 0.999997963280951
navigation_time:
  sec: 2
  nanosec: 556000000
estimated_time_remaining:
  sec: 12
  nanosec: 594479565
number_of_recoveries: 0
distance_remaining: 3.0249998569488525

Feedback:
    current_pose:
  header:
    stamp:
      sec: 305
      nanosec: 540000000
    frame_id: map
  pose:
    position:
      x: 0.4863697093458047
      y: 0.0032321782513955355
      z: 0.0
    orientation:
      x: 0.0
      y: 0.0
      z: 0.0018119827258217059
      w: 0.999998358357953
navigation_time:
  sec: 2
  nanosec: 568000000
estimated_time_remaining:
  sec: 12
  nanosec: 596171291
number_of_recoveries: 0
distance_remaining: 3.0249998569488525

Feedback:
    current_pose:
  header:
    stamp:
      sec: 305
      nanosec: 540000000
    frame_id: map
  pose:
    position:
      x: 0.4863697093458047
      y: 0.0032321782513955355
      z: 0.0
    orientation:
      x: 0.0
      y: 0.0
      z: 0.0018119827258217059
      w: 0.999998358357953
navigation_time:
  sec: 2
  nanosec: 572000000
estimated_time_remaining:
  sec: 12
  nanosec: 596171291
number_of_recoveries: 0
distance_remaining: 3.0249998569488525

Feedback:
    current_pose:
  header:
    stamp:
      sec: 305
      nanosec: 560000000
    frame_id: map
  pose:
    position:
      x: 0.4910583815955098
      y: 0.003248254925585115
      z: 0.0
    orientation:
      x: 0.0
      y: 0.0
      z: 0.0016168351521107392
      w: 0.9999986929211913
navigation_time:
  sec: 2
  nanosec: 584000000
estimated_time_remaining:
  sec: 12
  nanosec: 500934396
number_of_recoveries: 0
distance_remaining: 3.0

Feedback:
    current_pose:
  header:
    stamp:
      sec: 305
      nanosec: 560000000
    frame_id: map
  pose:
    position:
      x: 0.4910583815955098
      y: 0.003248254925585115
      z: 0.0
    orientation:
      x: 0.0
      y: 0.0
      z: 0.0016168351521107392
      w: 0.9999986929211913
navigation_time:
  sec: 2
  nanosec: 592000000
estimated_time_remaining:
  sec: 12
  nanosec: 500934396
number_of_recoveries: 0
distance_remaining: 3.0

Feedback:
    current_pose:
  header:
    stamp:
      sec: 305
      nanosec: 560000000
    frame_id: map
  pose:
    position:
      x: 0.4910583815955098
      y: 0.003248254925585115
      z: 0.0
    orientation:
      x: 0.0
      y: 0.0
      z: 0.0016168351521107392
      w: 0.9999986929211913
navigation_time:
  sec: 2
  nanosec: 600000000
estimated_time_remaining:
  sec: 12
  nanosec: 500934396
number_of_recoveries: 0
distance_remaining: 3.0

Feedback:
    current_pose:
  header:
    stamp:
      sec: 305
      nanosec: 580000000
    frame_id: map
  pose:
    position:
      x: 0.49579505956468345
      y: 0.0032626393047483168
      z: 0.0
    orientation:
      x: 0.0
      y: 0.0
      z: 0.0014206886196820403
      w: 0.9999989908214136
navigation_time:
  sec: 2
  nanosec: 612000000
estimated_time_remaining:
  sec: 12
  nanosec: 511999584
number_of_recoveries: 0
distance_remaining: 3.0

Feedback:
    current_pose:
  header:
    stamp:
      sec: 305
      nanosec: 600000000
    frame_id: map
  pose:
    position:
      x: 0.5006452277988239
      y: 0.0032754618848557736
      z: 0.0
    orientation:
      x: 0.0
      y: 0.0
      z: 0.0012230436835266672
      w: 0.9999992520817944
navigation_time:
  sec: 2
  nanosec: 620000000
estimated_time_remaining:
  sec: 12
  nanosec: 513020689
number_of_recoveries: 0
distance_remaining: 3.0

Feedback:
    current_pose:
  header:
    stamp:
      sec: 305
      nanosec: 600000000
    frame_id: map
  pose:
    position:
      x: 0.5006452277988239
      y: 0.0032754618848557736
      z: 0.0
    orientation:
      x: 0.0
      y: 0.0
      z: 0.0012230436835266672
      w: 0.9999992520817944
navigation_time:
  sec: 2
  nanosec: 632000000
estimated_time_remaining:
  sec: 12
  nanosec: 513020689
number_of_recoveries: 0
distance_remaining: 3.0

Feedback:
    current_pose:
  header:
    stamp:
      sec: 305
      nanosec: 600000000
    frame_id: map
  pose:
    position:
      x: 0.5006452277988239
      y: 0.0032754618848557736
      z: 0.0
    orientation:
      x: 0.0
      y: 0.0
      z: 0.0012230436835266672
      w: 0.9999992520817944
navigation_time:
  sec: 2
  nanosec: 640000000
estimated_time_remaining:
  sec: 12
  nanosec: 513020689
number_of_recoveries: 0
distance_remaining: 3.0

Feedback:
    current_pose:
  header:
    stamp:
      sec: 305
      nanosec: 620000000
    frame_id: map
  pose:
    position:
      x: 0.5056599611894053
      y: 0.0033228544806066336
      z: 0.0
    orientation:
      x: 0.0
      y: 0.0
      z: 0.0010807975614411471
      w: 0.999999415938145
navigation_time:
  sec: 2
  nanosec: 648000000
estimated_time_remaining:
  sec: 12
  nanosec: 515269186
number_of_recoveries: 0
distance_remaining: 3.0

Feedback:
    current_pose:
  header:
    stamp:
      sec: 305
      nanosec: 620000000
    frame_id: map
  pose:
    position:
      x: 0.5056599611894053
      y: 0.0033228544806066336
      z: 0.0
    orientation:
      x: 0.0
      y: 0.0
      z: 0.0010807975614411471
      w: 0.999999415938145
navigation_time:
  sec: 2
  nanosec: 660000000
estimated_time_remaining:
  sec: 12
  nanosec: 515269186
number_of_recoveries: 0
distance_remaining: 3.0

Feedback:
    current_pose:
  header:
    stamp:
      sec: 305
      nanosec: 640000000
    frame_id: map
  pose:
    position:
      x: 0.5105996421188123
      y: 0.003369509010026797
      z: 0.0
    orientation:
      x: 0.0
      y: 0.0
      z: 0.001016589312195873
      w: 0.9999994832729519
navigation_time:
  sec: 2
  nanosec: 668000000
estimated_time_remaining:
  sec: 12
  nanosec: 534763515
number_of_recoveries: 0
distance_remaining: 3.0

Feedback:
    current_pose:
  header:
    stamp:
      sec: 305
      nanosec: 640000000
    frame_id: map
  pose:
    position:
      x: 0.5105996421188123
      y: 0.003369509010026797
      z: 0.0
    orientation:
      x: 0.0
      y: 0.0
      z: 0.001016589312195873
      w: 0.9999994832729519
navigation_time:
  sec: 2
  nanosec: 676000000
estimated_time_remaining:
  sec: 12
  nanosec: 534763515
number_of_recoveries: 0
distance_remaining: 3.0

Feedback:
    current_pose:
  header:
    stamp:
      sec: 305
      nanosec: 660000000
    frame_id: map
  pose:
    position:
      x: 0.5155393209595174
      y: 0.0034158941292965366
      z: 0.0
    orientation:
      x: 0.0
      y: 0.0
      z: 0.0009523810783157252
      w: 0.9999995464850381
navigation_time:
  sec: 2
  nanosec: 688000000
estimated_time_remaining:
  sec: 12
  nanosec: 454763133
number_of_recoveries: 0
distance_remaining: 2.9749999046325684

Feedback:
    current_pose:
  header:
    stamp:
      sec: 305
      nanosec: 660000000
    frame_id: map
  pose:
    position:
      x: 0.5155393209595174
      y: 0.0034158941292965366
      z: 0.0
    orientation:
      x: 0.0
      y: 0.0
      z: 0.0009523810783157252
      w: 0.9999995464850381
navigation_time:
  sec: 2
  nanosec: 692000000
estimated_time_remaining:
  sec: 12
  nanosec: 454763133
number_of_recoveries: 0
distance_remaining: 2.9749999046325684

Feedback:
    current_pose:
  header:
    stamp:
      sec: 305
      nanosec: 680000000
    frame_id: map
  pose:
    position:
      x: 0.520478307187019
      y: 0.003462044744512764
      z: 0.0
    orientation:
      x: 0.0
      y: 0.0
      z: 0.0009008516363367637
      w: 0.9999995942330823
navigation_time:
  sec: 2
  nanosec: 704000000
estimated_time_remaining:
  sec: 12
  nanosec: 477295465
number_of_recoveries: 0
distance_remaining: 2.9749999046325684

Feedback:
    current_pose:
  header:
    stamp:
      sec: 305
      nanosec: 680000000
    frame_id: map
  pose:
    position:
      x: 0.520478307187019
      y: 0.003462044744512764
      z: 0.0
    orientation:
      x: 0.0
      y: 0.0
      z: 0.0009008516363367637
      w: 0.9999995942330823
navigation_time:
  sec: 2
  nanosec: 712000000
estimated_time_remaining:
  sec: 12
  nanosec: 477295465
number_of_recoveries: 0
distance_remaining: 2.9749999046325684

Feedback:
    current_pose:
  header:
    stamp:
      sec: 305
      nanosec: 680000000
    frame_id: map
  pose:
    position:
      x: 0.520478307187019
      y: 0.003462044744512764
      z: 0.0
    orientation:
      x: 0.0
      y: 0.0
      z: 0.0009008516363367637
      w: 0.9999995942330823
navigation_time:
  sec: 2
  nanosec: 720000000
estimated_time_remaining:
  sec: 12
  nanosec: 477295465
number_of_recoveries: 0
distance_remaining: 2.9749999046325684

Feedback:
    current_pose:
  header:
    stamp:
      sec: 305
      nanosec: 700000000
    frame_id: map
  pose:
    position:
      x: 0.5254168306161247
      y: 0.003508110046531337
      z: 0.0
    orientation:
      x: 0.0
      y: 0.0
      z: 0.0008577747339905022
      w: 0.9999996321111851
navigation_time:
  sec: 2
  nanosec: 728000000
estimated_time_remaining:
  sec: 12
  nanosec: 491795352
number_of_recoveries: 0
distance_remaining: 2.9749999046325684

Feedback:
    current_pose:
  header:
    stamp:
      sec: 305
      nanosec: 700000000
    frame_id: map
  pose:
    position:
      x: 0.5254168306161247
      y: 0.003508110046531337
      z: 0.0
    orientation:
      x: 0.0
      y: 0.0
      z: 0.0008577747339905022
      w: 0.9999996321111851
navigation_time:
  sec: 2
  nanosec: 736000000
estimated_time_remaining:
  sec: 12
  nanosec: 491795352
number_of_recoveries: 0
distance_remaining: 2.9749999046325684

Feedback:
    current_pose:
  header:
    stamp:
      sec: 305
      nanosec: 720000000
    frame_id: map
  pose:
    position:
      x: 0.5303544655969648
      y: 0.0035541131962326337
      z: 0.0
    orientation:
      x: 0.0
      y: 0.0
      z: 0.0008227836117021918
      w: 0.9999996615135069
navigation_time:
  sec: 2
  nanosec: 744000000
estimated_time_remaining:
  sec: 12
  nanosec: 496690639
number_of_recoveries: 0
distance_remaining: 2.9749999046325684

Feedback:
    current_pose:
  header:
    stamp:
      sec: 305
      nanosec: 720000000
    frame_id: map
  pose:
    position:
      x: 0.5303544655969648
      y: 0.0035541131962326337
      z: 0.0
    orientation:
      x: 0.0
      y: 0.0
      z: 0.0008227836117021918
      w: 0.9999996615135069
navigation_time:
  sec: 2
  nanosec: 756000000
estimated_time_remaining:
  sec: 12
  nanosec: 496690639
number_of_recoveries: 0
distance_remaining: 2.9749999046325684

Feedback:
    current_pose:
  header:
    stamp:
      sec: 305
      nanosec: 720000000
    frame_id: map
  pose:
    position:
      x: 0.5303544655969648
      y: 0.0035541131962326337
      z: 0.0
    orientation:
      x: 0.0
      y: 0.0
      z: 0.0008227836117021918
      w: 0.9999996615135069
navigation_time:
  sec: 2
  nanosec: 760000000
estimated_time_remaining:
  sec: 12
  nanosec: 501723857
number_of_recoveries: 0
distance_remaining: 2.9749999046325684

Feedback:
    current_pose:
  header:
    stamp:
      sec: 305
      nanosec: 740000000
    frame_id: map
  pose:
    position:
      x: 0.5352885541546285
      y: 0.0036003033908990653
      z: 0.0
    orientation:
      x: 0.0
      y: 0.0
      z: 0.0008201356676819967
      w: 0.9999996636886869
navigation_time:
  sec: 2
  nanosec: 772000000
estimated_time_remaining:
  sec: 12
  nanosec: 501723857
number_of_recoveries: 0
distance_remaining: 2.9749999046325684

Feedback:
    current_pose:
  header:
    stamp:
      sec: 305
      nanosec: 740000000
    frame_id: map
  pose:
    position:
      x: 0.5352885541546285
      y: 0.0036003033908990653
      z: 0.0
    orientation:
      x: 0.0
      y: 0.0
      z: 0.0008201356676819967
      w: 0.9999996636886869
navigation_time:
  sec: 2
  nanosec: 776000000
estimated_time_remaining:
  sec: 12
  nanosec: 501723857
number_of_recoveries: 0
distance_remaining: 2.9749999046325684

Feedback:
    current_pose:
  header:
    stamp:
      sec: 305
      nanosec: 760000000
    frame_id: map
  pose:
    position:
      x: 0.5402173602553791
      y: 0.003646730074401726
      z: 0.0
    orientation:
      x: 0.0
      y: 0.0
      z: 0.0007926803350434081
      w: 0.9999996858288939
navigation_time:
  sec: 2
  nanosec: 784000000
estimated_time_remaining:
  sec: 12
  nanosec: 404515754
number_of_recoveries: 0
distance_remaining: 2.950000047683716

Feedback:
    current_pose:
  header:
    stamp:
      sec: 305
      nanosec: 760000000
    frame_id: map
  pose:
    position:
      x: 0.5402173602553791
      y: 0.003646730074401726
      z: 0.0
    orientation:
      x: 0.0
      y: 0.0
      z: 0.0007926803350434081
      w: 0.9999996858288939
navigation_time:
  sec: 2
  nanosec: 796000000
estimated_time_remaining:
  sec: 12
  nanosec: 404515754
number_of_recoveries: 0
distance_remaining: 2.950000047683716

Feedback:
    current_pose:
  header:
    stamp:
      sec: 305
      nanosec: 780000000
    frame_id: map
  pose:
    position:
      x: 0.5451426441127529
      y: 0.003693105526614013
      z: 0.0
    orientation:
      x: 0.0
      y: 0.0
      z: 0.0007486867189859923
      w: 0.9999997197340591
navigation_time:
  sec: 2
  nanosec: 804000000
estimated_time_remaining:
  sec: 12
  nanosec: 410687542
number_of_recoveries: 0
distance_remaining: 2.950000047683716

Feedback:
    current_pose:
  header:
    stamp:
      sec: 305
      nanosec: 780000000
    frame_id: map
  pose:
    position:
      x: 0.5451426441127529
      y: 0.003693105526614013
      z: 0.0
    orientation:
      x: 0.0
      y: 0.0
      z: 0.0007486867189859923
      w: 0.9999997197340591
navigation_time:
  sec: 2
  nanosec: 816000000
estimated_time_remaining:
  sec: 12
  nanosec: 410687542
number_of_recoveries: 0
distance_remaining: 2.950000047683716

Feedback:
    current_pose:
  header:
    stamp:
      sec: 305
      nanosec: 800000000
    frame_id: map
  pose:
    position:
      x: 0.5500742576966895
      y: 0.0037393932866394224
      z: 0.0
    orientation:
      x: 0.0
      y: 0.0
      z: 0.0006942173203898127
      w: 0.9999997590311268
navigation_time:
  sec: 2
  nanosec: 824000000
estimated_time_remaining:
  sec: 12
  nanosec: 411913733
number_of_recoveries: 0
distance_remaining: 2.950000047683716

Feedback:
    current_pose:
  header:
    stamp:
      sec: 305
      nanosec: 800000000
    frame_id: map
  pose:
    position:
      x: 0.5500742576966895
      y: 0.0037393932866394224
      z: 0.0
    orientation:
      x: 0.0
      y: 0.0
      z: 0.0006942173203898127
      w: 0.9999997590311268
navigation_time:
  sec: 2
  nanosec: 836000000
estimated_time_remaining:
  sec: 12
  nanosec: 411913733
number_of_recoveries: 0
distance_remaining: 2.950000047683716

Feedback:
    current_pose:
  header:
    stamp:
      sec: 305
      nanosec: 820000000
    frame_id: map
  pose:
    position:
      x: 0.554832077123805
      y: 0.003745494537887997
      z: 0.0
    orientation:
      x: 0.0
      y: 0.0
      z: 0.0005881448139499443
      w: 0.999999827042824
navigation_time:
  sec: 2
  nanosec: 840000000
estimated_time_remaining:
  sec: 12
  nanosec: 409725801
number_of_recoveries: 0
distance_remaining: 2.950000047683716

Feedback:
    current_pose:
  header:
    stamp:
      sec: 305
      nanosec: 820000000
    frame_id: map
  pose:
    position:
      x: 0.554832077123805
      y: 0.003745494537887997
      z: 0.0
    orientation:
      x: 0.0
      y: 0.0
      z: 0.0005881448139499443
      w: 0.999999827042824
navigation_time:
  sec: 2
  nanosec: 852000000
estimated_time_remaining:
  sec: 12
  nanosec: 409725801
number_of_recoveries: 0
distance_remaining: 2.950000047683716

Feedback:
    current_pose:
  header:
    stamp:
      sec: 305
      nanosec: 840000000
    frame_id: map
  pose:
    position:
      x: 0.559589897738207
      y: 0.0037505864411310577
      z: 0.0
    orientation:
      x: 0.0
      y: 0.0
      z: 0.0004820723008902052
      w: 0.9999998838031416
navigation_time:
  sec: 2
  nanosec: 864000000
estimated_time_remaining:
  sec: 12
  nanosec: 406177780
number_of_recoveries: 0
distance_remaining: 2.950000047683716

Feedback:
    current_pose:
  header:
    stamp:
      sec: 305
      nanosec: 840000000
    frame_id: map
  pose:
    position:
      x: 0.559589897738207
      y: 0.0037505864411310577
      z: 0.0
    orientation:
      x: 0.0
      y: 0.0
      z: 0.0004820723008902052
      w: 0.9999998838031416
navigation_time:
  sec: 2
  nanosec: 876000000
estimated_time_remaining:
  sec: 12
  nanosec: 406177780
number_of_recoveries: 0
distance_remaining: 2.950000047683716

Feedback:
    current_pose:
  header:
    stamp:
      sec: 305
      nanosec: 860000000
    frame_id: map
  pose:
    position:
      x: 0.5642989328445565
      y: 0.0037544457554379317
      z: 0.0
    orientation:
      x: 0.0
      y: 0.0
      z: 0.00032745296126736334
      w: 0.9999999463872777
navigation_time:
  sec: 2
  nanosec: 884000000
estimated_time_remaining:
  sec: 12
  nanosec: 404782020
number_of_recoveries: 0
distance_remaining: 2.950000047683716

Feedback:
    current_pose:
  header:
    stamp:
      sec: 305
      nanosec: 860000000
    frame_id: map
  pose:
    position:
      x: 0.5642989328445565
      y: 0.0037544457554379317
      z: 0.0
    orientation:
      x: 0.0
      y: 0.0
      z: 0.00032745296126736334
      w: 0.9999999463872777
navigation_time:
  sec: 2
  nanosec: 896000000
estimated_time_remaining:
  sec: 12
  nanosec: 404782020
number_of_recoveries: 0
distance_remaining: 2.950000047683716

Feedback:
    current_pose:
  header:
    stamp:
      sec: 305
      nanosec: 880000000
    frame_id: map
  pose:
    position:
      x: 0.5689957723110193
      y: 0.003756738517109191
      z: 0.0
    orientation:
      x: 0.0
      y: 0.0
      z: 0.0001606968840915891
      w: 0.9999999870882557
navigation_time:
  sec: 2
  nanosec: 904000000
estimated_time_remaining:
  sec: 12
  nanosec: 404671939
number_of_recoveries: 0
distance_remaining: 2.950000047683716

Feedback:
    current_pose:
  header:
    stamp:
      sec: 305
      nanosec: 880000000
    frame_id: map
  pose:
    position:
      x: 0.5689957723110193
      y: 0.003756738517109191
      z: 0.0
    orientation:
      x: 0.0
      y: 0.0
      z: 0.0001606968840915891
      w: 0.9999999870882557
navigation_time:
  sec: 2
  nanosec: 916000000
estimated_time_remaining:
  sec: 12
  nanosec: 404671939
number_of_recoveries: 0
distance_remaining: 2.950000047683716

Feedback:
    current_pose:
  header:
    stamp:
      sec: 305
      nanosec: 900000000
    frame_id: map
  pose:
    position:
      x: 0.573708612280577
      y: 0.003757468951819601
      z: 0.0
    orientation:
      x: 0.0
      y: 0.0
      z: -2.0957945466764175e-06
      w: 0.9999999999978038
navigation_time:
  sec: 2
  nanosec: 924000000
estimated_time_remaining:
  sec: 12
  nanosec: 405953250
number_of_recoveries: 0
distance_remaining: 2.950000047683716

Feedback:
    current_pose:
  header:
    stamp:
      sec: 305
      nanosec: 900000000
    frame_id: map
  pose:
    position:
      x: 0.573708612280577
      y: 0.003757468951819601
      z: 0.0
    orientation:
      x: 0.0
      y: 0.0
      z: -2.0957945466764175e-06
      w: 0.9999999999978038
navigation_time:
  sec: 2
  nanosec: 936000000
estimated_time_remaining:
  sec: 12
  nanosec: 405953250
number_of_recoveries: 0
distance_remaining: 2.950000047683716

Feedback:
    current_pose:
  header:
    stamp:
      sec: 305
      nanosec: 920000000
    frame_id: map
  pose:
    position:
      x: 0.5784903298667862
      y: 0.0037567462878379727
      z: 0.0
    orientation:
      x: 0.0
      y: 0.0
      z: -0.00014903483145820633
      w: 0.9999999888943093
navigation_time:
  sec: 2
  nanosec: 944000000
estimated_time_remaining:
  sec: 12
  nanosec: 203086198
number_of_recoveries: 0
distance_remaining: 2.8999998569488525

Feedback:
    current_pose:
  header:
    stamp:
      sec: 305
      nanosec: 920000000
    frame_id: map
  pose:
    position:
      x: 0.5784903298667862
      y: 0.0037567462878379727
      z: 0.0
    orientation:
      x: 0.0
      y: 0.0
      z: -0.00014903483145820633
      w: 0.9999999888943093
navigation_time:
  sec: 2
  nanosec: 956000000
estimated_time_remaining:
  sec: 12
  nanosec: 203086198
number_of_recoveries: 0
distance_remaining: 2.8999998569488525

Feedback:
    current_pose:
  header:
    stamp:
      sec: 305
      nanosec: 940000000
    frame_id: map
  pose:
    position:
      x: 0.5832720470341535
      y: 0.0037546183819502804
      z: 0.0
    orientation:
      x: 0.0
      y: 0.0
      z: -0.0002959738650662177
      w: 0.9999999561997345
navigation_time:
  sec: 2
  nanosec: 964000000
estimated_time_remaining:
  sec: 12
  nanosec: 212575071
number_of_recoveries: 0
distance_remaining: 2.8999998569488525

Feedback:
    current_pose:
  header:
    stamp:
      sec: 305
      nanosec: 940000000
    frame_id: map
  pose:
    position:
      x: 0.5832720470341535
      y: 0.0037546183819502804
      z: 0.0
    orientation:
      x: 0.0
      y: 0.0
      z: -0.0002959738650662177
      w: 0.9999999561997345
navigation_time:
  sec: 2
  nanosec: 972000000
estimated_time_remaining:
  sec: 12
  nanosec: 212575071
number_of_recoveries: 0
distance_remaining: 2.8999998569488525

Feedback:
    current_pose:
  header:
    stamp:
      sec: 305
      nanosec: 960000000
    frame_id: map
  pose:
    position:
      x: 0.5880665047474177
      y: 0.0037510690185072865
      z: 0.0
    orientation:
      x: 0.0
      y: 0.0
      z: -0.00044501316674352883
      w: 0.9999999009816358
navigation_time:
  sec: 2
  nanosec: 984000000
estimated_time_remaining:
  sec: 12
  nanosec: 213508658
number_of_recoveries: 0
distance_remaining: 2.8999998569488525

Feedback:
    current_pose:
  header:
    stamp:
      sec: 305
      nanosec: 960000000
    frame_id: map
  pose:
    position:
      x: 0.5880665047474177
      y: 0.0037510690185072865
      z: 0.0
    orientation:
      x: 0.0
      y: 0.0
      z: -0.00044501316674352883
      w: 0.9999999009816358
navigation_time:
  sec: 2
  nanosec: 992000000
estimated_time_remaining:
  sec: 12
  nanosec: 213508658
number_of_recoveries: 0
distance_remaining: 2.8999998569488525

Feedback:
    current_pose:
  header:
    stamp:
      sec: 305
      nanosec: 980000000
    frame_id: map
  pose:
    position:
      x: 0.5928694554323968
      y: 0.003746071710490038
      z: 0.0
    orientation:
      x: 0.0
      y: 0.0
      z: -0.000595452643336015
      w: 0.999999822718059
navigation_time:
  sec: 3
  nanosec: 4000000
estimated_time_remaining:
  sec: 12
  nanosec: 206707364
number_of_recoveries: 0
distance_remaining: 2.8999998569488525

Feedback:
    current_pose:
  header:
    stamp:
      sec: 305
      nanosec: 980000000
    frame_id: map
  pose:
    position:
      x: 0.5928694554323968
      y: 0.003746071710490038
      z: 0.0
    orientation:
      x: 0.0
      y: 0.0
      z: -0.000595452643336015
      w: 0.999999822718059
navigation_time:
  sec: 3
  nanosec: 12000000
estimated_time_remaining:
  sec: 12
  nanosec: 206707364
number_of_recoveries: 0
distance_remaining: 2.8999998569488525

Feedback:
    current_pose:
  header:
    stamp:
      sec: 305
      nanosec: 980000000
    frame_id: map
  pose:
    position:
      x: 0.5928694554323968
      y: 0.003746071710490038
      z: 0.0
    orientation:
      x: 0.0
      y: 0.0
      z: -0.000595452643336015
      w: 0.999999822718059
navigation_time:
  sec: 3
  nanosec: 20000000
estimated_time_remaining:
  sec: 12
  nanosec: 206707364
number_of_recoveries: 0
distance_remaining: 2.8999998569488525

Feedback:
    current_pose:
  header:
    stamp:
      sec: 306
      nanosec: 0
    frame_id: map
  pose:
    position:
      x: 0.5977093186474095
      y: 0.003739640992640831
      z: 0.0
    orientation:
      x: 0.0
      y: 0.0
      z: -0.0007128955619222438
      w: 0.9999997458899266
navigation_time:
  sec: 3
  nanosec: 28000000
estimated_time_remaining:
  sec: 12
  nanosec: 196217963
number_of_recoveries: 0
distance_remaining: 2.8999998569488525

Feedback:
    current_pose:
  header:
    stamp:
      sec: 306
      nanosec: 0
    frame_id: map
  pose:
    position:
      x: 0.5977093186474095
      y: 0.003739640992640831
      z: 0.0
    orientation:
      x: 0.0
      y: 0.0
      z: -0.0007128955619222438
      w: 0.9999997458899266
navigation_time:
  sec: 3
  nanosec: 36000000
estimated_time_remaining:
  sec: 12
  nanosec: 196217963
number_of_recoveries: 0
distance_remaining: 2.8999998569488525

Feedback:
    current_pose:
  header:
    stamp:
      sec: 306
      nanosec: 20000000
    frame_id: map
  pose:
    position:
      x: 0.6026755452915065
      y: 0.0036533718807205532
      z: 0.0
    orientation:
      x: 0.0
      y: 0.0
      z: -0.0009491940791522924
      w: 0.9999995495151985
navigation_time:
  sec: 3
  nanosec: 44000000
estimated_time_remaining:
  sec: 12
  nanosec: 177294002
number_of_recoveries: 0
distance_remaining: 2.8999998569488525

Feedback:
    current_pose:
  header:
    stamp:
      sec: 306
      nanosec: 20000000
    frame_id: map
  pose:
    position:
      x: 0.6026755452915065
      y: 0.0036533718807205532
      z: 0.0
    orientation:
      x: 0.0
      y: 0.0
      z: -0.0009491940791522924
      w: 0.9999995495151985
navigation_time:
  sec: 3
  nanosec: 52000000
estimated_time_remaining:
  sec: 12
  nanosec: 177294002
number_of_recoveries: 0
distance_remaining: 2.8999998569488525

Feedback:
    current_pose:
  header:
    stamp:
      sec: 306
      nanosec: 40000000
    frame_id: map
  pose:
    position:
      x: 0.6076377267394343
      y: 0.0035631060830202703
      z: 0.0
    orientation:
      x: 0.0
      y: 0.0
      z: -0.0012027816352128305
      w: 0.9999992766579074
navigation_time:
  sec: 3
  nanosec: 64000000
estimated_time_remaining:
  sec: 12
  nanosec: 153251061
number_of_recoveries: 0
distance_remaining: 2.8999998569488525

Feedback:
    current_pose:
  header:
    stamp:
      sec: 306
      nanosec: 40000000
    frame_id: map
  pose:
    position:
      x: 0.6076377267394343
      y: 0.0035631060830202703
      z: 0.0
    orientation:
      x: 0.0
      y: 0.0
      z: -0.0012027816352128305
      w: 0.9999992766579074
navigation_time:
  sec: 3
  nanosec: 72000000
estimated_time_remaining:
  sec: 12
  nanosec: 153251061
number_of_recoveries: 0
distance_remaining: 2.8999998569488525

Feedback:
    current_pose:
  header:
    stamp:
      sec: 306
      nanosec: 60000000
    frame_id: map
  pose:
    position:
      x: 0.6125938749915407
      y: 0.003468540604144729
      z: 0.0
    orientation:
      x: 0.0
      y: 0.0
      z: -0.0014823027861557252
      w: 0.9999989013886216
navigation_time:
  sec: 3
  nanosec: 80000000
estimated_time_remaining:
  sec: 12
  nanosec: 25171675
number_of_recoveries: 0
distance_remaining: 2.875

Feedback:
    current_pose:
  header:
    stamp:
      sec: 306
      nanosec: 60000000
    frame_id: map
  pose:
    position:
      x: 0.6125938749915407
      y: 0.003468540604144729
      z: 0.0
    orientation:
      x: 0.0
      y: 0.0
      z: -0.0014823027861557252
      w: 0.9999989013886216
navigation_time:
  sec: 3
  nanosec: 92000000
estimated_time_remaining:
  sec: 12
  nanosec: 25171675
number_of_recoveries: 0
distance_remaining: 2.875

Feedback:
    current_pose:
  header:
    stamp:
      sec: 306
      nanosec: 60000000
    frame_id: map
  pose:
    position:
      x: 0.6125938749915407
      y: 0.003468540604144729
      z: 0.0
    orientation:
      x: 0.0
      y: 0.0
      z: -0.0014823027861557252
      w: 0.9999989013886216
navigation_time:
  sec: 3
  nanosec: 100000000
estimated_time_remaining:
  sec: 12
  nanosec: 1727142
number_of_recoveries: 0
distance_remaining: 2.875

Feedback:
    current_pose:
  header:
    stamp:
      sec: 306
      nanosec: 80000000
    frame_id: map
  pose:
    position:
      x: 0.6175499408509254
      y: 0.0033695877220968062
      z: 0.0
    orientation:
      x: 0.0
      y: 0.0
      z: -0.0017618238213322865
      w: 0.9999984479872068
navigation_time:
  sec: 3
  nanosec: 112000000
estimated_time_remaining:
  sec: 12
  nanosec: 1727142
number_of_recoveries: 0
distance_remaining: 2.875

Feedback:
    current_pose:
  header:
    stamp:
      sec: 306
      nanosec: 80000000
    frame_id: map
  pose:
    position:
      x: 0.6175499408509254
      y: 0.0033695877220968062
      z: 0.0
    orientation:
      x: 0.0
      y: 0.0
      z: -0.0017618238213322865
      w: 0.9999984479872068
navigation_time:
  sec: 3
  nanosec: 120000000
estimated_time_remaining:
  sec: 12
  nanosec: 1727142
number_of_recoveries: 0
distance_remaining: 2.875

Feedback:
    current_pose:
  header:
    stamp:
      sec: 306
      nanosec: 100000000
    frame_id: map
  pose:
    position:
      x: 0.6225262622772779
      y: 0.0032659087202917677
      z: 0.0
    orientation:
      x: 0.0
      y: 0.0
      z: -0.002093797999937945
      w: 0.9999978080025653
navigation_time:
  sec: 3
  nanosec: 132000000
estimated_time_remaining:
  sec: 11
  nanosec: 976101890
number_of_recoveries: 0
distance_remaining: 2.875

Feedback:
    current_pose:
  header:
    stamp:
      sec: 306
      nanosec: 100000000
    frame_id: map
  pose:
    position:
      x: 0.6225262622772779
      y: 0.0032659087202917677
      z: 0.0
    orientation:
      x: 0.0
      y: 0.0
      z: -0.002093797999937945
      w: 0.9999978080025653
navigation_time:
  sec: 3
  nanosec: 140000000
estimated_time_remaining:
  sec: 11
  nanosec: 976101890
number_of_recoveries: 0
distance_remaining: 2.875

Feedback:
    current_pose:
  header:
    stamp:
      sec: 306
      nanosec: 120000000
    frame_id: map
  pose:
    position:
      x: 0.6275024925959445
      y: 0.003157308243179317
      z: 0.0
    orientation:
      x: 0.0
      y: 0.0
      z: -0.002425771964471518
      w: 0.99999705781086
navigation_time:
  sec: 3
  nanosec: 148000000
estimated_time_remaining:
  sec: 11
  nanosec: 949225403
number_of_recoveries: 0
distance_remaining: 2.875

Feedback:
    current_pose:
  header:
    stamp:
      sec: 306
      nanosec: 120000000
    frame_id: map
  pose:
    position:
      x: 0.6275024925959445
      y: 0.003157308243179317
      z: 0.0
    orientation:
      x: 0.0
      y: 0.0
      z: -0.002425771964471518
      w: 0.99999705781086
navigation_time:
  sec: 3
  nanosec: 160000000
estimated_time_remaining:
  sec: 11
  nanosec: 949225403
number_of_recoveries: 0
distance_remaining: 2.875

Feedback:
    current_pose:
  header:
    stamp:
      sec: 306
      nanosec: 140000000
    frame_id: map
  pose:
    position:
      x: 0.6324649471705857
      y: 0.003043846347717632
      z: 0.0
    orientation:
      x: 0.0
      y: 0.0
      z: -0.002765191640852896
      w: 0.9999961768502865
navigation_time:
  sec: 3
  nanosec: 168000000
estimated_time_remaining:
  sec: 11
  nanosec: 924749593
number_of_recoveries: 0
distance_remaining: 2.875

Feedback:
    current_pose:
  header:
    stamp:
      sec: 306
      nanosec: 140000000
    frame_id: map
  pose:
    position:
      x: 0.6324649471705857
      y: 0.003043846347717632
      z: 0.0
    orientation:
      x: 0.0
      y: 0.0
      z: -0.002765191640852896
      w: 0.9999961768502865
navigation_time:
  sec: 3
  nanosec: 176000000
estimated_time_remaining:
  sec: 11
  nanosec: 924749593
number_of_recoveries: 0
distance_remaining: 2.875

Feedback:
    current_pose:
  header:
    stamp:
      sec: 306
      nanosec: 160000000
    frame_id: map
  pose:
    position:
      x: 0.6374067811090742
      y: 0.0029254497696150844
      z: 0.0
    orientation:
      x: 0.0
      y: 0.0
      z: -0.0031157799705445847
      w: 0.9999951459458066
navigation_time:
  sec: 3
  nanosec: 188000000
estimated_time_remaining:
  sec: 11
  nanosec: 903738319
number_of_recoveries: 0
distance_remaining: 2.875

Feedback:
    current_pose:
  header:
    stamp:
      sec: 306
      nanosec: 160000000
    frame_id: map
  pose:
    position:
      x: 0.6374067811090742
      y: 0.0029254497696150844
      z: 0.0
    orientation:
      x: 0.0
      y: 0.0
      z: -0.0031157799705445847
      w: 0.9999951459458066
navigation_time:
  sec: 3
  nanosec: 196000000
estimated_time_remaining:
  sec: 11
  nanosec: 903738319
number_of_recoveries: 0
distance_remaining: 2.875

Feedback:
    current_pose:
  header:
    stamp:
      sec: 306
      nanosec: 180000000
    frame_id: map
  pose:
    position:
      x: 0.6423485112940109
      y: 0.0028019842547842805
      z: 0.0
    orientation:
      x: 0.0
      y: 0.0
      z: -0.0034663679172677454
      w: 0.9999939921286838
navigation_time:
  sec: 3
  nanosec: 204000000
estimated_time_remaining:
  sec: 11
  nanosec: 777322439
number_of_recoveries: 0
distance_remaining: 2.8499999046325684

Feedback:
    current_pose:
  header:
    stamp:
      sec: 306
      nanosec: 180000000
    frame_id: map
  pose:
    position:
      x: 0.6423485112940109
      y: 0.0028019842547842805
      z: 0.0
    orientation:
      x: 0.0
      y: 0.0
      z: -0.0034663679172677454
      w: 0.9999939921286838
navigation_time:
  sec: 3
  nanosec: 212000000
estimated_time_remaining:
  sec: 11
  nanosec: 777322439
number_of_recoveries: 0
distance_remaining: 2.8499999046325684

Feedback:
    current_pose:
  header:
    stamp:
      sec: 306
      nanosec: 180000000
    frame_id: map
  pose:
    position:
      x: 0.6423485112940109
      y: 0.0028019842547842805
      z: 0.0
    orientation:
      x: 0.0
      y: 0.0
      z: -0.0034663679172677454
      w: 0.9999939921286838
navigation_time:
  sec: 3
  nanosec: 220000000
estimated_time_remaining:
  sec: 11
  nanosec: 777322439
number_of_recoveries: 0
distance_remaining: 2.8499999046325684

Feedback:
    current_pose:
  header:
    stamp:
      sec: 306
      nanosec: 200000000
    frame_id: map
  pose:
    position:
      x: 0.6472675028297561
      y: 0.0026737205471383837
      z: 0.0
    orientation:
      x: 0.0
      y: 0.0
      z: -0.0037959626545691636
      w: 0.9999927953078086
navigation_time:
  sec: 3
  nanosec: 228000000
estimated_time_remaining:
  sec: 11
  nanosec: 751601692
number_of_recoveries: 0
distance_remaining: 2.8499999046325684

Feedback:
    current_pose:
  header:
    stamp:
      sec: 306
      nanosec: 200000000
    frame_id: map
  pose:
    position:
      x: 0.6472675028297561
      y: 0.0026737205471383837
      z: 0.0
    orientation:
      x: 0.0
      y: 0.0
      z: -0.0037959626545691636
      w: 0.9999927953078086
navigation_time:
  sec: 3
  nanosec: 236000000
estimated_time_remaining:
  sec: 11
  nanosec: 751601692
number_of_recoveries: 0
distance_remaining: 2.8499999046325684

Feedback:
    current_pose:
  header:
    stamp:
      sec: 306
      nanosec: 220000000
    frame_id: map
  pose:
    position:
      x: 0.6521277608045081
      y: 0.00263603038540923
      z: 0.0
    orientation:
      x: 0.0
      y: 0.0
      z: -0.003964407011186747
      w: 0.9999921417076485
navigation_time:
  sec: 3
  nanosec: 248000000
estimated_time_remaining:
  sec: 11
  nanosec: 728039304
number_of_recoveries: 0
distance_remaining: 2.8499999046325684

Feedback:
    current_pose:
  header:
    stamp:
      sec: 306
      nanosec: 220000000
    frame_id: map
  pose:
    position:
      x: 0.6521277608045081
      y: 0.00263603038540923
      z: 0.0
    orientation:
      x: 0.0
      y: 0.0
      z: -0.003964407011186747
      w: 0.9999921417076485
navigation_time:
  sec: 3
  nanosec: 252000000
estimated_time_remaining:
  sec: 11
  nanosec: 728039304
number_of_recoveries: 0
distance_remaining: 2.8499999046325684

Feedback:
    current_pose:
  header:
    stamp:
      sec: 306
      nanosec: 240000000
    frame_id: map
  pose:
    position:
      x: 0.6569851864192706
      y: 0.002596557699786681
      z: 0.0
    orientation:
      x: 0.0
      y: 0.0
      z: -0.004161648048178774
      w: 0.9999913403052664
navigation_time:
  sec: 3
  nanosec: 264000000
estimated_time_remaining:
  sec: 11
  nanosec: 711214548
number_of_recoveries: 0
distance_remaining: 2.8499999046325684

Feedback:
    current_pose:
  header:
    stamp:
      sec: 306
      nanosec: 240000000
    frame_id: map
  pose:
    position:
      x: 0.6569851864192706
      y: 0.002596557699786681
      z: 0.0
    orientation:
      x: 0.0
      y: 0.0
      z: -0.004161648048178774
      w: 0.9999913403052664
navigation_time:
  sec: 3
  nanosec: 276000000
estimated_time_remaining:
  sec: 11
  nanosec: 711214548
number_of_recoveries: 0
distance_remaining: 2.8499999046325684

Feedback:
    current_pose:
  header:
    stamp:
      sec: 306
      nanosec: 260000000
    frame_id: map
  pose:
    position:
      x: 0.661842596084684
      y: 0.002555168834129935
      z: 0.0
    orientation:
      x: 0.0
      y: 0.0
      z: -0.004358888923933553
      w: 0.9999904999985494
navigation_time:
  sec: 3
  nanosec: 284000000
estimated_time_remaining:
  sec: 11
  nanosec: 699816069
number_of_recoveries: 0
distance_remaining: 2.8499999046325684

Feedback:
    current_pose:
  header:
    stamp:
      sec: 306
      nanosec: 260000000
    frame_id: map
  pose:
    position:
      x: 0.661842596084684
      y: 0.002555168834129935
      z: 0.0
    orientation:
      x: 0.0
      y: 0.0
      z: -0.004358888923933553
      w: 0.9999904999985494
navigation_time:
  sec: 3
  nanosec: 288000000
estimated_time_remaining:
  sec: 11
  nanosec: 699816069
number_of_recoveries: 0
distance_remaining: 2.8499999046325684

Feedback:
    current_pose:
  header:
    stamp:
      sec: 306
      nanosec: 260000000
    frame_id: map
  pose:
    position:
      x: 0.661842596084684
      y: 0.002555168834129935
      z: 0.0
    orientation:
      x: 0.0
      y: 0.0
      z: -0.004358888923933553
      w: 0.9999904999985494
navigation_time:
  sec: 3
  nanosec: 300000000
estimated_time_remaining:
  sec: 11
  nanosec: 699816069
number_of_recoveries: 0
distance_remaining: 2.8499999046325684

Feedback:
    current_pose:
  header:
    stamp:
      sec: 306
      nanosec: 280000000
    frame_id: map
  pose:
    position:
      x: 0.6666191617846663
      y: 0.0025125427345768603
      z: 0.0
    orientation:
      x: 0.0
      y: 0.0
      z: -0.004567914652625946
      w: 0.9999895670234397
navigation_time:
  sec: 3
  nanosec: 312000000
estimated_time_remaining:
  sec: 11
  nanosec: 592860878
number_of_recoveries: 0
distance_remaining: 2.825000047683716

Feedback:
    current_pose:
  header:
    stamp:
      sec: 306
      nanosec: 280000000
    frame_id: map
  pose:
    position:
      x: 0.6666191617846663
      y: 0.0025125427345768603
      z: 0.0
    orientation:
      x: 0.0
      y: 0.0
      z: -0.004567914652625946
      w: 0.9999895670234397
navigation_time:
  sec: 3
  nanosec: 320000000
estimated_time_remaining:
  sec: 11
  nanosec: 592860878
number_of_recoveries: 0
distance_remaining: 2.825000047683716

Feedback:
    current_pose:
  header:
    stamp:
      sec: 306
      nanosec: 300000000
    frame_id: map
  pose:
    position:
      x: 0.6713755023368438
      y: 0.0024680799519466168
      z: 0.0
    orientation:
      x: 0.0
      y: 0.0
      z: -0.0047798864399109225
      w: 0.9999885762775602
navigation_time:
  sec: 3
  nanosec: 332000000
estimated_time_remaining:
  sec: 11
  nanosec: 597628192
number_of_recoveries: 0
distance_remaining: 2.825000047683716

Feedback:
    current_pose:
  header:
    stamp:
      sec: 306
      nanosec: 300000000
    frame_id: map
  pose:
    position:
      x: 0.6713755023368438
      y: 0.0024680799519466168
      z: 0.0
    orientation:
      x: 0.0
      y: 0.0
      z: -0.0047798864399109225
      w: 0.9999885762775602
navigation_time:
  sec: 3
  nanosec: 340000000
estimated_time_remaining:
  sec: 11
  nanosec: 597628192
number_of_recoveries: 0
distance_remaining: 2.825000047683716

Feedback:
    current_pose:
  header:
    stamp:
      sec: 306
      nanosec: 320000000
    frame_id: map
  pose:
    position:
      x: 0.6761335977825661
      y: 0.0024216622378131713
      z: 0.0
    orientation:
      x: 0.0
      y: 0.0
      z: -0.004964197742835516
      w: 0.999987678294473
navigation_time:
  sec: 3
  nanosec: 352000000
estimated_time_remaining:
  sec: 11
  nanosec: 607154806
number_of_recoveries: 0
distance_remaining: 2.825000047683716

Feedback:
    current_pose:
  header:
    stamp:
      sec: 306
      nanosec: 340000000
    frame_id: map
  pose:
    position:
      x: 0.6808928594767965
      y: 0.002373619146329936
      z: 0.0
    orientation:
      x: 0.0
      y: 0.0
      z: -0.005130068688094773
      w: 0.9999868411110495
navigation_time:
  sec: 3
  nanosec: 360000000
estimated_time_remaining:
  sec: 11
  nanosec: 624286514
number_of_recoveries: 0
distance_remaining: 2.825000047683716

Feedback:
    current_pose:
  header:
    stamp:
      sec: 306
      nanosec: 340000000
    frame_id: map
  pose:
    position:
      x: 0.6808928594767965
      y: 0.002373619146329936
      z: 0.0
    orientation:
      x: 0.0
      y: 0.0
      z: -0.005130068688094773
      w: 0.9999868411110495
navigation_time:
  sec: 3
  nanosec: 368000000
estimated_time_remaining:
  sec: 11
  nanosec: 624286514
number_of_recoveries: 0
distance_remaining: 2.825000047683716

Feedback:
    current_pose:
  header:
    stamp:
      sec: 306
      nanosec: 340000000
    frame_id: map
  pose:
    position:
      x: 0.6808928594767965
      y: 0.002373619146329936
      z: 0.0
    orientation:
      x: 0.0
      y: 0.0
      z: -0.005130068688094773
      w: 0.9999868411110495
navigation_time:
  sec: 3
  nanosec: 380000000
estimated_time_remaining:
  sec: 11
  nanosec: 624286514
number_of_recoveries: 0
distance_remaining: 2.825000047683716

Feedback:
    current_pose:
  header:
    stamp:
      sec: 306
      nanosec: 360000000
    frame_id: map
  pose:
    position:
      x: 0.6856521049710268
      y: 0.00232399719093546
      z: 0.0
    orientation:
      x: 0.0
      y: 0.0
      z: -0.005295939492204595
      w: 0.9999859764141169
navigation_time:
  sec: 3
  nanosec: 388000000
estimated_time_remaining:
  sec: 11
  nanosec: 646156008
number_of_recoveries: 0
distance_remaining: 2.825000047683716

Feedback:
    current_pose:
  header:
    stamp:
      sec: 306
      nanosec: 360000000
    frame_id: map
  pose:
    position:
      x: 0.6856521049710268
      y: 0.00232399719093546
      z: 0.0
    orientation:
      x: 0.0
      y: 0.0
      z: -0.005295939492204595
      w: 0.9999859764141169
navigation_time:
  sec: 3
  nanosec: 400000000
estimated_time_remaining:
  sec: 11
  nanosec: 646156008
number_of_recoveries: 0
distance_remaining: 2.825000047683716

Feedback:
    current_pose:
  header:
    stamp:
      sec: 306
      nanosec: 380000000
    frame_id: map
  pose:
    position:
      x: 0.6903689139022717
      y: 0.002273512732289583
      z: 0.0
    orientation:
      x: 0.0
      y: 0.0
      z: -0.0054066966903760045
      w: 0.9999853837086312
navigation_time:
  sec: 3
  nanosec: 408000000
estimated_time_remaining:
  sec: 11
  nanosec: 567276629
number_of_recoveries: 0
distance_remaining: 2.799999952316284

Feedback:
    current_pose:
  header:
    stamp:
      sec: 306
      nanosec: 380000000
    frame_id: map
  pose:
    position:
      x: 0.6903689139022717
      y: 0.002273512732289583
      z: 0.0
    orientation:
      x: 0.0
      y: 0.0
      z: -0.0054066966903760045
      w: 0.9999853837086312
navigation_time:
  sec: 3
  nanosec: 416000000
estimated_time_remaining:
  sec: 11
  nanosec: 567276629
number_of_recoveries: 0
distance_remaining: 2.799999952316284

Feedback:
    current_pose:
  header:
    stamp:
      sec: 306
      nanosec: 400000000
    frame_id: map
  pose:
    position:
      x: 0.6950857115344347
      y: 0.002221983418983167
      z: 0.0
    orientation:
      x: 0.0
      y: 0.0
      z: -0.005517453804644075
      w: 0.9999847787359135
navigation_time:
  sec: 3
  nanosec: 424000000
estimated_time_remaining:
  sec: 11
  nanosec: 594297383
number_of_recoveries: 0
distance_remaining: 2.799999952316284

Feedback:
    current_pose:
  header:
    stamp:
      sec: 306
      nanosec: 400000000
    frame_id: map
  pose:
    position:
      x: 0.6950857115344347
      y: 0.002221983418983167
      z: 0.0
    orientation:
      x: 0.0
      y: 0.0
      z: -0.005517453804644075
      w: 0.9999847787359135
navigation_time:
  sec: 3
  nanosec: 432000000
estimated_time_remaining:
  sec: 11
  nanosec: 594297383
number_of_recoveries: 0
distance_remaining: 2.799999952316284

Feedback:
    current_pose:
  header:
    stamp:
      sec: 306
      nanosec: 420000000
    frame_id: map
  pose:
    position:
      x: 0.6994774920215874
      y: 0.0021292574170323816
      z: 0.0
    orientation:
      x: 0.0
      y: 0.0
      z: -0.005666607481026901
      w: 0.9999839446509408
navigation_time:
  sec: 3
  nanosec: 440000000
estimated_time_remaining:
  sec: 11
  nanosec: 617569434
number_of_recoveries: 0
distance_remaining: 2.799999952316284

Feedback:
    current_pose:
  header:
    stamp:
      sec: 306
      nanosec: 420000000
    frame_id: map
  pose:
    position:
      x: 0.6994774920215874
      y: 0.0021292574170323816
      z: 0.0
    orientation:
      x: 0.0
      y: 0.0
      z: -0.005666607481026901
      w: 0.9999839446509408
navigation_time:
  sec: 3
  nanosec: 452000000
estimated_time_remaining:
  sec: 11
  nanosec: 617569434
number_of_recoveries: 0
distance_remaining: 2.799999952316284

Feedback:
    current_pose:
  header:
    stamp:
      sec: 306
      nanosec: 440000000
    frame_id: map
  pose:
    position:
      x: 0.7039369096347294
      y: 0.002033957795601028
      z: 0.0
    orientation:
      x: 0.0
      y: 0.0
      z: -0.005815533144451532
      w: 0.9999830896441427
navigation_time:
  sec: 3
  nanosec: 464000000
estimated_time_remaining:
  sec: 11
  nanosec: 631935589
number_of_recoveries: 0
distance_remaining: 2.799999952316284

Feedback:
    current_pose:
  header:
    stamp:
      sec: 306
      nanosec: 440000000
    frame_id: map
  pose:
    position:
      x: 0.7039369096347294
      y: 0.002033957795601028
      z: 0.0
    orientation:
      x: 0.0
      y: 0.0
      z: -0.005815533144451532
      w: 0.9999830896441427
navigation_time:
  sec: 3
  nanosec: 472000000
estimated_time_remaining:
  sec: 11
  nanosec: 631935589
number_of_recoveries: 0
distance_remaining: 2.799999952316284

Feedback:
    current_pose:
  header:
    stamp:
      sec: 306
      nanosec: 440000000
    frame_id: map
  pose:
    position:
      x: 0.7039369096347294
      y: 0.002033957795601028
      z: 0.0
    orientation:
      x: 0.0
      y: 0.0
      z: -0.005815533144451532
      w: 0.9999830896441427
navigation_time:
  sec: 3
  nanosec: 480000000
estimated_time_remaining:
  sec: 11
  nanosec: 639722836
number_of_recoveries: 0
distance_remaining: 2.799999952316284

Feedback:
    current_pose:
  header:
    stamp:
      sec: 306
      nanosec: 460000000
    frame_id: map
  pose:
    position:
      x: 0.708402392832817
      y: 0.0019367802161537953
      z: 0.0
    orientation:
      x: 0.0
      y: 0.0
      z: -0.005955662925014008
      w: 0.9999822648822945
navigation_time:
  sec: 3
  nanosec: 492000000
estimated_time_remaining:
  sec: 11
  nanosec: 639722836
number_of_recoveries: 0
distance_remaining: 2.799999952316284

Feedback:
    current_pose:
  header:
    stamp:
      sec: 306
      nanosec: 480000000
    frame_id: map
  pose:
    position:
      x: 0.7128769883290942
      y: 0.0018378430278854988
      z: 0.0
    orientation:
      x: 0.0
      y: 0.0
      z: -0.00608259895074864
      w: 0.9999815008238924
navigation_time:
  sec: 3
  nanosec: 504000000
estimated_time_remaining:
  sec: 11
  nanosec: 539817230
number_of_recoveries: 0
distance_remaining: 2.7749998569488525

Feedback:
    current_pose:
  header:
    stamp:
      sec: 306
      nanosec: 480000000
    frame_id: map
  pose:
    position:
      x: 0.7128769883290942
      y: 0.0018378430278854988
      z: 0.0
    orientation:
      x: 0.0
      y: 0.0
      z: -0.00608259895074864
      w: 0.9999815008238924
navigation_time:
  sec: 3
  nanosec: 512000000
estimated_time_remaining:
  sec: 11
  nanosec: 539817230
number_of_recoveries: 0
distance_remaining: 2.7749998569488525

Feedback:
    current_pose:
  header:
    stamp:
      sec: 306
      nanosec: 480000000
    frame_id: map
  pose:
    position:
      x: 0.7128769883290942
      y: 0.0018378430278854988
      z: 0.0
    orientation:
      x: 0.0
      y: 0.0
      z: -0.00608259895074864
      w: 0.9999815008238924
navigation_time:
  sec: 3
  nanosec: 520000000
estimated_time_remaining:
  sec: 11
  nanosec: 539817230
number_of_recoveries: 0
distance_remaining: 2.7749998569488525

Feedback:
    current_pose:
  header:
    stamp:
      sec: 306
      nanosec: 500000000
    frame_id: map
  pose:
    position:
      x: 0.7173515599045387
      y: 0.001737291673796325
      z: 0.0
    orientation:
      x: 0.0
      y: 0.0
      z: -0.006209534878469522
      w: 0.99998072065245
navigation_time:
  sec: 3
  nanosec: 532000000
estimated_time_remaining:
  sec: 11
  nanosec: 541615580
number_of_recoveries: 0
distance_remaining: 2.7749998569488525

Feedback:
    current_pose:
  header:
    stamp:
      sec: 306
      nanosec: 520000000
    frame_id: map
  pose:
    position:
      x: 0.721832021224701
      y: 0.0016351371260750688
      z: 0.0
    orientation:
      x: 0.0
      y: 0.0
      z: -0.006314567720096764
      w: 0.9999800629185107
navigation_time:
  sec: 3
  nanosec: 540000000
estimated_time_remaining:
  sec: 11
  nanosec: 541273152
number_of_recoveries: 0
distance_remaining: 2.7749998569488525

Feedback:
    current_pose:
  header:
    stamp:
      sec: 306
      nanosec: 520000000
    frame_id: map
  pose:
    position:
      x: 0.721832021224701
      y: 0.0016351371260750688
      z: 0.0
    orientation:
      x: 0.0
      y: 0.0
      z: -0.006314567720096764
      w: 0.9999800629185107
navigation_time:
  sec: 3
  nanosec: 552000000
estimated_time_remaining:
  sec: 11
  nanosec: 541273152
number_of_recoveries: 0
distance_remaining: 2.7749998569488525

Feedback:
    current_pose:
  header:
    stamp:
      sec: 306
      nanosec: 520000000
    frame_id: map
  pose:
    position:
      x: 0.721832021224701
      y: 0.0016351371260750688
      z: 0.0
    orientation:
      x: 0.0
      y: 0.0
      z: -0.006314567720096764
      w: 0.9999800629185107
navigation_time:
  sec: 3
  nanosec: 560000000
estimated_time_remaining:
  sec: 11
  nanosec: 541273152
number_of_recoveries: 0
distance_remaining: 2.7749998569488525

Feedback:
    current_pose:
  header:
    stamp:
      sec: 306
      nanosec: 540000000
    frame_id: map
  pose:
    position:
      x: 0.726313939353074
      y: 0.0015316093988357342
      z: 0.0
    orientation:
      x: 0.0
      y: 0.0
      z: -0.006414124737909872
      w: 0.9999794292903463
navigation_time:
  sec: 3
  nanosec: 572000000
estimated_time_remaining:
  sec: 11
  nanosec: 538626681
number_of_recoveries: 0
distance_remaining: 2.7749998569488525

Feedback:
    current_pose:
  header:
    stamp:
      sec: 306
      nanosec: 560000000
    frame_id: map
  pose:
    position:
      x: 0.7307819939313076
      y: 0.0014269047542198382
      z: 0.0
    orientation:
      x: 0.0
      y: 0.0
      z: -0.00651753539970031
      w: 0.9999787606406015
navigation_time:
  sec: 3
  nanosec: 580000000
estimated_time_remaining:
  sec: 11
  nanosec: 536644003
number_of_recoveries: 0
distance_remaining: 2.7749998569488525

Feedback:
    current_pose:
  header:
    stamp:
      sec: 306
      nanosec: 560000000
    frame_id: map
  pose:
    position:
      x: 0.7307819939313076
      y: 0.0014269047542198382
      z: 0.0
    orientation:
      x: 0.0
      y: 0.0
      z: -0.00651753539970031
      w: 0.9999787606406015
navigation_time:
  sec: 3
  nanosec: 592000000
estimated_time_remaining:
  sec: 11
  nanosec: 536644003
number_of_recoveries: 0
distance_remaining: 2.7749998569488525

Feedback:
    current_pose:
  header:
    stamp:
      sec: 306
      nanosec: 580000000
    frame_id: map
  pose:
    position:
      x: 0.735229262949735
      y: 0.001321050822344359
      z: 0.0
    orientation:
      x: 0.0
      y: 0.0
      z: -0.006626726556430995
      w: 0.9999780430065184
navigation_time:
  sec: 3
  nanosec: 604000000
estimated_time_remaining:
  sec: 11
  nanosec: 537043978
number_of_recoveries: 0
distance_remaining: 2.7749998569488525

Feedback:
    current_pose:
  header:
    stamp:
      sec: 306
      nanosec: 580000000
    frame_id: map
  pose:
    position:
      x: 0.735229262949735
      y: 0.001321050822344359
      z: 0.0
    orientation:
      x: 0.0
      y: 0.0
      z: -0.006626726556430995
      w: 0.9999780430065184
navigation_time:
  sec: 3
  nanosec: 612000000
estimated_time_remaining:
  sec: 11
  nanosec: 537043978
number_of_recoveries: 0
distance_remaining: 2.7749998569488525

Feedback:
    current_pose:
  header:
    stamp:
      sec: 306
      nanosec: 580000000
    frame_id: map
  pose:
    position:
      x: 0.735229262949735
      y: 0.001321050822344359
      z: 0.0
    orientation:
      x: 0.0
      y: 0.0
      z: -0.006626726556430995
      w: 0.9999780430065184
navigation_time:
  sec: 3
  nanosec: 620000000
estimated_time_remaining:
  sec: 11
  nanosec: 537043978
number_of_recoveries: 0
distance_remaining: 2.7749998569488525

Feedback:
    current_pose:
  header:
    stamp:
      sec: 306
      nanosec: 600000000
    frame_id: map
  pose:
    position:
      x: 0.7396765085427421
      y: 0.001213763683321792
      z: 0.0
    orientation:
      x: 0.0
      y: 0.0
      z: -0.006735917634149739
      w: 0.9999773134494733
navigation_time:
  sec: 3
  nanosec: 628000000
estimated_time_remaining:
  sec: 11
  nanosec: 429043369
number_of_recoveries: 0
distance_remaining: 2.75

Feedback:
    current_pose:
  header:
    stamp:
      sec: 306
      nanosec: 600000000
    frame_id: map
  pose:
    position:
      x: 0.7396765085427421
      y: 0.001213763683321792
      z: 0.0
    orientation:
      x: 0.0
      y: 0.0
      z: -0.006735917634149739
      w: 0.9999773134494733
navigation_time:
  sec: 3
  nanosec: 636000000
estimated_time_remaining:
  sec: 11
  nanosec: 429043369
number_of_recoveries: 0
distance_remaining: 2.75

Feedback:
    current_pose:
  header:
    stamp:
      sec: 306
      nanosec: 620000000
    frame_id: map
  pose:
    position:
      x: 0.7445154585923195
      y: 0.0011482079256570654
      z: 0.0
    orientation:
      x: 0.0
      y: 0.0
      z: -0.00681066696921575
      w: 0.9999768071387627
navigation_time:
  sec: 3
  nanosec: 648000000
estimated_time_remaining:
  sec: 11
  nanosec: 417875258
number_of_recoveries: 0
distance_remaining: 2.75

Feedback:
    current_pose:
  header:
    stamp:
      sec: 306
      nanosec: 620000000
    frame_id: map
  pose:
    position:
      x: 0.7445154585923195
      y: 0.0011482079256570654
      z: 0.0
    orientation:
      x: 0.0
      y: 0.0
      z: -0.00681066696921575
      w: 0.9999768071387627
navigation_time:
  sec: 3
  nanosec: 656000000
estimated_time_remaining:
  sec: 11
  nanosec: 417875258
number_of_recoveries: 0
distance_remaining: 2.75

Feedback:
    current_pose:
  header:
    stamp:
      sec: 306
      nanosec: 640000000
    frame_id: map
  pose:
    position:
      x: 0.7493543987870765
      y: 0.0010819287355237608
      z: 0.0
    orientation:
      x: 0.0
      y: 0.0
      z: -0.0068854162675749
      w: 0.9999762952404534
navigation_time:
  sec: 3
  nanosec: 668000000
estimated_time_remaining:
  sec: 11
  nanosec: 405746321
number_of_recoveries: 0
distance_remaining: 2.75

Feedback:
    current_pose:
  header:
    stamp:
      sec: 306
      nanosec: 640000000
    frame_id: map
  pose:
    position:
      x: 0.7493543987870765
      y: 0.0010819287355237608
      z: 0.0
    orientation:
      x: 0.0
      y: 0.0
      z: -0.0068854162675749
      w: 0.9999762952404534
navigation_time:
  sec: 3
  nanosec: 676000000
estimated_time_remaining:
  sec: 11
  nanosec: 405746321
number_of_recoveries: 0
distance_remaining: 2.75

Feedback:
    current_pose:
  header:
    stamp:
      sec: 306
      nanosec: 660000000
    frame_id: map
  pose:
    position:
      x: 0.754211677252836
      y: 0.0010146025925610322
      z: 0.0
    orientation:
      x: 0.0
      y: 0.0
      z: -0.0069837469402028165
      w: 0.999975613341983
navigation_time:
  sec: 3
  nanosec: 684000000
estimated_time_remaining:
  sec: 11
  nanosec: 392507714
number_of_recoveries: 0
distance_remaining: 2.75

Feedback:
    current_pose:
  header:
    stamp:
      sec: 306
      nanosec: 660000000
    frame_id: map
  pose:
    position:
      x: 0.754211677252836
      y: 0.0010146025925610322
      z: 0.0
    orientation:
      x: 0.0
      y: 0.0
      z: -0.0069837469402028165
      w: 0.999975613341983
navigation_time:
  sec: 3
  nanosec: 692000000
estimated_time_remaining:
  sec: 11
  nanosec: 392507714
number_of_recoveries: 0
distance_remaining: 2.75

Feedback:
    current_pose:
  header:
    stamp:
      sec: 306
      nanosec: 680000000
    frame_id: map
  pose:
    position:
      x: 0.7590811734323303
      y: 0.0009460274614859819
      z: 0.0
    orientation:
      x: 0.0
      y: 0.0
      z: -0.0070977984949822815
      w: 0.9999748103110022
navigation_time:
  sec: 3
  nanosec: 704000000
estimated_time_remaining:
  sec: 11
  nanosec: 377136975
number_of_recoveries: 0
distance_remaining: 2.75

Feedback:
    current_pose:
  header:
    stamp:
      sec: 306
      nanosec: 680000000
    frame_id: map
  pose:
    position:
      x: 0.7590811734323303
      y: 0.0009460274614859819
      z: 0.0
    orientation:
      x: 0.0
      y: 0.0
      z: -0.0070977984949822815
      w: 0.9999748103110022
navigation_time:
  sec: 3
  nanosec: 712000000
estimated_time_remaining:
  sec: 11
  nanosec: 377136975
number_of_recoveries: 0
distance_remaining: 2.75

Feedback:
    current_pose:
  header:
    stamp:
      sec: 306
      nanosec: 700000000
    frame_id: map
  pose:
    position:
      x: 0.7639356397691013
      y: 0.0008765723622847058
      z: 0.0
    orientation:
      x: 0.0
      y: 0.0
      z: -0.007196656614563001
      w: 0.9999741037314777
navigation_time:
  sec: 3
  nanosec: 724000000
estimated_time_remaining:
  sec: 11
  nanosec: 255637954
number_of_recoveries: 0
distance_remaining: 2.7249999046325684

Feedback:
    current_pose:
  header:
    stamp:
      sec: 306
      nanosec: 700000000
    frame_id: map
  pose:
    position:
      x: 0.7639356397691013
      y: 0.0008765723622847058
      z: 0.0
    orientation:
      x: 0.0
      y: 0.0
      z: -0.007196656614563001
      w: 0.9999741037314777
navigation_time:
  sec: 3
  nanosec: 732000000
estimated_time_remaining:
  sec: 11
  nanosec: 255637954
number_of_recoveries: 0
distance_remaining: 2.7249999046325684

Feedback:
    current_pose:
  header:
    stamp:
      sec: 306
      nanosec: 720000000
    frame_id: map
  pose:
    position:
      x: 0.768730040283754
      y: 0.0008073770565427811
      z: 0.0
    orientation:
      x: 0.0
      y: 0.0
      z: -0.007234741271023078
      w: 0.9999738289169079
navigation_time:
  sec: 3
  nanosec: 744000000
estimated_time_remaining:
  sec: 11
  nanosec: 239990294
number_of_recoveries: 0
distance_remaining: 2.7249999046325684

Feedback:
    current_pose:
  header:
    stamp:
      sec: 306
      nanosec: 720000000
    frame_id: map
  pose:
    position:
      x: 0.768730040283754
      y: 0.0008073770565427811
      z: 0.0
    orientation:
      x: 0.0
      y: 0.0
      z: -0.007234741271023078
      w: 0.9999738289169079
navigation_time:
  sec: 3
  nanosec: 752000000
estimated_time_remaining:
  sec: 11
  nanosec: 239990294
number_of_recoveries: 0
distance_remaining: 2.7249999046325684

Feedback:
    current_pose:
  header:
    stamp:
      sec: 306
      nanosec: 740000000
    frame_id: map
  pose:
    position:
      x: 0.7735244355137794
      y: 0.0007378165554060796
      z: 0.0
    orientation:
      x: 0.0
      y: 0.0
      z: -0.00727282590477691
      w: 0.9999735526519482
navigation_time:
  sec: 3
  nanosec: 760000000
estimated_time_remaining:
  sec: 11
  nanosec: 233918370
number_of_recoveries: 0
distance_remaining: 2.7249999046325684

Feedback:
    current_pose:
  header:
    stamp:
      sec: 306
      nanosec: 740000000
    frame_id: map
  pose:
    position:
      x: 0.7735244355137794
      y: 0.0007378165554060796
      z: 0.0
    orientation:
      x: 0.0
      y: 0.0
      z: -0.00727282590477691
      w: 0.9999735526519482
navigation_time:
  sec: 3
  nanosec: 768000000
estimated_time_remaining:
  sec: 11
  nanosec: 233918370
number_of_recoveries: 0
distance_remaining: 2.7249999046325684

Feedback:
    current_pose:
  header:
    stamp:
      sec: 306
      nanosec: 740000000
    frame_id: map
  pose:
    position:
      x: 0.7735244355137794
      y: 0.0007378165554060796
      z: 0.0
    orientation:
      x: 0.0
      y: 0.0
      z: -0.00727282590477691
      w: 0.9999735526519482
navigation_time:
  sec: 3
  nanosec: 780000000
estimated_time_remaining:
  sec: 11
  nanosec: 233918370
number_of_recoveries: 0
distance_remaining: 2.7249999046325684

Feedback:
    current_pose:
  header:
    stamp:
      sec: 306
      nanosec: 760000000
    frame_id: map
  pose:
    position:
      x: 0.7782721587488176
      y: 0.0006686356864424305
      z: 0.0
    orientation:
      x: 0.0
      y: 0.0
      z: -0.007294064375621011
      w: 0.9999733979586078
navigation_time:
  sec: 3
  nanosec: 784000000
estimated_time_remaining:
  sec: 11
  nanosec: 241322511
number_of_recoveries: 0
distance_remaining: 2.7249999046325684

Feedback:
    current_pose:
  header:
    stamp:
      sec: 306
      nanosec: 760000000
    frame_id: map
  pose:
    position:
      x: 0.7782721587488176
      y: 0.0006686356864424305
      z: 0.0
    orientation:
      x: 0.0
      y: 0.0
      z: -0.007294064375621011
      w: 0.9999733979586078
navigation_time:
  sec: 3
  nanosec: 796000000
estimated_time_remaining:
  sec: 11
  nanosec: 138191108
number_of_recoveries: 0
distance_remaining: 2.700000047683716

Feedback:
    current_pose:
  header:
    stamp:
      sec: 306
      nanosec: 780000000
    frame_id: map
  pose:
    position:
      x: 0.7830082126625216
      y: 0.0005994593481096228
      z: 0.0
    orientation:
      x: 0.0
      y: 0.0
      z: -0.00731109129688912
      w: 0.9999732736148744
navigation_time:
  sec: 3
  nanosec: 804000000
estimated_time_remaining:
  sec: 11
  nanosec: 155041405
number_of_recoveries: 0
distance_remaining: 2.700000047683716

Feedback:
    current_pose:
  header:
    stamp:
      sec: 306
      nanosec: 780000000
    frame_id: map
  pose:
    position:
      x: 0.7830082126625216
      y: 0.0005994593481096228
      z: 0.0
    orientation:
      x: 0.0
      y: 0.0
      z: -0.00731109129688912
      w: 0.9999732736148744
navigation_time:
  sec: 3
  nanosec: 812000000
estimated_time_remaining:
  sec: 11
  nanosec: 155041405
number_of_recoveries: 0
distance_remaining: 2.700000047683716

Feedback:
    current_pose:
  header:
    stamp:
      sec: 306
      nanosec: 800000000
    frame_id: map
  pose:
    position:
      x: 0.7878615297950219
      y: 0.0005286104973132265
      z: 0.0
    orientation:
      x: 0.0
      y: 0.0
      z: -0.007275542645419055
      w: 0.9999735328893535
navigation_time:
  sec: 3
  nanosec: 824000000
estimated_time_remaining:
  sec: 11
  nanosec: 165418567
number_of_recoveries: 0
distance_remaining: 2.700000047683716

Feedback:
    current_pose:
  header:
    stamp:
      sec: 306
      nanosec: 800000000
    frame_id: map
  pose:
    position:
      x: 0.7878615297950219
      y: 0.0005286104973132265
      z: 0.0
    orientation:
      x: 0.0
      y: 0.0
      z: -0.007275542645419055
      w: 0.9999735328893535
navigation_time:
  sec: 3
  nanosec: 828000000
estimated_time_remaining:
  sec: 11
  nanosec: 165418567
number_of_recoveries: 0
distance_remaining: 2.700000047683716

Feedback:
    current_pose:
  header:
    stamp:
      sec: 306
      nanosec: 800000000
    frame_id: map
  pose:
    position:
      x: 0.7878615297950219
      y: 0.0005286104973132265
      z: 0.0
    orientation:
      x: 0.0
      y: 0.0
      z: -0.007275542645419055
      w: 0.9999735328893535
navigation_time:
  sec: 3
  nanosec: 840000000
estimated_time_remaining:
  sec: 11
  nanosec: 165418567
number_of_recoveries: 0
distance_remaining: 2.700000047683716

Feedback:
    current_pose:
  header:
    stamp:
      sec: 306
      nanosec: 820000000
    frame_id: map
  pose:
    position:
      x: 0.7924093742912066
      y: 0.0005448532266277357
      z: 0.0
    orientation:
      x: 0.0
      y: 0.0
      z: -0.007187616833808517
      w: 0.9999741687484985
navigation_time:
  sec: 3
  nanosec: 848000000
estimated_time_remaining:
  sec: 11
  nanosec: 163970109
number_of_recoveries: 0
distance_remaining: 2.700000047683716

Feedback:
    current_pose:
  header:
    stamp:
      sec: 306
      nanosec: 820000000
    frame_id: map
  pose:
    position:
      x: 0.7924093742912066
      y: 0.0005448532266277357
      z: 0.0
    orientation:
      x: 0.0
      y: 0.0
      z: -0.007187616833808517
      w: 0.9999741687484985
navigation_time:
  sec: 3
  nanosec: 856000000
estimated_time_remaining:
  sec: 11
  nanosec: 163970109
number_of_recoveries: 0
distance_remaining: 2.700000047683716

Feedback:
    current_pose:
  header:
    stamp:
      sec: 306
      nanosec: 840000000
    frame_id: map
  pose:
    position:
      x: 0.7969023911314825
      y: 0.0005631562730802518
      z: 0.0
    orientation:
      x: 0.0
      y: 0.0
      z: -0.007088827804925253
      w: 0.9999748739445167
navigation_time:
  sec: 3
  nanosec: 868000000
estimated_time_remaining:
  sec: 11
  nanosec: 162871579
number_of_recoveries: 0
distance_remaining: 2.700000047683716

Feedback:
    current_pose:
  header:
    stamp:
      sec: 306
      nanosec: 840000000
    frame_id: map
  pose:
    position:
      x: 0.7969023911314825
      y: 0.0005631562730802518
      z: 0.0
    orientation:
      x: 0.0
      y: 0.0
      z: -0.007088827804925253
      w: 0.9999748739445167
navigation_time:
  sec: 3
  nanosec: 876000000
estimated_time_remaining:
  sec: 11
  nanosec: 162871579
number_of_recoveries: 0
distance_remaining: 2.700000047683716

Feedback:
    current_pose:
  header:
    stamp:
      sec: 306
      nanosec: 860000000
    frame_id: map
  pose:
    position:
      x: 0.8013588619862397
      y: 0.0005833700211827131
      z: 0.0
    orientation:
      x: 0.0
      y: 0.0
      z: -0.0069827965836100694
      w: 0.9999756199787432
navigation_time:
  sec: 3
  nanosec: 884000000
estimated_time_remaining:
  sec: 11
  nanosec: 168901307
number_of_recoveries: 0
distance_remaining: 2.700000047683716

Feedback:
    current_pose:
  header:
    stamp:
      sec: 306
      nanosec: 860000000
    frame_id: map
  pose:
    position:
      x: 0.8013588619862397
      y: 0.0005833700211827131
      z: 0.0
    orientation:
      x: 0.0
      y: 0.0
      z: -0.0069827965836100694
      w: 0.9999756199787432
navigation_time:
  sec: 3
  nanosec: 896000000
estimated_time_remaining:
  sec: 11
  nanosec: 168901307
number_of_recoveries: 0
distance_remaining: 2.700000047683716

Feedback:
    current_pose:
  header:
    stamp:
      sec: 306
      nanosec: 880000000
    frame_id: map
  pose:
    position:
      x: 0.8058152329166853
      y: 0.0006050049610228257
      z: 0.0
    orientation:
      x: 0.0
      y: 0.0
      z: -0.006856167444387875
      w: 0.9999764962077731
navigation_time:
  sec: 3
  nanosec: 908000000
estimated_time_remaining:
  sec: 11
  nanosec: 176695006
number_of_recoveries: 0
distance_remaining: 2.700000047683716

Feedback:
    current_pose:
  header:
    stamp:
      sec: 306
      nanosec: 880000000
    frame_id: map
  pose:
    position:
      x: 0.8058152329166853
      y: 0.0006050049610228257
      z: 0.0
    orientation:
      x: 0.0
      y: 0.0
      z: -0.006856167444387875
      w: 0.9999764962077731
navigation_time:
  sec: 3
  nanosec: 916000000
estimated_time_remaining:
  sec: 11
  nanosec: 176695006
number_of_recoveries: 0
distance_remaining: 2.700000047683716

Feedback:
    current_pose:
  header:
    stamp:
      sec: 306
      nanosec: 900000000
    frame_id: map
  pose:
    position:
      x: 0.8102711680678429
      y: 0.0006287206479564536
      z: 0.0
    orientation:
      x: 0.0
      y: 0.0
      z: -0.00664714670404964
      w: 0.9999779074763077
navigation_time:
  sec: 3
  nanosec: 924000000
estimated_time_remaining:
  sec: 11
  nanosec: 182036395
number_of_recoveries: 0
distance_remaining: 2.700000047683716

Feedback:
    current_pose:
  header:
    stamp:
      sec: 306
      nanosec: 900000000
    frame_id: map
  pose:
    position:
      x: 0.8102711680678429
      y: 0.0006287206479564536
      z: 0.0
    orientation:
      x: 0.0
      y: 0.0
      z: -0.00664714670404964
      w: 0.9999779074763077
navigation_time:
  sec: 3
  nanosec: 932000000
estimated_time_remaining:
  sec: 11
  nanosec: 182036395
number_of_recoveries: 0
distance_remaining: 2.700000047683716

Feedback:
    current_pose:
  header:
    stamp:
      sec: 306
      nanosec: 900000000
    frame_id: map
  pose:
    position:
      x: 0.8102711680678429
      y: 0.0006287206479564536
      z: 0.0
    orientation:
      x: 0.0
      y: 0.0
      z: -0.00664714670404964
      w: 0.9999779074763077
navigation_time:
  sec: 3
  nanosec: 940000000
estimated_time_remaining:
  sec: 11
  nanosec: 182036395
number_of_recoveries: 0
distance_remaining: 2.700000047683716

Feedback:
    current_pose:
  header:
    stamp:
      sec: 306
      nanosec: 920000000
    frame_id: map
  pose:
    position:
      x: 0.8147271300009269
      y: 0.0006548282376381286
      z: 0.0
    orientation:
      x: 0.0
      y: 0.0
      z: -0.006438125651764598
      w: 0.9999792750542845
navigation_time:
  sec: 3
  nanosec: 948000000
estimated_time_remaining:
  sec: 11
  nanosec: 82339130
number_of_recoveries: 0
distance_remaining: 2.674999952316284

Feedback:
    current_pose:
  header:
    stamp:
      sec: 306
      nanosec: 920000000
    frame_id: map
  pose:
    position:
      x: 0.8147271300009269
      y: 0.0006548282376381286
      z: 0.0
    orientation:
      x: 0.0
      y: 0.0
      z: -0.006438125651764598
      w: 0.9999792750542845
navigation_time:
  sec: 3
  nanosec: 956000000
estimated_time_remaining:
  sec: 11
  nanosec: 82339130
number_of_recoveries: 0
distance_remaining: 2.674999952316284

Feedback:
    current_pose:
  header:
    stamp:
      sec: 306
      nanosec: 940000000
    frame_id: map
  pose:
    position:
      x: 0.8192010894918638
      y: 0.0006828211777100857
      z: 0.0
    orientation:
      x: 0.0
      y: 0.0
      z: -0.0063014631091500945
      w: 0.9999801455842431
navigation_time:
  sec: 3
  nanosec: 964000000
estimated_time_remaining:
  sec: 11
  nanosec: 84522530
number_of_recoveries: 0
distance_remaining: 2.674999952316284

Feedback:
    current_pose:
  header:
    stamp:
      sec: 306
      nanosec: 940000000
    frame_id: map
  pose:
    position:
      x: 0.8192010894918638
      y: 0.0006828211777100857
      z: 0.0
    orientation:
      x: 0.0
      y: 0.0
      z: -0.0063014631091500945
      w: 0.9999801455842431
navigation_time:
  sec: 3
  nanosec: 972000000
estimated_time_remaining:
  sec: 11
  nanosec: 84522530
number_of_recoveries: 0
distance_remaining: 2.674999952316284

Feedback:
    current_pose:
  header:
    stamp:
      sec: 306
      nanosec: 940000000
    frame_id: map
  pose:
    position:
      x: 0.8192010894918638
      y: 0.0006828211777100857
      z: 0.0
    orientation:
      x: 0.0
      y: 0.0
      z: -0.0063014631091500945
      w: 0.9999801455842431
navigation_time:
  sec: 3
  nanosec: 980000000
estimated_time_remaining:
  sec: 11
  nanosec: 84522530
number_of_recoveries: 0
distance_remaining: 2.674999952316284

Feedback:
    current_pose:
  header:
    stamp:
      sec: 306
      nanosec: 960000000
    frame_id: map
  pose:
    position:
      x: 0.823679557201813
      y: 0.0007123014630905512
      z: 0.0
    orientation:
      x: 0.0
      y: 0.0
      z: -0.006182890192782834
      w: 0.9999808857517549
navigation_time:
  sec: 3
  nanosec: 988000000
estimated_time_remaining:
  sec: 11
  nanosec: 84724698
number_of_recoveries: 0
distance_remaining: 2.674999952316284

Feedback:
    current_pose:
  header:
    stamp:
      sec: 306
      nanosec: 960000000
    frame_id: map
  pose:
    position:
      x: 0.823679557201813
      y: 0.0007123014630905512
      z: 0.0
    orientation:
      x: 0.0
      y: 0.0
      z: -0.006182890192782834
      w: 0.9999808857517549
navigation_time:
  sec: 3
  nanosec: 996000000
estimated_time_remaining:
  sec: 11
  nanosec: 84724698
number_of_recoveries: 0
distance_remaining: 2.674999952316284

Feedback:
    current_pose:
  header:
    stamp:
      sec: 306
      nanosec: 960000000
    frame_id: map
  pose:
    position:
      x: 0.823679557201813
      y: 0.0007123014630905512
      z: 0.0
    orientation:
      x: 0.0
      y: 0.0
      z: -0.006182890192782834
      w: 0.9999808857517549
navigation_time:
  sec: 4
  nanosec: 0
estimated_time_remaining:
  sec: 11
  nanosec: 82116154
number_of_recoveries: 0
distance_remaining: 2.674999952316284

Feedback:
    current_pose:
  header:
    stamp:
      sec: 306
      nanosec: 980000000
    frame_id: map
  pose:
    position:
      x: 0.8282110649084372
      y: 0.0007428509687050354
      z: 0.0
    orientation:
      x: 0.0
      y: 0.0
      z: -0.006025686926435311
      w: 0.9999818453837372
navigation_time:
  sec: 4
  nanosec: 12000000
estimated_time_remaining:
  sec: 11
  nanosec: 82116154
number_of_recoveries: 0
distance_remaining: 2.674999952316284

Feedback:
    current_pose:
  header:
    stamp:
      sec: 306
      nanosec: 980000000
    frame_id: map
  pose:
    position:
      x: 0.8282110649084372
      y: 0.0007428509687050354
      z: 0.0
    orientation:
      x: 0.0
      y: 0.0
      z: -0.006025686926435311
      w: 0.9999818453837372
navigation_time:
  sec: 4
  nanosec: 20000000
estimated_time_remaining:
  sec: 11
  nanosec: 82116154
number_of_recoveries: 0
distance_remaining: 2.674999952316284

Feedback:
    current_pose:
  header:
    stamp:
      sec: 307
      nanosec: 0
    frame_id: map
  pose:
    position:
      x: 0.8327425906450072
      y: 0.0007753228045846476
      z: 0.0
    orientation:
      x: 0.0
      y: 0.0
      z: -0.005868483499055135
      w: 0.9999827803024518
navigation_time:
  sec: 4
  nanosec: 28000000
estimated_time_remaining:
  sec: 11
  nanosec: 77899844
number_of_recoveries: 0
distance_remaining: 2.674999952316284

Feedback:
    current_pose:
  header:
    stamp:
      sec: 307
      nanosec: 0
    frame_id: map
  pose:
    position:
      x: 0.8327425906450072
      y: 0.0007753228045846476
      z: 0.0
    orientation:
      x: 0.0
      y: 0.0
      z: -0.005868483499055135
      w: 0.9999827803024518
navigation_time:
  sec: 4
  nanosec: 36000000
estimated_time_remaining:
  sec: 11
  nanosec: 77899844
number_of_recoveries: 0
distance_remaining: 2.674999952316284

Feedback:
    current_pose:
  header:
    stamp:
      sec: 307
      nanosec: 20000000
    frame_id: map
  pose:
    position:
      x: 0.8376875027849068
      y: 0.0007180435341793171
      z: 0.0
    orientation:
      x: 0.0
      y: 0.0
      z: -0.005714409531270819
      w: 0.9999836726285629
navigation_time:
  sec: 4
  nanosec: 48000000
estimated_time_remaining:
  sec: 10
  nanosec: 966309676
number_of_recoveries: 0
distance_remaining: 2.6499998569488525

Feedback:
    current_pose:
  header:
    stamp:
      sec: 307
      nanosec: 20000000
    frame_id: map
  pose:
    position:
      x: 0.8376875027849068
      y: 0.0007180435341793171
      z: 0.0
    orientation:
      x: 0.0
      y: 0.0
      z: -0.005714409531270819
      w: 0.9999836726285629
navigation_time:
  sec: 4
  nanosec: 56000000
estimated_time_remaining:
  sec: 10
  nanosec: 966309676
number_of_recoveries: 0
distance_remaining: 2.6499998569488525

Feedback:
    current_pose:
  header:
    stamp:
      sec: 307
      nanosec: 40000000
    frame_id: map
  pose:
    position:
      x: 0.8426324323410042
      y: 0.000662288056588554
      z: 0.0
    orientation:
      x: 0.0
      y: 0.0
      z: -0.005560335416512327
      w: 0.999984541215541
navigation_time:
  sec: 4
  nanosec: 68000000
estimated_time_remaining:
  sec: 10
  nanosec: 949273962
number_of_recoveries: 0
distance_remaining: 2.6499998569488525

Feedback:
    current_pose:
  header:
    stamp:
      sec: 307
      nanosec: 40000000
    frame_id: map
  pose:
    position:
      x: 0.8426324323410042
      y: 0.000662288056588554
      z: 0.0
    orientation:
      x: 0.0
      y: 0.0
      z: -0.005560335416512327
      w: 0.999984541215541
navigation_time:
  sec: 4
  nanosec: 76000000
estimated_time_remaining:
  sec: 10
  nanosec: 949273962
number_of_recoveries: 0
distance_remaining: 2.6499998569488525

Feedback:
    current_pose:
  header:
    stamp:
      sec: 307
      nanosec: 60000000
    frame_id: map
  pose:
    position:
      x: 0.8475852896117676
      y: 0.0006080388975709626
      z: 0.0
    orientation:
      x: 0.0
      y: 0.0
      z: -0.005388847493740818
      w: 0.9999854800559302
navigation_time:
  sec: 4
  nanosec: 84000000
estimated_time_remaining:
  sec: 10
  nanosec: 927503160
number_of_recoveries: 0
distance_remaining: 2.6499998569488525

Feedback:
    current_pose:
  header:
    stamp:
      sec: 307
      nanosec: 60000000
    frame_id: map
  pose:
    position:
      x: 0.8475852896117676
      y: 0.0006080388975709626
      z: 0.0
    orientation:
      x: 0.0
      y: 0.0
      z: -0.005388847493740818
      w: 0.9999854800559302
navigation_time:
  sec: 4
  nanosec: 92000000
estimated_time_remaining:
  sec: 10
  nanosec: 927503160
number_of_recoveries: 0
distance_remaining: 2.6499998569488525

Feedback:
    current_pose:
  header:
    stamp:
      sec: 307
      nanosec: 80000000
    frame_id: map
  pose:
    position:
      x: 0.8525401431171516
      y: 0.0005555060522457233
      z: 0.0
    orientation:
      x: 0.0
      y: 0.0
      z: -0.005213005980676966
      w: 0.9999864121920085
navigation_time:
  sec: 4
  nanosec: 104000000
estimated_time_remaining:
  sec: 10
  nanosec: 901853722
number_of_recoveries: 0
distance_remaining: 2.6499998569488525

Feedback:
    current_pose:
  header:
    stamp:
      sec: 307
      nanosec: 80000000
    frame_id: map
  pose:
    position:
      x: 0.8525401431171516
      y: 0.0005555060522457233
      z: 0.0
    orientation:
      x: 0.0
      y: 0.0
      z: -0.005213005980676966
      w: 0.9999864121920085
navigation_time:
  sec: 4
  nanosec: 112000000
estimated_time_remaining:
  sec: 10
  nanosec: 901853722
number_of_recoveries: 0
distance_remaining: 2.6499998569488525

Feedback:
    current_pose:
  header:
    stamp:
      sec: 307
      nanosec: 80000000
    frame_id: map
  pose:
    position:
      x: 0.8525401431171516
      y: 0.0005555060522457233
      z: 0.0
    orientation:
      x: 0.0
      y: 0.0
      z: -0.005213005980676966
      w: 0.9999864121920085
navigation_time:
  sec: 4
  nanosec: 120000000
estimated_time_remaining:
  sec: 10
  nanosec: 901853722
number_of_recoveries: 0
distance_remaining: 2.6499998569488525

Feedback:
    current_pose:
  header:
    stamp:
      sec: 307
      nanosec: 100000000
    frame_id: map
  pose:
    position:
      x: 0.8575027257244584
      y: 0.0005046767578438026
      z: 0.0
    orientation:
      x: 0.0
      y: 0.0
      z: -0.005017458098185139
      w: 0.9999874124778936
navigation_time:
  sec: 4
  nanosec: 128000000
estimated_time_remaining:
  sec: 10
  nanosec: 871581502
number_of_recoveries: 0
distance_remaining: 2.6499998569488525

Feedback:
    current_pose:
  header:
    stamp:
      sec: 307
      nanosec: 100000000
    frame_id: map
  pose:
    position:
      x: 0.8575027257244584
      y: 0.0005046767578438026
      z: 0.0
    orientation:
      x: 0.0
      y: 0.0
      z: -0.005017458098185139
      w: 0.9999874124778936
navigation_time:
  sec: 4
  nanosec: 140000000
estimated_time_remaining:
  sec: 10
  nanosec: 871581502
number_of_recoveries: 0
distance_remaining: 2.6499998569488525

Feedback:
    current_pose:
  header:
    stamp:
      sec: 307
      nanosec: 120000000
    frame_id: map
  pose:
    position:
      x: 0.8624768956747125
      y: 0.0004558793407108614
      z: 0.0
    orientation:
      x: 0.0
      y: 0.0
      z: -0.004792350640828344
      w: 0.9999885166217336
navigation_time:
  sec: 4
  nanosec: 148000000
estimated_time_remaining:
  sec: 10
  nanosec: 847463130
number_of_recoveries: 0
distance_remaining: 2.6499998569488525

Feedback:
    current_pose:
  header:
    stamp:
      sec: 307
      nanosec: 120000000
    frame_id: map
  pose:
    position:
      x: 0.8624768956747125
      y: 0.0004558793407108614
      z: 0.0
    orientation:
      x: 0.0
      y: 0.0
      z: -0.004792350640828344
      w: 0.9999885166217336
navigation_time:
  sec: 4
  nanosec: 156000000
estimated_time_remaining:
  sec: 10
  nanosec: 847463130
number_of_recoveries: 0
distance_remaining: 2.6499998569488525

Feedback:
    current_pose:
  header:
    stamp:
      sec: 307
      nanosec: 140000000
    frame_id: map
  pose:
    position:
      x: 0.867444393384183
      y: 0.0004093796662627462
      z: 0.0
    orientation:
      x: 0.0
      y: 0.0
      z: -0.004570462297874482
      w: 0.9999895553826468
navigation_time:
  sec: 4
  nanosec: 164000000
estimated_time_remaining:
  sec: 10
  nanosec: 732872182
number_of_recoveries: 0
distance_remaining: 2.625

Feedback:
    current_pose:
  header:
    stamp:
      sec: 307
      nanosec: 140000000
    frame_id: map
  pose:
    position:
      x: 0.867444393384183
      y: 0.0004093796662627462
      z: 0.0
    orientation:
      x: 0.0
      y: 0.0
      z: -0.004570462297874482
      w: 0.9999895553826468
navigation_time:
  sec: 4
  nanosec: 172000000
estimated_time_remaining:
  sec: 10
  nanosec: 732872182
number_of_recoveries: 0
distance_remaining: 2.625

Feedback:
    current_pose:
  header:
    stamp:
      sec: 307
      nanosec: 140000000
    frame_id: map
  pose:
    position:
      x: 0.867444393384183
      y: 0.0004093796662627462
      z: 0.0
    orientation:
      x: 0.0
      y: 0.0
      z: -0.004570462297874482
      w: 0.9999895553826468
navigation_time:
  sec: 4
  nanosec: 180000000
estimated_time_remaining:
  sec: 10
  nanosec: 732872182
number_of_recoveries: 0
distance_remaining: 2.625

Feedback:
    current_pose:
  header:
    stamp:
      sec: 307
      nanosec: 160000000
    frame_id: map
  pose:
    position:
      x: 0.872385135802036
      y: 0.0003652480618453625
      z: 0.0
    orientation:
      x: 0.0
      y: 0.0
      z: -0.004361451196135217
      w: 0.9999904888265007
navigation_time:
  sec: 4
  nanosec: 188000000
estimated_time_remaining:
  sec: 10
  nanosec: 723006909
number_of_recoveries: 0
distance_remaining: 2.625

Feedback:
    current_pose:
  header:
    stamp:
      sec: 307
      nanosec: 160000000
    frame_id: map
  pose:
    position:
      x: 0.872385135802036
      y: 0.0003652480618453625
      z: 0.0
    orientation:
      x: 0.0
      y: 0.0
      z: -0.004361451196135217
      w: 0.9999904888265007
navigation_time:
  sec: 4
  nanosec: 196000000
estimated_time_remaining:
  sec: 10
  nanosec: 723006909
number_of_recoveries: 0
distance_remaining: 2.625

Feedback:
    current_pose:
  header:
    stamp:
      sec: 307
      nanosec: 180000000
    frame_id: map
  pose:
    position:
      x: 0.8773258962363757
      y: 0.00032318182185708507
      z: 0.0
    orientation:
      x: 0.0
      y: 0.0
      z: -0.0041524399039391605
      w: 0.9999913785842576
navigation_time:
  sec: 4
  nanosec: 208000000
estimated_time_remaining:
  sec: 10
  nanosec: 708745911
number_of_recoveries: 0
distance_remaining: 2.625

Feedback:
    current_pose:
  header:
    stamp:
      sec: 307
      nanosec: 180000000
    frame_id: map
  pose:
    position:
      x: 0.8773258962363757
      y: 0.00032318182185708507
      z: 0.0
    orientation:
      x: 0.0
      y: 0.0
      z: -0.0041524399039391605
      w: 0.9999913785842576
navigation_time:
  sec: 4
  nanosec: 220000000
estimated_time_remaining:
  sec: 10
  nanosec: 708745911
number_of_recoveries: 0
distance_remaining: 2.625

Feedback:
    current_pose:
  header:
    stamp:
      sec: 307
      nanosec: 200000000
    frame_id: map
  pose:
    position:
      x: 0.8822410851730105
      y: 0.00028357140526492637
      z: 0.0
    orientation:
      x: 0.0
      y: 0.0
      z: -0.003906141795894007
      w: 0.9999923709990344
navigation_time:
  sec: 4
  nanosec: 228000000
estimated_time_remaining:
  sec: 10
  nanosec: 693767967
number_of_recoveries: 0
distance_remaining: 2.625

Feedback:
    current_pose:
  header:
    stamp:
      sec: 307
      nanosec: 200000000
    frame_id: map
  pose:
    position:
      x: 0.8822410851730105
      y: 0.00028357140526492637
      z: 0.0
    orientation:
      x: 0.0
      y: 0.0
      z: -0.003906141795894007
      w: 0.9999923709990344
navigation_time:
  sec: 4
  nanosec: 236000000
estimated_time_remaining:
  sec: 10
  nanosec: 693767967
number_of_recoveries: 0
distance_remaining: 2.625

Feedback:
    current_pose:
  header:
    stamp:
      sec: 307
      nanosec: 200000000
    frame_id: map
  pose:
    position:
      x: 0.8822410851730105
      y: 0.00028357140526492637
      z: 0.0
    orientation:
      x: 0.0
      y: 0.0
      z: -0.003906141795894007
      w: 0.9999923709990344
navigation_time:
  sec: 4
  nanosec: 240000000
estimated_time_remaining:
  sec: 10
  nanosec: 693767967
number_of_recoveries: 0
distance_remaining: 2.625

Feedback:
    current_pose:
  header:
    stamp:
      sec: 307
      nanosec: 220000000
    frame_id: map
  pose:
    position:
      x: 0.8874018258964056
      y: 0.0005790082838727017
      z: 0.0
    orientation:
      x: 0.0
      y: 0.0
      z: -0.003361547931040017
      w: 0.9999943499817923
navigation_time:
  sec: 4
  nanosec: 248000000
estimated_time_remaining:
  sec: 10
  nanosec: 680530271
number_of_recoveries: 0
distance_remaining: 2.625

Feedback:
    current_pose:
  header:
    stamp:
      sec: 307
      nanosec: 220000000
    frame_id: map
  pose:
    position:
      x: 0.8874018258964056
      y: 0.0005790082838727017
      z: 0.0
    orientation:
      x: 0.0
      y: 0.0
      z: -0.003361547931040017
      w: 0.9999943499817923
navigation_time:
  sec: 4
  nanosec: 256000000
estimated_time_remaining:
  sec: 10
  nanosec: 680530271
number_of_recoveries: 0
distance_remaining: 2.625

Feedback:
    current_pose:
  header:
    stamp:
      sec: 307
      nanosec: 240000000
    frame_id: map
  pose:
    position:
      x: 0.8925925694588506
      y: 0.0008823030646153355
      z: 0.0
    orientation:
      x: 0.0
      y: 0.0
      z: -0.002867552982531097
      w: 0.9999958885614944
navigation_time:
  sec: 4
  nanosec: 264000000
estimated_time_remaining:
  sec: 10
  nanosec: 563670751
number_of_recoveries: 0
distance_remaining: 2.5999999046325684

Feedback:
    current_pose:
  header:
    stamp:
      sec: 307
      nanosec: 240000000
    frame_id: map
  pose:
    position:
      x: 0.8925925694588506
      y: 0.0008823030646153355
      z: 0.0
    orientation:
      x: 0.0
      y: 0.0
      z: -0.002867552982531097
      w: 0.9999958885614944
navigation_time:
  sec: 4
  nanosec: 272000000
estimated_time_remaining:
  sec: 10
  nanosec: 563670751
number_of_recoveries: 0
distance_remaining: 2.5999999046325684

Feedback:
    current_pose:
  header:
    stamp:
      sec: 307
      nanosec: 240000000
    frame_id: map
  pose:
    position:
      x: 0.8925925694588506
      y: 0.0008823030646153355
      z: 0.0
    orientation:
      x: 0.0
      y: 0.0
      z: -0.002867552982531097
      w: 0.9999958885614944
navigation_time:
  sec: 4
  nanosec: 280000000
estimated_time_remaining:
  sec: 10
  nanosec: 563670751
number_of_recoveries: 0
distance_remaining: 2.5999999046325684

Feedback:
    current_pose:
  header:
    stamp:
      sec: 307
      nanosec: 260000000
    frame_id: map
  pose:
    position:
      x: 0.897788237915074
      y: 0.0011934063817052275
      z: 0.0
    orientation:
      x: 0.0
      y: 0.0
      z: -0.0023766799159259657
      w: 0.9999971756923003
navigation_time:
  sec: 4
  nanosec: 288000000
estimated_time_remaining:
  sec: 10
  nanosec: 547404386
number_of_recoveries: 0
distance_remaining: 2.5999999046325684

Feedback:
    current_pose:
  header:
    stamp:
      sec: 307
      nanosec: 260000000
    frame_id: map
  pose:
    position:
      x: 0.897788237915074
      y: 0.0011934063817052275
      z: 0.0
    orientation:
      x: 0.0
      y: 0.0
      z: -0.0023766799159259657
      w: 0.9999971756923003
navigation_time:
  sec: 4
  nanosec: 300000000
estimated_time_remaining:
  sec: 10
  nanosec: 547404386
number_of_recoveries: 0
distance_remaining: 2.5999999046325684

Feedback:
    current_pose:
  header:
    stamp:
      sec: 307
      nanosec: 280000000
    frame_id: map
  pose:
    position:
      x: 0.903004421025049
      y: 0.0015121656890856323
      z: 0.0
    orientation:
      x: 0.0
      y: 0.0
      z: -0.0018982965763628921
      w: 0.9999981982334311
navigation_time:
  sec: 4
  nanosec: 304000000
estimated_time_remaining:
  sec: 10
  nanosec: 530952863
number_of_recoveries: 0
distance_remaining: 2.5999999046325684

Feedback:
    current_pose:
  header:
    stamp:
      sec: 307
      nanosec: 280000000
    frame_id: map
  pose:
    position:
      x: 0.903004421025049
      y: 0.0015121656890856323
      z: 0.0
    orientation:
      x: 0.0
      y: 0.0
      z: -0.0018982965763628921
      w: 0.9999981982334311
navigation_time:
  sec: 4
  nanosec: 308000000
estimated_time_remaining:
  sec: 10
  nanosec: 530952863
number_of_recoveries: 0
distance_remaining: 2.5999999046325684

Feedback:
    current_pose:
  header:
    stamp:
      sec: 307
      nanosec: 280000000
    frame_id: map
  pose:
    position:
      x: 0.903004421025049
      y: 0.0015121656890856323
      z: 0.0
    orientation:
      x: 0.0
      y: 0.0
      z: -0.0018982965763628921
      w: 0.9999981982334311
navigation_time:
  sec: 4
  nanosec: 316000000
estimated_time_remaining:
  sec: 10
  nanosec: 530952863
number_of_recoveries: 0
distance_remaining: 2.5999999046325684

Feedback:
    current_pose:
  header:
    stamp:
      sec: 307
      nanosec: 300000000
    frame_id: map
  pose:
    position:
      x: 0.9082203100381853
      y: 0.001838647187877678
      z: 0.0
    orientation:
      x: 0.0
      y: 0.0
      z: -0.0014199128024526707
      w: 0.9999989919233084
navigation_time:
  sec: 4
  nanosec: 324000000
estimated_time_remaining:
  sec: 10
  nanosec: 516992977
number_of_recoveries: 0
distance_remaining: 2.5999999046325684

Feedback:
    current_pose:
  header:
    stamp:
      sec: 307
      nanosec: 300000000
    frame_id: map
  pose:
    position:
      x: 0.9082203100381853
      y: 0.001838647187877678
      z: 0.0
    orientation:
      x: 0.0
      y: 0.0
      z: -0.0014199128024526707
      w: 0.9999989919233084
navigation_time:
  sec: 4
  nanosec: 332000000
estimated_time_remaining:
  sec: 10
  nanosec: 516992977
number_of_recoveries: 0
distance_remaining: 2.5999999046325684

Feedback:
    current_pose:
  header:
    stamp:
      sec: 307
      nanosec: 300000000
    frame_id: map
  pose:
    position:
      x: 0.9082203100381853
      y: 0.001838647187877678
      z: 0.0
    orientation:
      x: 0.0
      y: 0.0
      z: -0.0014199128024526707
      w: 0.9999989919233084
navigation_time:
  sec: 4
  nanosec: 340000000
estimated_time_remaining:
  sec: 10
  nanosec: 516992977
number_of_recoveries: 0
distance_remaining: 2.5999999046325684

Feedback:
    current_pose:
  header:
    stamp:
      sec: 307
      nanosec: 320000000
    frame_id: map
  pose:
    position:
      x: 0.9133179920831225
      y: 0.002173085212607227
      z: 0.0
    orientation:
      x: 0.0
      y: 0.0
      z: -0.0009433325067023979
      w: 0.9999995550617918
navigation_time:
  sec: 4
  nanosec: 348000000
estimated_time_remaining:
  sec: 10
  nanosec: 413314037
number_of_recoveries: 0
distance_remaining: 2.575000047683716

Feedback:
    current_pose:
  header:
    stamp:
      sec: 307
      nanosec: 320000000
    frame_id: map
  pose:
    position:
      x: 0.9133179920831225
      y: 0.002173085212607227
      z: 0.0
    orientation:
      x: 0.0
      y: 0.0
      z: -0.0009433325067023979
      w: 0.9999995550617918
navigation_time:
  sec: 4
  nanosec: 356000000
estimated_time_remaining:
  sec: 10
  nanosec: 413314037
number_of_recoveries: 0
distance_remaining: 2.575000047683716

Feedback:
    current_pose:
  header:
    stamp:
      sec: 307
      nanosec: 340000000
    frame_id: map
  pose:
    position:
      x: 0.9184153614061298
      y: 0.002515044435016065
      z: 0.0
    orientation:
      x: 0.0
      y: 0.0
      z: -0.00046675199697211424
      w: 0.9999998910712807
navigation_time:
  sec: 4
  nanosec: 364000000
estimated_time_remaining:
  sec: 10
  nanosec: 421946256
number_of_recoveries: 0
distance_remaining: 2.575000047683716

Feedback:
    current_pose:
  header:
    stamp:
      sec: 307
      nanosec: 340000000
    frame_id: map
  pose:
    position:
      x: 0.9184153614061298
      y: 0.002515044435016065
      z: 0.0
    orientation:
      x: 0.0
      y: 0.0
      z: -0.00046675199697211424
      w: 0.9999998910712807
navigation_time:
  sec: 4
  nanosec: 376000000
estimated_time_remaining:
  sec: 10
  nanosec: 421946256
number_of_recoveries: 0
distance_remaining: 2.575000047683716

Feedback:
    current_pose:
  header:
    stamp:
      sec: 307
      nanosec: 360000000
    frame_id: map
  pose:
    position:
      x: 0.923545042636706
      y: 0.002864379756770935
      z: 0.0
    orientation:
      x: 0.0
      y: 0.0
      z: -1.8769205670519748e-05
      w: 0.9999999998238585
navigation_time:
  sec: 4
  nanosec: 388000000
estimated_time_remaining:
  sec: 10
  nanosec: 431870382
number_of_recoveries: 0
distance_remaining: 2.575000047683716

Feedback:
    current_pose:
  header:
    stamp:
      sec: 307
      nanosec: 360000000
    frame_id: map
  pose:
    position:
      x: 0.923545042636706
      y: 0.002864379756770935
      z: 0.0
    orientation:
      x: 0.0
      y: 0.0
      z: -1.8769205670519748e-05
      w: 0.9999999998238585
navigation_time:
  sec: 4
  nanosec: 396000000
estimated_time_remaining:
  sec: 10
  nanosec: 431870382
number_of_recoveries: 0
distance_remaining: 2.575000047683716

Feedback:
    current_pose:
  header:
    stamp:
      sec: 307
      nanosec: 380000000
    frame_id: map
  pose:
    position:
      x: 0.928674393762599
      y: 0.003221006997100634
      z: 0.0
    orientation:
      x: 0.0
      y: 0.0
      z: 0.00042921358024995
      w: 0.999999907887847
navigation_time:
  sec: 4
  nanosec: 404000000
estimated_time_remaining:
  sec: 10
  nanosec: 440178009
number_of_recoveries: 0
distance_remaining: 2.575000047683716

Feedback:
    current_pose:
  header:
    stamp:
      sec: 307
      nanosec: 380000000
    frame_id: map
  pose:
    position:
      x: 0.928674393762599
      y: 0.003221006997100634
      z: 0.0
    orientation:
      x: 0.0
      y: 0.0
      z: 0.00042921358024995
      w: 0.999999907887847
navigation_time:
  sec: 4
  nanosec: 412000000
estimated_time_remaining:
  sec: 10
  nanosec: 440178009
number_of_recoveries: 0
distance_remaining: 2.575000047683716

Feedback:
    current_pose:
  header:
    stamp:
      sec: 307
      nanosec: 380000000
    frame_id: map
  pose:
    position:
      x: 0.928674393762599
      y: 0.003221006997100634
      z: 0.0
    orientation:
      x: 0.0
      y: 0.0
      z: 0.00042921358024995
      w: 0.999999907887847
navigation_time:
  sec: 4
  nanosec: 420000000
estimated_time_remaining:
  sec: 10
  nanosec: 440178009
number_of_recoveries: 0
distance_remaining: 2.575000047683716

Feedback:
    current_pose:
  header:
    stamp:
      sec: 307
      nanosec: 400000000
    frame_id: map
  pose:
    position:
      x: 0.9338596594174864
      y: 0.003585002502267399
      z: 0.0
    orientation:
      x: 0.0
      y: 0.0
      z: 0.0008733110364214293
      w: 0.9999996186638442
navigation_time:
  sec: 4
  nanosec: 428000000
estimated_time_remaining:
  sec: 10
  nanosec: 445428360
number_of_recoveries: 0
distance_remaining: 2.575000047683716

Feedback:
    current_pose:
  header:
    stamp:
      sec: 307
      nanosec: 400000000
    frame_id: map
  pose:
    position:
      x: 0.9338596594174864
      y: 0.003585002502267399
      z: 0.0
    orientation:
      x: 0.0
      y: 0.0
      z: 0.0008733110364214293
      w: 0.9999996186638442
navigation_time:
  sec: 4
  nanosec: 436000000
estimated_time_remaining:
  sec: 10
  nanosec: 445428360
number_of_recoveries: 0
distance_remaining: 2.575000047683716

Feedback:
    current_pose:
  header:
    stamp:
      sec: 307
      nanosec: 420000000
    frame_id: map
  pose:
    position:
      x: 0.938816311698477
      y: 0.0035943777792921735
      z: 0.0
    orientation:
      x: 0.0
      y: 0.0
      z: 0.0010181398647804336
      w: 0.9999994816954736
navigation_time:
  sec: 4
  nanosec: 448000000
estimated_time_remaining:
  sec: 10
  nanosec: 345243642
number_of_recoveries: 0
distance_remaining: 2.549999952316284

Feedback:
    current_pose:
  header:
    stamp:
      sec: 307
      nanosec: 420000000
    frame_id: map
  pose:
    position:
      x: 0.938816311698477
      y: 0.0035943777792921735
      z: 0.0
    orientation:
      x: 0.0
      y: 0.0
      z: 0.0010181398647804336
      w: 0.9999994816954736
navigation_time:
  sec: 4
  nanosec: 456000000
estimated_time_remaining:
  sec: 10
  nanosec: 345243642
number_of_recoveries: 0
distance_remaining: 2.549999952316284

Feedback:
    current_pose:
  header:
    stamp:
      sec: 307
      nanosec: 440000000
    frame_id: map
  pose:
    position:
      x: 0.9437669909370987
      y: 0.003605128546185627
      z: 0.0
    orientation:
      x: 0.0
      y: 0.0
      z: 0.0011471752963415727
      w: 0.9999993419942033
navigation_time:
  sec: 4
  nanosec: 468000000
estimated_time_remaining:
  sec: 10
  nanosec: 347204823
number_of_recoveries: 0
distance_remaining: 2.549999952316284

Feedback:
    current_pose:
  header:
    stamp:
      sec: 307
      nanosec: 440000000
    frame_id: map
  pose:
    position:
      x: 0.9437669909370987
      y: 0.003605128546185627
      z: 0.0
    orientation:
      x: 0.0
      y: 0.0
      z: 0.0011471752963415727
      w: 0.9999993419942033
navigation_time:
  sec: 4
  nanosec: 476000000
estimated_time_remaining:
  sec: 10
  nanosec: 347204823
number_of_recoveries: 0
distance_remaining: 2.549999952316284

Feedback:
    current_pose:
  header:
    stamp:
      sec: 307
      nanosec: 460000000
    frame_id: map
  pose:
    position:
      x: 0.9487136872913055
      y: 0.003617064243563977
      z: 0.0
    orientation:
      x: 0.0
      y: 0.0
      z: 0.0012656817794540348
      w: 0.999999199024496
navigation_time:
  sec: 4
  nanosec: 488000000
estimated_time_remaining:
  sec: 10
  nanosec: 350139636
number_of_recoveries: 0
distance_remaining: 2.549999952316284

Feedback:
    current_pose:
  header:
    stamp:
      sec: 307
      nanosec: 460000000
    frame_id: map
  pose:
    position:
      x: 0.9487136872913055
      y: 0.003617064243563977
      z: 0.0
    orientation:
      x: 0.0
      y: 0.0
      z: 0.0012656817794540348
      w: 0.999999199024496
navigation_time:
  sec: 4
  nanosec: 496000000
estimated_time_remaining:
  sec: 10
  nanosec: 350139636
number_of_recoveries: 0
distance_remaining: 2.549999952316284

Feedback:
    current_pose:
  header:
    stamp:
      sec: 307
      nanosec: 480000000
    frame_id: map
  pose:
    position:
      x: 0.9536763806701944
      y: 0.00363019691479214
      z: 0.0
    orientation:
      x: 0.0
      y: 0.0
      z: 0.0013649185429994931
      w: 0.9999990684982516
navigation_time:
  sec: 4
  nanosec: 508000000
estimated_time_remaining:
  sec: 10
  nanosec: 350089316
number_of_recoveries: 0
distance_remaining: 2.549999952316284

Feedback:
    current_pose:
  header:
    stamp:
      sec: 307
      nanosec: 480000000
    frame_id: map
  pose:
    position:
      x: 0.9536763806701944
      y: 0.00363019691479214
      z: 0.0
    orientation:
      x: 0.0
      y: 0.0
      z: 0.0013649185429994931
      w: 0.9999990684982516
navigation_time:
  sec: 4
  nanosec: 516000000
estimated_time_remaining:
  sec: 10
  nanosec: 350089316
number_of_recoveries: 0
distance_remaining: 2.549999952316284

Feedback:
    current_pose:
  header:
    stamp:
      sec: 307
      nanosec: 500000000
    frame_id: map
  pose:
    position:
      x: 0.9587325615505927
      y: 0.003644111538846963
      z: 0.0
    orientation:
      x: 0.0
      y: 0.0
      z: 0.0013870764512888686
      w: 0.9999990380089965
navigation_time:
  sec: 4
  nanosec: 524000000
estimated_time_remaining:
  sec: 10
  nanosec: 341102376
number_of_recoveries: 0
distance_remaining: 2.549999952316284

Feedback:
    current_pose:
  header:
    stamp:
      sec: 307
      nanosec: 500000000
    frame_id: map
  pose:
    position:
      x: 0.9587325615505927
      y: 0.003644111538846963
      z: 0.0
    orientation:
      x: 0.0
      y: 0.0
      z: 0.0013870764512888686
      w: 0.9999990380089965
navigation_time:
  sec: 4
  nanosec: 536000000
estimated_time_remaining:
  sec: 10
  nanosec: 341102376
number_of_recoveries: 0
distance_remaining: 2.549999952316284

Feedback:
    current_pose:
  header:
    stamp:
      sec: 307
      nanosec: 520000000
    frame_id: map
  pose:
    position:
      x: 0.9637887418095358
      y: 0.0036582502317317614
      z: 0.0
    orientation:
      x: 0.0
      y: 0.0
      z: 0.0014092343399138196
      w: 0.9999990070287944
navigation_time:
  sec: 4
  nanosec: 544000000
estimated_time_remaining:
  sec: 10
  nanosec: 223128484
number_of_recoveries: 0
distance_remaining: 2.5249998569488525

Feedback:
    current_pose:
  header:
    stamp:
      sec: 307
      nanosec: 520000000
    frame_id: map
  pose:
    position:
      x: 0.9637887418095358
      y: 0.0036582502317317614
      z: 0.0
    orientation:
      x: 0.0
      y: 0.0
      z: 0.0014092343399138196
      w: 0.9999990070287944
navigation_time:
  sec: 4
  nanosec: 552000000
estimated_time_remaining:
  sec: 10
  nanosec: 223128484
number_of_recoveries: 0
distance_remaining: 2.5249998569488525

Feedback:
    current_pose:
  header:
    stamp:
      sec: 307
      nanosec: 540000000
    frame_id: map
  pose:
    position:
      x: 0.9689359924130206
      y: 0.0036727844243973377
      z: 0.0
    orientation:
      x: 0.0
      y: 0.0
      z: 0.001410200877955374
      w: 0.9999990056662474
navigation_time:
  sec: 4
  nanosec: 564000000
estimated_time_remaining:
  sec: 10
  nanosec: 199076611
number_of_recoveries: 0
distance_remaining: 2.5249998569488525

Feedback:
    current_pose:
  header:
    stamp:
      sec: 307
      nanosec: 540000000
    frame_id: map
  pose:
    position:
      x: 0.9689359924130206
      y: 0.0036727844243973377
      z: 0.0
    orientation:
      x: 0.0
      y: 0.0
      z: 0.001410200877955374
      w: 0.9999990056662474
navigation_time:
  sec: 4
  nanosec: 572000000
estimated_time_remaining:
  sec: 10
  nanosec: 199076611
number_of_recoveries: 0
distance_remaining: 2.5249998569488525

Feedback:
    current_pose:
  header:
    stamp:
      sec: 307
      nanosec: 560000000
    frame_id: map
  pose:
    position:
      x: 0.9741172903899209
      y: 0.0036873753678969166
      z: 0.0
    orientation:
      x: 0.0
      y: 0.0
      z: 0.0014058695675461996
      w: 0.9999990117648913
navigation_time:
  sec: 4
  nanosec: 584000000
estimated_time_remaining:
  sec: 10
  nanosec: 169064369
number_of_recoveries: 0
distance_remaining: 2.5249998569488525

Feedback:
    current_pose:
  header:
    stamp:
      sec: 307
      nanosec: 560000000
    frame_id: map
  pose:
    position:
      x: 0.9741172903899209
      y: 0.0036873753678969166
      z: 0.0
    orientation:
      x: 0.0
      y: 0.0
      z: 0.0014058695675461996
      w: 0.9999990117648913
navigation_time:
  sec: 4
  nanosec: 592000000
estimated_time_remaining:
  sec: 10
  nanosec: 169064369
number_of_recoveries: 0
distance_remaining: 2.5249998569488525

Feedback:
    current_pose:
  header:
    stamp:
      sec: 307
      nanosec: 560000000
    frame_id: map
  pose:
    position:
      x: 0.9741172903899209
      y: 0.0036873753678969166
      z: 0.0
    orientation:
      x: 0.0
      y: 0.0
      z: 0.0014058695675461996
      w: 0.9999990117648913
navigation_time:
  sec: 4
  nanosec: 600000000
estimated_time_remaining:
  sec: 10
  nanosec: 169064369
number_of_recoveries: 0
distance_remaining: 2.5249998569488525

Feedback:
    current_pose:
  header:
    stamp:
      sec: 307
      nanosec: 580000000
    frame_id: map
  pose:
    position:
      x: 0.979333604940891
      y: 0.003701990420527255
      z: 0.0
    orientation:
      x: 0.0
      y: 0.0
      z: 0.0013876840719959098
      w: 0.9999990371659946
navigation_time:
  sec: 4
  nanosec: 608000000
estimated_time_remaining:
  sec: 10
  nanosec: 137091389
number_of_recoveries: 0
distance_remaining: 2.5249998569488525

Feedback:
    current_pose:
  header:
    stamp:
      sec: 307
      nanosec: 580000000
    frame_id: map
  pose:
    position:
      x: 0.979333604940891
      y: 0.003701990420527255
      z: 0.0
    orientation:
      x: 0.0
      y: 0.0
      z: 0.0013876840719959098
      w: 0.9999990371659946
navigation_time:
  sec: 4
  nanosec: 620000000
estimated_time_remaining:
  sec: 10
  nanosec: 137091389
number_of_recoveries: 0
distance_remaining: 2.5249998569488525

Feedback:
    current_pose:
  header:
    stamp:
      sec: 307
      nanosec: 600000000
    frame_id: map
  pose:
    position:
      x: 0.9846099862279327
      y: 0.0037164287578959915
      z: 0.0
    orientation:
      x: 0.0
      y: 0.0
      z: 0.0013487172692706875
      w: 0.9999990904804502
navigation_time:
  sec: 4
  nanosec: 628000000
estimated_time_remaining:
  sec: 10
  nanosec: 100955261
number_of_recoveries: 0
distance_remaining: 2.5249998569488525

Feedback:
    current_pose:
  header:
    stamp:
      sec: 307
      nanosec: 600000000
    frame_id: map
  pose:
    position:
      x: 0.9846099862279327
      y: 0.0037164287578959915
      z: 0.0
    orientation:
      x: 0.0
      y: 0.0
      z: 0.0013487172692706875
      w: 0.9999990904804502
navigation_time:
  sec: 4
  nanosec: 636000000
estimated_time_remaining:
  sec: 10
  nanosec: 100955261
number_of_recoveries: 0
distance_remaining: 2.5249998569488525

Feedback:
    current_pose:
  header:
    stamp:
      sec: 307
      nanosec: 620000000
    frame_id: map
  pose:
    position:
      x: 0.9896701592251386
      y: 0.0033475852065198743
      z: 0.0
    orientation:
      x: 0.0
      y: 0.0
      z: 0.0008517578627409288
      w: 0.9999996372542058
navigation_time:
  sec: 4
  nanosec: 644000000
estimated_time_remaining:
  sec: 9
  nanosec: 962214518
number_of_recoveries: 0
distance_remaining: 2.5

Feedback:
    current_pose:
  header:
    stamp:
      sec: 307
      nanosec: 620000000
    frame_id: map
  pose:
    position:
      x: 0.9896701592251386
      y: 0.0033475852065198743
      z: 0.0
    orientation:
      x: 0.0
      y: 0.0
      z: 0.0008517578627409288
      w: 0.9999996372542058
navigation_time:
  sec: 4
  nanosec: 652000000
estimated_time_remaining:
  sec: 9
  nanosec: 962214518
number_of_recoveries: 0
distance_remaining: 2.5

Feedback:
    current_pose:
  header:
    stamp:
      sec: 307
      nanosec: 640000000
    frame_id: map
  pose:
    position:
      x: 0.9947792271708218
      y: 0.0029685562876222106
      z: 0.0
    orientation:
      x: 0.0
      y: 0.0
      z: 0.0003230404681604185
      w: 0.9999999478224267
navigation_time:
  sec: 4
  nanosec: 664000000
estimated_time_remaining:
  sec: 9
  nanosec: 912714786
number_of_recoveries: 0
distance_remaining: 2.5

Feedback:
    current_pose:
  header:
    stamp:
      sec: 307
      nanosec: 640000000
    frame_id: map
  pose:
    position:
      x: 0.9947792271708218
      y: 0.0029685562876222106
      z: 0.0
    orientation:
      x: 0.0
      y: 0.0
      z: 0.0003230404681604185
      w: 0.9999999478224267
navigation_time:
  sec: 4
  nanosec: 676000000
estimated_time_remaining:
  sec: 9
  nanosec: 912714786
number_of_recoveries: 0
distance_remaining: 2.5

Feedback:
    current_pose:
  header:
    stamp:
      sec: 307
      nanosec: 660000000
    frame_id: map
  pose:
    position:
      x: 0.9998874921349762
      y: 0.0025790746112216486
      z: 0.0
    orientation:
      x: 0.0
      y: 0.0
      z: -0.00020567701745766303
      w: 0.9999999788484819
navigation_time:
  sec: 4
  nanosec: 684000000
estimated_time_remaining:
  sec: 9
  nanosec: 853524422
number_of_recoveries: 0
distance_remaining: 2.5

Feedback:
    current_pose:
  header:
    stamp:
      sec: 307
      nanosec: 660000000
    frame_id: map
  pose:
    position:
      x: 0.9998874921349762
      y: 0.0025790746112216486
      z: 0.0
    orientation:
      x: 0.0
      y: 0.0
      z: -0.00020567701745766303
      w: 0.9999999788484819
navigation_time:
  sec: 4
  nanosec: 688000000
estimated_time_remaining:
  sec: 9
  nanosec: 853524422
number_of_recoveries: 0
distance_remaining: 2.5

Feedback:
    current_pose:
  header:
    stamp:
      sec: 307
      nanosec: 660000000
    frame_id: map
  pose:
    position:
      x: 0.9998874921349762
      y: 0.0025790746112216486
      z: 0.0
    orientation:
      x: 0.0
      y: 0.0
      z: -0.00020567701745766303
      w: 0.9999999788484819
navigation_time:
  sec: 4
  nanosec: 700000000
estimated_time_remaining:
  sec: 9
  nanosec: 853524422
number_of_recoveries: 0
distance_remaining: 2.5

Feedback:
    current_pose:
  header:
    stamp:
      sec: 307
      nanosec: 680000000
    frame_id: map
  pose:
    position:
      x: 1.0049327122122436
      y: 0.0021790267878242257
      z: 0.0
    orientation:
      x: 0.0
      y: 0.0
      z: -0.0007822966096618685
      w: 0.9999996940059604
navigation_time:
  sec: 4
  nanosec: 708000000
estimated_time_remaining:
  sec: 9
  nanosec: 800728234
number_of_recoveries: 0
distance_remaining: 2.5

Feedback:
    current_pose:
  header:
    stamp:
      sec: 307
      nanosec: 680000000
    frame_id: map
  pose:
    position:
      x: 1.0049327122122436
      y: 0.0021790267878242257
      z: 0.0
    orientation:
      x: 0.0
      y: 0.0
      z: -0.0007822966096618685
      w: 0.9999996940059604
navigation_time:
  sec: 4
  nanosec: 720000000
estimated_time_remaining:
  sec: 9
  nanosec: 800728234
number_of_recoveries: 0
distance_remaining: 2.5

Feedback:
    current_pose:
  header:
    stamp:
      sec: 307
      nanosec: 700000000
    frame_id: map
  pose:
    position:
      x: 1.0099615402876496
      y: 0.0017680691945404817
      z: 0.0
    orientation:
      x: 0.0
      y: 0.0
      z: -0.0013708914985568765
      w: 0.999999060327808
navigation_time:
  sec: 4
  nanosec: 732000000
estimated_time_remaining:
  sec: 9
  nanosec: 755057483
number_of_recoveries: 0
distance_remaining: 2.5

Feedback:
    current_pose:
  header:
    stamp:
      sec: 307
      nanosec: 700000000
    frame_id: map
  pose:
    position:
      x: 1.0099615402876496
      y: 0.0017680691945404817
      z: 0.0
    orientation:
      x: 0.0
      y: 0.0
      z: -0.0013708914985568765
      w: 0.999999060327808
navigation_time:
  sec: 4
  nanosec: 740000000
estimated_time_remaining:
  sec: 9
  nanosec: 755057483
number_of_recoveries: 0
distance_remaining: 2.5

Feedback:
    current_pose:
  header:
    stamp:
      sec: 307
      nanosec: 720000000
    frame_id: map
  pose:
    position:
      x: 1.0149764539499961
      y: 0.0013461857509900184
      z: 0.0
    orientation:
      x: 0.0
      y: 0.0
      z: -0.001982475614657467
      w: 0.9999980348932879
navigation_time:
  sec: 4
  nanosec: 748000000
estimated_time_remaining:
  sec: 9
  nanosec: 714814043
number_of_recoveries: 0
distance_remaining: 2.5

Feedback:
    current_pose:
  header:
    stamp:
      sec: 307
      nanosec: 720000000
    frame_id: map
  pose:
    position:
      x: 1.0149764539499961
      y: 0.0013461857509900184
      z: 0.0
    orientation:
      x: 0.0
      y: 0.0
      z: -0.001982475614657467
      w: 0.9999980348932879
navigation_time:
  sec: 4
  nanosec: 760000000
estimated_time_remaining:
  sec: 9
  nanosec: 714814043
number_of_recoveries: 0
distance_remaining: 2.5

Feedback:
    current_pose:
  header:
    stamp:
      sec: 307
      nanosec: 740000000
    frame_id: map
  pose:
    position:
      x: 1.0199709030542154
      y: 0.0009130052673802535
      z: 0.0
    orientation:
      x: 0.0
      y: 0.0
      z: -0.0026285435367661486
      w: 0.9999965453734705
navigation_time:
  sec: 4
  nanosec: 768000000
estimated_time_remaining:
  sec: 9
  nanosec: 680929052
number_of_recoveries: 0
distance_remaining: 2.5

Feedback:
    current_pose:
  header:
    stamp:
      sec: 307
      nanosec: 740000000
    frame_id: map
  pose:
    position:
      x: 1.0199709030542154
      y: 0.0009130052673802535
      z: 0.0
    orientation:
      x: 0.0
      y: 0.0
      z: -0.0026285435367661486
      w: 0.9999965453734705
navigation_time:
  sec: 4
  nanosec: 776000000
estimated_time_remaining:
  sec: 9
  nanosec: 680929052
number_of_recoveries: 0
distance_remaining: 2.5

Feedback:
    current_pose:
  header:
    stamp:
      sec: 307
      nanosec: 760000000
    frame_id: map
  pose:
    position:
      x: 1.0249644608207498
      y: 0.0004683650577529679
      z: 0.0
    orientation:
      x: 0.0
      y: 0.0
      z: -0.0032746103618320234
      w: 0.9999946384491158
navigation_time:
  sec: 4
  nanosec: 784000000
estimated_time_remaining:
  sec: 9
  nanosec: 648890326
number_of_recoveries: 0
distance_remaining: 2.5

Feedback:
    current_pose:
  header:
    stamp:
      sec: 307
      nanosec: 760000000
    frame_id: map
  pose:
    position:
      x: 1.0249644608207498
      y: 0.0004683650577529679
      z: 0.0
    orientation:
      x: 0.0
      y: 0.0
      z: -0.0032746103618320234
      w: 0.9999946384491158
navigation_time:
  sec: 4
  nanosec: 792000000
estimated_time_remaining:
  sec: 9
  nanosec: 648890326
number_of_recoveries: 0
distance_remaining: 2.5

Feedback:
    current_pose:
  header:
    stamp:
      sec: 307
      nanosec: 760000000
    frame_id: map
  pose:
    position:
      x: 1.0249644608207498
      y: 0.0004683650577529679
      z: 0.0
    orientation:
      x: 0.0
      y: 0.0
      z: -0.0032746103618320234
      w: 0.9999946384491158
navigation_time:
  sec: 4
  nanosec: 800000000
estimated_time_remaining:
  sec: 9
  nanosec: 648890326
number_of_recoveries: 0
distance_remaining: 2.5

Feedback:
    current_pose:
  header:
    stamp:
      sec: 307
      nanosec: 780000000
    frame_id: map
  pose:
    position:
      x: 1.0300260978790312
      y: 1.1881727563980028e-05
      z: 0.0
    orientation:
      x: 0.0
      y: 0.0
      z: -0.003893642199153525
      w: 0.9999924197464825
navigation_time:
  sec: 4
  nanosec: 808000000
estimated_time_remaining:
  sec: 9
  nanosec: 420251903
number_of_recoveries: 0
distance_remaining: 2.450000047683716

Feedback:
    current_pose:
  header:
    stamp:
      sec: 307
      nanosec: 780000000
    frame_id: map
  pose:
    position:
      x: 1.0300260978790312
      y: 1.1881727563980028e-05
      z: 0.0
    orientation:
      x: 0.0
      y: 0.0
      z: -0.003893642199153525
      w: 0.9999924197464825
navigation_time:
  sec: 4
  nanosec: 820000000
estimated_time_remaining:
  sec: 9
  nanosec: 420251903
number_of_recoveries: 0
distance_remaining: 2.450000047683716

Feedback:
    current_pose:
  header:
    stamp:
      sec: 307
      nanosec: 800000000
    frame_id: map
  pose:
    position:
      x: 1.035086807130306
      y: -0.0004559244289756093
      z: 0.0
    orientation:
      x: 0.0
      y: 0.0
      z: -0.0045126725360104146
      w: 0.9999898178414531
navigation_time:
  sec: 4
  nanosec: 828000000
estimated_time_remaining:
  sec: 9
  nanosec: 381660260
number_of_recoveries: 0
distance_remaining: 2.450000047683716

Feedback:
    current_pose:
  header:
    stamp:
      sec: 307
      nanosec: 800000000
    frame_id: map
  pose:
    position:
      x: 1.035086807130306
      y: -0.0004559244289756093
      z: 0.0
    orientation:
      x: 0.0
      y: 0.0
      z: -0.0045126725360104146
      w: 0.9999898178414531
navigation_time:
  sec: 4
  nanosec: 840000000
estimated_time_remaining:
  sec: 9
  nanosec: 381660260
number_of_recoveries: 0
distance_remaining: 2.450000047683716

Feedback:
    current_pose:
  header:
    stamp:
      sec: 307
      nanosec: 820000000
    frame_id: map
  pose:
    position:
      x: 1.0403459336139411
      y: -0.0005040797930358802
      z: 0.0
    orientation:
      x: 0.0
      y: 0.0
      z: -0.004643572345325812
      w: 0.999989218559817
navigation_time:
  sec: 4
  nanosec: 848000000
estimated_time_remaining:
  sec: 9
  nanosec: 351586144
number_of_recoveries: 0
distance_remaining: 2.450000047683716

Feedback:
    current_pose:
  header:
    stamp:
      sec: 307
      nanosec: 820000000
    frame_id: map
  pose:
    position:
      x: 1.0403459336139411
      y: -0.0005040797930358802
      z: 0.0
    orientation:
      x: 0.0
      y: 0.0
      z: -0.004643572345325812
      w: 0.999989218559817
navigation_time:
  sec: 4
  nanosec: 856000000
estimated_time_remaining:
  sec: 9
  nanosec: 351586144
number_of_recoveries: 0
distance_remaining: 2.450000047683716

Feedback:
    current_pose:
  header:
    stamp:
      sec: 307
      nanosec: 840000000
    frame_id: map
  pose:
    position:
      x: 1.0456050473100136
      y: -0.0005536120070509512
      z: 0.0
    orientation:
      x: 0.0
      y: 0.0
      z: -0.004774472062906522
      w: 0.9999886021433048
navigation_time:
  sec: 4
  nanosec: 864000000
estimated_time_remaining:
  sec: 9
  nanosec: 328980666
number_of_recoveries: 0
distance_remaining: 2.450000047683716

Feedback:
    current_pose:
  header:
    stamp:
      sec: 307
      nanosec: 840000000
    frame_id: map
  pose:
    position:
      x: 1.0456050473100136
      y: -0.0005536120070509512
      z: 0.0
    orientation:
      x: 0.0
      y: 0.0
      z: -0.004774472062906522
      w: 0.9999886021433048
navigation_time:
  sec: 4
  nanosec: 876000000
estimated_time_remaining:
  sec: 9
  nanosec: 328980666
number_of_recoveries: 0
distance_remaining: 2.450000047683716

Feedback:
    current_pose:
  header:
    stamp:
      sec: 307
      nanosec: 860000000
    frame_id: map
  pose:
    position:
      x: 1.0508679809423025
      y: -0.0006043155547290728
      z: 0.0
    orientation:
      x: 0.0
      y: 0.0
      z: -0.0048477402212598435
      w: 0.9999882496383381
navigation_time:
  sec: 4
  nanosec: 884000000
estimated_time_remaining:
  sec: 9
  nanosec: 311305541
number_of_recoveries: 0
distance_remaining: 2.450000047683716

Feedback:
    current_pose:
  header:
    stamp:
      sec: 307
      nanosec: 860000000
    frame_id: map
  pose:
    position:
      x: 1.0508679809423025
      y: -0.0006043155547290728
      z: 0.0
    orientation:
      x: 0.0
      y: 0.0
      z: -0.0048477402212598435
      w: 0.9999882496383381
navigation_time:
  sec: 4
  nanosec: 896000000
estimated_time_remaining:
  sec: 9
  nanosec: 311305541
number_of_recoveries: 0
distance_remaining: 2.450000047683716

Feedback:
    current_pose:
  header:
    stamp:
      sec: 307
      nanosec: 880000000
    frame_id: map
  pose:
    position:
      x: 1.0561318661046177
      y: -0.0006556631160337233
      z: 0.0
    orientation:
      x: 0.0
      y: 0.0
      z: -0.004906600458329734
      w: 0.9999879625635213
navigation_time:
  sec: 4
  nanosec: 904000000
estimated_time_remaining:
  sec: 9
  nanosec: 300330331
number_of_recoveries: 0
distance_remaining: 2.450000047683716

Feedback:
    current_pose:
  header:
    stamp:
      sec: 307
      nanosec: 880000000
    frame_id: map
  pose:
    position:
      x: 1.0561318661046177
      y: -0.0006556631160337233
      z: 0.0
    orientation:
      x: 0.0
      y: 0.0
      z: -0.004906600458329734
      w: 0.9999879625635213
navigation_time:
  sec: 4
  nanosec: 912000000
estimated_time_remaining:
  sec: 9
  nanosec: 300330331
number_of_recoveries: 0
distance_remaining: 2.450000047683716

Feedback:
    current_pose:
  header:
    stamp:
      sec: 307
      nanosec: 880000000
    frame_id: map
  pose:
    position:
      x: 1.0561318661046177
      y: -0.0006556631160337233
      z: 0.0
    orientation:
      x: 0.0
      y: 0.0
      z: -0.004906600458329734
      w: 0.9999879625635213
navigation_time:
  sec: 4
  nanosec: 920000000
estimated_time_remaining:
  sec: 9
  nanosec: 300330331
number_of_recoveries: 0
distance_remaining: 2.450000047683716

Feedback:
    current_pose:
  header:
    stamp:
      sec: 307
      nanosec: 900000000
    frame_id: map
  pose:
    position:
      x: 1.0614099853096175
      y: -0.0007077632381735106
      z: 0.0
    orientation:
      x: 0.0
      y: 0.0
      z: -0.004957618777975874
      w: 0.9999877109325156
navigation_time:
  sec: 4
  nanosec: 932000000
estimated_time_remaining:
  sec: 9
  nanosec: 292346316
number_of_recoveries: 0
distance_remaining: 2.450000047683716

Feedback:
    current_pose:
  header:
    stamp:
      sec: 307
      nanosec: 900000000
    frame_id: map
  pose:
    position:
      x: 1.0614099853096175
      y: -0.0007077632381735106
      z: 0.0
    orientation:
      x: 0.0
      y: 0.0
      z: -0.004957618777975874
      w: 0.9999877109325156
navigation_time:
  sec: 4
  nanosec: 940000000
estimated_time_remaining:
  sec: 9
  nanosec: 292346316
number_of_recoveries: 0
distance_remaining: 2.450000047683716

Feedback:
    current_pose:
  header:
    stamp:
      sec: 307
      nanosec: 920000000
    frame_id: map
  pose:
    position:
      x: 1.0667450613127134
      y: -0.0007607685838666618
      z: 0.0
    orientation:
      x: 0.0
      y: 0.0
      z: -0.00497726944488967
      w: 0.9999876133177216
navigation_time:
  sec: 4
  nanosec: 952000000
estimated_time_remaining:
  sec: 9
  nanosec: 190936971
number_of_recoveries: 0
distance_remaining: 2.424999952316284

Feedback:
    current_pose:
  header:
    stamp:
      sec: 307
      nanosec: 920000000
    frame_id: map
  pose:
    position:
      x: 1.0667450613127134
      y: -0.0007607685838666618
      z: 0.0
    orientation:
      x: 0.0
      y: 0.0
      z: -0.00497726944488967
      w: 0.9999876133177216
navigation_time:
  sec: 4
  nanosec: 960000000
estimated_time_remaining:
  sec: 9
  nanosec: 190936971
number_of_recoveries: 0
distance_remaining: 2.424999952316284

Feedback:
    current_pose:
  header:
    stamp:
      sec: 307
      nanosec: 940000000
    frame_id: map
  pose:
    position:
      x: 1.0720801352284879
      y: -0.0008139836076717227
      z: 0.0
    orientation:
      x: 0.0
      y: 0.0
      z: -0.004996920106842251
      w: 0.9999875153167893
navigation_time:
  sec: 4
  nanosec: 968000000
estimated_time_remaining:
  sec: 9
  nanosec: 185200735
number_of_recoveries: 0
distance_remaining: 2.424999952316284

Feedback:
    current_pose:
  header:
    stamp:
      sec: 307
      nanosec: 940000000
    frame_id: map
  pose:
    position:
      x: 1.0720801352284879
      y: -0.0008139836076717227
      z: 0.0
    orientation:
      x: 0.0
      y: 0.0
      z: -0.004996920106842251
      w: 0.9999875153167893
navigation_time:
  sec: 4
  nanosec: 980000000
estimated_time_remaining:
  sec: 9
  nanosec: 185200735
number_of_recoveries: 0
distance_remaining: 2.424999952316284

Feedback:
    current_pose:
  header:
    stamp:
      sec: 307
      nanosec: 960000000
    frame_id: map
  pose:
    position:
      x: 1.0775097577381672
      y: -0.000867988092848433
      z: 0.0
    orientation:
      x: 0.0
      y: 0.0
      z: -0.004949005435980558
      w: 0.99998775359761
navigation_time:
  sec: 4
  nanosec: 988000000
estimated_time_remaining:
  sec: 9
  nanosec: 177710299
number_of_recoveries: 0
distance_remaining: 2.424999952316284

Feedback:
    current_pose:
  header:
    stamp:
      sec: 307
      nanosec: 960000000
    frame_id: map
  pose:
    position:
      x: 1.0775097577381672
      y: -0.000867988092848433
      z: 0.0
    orientation:
      x: 0.0
      y: 0.0
      z: -0.004949005435980558
      w: 0.99998775359761
navigation_time:
  sec: 4
  nanosec: 996000000
estimated_time_remaining:
  sec: 9
  nanosec: 177710299
number_of_recoveries: 0
distance_remaining: 2.424999952316284

Feedback:
    current_pose:
  header:
    stamp:
      sec: 307
      nanosec: 980000000
    frame_id: map
  pose:
    position:
      x: 1.082943023163012
      y: -0.0009215082271133218
      z: 0.0
    orientation:
      x: 0.0
      y: 0.0
      z: -0.004901090732584184
      w: 0.9999879895826903
navigation_time:
  sec: 5
  nanosec: 8000000
estimated_time_remaining:
  sec: 9
  nanosec: 167604554
number_of_recoveries: 0
distance_remaining: 2.424999952316284

Feedback:
    current_pose:
  header:
    stamp:
      sec: 307
      nanosec: 980000000
    frame_id: map
  pose:
    position:
      x: 1.082943023163012
      y: -0.0009215082271133218
      z: 0.0
    orientation:
      x: 0.0
      y: 0.0
      z: -0.004901090732584184
      w: 0.9999879895826903
navigation_time:
  sec: 5
  nanosec: 16000000
estimated_time_remaining:
  sec: 9
  nanosec: 167604554
number_of_recoveries: 0
distance_remaining: 2.424999952316284

Feedback:
    current_pose:
  header:
    stamp:
      sec: 308
      nanosec: 0
    frame_id: map
  pose:
    position:
      x: 1.0883040513621902
      y: -0.0009737590496519712
      z: 0.0
    orientation:
      x: 0.0
      y: 0.0
      z: -0.004838958210626248
      w: 0.9999882921731813
navigation_time:
  sec: 5
  nanosec: 20000000
estimated_time_remaining:
  sec: 9
  nanosec: 63454900
number_of_recoveries: 0
distance_remaining: 2.3999998569488525

Feedback:
    current_pose:
  header:
    stamp:
      sec: 308
      nanosec: 0
    frame_id: map
  pose:
    position:
      x: 1.0883040513621902
      y: -0.0009737590496519712
      z: 0.0
    orientation:
      x: 0.0
      y: 0.0
      z: -0.004838958210626248
      w: 0.9999882921731813
navigation_time:
  sec: 5
  nanosec: 32000000
estimated_time_remaining:
  sec: 9
  nanosec: 63454900
number_of_recoveries: 0
distance_remaining: 2.3999998569488525

Feedback:
    current_pose:
  header:
    stamp:
      sec: 308
      nanosec: 20000000
    frame_id: map
  pose:
    position:
      x: 1.0936035249386489
      y: -0.0010863817598589709
      z: 0.0
    orientation:
      x: 0.0
      y: 0.0
      z: -0.005113087562265544
      w: 0.9999869280823528
navigation_time:
  sec: 5
  nanosec: 44000000
estimated_time_remaining:
  sec: 9
  nanosec: 56112571
number_of_recoveries: 0
distance_remaining: 2.3999998569488525

Feedback:
    current_pose:
  header:
    stamp:
      sec: 308
      nanosec: 20000000
    frame_id: map
  pose:
    position:
      x: 1.0936035249386489
      y: -0.0010863817598589709
      z: 0.0
    orientation:
      x: 0.0
      y: 0.0
      z: -0.005113087562265544
      w: 0.9999869280823528
navigation_time:
  sec: 5
  nanosec: 48000000
estimated_time_remaining:
  sec: 9
  nanosec: 56112571
number_of_recoveries: 0
distance_remaining: 2.3999998569488525

Feedback:
    current_pose:
  header:
    stamp:
      sec: 308
      nanosec: 20000000
    frame_id: map
  pose:
    position:
      x: 1.0936035249386489
      y: -0.0010863817598589709
      z: 0.0
    orientation:
      x: 0.0
      y: 0.0
      z: -0.005113087562265544
      w: 0.9999869280823528
navigation_time:
  sec: 5
  nanosec: 60000000
estimated_time_remaining:
  sec: 9
  nanosec: 56112571
number_of_recoveries: 0
distance_remaining: 2.3999998569488525

Feedback:
    current_pose:
  header:
    stamp:
      sec: 308
      nanosec: 40000000
    frame_id: map
  pose:
    position:
      x: 1.098897305085463
      y: -0.0012055409966806978
      z: 0.0
    orientation:
      x: 0.0
      y: 0.0
      z: -0.005390900802143344
      w: 0.9999854689886956
navigation_time:
  sec: 5
  nanosec: 72000000
estimated_time_remaining:
  sec: 9
  nanosec: 50096140
number_of_recoveries: 0
distance_remaining: 2.3999998569488525

Feedback:
    current_pose:
  header:
    stamp:
      sec: 308
      nanosec: 40000000
    frame_id: map
  pose:
    position:
      x: 1.098897305085463
      y: -0.0012055409966806978
      z: 0.0
    orientation:
      x: 0.0
      y: 0.0
      z: -0.005390900802143344
      w: 0.9999854689886956
navigation_time:
  sec: 5
  nanosec: 80000000
estimated_time_remaining:
  sec: 9
  nanosec: 50096140
number_of_recoveries: 0
distance_remaining: 2.3999998569488525

Feedback:
    current_pose:
  header:
    stamp:
      sec: 308
      nanosec: 60000000
    frame_id: map
  pose:
    position:
      x: 1.104182834962056
      y: -0.0013312699672728412
      z: 0.0
    orientation:
      x: 0.0
      y: 0.0
      z: -0.005674240033246339
      w: 0.9999839013704397
navigation_time:
  sec: 5
  nanosec: 92000000
estimated_time_remaining:
  sec: 9
  nanosec: 43027901
number_of_recoveries: 0
distance_remaining: 2.3999998569488525

Feedback:
    current_pose:
  header:
    stamp:
      sec: 308
      nanosec: 60000000
    frame_id: map
  pose:
    position:
      x: 1.104182834962056
      y: -0.0013312699672728412
      z: 0.0
    orientation:
      x: 0.0
      y: 0.0
      z: -0.005674240033246339
      w: 0.9999839013704397
navigation_time:
  sec: 5
  nanosec: 100000000
estimated_time_remaining:
  sec: 9
  nanosec: 43027901
number_of_recoveries: 0
distance_remaining: 2.3999998569488525

Feedback:
    current_pose:
  header:
    stamp:
      sec: 308
      nanosec: 80000000
    frame_id: map
  pose:
    position:
      x: 1.1094677580572196
      y: -0.001463663714341366
      z: 0.0
    orientation:
      x: 0.0
      y: 0.0
      z: -0.0059575788088003555
      w: 0.9999822534698988
navigation_time:
  sec: 5
  nanosec: 108000000
estimated_time_remaining:
  sec: 9
  nanosec: 35335925
number_of_recoveries: 0
distance_remaining: 2.3999998569488525

Feedback:
    current_pose:
  header:
    stamp:
      sec: 308
      nanosec: 80000000
    frame_id: map
  pose:
    position:
      x: 1.1094677580572196
      y: -0.001463663714341366
      z: 0.0
    orientation:
      x: 0.0
      y: 0.0
      z: -0.0059575788088003555
      w: 0.9999822534698988
navigation_time:
  sec: 5
  nanosec: 116000000
estimated_time_remaining:
  sec: 9
  nanosec: 35335925
number_of_recoveries: 0
distance_remaining: 2.3999998569488525

Feedback:
    current_pose:
  header:
    stamp:
      sec: 308
      nanosec: 100000000
    frame_id: map
  pose:
    position:
      x: 1.1146423685445843
      y: -0.0016010941298680347
      z: 0.0
    orientation:
      x: 0.0
      y: 0.0
      z: -0.0061924715516034744
      w: 0.9999808264642291
navigation_time:
  sec: 5
  nanosec: 128000000
estimated_time_remaining:
  sec: 8
  nanosec: 943011764
number_of_recoveries: 0
distance_remaining: 2.375

Feedback:
    current_pose:
  header:
    stamp:
      sec: 308
      nanosec: 100000000
    frame_id: map
  pose:
    position:
      x: 1.1146423685445843
      y: -0.0016010941298680347
      z: 0.0
    orientation:
      x: 0.0
      y: 0.0
      z: -0.0061924715516034744
      w: 0.9999808264642291
navigation_time:
  sec: 5
  nanosec: 136000000
estimated_time_remaining:
  sec: 8
  nanosec: 943011764
number_of_recoveries: 0
distance_remaining: 2.375

Feedback:
    current_pose:
  header:
    stamp:
      sec: 308
      nanosec: 120000000
    frame_id: map
  pose:
    position:
      x: 1.1198163682662983
      y: -0.0017445475169601665
      z: 0.0
    orientation:
      x: 0.0
      y: 0.0
      z: -0.006427363937095924
      w: 0.9999793442830808
navigation_time:
  sec: 5
  nanosec: 144000000
estimated_time_remaining:
  sec: 8
  nanosec: 954222797
number_of_recoveries: 0
distance_remaining: 2.375

Feedback:
    current_pose:
  header:
    stamp:
      sec: 308
      nanosec: 120000000
    frame_id: map
  pose:
    position:
      x: 1.1198163682662983
      y: -0.0017445475169601665
      z: 0.0
    orientation:
      x: 0.0
      y: 0.0
      z: -0.006427363937095924
      w: 0.9999793442830808
navigation_time:
  sec: 5
  nanosec: 152000000
estimated_time_remaining:
  sec: 8
  nanosec: 954222797
number_of_recoveries: 0
distance_remaining: 2.375

Feedback:
    current_pose:
  header:
    stamp:
      sec: 308
      nanosec: 140000000
    frame_id: map
  pose:
    position:
      x: 1.1249489896372324
      y: -0.0018934544954053792
      z: 0.0
    orientation:
      x: 0.0
      y: 0.0
      z: -0.006656868947370407
      w: 0.9999778428024381
navigation_time:
  sec: 5
  nanosec: 164000000
estimated_time_remaining:
  sec: 8
  nanosec: 965623528
number_of_recoveries: 0
distance_remaining: 2.375

Feedback:
    current_pose:
  header:
    stamp:
      sec: 308
      nanosec: 140000000
    frame_id: map
  pose:
    position:
      x: 1.1249489896372324
      y: -0.0018934544954053792
      z: 0.0
    orientation:
      x: 0.0
      y: 0.0
      z: -0.006656868947370407
      w: 0.9999778428024381
navigation_time:
  sec: 5
  nanosec: 172000000
estimated_time_remaining:
  sec: 8
  nanosec: 965623528
number_of_recoveries: 0
distance_remaining: 2.375

Feedback:
    current_pose:
  header:
    stamp:
      sec: 308
      nanosec: 140000000
    frame_id: map
  pose:
    position:
      x: 1.1249489896372324
      y: -0.0018934544954053792
      z: 0.0
    orientation:
      x: 0.0
      y: 0.0
      z: -0.006656868947370407
      w: 0.9999778428024381
navigation_time:
  sec: 5
  nanosec: 180000000
estimated_time_remaining:
  sec: 8
  nanosec: 965623528
number_of_recoveries: 0
distance_remaining: 2.375

Feedback:
    current_pose:
  header:
    stamp:
      sec: 308
      nanosec: 160000000
    frame_id: map
  pose:
    position:
      x: 1.1300708006780873
      y: -0.0020481257824889187
      z: 0.0
    orientation:
      x: 0.0
      y: 0.0
      z: -0.006885026851085345
      w: 0.9999762979217356
navigation_time:
  sec: 5
  nanosec: 188000000
estimated_time_remaining:
  sec: 8
  nanosec: 977755688
number_of_recoveries: 0
distance_remaining: 2.375

Feedback:
    current_pose:
  header:
    stamp:
      sec: 308
      nanosec: 160000000
    frame_id: map
  pose:
    position:
      x: 1.1300708006780873
      y: -0.0020481257824889187
      z: 0.0
    orientation:
      x: 0.0
      y: 0.0
      z: -0.006885026851085345
      w: 0.9999762979217356
navigation_time:
  sec: 5
  nanosec: 200000000
estimated_time_remaining:
  sec: 8
  nanosec: 977755688
number_of_recoveries: 0
distance_remaining: 2.375

Feedback:
    current_pose:
  header:
    stamp:
      sec: 308
      nanosec: 180000000
    frame_id: map
  pose:
    position:
      x: 1.1351831974897317
      y: -0.0022085407192023714
      z: 0.0
    orientation:
      x: 0.0
      y: 0.0
      z: -0.007089292688322684
      w: 0.9999748706488476
navigation_time:
  sec: 5
  nanosec: 208000000
estimated_time_remaining:
  sec: 8
  nanosec: 991133872
number_of_recoveries: 0
distance_remaining: 2.375

Feedback:
    current_pose:
  header:
    stamp:
      sec: 308
      nanosec: 180000000
    frame_id: map
  pose:
    position:
      x: 1.1351831974897317
      y: -0.0022085407192023714
      z: 0.0
    orientation:
      x: 0.0
      y: 0.0
      z: -0.007089292688322684
      w: 0.9999748706488476
navigation_time:
  sec: 5
  nanosec: 216000000
estimated_time_remaining:
  sec: 8
  nanosec: 991133872
number_of_recoveries: 0
distance_remaining: 2.375

Feedback:
    current_pose:
  header:
    stamp:
      sec: 308
      nanosec: 200000000
    frame_id: map
  pose:
    position:
      x: 1.140259817679941
      y: -0.0023734893411025727
      z: 0.0
    orientation:
      x: 0.0
      y: 0.0
      z: -0.0071979914621677936
      w: 0.9999740941238981
navigation_time:
  sec: 5
  nanosec: 224000000
estimated_time_remaining:
  sec: 8
  nanosec: 912340679
number_of_recoveries: 0
distance_remaining: 2.3499999046325684

Feedback:
    current_pose:
  header:
    stamp:
      sec: 308
      nanosec: 200000000
    frame_id: map
  pose:
    position:
      x: 1.140259817679941
      y: -0.0023734893411025727
      z: 0.0
    orientation:
      x: 0.0
      y: 0.0
      z: -0.0071979914621677936
      w: 0.9999740941238981
navigation_time:
  sec: 5
  nanosec: 232000000
estimated_time_remaining:
  sec: 8
  nanosec: 912340679
number_of_recoveries: 0
distance_remaining: 2.3499999046325684

Feedback:
    current_pose:
  header:
    stamp:
      sec: 308
      nanosec: 200000000
    frame_id: map
  pose:
    position:
      x: 1.140259817679941
      y: -0.0023734893411025727
      z: 0.0
    orientation:
      x: 0.0
      y: 0.0
      z: -0.0071979914621677936
      w: 0.9999740941238981
navigation_time:
  sec: 5
  nanosec: 240000000
estimated_time_remaining:
  sec: 8
  nanosec: 912340679
number_of_recoveries: 0
distance_remaining: 2.3499999046325684

Feedback:
    current_pose:
  header:
    stamp:
      sec: 308
      nanosec: 220000000
    frame_id: map
  pose:
    position:
      x: 1.145349717580707
      y: -0.0024455646751987328
      z: 0.0
    orientation:
      x: 0.0
      y: 0.0
      z: -0.006961711611860656
      w: 0.9999757669920974
navigation_time:
  sec: 5
  nanosec: 248000000
estimated_time_remaining:
  sec: 8
  nanosec: 931200533
number_of_recoveries: 0
distance_remaining: 2.3499999046325684

Feedback:
    current_pose:
  header:
    stamp:
      sec: 308
      nanosec: 220000000
    frame_id: map
  pose:
    position:
      x: 1.145349717580707
      y: -0.0024455646751987328
      z: 0.0
    orientation:
      x: 0.0
      y: 0.0
      z: -0.006961711611860656
      w: 0.9999757669920974
navigation_time:
  sec: 5
  nanosec: 256000000
estimated_time_remaining:
  sec: 8
  nanosec: 931200533
number_of_recoveries: 0
distance_remaining: 2.3499999046325684

Feedback:
    current_pose:
  header:
    stamp:
      sec: 308
      nanosec: 240000000
    frame_id: map
  pose:
    position:
      x: 1.1504316489848232
      y: -0.002515132458863459
      z: 0.0
    orientation:
      x: 0.0
      y: 0.0
      z: -0.006726567408547634
      w: 0.9999773763895353
navigation_time:
  sec: 5
  nanosec: 268000000
estimated_time_remaining:
  sec: 8
  nanosec: 954645432
number_of_recoveries: 0
distance_remaining: 2.3499999046325684

Feedback:
    current_pose:
  header:
    stamp:
      sec: 308
      nanosec: 240000000
    frame_id: map
  pose:
    position:
      x: 1.1504316489848232
      y: -0.002515132458863459
      z: 0.0
    orientation:
      x: 0.0
      y: 0.0
      z: -0.006726567408547634
      w: 0.9999773763895353
navigation_time:
  sec: 5
  nanosec: 280000000
estimated_time_remaining:
  sec: 8
  nanosec: 954645432
number_of_recoveries: 0
distance_remaining: 2.3499999046325684

Feedback:
    current_pose:
  header:
    stamp:
      sec: 308
      nanosec: 260000000
    frame_id: map
  pose:
    position:
      x: 1.1555136125446115
      y: -0.002582310205517007
      z: 0.0
    orientation:
      x: 0.0
      y: 0.0
      z: -0.006491422833286471
      w: 0.9999789304928376
navigation_time:
  sec: 5
  nanosec: 292000000
estimated_time_remaining:
  sec: 8
  nanosec: 981696988
number_of_recoveries: 0
distance_remaining: 2.3499999046325684

Feedback:
    current_pose:
  header:
    stamp:
      sec: 308
      nanosec: 260000000
    frame_id: map
  pose:
    position:
      x: 1.1555136125446115
      y: -0.002582310205517007
      z: 0.0
    orientation:
      x: 0.0
      y: 0.0
      z: -0.006491422833286471
      w: 0.9999789304928376
navigation_time:
  sec: 5
  nanosec: 300000000
estimated_time_remaining:
  sec: 8
  nanosec: 981696988
number_of_recoveries: 0
distance_remaining: 2.3499999046325684

Feedback:
    current_pose:
  header:
    stamp:
      sec: 308
      nanosec: 280000000
    frame_id: map
  pose:
    position:
      x: 1.1605813686020152
      y: -0.0026467195461767623
      z: 0.0
    orientation:
      x: 0.0
      y: 0.0
      z: -0.0062075365557340365
      w: 0.9999807330593471
navigation_time:
  sec: 5
  nanosec: 308000000
estimated_time_remaining:
  sec: 9
  nanosec: 14787169
number_of_recoveries: 0
distance_remaining: 2.3499999046325684

Feedback:
    current_pose:
  header:
    stamp:
      sec: 308
      nanosec: 280000000
    frame_id: map
  pose:
    position:
      x: 1.1605813686020152
      y: -0.0026467195461767623
      z: 0.0
    orientation:
      x: 0.0
      y: 0.0
      z: -0.0062075365557340365
      w: 0.9999807330593471
navigation_time:
  sec: 5
  nanosec: 316000000
estimated_time_remaining:
  sec: 9
  nanosec: 14787169
number_of_recoveries: 0
distance_remaining: 2.3499999046325684

Feedback:
    current_pose:
  header:
    stamp:
      sec: 308
      nanosec: 300000000
    frame_id: map
  pose:
    position:
      x: 1.1656456014867176
      y: -0.002708096370453097
      z: 0.0
    orientation:
      x: 0.0
      y: 0.0
      z: -0.005911464394579302
      w: 0.9999825271417054
navigation_time:
  sec: 5
  nanosec: 328000000
estimated_time_remaining:
  sec: 8
  nanosec: 958116558
number_of_recoveries: 0
distance_remaining: 2.325000047683716

Feedback:
    current_pose:
  header:
    stamp:
      sec: 308
      nanosec: 300000000
    frame_id: map
  pose:
    position:
      x: 1.1656456014867176
      y: -0.002708096370453097
      z: 0.0
    orientation:
      x: 0.0
      y: 0.0
      z: -0.005911464394579302
      w: 0.9999825271417054
navigation_time:
  sec: 5
  nanosec: 336000000
estimated_time_remaining:
  sec: 8
  nanosec: 958116558
number_of_recoveries: 0
distance_remaining: 2.325000047683716

Feedback:
    current_pose:
  header:
    stamp:
      sec: 308
      nanosec: 320000000
    frame_id: map
  pose:
    position:
      x: 1.170691441750552
      y: -0.0027661692209586287
      z: 0.0
    orientation:
      x: 0.0
      y: 0.0
      z: -0.005583971967565427
      w: 0.9999844095070008
navigation_time:
  sec: 5
  nanosec: 340000000
estimated_time_remaining:
  sec: 8
  nanosec: 995158976
number_of_recoveries: 0
distance_remaining: 2.325000047683716

Feedback:
    current_pose:
  header:
    stamp:
      sec: 308
      nanosec: 320000000
    frame_id: map
  pose:
    position:
      x: 1.170691441750552
      y: -0.0027661692209586287
      z: 0.0
    orientation:
      x: 0.0
      y: 0.0
      z: -0.005583971967565427
      w: 0.9999844095070008
navigation_time:
  sec: 5
  nanosec: 352000000
estimated_time_remaining:
  sec: 8
  nanosec: 995158976
number_of_recoveries: 0
distance_remaining: 2.325000047683716

Feedback:
    current_pose:
  header:
    stamp:
      sec: 308
      nanosec: 340000000
    frame_id: map
  pose:
    position:
      x: 1.17572503463577
      y: -0.002820632592736098
      z: 0.0
    orientation:
      x: 0.0
      y: 0.0
      z: -0.005235532375243047
      w: 0.9999862945064535
navigation_time:
  sec: 5
  nanosec: 364000000
estimated_time_remaining:
  sec: 9
  nanosec: 27593867
number_of_recoveries: 0
distance_remaining: 2.325000047683716

Feedback:
    current_pose:
  header:
    stamp:
      sec: 308
      nanosec: 340000000
    frame_id: map
  pose:
    position:
      x: 1.17572503463577
      y: -0.002820632592736098
      z: 0.0
    orientation:
      x: 0.0
      y: 0.0
      z: -0.005235532375243047
      w: 0.9999862945064535
navigation_time:
  sec: 5
  nanosec: 372000000
estimated_time_remaining:
  sec: 9
  nanosec: 27593867
number_of_recoveries: 0
distance_remaining: 2.325000047683716

Feedback:
    current_pose:
  header:
    stamp:
      sec: 308
      nanosec: 340000000
    frame_id: map
  pose:
    position:
      x: 1.17572503463577
      y: -0.002820632592736098
      z: 0.0
    orientation:
      x: 0.0
      y: 0.0
      z: -0.005235532375243047
      w: 0.9999862945064535
navigation_time:
  sec: 5
  nanosec: 380000000
estimated_time_remaining:
  sec: 9
  nanosec: 27593867
number_of_recoveries: 0
distance_remaining: 2.325000047683716

Feedback:
    current_pose:
  header:
    stamp:
      sec: 308
      nanosec: 360000000
    frame_id: map
  pose:
    position:
      x: 1.1807100834329298
      y: -0.0028710882475610315
      z: 0.0
    orientation:
      x: 0.0
      y: 0.0
      z: -0.004877820360588901
      w: 0.9999881033635001
navigation_time:
  sec: 5
  nanosec: 392000000
estimated_time_remaining:
  sec: 9
  nanosec: 60683126
number_of_recoveries: 0
distance_remaining: 2.325000047683716

Feedback:
    current_pose:
  header:
    stamp:
      sec: 308
      nanosec: 360000000
    frame_id: map
  pose:
    position:
      x: 1.1807100834329298
      y: -0.0028710882475610315
      z: 0.0
    orientation:
      x: 0.0
      y: 0.0
      z: -0.004877820360588901
      w: 0.9999881033635001
navigation_time:
  sec: 5
  nanosec: 400000000
estimated_time_remaining:
  sec: 9
  nanosec: 60683126
number_of_recoveries: 0
distance_remaining: 2.325000047683716

Feedback:
    current_pose:
  header:
    stamp:
      sec: 308
      nanosec: 380000000
    frame_id: map
  pose:
    position:
      x: 1.1856222961799172
      y: -0.0029171860750593255
      z: 0.0
    orientation:
      x: 0.0
      y: 0.0
      z: -0.004506199998520181
      w: 0.9999898470292453
navigation_time:
  sec: 5
  nanosec: 408000000
estimated_time_remaining:
  sec: 9
  nanosec: 100061704
number_of_recoveries: 0
distance_remaining: 2.325000047683716

Feedback:
    current_pose:
  header:
    stamp:
      sec: 308
      nanosec: 380000000
    frame_id: map
  pose:
    position:
      x: 1.1856222961799172
      y: -0.0029171860750593255
      z: 0.0
    orientation:
      x: 0.0
      y: 0.0
      z: -0.004506199998520181
      w: 0.9999898470292453
navigation_time:
  sec: 5
  nanosec: 420000000
estimated_time_remaining:
  sec: 9
  nanosec: 100061704
number_of_recoveries: 0
distance_remaining: 2.325000047683716

Feedback:
    current_pose:
  header:
    stamp:
      sec: 308
      nanosec: 400000000
    frame_id: map
  pose:
    position:
      x: 1.1905345418322615
      y: -0.002959632893392832
      z: 0.0
    orientation:
      x: 0.0
      y: 0.0
      z: -0.004134579014121132
      w: 0.9999914525916588
navigation_time:
  sec: 5
  nanosec: 432000000
estimated_time_remaining:
  sec: 9
  nanosec: 45130575
number_of_recoveries: 0
distance_remaining: 2.299999952316284

Feedback:
    current_pose:
  header:
    stamp:
      sec: 308
      nanosec: 420000000
    frame_id: map
  pose:
    position:
      x: 1.194260310036685
      y: -0.002804941570485782
      z: 0.0
    orientation:
      x: 0.0
      y: 0.0
      z: -0.003489627479637787
      w: 0.9999939112314903
navigation_time:
  sec: 5
  nanosec: 440000000
estimated_time_remaining:
  sec: 9
  nanosec: 80801588
number_of_recoveries: 0
distance_remaining: 2.299999952316284

Feedback:
    current_pose:
  header:
    stamp:
      sec: 308
      nanosec: 420000000
    frame_id: map
  pose:
    position:
      x: 1.194260310036685
      y: -0.002804941570485782
      z: 0.0
    orientation:
      x: 0.0
      y: 0.0
      z: -0.003489627479637787
      w: 0.9999939112314903
navigation_time:
  sec: 5
  nanosec: 452000000
estimated_time_remaining:
  sec: 9
  nanosec: 80801588
number_of_recoveries: 0
distance_remaining: 2.299999952316284

Feedback:
    current_pose:
  header:
    stamp:
      sec: 308
      nanosec: 440000000
    frame_id: map
  pose:
    position:
      x: 1.1979923655180333
      y: -0.0026408327035802558
      z: 0.0
    orientation:
      x: 0.0
      y: 0.0
      z: -0.0028571810743088124
      w: 0.999995918249824
navigation_time:
  sec: 5
  nanosec: 460000000
estimated_time_remaining:
  sec: 9
  nanosec: 108669112
number_of_recoveries: 0
distance_remaining: 2.299999952316284

Feedback:
    current_pose:
  header:
    stamp:
      sec: 308
      nanosec: 440000000
    frame_id: map
  pose:
    position:
      x: 1.1979923655180333
      y: -0.0026408327035802558
      z: 0.0
    orientation:
      x: 0.0
      y: 0.0
      z: -0.0028571810743088124
      w: 0.999995918249824
navigation_time:
  sec: 5
  nanosec: 472000000
estimated_time_remaining:
  sec: 9
  nanosec: 108669112
number_of_recoveries: 0
distance_remaining: 2.299999952316284

Feedback:
    current_pose:
  header:
    stamp:
      sec: 308
      nanosec: 440000000
    frame_id: map
  pose:
    position:
      x: 1.1979923655180333
      y: -0.0026408327035802558
      z: 0.0
    orientation:
      x: 0.0
      y: 0.0
      z: -0.0028571810743088124
      w: 0.999995918249824
navigation_time:
  sec: 5
  nanosec: 480000000
estimated_time_remaining:
  sec: 9
  nanosec: 108669112
number_of_recoveries: 0
distance_remaining: 2.299999952316284

Feedback:
    current_pose:
  header:
    stamp:
      sec: 308
      nanosec: 460000000
    frame_id: map
  pose:
    position:
      x: 1.2017668255770724
      y: -0.002467457744375741
      z: 0.0
    orientation:
      x: 0.0
      y: 0.0
      z: -0.0022240595857294606
      w: 0.9999975267764212
navigation_time:
  sec: 5
  nanosec: 488000000
estimated_time_remaining:
  sec: 9
  nanosec: 131587399
number_of_recoveries: 0
distance_remaining: 2.299999952316284

Feedback:
    current_pose:
  header:
    stamp:
      sec: 308
      nanosec: 460000000
    frame_id: map
  pose:
    position:
      x: 1.2017668255770724
      y: -0.002467457744375741
      z: 0.0
    orientation:
      x: 0.0
      y: 0.0
      z: -0.0022240595857294606
      w: 0.9999975267764212
navigation_time:
  sec: 5
  nanosec: 500000000
estimated_time_remaining:
  sec: 9
  nanosec: 131587399
number_of_recoveries: 0
distance_remaining: 2.299999952316284

Feedback:
    current_pose:
  header:
    stamp:
      sec: 308
      nanosec: 480000000
    frame_id: map
  pose:
    position:
      x: 1.205632243888357
      y: -0.00228485505793999
      z: 0.0
    orientation:
      x: 0.0
      y: 0.0
      z: -0.001589926293314812
      w: 0.9999987360663921
navigation_time:
  sec: 5
  nanosec: 508000000
estimated_time_remaining:
  sec: 9
  nanosec: 144087131
number_of_recoveries: 0
distance_remaining: 2.299999952316284

Feedback:
    current_pose:
  header:
    stamp:
      sec: 308
      nanosec: 480000000
    frame_id: map
  pose:
    position:
      x: 1.205632243888357
      y: -0.00228485505793999
      z: 0.0
    orientation:
      x: 0.0
      y: 0.0
      z: -0.001589926293314812
      w: 0.9999987360663921
navigation_time:
  sec: 5
  nanosec: 516000000
estimated_time_remaining:
  sec: 9
  nanosec: 144087131
number_of_recoveries: 0
distance_remaining: 2.299999952316284

Feedback:
    current_pose:
  header:
    stamp:
      sec: 308
      nanosec: 500000000
    frame_id: map
  pose:
    position:
      x: 1.2094971840799293
      y: -0.0020925190550745484
      z: 0.0
    orientation:
      x: 0.0
      y: 0.0
      z: -0.0009557923615507586
      w: 0.9999995432303764
navigation_time:
  sec: 5
  nanosec: 528000000
estimated_time_remaining:
  sec: 9
  nanosec: 150336849
number_of_recoveries: 0
distance_remaining: 2.299999952316284

Feedback:
    current_pose:
  header:
    stamp:
      sec: 308
      nanosec: 500000000
    frame_id: map
  pose:
    position:
      x: 1.2094971840799293
      y: -0.0020925190550745484
      z: 0.0
    orientation:
      x: 0.0
      y: 0.0
      z: -0.0009557923615507586
      w: 0.9999995432303764
navigation_time:
  sec: 5
  nanosec: 532000000
estimated_time_remaining:
  sec: 9
  nanosec: 150336849
number_of_recoveries: 0
distance_remaining: 2.299999952316284

Feedback:
    current_pose:
  header:
    stamp:
      sec: 308
      nanosec: 520000000
    frame_id: map
  pose:
    position:
      x: 1.2132605723569878
      y: -0.0018906858117165564
      z: 0.0
    orientation:
      x: 0.0
      y: 0.0
      z: -0.0003883751942324205
      w: 0.9999999245823513
navigation_time:
  sec: 5
  nanosec: 548000000
estimated_time_remaining:
  sec: 9
  nanosec: 60285344
number_of_recoveries: 0
distance_remaining: 2.2749998569488525

Feedback:
    current_pose:
  header:
    stamp:
      sec: 308
      nanosec: 520000000
    frame_id: map
  pose:
    position:
      x: 1.2132605723569878
      y: -0.0018906858117165564
      z: 0.0
    orientation:
      x: 0.0
      y: 0.0
      z: -0.0003883751942324205
      w: 0.9999999245823513
navigation_time:
  sec: 5
  nanosec: 556000000
estimated_time_remaining:
  sec: 9
  nanosec: 60285344
number_of_recoveries: 0
distance_remaining: 2.2749998569488525

Feedback:
    current_pose:
  header:
    stamp:
      sec: 308
      nanosec: 540000000
    frame_id: map
  pose:
    position:
      x: 1.2170234542555258
      y: -0.0016799777902589148
      z: 0.0
    orientation:
      x: 0.0
      y: 0.0
      z: 0.00017904207722748005
      w: 0.9999999839719671
navigation_time:
  sec: 5
  nanosec: 564000000
estimated_time_remaining:
  sec: 9
  nanosec: 73136421
number_of_recoveries: 0
distance_remaining: 2.2749998569488525

Feedback:
    current_pose:
  header:
    stamp:
      sec: 308
      nanosec: 540000000
    frame_id: map
  pose:
    position:
      x: 1.2170234542555258
      y: -0.0016799777902589148
      z: 0.0
    orientation:
      x: 0.0
      y: 0.0
      z: 0.00017904207722748005
      w: 0.9999999839719671
navigation_time:
  sec: 5
  nanosec: 576000000
estimated_time_remaining:
  sec: 9
  nanosec: 73136421
number_of_recoveries: 0
distance_remaining: 2.2749998569488525

Feedback:
    current_pose:
  header:
    stamp:
      sec: 308
      nanosec: 560000000
    frame_id: map
  pose:
    position:
      x: 1.2207925988366484
      y: -0.0014603007798084794
      z: 0.0
    orientation:
      x: 0.0
      y: 0.0
      z: 0.0007749831189340983
      w: 0.9999996997005376
navigation_time:
  sec: 5
  nanosec: 584000000
estimated_time_remaining:
  sec: 9
  nanosec: 84883388
number_of_recoveries: 0
distance_remaining: 2.2749998569488525

Feedback:
    current_pose:
  header:
    stamp:
      sec: 308
      nanosec: 560000000
    frame_id: map
  pose:
    position:
      x: 1.2207925988366484
      y: -0.0014603007798084794
      z: 0.0
    orientation:
      x: 0.0
      y: 0.0
      z: 0.0007749831189340983
      w: 0.9999996997005376
navigation_time:
  sec: 5
  nanosec: 596000000
estimated_time_remaining:
  sec: 9
  nanosec: 84883388
number_of_recoveries: 0
distance_remaining: 2.2749998569488525

Feedback:
    current_pose:
  header:
    stamp:
      sec: 308
      nanosec: 580000000
    frame_id: map
  pose:
    position:
      x: 1.2245657323687063
      y: -0.0012312909315530174
      z: 0.0
    orientation:
      x: 0.0
      y: 0.0
      z: 0.001389939783121688
      w: 0.9999990340332331
navigation_time:
  sec: 5
  nanosec: 604000000
estimated_time_remaining:
  sec: 9
  nanosec: 95563786
number_of_recoveries: 0
distance_remaining: 2.2749998569488525

Feedback:
    current_pose:
  header:
    stamp:
      sec: 308
      nanosec: 580000000
    frame_id: map
  pose:
    position:
      x: 1.2245657323687063
      y: -0.0012312909315530174
      z: 0.0
    orientation:
      x: 0.0
      y: 0.0
      z: 0.001389939783121688
      w: 0.9999990340332331
navigation_time:
  sec: 5
  nanosec: 616000000
estimated_time_remaining:
  sec: 9
  nanosec: 95563786
number_of_recoveries: 0
distance_remaining: 2.2749998569488525

Feedback:
    current_pose:
  header:
    stamp:
      sec: 308
      nanosec: 600000000
    frame_id: map
  pose:
    position:
      x: 1.2283130321687226
      y: -0.0009930223124586983
      z: 0.0
    orientation:
      x: 0.0
      y: 0.0
      z: 0.001994949648101425
      w: 0.9999980100859709
navigation_time:
  sec: 5
  nanosec: 624000000
estimated_time_remaining:
  sec: 9
  nanosec: 106640980
number_of_recoveries: 0
distance_remaining: 2.2749998569488525

Feedback:
    current_pose:
  header:
    stamp:
      sec: 308
      nanosec: 600000000
    frame_id: map
  pose:
    position:
      x: 1.2283130321687226
      y: -0.0009930223124586983
      z: 0.0
    orientation:
      x: 0.0
      y: 0.0
      z: 0.001994949648101425
      w: 0.9999980100859709
navigation_time:
  sec: 5
  nanosec: 632000000
estimated_time_remaining:
  sec: 9
  nanosec: 106640980
number_of_recoveries: 0
distance_remaining: 2.2749998569488525

Feedback:
    current_pose:
  header:
    stamp:
      sec: 308
      nanosec: 620000000
    frame_id: map
  pose:
    position:
      x: 1.2327531904234599
      y: -0.0009122921258795293
      z: 0.0
    orientation:
      x: 0.0
      y: 0.0
      z: 0.0021137143286958197
      w: 0.9999977661033733
navigation_time:
  sec: 5
  nanosec: 644000000
estimated_time_remaining:
  sec: 9
  nanosec: 23689177
number_of_recoveries: 0
distance_remaining: 2.25

Feedback:
    current_pose:
  header:
    stamp:
      sec: 308
      nanosec: 620000000
    frame_id: map
  pose:
    position:
      x: 1.2327531904234599
      y: -0.0009122921258795293
      z: 0.0
    orientation:
      x: 0.0
      y: 0.0
      z: 0.0021137143286958197
      w: 0.9999977661033733
navigation_time:
  sec: 5
  nanosec: 652000000
estimated_time_remaining:
  sec: 9
  nanosec: 23689177
number_of_recoveries: 0
distance_remaining: 2.25

Feedback:
    current_pose:
  header:
    stamp:
      sec: 308
      nanosec: 640000000
    frame_id: map
  pose:
    position:
      x: 1.2371932729638195
      y: -0.0008316037397445896
      z: 0.0
    orientation:
      x: 0.0
      y: 0.0
      z: 0.0022324789721374872
      w: 0.9999975080157145
navigation_time:
  sec: 5
  nanosec: 664000000
estimated_time_remaining:
  sec: 9
  nanosec: 45371249
number_of_recoveries: 0
distance_remaining: 2.25

Feedback:
    current_pose:
  header:
    stamp:
      sec: 308
      nanosec: 640000000
    frame_id: map
  pose:
    position:
      x: 1.2371932729638195
      y: -0.0008316037397445896
      z: 0.0
    orientation:
      x: 0.0
      y: 0.0
      z: 0.0022324789721374872
      w: 0.9999975080157145
navigation_time:
  sec: 5
  nanosec: 672000000
estimated_time_remaining:
  sec: 9
  nanosec: 45371249
number_of_recoveries: 0
distance_remaining: 2.25

Feedback:
    current_pose:
  header:
    stamp:
      sec: 308
      nanosec: 660000000
    frame_id: map
  pose:
    position:
      x: 1.2416959582291578
      y: -0.0007504829031964293
      z: 0.0
    orientation:
      x: 0.0
      y: 0.0
      z: 0.0023997037628925135
      w: 0.99999712070678
navigation_time:
  sec: 5
  nanosec: 680000000
estimated_time_remaining:
  sec: 9
  nanosec: 61828595
number_of_recoveries: 0
distance_remaining: 2.25

Feedback:
    current_pose:
  header:
    stamp:
      sec: 308
      nanosec: 660000000
    frame_id: map
  pose:
    position:
      x: 1.2416959582291578
      y: -0.0007504829031964293
      z: 0.0
    orientation:
      x: 0.0
      y: 0.0
      z: 0.0023997037628925135
      w: 0.99999712070678
navigation_time:
  sec: 5
  nanosec: 692000000
estimated_time_remaining:
  sec: 9
  nanosec: 61828595
number_of_recoveries: 0
distance_remaining: 2.25

Feedback:
    current_pose:
  header:
    stamp:
      sec: 308
      nanosec: 680000000
    frame_id: map
  pose:
    position:
      x: 1.246214234295986
      y: -0.0006687469847278128
      z: 0.0
    orientation:
      x: 0.0
      y: 0.0
      z: 0.0025790435490849538
      w: 0.9999966742616558
navigation_time:
  sec: 5
  nanosec: 700000000
estimated_time_remaining:
  sec: 9
  nanosec: 70384829
number_of_recoveries: 0
distance_remaining: 2.25

Feedback:
    current_pose:
  header:
    stamp:
      sec: 308
      nanosec: 680000000
    frame_id: map
  pose:
    position:
      x: 1.246214234295986
      y: -0.0006687469847278128
      z: 0.0
    orientation:
      x: 0.0
      y: 0.0
      z: 0.0025790435490849538
      w: 0.9999966742616558
navigation_time:
  sec: 5
  nanosec: 712000000
estimated_time_remaining:
  sec: 9
  nanosec: 70384829
number_of_recoveries: 0
distance_remaining: 2.25

Feedback:
    current_pose:
  header:
    stamp:
      sec: 308
      nanosec: 680000000
    frame_id: map
  pose:
    position:
      x: 1.246214234295986
      y: -0.0006687469847278128
      z: 0.0
    orientation:
      x: 0.0
      y: 0.0
      z: 0.0025790435490849538
      w: 0.9999966742616558
navigation_time:
  sec: 5
  nanosec: 720000000
estimated_time_remaining:
  sec: 9
  nanosec: 70384829
number_of_recoveries: 0
distance_remaining: 2.25

Feedback:
    current_pose:
  header:
    stamp:
      sec: 308
      nanosec: 700000000
    frame_id: map
  pose:
    position:
      x: 1.250748430524006
      y: -0.0005863770328025809
      z: 0.0
    orientation:
      x: 0.0
      y: 0.0
      z: 0.0027488095464041594
      w: 0.9999962220159022
navigation_time:
  sec: 5
  nanosec: 732000000
estimated_time_remaining:
  sec: 9
  nanosec: 70200415
number_of_recoveries: 0
distance_remaining: 2.25

Feedback:
    current_pose:
  header:
    stamp:
      sec: 308
      nanosec: 700000000
    frame_id: map
  pose:
    position:
      x: 1.250748430524006
      y: -0.0005863770328025809
      z: 0.0
    orientation:
      x: 0.0
      y: 0.0
      z: 0.0027488095464041594
      w: 0.9999962220159022
navigation_time:
  sec: 5
  nanosec: 740000000
estimated_time_remaining:
  sec: 9
  nanosec: 70200415
number_of_recoveries: 0
distance_remaining: 2.25

Feedback:
    current_pose:
  header:
    stamp:
      sec: 308
      nanosec: 720000000
    frame_id: map
  pose:
    position:
      x: 1.2553727395797938
      y: -0.000503278866040905
      z: 0.0
    orientation:
      x: 0.0
      y: 0.0
      z: 0.0028802806018051515
      w: 0.9999958519832245
navigation_time:
  sec: 5
  nanosec: 752000000
estimated_time_remaining:
  sec: 9
  nanosec: 59797650
number_of_recoveries: 0
distance_remaining: 2.25

Feedback:
    current_pose:
  header:
    stamp:
      sec: 308
      nanosec: 720000000
    frame_id: map
  pose:
    position:
      x: 1.2553727395797938
      y: -0.000503278866040905
      z: 0.0
    orientation:
      x: 0.0
      y: 0.0
      z: 0.0028802806018051515
      w: 0.9999958519832245
navigation_time:
  sec: 5
  nanosec: 760000000
estimated_time_remaining:
  sec: 9
  nanosec: 59797650
number_of_recoveries: 0
distance_remaining: 2.25

Feedback:
    current_pose:
  header:
    stamp:
      sec: 308
      nanosec: 740000000
    frame_id: map
  pose:
    position:
      x: 1.2599969707570027
      y: -0.00042009571211244594
      z: 0.0
    orientation:
      x: 0.0
      y: 0.0
      z: 0.0030117516036880336
      w: 0.9999954646658542
navigation_time:
  sec: 5
  nanosec: 772000000
estimated_time_remaining:
  sec: 9
  nanosec: 45820555
number_of_recoveries: 0
distance_remaining: 2.25

Feedback:
    current_pose:
  header:
    stamp:
      sec: 308
      nanosec: 740000000
    frame_id: map
  pose:
    position:
      x: 1.2599969707570027
      y: -0.00042009571211244594
      z: 0.0
    orientation:
      x: 0.0
      y: 0.0
      z: 0.0030117516036880336
      w: 0.9999954646658542
navigation_time:
  sec: 5
  nanosec: 780000000
estimated_time_remaining:
  sec: 9
  nanosec: 45820555
number_of_recoveries: 0
distance_remaining: 2.25

Feedback:
    current_pose:
  header:
    stamp:
      sec: 308
      nanosec: 760000000
    frame_id: map
  pose:
    position:
      x: 1.264680919480001
      y: -0.0003364135513287195
      z: 0.0
    orientation:
      x: 0.0
      y: 0.0
      z: 0.003153659346430902
      w: 0.9999950272039989
navigation_time:
  sec: 5
  nanosec: 788000000
estimated_time_remaining:
  sec: 9
  nanosec: 30403896
number_of_recoveries: 0
distance_remaining: 2.25

Feedback:
    current_pose:
  header:
    stamp:
      sec: 308
      nanosec: 760000000
    frame_id: map
  pose:
    position:
      x: 1.264680919480001
      y: -0.0003364135513287195
      z: 0.0
    orientation:
      x: 0.0
      y: 0.0
      z: 0.003153659346430902
      w: 0.9999950272039989
navigation_time:
  sec: 5
  nanosec: 800000000
estimated_time_remaining:
  sec: 9
  nanosec: 30403896
number_of_recoveries: 0
distance_remaining: 2.25

Feedback:
    current_pose:
  header:
    stamp:
      sec: 308
      nanosec: 780000000
    frame_id: map
  pose:
    position:
      x: 1.2693647889840212
      y: -0.0002525387376987511
      z: 0.0
    orientation:
      x: 0.0
      y: 0.0
      z: 0.0032955670288253337
      w: 0.9999945696042346
navigation_time:
  sec: 5
  nanosec: 808000000
estimated_time_remaining:
  sec: 9
  nanosec: 14463095
number_of_recoveries: 0
distance_remaining: 2.25

Feedback:
    current_pose:
  header:
    stamp:
      sec: 308
      nanosec: 780000000
    frame_id: map
  pose:
    position:
      x: 1.2693647889840212
      y: -0.0002525387376987511
      z: 0.0
    orientation:
      x: 0.0
      y: 0.0
      z: 0.0032955670288253337
      w: 0.9999945696042346
navigation_time:
  sec: 5
  nanosec: 816000000
estimated_time_remaining:
  sec: 9
  nanosec: 14463095
number_of_recoveries: 0
distance_remaining: 2.25

Feedback:
    current_pose:
  header:
    stamp:
      sec: 308
      nanosec: 800000000
    frame_id: map
  pose:
    position:
      x: 1.2740534360894895
      y: -0.00016843753764042568
      z: 0.0
    orientation:
      x: 0.0
      y: 0.0
      z: 0.0034378314993094993
      w: 0.9999940906398308
navigation_time:
  sec: 5
  nanosec: 828000000
estimated_time_remaining:
  sec: 9
  nanosec: 5862043
number_of_recoveries: 0
distance_remaining: 2.25

Feedback:
    current_pose:
  header:
    stamp:
      sec: 308
      nanosec: 800000000
    frame_id: map
  pose:
    position:
      x: 1.2740534360894895
      y: -0.00016843753764042568
      z: 0.0
    orientation:
      x: 0.0
      y: 0.0
      z: 0.0034378314993094993
      w: 0.9999940906398308
navigation_time:
  sec: 5
  nanosec: 836000000
estimated_time_remaining:
  sec: 9
  nanosec: 5862043
number_of_recoveries: 0
distance_remaining: 2.25

Feedback:
    current_pose:
  header:
    stamp:
      sec: 308
      nanosec: 820000000
    frame_id: map
  pose:
    position:
      x: 1.2791501010771793
      y: -0.00013654543241831824
      z: 0.0
    orientation:
      x: 0.0
      y: 0.0
      z: 0.0037980311257627525
      w: 0.9999927874537734
navigation_time:
  sec: 5
  nanosec: 848000000
estimated_time_remaining:
  sec: 8
  nanosec: 801920526
number_of_recoveries: 0
distance_remaining: 2.200000047683716

Feedback:
    current_pose:
  header:
    stamp:
      sec: 308
      nanosec: 820000000
    frame_id: map
  pose:
    position:
      x: 1.2791501010771793
      y: -0.00013654543241831824
      z: 0.0
    orientation:
      x: 0.0
      y: 0.0
      z: 0.0037980311257627525
      w: 0.9999927874537734
navigation_time:
  sec: 5
  nanosec: 856000000
estimated_time_remaining:
  sec: 8
  nanosec: 801920526
number_of_recoveries: 0
distance_remaining: 2.200000047683716

Feedback:
    current_pose:
  header:
    stamp:
      sec: 308
      nanosec: 840000000
    frame_id: map
  pose:
    position:
      x: 1.2842368108431914
      y: -0.00010009918342928151
      z: 0.0
    orientation:
      x: 0.0
      y: 0.0
      z: 0.0041400151387453255
      w: 0.999991430100604
navigation_time:
  sec: 5
  nanosec: 864000000
estimated_time_remaining:
  sec: 8
  nanosec: 792924576
number_of_recoveries: 0
distance_remaining: 2.200000047683716

Feedback:
    current_pose:
  header:
    stamp:
      sec: 308
      nanosec: 840000000
    frame_id: map
  pose:
    position:
      x: 1.2842368108431914
      y: -0.00010009918342928151
      z: 0.0
    orientation:
      x: 0.0
      y: 0.0
      z: 0.0041400151387453255
      w: 0.999991430100604
navigation_time:
  sec: 5
  nanosec: 872000000
estimated_time_remaining:
  sec: 8
  nanosec: 792924576
number_of_recoveries: 0
distance_remaining: 2.200000047683716

Feedback:
    current_pose:
  header:
    stamp:
      sec: 308
      nanosec: 860000000
    frame_id: map
  pose:
    position:
      x: 1.289283947206936
      y: -5.997969754675814e-05
      z: 0.0
    orientation:
      x: 0.0
      y: 0.0
      z: 0.004409138246385181
      w: 0.99999027970272
navigation_time:
  sec: 5
  nanosec: 884000000
estimated_time_remaining:
  sec: 8
  nanosec: 781115303
number_of_recoveries: 0
distance_remaining: 2.200000047683716

Feedback:
    current_pose:
  header:
    stamp:
      sec: 308
      nanosec: 860000000
    frame_id: map
  pose:
    position:
      x: 1.289283947206936
      y: -5.997969754675814e-05
      z: 0.0
    orientation:
      x: 0.0
      y: 0.0
      z: 0.004409138246385181
      w: 0.99999027970272
navigation_time:
  sec: 5
  nanosec: 892000000
estimated_time_remaining:
  sec: 8
  nanosec: 781115303
number_of_recoveries: 0
distance_remaining: 2.200000047683716

Feedback:
    current_pose:
  header:
    stamp:
      sec: 308
      nanosec: 860000000
    frame_id: map
  pose:
    position:
      x: 1.289283947206936
      y: -5.997969754675814e-05
      z: 0.0
    orientation:
      x: 0.0
      y: 0.0
      z: 0.004409138246385181
      w: 0.99999027970272
navigation_time:
  sec: 5
  nanosec: 900000000
estimated_time_remaining:
  sec: 8
  nanosec: 781115303
number_of_recoveries: 0
distance_remaining: 2.200000047683716

Feedback:
    current_pose:
  header:
    stamp:
      sec: 308
      nanosec: 880000000
    frame_id: map
  pose:
    position:
      x: 1.294331004089791
      y: -1.617395878670061e-05
      z: 0.0
    orientation:
      x: 0.0
      y: 0.0
      z: 0.004678261015918362
      w: 0.9999890568770574
navigation_time:
  sec: 5
  nanosec: 908000000
estimated_time_remaining:
  sec: 8
  nanosec: 771865929
number_of_recoveries: 0
distance_remaining: 2.200000047683716

Feedback:
    current_pose:
  header:
    stamp:
      sec: 308
      nanosec: 880000000
    frame_id: map
  pose:
    position:
      x: 1.294331004089791
      y: -1.617395878670061e-05
      z: 0.0
    orientation:
      x: 0.0
      y: 0.0
      z: 0.004678261015918362
      w: 0.9999890568770574
navigation_time:
  sec: 5
  nanosec: 916000000
estimated_time_remaining:
  sec: 8
  nanosec: 771865929
number_of_recoveries: 0
distance_remaining: 2.200000047683716

Feedback:
    current_pose:
  header:
    stamp:
      sec: 308
      nanosec: 900000000
    frame_id: map
  pose:
    position:
      x: 1.2992905988204624
      y: 3.0565374151471716e-05
      z: 0.0
    orientation:
      x: 0.0
      y: 0.0
      z: 0.004966812639334291
      w: 0.9999876653100305
navigation_time:
  sec: 5
  nanosec: 928000000
estimated_time_remaining:
  sec: 8
  nanosec: 768021060
number_of_recoveries: 0
distance_remaining: 2.200000047683716

Feedback:
    current_pose:
  header:
    stamp:
      sec: 308
      nanosec: 900000000
    frame_id: map
  pose:
    position:
      x: 1.2992905988204624
      y: 3.0565374151471716e-05
      z: 0.0
    orientation:
      x: 0.0
      y: 0.0
      z: 0.004966812639334291
      w: 0.9999876653100305
navigation_time:
  sec: 5
  nanosec: 936000000
estimated_time_remaining:
  sec: 8
  nanosec: 768021060
number_of_recoveries: 0
distance_remaining: 2.200000047683716

Feedback:
    current_pose:
  header:
    stamp:
      sec: 308
      nanosec: 920000000
    frame_id: map
  pose:
    position:
      x: 1.3042501083082871
      y: 8.112083695647945e-05
      z: 0.0
    orientation:
      x: 0.0
      y: 0.0
      z: 0.005255363855569718
      w: 0.9999861904800214
navigation_time:
  sec: 5
  nanosec: 944000000
estimated_time_remaining:
  sec: 8
  nanosec: 767815190
number_of_recoveries: 0
distance_remaining: 2.200000047683716

Feedback:
    current_pose:
  header:
    stamp:
      sec: 308
      nanosec: 920000000
    frame_id: map
  pose:
    position:
      x: 1.3042501083082871
      y: 8.112083695647945e-05
      z: 0.0
    orientation:
      x: 0.0
      y: 0.0
      z: 0.005255363855569718
      w: 0.9999861904800214
navigation_time:
  sec: 5
  nanosec: 956000000
estimated_time_remaining:
  sec: 8
  nanosec: 767815190
number_of_recoveries: 0
distance_remaining: 2.200000047683716

Feedback:
    current_pose:
  header:
    stamp:
      sec: 308
      nanosec: 940000000
    frame_id: map
  pose:
    position:
      x: 1.3091665585826937
      y: 0.00013500496352152318
      z: 0.0
    orientation:
      x: 0.0
      y: 0.0
      z: 0.005538498714206996
      w: 0.9999846623983752
navigation_time:
  sec: 5
  nanosec: 964000000
estimated_time_remaining:
  sec: 8
  nanosec: 763054708
number_of_recoveries: 0
distance_remaining: 2.200000047683716

Feedback:
    current_pose:
  header:
    stamp:
      sec: 308
      nanosec: 940000000
    frame_id: map
  pose:
    position:
      x: 1.3091665585826937
      y: 0.00013500496352152318
      z: 0.0
    orientation:
      x: 0.0
      y: 0.0
      z: 0.005538498714206996
      w: 0.9999846623983752
navigation_time:
  sec: 5
  nanosec: 976000000
estimated_time_remaining:
  sec: 8
  nanosec: 763054708
number_of_recoveries: 0
distance_remaining: 2.200000047683716

Feedback:
    current_pose:
  header:
    stamp:
      sec: 308
      nanosec: 960000000
    frame_id: map
  pose:
    position:
      x: 1.314054272448334
      y: 0.0001922654084377598
      z: 0.0
    orientation:
      x: 0.0
      y: 0.0
      z: 0.005818022516731598
      w: 0.9999830751637725
navigation_time:
  sec: 5
  nanosec: 984000000
estimated_time_remaining:
  sec: 8
  nanosec: 657183056
number_of_recoveries: 0
distance_remaining: 2.174999952316284

Feedback:
    current_pose:
  header:
    stamp:
      sec: 308
      nanosec: 960000000
    frame_id: map
  pose:
    position:
      x: 1.314054272448334
      y: 0.0001922654084377598
      z: 0.0
    orientation:
      x: 0.0
      y: 0.0
      z: 0.005818022516731598
      w: 0.9999830751637725
navigation_time:
  sec: 5
  nanosec: 996000000
estimated_time_remaining:
  sec: 8
  nanosec: 657183056
number_of_recoveries: 0
distance_remaining: 2.174999952316284

Feedback:
    current_pose:
  header:
    stamp:
      sec: 308
      nanosec: 980000000
    frame_id: map
  pose:
    position:
      x: 1.31893932494961
      y: 0.00025314978564567724
      z: 0.0
    orientation:
      x: 0.0
      y: 0.0
      z: 0.006079824241770633
      w: 0.9999815176977969
navigation_time:
  sec: 6
  nanosec: 4000000
estimated_time_remaining:
  sec: 8
  nanosec: 655952051
number_of_recoveries: 0
distance_remaining: 2.174999952316284

Feedback:
    current_pose:
  header:
    stamp:
      sec: 308
      nanosec: 980000000
    frame_id: map
  pose:
    position:
      x: 1.31893932494961
      y: 0.00025314978564567724
      z: 0.0
    orientation:
      x: 0.0
      y: 0.0
      z: 0.006079824241770633
      w: 0.9999815176977969
navigation_time:
  sec: 6
  nanosec: 16000000
estimated_time_remaining:
  sec: 8
  nanosec: 655952051
number_of_recoveries: 0
distance_remaining: 2.174999952316284

Feedback:
    current_pose:
  header:
    stamp:
      sec: 309
      nanosec: 0
    frame_id: map
  pose:
    position:
      x: 1.323814008199538
      y: 0.00031698597155540697
      z: 0.0
    orientation:
      x: 0.0
      y: 0.0
      z: 0.006270739117366618
      w: 0.999980338722178
navigation_time:
  sec: 6
  nanosec: 24000000
estimated_time_remaining:
  sec: 8
  nanosec: 659632029
number_of_recoveries: 0
distance_remaining: 2.174999952316284

Feedback:
    current_pose:
  header:
    stamp:
      sec: 309
      nanosec: 0
    frame_id: map
  pose:
    position:
      x: 1.323814008199538
      y: 0.00031698597155540697
      z: 0.0
    orientation:
      x: 0.0
      y: 0.0
      z: 0.006270739117366618
      w: 0.999980338722178
navigation_time:
  sec: 6
  nanosec: 36000000
estimated_time_remaining:
  sec: 8
  nanosec: 659632029
number_of_recoveries: 0
distance_remaining: 2.174999952316284

Feedback:
    current_pose:
  header:
    stamp:
      sec: 309
      nanosec: 20000000
    frame_id: map
  pose:
    position:
      x: 1.3290281371235215
      y: 0.0001353540208141133
      z: 0.0
    orientation:
      x: 0.0
      y: 0.0
      z: 0.006273004307790507
      w: 0.9999803245149148
navigation_time:
  sec: 6
  nanosec: 44000000
estimated_time_remaining:
  sec: 8
  nanosec: 665577817
number_of_recoveries: 0
distance_remaining: 2.174999952316284

Feedback:
    current_pose:
  header:
    stamp:
      sec: 309
      nanosec: 20000000
    frame_id: map
  pose:
    position:
      x: 1.3290281371235215
      y: 0.0001353540208141133
      z: 0.0
    orientation:
      x: 0.0
      y: 0.0
      z: 0.006273004307790507
      w: 0.9999803245149148
navigation_time:
  sec: 6
  nanosec: 52000000
estimated_time_remaining:
  sec: 8
  nanosec: 665577817
number_of_recoveries: 0
distance_remaining: 2.174999952316284

Feedback:
    current_pose:
  header:
    stamp:
      sec: 309
      nanosec: 20000000
    frame_id: map
  pose:
    position:
      x: 1.3290281371235215
      y: 0.0001353540208141133
      z: 0.0
    orientation:
      x: 0.0
      y: 0.0
      z: 0.006273004307790507
      w: 0.9999803245149148
navigation_time:
  sec: 6
  nanosec: 60000000
estimated_time_remaining:
  sec: 8
  nanosec: 680061374
number_of_recoveries: 0
distance_remaining: 2.174999952316284

Feedback:
    current_pose:
  header:
    stamp:
      sec: 309
      nanosec: 40000000
    frame_id: map
  pose:
    position:
      x: 1.3341906818559401
      y: -4.77007322180166e-05
      z: 0.0
    orientation:
      x: 0.0
      y: 0.0
      z: 0.006305959988203062
      w: 0.9999801172366515
navigation_time:
  sec: 6
  nanosec: 72000000
estimated_time_remaining:
  sec: 8
  nanosec: 680061374
number_of_recoveries: 0
distance_remaining: 2.174999952316284

Feedback:
    current_pose:
  header:
    stamp:
      sec: 309
      nanosec: 40000000
    frame_id: map
  pose:
    position:
      x: 1.3341906818559401
      y: -4.77007322180166e-05
      z: 0.0
    orientation:
      x: 0.0
      y: 0.0
      z: 0.006305959988203062
      w: 0.9999801172366515
navigation_time:
  sec: 6
  nanosec: 80000000
estimated_time_remaining:
  sec: 8
  nanosec: 680061374
number_of_recoveries: 0
distance_remaining: 2.174999952316284

Feedback:
    current_pose:
  header:
    stamp:
      sec: 309
      nanosec: 60000000
    frame_id: map
  pose:
    position:
      x: 1.3393402986578047
      y: -0.00023144076741422534
      z: 0.0
    orientation:
      x: 0.0
      y: 0.0
      z: 0.006346588297145862
      w: 0.9999798602056877
navigation_time:
  sec: 6
  nanosec: 92000000
estimated_time_remaining:
  sec: 8
  nanosec: 602964641
number_of_recoveries: 0
distance_remaining: 2.1499998569488525

Feedback:
    current_pose:
  header:
    stamp:
      sec: 309
      nanosec: 60000000
    frame_id: map
  pose:
    position:
      x: 1.3393402986578047
      y: -0.00023144076741422534
      z: 0.0
    orientation:
      x: 0.0
      y: 0.0
      z: 0.006346588297145862
      w: 0.9999798602056877
navigation_time:
  sec: 6
  nanosec: 100000000
estimated_time_remaining:
  sec: 8
  nanosec: 602964641
number_of_recoveries: 0
distance_remaining: 2.1499998569488525

Feedback:
    current_pose:
  header:
    stamp:
      sec: 309
      nanosec: 80000000
    frame_id: map
  pose:
    position:
      x: 1.3445239132370648
      y: -0.000415368279492386
      z: 0.0
    orientation:
      x: 0.0
      y: 0.0
      z: 0.006334041299471151
      w: 0.9999799397592016
navigation_time:
  sec: 6
  nanosec: 108000000
estimated_time_remaining:
  sec: 8
  nanosec: 627848962
number_of_recoveries: 0
distance_remaining: 2.1499998569488525

Feedback:
    current_pose:
  header:
    stamp:
      sec: 309
      nanosec: 80000000
    frame_id: map
  pose:
    position:
      x: 1.3445239132370648
      y: -0.000415368279492386
      z: 0.0
    orientation:
      x: 0.0
      y: 0.0
      z: 0.006334041299471151
      w: 0.9999799397592016
navigation_time:
  sec: 6
  nanosec: 120000000
estimated_time_remaining:
  sec: 8
  nanosec: 627848962
number_of_recoveries: 0
distance_remaining: 2.1499998569488525

Feedback:
    current_pose:
  header:
    stamp:
      sec: 309
      nanosec: 100000000
    frame_id: map
  pose:
    position:
      x: 1.3497636584409556
      y: -0.0006001765999482031
      z: 0.0
    orientation:
      x: 0.0
      y: 0.0
      z: 0.006241731276020785
      w: 0.9999805202056078
navigation_time:
  sec: 6
  nanosec: 128000000
estimated_time_remaining:
  sec: 8
  nanosec: 651223437
number_of_recoveries: 0
distance_remaining: 2.1499998569488525

Feedback:
    current_pose:
  header:
    stamp:
      sec: 309
      nanosec: 100000000
    frame_id: map
  pose:
    position:
      x: 1.3497636584409556
      y: -0.0006001765999482031
      z: 0.0
    orientation:
      x: 0.0
      y: 0.0
      z: 0.006241731276020785
      w: 0.9999805202056078
navigation_time:
  sec: 6
  nanosec: 136000000
estimated_time_remaining:
  sec: 8
  nanosec: 651223437
number_of_recoveries: 0
distance_remaining: 2.1499998569488525

Feedback:
    current_pose:
  header:
    stamp:
      sec: 309
      nanosec: 120000000
    frame_id: map
  pose:
    position:
      x: 1.3549936676542815
      y: -0.0007869474871583775
      z: 0.0
    orientation:
      x: 0.0
      y: 0.0
      z: 0.0061399280943250315
      w: 0.9999811504638457
navigation_time:
  sec: 6
  nanosec: 144000000
estimated_time_remaining:
  sec: 8
  nanosec: 672450761
number_of_recoveries: 0
distance_remaining: 2.1499998569488525

Feedback:
    current_pose:
  header:
    stamp:
      sec: 309
      nanosec: 120000000
    frame_id: map
  pose:
    position:
      x: 1.3549936676542815
      y: -0.0007869474871583775
      z: 0.0
    orientation:
      x: 0.0
      y: 0.0
      z: 0.0061399280943250315
      w: 0.9999811504638457
navigation_time:
  sec: 6
  nanosec: 152000000
estimated_time_remaining:
  sec: 8
  nanosec: 672450761
number_of_recoveries: 0
distance_remaining: 2.1499998569488525

Feedback:
    current_pose:
  header:
    stamp:
      sec: 309
      nanosec: 140000000
    frame_id: map
  pose:
    position:
      x: 1.3601848124971487
      y: -0.0009763336427720416
      z: 0.0
    orientation:
      x: 0.0
      y: 0.0
      z: 0.006000152429839638
      w: 0.99998199892339
navigation_time:
  sec: 6
  nanosec: 164000000
estimated_time_remaining:
  sec: 8
  nanosec: 696895420
number_of_recoveries: 0
distance_remaining: 2.1499998569488525

Feedback:
    current_pose:
  header:
    stamp:
      sec: 309
      nanosec: 140000000
    frame_id: map
  pose:
    position:
      x: 1.3601848124971487
      y: -0.0009763336427720416
      z: 0.0
    orientation:
      x: 0.0
      y: 0.0
      z: 0.006000152429839638
      w: 0.99998199892339
navigation_time:
  sec: 6
  nanosec: 172000000
estimated_time_remaining:
  sec: 8
  nanosec: 696895420
number_of_recoveries: 0
distance_remaining: 2.1499998569488525

Feedback:
    current_pose:
  header:
    stamp:
      sec: 309
      nanosec: 160000000
    frame_id: map
  pose:
    position:
      x: 1.3653759358084503
      y: -0.001167998113805204
      z: 0.0
    orientation:
      x: 0.0
      y: 0.0
      z: 0.00586037664308736
      w: 0.9999828278453592
navigation_time:
  sec: 6
  nanosec: 184000000
estimated_time_remaining:
  sec: 8
  nanosec: 621825886
number_of_recoveries: 0
distance_remaining: 2.125

Feedback:
    current_pose:
  header:
    stamp:
      sec: 309
      nanosec: 160000000
    frame_id: map
  pose:
    position:
      x: 1.3653759358084503
      y: -0.001167998113805204
      z: 0.0
    orientation:
      x: 0.0
      y: 0.0
      z: 0.00586037664308736
      w: 0.9999828278453592
navigation_time:
  sec: 6
  nanosec: 196000000
estimated_time_remaining:
  sec: 8
  nanosec: 621825886
number_of_recoveries: 0
distance_remaining: 2.125

Feedback:
    current_pose:
  header:
    stamp:
      sec: 309
      nanosec: 180000000
    frame_id: map
  pose:
    position:
      x: 1.3705800564216437
      y: -0.0013618057647357337
      z: 0.0
    orientation:
      x: 0.0
      y: 0.0
      z: 0.005715769279309772
      w: 0.9999836648573543
navigation_time:
  sec: 6
  nanosec: 208000000
estimated_time_remaining:
  sec: 8
  nanosec: 644611990
number_of_recoveries: 0
distance_remaining: 2.125

Feedback:
    current_pose:
  header:
    stamp:
      sec: 309
      nanosec: 180000000
    frame_id: map
  pose:
    position:
      x: 1.3705800564216437
      y: -0.0013618057647357337
      z: 0.0
    orientation:
      x: 0.0
      y: 0.0
      z: 0.005715769279309772
      w: 0.9999836648573543
navigation_time:
  sec: 6
  nanosec: 216000000
estimated_time_remaining:
  sec: 8
  nanosec: 644611990
number_of_recoveries: 0
distance_remaining: 2.125

Feedback:
    current_pose:
  header:
    stamp:
      sec: 309
      nanosec: 200000000
    frame_id: map
  pose:
    position:
      x: 1.375792834435441
      y: -0.0015578728136143635
      z: 0.0
    orientation:
      x: 0.0
      y: 0.0
      z: 0.005567940813942935
      w: 0.9999844988974042
navigation_time:
  sec: 6
  nanosec: 224000000
estimated_time_remaining:
  sec: 8
  nanosec: 664139753
number_of_recoveries: 0
distance_remaining: 2.125

Feedback:
    current_pose:
  header:
    stamp:
      sec: 309
      nanosec: 200000000
    frame_id: map
  pose:
    position:
      x: 1.375792834435441
      y: -0.0015578728136143635
      z: 0.0
    orientation:
      x: 0.0
      y: 0.0
      z: 0.005567940813942935
      w: 0.9999844988974042
navigation_time:
  sec: 6
  nanosec: 236000000
estimated_time_remaining:
  sec: 8
  nanosec: 664139753
number_of_recoveries: 0
distance_remaining: 2.125

Feedback:
    current_pose:
  header:
    stamp:
      sec: 309
      nanosec: 220000000
    frame_id: map
  pose:
    position:
      x: 1.380063003628376
      y: -0.0016145851829206335
      z: 0.0
    orientation:
      x: 0.0
      y: 0.0
      z: 0.005307414650577924
      w: 0.9999859155756778
navigation_time:
  sec: 6
  nanosec: 248000000
estimated_time_remaining:
  sec: 8
  nanosec: 679304582
number_of_recoveries: 0
distance_remaining: 2.125

Feedback:
    current_pose:
  header:
    stamp:
      sec: 309
      nanosec: 220000000
    frame_id: map
  pose:
    position:
      x: 1.380063003628376
      y: -0.0016145851829206335
      z: 0.0
    orientation:
      x: 0.0
      y: 0.0
      z: 0.005307414650577924
      w: 0.9999859155756778
navigation_time:
  sec: 6
  nanosec: 256000000
estimated_time_remaining:
  sec: 8
  nanosec: 679304582
number_of_recoveries: 0
distance_remaining: 2.125

Feedback:
    current_pose:
  header:
    stamp:
      sec: 309
      nanosec: 240000000
    frame_id: map
  pose:
    position:
      x: 1.3842699879015299
      y: -0.0016763204351159886
      z: 0.0
    orientation:
      x: 0.0
      y: 0.0
      z: 0.005098541127398035
      w: 0.9999870023547167
navigation_time:
  sec: 6
  nanosec: 268000000
estimated_time_remaining:
  sec: 8
  nanosec: 694040248
number_of_recoveries: 0
distance_remaining: 2.125

Feedback:
    current_pose:
  header:
    stamp:
      sec: 309
      nanosec: 240000000
    frame_id: map
  pose:
    position:
      x: 1.3842699879015299
      y: -0.0016763204351159886
      z: 0.0
    orientation:
      x: 0.0
      y: 0.0
      z: 0.005098541127398035
      w: 0.9999870023547167
navigation_time:
  sec: 6
  nanosec: 276000000
estimated_time_remaining:
  sec: 8
  nanosec: 694040248
number_of_recoveries: 0
distance_remaining: 2.125

Feedback:
    current_pose:
  header:
    stamp:
      sec: 309
      nanosec: 260000000
    frame_id: map
  pose:
    position:
      x: 1.38847674296442
      y: -0.0017421810535632118
      z: 0.0
    orientation:
      x: 0.0
      y: 0.0
      z: 0.004889667390475566
      w: 0.9999880455049504
navigation_time:
  sec: 6
  nanosec: 288000000
estimated_time_remaining:
  sec: 8
  nanosec: 607471075
number_of_recoveries: 0
distance_remaining: 2.0999999046325684

Feedback:
    current_pose:
  header:
    stamp:
      sec: 309
      nanosec: 260000000
    frame_id: map
  pose:
    position:
      x: 1.38847674296442
      y: -0.0017421810535632118
      z: 0.0
    orientation:
      x: 0.0
      y: 0.0
      z: 0.004889667390475566
      w: 0.9999880455049504
navigation_time:
  sec: 6
  nanosec: 296000000
estimated_time_remaining:
  sec: 8
  nanosec: 607471075
number_of_recoveries: 0
distance_remaining: 2.0999999046325684

Feedback:
    current_pose:
  header:
    stamp:
      sec: 309
      nanosec: 280000000
    frame_id: map
  pose:
    position:
      x: 1.3927043529692582
      y: -0.001812010257436044
      z: 0.0
    orientation:
      x: 0.0
      y: 0.0
      z: 0.0046668484020684405
      w: 0.9999891102037022
navigation_time:
  sec: 6
  nanosec: 304000000
estimated_time_remaining:
  sec: 8
  nanosec: 618115872
number_of_recoveries: 0
distance_remaining: 2.0999999046325684

Feedback:
    current_pose:
  header:
    stamp:
      sec: 309
      nanosec: 280000000
    frame_id: map
  pose:
    position:
      x: 1.3927043529692582
      y: -0.001812010257436044
      z: 0.0
    orientation:
      x: 0.0
      y: 0.0
      z: 0.0046668484020684405
      w: 0.9999891102037022
navigation_time:
  sec: 6
  nanosec: 316000000
estimated_time_remaining:
  sec: 8
  nanosec: 618115872
number_of_recoveries: 0
distance_remaining: 2.0999999046325684

Feedback:
    current_pose:
  header:
    stamp:
      sec: 309
      nanosec: 300000000
    frame_id: map
  pose:
    position:
      x: 1.3969457881079108
      y: -0.0018860646556634626
      z: 0.0
    orientation:
      x: 0.0
      y: 0.0
      z: 0.0044347324674978835
      w: 0.9999901665256223
navigation_time:
  sec: 6
  nanosec: 324000000
estimated_time_remaining:
  sec: 8
  nanosec: 625111983
number_of_recoveries: 0
distance_remaining: 2.0999999046325684

Feedback:
    current_pose:
  header:
    stamp:
      sec: 309
      nanosec: 300000000
    frame_id: map
  pose:
    position:
      x: 1.3969457881079108
      y: -0.0018860646556634626
      z: 0.0
    orientation:
      x: 0.0
      y: 0.0
      z: 0.0044347324674978835
      w: 0.9999901665256223
navigation_time:
  sec: 6
  nanosec: 336000000
estimated_time_remaining:
  sec: 8
  nanosec: 625111983
number_of_recoveries: 0
distance_remaining: 2.0999999046325684

Feedback:
    current_pose:
  header:
    stamp:
      sec: 309
      nanosec: 320000000
    frame_id: map
  pose:
    position:
      x: 1.4011777195569737
      y: -0.001964573204354527
      z: 0.0
    orientation:
      x: 0.0
      y: 0.0
      z: 0.004207253788986178
      w: 0.9999911494686115
navigation_time:
  sec: 6
  nanosec: 348000000
estimated_time_remaining:
  sec: 8
  nanosec: 631141290
number_of_recoveries: 0
distance_remaining: 2.0999999046325684

Feedback:
    current_pose:
  header:
    stamp:
      sec: 309
      nanosec: 320000000
    frame_id: map
  pose:
    position:
      x: 1.4011777195569737
      y: -0.001964573204354527
      z: 0.0
    orientation:
      x: 0.0
      y: 0.0
      z: 0.004207253788986178
      w: 0.9999911494686115
navigation_time:
  sec: 6
  nanosec: 356000000
estimated_time_remaining:
  sec: 8
  nanosec: 631141290
number_of_recoveries: 0
distance_remaining: 2.0999999046325684

Feedback:
    current_pose:
  header:
    stamp:
      sec: 309
      nanosec: 340000000
    frame_id: map
  pose:
    position:
      x: 1.4053723376753353
      y: -0.00204759742415264
      z: 0.0
    orientation:
      x: 0.0
      y: 0.0
      z: 0.003998324925778283
      w: 0.9999920066669473
navigation_time:
  sec: 6
  nanosec: 364000000
estimated_time_remaining:
  sec: 8
  nanosec: 639181016
number_of_recoveries: 0
distance_remaining: 2.0999999046325684

Feedback:
    current_pose:
  header:
    stamp:
      sec: 309
      nanosec: 340000000
    frame_id: map
  pose:
    position:
      x: 1.4053723376753353
      y: -0.00204759742415264
      z: 0.0
    orientation:
      x: 0.0
      y: 0.0
      z: 0.003998324925778283
      w: 0.9999920066669473
navigation_time:
  sec: 6
  nanosec: 376000000
estimated_time_remaining:
  sec: 8
  nanosec: 639181016
number_of_recoveries: 0
distance_remaining: 2.0999999046325684

Feedback:
    current_pose:
  header:
    stamp:
      sec: 309
      nanosec: 360000000
    frame_id: map
  pose:
    position:
      x: 1.409566712772758
      y: -0.002134737458049556
      z: 0.0
    orientation:
      x: 0.0
      y: 0.0
      z: 0.003789395888154831
      w: 0.9999928202136266
navigation_time:
  sec: 6
  nanosec: 384000000
estimated_time_remaining:
  sec: 8
  nanosec: 646430473
number_of_recoveries: 0
distance_remaining: 2.0999999046325684

Feedback:
    current_pose:
  header:
    stamp:
      sec: 309
      nanosec: 360000000
    frame_id: map
  pose:
    position:
      x: 1.409566712772758
      y: -0.002134737458049556
      z: 0.0
    orientation:
      x: 0.0
      y: 0.0
      z: 0.003789395888154831
      w: 0.9999928202136266
navigation_time:
  sec: 6
  nanosec: 392000000
estimated_time_remaining:
  sec: 8
  nanosec: 646430473
number_of_recoveries: 0
distance_remaining: 2.0999999046325684

Feedback:
    current_pose:
  header:
    stamp:
      sec: 309
      nanosec: 360000000
    frame_id: map
  pose:
    position:
      x: 1.409566712772758
      y: -0.002134737458049556
      z: 0.0
    orientation:
      x: 0.0
      y: 0.0
      z: 0.003789395888154831
      w: 0.9999928202136266
navigation_time:
  sec: 6
  nanosec: 400000000
estimated_time_remaining:
  sec: 8
  nanosec: 646430473
number_of_recoveries: 0
distance_remaining: 2.0999999046325684

Feedback:
    current_pose:
  header:
    stamp:
      sec: 309
      nanosec: 380000000
    frame_id: map
  pose:
    position:
      x: 1.413826764586247
      y: -0.0022255460229608417
      z: 0.0
    orientation:
      x: 0.0
      y: 0.0
      z: 0.0035721723708471618
      w: 0.9999936197719227
navigation_time:
  sec: 6
  nanosec: 412000000
estimated_time_remaining:
  sec: 8
  nanosec: 543500827
number_of_recoveries: 0
distance_remaining: 2.075000047683716

Feedback:
    current_pose:
  header:
    stamp:
      sec: 309
      nanosec: 380000000
    frame_id: map
  pose:
    position:
      x: 1.413826764586247
      y: -0.0022255460229608417
      z: 0.0
    orientation:
      x: 0.0
      y: 0.0
      z: 0.0035721723708471618
      w: 0.9999936197719227
navigation_time:
  sec: 6
  nanosec: 416000000
estimated_time_remaining:
  sec: 8
  nanosec: 543500827
number_of_recoveries: 0
distance_remaining: 2.075000047683716

Feedback:
    current_pose:
  header:
    stamp:
      sec: 309
      nanosec: 400000000
    frame_id: map
  pose:
    position:
      x: 1.4181454538112808
      y: -0.002320255992494814
      z: 0.0
    orientation:
      x: 0.0
      y: 0.0
      z: 0.003349419130020284
      w: 0.9999943906800135
navigation_time:
  sec: 6
  nanosec: 424000000
estimated_time_remaining:
  sec: 8
  nanosec: 537811361
number_of_recoveries: 0
distance_remaining: 2.075000047683716

Feedback:
    current_pose:
  header:
    stamp:
      sec: 309
      nanosec: 400000000
    frame_id: map
  pose:
    position:
      x: 1.4181454538112808
      y: -0.002320255992494814
      z: 0.0
    orientation:
      x: 0.0
      y: 0.0
      z: 0.003349419130020284
      w: 0.9999943906800135
navigation_time:
  sec: 6
  nanosec: 436000000
estimated_time_remaining:
  sec: 8
  nanosec: 537811361
number_of_recoveries: 0
distance_remaining: 2.075000047683716

Feedback:
    current_pose:
  header:
    stamp:
      sec: 309
      nanosec: 420000000
    frame_id: map
  pose:
    position:
      x: 1.42310046956257
      y: -0.002286981182917241
      z: 0.0
    orientation:
      x: 0.0
      y: 0.0
      z: 0.003378752282133936
      w: 0.9999942920002174
navigation_time:
  sec: 6
  nanosec: 444000000
estimated_time_remaining:
  sec: 8
  nanosec: 532422284
number_of_recoveries: 0
distance_remaining: 2.075000047683716

Feedback:
    current_pose:
  header:
    stamp:
      sec: 309
      nanosec: 420000000
    frame_id: map
  pose:
    position:
      x: 1.42310046956257
      y: -0.002286981182917241
      z: 0.0
    orientation:
      x: 0.0
      y: 0.0
      z: 0.003378752282133936
      w: 0.9999942920002174
navigation_time:
  sec: 6
  nanosec: 452000000
estimated_time_remaining:
  sec: 8
  nanosec: 532422284
number_of_recoveries: 0
distance_remaining: 2.075000047683716

Feedback:
    current_pose:
  header:
    stamp:
      sec: 309
      nanosec: 440000000
    frame_id: map
  pose:
    position:
      x: 1.428072799680358
      y: -0.0022531267338910393
      z: 0.0
    orientation:
      x: 0.0
      y: 0.0
      z: 0.003429697622815828
      w: 0.9999941185698125
navigation_time:
  sec: 6
  nanosec: 460000000
estimated_time_remaining:
  sec: 8
  nanosec: 527212883
number_of_recoveries: 0
distance_remaining: 2.075000047683716

Feedback:
    current_pose:
  header:
    stamp:
      sec: 309
      nanosec: 440000000
    frame_id: map
  pose:
    position:
      x: 1.428072799680358
      y: -0.0022531267338910393
      z: 0.0
    orientation:
      x: 0.0
      y: 0.0
      z: 0.003429697622815828
      w: 0.9999941185698125
navigation_time:
  sec: 6
  nanosec: 472000000
estimated_time_remaining:
  sec: 8
  nanosec: 527212883
number_of_recoveries: 0
distance_remaining: 2.075000047683716

Feedback:
    current_pose:
  header:
    stamp:
      sec: 309
      nanosec: 440000000
    frame_id: map
  pose:
    position:
      x: 1.428072799680358
      y: -0.0022531267338910393
      z: 0.0
    orientation:
      x: 0.0
      y: 0.0
      z: 0.003429697622815828
      w: 0.9999941185698125
navigation_time:
  sec: 6
  nanosec: 480000000
estimated_time_remaining:
  sec: 8
  nanosec: 527212883
number_of_recoveries: 0
distance_remaining: 2.075000047683716

Feedback:
    current_pose:
  header:
    stamp:
      sec: 309
      nanosec: 460000000
    frame_id: map
  pose:
    position:
      x: 1.4330892868712872
      y: -0.002218369077804202
      z: 0.0
    orientation:
      x: 0.0
      y: 0.0
      z: 0.003524740036709691
      w: 0.9999937880845428
navigation_time:
  sec: 6
  nanosec: 492000000
estimated_time_remaining:
  sec: 8
  nanosec: 515996511
number_of_recoveries: 0
distance_remaining: 2.075000047683716

Feedback:
    current_pose:
  header:
    stamp:
      sec: 309
      nanosec: 480000000
    frame_id: map
  pose:
    position:
      x: 1.4382024104941458
      y: -0.0021814993215947126
      z: 0.0
    orientation:
      x: 0.0
      y: 0.0
      z: 0.0036859280374962064
      w: 0.9999932069441784
navigation_time:
  sec: 6
  nanosec: 500000000
estimated_time_remaining:
  sec: 8
  nanosec: 392685751
number_of_recoveries: 0
distance_remaining: 2.049999952316284

Feedback:
    current_pose:
  header:
    stamp:
      sec: 309
      nanosec: 480000000
    frame_id: map
  pose:
    position:
      x: 1.4382024104941458
      y: -0.0021814993215947126
      z: 0.0
    orientation:
      x: 0.0
      y: 0.0
      z: 0.0036859280374962064
      w: 0.9999932069441784
navigation_time:
  sec: 6
  nanosec: 508000000
estimated_time_remaining:
  sec: 8
  nanosec: 392685751
number_of_recoveries: 0
distance_remaining: 2.049999952316284

Feedback:
    current_pose:
  header:
    stamp:
      sec: 309
      nanosec: 480000000
    frame_id: map
  pose:
    position:
      x: 1.4382024104941458
      y: -0.0021814993215947126
      z: 0.0
    orientation:
      x: 0.0
      y: 0.0
      z: 0.0036859280374962064
      w: 0.9999932069441784
navigation_time:
  sec: 6
  nanosec: 520000000
estimated_time_remaining:
  sec: 8
  nanosec: 392685751
number_of_recoveries: 0
distance_remaining: 2.049999952316284

Feedback:
    current_pose:
  header:
    stamp:
      sec: 309
      nanosec: 500000000
    frame_id: map
  pose:
    position:
      x: 1.4433155219653298
      y: -0.0021429812081295418
      z: 0.0
    orientation:
      x: 0.0
      y: 0.0
      z: 0.0038471159583434635
      w: 0.9999925998220203
navigation_time:
  sec: 6
  nanosec: 528000000
estimated_time_remaining:
  sec: 8
  nanosec: 367613697
number_of_recoveries: 0
distance_remaining: 2.049999952316284

Feedback:
    current_pose:
  header:
    stamp:
      sec: 309
      nanosec: 500000000
    frame_id: map
  pose:
    position:
      x: 1.4433155219653298
      y: -0.0021429812081295418
      z: 0.0
    orientation:
      x: 0.0
      y: 0.0
      z: 0.0038471159583434635
      w: 0.9999925998220203
navigation_time:
  sec: 6
  nanosec: 536000000
estimated_time_remaining:
  sec: 8
  nanosec: 367613697
number_of_recoveries: 0
distance_remaining: 2.049999952316284

Feedback:
    current_pose:
  header:
    stamp:
      sec: 309
      nanosec: 520000000
    frame_id: map
  pose:
    position:
      x: 1.4484008530924921
      y: -0.0021028943504142698
      z: 0.0
    orientation:
      x: 0.0
      y: 0.0
      z: 0.004035541531789688
      w: 0.9999918571691196
navigation_time:
  sec: 6
  nanosec: 548000000
estimated_time_remaining:
  sec: 8
  nanosec: 345316057
number_of_recoveries: 0
distance_remaining: 2.049999952316284

Feedback:
    current_pose:
  header:
    stamp:
      sec: 309
      nanosec: 520000000
    frame_id: map
  pose:
    position:
      x: 1.4484008530924921
      y: -0.0021028943504142698
      z: 0.0
    orientation:
      x: 0.0
      y: 0.0
      z: 0.004035541531789688
      w: 0.9999918571691196
navigation_time:
  sec: 6
  nanosec: 556000000
estimated_time_remaining:
  sec: 8
  nanosec: 345316057
number_of_recoveries: 0
distance_remaining: 2.049999952316284

Feedback:
    current_pose:
  header:
    stamp:
      sec: 309
      nanosec: 540000000
    frame_id: map
  pose:
    position:
      x: 1.4534861687515461
      y: -0.0020608910677550486
      z: 0.0
    orientation:
      x: 0.0
      y: 0.0
      z: 0.004223966970657707
      w: 0.9999910790117235
navigation_time:
  sec: 6
  nanosec: 568000000
estimated_time_remaining:
  sec: 8
  nanosec: 324230401
number_of_recoveries: 0
distance_remaining: 2.049999952316284

Feedback:
    current_pose:
  header:
    stamp:
      sec: 309
      nanosec: 540000000
    frame_id: map
  pose:
    position:
      x: 1.4534861687515461
      y: -0.0020608910677550486
      z: 0.0
    orientation:
      x: 0.0
      y: 0.0
      z: 0.004223966970657707
      w: 0.9999910790117235
navigation_time:
  sec: 6
  nanosec: 576000000
estimated_time_remaining:
  sec: 8
  nanosec: 324230401
number_of_recoveries: 0
distance_remaining: 2.049999952316284

Feedback:
    current_pose:
  header:
    stamp:
      sec: 309
      nanosec: 560000000
    frame_id: map
  pose:
    position:
      x: 1.4585827481177382
      y: -0.0020168490527576674
      z: 0.0
    orientation:
      x: 0.0
      y: 0.0
      z: 0.004423938175877344
      w: 0.9999902143376284
navigation_time:
  sec: 6
  nanosec: 584000000
estimated_time_remaining:
  sec: 8
  nanosec: 298525062
number_of_recoveries: 0
distance_remaining: 2.049999952316284

Feedback:
    current_pose:
  header:
    stamp:
      sec: 309
      nanosec: 560000000
    frame_id: map
  pose:
    position:
      x: 1.4585827481177382
      y: -0.0020168490527576674
      z: 0.0
    orientation:
      x: 0.0
      y: 0.0
      z: 0.004423938175877344
      w: 0.9999902143376284
navigation_time:
  sec: 6
  nanosec: 596000000
estimated_time_remaining:
  sec: 8
  nanosec: 298525062
number_of_recoveries: 0
distance_remaining: 2.049999952316284

Feedback:
    current_pose:
  header:
    stamp:
      sec: 309
      nanosec: 560000000
    frame_id: map
  pose:
    position:
      x: 1.4585827481177382
      y: -0.0020168490527576674
      z: 0.0
    orientation:
      x: 0.0
      y: 0.0
      z: 0.004423938175877344
      w: 0.9999902143376284
navigation_time:
  sec: 6
  nanosec: 600000000
estimated_time_remaining:
  sec: 8
  nanosec: 268224944
number_of_recoveries: 0
distance_remaining: 2.049999952316284

Feedback:
    current_pose:
  header:
    stamp:
      sec: 309
      nanosec: 580000000
    frame_id: map
  pose:
    position:
      x: 1.4636962284585038
      y: -0.001970493074486143
      z: 0.0
    orientation:
      x: 0.0
      y: 0.0
      z: 0.004641228084561489
      w: 0.9999892294429311
navigation_time:
  sec: 6
  nanosec: 612000000
estimated_time_remaining:
  sec: 8
  nanosec: 268224944
number_of_recoveries: 0
distance_remaining: 2.049999952316284

Feedback:
    current_pose:
  header:
    stamp:
      sec: 309
      nanosec: 600000000
    frame_id: map
  pose:
    position:
      x: 1.4688243471086302
      y: -0.0019217957563678594
      z: 0.0
    orientation:
      x: 0.0
      y: 0.0
      z: 0.004847807386286645
      w: 0.9999882493127336
navigation_time:
  sec: 6
  nanosec: 620000000
estimated_time_remaining:
  sec: 8
  nanosec: 268224944
number_of_recoveries: 0
distance_remaining: 2.049999952316284

Feedback:
    current_pose:
  header:
    stamp:
      sec: 309
      nanosec: 600000000
    frame_id: map
  pose:
    position:
      x: 1.4688243471086302
      y: -0.0019217957563678594
      z: 0.0
    orientation:
      x: 0.0
      y: 0.0
      z: 0.004847807386286645
      w: 0.9999882493127336
navigation_time:
  sec: 6
  nanosec: 632000000
estimated_time_remaining:
  sec: 8
  nanosec: 237602550
number_of_recoveries: 0
distance_remaining: 2.049999952316284

Feedback:
    current_pose:
  header:
    stamp:
      sec: 309
      nanosec: 600000000
    frame_id: map
  pose:
    position:
      x: 1.4688243471086302
      y: -0.0019217957563678594
      z: 0.0
    orientation:
      x: 0.0
      y: 0.0
      z: 0.004847807386286645
      w: 0.9999882493127336
navigation_time:
  sec: 6
  nanosec: 640000000
estimated_time_remaining:
  sec: 8
  nanosec: 237602550
number_of_recoveries: 0
distance_remaining: 2.049999952316284

Feedback:
    current_pose:
  header:
    stamp:
      sec: 309
      nanosec: 620000000
    frame_id: map
  pose:
    position:
      x: 1.4733396250989754
      y: -0.001981686418953986
      z: 0.0
    orientation:
      x: 0.0
      y: 0.0
      z: 0.004801462115370312
      w: 0.9999884729143405
navigation_time:
  sec: 6
  nanosec: 652000000
estimated_time_remaining:
  sec: 8
  nanosec: 207128986
number_of_recoveries: 0
distance_remaining: 2.049999952316284

Feedback:
    current_pose:
  header:
    stamp:
      sec: 309
      nanosec: 640000000
    frame_id: map
  pose:
    position:
      x: 1.4778545944645054
      y: -0.002044491000435007
      z: 0.0
    orientation:
      x: 0.0
      y: 0.0
      z: 0.004755116834137287
      w: 0.9999886943680382
navigation_time:
  sec: 6
  nanosec: 664000000
estimated_time_remaining:
  sec: 7
  nanosec: 976588900
number_of_recoveries: 0
distance_remaining: 2.0

Feedback:
    current_pose:
  header:
    stamp:
      sec: 309
      nanosec: 640000000
    frame_id: map
  pose:
    position:
      x: 1.4778545944645054
      y: -0.002044491000435007
      z: 0.0
    orientation:
      x: 0.0
      y: 0.0
      z: 0.004755116834137287
      w: 0.9999886943680382
navigation_time:
  sec: 6
  nanosec: 672000000
estimated_time_remaining:
  sec: 7
  nanosec: 976588900
number_of_recoveries: 0
distance_remaining: 2.0

Feedback:
    current_pose:
  header:
    stamp:
      sec: 309
      nanosec: 640000000
    frame_id: map
  pose:
    position:
      x: 1.4778545944645054
      y: -0.002044491000435007
      z: 0.0
    orientation:
      x: 0.0
      y: 0.0
      z: 0.004755116834137287
      w: 0.9999886943680382
navigation_time:
  sec: 6
  nanosec: 680000000
estimated_time_remaining:
  sec: 7
  nanosec: 976588900
number_of_recoveries: 0
distance_remaining: 2.0

Feedback:
    current_pose:
  header:
    stamp:
      sec: 309
      nanosec: 660000000
    frame_id: map
  pose:
    position:
      x: 1.4823698504486362
      y: -0.002110222118305088
      z: 0.0
    orientation:
      x: 0.0
      y: 0.0
      z: 0.004704332910223689
      w: 0.9999889345647128
navigation_time:
  sec: 6
  nanosec: 692000000
estimated_time_remaining:
  sec: 7
  nanosec: 944137129
number_of_recoveries: 0
distance_remaining: 2.0

Feedback:
    current_pose:
  header:
    stamp:
      sec: 309
      nanosec: 660000000
    frame_id: map
  pose:
    position:
      x: 1.4823698504486362
      y: -0.002110222118305088
      z: 0.0
    orientation:
      x: 0.0
      y: 0.0
      z: 0.004704332910223689
      w: 0.9999889345647128
navigation_time:
  sec: 6
  nanosec: 700000000
estimated_time_remaining:
  sec: 7
  nanosec: 944137129
number_of_recoveries: 0
distance_remaining: 2.0

Feedback:
    current_pose:
  header:
    stamp:
      sec: 309
      nanosec: 680000000
    frame_id: map
  pose:
    position:
      x: 1.4868849445876757
      y: -0.0021789218751899504
      z: 0.0
    orientation:
      x: 0.0
      y: 0.0
      z: 0.004652439313581809
      w: 0.9999891773456518
navigation_time:
  sec: 6
  nanosec: 708000000
estimated_time_remaining:
  sec: 7
  nanosec: 910099135
number_of_recoveries: 0
distance_remaining: 2.0

Feedback:
    current_pose:
  header:
    stamp:
      sec: 309
      nanosec: 680000000
    frame_id: map
  pose:
    position:
      x: 1.4868849445876757
      y: -0.0021789218751899504
      z: 0.0
    orientation:
      x: 0.0
      y: 0.0
      z: 0.004652439313581809
      w: 0.9999891773456518
navigation_time:
  sec: 6
  nanosec: 716000000
estimated_time_remaining:
  sec: 7
  nanosec: 910099135
number_of_recoveries: 0
distance_remaining: 2.0

Feedback:
    current_pose:
  header:
    stamp:
      sec: 309
      nanosec: 700000000
    frame_id: map
  pose:
    position:
      x: 1.491479559793738
      y: -0.0022498119925521767
      z: 0.0
    orientation:
      x: 0.0
      y: 0.0
      z: 0.0046174581069479215
      w: 0.9999893394834921
navigation_time:
  sec: 6
  nanosec: 724000000
estimated_time_remaining:
  sec: 7
  nanosec: 875670080
number_of_recoveries: 0
distance_remaining: 2.0

Feedback:
    current_pose:
  header:
    stamp:
      sec: 309
      nanosec: 700000000
    frame_id: map
  pose:
    position:
      x: 1.491479559793738
      y: -0.0022498119925521767
      z: 0.0
    orientation:
      x: 0.0
      y: 0.0
      z: 0.0046174581069479215
      w: 0.9999893394834921
navigation_time:
  sec: 6
  nanosec: 736000000
estimated_time_remaining:
  sec: 7
  nanosec: 875670080
number_of_recoveries: 0
distance_remaining: 2.0

Feedback:
    current_pose:
  header:
    stamp:
      sec: 309
      nanosec: 720000000
    frame_id: map
  pose:
    position:
      x: 1.4961536119185241
      y: -0.002322739887065082
      z: 0.0
    orientation:
      x: 0.0
      y: 0.0
      z: 0.004593751845000809
      w: 0.9999894486663279
navigation_time:
  sec: 6
  nanosec: 744000000
estimated_time_remaining:
  sec: 7
  nanosec: 839868831
number_of_recoveries: 0
distance_remaining: 2.0

Feedback:
    current_pose:
  header:
    stamp:
      sec: 309
      nanosec: 720000000
    frame_id: map
  pose:
    position:
      x: 1.4961536119185241
      y: -0.002322739887065082
      z: 0.0
    orientation:
      x: 0.0
      y: 0.0
      z: 0.004593751845000809
      w: 0.9999894486663279
navigation_time:
  sec: 6
  nanosec: 752000000
estimated_time_remaining:
  sec: 7
  nanosec: 839868831
number_of_recoveries: 0
distance_remaining: 2.0

Feedback:
    current_pose:
  header:
    stamp:
      sec: 309
      nanosec: 720000000
    frame_id: map
  pose:
    position:
      x: 1.4961536119185241
      y: -0.002322739887065082
      z: 0.0
    orientation:
      x: 0.0
      y: 0.0
      z: 0.004593751845000809
      w: 0.9999894486663279
navigation_time:
  sec: 6
  nanosec: 760000000
estimated_time_remaining:
  sec: 7
  nanosec: 839868831
number_of_recoveries: 0
distance_remaining: 2.0

Feedback:
    current_pose:
  header:
    stamp:
      sec: 309
      nanosec: 740000000
    frame_id: map
  pose:
    position:
      x: 1.5008105665837255
      y: -0.0023986072991833175
      z: 0.0
    orientation:
      x: 0.0
      y: 0.0
      z: 0.004547749705834962
      w: 0.9999896589328378
navigation_time:
  sec: 6
  nanosec: 768000000
estimated_time_remaining:
  sec: 7
  nanosec: 805433279
number_of_recoveries: 0
distance_remaining: 2.0

Feedback:
    current_pose:
  header:
    stamp:
      sec: 309
      nanosec: 740000000
    frame_id: map
  pose:
    position:
      x: 1.5008105665837255
      y: -0.0023986072991833175
      z: 0.0
    orientation:
      x: 0.0
      y: 0.0
      z: 0.004547749705834962
      w: 0.9999896589328378
navigation_time:
  sec: 6
  nanosec: 780000000
estimated_time_remaining:
  sec: 7
  nanosec: 805433279
number_of_recoveries: 0
distance_remaining: 2.0

Feedback:
    current_pose:
  header:
    stamp:
      sec: 309
      nanosec: 760000000
    frame_id: map
  pose:
    position:
      x: 1.505400087101915
      y: -0.002478614953280101
      z: 0.0
    orientation:
      x: 0.0
      y: 0.0
      z: 0.004412563996220566
      w: 0.9999902645921004
navigation_time:
  sec: 6
  nanosec: 788000000
estimated_time_remaining:
  sec: 7
  nanosec: 777305177
number_of_recoveries: 0
distance_remaining: 2.0

Feedback:
    current_pose:
  header:
    stamp:
      sec: 309
      nanosec: 760000000
    frame_id: map
  pose:
    position:
      x: 1.505400087101915
      y: -0.002478614953280101
      z: 0.0
    orientation:
      x: 0.0
      y: 0.0
      z: 0.004412563996220566
      w: 0.9999902645921004
navigation_time:
  sec: 6
  nanosec: 796000000
estimated_time_remaining:
  sec: 7
  nanosec: 777305177
number_of_recoveries: 0
distance_remaining: 2.0

Feedback:
    current_pose:
  header:
    stamp:
      sec: 309
      nanosec: 780000000
    frame_id: map
  pose:
    position:
      x: 1.509973055855775
      y: -0.002562637918670514
      z: 0.0
    orientation:
      x: 0.0
      y: 0.0
      z: 0.004285296150038139
      w: 0.9999908180762994
navigation_time:
  sec: 6
  nanosec: 808000000
estimated_time_remaining:
  sec: 7
  nanosec: 756180739
number_of_recoveries: 0
distance_remaining: 2.0

Feedback:
    current_pose:
  header:
    stamp:
      sec: 309
      nanosec: 780000000
    frame_id: map
  pose:
    position:
      x: 1.509973055855775
      y: -0.002562637918670514
      z: 0.0
    orientation:
      x: 0.0
      y: 0.0
      z: 0.004285296150038139
      w: 0.9999908180762994
navigation_time:
  sec: 6
  nanosec: 816000000
estimated_time_remaining:
  sec: 7
  nanosec: 756180739
number_of_recoveries: 0
distance_remaining: 2.0

Feedback:
    current_pose:
  header:
    stamp:
      sec: 309
      nanosec: 800000000
    frame_id: map
  pose:
    position:
      x: 1.5144807445211088
      y: -0.0026507867414130963
      z: 0.0
    orientation:
      x: 0.0
      y: 0.0
      z: 0.004189700186526663
      w: 0.9999912231676571
navigation_time:
  sec: 6
  nanosec: 828000000
estimated_time_remaining:
  sec: 7
  nanosec: 648743351
number_of_recoveries: 0
distance_remaining: 1.9749999046325684

Feedback:
    current_pose:
  header:
    stamp:
      sec: 309
      nanosec: 800000000
    frame_id: map
  pose:
    position:
      x: 1.5144807445211088
      y: -0.0026507867414130963
      z: 0.0
    orientation:
      x: 0.0
      y: 0.0
      z: 0.004189700186526663
      w: 0.9999912231676571
navigation_time:
  sec: 6
  nanosec: 836000000
estimated_time_remaining:
  sec: 7
  nanosec: 648743351
number_of_recoveries: 0
distance_remaining: 1.9749999046325684

Feedback:
    current_pose:
  header:
    stamp:
      sec: 309
      nanosec: 820000000
    frame_id: map
  pose:
    position:
      x: 1.5196261200068202
      y: -0.0026069435324040796
      z: 0.0
    orientation:
      x: 0.0
      y: 0.0
      z: 0.004330963728601193
      w: 0.999990621332611
navigation_time:
  sec: 6
  nanosec: 848000000
estimated_time_remaining:
  sec: 7
  nanosec: 645754029
number_of_recoveries: 0
distance_remaining: 1.9749999046325684

Feedback:
    current_pose:
  header:
    stamp:
      sec: 309
      nanosec: 820000000
    frame_id: map
  pose:
    position:
      x: 1.5196261200068202
      y: -0.0026069435324040796
      z: 0.0
    orientation:
      x: 0.0
      y: 0.0
      z: 0.004330963728601193
      w: 0.999990621332611
navigation_time:
  sec: 6
  nanosec: 856000000
estimated_time_remaining:
  sec: 7
  nanosec: 645754029
number_of_recoveries: 0
distance_remaining: 1.9749999046325684

Feedback:
    current_pose:
  header:
    stamp:
      sec: 309
      nanosec: 840000000
    frame_id: map
  pose:
    position:
      x: 1.5247656601753803
      y: -0.0025618533847701006
      z: 0.0
    orientation:
      x: 0.0
      y: 0.0
      z: 0.004421867499419373
      w: 0.9999902234961188
navigation_time:
  sec: 6
  nanosec: 864000000
estimated_time_remaining:
  sec: 7
  nanosec: 641753144
number_of_recoveries: 0
distance_remaining: 1.9749999046325684

Feedback:
    current_pose:
  header:
    stamp:
      sec: 309
      nanosec: 840000000
    frame_id: map
  pose:
    position:
      x: 1.5247656601753803
      y: -0.0025618533847701006
      z: 0.0
    orientation:
      x: 0.0
      y: 0.0
      z: 0.004421867499419373
      w: 0.9999902234961188
navigation_time:
  sec: 6
  nanosec: 876000000
estimated_time_remaining:
  sec: 7
  nanosec: 641753144
number_of_recoveries: 0
distance_remaining: 1.9749999046325684

Feedback:
    current_pose:
  header:
    stamp:
      sec: 309
      nanosec: 860000000
    frame_id: map
  pose:
    position:
      x: 1.5299013117970137
      y: -0.002516139254688011
      z: 0.0
    orientation:
      x: 0.0
      y: 0.0
      z: 0.004479198073720405
      w: 0.9999899683419912
navigation_time:
  sec: 6
  nanosec: 884000000
estimated_time_remaining:
  sec: 7
  nanosec: 636923032
number_of_recoveries: 0
distance_remaining: 1.9749999046325684

Feedback:
    current_pose:
  header:
    stamp:
      sec: 309
      nanosec: 860000000
    frame_id: map
  pose:
    position:
      x: 1.5299013117970137
      y: -0.002516139254688011
      z: 0.0
    orientation:
      x: 0.0
      y: 0.0
      z: 0.004479198073720405
      w: 0.9999899683419912
navigation_time:
  sec: 6
  nanosec: 896000000
estimated_time_remaining:
  sec: 7
  nanosec: 636923032
number_of_recoveries: 0
distance_remaining: 1.9749999046325684

Feedback:
    current_pose:
  header:
    stamp:
      sec: 309
      nanosec: 880000000
    frame_id: map
  pose:
    position:
      x: 1.5350195437935241
      y: -0.002469992046599385
      z: 0.0
    orientation:
      x: 0.0
      y: 0.0
      z: 0.004538528359105767
      w: 0.9999897008271303
navigation_time:
  sec: 6
  nanosec: 904000000
estimated_time_remaining:
  sec: 7
  nanosec: 633600632
number_of_recoveries: 0
distance_remaining: 1.9749999046325684

Feedback:
    current_pose:
  header:
    stamp:
      sec: 309
      nanosec: 880000000
    frame_id: map
  pose:
    position:
      x: 1.5350195437935241
      y: -0.002469992046599385
      z: 0.0
    orientation:
      x: 0.0
      y: 0.0
      z: 0.004538528359105767
      w: 0.9999897008271303
navigation_time:
  sec: 6
  nanosec: 916000000
estimated_time_remaining:
  sec: 7
  nanosec: 633600632
number_of_recoveries: 0
distance_remaining: 1.9749999046325684

Feedback:
    current_pose:
  header:
    stamp:
      sec: 309
      nanosec: 900000000
    frame_id: map
  pose:
    position:
      x: 1.5400681125459832
      y: -0.0024238245379255598
      z: 0.0
    orientation:
      x: 0.0
      y: 0.0
      z: 0.004605857546301887
      w: 0.9999893929818771
navigation_time:
  sec: 6
  nanosec: 924000000
estimated_time_remaining:
  sec: 7
  nanosec: 538941480
number_of_recoveries: 0
distance_remaining: 1.9499999284744263

Feedback:
    current_pose:
  header:
    stamp:
      sec: 309
      nanosec: 900000000
    frame_id: map
  pose:
    position:
      x: 1.5400681125459832
      y: -0.0024238245379255598
      z: 0.0
    orientation:
      x: 0.0
      y: 0.0
      z: 0.004605857546301887
      w: 0.9999893929818771
navigation_time:
  sec: 6
  nanosec: 936000000
estimated_time_remaining:
  sec: 7
  nanosec: 538941480
number_of_recoveries: 0
distance_remaining: 1.9499999284744263

Feedback:
    current_pose:
  header:
    stamp:
      sec: 309
      nanosec: 920000000
    frame_id: map
  pose:
    position:
      x: 1.5451166750357617
      y: -0.0023769771905014156
      z: 0.0
    orientation:
      x: 0.0
      y: 0.0
      z: 0.0046731867126716346
      w: 0.9999890806033577
navigation_time:
  sec: 6
  nanosec: 944000000
estimated_time_remaining:
  sec: 7
  nanosec: 545527078
number_of_recoveries: 0
distance_remaining: 1.9499999284744263

Feedback:
    current_pose:
  header:
    stamp:
      sec: 309
      nanosec: 920000000
    frame_id: map
  pose:
    position:
      x: 1.5451166750357617
      y: -0.0023769771905014156
      z: 0.0
    orientation:
      x: 0.0
      y: 0.0
      z: 0.0046731867126716346
      w: 0.9999890806033577
navigation_time:
  sec: 6
  nanosec: 952000000
estimated_time_remaining:
  sec: 7
  nanosec: 545527078
number_of_recoveries: 0
distance_remaining: 1.9499999284744263

Feedback:
    current_pose:
  header:
    stamp:
      sec: 309
      nanosec: 920000000
    frame_id: map
  pose:
    position:
      x: 1.5451166750357617
      y: -0.0023769771905014156
      z: 0.0
    orientation:
      x: 0.0
      y: 0.0
      z: 0.0046731867126716346
      w: 0.9999890806033577
navigation_time:
  sec: 6
  nanosec: 960000000
estimated_time_remaining:
  sec: 7
  nanosec: 545527078
number_of_recoveries: 0
distance_remaining: 1.9499999284744263

Feedback:
    current_pose:
  header:
    stamp:
      sec: 309
      nanosec: 940000000
    frame_id: map
  pose:
    position:
      x: 1.5501867059347338
      y: -0.0023293408282986823
      z: 0.0
    orientation:
      x: 0.0
      y: 0.0
      z: 0.0047175455480410935
      w: 0.9999888723200884
navigation_time:
  sec: 6
  nanosec: 968000000
estimated_time_remaining:
  sec: 7
  nanosec: 552817705
number_of_recoveries: 0
distance_remaining: 1.9499999284744263

Feedback:
    current_pose:
  header:
    stamp:
      sec: 309
      nanosec: 940000000
    frame_id: map
  pose:
    position:
      x: 1.5501867059347338
      y: -0.0023293408282986823
      z: 0.0
    orientation:
      x: 0.0
      y: 0.0
      z: 0.0047175455480410935
      w: 0.9999888723200884
navigation_time:
  sec: 6
  nanosec: 976000000
estimated_time_remaining:
  sec: 7
  nanosec: 552817705
number_of_recoveries: 0
distance_remaining: 1.9499999284744263

Feedback:
    current_pose:
  header:
    stamp:
      sec: 309
      nanosec: 960000000
    frame_id: map
  pose:
    position:
      x: 1.5552621015550616
      y: -0.0022812563971970727
      z: 0.0
    orientation:
      x: 0.0
      y: 0.0
      z: 0.004756161786030203
      w: 0.9999886893985676
navigation_time:
  sec: 6
  nanosec: 984000000
estimated_time_remaining:
  sec: 7
  nanosec: 559900118
number_of_recoveries: 0
distance_remaining: 1.9499999284744263

Feedback:
    current_pose:
  header:
    stamp:
      sec: 309
      nanosec: 960000000
    frame_id: map
  pose:
    position:
      x: 1.5552621015550616
      y: -0.0022812563971970727
      z: 0.0
    orientation:
      x: 0.0
      y: 0.0
      z: 0.004756161786030203
      w: 0.9999886893985676
navigation_time:
  sec: 6
  nanosec: 996000000
estimated_time_remaining:
  sec: 7
  nanosec: 559900118
number_of_recoveries: 0
distance_remaining: 1.9499999284744263

Feedback:
    current_pose:
  header:
    stamp:
      sec: 309
      nanosec: 980000000
    frame_id: map
  pose:
    position:
      x: 1.5603685426243603
      y: -0.002232574040102759
      z: 0.0
    orientation:
      x: 0.0
      y: 0.0
      z: 0.00477257193712352
      w: 0.9999886112137003
navigation_time:
  sec: 7
  nanosec: 4000000
estimated_time_remaining:
  sec: 7
  nanosec: 565352640
number_of_recoveries: 0
distance_remaining: 1.9499999284744263

Feedback:
    current_pose:
  header:
    stamp:
      sec: 309
      nanosec: 980000000
    frame_id: map
  pose:
    position:
      x: 1.5603685426243603
      y: -0.002232574040102759
      z: 0.0
    orientation:
      x: 0.0
      y: 0.0
      z: 0.00477257193712352
      w: 0.9999886112137003
navigation_time:
  sec: 7
  nanosec: 12000000
estimated_time_remaining:
  sec: 7
  nanosec: 565352640
number_of_recoveries: 0
distance_remaining: 1.9499999284744263

Feedback:
    current_pose:
  header:
    stamp:
      sec: 309
      nanosec: 980000000
    frame_id: map
  pose:
    position:
      x: 1.5603685426243603
      y: -0.002232574040102759
      z: 0.0
    orientation:
      x: 0.0
      y: 0.0
      z: 0.00477257193712352
      w: 0.9999886112137003
navigation_time:
  sec: 7
  nanosec: 20000000
estimated_time_remaining:
  sec: 7
  nanosec: 565352640
number_of_recoveries: 0
distance_remaining: 1.9499999284744263

Feedback:
    current_pose:
  header:
    stamp:
      sec: 310
      nanosec: 0
    frame_id: map
  pose:
    position:
      x: 1.5654827446598847
      y: -0.0021837010390735635
      z: 0.0
    orientation:
      x: 0.0
      y: 0.0
      z: 0.00478343055592623
      w: 0.9999885593306139
navigation_time:
  sec: 7
  nanosec: 28000000
estimated_time_remaining:
  sec: 7
  nanosec: 472025845
number_of_recoveries: 0
distance_remaining: 1.9249999523162842

Feedback:
    current_pose:
  header:
    stamp:
      sec: 310
      nanosec: 0
    frame_id: map
  pose:
    position:
      x: 1.5654827446598847
      y: -0.0021837010390735635
      z: 0.0
    orientation:
      x: 0.0
      y: 0.0
      z: 0.00478343055592623
      w: 0.9999885593306139
navigation_time:
  sec: 7
  nanosec: 40000000
estimated_time_remaining:
  sec: 7
  nanosec: 472025845
number_of_recoveries: 0
distance_remaining: 1.9249999523162842

Feedback:
    current_pose:
  header:
    stamp:
      sec: 310
      nanosec: 20000000
    frame_id: map
  pose:
    position:
      x: 1.5704990617285282
      y: -0.0019158310884823115
      z: 0.0
    orientation:
      x: 0.0
      y: 0.0
      z: 0.004779510127031921
      w: 0.9999885780762428
navigation_time:
  sec: 7
  nanosec: 48000000
estimated_time_remaining:
  sec: 7
  nanosec: 480253542
number_of_recoveries: 0
distance_remaining: 1.9249999523162842

Feedback:
    current_pose:
  header:
    stamp:
      sec: 310
      nanosec: 20000000
    frame_id: map
  pose:
    position:
      x: 1.5704990617285282
      y: -0.0019158310884823115
      z: 0.0
    orientation:
      x: 0.0
      y: 0.0
      z: 0.004779510127031921
      w: 0.9999885780762428
navigation_time:
  sec: 7
  nanosec: 60000000
estimated_time_remaining:
  sec: 7
  nanosec: 480253542
number_of_recoveries: 0
distance_remaining: 1.9249999523162842

Feedback:
    current_pose:
  header:
    stamp:
      sec: 310
      nanosec: 40000000
    frame_id: map
  pose:
    position:
      x: 1.5754965389536673
      y: -0.0016485874152398147
      z: 0.0
    orientation:
      x: 0.0
      y: 0.0
      z: 0.004811827639368118
      w: 0.999988423090372
navigation_time:
  sec: 7
  nanosec: 68000000
estimated_time_remaining:
  sec: 7
  nanosec: 497916454
number_of_recoveries: 0
distance_remaining: 1.9249999523162842

Feedback:
    current_pose:
  header:
    stamp:
      sec: 310
      nanosec: 40000000
    frame_id: map
  pose:
    position:
      x: 1.5754965389536673
      y: -0.0016485874152398147
      z: 0.0
    orientation:
      x: 0.0
      y: 0.0
      z: 0.004811827639368118
      w: 0.999988423090372
navigation_time:
  sec: 7
  nanosec: 80000000
estimated_time_remaining:
  sec: 7
  nanosec: 497916454
number_of_recoveries: 0
distance_remaining: 1.9249999523162842

Feedback:
    current_pose:
  header:
    stamp:
      sec: 310
      nanosec: 60000000
    frame_id: map
  pose:
    position:
      x: 1.5804939890251817
      y: -0.0013817164916147852
      z: 0.0
    orientation:
      x: 0.0
      y: 0.0
      z: 0.0048441451467695264
      w: 0.9999882670600676
navigation_time:
  sec: 7
  nanosec: 88000000
estimated_time_remaining:
  sec: 7
  nanosec: 519414739
number_of_recoveries: 0
distance_remaining: 1.9249999523162842

Feedback:
    current_pose:
  header:
    stamp:
      sec: 310
      nanosec: 60000000
    frame_id: map
  pose:
    position:
      x: 1.5804939890251817
      y: -0.0013817164916147852
      z: 0.0
    orientation:
      x: 0.0
      y: 0.0
      z: 0.0048441451467695264
      w: 0.9999882670600676
navigation_time:
  sec: 7
  nanosec: 96000000
estimated_time_remaining:
  sec: 7
  nanosec: 519414739
number_of_recoveries: 0
distance_remaining: 1.9249999523162842

Feedback:
    current_pose:
  header:
    stamp:
      sec: 310
      nanosec: 80000000
    frame_id: map
  pose:
    position:
      x: 1.5854218164642773
      y: -0.0011154523292552128
      z: 0.0
    orientation:
      x: 0.0
      y: 0.0
      z: 0.004964037240735476
      w: 0.999987679091234
navigation_time:
  sec: 7
  nanosec: 104000000
estimated_time_remaining:
  sec: 7
  nanosec: 540376085
number_of_recoveries: 0
distance_remaining: 1.9249999523162842

Feedback:
    current_pose:
  header:
    stamp:
      sec: 310
      nanosec: 80000000
    frame_id: map
  pose:
    position:
      x: 1.5854218164642773
      y: -0.0011154523292552128
      z: 0.0
    orientation:
      x: 0.0
      y: 0.0
      z: 0.004964037240735476
      w: 0.999987679091234
navigation_time:
  sec: 7
  nanosec: 112000000
estimated_time_remaining:
  sec: 7
  nanosec: 540376085
number_of_recoveries: 0
distance_remaining: 1.9249999523162842

Feedback:
    current_pose:
  header:
    stamp:
      sec: 310
      nanosec: 100000000
    frame_id: map
  pose:
    position:
      x: 1.5903496079292145
      y: -0.0008486804550508903
      z: 0.0
    orientation:
      x: 0.0
      y: 0.0
      z: 0.00508392929128239
      w: 0.9999870767479755
navigation_time:
  sec: 7
  nanosec: 124000000
estimated_time_remaining:
  sec: 7
  nanosec: 462623087
number_of_recoveries: 0
distance_remaining: 1.899999976158142

Feedback:
    current_pose:
  header:
    stamp:
      sec: 310
      nanosec: 100000000
    frame_id: map
  pose:
    position:
      x: 1.5903496079292145
      y: -0.0008486804550508903
      z: 0.0
    orientation:
      x: 0.0
      y: 0.0
      z: 0.00508392929128239
      w: 0.9999870767479755
navigation_time:
  sec: 7
  nanosec: 132000000
estimated_time_remaining:
  sec: 7
  nanosec: 462623087
number_of_recoveries: 0
distance_remaining: 1.899999976158142

Feedback:
    current_pose:
  header:
    stamp:
      sec: 310
      nanosec: 100000000
    frame_id: map
  pose:
    position:
      x: 1.5903496079292145
      y: -0.0008486804550508903
      z: 0.0
    orientation:
      x: 0.0
      y: 0.0
      z: 0.00508392929128239
      w: 0.9999870767479755
navigation_time:
  sec: 7
  nanosec: 136000000
estimated_time_remaining:
  sec: 7
  nanosec: 462623087
number_of_recoveries: 0
distance_remaining: 1.899999976158142

Feedback:
    current_pose:
  header:
    stamp:
      sec: 310
      nanosec: 120000000
    frame_id: map
  pose:
    position:
      x: 1.595305581353199
      y: -0.0005811513967185489
      z: 0.0
    orientation:
      x: 0.0
      y: 0.0
      z: 0.005193897948778446
      w: 0.9999865116210805
navigation_time:
  sec: 7
  nanosec: 148000000
estimated_time_remaining:
  sec: 7
  nanosec: 477871209
number_of_recoveries: 0
distance_remaining: 1.899999976158142

Feedback:
    current_pose:
  header:
    stamp:
      sec: 310
      nanosec: 120000000
    frame_id: map
  pose:
    position:
      x: 1.595305581353199
      y: -0.0005811513967185489
      z: 0.0
    orientation:
      x: 0.0
      y: 0.0
      z: 0.005193897948778446
      w: 0.9999865116210805
navigation_time:
  sec: 7
  nanosec: 156000000
estimated_time_remaining:
  sec: 7
  nanosec: 477871209
number_of_recoveries: 0
distance_remaining: 1.899999976158142

Feedback:
    current_pose:
  header:
    stamp:
      sec: 310
      nanosec: 140000000
    frame_id: map
  pose:
    position:
      x: 1.600268574051405
      y: -0.00031316140354150854
      z: 0.0
    orientation:
      x: 0.0
      y: 0.0
      z: 0.005301385709799221
      w: 0.9999859475560423
navigation_time:
  sec: 7
  nanosec: 168000000
estimated_time_remaining:
  sec: 7
  nanosec: 488556075
number_of_recoveries: 0
distance_remaining: 1.899999976158142

Feedback:
    current_pose:
  header:
    stamp:
      sec: 310
      nanosec: 140000000
    frame_id: map
  pose:
    position:
      x: 1.600268574051405
      y: -0.00031316140354150854
      z: 0.0
    orientation:
      x: 0.0
      y: 0.0
      z: 0.005301385709799221
      w: 0.9999859475560423
navigation_time:
  sec: 7
  nanosec: 180000000
estimated_time_remaining:
  sec: 7
  nanosec: 488556075
number_of_recoveries: 0
distance_remaining: 1.899999976158142

Feedback:
    current_pose:
  header:
    stamp:
      sec: 310
      nanosec: 160000000
    frame_id: map
  pose:
    position:
      x: 1.6052663369161497
      y: -4.444084075682156e-05
      z: 0.0
    orientation:
      x: 0.0
      y: 0.0
      z: 0.0053942140032788525
      w: 0.9999854511218085
navigation_time:
  sec: 7
  nanosec: 188000000
estimated_time_remaining:
  sec: 7
  nanosec: 497066712
number_of_recoveries: 0
distance_remaining: 1.899999976158142

Feedback:
    current_pose:
  header:
    stamp:
      sec: 310
      nanosec: 160000000
    frame_id: map
  pose:
    position:
      x: 1.6052663369161497
      y: -4.444084075682156e-05
      z: 0.0
    orientation:
      x: 0.0
      y: 0.0
      z: 0.0053942140032788525
      w: 0.9999854511218085
navigation_time:
  sec: 7
  nanosec: 196000000
estimated_time_remaining:
  sec: 7
  nanosec: 497066712
number_of_recoveries: 0
distance_remaining: 1.899999976158142

Feedback:
    current_pose:
  header:
    stamp:
      sec: 310
      nanosec: 180000000
    frame_id: map
  pose:
    position:
      x: 1.6103232928391389
      y: 0.00022499986661922433
      z: 0.0
    orientation:
      x: 0.0
      y: 0.0
      z: 0.005465053120133022
      w: 0.9999850664856922
navigation_time:
  sec: 7
  nanosec: 204000000
estimated_time_remaining:
  sec: 7
  nanosec: 500793656
number_of_recoveries: 0
distance_remaining: 1.899999976158142

Feedback:
    current_pose:
  header:
    stamp:
      sec: 310
      nanosec: 180000000
    frame_id: map
  pose:
    position:
      x: 1.6103232928391389
      y: 0.00022499986661922433
      z: 0.0
    orientation:
      x: 0.0
      y: 0.0
      z: 0.005465053120133022
      w: 0.9999850664856922
navigation_time:
  sec: 7
  nanosec: 216000000
estimated_time_remaining:
  sec: 7
  nanosec: 500793656
number_of_recoveries: 0
distance_remaining: 1.899999976158142

Feedback:
    current_pose:
  header:
    stamp:
      sec: 310
      nanosec: 200000000
    frame_id: map
  pose:
    position:
      x: 1.615389837753977
      y: 0.0004945713377674937
      z: 0.0
    orientation:
      x: 0.0
      y: 0.0
      z: 0.0055423038083493165
      w: 0.9999846413163033
navigation_time:
  sec: 7
  nanosec: 224000000
estimated_time_remaining:
  sec: 7
  nanosec: 401662674
number_of_recoveries: 0
distance_remaining: 1.8749998807907104

Feedback:
    current_pose:
  header:
    stamp:
      sec: 310
      nanosec: 200000000
    frame_id: map
  pose:
    position:
      x: 1.615389837753977
      y: 0.0004945713377674937
      z: 0.0
    orientation:
      x: 0.0
      y: 0.0
      z: 0.0055423038083493165
      w: 0.9999846413163033
navigation_time:
  sec: 7
  nanosec: 232000000
estimated_time_remaining:
  sec: 7
  nanosec: 401662674
number_of_recoveries: 0
distance_remaining: 1.8749998807907104

Feedback:
    current_pose:
  header:
    stamp:
      sec: 310
      nanosec: 200000000
    frame_id: map
  pose:
    position:
      x: 1.615389837753977
      y: 0.0004945713377674937
      z: 0.0
    orientation:
      x: 0.0
      y: 0.0
      z: 0.0055423038083493165
      w: 0.9999846413163033
navigation_time:
  sec: 7
  nanosec: 240000000
estimated_time_remaining:
  sec: 7
  nanosec: 401662674
number_of_recoveries: 0
distance_remaining: 1.8749998807907104

Feedback:
    current_pose:
  header:
    stamp:
      sec: 310
      nanosec: 220000000
    frame_id: map
  pose:
    position:
      x: 1.6205647314096254
      y: 0.0005528260224177892
      z: 0.0
    orientation:
      x: 0.0
      y: 0.0
      z: 0.00571433646056641
      w: 0.999983673046123
navigation_time:
  sec: 7
  nanosec: 248000000
estimated_time_remaining:
  sec: 7
  nanosec: 395060713
number_of_recoveries: 0
distance_remaining: 1.8749998807907104

Feedback:
    current_pose:
  header:
    stamp:
      sec: 310
      nanosec: 220000000
    frame_id: map
  pose:
    position:
      x: 1.6205647314096254
      y: 0.0005528260224177892
      z: 0.0
    orientation:
      x: 0.0
      y: 0.0
      z: 0.00571433646056641
      w: 0.999983673046123
navigation_time:
  sec: 7
  nanosec: 256000000
estimated_time_remaining:
  sec: 7
  nanosec: 395060713
number_of_recoveries: 0
distance_remaining: 1.8749998807907104

Feedback:
    current_pose:
  header:
    stamp:
      sec: 310
      nanosec: 240000000
    frame_id: map
  pose:
    position:
      x: 1.6257309995535616
      y: 0.0006127531414727508
      z: 0.0
    orientation:
      x: 0.0
      y: 0.0
      z: 0.005879475585539733
      w: 0.9999827157340466
navigation_time:
  sec: 7
  nanosec: 264000000
estimated_time_remaining:
  sec: 7
  nanosec: 383945121
number_of_recoveries: 0
distance_remaining: 1.8749998807907104

Feedback:
    current_pose:
  header:
    stamp:
      sec: 310
      nanosec: 240000000
    frame_id: map
  pose:
    position:
      x: 1.6257309995535616
      y: 0.0006127531414727508
      z: 0.0
    orientation:
      x: 0.0
      y: 0.0
      z: 0.005879475585539733
      w: 0.9999827157340466
navigation_time:
  sec: 7
  nanosec: 272000000
estimated_time_remaining:
  sec: 7
  nanosec: 383945121
number_of_recoveries: 0
distance_remaining: 1.8749998807907104

Feedback:
    current_pose:
  header:
    stamp:
      sec: 310
      nanosec: 240000000
    frame_id: map
  pose:
    position:
      x: 1.6257309995535616
      y: 0.0006127531414727508
      z: 0.0
    orientation:
      x: 0.0
      y: 0.0
      z: 0.005879475585539733
      w: 0.9999827157340466
navigation_time:
  sec: 7
  nanosec: 280000000
estimated_time_remaining:
  sec: 7
  nanosec: 383945121
number_of_recoveries: 0
distance_remaining: 1.8749998807907104

Feedback:
    current_pose:
  header:
    stamp:
      sec: 310
      nanosec: 260000000
    frame_id: map
  pose:
    position:
      x: 1.6308628287384752
      y: 0.0006738072734572831
      z: 0.0
    orientation:
      x: 0.0
      y: 0.0
      z: 0.006017041091703623
      w: 0.9999818974443991
navigation_time:
  sec: 7
  nanosec: 292000000
estimated_time_remaining:
  sec: 7
  nanosec: 375786038
number_of_recoveries: 0
distance_remaining: 1.8749998807907104

Feedback:
    current_pose:
  header:
    stamp:
      sec: 310
      nanosec: 260000000
    frame_id: map
  pose:
    position:
      x: 1.6308628287384752
      y: 0.0006738072734572831
      z: 0.0
    orientation:
      x: 0.0
      y: 0.0
      z: 0.006017041091703623
      w: 0.9999818974443991
navigation_time:
  sec: 7
  nanosec: 300000000
estimated_time_remaining:
  sec: 7
  nanosec: 375786038
number_of_recoveries: 0
distance_remaining: 1.8749998807907104

Feedback:
    current_pose:
  header:
    stamp:
      sec: 310
      nanosec: 280000000
    frame_id: map
  pose:
    position:
      x: 1.6359946409309662
      y: 0.0007362733534441793
      z: 0.0
    orientation:
      x: 0.0
      y: 0.0
      z: 0.006154606483246684
      w: 0.9999810602301609
navigation_time:
  sec: 7
  nanosec: 308000000
estimated_time_remaining:
  sec: 7
  nanosec: 370417426
number_of_recoveries: 0
distance_remaining: 1.8749998807907104

Feedback:
    current_pose:
  header:
    stamp:
      sec: 310
      nanosec: 280000000
    frame_id: map
  pose:
    position:
      x: 1.6359946409309662
      y: 0.0007362733534441793
      z: 0.0
    orientation:
      x: 0.0
      y: 0.0
      z: 0.006154606483246684
      w: 0.9999810602301609
navigation_time:
  sec: 7
  nanosec: 316000000
estimated_time_remaining:
  sec: 7
  nanosec: 370417426
number_of_recoveries: 0
distance_remaining: 1.8749998807907104

Feedback:
    current_pose:
  header:
    stamp:
      sec: 310
      nanosec: 300000000
    frame_id: map
  pose:
    position:
      x: 1.6411705766580238
      y: 0.0008005334853234715
      z: 0.0
    orientation:
      x: 0.0
      y: 0.0
      z: 0.006251560196097129
      w: 0.9999804588066281
navigation_time:
  sec: 7
  nanosec: 324000000
estimated_time_remaining:
  sec: 7
  nanosec: 266511394
number_of_recoveries: 0
distance_remaining: 1.8499999046325684

Feedback:
    current_pose:
  header:
    stamp:
      sec: 310
      nanosec: 300000000
    frame_id: map
  pose:
    position:
      x: 1.6411705766580238
      y: 0.0008005334853234715
      z: 0.0
    orientation:
      x: 0.0
      y: 0.0
      z: 0.006251560196097129
      w: 0.9999804588066281
navigation_time:
  sec: 7
  nanosec: 332000000
estimated_time_remaining:
  sec: 7
  nanosec: 266511394
number_of_recoveries: 0
distance_remaining: 1.8499999046325684

Feedback:
    current_pose:
  header:
    stamp:
      sec: 310
      nanosec: 320000000
    frame_id: map
  pose:
    position:
      x: 1.6463575357176476
      y: 0.0008658407728187462
      z: 0.0
    orientation:
      x: 0.0
      y: 0.0
      z: 0.006338360943924166
      w: 0.9999799123885161
navigation_time:
  sec: 7
  nanosec: 344000000
estimated_time_remaining:
  sec: 7
  nanosec: 260157675
number_of_recoveries: 0
distance_remaining: 1.8499999046325684

Feedback:
    current_pose:
  header:
    stamp:
      sec: 310
      nanosec: 320000000
    frame_id: map
  pose:
    position:
      x: 1.6463575357176476
      y: 0.0008658407728187462
      z: 0.0
    orientation:
      x: 0.0
      y: 0.0
      z: 0.006338360943924166
      w: 0.9999799123885161
navigation_time:
  sec: 7
  nanosec: 352000000
estimated_time_remaining:
  sec: 7
  nanosec: 260157675
number_of_recoveries: 0
distance_remaining: 1.8499999046325684

Feedback:
    current_pose:
  header:
    stamp:
      sec: 310
      nanosec: 340000000
    frame_id: map
  pose:
    position:
      x: 1.6514611694777226
      y: 0.0009305774811720902
      z: 0.0
    orientation:
      x: 0.0
      y: 0.0
      z: 0.006325291682494098
      w: 0.9999799951424684
navigation_time:
  sec: 7
  nanosec: 364000000
estimated_time_remaining:
  sec: 7
  nanosec: 256119207
number_of_recoveries: 0
distance_remaining: 1.8499999046325684

Feedback:
    current_pose:
  header:
    stamp:
      sec: 310
      nanosec: 340000000
    frame_id: map
  pose:
    position:
      x: 1.6514611694777226
      y: 0.0009305774811720902
      z: 0.0
    orientation:
      x: 0.0
      y: 0.0
      z: 0.006325291682494098
      w: 0.9999799951424684
navigation_time:
  sec: 7
  nanosec: 372000000
estimated_time_remaining:
  sec: 7
  nanosec: 256119207
number_of_recoveries: 0
distance_remaining: 1.8499999046325684

Feedback:
    current_pose:
  header:
    stamp:
      sec: 310
      nanosec: 340000000
    frame_id: map
  pose:
    position:
      x: 1.6514611694777226
      y: 0.0009305774811720902
      z: 0.0
    orientation:
      x: 0.0
      y: 0.0
      z: 0.006325291682494098
      w: 0.9999799951424684
navigation_time:
  sec: 7
  nanosec: 380000000
estimated_time_remaining:
  sec: 7
  nanosec: 256119207
number_of_recoveries: 0
distance_remaining: 1.8499999046325684

Feedback:
    current_pose:
  header:
    stamp:
      sec: 310
      nanosec: 360000000
    frame_id: map
  pose:
    position:
      x: 1.6565439780195508
      y: 0.0009946884650428763
      z: 0.0
    orientation:
      x: 0.0
      y: 0.0
      z: 0.006287254868798998
      w: 0.9999802350177801
navigation_time:
  sec: 7
  nanosec: 388000000
estimated_time_remaining:
  sec: 7
  nanosec: 254623429
number_of_recoveries: 0
distance_remaining: 1.8499999046325684

Feedback:
    current_pose:
  header:
    stamp:
      sec: 310
      nanosec: 360000000
    frame_id: map
  pose:
    position:
      x: 1.6565439780195508
      y: 0.0009946884650428763
      z: 0.0
    orientation:
      x: 0.0
      y: 0.0
      z: 0.006287254868798998
      w: 0.9999802350177801
navigation_time:
  sec: 7
  nanosec: 396000000
estimated_time_remaining:
  sec: 7
  nanosec: 254623429
number_of_recoveries: 0
distance_remaining: 1.8499999046325684

Feedback:
    current_pose:
  header:
    stamp:
      sec: 310
      nanosec: 380000000
    frame_id: map
  pose:
    position:
      x: 1.6616443866595483
      y: 0.0010587841137516922
      z: 0.0
    orientation:
      x: 0.0
      y: 0.0
      z: 0.006298442775514713
      w: 0.9999801646125805
navigation_time:
  sec: 7
  nanosec: 404000000
estimated_time_remaining:
  sec: 7
  nanosec: 252436018
number_of_recoveries: 0
distance_remaining: 1.8499999046325684

Feedback:
    current_pose:
  header:
    stamp:
      sec: 310
      nanosec: 380000000
    frame_id: map
  pose:
    position:
      x: 1.6616443866595483
      y: 0.0010587841137516922
      z: 0.0
    orientation:
      x: 0.0
      y: 0.0
      z: 0.006298442775514713
      w: 0.9999801646125805
navigation_time:
  sec: 7
  nanosec: 412000000
estimated_time_remaining:
  sec: 7
  nanosec: 252436018
number_of_recoveries: 0
distance_remaining: 1.8499999046325684

Feedback:
    current_pose:
  header:
    stamp:
      sec: 310
      nanosec: 380000000
    frame_id: map
  pose:
    position:
      x: 1.6616443866595483
      y: 0.0010587841137516922
      z: 0.0
    orientation:
      x: 0.0
      y: 0.0
      z: 0.006298442775514713
      w: 0.9999801646125805
navigation_time:
  sec: 7
  nanosec: 420000000
estimated_time_remaining:
  sec: 7
  nanosec: 252436018
number_of_recoveries: 0
distance_remaining: 1.8499999046325684

Feedback:
    current_pose:
  header:
    stamp:
      sec: 310
      nanosec: 400000000
    frame_id: map
  pose:
    position:
      x: 1.6667565218879785
      y: 0.0011234099253025105
      z: 0.0
    orientation:
      x: 0.0
      y: 0.0
      z: 0.006342447200117365
      w: 0.9999798864794799
navigation_time:
  sec: 7
  nanosec: 428000000
estimated_time_remaining:
  sec: 7
  nanosec: 147943554
number_of_recoveries: 0
distance_remaining: 1.8249999284744263

Feedback:
    current_pose:
  header:
    stamp:
      sec: 310
      nanosec: 400000000
    frame_id: map
  pose:
    position:
      x: 1.6667565218879785
      y: 0.0011234099253025105
      z: 0.0
    orientation:
      x: 0.0
      y: 0.0
      z: 0.006342447200117365
      w: 0.9999798864794799
navigation_time:
  sec: 7
  nanosec: 436000000
estimated_time_remaining:
  sec: 7
  nanosec: 147943554
number_of_recoveries: 0
distance_remaining: 1.8249999284744263

Feedback:
    current_pose:
  header:
    stamp:
      sec: 310
      nanosec: 420000000
    frame_id: map
  pose:
    position:
      x: 1.6713522418072662
      y: 0.0006103928141121436
      z: 0.0
    orientation:
      x: 0.0
      y: 0.0
      z: 0.006246109289806559
      w: 0.9999804928691058
navigation_time:
  sec: 7
  nanosec: 448000000
estimated_time_remaining:
  sec: 7
  nanosec: 139121169
number_of_recoveries: 0
distance_remaining: 1.8249999284744263

Feedback:
    current_pose:
  header:
    stamp:
      sec: 310
      nanosec: 420000000
    frame_id: map
  pose:
    position:
      x: 1.6713522418072662
      y: 0.0006103928141121436
      z: 0.0
    orientation:
      x: 0.0
      y: 0.0
      z: 0.006246109289806559
      w: 0.9999804928691058
navigation_time:
  sec: 7
  nanosec: 456000000
estimated_time_remaining:
  sec: 7
  nanosec: 139121169
number_of_recoveries: 0
distance_remaining: 1.8249999284744263

Feedback:
    current_pose:
  header:
    stamp:
      sec: 310
      nanosec: 420000000
    frame_id: map
  pose:
    position:
      x: 1.6713522418072662
      y: 0.0006103928141121436
      z: 0.0
    orientation:
      x: 0.0
      y: 0.0
      z: 0.006246109289806559
      w: 0.9999804928691058
navigation_time:
  sec: 7
  nanosec: 460000000
estimated_time_remaining:
  sec: 7
  nanosec: 139121169
number_of_recoveries: 0
distance_remaining: 1.8249999284744263

Feedback:
    current_pose:
  header:
    stamp:
      sec: 310
      nanosec: 440000000
    frame_id: map
  pose:
    position:
      x: 1.6759065222252176
      y: 9.447011184108081e-05
      z: 0.0
    orientation:
      x: 0.0
      y: 0.0
      z: 0.006164717513506502
      w: 0.9999809979484503
navigation_time:
  sec: 7
  nanosec: 468000000
estimated_time_remaining:
  sec: 7
  nanosec: 134548953
number_of_recoveries: 0
distance_remaining: 1.8249999284744263

Feedback:
    current_pose:
  header:
    stamp:
      sec: 310
      nanosec: 440000000
    frame_id: map
  pose:
    position:
      x: 1.6759065222252176
      y: 9.447011184108081e-05
      z: 0.0
    orientation:
      x: 0.0
      y: 0.0
      z: 0.006164717513506502
      w: 0.9999809979484503
navigation_time:
  sec: 7
  nanosec: 476000000
estimated_time_remaining:
  sec: 7
  nanosec: 134548953
number_of_recoveries: 0
distance_remaining: 1.8249999284744263

Feedback:
    current_pose:
  header:
    stamp:
      sec: 310
      nanosec: 460000000
    frame_id: map
  pose:
    position:
      x: 1.680474668464193
      y: -0.0004235898274530768
      z: 0.0
    orientation:
      x: 0.0
      y: 0.0
      z: 0.006092609756865525
      w: 0.9999814398809364
navigation_time:
  sec: 7
  nanosec: 484000000
estimated_time_remaining:
  sec: 7
  nanosec: 132708252
number_of_recoveries: 0
distance_remaining: 1.8249999284744263

Feedback:
    current_pose:
  header:
    stamp:
      sec: 310
      nanosec: 460000000
    frame_id: map
  pose:
    position:
      x: 1.680474668464193
      y: -0.0004235898274530768
      z: 0.0
    orientation:
      x: 0.0
      y: 0.0
      z: 0.006092609756865525
      w: 0.9999814398809364
navigation_time:
  sec: 7
  nanosec: 492000000
estimated_time_remaining:
  sec: 7
  nanosec: 132708252
number_of_recoveries: 0
distance_remaining: 1.8249999284744263

Feedback:
    current_pose:
  header:
    stamp:
      sec: 310
      nanosec: 460000000
    frame_id: map
  pose:
    position:
      x: 1.680474668464193
      y: -0.0004235898274530768
      z: 0.0
    orientation:
      x: 0.0
      y: 0.0
      z: 0.006092609756865525
      w: 0.9999814398809364
navigation_time:
  sec: 7
  nanosec: 500000000
estimated_time_remaining:
  sec: 7
  nanosec: 132708252
number_of_recoveries: 0
distance_remaining: 1.8249999284744263

Feedback:
    current_pose:
  header:
    stamp:
      sec: 310
      nanosec: 480000000
    frame_id: map
  pose:
    position:
      x: 1.6850520144640277
      y: -0.0009437361358411202
      z: 0.0
    orientation:
      x: 0.0
      y: 0.0
      z: 0.0060266913527012985
      w: 0.9999818393307646
navigation_time:
  sec: 7
  nanosec: 508000000
estimated_time_remaining:
  sec: 7
  nanosec: 131675758
number_of_recoveries: 0
distance_remaining: 1.8249999284744263

Feedback:
    current_pose:
  header:
    stamp:
      sec: 310
      nanosec: 480000000
    frame_id: map
  pose:
    position:
      x: 1.6850520144640277
      y: -0.0009437361358411202
      z: 0.0
    orientation:
      x: 0.0
      y: 0.0
      z: 0.0060266913527012985
      w: 0.9999818393307646
navigation_time:
  sec: 7
  nanosec: 516000000
estimated_time_remaining:
  sec: 7
  nanosec: 131675758
number_of_recoveries: 0
distance_remaining: 1.8249999284744263

Feedback:
    current_pose:
  header:
    stamp:
      sec: 310
      nanosec: 500000000
    frame_id: map
  pose:
    position:
      x: 1.6896745103978572
      y: -0.0014655666933546321
      z: 0.0
    orientation:
      x: 0.0
      y: 0.0
      z: 0.005950168941384242
      w: 0.9999822975880969
navigation_time:
  sec: 7
  nanosec: 524000000
estimated_time_remaining:
  sec: 7
  nanosec: 34656700
number_of_recoveries: 0
distance_remaining: 1.7999999523162842

Feedback:
    current_pose:
  header:
    stamp:
      sec: 310
      nanosec: 500000000
    frame_id: map
  pose:
    position:
      x: 1.6896745103978572
      y: -0.0014655666933546321
      z: 0.0
    orientation:
      x: 0.0
      y: 0.0
      z: 0.005950168941384242
      w: 0.9999822975880969
navigation_time:
  sec: 7
  nanosec: 536000000
estimated_time_remaining:
  sec: 7
  nanosec: 34656700
number_of_recoveries: 0
distance_remaining: 1.7999999523162842

Feedback:
    current_pose:
  header:
    stamp:
      sec: 310
      nanosec: 500000000
    frame_id: map
  pose:
    position:
      x: 1.6896745103978572
      y: -0.0014655666933546321
      z: 0.0
    orientation:
      x: 0.0
      y: 0.0
      z: 0.005950168941384242
      w: 0.9999822975880969
navigation_time:
  sec: 7
  nanosec: 540000000
estimated_time_remaining:
  sec: 7
  nanosec: 34656700
number_of_recoveries: 0
distance_remaining: 1.7999999523162842

Feedback:
    current_pose:
  header:
    stamp:
      sec: 310
      nanosec: 520000000
    frame_id: map
  pose:
    position:
      x: 1.6943270645193798
      y: -0.001989421248255855
      z: 0.0
    orientation:
      x: 0.0
      y: 0.0
      z: 0.005866577161366061
      w: 0.9999827914881385
navigation_time:
  sec: 7
  nanosec: 548000000
estimated_time_remaining:
  sec: 7
  nanosec: 35047562
number_of_recoveries: 0
distance_remaining: 1.7999999523162842

Feedback:
    current_pose:
  header:
    stamp:
      sec: 310
      nanosec: 520000000
    frame_id: map
  pose:
    position:
      x: 1.6943270645193798
      y: -0.001989421248255855
      z: 0.0
    orientation:
      x: 0.0
      y: 0.0
      z: 0.005866577161366061
      w: 0.9999827914881385
navigation_time:
  sec: 7
  nanosec: 556000000
estimated_time_remaining:
  sec: 7
  nanosec: 35047562
number_of_recoveries: 0
distance_remaining: 1.7999999523162842

Feedback:
    current_pose:
  header:
    stamp:
      sec: 310
      nanosec: 540000000
    frame_id: map
  pose:
    position:
      x: 1.6989601154426455
      y: -0.002515865966339955
      z: 0.0
    orientation:
      x: 0.0
      y: 0.0
      z: 0.005794902764492775
      w: 0.9999832094100131
navigation_time:
  sec: 7
  nanosec: 564000000
estimated_time_remaining:
  sec: 7
  nanosec: 37041241
number_of_recoveries: 0
distance_remaining: 1.7999999523162842

Feedback:
    current_pose:
  header:
    stamp:
      sec: 310
      nanosec: 540000000
    frame_id: map
  pose:
    position:
      x: 1.6989601154426455
      y: -0.002515865966339955
      z: 0.0
    orientation:
      x: 0.0
      y: 0.0
      z: 0.005794902764492775
      w: 0.9999832094100131
navigation_time:
  sec: 7
  nanosec: 576000000
estimated_time_remaining:
  sec: 7
  nanosec: 37041241
number_of_recoveries: 0
distance_remaining: 1.7999999523162842

Feedback:
    current_pose:
  header:
    stamp:
      sec: 310
      nanosec: 560000000
    frame_id: map
  pose:
    position:
      x: 1.7035801186914008
      y: -0.0030446640716597015
      z: 0.0
    orientation:
      x: 0.0
      y: 0.0
      z: 0.005731173300728244
      w: 0.9999835766914359
navigation_time:
  sec: 7
  nanosec: 584000000
estimated_time_remaining:
  sec: 7
  nanosec: 41711129
number_of_recoveries: 0
distance_remaining: 1.7999999523162842

Feedback:
    current_pose:
  header:
    stamp:
      sec: 310
      nanosec: 560000000
    frame_id: map
  pose:
    position:
      x: 1.7035801186914008
      y: -0.0030446640716597015
      z: 0.0
    orientation:
      x: 0.0
      y: 0.0
      z: 0.005731173300728244
      w: 0.9999835766914359
navigation_time:
  sec: 7
  nanosec: 592000000
estimated_time_remaining:
  sec: 7
  nanosec: 41711129
number_of_recoveries: 0
distance_remaining: 1.7999999523162842

Feedback:
    current_pose:
  header:
    stamp:
      sec: 310
      nanosec: 560000000
    frame_id: map
  pose:
    position:
      x: 1.7035801186914008
      y: -0.0030446640716597015
      z: 0.0
    orientation:
      x: 0.0
      y: 0.0
      z: 0.005731173300728244
      w: 0.9999835766914359
navigation_time:
  sec: 7
  nanosec: 600000000
estimated_time_remaining:
  sec: 7
  nanosec: 41711129
number_of_recoveries: 0
distance_remaining: 1.7999999523162842

Feedback:
    current_pose:
  header:
    stamp:
      sec: 310
      nanosec: 580000000
    frame_id: map
  pose:
    position:
      x: 1.7082421591945305
      y: -0.003575160691636513
      z: 0.0
    orientation:
      x: 0.0
      y: 0.0
      z: 0.005672209449081217
      w: 0.9999839128905854
navigation_time:
  sec: 7
  nanosec: 608000000
estimated_time_remaining:
  sec: 7
  nanosec: 43273125
number_of_recoveries: 0
distance_remaining: 1.7999999523162842

Feedback:
    current_pose:
  header:
    stamp:
      sec: 310
      nanosec: 580000000
    frame_id: map
  pose:
    position:
      x: 1.7082421591945305
      y: -0.003575160691636513
      z: 0.0
    orientation:
      x: 0.0
      y: 0.0
      z: 0.005672209449081217
      w: 0.9999839128905854
navigation_time:
  sec: 7
  nanosec: 616000000
estimated_time_remaining:
  sec: 7
  nanosec: 43273125
number_of_recoveries: 0
distance_remaining: 1.7999999523162842

Feedback:
    current_pose:
  header:
    stamp:
      sec: 310
      nanosec: 600000000
    frame_id: map
  pose:
    position:
      x: 1.7129927494679213
      y: -0.00410677419011124
      z: 0.0
    orientation:
      x: 0.0
      y: 0.0
      z: 0.0056203940415798835
      w: 0.999984205460675
navigation_time:
  sec: 7
  nanosec: 624000000
estimated_time_remaining:
  sec: 7
  nanosec: 37722314
number_of_recoveries: 0
distance_remaining: 1.7999999523162842

Feedback:
    current_pose:
  header:
    stamp:
      sec: 310
      nanosec: 600000000
    frame_id: map
  pose:
    position:
      x: 1.7129927494679213
      y: -0.00410677419011124
      z: 0.0
    orientation:
      x: 0.0
      y: 0.0
      z: 0.0056203940415798835
      w: 0.999984205460675
navigation_time:
  sec: 7
  nanosec: 632000000
estimated_time_remaining:
  sec: 7
  nanosec: 37722314
number_of_recoveries: 0
distance_remaining: 1.7999999523162842

Feedback:
    current_pose:
  header:
    stamp:
      sec: 310
      nanosec: 600000000
    frame_id: map
  pose:
    position:
      x: 1.7129927494679213
      y: -0.00410677419011124
      z: 0.0
    orientation:
      x: 0.0
      y: 0.0
      z: 0.0056203940415798835
      w: 0.999984205460675
navigation_time:
  sec: 7
  nanosec: 640000000
estimated_time_remaining:
  sec: 7
  nanosec: 37722314
number_of_recoveries: 0
distance_remaining: 1.7999999523162842

Feedback:
    current_pose:
  header:
    stamp:
      sec: 310
      nanosec: 620000000
    frame_id: map
  pose:
    position:
      x: 1.718571840543527
      y: -0.003952609199096013
      z: 0.0
    orientation:
      x: 0.0
      y: 0.0
      z: 0.005617446759639662
      w: 0.9999842220214789
navigation_time:
  sec: 7
  nanosec: 652000000
estimated_time_remaining:
  sec: 7
  nanosec: 29988088
number_of_recoveries: 0
distance_remaining: 1.7999999523162842

Feedback:
    current_pose:
  header:
    stamp:
      sec: 310
      nanosec: 620000000
    frame_id: map
  pose:
    position:
      x: 1.718571840543527
      y: -0.003952609199096013
      z: 0.0
    orientation:
      x: 0.0
      y: 0.0
      z: 0.005617446759639662
      w: 0.9999842220214789
navigation_time:
  sec: 7
  nanosec: 660000000
estimated_time_remaining:
  sec: 7
  nanosec: 29988088
number_of_recoveries: 0
distance_remaining: 1.7999999523162842

Feedback:
    current_pose:
  header:
    stamp:
      sec: 310
      nanosec: 640000000
    frame_id: map
  pose:
    position:
      x: 1.7241606859705263
      y: -0.003799433942938614
      z: 0.0
    orientation:
      x: 0.0
      y: 0.0
      z: 0.005603399195830783
      w: 0.9999843008354942
navigation_time:
  sec: 7
  nanosec: 672000000
estimated_time_remaining:
  sec: 7
  nanosec: 23933669
number_of_recoveries: 0
distance_remaining: 1.7999999523162842

Feedback:
    current_pose:
  header:
    stamp:
      sec: 310
      nanosec: 640000000
    frame_id: map
  pose:
    position:
      x: 1.7241606859705263
      y: -0.003799433942938614
      z: 0.0
    orientation:
      x: 0.0
      y: 0.0
      z: 0.005603399195830783
      w: 0.9999843008354942
navigation_time:
  sec: 7
  nanosec: 680000000
estimated_time_remaining:
  sec: 7
  nanosec: 23933669
number_of_recoveries: 0
distance_remaining: 1.7999999523162842

Feedback:
    current_pose:
  header:
    stamp:
      sec: 310
      nanosec: 660000000
    frame_id: map
  pose:
    position:
      x: 1.7297494818266994
      y: -0.0036473942162518376
      z: 0.0
    orientation:
      x: 0.0
      y: 0.0
      z: 0.005589351630914741
      w: 0.9999843794521722
navigation_time:
  sec: 7
  nanosec: 688000000
estimated_time_remaining:
  sec: 6
  nanosec: 819537718
number_of_recoveries: 0
distance_remaining: 1.7499998807907104

Feedback:
    current_pose:
  header:
    stamp:
      sec: 310
      nanosec: 660000000
    frame_id: map
  pose:
    position:
      x: 1.7297494818266994
      y: -0.0036473942162518376
      z: 0.0
    orientation:
      x: 0.0
      y: 0.0
      z: 0.005589351630914741
      w: 0.9999843794521722
navigation_time:
  sec: 7
  nanosec: 700000000
estimated_time_remaining:
  sec: 6
  nanosec: 819537718
number_of_recoveries: 0
distance_remaining: 1.7499998807907104

Feedback:
    current_pose:
  header:
    stamp:
      sec: 310
      nanosec: 680000000
    frame_id: map
  pose:
    position:
      x: 1.7352807427148325
      y: -0.0034973397586315486
      z: 0.0
    orientation:
      x: 0.0
      y: 0.0
      z: 0.005534282626456988
      w: 0.999984685740642
navigation_time:
  sec: 7
  nanosec: 708000000
estimated_time_remaining:
  sec: 6
  nanosec: 808344341
number_of_recoveries: 0
distance_remaining: 1.7499998807907104

Feedback:
    current_pose:
  header:
    stamp:
      sec: 310
      nanosec: 680000000
    frame_id: map
  pose:
    position:
      x: 1.7352807427148325
      y: -0.0034973397586315486
      z: 0.0
    orientation:
      x: 0.0
      y: 0.0
      z: 0.005534282626456988
      w: 0.999984685740642
navigation_time:
  sec: 7
  nanosec: 716000000
estimated_time_remaining:
  sec: 6
  nanosec: 808344341
number_of_recoveries: 0
distance_remaining: 1.7499998807907104

Feedback:
    current_pose:
  header:
    stamp:
      sec: 310
      nanosec: 700000000
    frame_id: map
  pose:
    position:
      x: 1.7408119580897294
      y: -0.0033488349798364153
      z: 0.0
    orientation:
      x: 0.0
      y: 0.0
      z: 0.0054792135923530496
      w: 0.9999849889965396
navigation_time:
  sec: 7
  nanosec: 728000000
estimated_time_remaining:
  sec: 6
  nanosec: 799426617
number_of_recoveries: 0
distance_remaining: 1.7499998807907104

Feedback:
    current_pose:
  header:
    stamp:
      sec: 310
      nanosec: 700000000
    frame_id: map
  pose:
    position:
      x: 1.7408119580897294
      y: -0.0033488349798364153
      z: 0.0
    orientation:
      x: 0.0
      y: 0.0
      z: 0.0054792135923530496
      w: 0.9999849889965396
navigation_time:
  sec: 7
  nanosec: 736000000
estimated_time_remaining:
  sec: 6
  nanosec: 799426617
number_of_recoveries: 0
distance_remaining: 1.7499998807907104

Feedback:
    current_pose:
  header:
    stamp:
      sec: 310
      nanosec: 720000000
    frame_id: map
  pose:
    position:
      x: 1.74635256654913
      y: -0.003201638408021984
      z: 0.0
    orientation:
      x: 0.0
      y: 0.0
      z: 0.005468649756457309
      w: 0.9999850468231218
navigation_time:
  sec: 7
  nanosec: 744000000
estimated_time_remaining:
  sec: 6
  nanosec: 791351204
number_of_recoveries: 0
distance_remaining: 1.7499998807907104

Feedback:
    current_pose:
  header:
    stamp:
      sec: 310
      nanosec: 720000000
    frame_id: map
  pose:
    position:
      x: 1.74635256654913
      y: -0.003201638408021984
      z: 0.0
    orientation:
      x: 0.0
      y: 0.0
      z: 0.005468649756457309
      w: 0.9999850468231218
navigation_time:
  sec: 7
  nanosec: 756000000
estimated_time_remaining:
  sec: 6
  nanosec: 791351204
number_of_recoveries: 0
distance_remaining: 1.7499998807907104

Feedback:
    current_pose:
  header:
    stamp:
      sec: 310
      nanosec: 740000000
    frame_id: map
  pose:
    position:
      x: 1.7518994148236686
      y: -0.0030552153099310912
      z: 0.0
    orientation:
      x: 0.0
      y: 0.0
      z: 0.005487756097928491
      w: 0.9999849421531355
navigation_time:
  sec: 7
  nanosec: 768000000
estimated_time_remaining:
  sec: 6
  nanosec: 781999092
number_of_recoveries: 0
distance_remaining: 1.7499998807907104

Feedback:
    current_pose:
  header:
    stamp:
      sec: 310
      nanosec: 740000000
    frame_id: map
  pose:
    position:
      x: 1.7518994148236686
      y: -0.0030552153099310912
      z: 0.0
    orientation:
      x: 0.0
      y: 0.0
      z: 0.005487756097928491
      w: 0.9999849421531355
navigation_time:
  sec: 7
  nanosec: 776000000
estimated_time_remaining:
  sec: 6
  nanosec: 781999092
number_of_recoveries: 0
distance_remaining: 1.7499998807907104

Feedback:
    current_pose:
  header:
    stamp:
      sec: 310
      nanosec: 760000000
    frame_id: map
  pose:
    position:
      x: 1.7574449617707713
      y: -0.002909591768799489
      z: 0.0
    orientation:
      x: 0.0
      y: 0.0
      z: 0.005501854911357827
      w: 0.9999848646817283
navigation_time:
  sec: 7
  nanosec: 784000000
estimated_time_remaining:
  sec: 6
  nanosec: 769647044
number_of_recoveries: 0
distance_remaining: 1.7499998807907104

Feedback:
    current_pose:
  header:
    stamp:
      sec: 310
      nanosec: 760000000
    frame_id: map
  pose:
    position:
      x: 1.7574449617707713
      y: -0.002909591768799489
      z: 0.0
    orientation:
      x: 0.0
      y: 0.0
      z: 0.005501854911357827
      w: 0.9999848646817283
navigation_time:
  sec: 7
  nanosec: 796000000
estimated_time_remaining:
  sec: 6
  nanosec: 769647044
number_of_recoveries: 0
distance_remaining: 1.7499998807907104

Feedback:
    current_pose:
  header:
    stamp:
      sec: 310
      nanosec: 780000000
    frame_id: map
  pose:
    position:
      x: 1.7629854689088147
      y: -0.0027649804858318056
      z: 0.0
    orientation:
      x: 0.0
      y: 0.0
      z: 0.005495923580733454
      w: 0.9999848972979517
navigation_time:
  sec: 7
  nanosec: 804000000
estimated_time_remaining:
  sec: 6
  nanosec: 659958978
number_of_recoveries: 0
distance_remaining: 1.7249999046325684

Feedback:
    current_pose:
  header:
    stamp:
      sec: 310
      nanosec: 780000000
    frame_id: map
  pose:
    position:
      x: 1.7629854689088147
      y: -0.0027649804858318056
      z: 0.0
    orientation:
      x: 0.0
      y: 0.0
      z: 0.005495923580733454
      w: 0.9999848972979517
navigation_time:
  sec: 7
  nanosec: 816000000
estimated_time_remaining:
  sec: 6
  nanosec: 659958978
number_of_recoveries: 0
distance_remaining: 1.7249999046325684

Feedback:
    current_pose:
  header:
    stamp:
      sec: 310
      nanosec: 800000000
    frame_id: map
  pose:
    position:
      x: 1.7685259238981947
      y: -0.002621409735225611
      z: 0.0
    orientation:
      x: 0.0
      y: 0.0
      z: 0.005489992249791518
      w: 0.9999849298789943
navigation_time:
  sec: 7
  nanosec: 824000000
estimated_time_remaining:
  sec: 6
  nanosec: 648163683
number_of_recoveries: 0
distance_remaining: 1.7249999046325684

Feedback:
    current_pose:
  header:
    stamp:
      sec: 310
      nanosec: 800000000
    frame_id: map
  pose:
    position:
      x: 1.7685259238981947
      y: -0.002621409735225611
      z: 0.0
    orientation:
      x: 0.0
      y: 0.0
      z: 0.005489992249791518
      w: 0.9999849298789943
navigation_time:
  sec: 7
  nanosec: 832000000
estimated_time_remaining:
  sec: 6
  nanosec: 648163683
number_of_recoveries: 0
distance_remaining: 1.7249999046325684

Feedback:
    current_pose:
  header:
    stamp:
      sec: 310
      nanosec: 820000000
    frame_id: map
  pose:
    position:
      x: 1.773662321101441
      y: -0.002593330613835456
      z: 0.0
    orientation:
      x: 0.0
      y: 0.0
      z: 0.00560536420049676
      w: 0.9999842898226851
navigation_time:
  sec: 7
  nanosec: 844000000
estimated_time_remaining:
  sec: 6
  nanosec: 637213013
number_of_recoveries: 0
distance_remaining: 1.7249999046325684

Feedback:
    current_pose:
  header:
    stamp:
      sec: 310
      nanosec: 820000000
    frame_id: map
  pose:
    position:
      x: 1.773662321101441
      y: -0.002593330613835456
      z: 0.0
    orientation:
      x: 0.0
      y: 0.0
      z: 0.00560536420049676
      w: 0.9999842898226851
navigation_time:
  sec: 7
  nanosec: 852000000
estimated_time_remaining:
  sec: 6
  nanosec: 637213013
number_of_recoveries: 0
distance_remaining: 1.7249999046325684

Feedback:
    current_pose:
  header:
    stamp:
      sec: 310
      nanosec: 840000000
    frame_id: map
  pose:
    position:
      x: 1.7788216902272684
      y: -0.0025635638881934403
      z: 0.0
    orientation:
      x: 0.0
      y: 0.0
      z: 0.005729969850463587
      w: 0.999983583588007
navigation_time:
  sec: 7
  nanosec: 860000000
estimated_time_remaining:
  sec: 6
  nanosec: 627014040
number_of_recoveries: 0
distance_remaining: 1.7249999046325684

Feedback:
    current_pose:
  header:
    stamp:
      sec: 310
      nanosec: 840000000
    frame_id: map
  pose:
    position:
      x: 1.7788216902272684
      y: -0.0025635638881934403
      z: 0.0
    orientation:
      x: 0.0
      y: 0.0
      z: 0.005729969850463587
      w: 0.999983583588007
navigation_time:
  sec: 7
  nanosec: 872000000
estimated_time_remaining:
  sec: 6
  nanosec: 627014040
number_of_recoveries: 0
distance_remaining: 1.7249999046325684

Feedback:
    current_pose:
  header:
    stamp:
      sec: 310
      nanosec: 840000000
    frame_id: map
  pose:
    position:
      x: 1.7788216902272684
      y: -0.0025635638881934403
      z: 0.0
    orientation:
      x: 0.0
      y: 0.0
      z: 0.005729969850463587
      w: 0.999983583588007
navigation_time:
  sec: 7
  nanosec: 880000000
estimated_time_remaining:
  sec: 6
  nanosec: 627014040
number_of_recoveries: 0
distance_remaining: 1.7249999046325684

Feedback:
    current_pose:
  header:
    stamp:
      sec: 310
      nanosec: 860000000
    frame_id: map
  pose:
    position:
      x: 1.7839637938638644
      y: -0.0025325185139917113
      z: 0.0
    orientation:
      x: 0.0
      y: 0.0
      z: 0.005867035285153631
      w: 0.9999827888003686
navigation_time:
  sec: 7
  nanosec: 892000000
estimated_time_remaining:
  sec: 6
  nanosec: 617047422
number_of_recoveries: 0
distance_remaining: 1.7249999046325684

Feedback:
    current_pose:
  header:
    stamp:
      sec: 310
      nanosec: 880000000
    frame_id: map
  pose:
    position:
      x: 1.7890800052563232
      y: -0.0025000626141610145
      z: 0.0
    orientation:
      x: 0.0
      y: 0.0
      z: 0.006022790428165727
      w: 0.9999818628332507
navigation_time:
  sec: 7
  nanosec: 900000000
estimated_time_remaining:
  sec: 6
  nanosec: 511777473
number_of_recoveries: 0
distance_remaining: 1.6999999284744263

Feedback:
    current_pose:
  header:
    stamp:
      sec: 310
      nanosec: 880000000
    frame_id: map
  pose:
    position:
      x: 1.7890800052563232
      y: -0.0025000626141610145
      z: 0.0
    orientation:
      x: 0.0
      y: 0.0
      z: 0.006022790428165727
      w: 0.9999818628332507
navigation_time:
  sec: 7
  nanosec: 912000000
estimated_time_remaining:
  sec: 6
  nanosec: 511777473
number_of_recoveries: 0
distance_remaining: 1.6999999284744263

Feedback:
    current_pose:
  header:
    stamp:
      sec: 310
      nanosec: 880000000
    frame_id: map
  pose:
    position:
      x: 1.7890800052563232
      y: -0.0025000626141610145
      z: 0.0
    orientation:
      x: 0.0
      y: 0.0
      z: 0.006022790428165727
      w: 0.9999818628332507
navigation_time:
  sec: 7
  nanosec: 920000000
estimated_time_remaining:
  sec: 6
  nanosec: 504576724
number_of_recoveries: 0
distance_remaining: 1.6999999284744263

Feedback:
    current_pose:
  header:
    stamp:
      sec: 310
      nanosec: 900000000
    frame_id: map
  pose:
    position:
      x: 1.794196194046694
      y: -0.0024658394001411503
      z: 0.0
    orientation:
      x: 0.0
      y: 0.0
      z: 0.0061785454250645674
      w: 0.9999809126060509
navigation_time:
  sec: 7
  nanosec: 928000000
estimated_time_remaining:
  sec: 6
  nanosec: 504576724
number_of_recoveries: 0
distance_remaining: 1.6999999284744263

Feedback:
    current_pose:
  header:
    stamp:
      sec: 310
      nanosec: 920000000
    frame_id: map
  pose:
    position:
      x: 1.7992651378746811
      y: -0.0024307035179099157
      z: 0.0
    orientation:
      x: 0.0
      y: 0.0
      z: 0.006270956577374491
      w: 0.9999803373584927
navigation_time:
  sec: 7
  nanosec: 940000000
estimated_time_remaining:
  sec: 6
  nanosec: 504309418
number_of_recoveries: 0
distance_remaining: 1.6999999284744263

Feedback:
    current_pose:
  header:
    stamp:
      sec: 310
      nanosec: 920000000
    frame_id: map
  pose:
    position:
      x: 1.7992651378746811
      y: -0.0024307035179099157
      z: 0.0
    orientation:
      x: 0.0
      y: 0.0
      z: 0.006270956577374491
      w: 0.9999803373584927
navigation_time:
  sec: 7
  nanosec: 948000000
estimated_time_remaining:
  sec: 6
  nanosec: 504309418
number_of_recoveries: 0
distance_remaining: 1.6999999284744263

Feedback:
    current_pose:
  header:
    stamp:
      sec: 310
      nanosec: 920000000
    frame_id: map
  pose:
    position:
      x: 1.7992651378746811
      y: -0.0024307035179099157
      z: 0.0
    orientation:
      x: 0.0
      y: 0.0
      z: 0.006270956577374491
      w: 0.9999803373584927
navigation_time:
  sec: 7
  nanosec: 960000000
estimated_time_remaining:
  sec: 6
  nanosec: 504309418
number_of_recoveries: 0
distance_remaining: 1.6999999284744263

Feedback:
    current_pose:
  header:
    stamp:
      sec: 310
      nanosec: 940000000
    frame_id: map
  pose:
    position:
      x: 1.8043222622237085
      y: -0.00239476801628492
      z: 0.0
    orientation:
      x: 0.0
      y: 0.0
      z: 0.006347531726557375
      w: 0.999979854217564
navigation_time:
  sec: 7
  nanosec: 968000000
estimated_time_remaining:
  sec: 6
  nanosec: 510045522
number_of_recoveries: 0
distance_remaining: 1.6999999284744263

Feedback:
    current_pose:
  header:
    stamp:
      sec: 310
      nanosec: 940000000
    frame_id: map
  pose:
    position:
      x: 1.8043222622237085
      y: -0.00239476801628492
      z: 0.0
    orientation:
      x: 0.0
      y: 0.0
      z: 0.006347531726557375
      w: 0.999979854217564
navigation_time:
  sec: 7
  nanosec: 976000000
estimated_time_remaining:
  sec: 6
  nanosec: 510045522
number_of_recoveries: 0
distance_remaining: 1.6999999284744263

Feedback:
    current_pose:
  header:
    stamp:
      sec: 310
      nanosec: 960000000
    frame_id: map
  pose:
    position:
      x: 1.8093688458211632
      y: -0.0023580436117015963
      z: 0.0
    orientation:
      x: 0.0
      y: 0.0
      z: 0.006421387274597449
      w: 0.9999793826801977
navigation_time:
  sec: 7
  nanosec: 984000000
estimated_time_remaining:
  sec: 6
  nanosec: 517301341
number_of_recoveries: 0
distance_remaining: 1.6999999284744263

Feedback:
    current_pose:
  header:
    stamp:
      sec: 310
      nanosec: 960000000
    frame_id: map
  pose:
    position:
      x: 1.8093688458211632
      y: -0.0023580436117015963
      z: 0.0
    orientation:
      x: 0.0
      y: 0.0
      z: 0.006421387274597449
      w: 0.9999793826801977
navigation_time:
  sec: 7
  nanosec: 992000000
estimated_time_remaining:
  sec: 6
  nanosec: 517301341
number_of_recoveries: 0
distance_remaining: 1.6999999284744263

Feedback:
    current_pose:
  header:
    stamp:
      sec: 310
      nanosec: 980000000
    frame_id: map
  pose:
    position:
      x: 1.8143996253847001
      y: -0.002320652825378508
      z: 0.0
    orientation:
      x: 0.0
      y: 0.0
      z: 0.006491163438360629
      w: 0.9999789321766817
navigation_time:
  sec: 8
  nanosec: 4000000
estimated_time_remaining:
  sec: 6
  nanosec: 430016757
number_of_recoveries: 0
distance_remaining: 1.6749999523162842

Feedback:
    current_pose:
  header:
    stamp:
      sec: 310
      nanosec: 980000000
    frame_id: map
  pose:
    position:
      x: 1.8143996253847001
      y: -0.002320652825378508
      z: 0.0
    orientation:
      x: 0.0
      y: 0.0
      z: 0.006491163438360629
      w: 0.9999789321766817
navigation_time:
  sec: 8
  nanosec: 12000000
estimated_time_remaining:
  sec: 6
  nanosec: 430016757
number_of_recoveries: 0
distance_remaining: 1.6749999523162842

Feedback:
    current_pose:
  header:
    stamp:
      sec: 311
      nanosec: 0
    frame_id: map
  pose:
    position:
      x: 1.819433246979248
      y: -0.002282378964548002
      z: 0.0
    orientation:
      x: 0.0
      y: 0.0
      z: 0.006556465702832615
      w: 0.999978506147751
navigation_time:
  sec: 8
  nanosec: 24000000
estimated_time_remaining:
  sec: 6
  nanosec: 436875236
number_of_recoveries: 0
distance_remaining: 1.6749999523162842

Feedback:
    current_pose:
  header:
    stamp:
      sec: 311
      nanosec: 0
    frame_id: map
  pose:
    position:
      x: 1.819433246979248
      y: -0.002282378964548002
      z: 0.0
    orientation:
      x: 0.0
      y: 0.0
      z: 0.006556465702832615
      w: 0.999978506147751
navigation_time:
  sec: 8
  nanosec: 32000000
estimated_time_remaining:
  sec: 6
  nanosec: 436875236
number_of_recoveries: 0
distance_remaining: 1.6749999523162842

Feedback:
    current_pose:
  header:
    stamp:
      sec: 311
      nanosec: 20000000
    frame_id: map
  pose:
    position:
      x: 1.8248290337819422
      y: -0.00188357483812324
      z: 0.0
    orientation:
      x: 0.0
      y: 0.0
      z: 0.00671695469665865
      w: 0.9999774410053474
navigation_time:
  sec: 8
  nanosec: 44000000
estimated_time_remaining:
  sec: 6
  nanosec: 441246110
number_of_recoveries: 0
distance_remaining: 1.6749999523162842

Feedback:
    current_pose:
  header:
    stamp:
      sec: 311
      nanosec: 20000000
    frame_id: map
  pose:
    position:
      x: 1.8248290337819422
      y: -0.00188357483812324
      z: 0.0
    orientation:
      x: 0.0
      y: 0.0
      z: 0.00671695469665865
      w: 0.9999774410053474
navigation_time:
  sec: 8
  nanosec: 52000000
estimated_time_remaining:
  sec: 6
  nanosec: 441246110
number_of_recoveries: 0
distance_remaining: 1.6749999523162842

Feedback:
    current_pose:
  header:
    stamp:
      sec: 311
      nanosec: 40000000
    frame_id: map
  pose:
    position:
      x: 1.8302246835138047
      y: -0.0014819312171963327
      z: 0.0
    orientation:
      x: 0.0
      y: 0.0
      z: 0.006877443517468286
      w: 0.9999763501056732
navigation_time:
  sec: 8
  nanosec: 64000000
estimated_time_remaining:
  sec: 6
  nanosec: 445822875
number_of_recoveries: 0
distance_remaining: 1.6749999523162842

Feedback:
    current_pose:
  header:
    stamp:
      sec: 311
      nanosec: 40000000
    frame_id: map
  pose:
    position:
      x: 1.8302246835138047
      y: -0.0014819312171963327
      z: 0.0
    orientation:
      x: 0.0
      y: 0.0
      z: 0.006877443517468286
      w: 0.9999763501056732
navigation_time:
  sec: 8
  nanosec: 72000000
estimated_time_remaining:
  sec: 6
  nanosec: 445822875
number_of_recoveries: 0
distance_remaining: 1.6749999523162842

Feedback:
    current_pose:
  header:
    stamp:
      sec: 311
      nanosec: 60000000
    frame_id: map
  pose:
    position:
      x: 1.835619416423715
      y: -0.0010775292897742643
      z: 0.0
    orientation:
      x: 0.0
      y: 0.0
      z: 0.007020873149574837
      w: 0.9999753533663805
navigation_time:
  sec: 8
  nanosec: 84000000
estimated_time_remaining:
  sec: 6
  nanosec: 451047199
number_of_recoveries: 0
distance_remaining: 1.6749999523162842

Feedback:
    current_pose:
  header:
    stamp:
      sec: 311
      nanosec: 60000000
    frame_id: map
  pose:
    position:
      x: 1.835619416423715
      y: -0.0010775292897742643
      z: 0.0
    orientation:
      x: 0.0
      y: 0.0
      z: 0.007020873149574837
      w: 0.9999753533663805
navigation_time:
  sec: 8
  nanosec: 92000000
estimated_time_remaining:
  sec: 6
  nanosec: 451047199
number_of_recoveries: 0
distance_remaining: 1.6749999523162842

Feedback:
    current_pose:
  header:
    stamp:
      sec: 311
      nanosec: 80000000
    frame_id: map
  pose:
    position:
      x: 1.8410138181289635
      y: -0.0006705061634501713
      z: 0.0
    orientation:
      x: 0.0
      y: 0.0
      z: 0.007160037879924507
      w: 0.9999743666002435
navigation_time:
  sec: 8
  nanosec: 100000000
estimated_time_remaining:
  sec: 6
  nanosec: 360148267
number_of_recoveries: 0
distance_remaining: 1.649999976158142

Feedback:
    current_pose:
  header:
    stamp:
      sec: 311
      nanosec: 80000000
    frame_id: map
  pose:
    position:
      x: 1.8410138181289635
      y: -0.0006705061634501713
      z: 0.0
    orientation:
      x: 0.0
      y: 0.0
      z: 0.007160037879924507
      w: 0.9999743666002435
navigation_time:
  sec: 8
  nanosec: 108000000
estimated_time_remaining:
  sec: 6
  nanosec: 360148267
number_of_recoveries: 0
distance_remaining: 1.649999976158142

Feedback:
    current_pose:
  header:
    stamp:
      sec: 311
      nanosec: 80000000
    frame_id: map
  pose:
    position:
      x: 1.8410138181289635
      y: -0.0006705061634501713
      z: 0.0
    orientation:
      x: 0.0
      y: 0.0
      z: 0.007160037879924507
      w: 0.9999743666002435
navigation_time:
  sec: 8
  nanosec: 120000000
estimated_time_remaining:
  sec: 6
  nanosec: 360148267
number_of_recoveries: 0
distance_remaining: 1.649999976158142

Feedback:
    current_pose:
  header:
    stamp:
      sec: 311
      nanosec: 100000000
    frame_id: map
  pose:
    position:
      x: 1.8464037097884378
      y: -0.00026092324946428574
      z: 0.0
    orientation:
      x: 0.0
      y: 0.0
      z: 0.007303253554096531
      w: 0.9999733308881414
navigation_time:
  sec: 8
  nanosec: 128000000
estimated_time_remaining:
  sec: 6
  nanosec: 365478839
number_of_recoveries: 0
distance_remaining: 1.649999976158142

Feedback:
    current_pose:
  header:
    stamp:
      sec: 311
      nanosec: 100000000
    frame_id: map
  pose:
    position:
      x: 1.8464037097884378
      y: -0.00026092324946428574
      z: 0.0
    orientation:
      x: 0.0
      y: 0.0
      z: 0.007303253554096531
      w: 0.9999733308881414
navigation_time:
  sec: 8
  nanosec: 136000000
estimated_time_remaining:
  sec: 6
  nanosec: 365478839
number_of_recoveries: 0
distance_remaining: 1.649999976158142

Feedback:
    current_pose:
  header:
    stamp:
      sec: 311
      nanosec: 100000000
    frame_id: map
  pose:
    position:
      x: 1.8464037097884378
      y: -0.00026092324946428574
      z: 0.0
    orientation:
      x: 0.0
      y: 0.0
      z: 0.007303253554096531
      w: 0.9999733308881414
navigation_time:
  sec: 8
  nanosec: 144000000
estimated_time_remaining:
  sec: 6
  nanosec: 371467153
number_of_recoveries: 0
distance_remaining: 1.649999976158142

Feedback:
    current_pose:
  header:
    stamp:
      sec: 311
      nanosec: 120000000
    frame_id: map
  pose:
    position:
      x: 1.8517759702756955
      y: 0.0001511582352955662
      z: 0.0
    orientation:
      x: 0.0
      y: 0.0
      z: 0.007462673421896243
      w: 0.9999721538649955
navigation_time:
  sec: 8
  nanosec: 152000000
estimated_time_remaining:
  sec: 6
  nanosec: 371467153
number_of_recoveries: 0
distance_remaining: 1.649999976158142

Feedback:
    current_pose:
  header:
    stamp:
      sec: 311
      nanosec: 120000000
    frame_id: map
  pose:
    position:
      x: 1.8517759702756955
      y: 0.0001511582352955662
      z: 0.0
    orientation:
      x: 0.0
      y: 0.0
      z: 0.007462673421896243
      w: 0.9999721538649955
navigation_time:
  sec: 8
  nanosec: 156000000
estimated_time_remaining:
  sec: 6
  nanosec: 371467153
number_of_recoveries: 0
distance_remaining: 1.649999976158142

Feedback:
    current_pose:
  header:
    stamp:
      sec: 311
      nanosec: 140000000
    frame_id: map
  pose:
    position:
      x: 1.857114434525476
      y: 0.0005655292965937725
      z: 0.0
    orientation:
      x: 0.0
      y: 0.0
      z: 0.007615294228740969
      w: 0.9999710032264985
navigation_time:
  sec: 8
  nanosec: 168000000
estimated_time_remaining:
  sec: 6
  nanosec: 380766774
number_of_recoveries: 0
distance_remaining: 1.649999976158142

Feedback:
    current_pose:
  header:
    stamp:
      sec: 311
      nanosec: 140000000
    frame_id: map
  pose:
    position:
      x: 1.857114434525476
      y: 0.0005655292965937725
      z: 0.0
    orientation:
      x: 0.0
      y: 0.0
      z: 0.007615294228740969
      w: 0.9999710032264985
navigation_time:
  sec: 8
  nanosec: 176000000
estimated_time_remaining:
  sec: 6
  nanosec: 380766774
number_of_recoveries: 0
distance_remaining: 1.649999976158142

Feedback:
    current_pose:
  header:
    stamp:
      sec: 311
      nanosec: 160000000
    frame_id: map
  pose:
    position:
      x: 1.8624022767781891
      y: 0.0009817745552309076
      z: 0.0
    orientation:
      x: 0.0
      y: 0.0
      z: 0.007757716549473839
      w: 0.9999699084642187
navigation_time:
  sec: 8
  nanosec: 188000000
estimated_time_remaining:
  sec: 6
  nanosec: 395574497
number_of_recoveries: 0
distance_remaining: 1.649999976158142

Feedback:
    current_pose:
  header:
    stamp:
      sec: 311
      nanosec: 160000000
    frame_id: map
  pose:
    position:
      x: 1.8624022767781891
      y: 0.0009817745552309076
      z: 0.0
    orientation:
      x: 0.0
      y: 0.0
      z: 0.007757716549473839
      w: 0.9999699084642187
navigation_time:
  sec: 8
  nanosec: 196000000
estimated_time_remaining:
  sec: 6
  nanosec: 395574497
number_of_recoveries: 0
distance_remaining: 1.649999976158142

Feedback:
    current_pose:
  header:
    stamp:
      sec: 311
      nanosec: 180000000
    frame_id: map
  pose:
    position:
      x: 1.8676848473087329
      y: 0.0014005351747582787
      z: 0.0
    orientation:
      x: 0.0
      y: 0.0
      z: 0.007898366710069925
      w: 0.999968807415168
navigation_time:
  sec: 8
  nanosec: 208000000
estimated_time_remaining:
  sec: 6
  nanosec: 315675579
number_of_recoveries: 0
distance_remaining: 1.6249998807907104

Feedback:
    current_pose:
  header:
    stamp:
      sec: 311
      nanosec: 180000000
    frame_id: map
  pose:
    position:
      x: 1.8676848473087329
      y: 0.0014005351747582787
      z: 0.0
    orientation:
      x: 0.0
      y: 0.0
      z: 0.007898366710069925
      w: 0.999968807415168
navigation_time:
  sec: 8
  nanosec: 216000000
estimated_time_remaining:
  sec: 6
  nanosec: 315675579
number_of_recoveries: 0
distance_remaining: 1.6249998807907104

Feedback:
    current_pose:
  header:
    stamp:
      sec: 311
      nanosec: 200000000
    frame_id: map
  pose:
    position:
      x: 1.8729467543642224
      y: 0.0018215014266472485
      z: 0.0
    orientation:
      x: 0.0
      y: 0.0
      z: 0.008031928697559
      w: 0.999967743540459
navigation_time:
  sec: 8
  nanosec: 224000000
estimated_time_remaining:
  sec: 6
  nanosec: 332097969
number_of_recoveries: 0
distance_remaining: 1.6249998807907104

Feedback:
    current_pose:
  header:
    stamp:
      sec: 311
      nanosec: 200000000
    frame_id: map
  pose:
    position:
      x: 1.8729467543642224
      y: 0.0018215014266472485
      z: 0.0
    orientation:
      x: 0.0
      y: 0.0
      z: 0.008031928697559
      w: 0.999967743540459
navigation_time:
  sec: 8
  nanosec: 232000000
estimated_time_remaining:
  sec: 6
  nanosec: 332097969
number_of_recoveries: 0
distance_remaining: 1.6249998807907104

Feedback:
    current_pose:
  header:
    stamp:
      sec: 311
      nanosec: 200000000
    frame_id: map
  pose:
    position:
      x: 1.8729467543642224
      y: 0.0018215014266472485
      z: 0.0
    orientation:
      x: 0.0
      y: 0.0
      z: 0.008031928697559
      w: 0.999967743540459
navigation_time:
  sec: 8
  nanosec: 240000000
estimated_time_remaining:
  sec: 6
  nanosec: 332097969
number_of_recoveries: 0
distance_remaining: 1.6249998807907104

Feedback:
    current_pose:
  header:
    stamp:
      sec: 311
      nanosec: 220000000
    frame_id: map
  pose:
    position:
      x: 1.8779575568784752
      y: 0.0025576873184277905
      z: 0.0
    orientation:
      x: 0.0
      y: 0.0
      z: 0.008258253110483171
      w: 0.9999659000463781
navigation_time:
  sec: 8
  nanosec: 248000000
estimated_time_remaining:
  sec: 6
  nanosec: 348398749
number_of_recoveries: 0
distance_remaining: 1.6249998807907104

Feedback:
    current_pose:
  header:
    stamp:
      sec: 311
      nanosec: 220000000
    frame_id: map
  pose:
    position:
      x: 1.8779575568784752
      y: 0.0025576873184277905
      z: 0.0
    orientation:
      x: 0.0
      y: 0.0
      z: 0.008258253110483171
      w: 0.9999659000463781
navigation_time:
  sec: 8
  nanosec: 256000000
estimated_time_remaining:
  sec: 6
  nanosec: 348398749
number_of_recoveries: 0
distance_remaining: 1.6249998807907104

Feedback:
    current_pose:
  header:
    stamp:
      sec: 311
      nanosec: 240000000
    frame_id: map
  pose:
    position:
      x: 1.8829353363289794
      y: 0.003297902779153386
      z: 0.0
    orientation:
      x: 0.0
      y: 0.0
      z: 0.008529586723149393
      w: 0.9999636224135018
navigation_time:
  sec: 8
  nanosec: 264000000
estimated_time_remaining:
  sec: 6
  nanosec: 364214714
number_of_recoveries: 0
distance_remaining: 1.6249998807907104

Feedback:
    current_pose:
  header:
    stamp:
      sec: 311
      nanosec: 240000000
    frame_id: map
  pose:
    position:
      x: 1.8829353363289794
      y: 0.003297902779153386
      z: 0.0
    orientation:
      x: 0.0
      y: 0.0
      z: 0.008529586723149393
      w: 0.9999636224135018
navigation_time:
  sec: 8
  nanosec: 272000000
estimated_time_remaining:
  sec: 6
  nanosec: 364214714
number_of_recoveries: 0
distance_remaining: 1.6249998807907104

Feedback:
    current_pose:
  header:
    stamp:
      sec: 311
      nanosec: 260000000
    frame_id: map
  pose:
    position:
      x: 1.8879127024711595
      y: 0.004042896349995672
      z: 0.0
    orientation:
      x: 0.0
      y: 0.0
      z: 0.008800919722156506
      w: 0.9999612711560604
navigation_time:
  sec: 8
  nanosec: 284000000
estimated_time_remaining:
  sec: 6
  nanosec: 280936326
number_of_recoveries: 0
distance_remaining: 1.5999999046325684

Feedback:
    current_pose:
  header:
    stamp:
      sec: 311
      nanosec: 260000000
    frame_id: map
  pose:
    position:
      x: 1.8879127024711595
      y: 0.004042896349995672
      z: 0.0
    orientation:
      x: 0.0
      y: 0.0
      z: 0.008800919722156506
      w: 0.9999612711560604
navigation_time:
  sec: 8
  nanosec: 292000000
estimated_time_remaining:
  sec: 6
  nanosec: 280936326
number_of_recoveries: 0
distance_remaining: 1.5999999046325684

Feedback:
    current_pose:
  header:
    stamp:
      sec: 311
      nanosec: 260000000
    frame_id: map
  pose:
    position:
      x: 1.8879127024711595
      y: 0.004042896349995672
      z: 0.0
    orientation:
      x: 0.0
      y: 0.0
      z: 0.008800919722156506
      w: 0.9999612711560604
navigation_time:
  sec: 8
  nanosec: 300000000
estimated_time_remaining:
  sec: 6
  nanosec: 280936326
number_of_recoveries: 0
distance_remaining: 1.5999999046325684

Feedback:
    current_pose:
  header:
    stamp:
      sec: 311
      nanosec: 280000000
    frame_id: map
  pose:
    position:
      x: 1.8928406783775287
      y: 0.004791626866344545
      z: 0.0
    orientation:
      x: 0.0
      y: 0.0
      z: 0.009032939164093704
      w: 0.9999592021727975
navigation_time:
  sec: 8
  nanosec: 308000000
estimated_time_remaining:
  sec: 6
  nanosec: 296669067
number_of_recoveries: 0
distance_remaining: 1.5999999046325684

Feedback:
    current_pose:
  header:
    stamp:
      sec: 311
      nanosec: 280000000
    frame_id: map
  pose:
    position:
      x: 1.8928406783775287
      y: 0.004791626866344545
      z: 0.0
    orientation:
      x: 0.0
      y: 0.0
      z: 0.009032939164093704
      w: 0.9999592021727975
navigation_time:
  sec: 8
  nanosec: 320000000
estimated_time_remaining:
  sec: 6
  nanosec: 296669067
number_of_recoveries: 0
distance_remaining: 1.5999999046325684

Feedback:
    current_pose:
  header:
    stamp:
      sec: 311
      nanosec: 300000000
    frame_id: map
  pose:
    position:
      x: 1.8977559999014186
      y: 0.005544386973826233
      z: 0.0
    orientation:
      x: 0.0
      y: 0.0
      z: 0.00925512989183547
      w: 0.9999571703681538
navigation_time:
  sec: 8
  nanosec: 328000000
estimated_time_remaining:
  sec: 6
  nanosec: 313839543
number_of_recoveries: 0
distance_remaining: 1.5999999046325684

Feedback:
    current_pose:
  header:
    stamp:
      sec: 311
      nanosec: 300000000
    frame_id: map
  pose:
    position:
      x: 1.8977559999014186
      y: 0.005544386973826233
      z: 0.0
    orientation:
      x: 0.0
      y: 0.0
      z: 0.00925512989183547
      w: 0.9999571703681538
navigation_time:
  sec: 8
  nanosec: 340000000
estimated_time_remaining:
  sec: 6
  nanosec: 313839543
number_of_recoveries: 0
distance_remaining: 1.5999999046325684

Feedback:
    current_pose:
  header:
    stamp:
      sec: 311
      nanosec: 320000000
    frame_id: map
  pose:
    position:
      x: 1.9026572697325075
      y: 0.0063010868581008656
      z: 0.0
    orientation:
      x: 0.0
      y: 0.0
      z: 0.009458297172661927
      w: 0.9999552693068795
navigation_time:
  sec: 8
  nanosec: 348000000
estimated_time_remaining:
  sec: 6
  nanosec: 331610863
number_of_recoveries: 0
distance_remaining: 1.5999999046325684

Feedback:
    current_pose:
  header:
    stamp:
      sec: 311
      nanosec: 320000000
    frame_id: map
  pose:
    position:
      x: 1.9026572697325075
      y: 0.0063010868581008656
      z: 0.0
    orientation:
      x: 0.0
      y: 0.0
      z: 0.009458297172661927
      w: 0.9999552693068795
navigation_time:
  sec: 8
  nanosec: 356000000
estimated_time_remaining:
  sec: 6
  nanosec: 331610863
number_of_recoveries: 0
distance_remaining: 1.5999999046325684

Feedback:
    current_pose:
  header:
    stamp:
      sec: 311
      nanosec: 340000000
    frame_id: map
  pose:
    position:
      x: 1.9075376724136857
      y: 0.007061232765519444
      z: 0.0
    orientation:
      x: 0.0
      y: 0.0
      z: 0.009632929589798713
      w: 0.9999536022573837
navigation_time:
  sec: 8
  nanosec: 368000000
estimated_time_remaining:
  sec: 6
  nanosec: 351106648
number_of_recoveries: 0
distance_remaining: 1.5999999046325684

Feedback:
    current_pose:
  header:
    stamp:
      sec: 311
      nanosec: 340000000
    frame_id: map
  pose:
    position:
      x: 1.9075376724136857
      y: 0.007061232765519444
      z: 0.0
    orientation:
      x: 0.0
      y: 0.0
      z: 0.009632929589798713
      w: 0.9999536022573837
navigation_time:
  sec: 8
  nanosec: 376000000
estimated_time_remaining:
  sec: 6
  nanosec: 351106648
number_of_recoveries: 0
distance_remaining: 1.5999999046325684

Feedback:
    current_pose:
  header:
    stamp:
      sec: 311
      nanosec: 360000000
    frame_id: map
  pose:
    position:
      x: 1.9124176669426016
      y: 0.007825119826975722
      z: 0.0
    orientation:
      x: 0.0
      y: 0.0
      z: 0.009807561713066102
      w: 0.9999519047100437
navigation_time:
  sec: 8
  nanosec: 384000000
estimated_time_remaining:
  sec: 6
  nanosec: 371703778
number_of_recoveries: 0
distance_remaining: 1.5999999046325684

Feedback:
    current_pose:
  header:
    stamp:
      sec: 311
      nanosec: 360000000
    frame_id: map
  pose:
    position:
      x: 1.9124176669426016
      y: 0.007825119826975722
      z: 0.0
    orientation:
      x: 0.0
      y: 0.0
      z: 0.009807561713066102
      w: 0.9999519047100437
navigation_time:
  sec: 8
  nanosec: 392000000
estimated_time_remaining:
  sec: 6
  nanosec: 371703778
number_of_recoveries: 0
distance_remaining: 1.5999999046325684

Feedback:
    current_pose:
  header:
    stamp:
      sec: 311
      nanosec: 380000000
    frame_id: map
  pose:
    position:
      x: 1.9172810580842758
      y: 0.008592361848329759
      z: 0.0
    orientation:
      x: 0.0
      y: 0.0
      z: 0.009969434195401928
      w: 0.9999503039560634
navigation_time:
  sec: 8
  nanosec: 404000000
estimated_time_remaining:
  sec: 6
  nanosec: 293158843
number_of_recoveries: 0
distance_remaining: 1.5749999284744263

Feedback:
    current_pose:
  header:
    stamp:
      sec: 311
      nanosec: 380000000
    frame_id: map
  pose:
    position:
      x: 1.9172810580842758
      y: 0.008592361848329759
      z: 0.0
    orientation:
      x: 0.0
      y: 0.0
      z: 0.009969434195401928
      w: 0.9999503039560634
navigation_time:
  sec: 8
  nanosec: 412000000
estimated_time_remaining:
  sec: 6
  nanosec: 293158843
number_of_recoveries: 0
distance_remaining: 1.5749999284744263

Feedback:
    current_pose:
  header:
    stamp:
      sec: 311
      nanosec: 380000000
    frame_id: map
  pose:
    position:
      x: 1.9172810580842758
      y: 0.008592361848329759
      z: 0.0
    orientation:
      x: 0.0
      y: 0.0
      z: 0.009969434195401928
      w: 0.9999503039560634
navigation_time:
  sec: 8
  nanosec: 420000000
estimated_time_remaining:
  sec: 6
  nanosec: 293158843
number_of_recoveries: 0
distance_remaining: 1.5749999284744263

Feedback:
    current_pose:
  header:
    stamp:
      sec: 311
      nanosec: 400000000
    frame_id: map
  pose:
    position:
      x: 1.922144039590965
      y: 0.009363208039960403
      z: 0.0
    orientation:
      x: 0.0
      y: 0.0
      z: 0.010131306412482572
      w: 0.9999486769981629
navigation_time:
  sec: 8
  nanosec: 424000000
estimated_time_remaining:
  sec: 6
  nanosec: 314915244
number_of_recoveries: 0
distance_remaining: 1.5749999284744263

Feedback:
    current_pose:
  header:
    stamp:
      sec: 311
      nanosec: 400000000
    frame_id: map
  pose:
    position:
      x: 1.922144039590965
      y: 0.009363208039960403
      z: 0.0
    orientation:
      x: 0.0
      y: 0.0
      z: 0.010131306412482572
      w: 0.9999486769981629
navigation_time:
  sec: 8
  nanosec: 432000000
estimated_time_remaining:
  sec: 6
  nanosec: 314915244
number_of_recoveries: 0
distance_remaining: 1.5749999284744263

Feedback:
    current_pose:
  header:
    stamp:
      sec: 311
      nanosec: 400000000
    frame_id: map
  pose:
    position:
      x: 1.922144039590965
      y: 0.009363208039960403
      z: 0.0
    orientation:
      x: 0.0
      y: 0.0
      z: 0.010131306412482572
      w: 0.9999486769981629
navigation_time:
  sec: 8
  nanosec: 440000000
estimated_time_remaining:
  sec: 6
  nanosec: 314915244
number_of_recoveries: 0
distance_remaining: 1.5749999284744263

Feedback:
    current_pose:
  header:
    stamp:
      sec: 311
      nanosec: 420000000
    frame_id: map
  pose:
    position:
      x: 1.9283634360490798
      y: 0.009534779591044495
      z: 0.0
    orientation:
      x: 0.0
      y: 0.0
      z: 0.010498560231678267
      w: 0.9999448885978977
navigation_time:
  sec: 8
  nanosec: 452000000
estimated_time_remaining:
  sec: 6
  nanosec: 330026963
number_of_recoveries: 0
distance_remaining: 1.5749999284744263

Feedback:
    current_pose:
  header:
    stamp:
      sec: 311
      nanosec: 440000000
    frame_id: map
  pose:
    position:
      x: 1.934611991552823
      y: 0.00971508328966687
      z: 0.0
    orientation:
      x: 0.0
      y: 0.0
      z: 0.01086581262823377
      w: 0.9999409653154171
navigation_time:
  sec: 8
  nanosec: 464000000
estimated_time_remaining:
  sec: 6
  nanosec: 235901983
number_of_recoveries: 0
distance_remaining: 1.5499999523162842

Feedback:
    current_pose:
  header:
    stamp:
      sec: 311
      nanosec: 440000000
    frame_id: map
  pose:
    position:
      x: 1.934611991552823
      y: 0.00971508328966687
      z: 0.0
    orientation:
      x: 0.0
      y: 0.0
      z: 0.01086581262823377
      w: 0.9999409653154171
navigation_time:
  sec: 8
  nanosec: 472000000
estimated_time_remaining:
  sec: 6
  nanosec: 235901983
number_of_recoveries: 0
distance_remaining: 1.5499999523162842

Feedback:
    current_pose:
  header:
    stamp:
      sec: 311
      nanosec: 440000000
    frame_id: map
  pose:
    position:
      x: 1.934611991552823
      y: 0.00971508328966687
      z: 0.0
    orientation:
      x: 0.0
      y: 0.0
      z: 0.01086581262823377
      w: 0.9999409653154171
navigation_time:
  sec: 8
  nanosec: 480000000
estimated_time_remaining:
  sec: 6
  nanosec: 235901983
number_of_recoveries: 0
distance_remaining: 1.5499999523162842

Feedback:
    current_pose:
  header:
    stamp:
      sec: 311
      nanosec: 460000000
    frame_id: map
  pose:
    position:
      x: 1.9408105711604369
      y: 0.009902205065971573
      z: 0.0
    orientation:
      x: 0.0
      y: 0.0
      z: 0.01118298595197486
      w: 0.9999374684575021
navigation_time:
  sec: 8
  nanosec: 492000000
estimated_time_remaining:
  sec: 6
  nanosec: 240946821
number_of_recoveries: 0
distance_remaining: 1.5499999523162842

Feedback:
    current_pose:
  header:
    stamp:
      sec: 311
      nanosec: 460000000
    frame_id: map
  pose:
    position:
      x: 1.9408105711604369
      y: 0.009902205065971573
      z: 0.0
    orientation:
      x: 0.0
      y: 0.0
      z: 0.01118298595197486
      w: 0.9999374684575021
navigation_time:
  sec: 8
  nanosec: 500000000
estimated_time_remaining:
  sec: 6
  nanosec: 240946821
number_of_recoveries: 0
distance_remaining: 1.5499999523162842

Feedback:
    current_pose:
  header:
    stamp:
      sec: 311
      nanosec: 480000000
    frame_id: map
  pose:
    position:
      x: 1.9469954278576216
      y: 0.010096459438793007
      z: 0.0
    orientation:
      x: 0.0
      y: 0.0
      z: 0.011487638764812513
      w: 0.999934014900788
navigation_time:
  sec: 8
  nanosec: 512000000
estimated_time_remaining:
  sec: 6
  nanosec: 245067446
number_of_recoveries: 0
distance_remaining: 1.5499999523162842

Feedback:
    current_pose:
  header:
    stamp:
      sec: 311
      nanosec: 480000000
    frame_id: map
  pose:
    position:
      x: 1.9469954278576216
      y: 0.010096459438793007
      z: 0.0
    orientation:
      x: 0.0
      y: 0.0
      z: 0.011487638764812513
      w: 0.999934014900788
navigation_time:
  sec: 8
  nanosec: 520000000
estimated_time_remaining:
  sec: 6
  nanosec: 245067446
number_of_recoveries: 0
distance_remaining: 1.5499999523162842

Feedback:
    current_pose:
  header:
    stamp:
      sec: 311
      nanosec: 500000000
    frame_id: map
  pose:
    position:
      x: 1.953112070361714
      y: 0.010296472059938295
      z: 0.0
    orientation:
      x: 0.0
      y: 0.0
      z: 0.011766902798888085
      w: 0.9999307676026985
navigation_time:
  sec: 8
  nanosec: 528000000
estimated_time_remaining:
  sec: 6
  nanosec: 250101270
number_of_recoveries: 0
distance_remaining: 1.5499999523162842

Feedback:
    current_pose:
  header:
    stamp:
      sec: 311
      nanosec: 500000000
    frame_id: map
  pose:
    position:
      x: 1.953112070361714
      y: 0.010296472059938295
      z: 0.0
    orientation:
      x: 0.0
      y: 0.0
      z: 0.011766902798888085
      w: 0.9999307676026985
navigation_time:
  sec: 8
  nanosec: 536000000
estimated_time_remaining:
  sec: 6
  nanosec: 250101270
number_of_recoveries: 0
distance_remaining: 1.5499999523162842

Feedback:
    current_pose:
  header:
    stamp:
      sec: 311
      nanosec: 520000000
    frame_id: map
  pose:
    position:
      x: 1.9591272215489186
      y: 0.01050082843936581
      z: 0.0
    orientation:
      x: 0.0
      y: 0.0
      z: 0.012008084413624586
      w: 0.9999279003551782
navigation_time:
  sec: 8
  nanosec: 544000000
estimated_time_remaining:
  sec: 6
  nanosec: 260702066
number_of_recoveries: 0
distance_remaining: 1.5499999523162842

Feedback:
    current_pose:
  header:
    stamp:
      sec: 311
      nanosec: 520000000
    frame_id: map
  pose:
    position:
      x: 1.9591272215489186
      y: 0.01050082843936581
      z: 0.0
    orientation:
      x: 0.0
      y: 0.0
      z: 0.012008084413624586
      w: 0.9999279003551782
navigation_time:
  sec: 8
  nanosec: 552000000
estimated_time_remaining:
  sec: 6
  nanosec: 260702066
number_of_recoveries: 0
distance_remaining: 1.5499999523162842

Feedback:
    current_pose:
  header:
    stamp:
      sec: 311
      nanosec: 520000000
    frame_id: map
  pose:
    position:
      x: 1.9591272215489186
      y: 0.01050082843936581
      z: 0.0
    orientation:
      x: 0.0
      y: 0.0
      z: 0.012008084413624586
      w: 0.9999279003551782
navigation_time:
  sec: 8
  nanosec: 560000000
estimated_time_remaining:
  sec: 6
  nanosec: 260702066
number_of_recoveries: 0
distance_remaining: 1.5499999523162842

Feedback:
    current_pose:
  header:
    stamp:
      sec: 311
      nanosec: 540000000
    frame_id: map
  pose:
    position:
      x: 1.9651554671551752
      y: 0.010711964746460585
      z: 0.0
    orientation:
      x: 0.0
      y: 0.0
      z: 0.012197479378292596
      w: 0.9999256079813217
navigation_time:
  sec: 8
  nanosec: 568000000
estimated_time_remaining:
  sec: 6
  nanosec: 273901809
number_of_recoveries: 0
distance_remaining: 1.5499999523162842

Feedback:
    current_pose:
  header:
    stamp:
      sec: 311
      nanosec: 540000000
    frame_id: map
  pose:
    position:
      x: 1.9651554671551752
      y: 0.010711964746460585
      z: 0.0
    orientation:
      x: 0.0
      y: 0.0
      z: 0.012197479378292596
      w: 0.9999256079813217
navigation_time:
  sec: 8
  nanosec: 576000000
estimated_time_remaining:
  sec: 6
  nanosec: 273901809
number_of_recoveries: 0
distance_remaining: 1.5499999523162842

Feedback:
    current_pose:
  header:
    stamp:
      sec: 311
      nanosec: 560000000
    frame_id: map
  pose:
    position:
      x: 1.971204189799103
      y: 0.010929161352963072
      z: 0.0
    orientation:
      x: 0.0
      y: 0.0
      z: 0.012309195059128312
      w: 0.9999242389886327
navigation_time:
  sec: 8
  nanosec: 584000000
estimated_time_remaining:
  sec: 6
  nanosec: 284390541
number_of_recoveries: 0
distance_remaining: 1.5499999523162842

Feedback:
    current_pose:
  header:
    stamp:
      sec: 311
      nanosec: 560000000
    frame_id: map
  pose:
    position:
      x: 1.971204189799103
      y: 0.010929161352963072
      z: 0.0
    orientation:
      x: 0.0
      y: 0.0
      z: 0.012309195059128312
      w: 0.9999242389886327
navigation_time:
  sec: 8
  nanosec: 588000000
estimated_time_remaining:
  sec: 6
  nanosec: 284390541
number_of_recoveries: 0
distance_remaining: 1.5499999523162842

Feedback:
    current_pose:
  header:
    stamp:
      sec: 311
      nanosec: 560000000
    frame_id: map
  pose:
    position:
      x: 1.971204189799103
      y: 0.010929161352963072
      z: 0.0
    orientation:
      x: 0.0
      y: 0.0
      z: 0.012309195059128312
      w: 0.9999242389886327
navigation_time:
  sec: 8
  nanosec: 600000000
estimated_time_remaining:
  sec: 6
  nanosec: 284390541
number_of_recoveries: 0
distance_remaining: 1.5499999523162842

Feedback:
    current_pose:
  header:
    stamp:
      sec: 311
      nanosec: 580000000
    frame_id: map
  pose:
    position:
      x: 1.9772309786529467
      y: 0.011151125921454754
      z: 0.0
    orientation:
      x: 0.0
      y: 0.0
      z: 0.012406354354664549
      w: 0.9999230382242558
navigation_time:
  sec: 8
  nanosec: 608000000
estimated_time_remaining:
  sec: 6
  nanosec: 90522750
number_of_recoveries: 0
distance_remaining: 1.4999998807907104

Feedback:
    current_pose:
  header:
    stamp:
      sec: 311
      nanosec: 580000000
    frame_id: map
  pose:
    position:
      x: 1.9772309786529467
      y: 0.011151125921454754
      z: 0.0
    orientation:
      x: 0.0
      y: 0.0
      z: 0.012406354354664549
      w: 0.9999230382242558
navigation_time:
  sec: 8
  nanosec: 616000000
estimated_time_remaining:
  sec: 6
  nanosec: 90522750
number_of_recoveries: 0
distance_remaining: 1.4999998807907104

Feedback:
    current_pose:
  header:
    stamp:
      sec: 311
      nanosec: 600000000
    frame_id: map
  pose:
    position:
      x: 1.983225680634591
      y: 0.01137730491111472
      z: 0.0
    orientation:
      x: 0.0
      y: 0.0
      z: 0.012481679205636
      w: 0.9999221008079617
navigation_time:
  sec: 8
  nanosec: 624000000
estimated_time_remaining:
  sec: 6
  nanosec: 99473240
number_of_recoveries: 0
distance_remaining: 1.4999998807907104

Feedback:
    current_pose:
  header:
    stamp:
      sec: 311
      nanosec: 600000000
    frame_id: map
  pose:
    position:
      x: 1.983225680634591
      y: 0.01137730491111472
      z: 0.0
    orientation:
      x: 0.0
      y: 0.0
      z: 0.012481679205636
      w: 0.9999221008079617
navigation_time:
  sec: 8
  nanosec: 632000000
estimated_time_remaining:
  sec: 6
  nanosec: 99473240
number_of_recoveries: 0
distance_remaining: 1.4999998807907104

Feedback:
    current_pose:
  header:
    stamp:
      sec: 311
      nanosec: 620000000
    frame_id: map
  pose:
    position:
      x: 1.9888225294918722
      y: 0.011624584611481137
      z: 0.0
    orientation:
      x: 0.0
      y: 0.0
      z: 0.01241095716194905
      w: 0.999922981105207
navigation_time:
  sec: 8
  nanosec: 640000000
estimated_time_remaining:
  sec: 6
  nanosec: 99473240
number_of_recoveries: 0
distance_remaining: 1.4999998807907104

Feedback:
    current_pose:
  header:
    stamp:
      sec: 311
      nanosec: 620000000
    frame_id: map
  pose:
    position:
      x: 1.9888225294918722
      y: 0.011624584611481137
      z: 0.0
    orientation:
      x: 0.0
      y: 0.0
      z: 0.01241095716194905
      w: 0.999922981105207
navigation_time:
  sec: 8
  nanosec: 656000000
estimated_time_remaining:
  sec: 6
  nanosec: 108029822
number_of_recoveries: 0
distance_remaining: 1.4999998807907104

Feedback:
    current_pose:
  header:
    stamp:
      sec: 311
      nanosec: 640000000
    frame_id: map
  pose:
    position:
      x: 1.9943389488235295
      y: 0.011871983259073527
      z: 0.0
    orientation:
      x: 0.0
      y: 0.0
      z: 0.012355967015579455
      w: 0.9999236621258196
navigation_time:
  sec: 8
  nanosec: 664000000
estimated_time_remaining:
  sec: 6
  nanosec: 119488418
number_of_recoveries: 0
distance_remaining: 1.4999998807907104

Feedback:
    current_pose:
  header:
    stamp:
      sec: 311
      nanosec: 640000000
    frame_id: map
  pose:
    position:
      x: 1.9943389488235295
      y: 0.011871983259073527
      z: 0.0
    orientation:
      x: 0.0
      y: 0.0
      z: 0.012355967015579455
      w: 0.9999236621258196
navigation_time:
  sec: 8
  nanosec: 676000000
estimated_time_remaining:
  sec: 6
  nanosec: 119488418
number_of_recoveries: 0
distance_remaining: 1.4999998807907104

Feedback:
    current_pose:
  header:
    stamp:
      sec: 311
      nanosec: 660000000
    frame_id: map
  pose:
    position:
      x: 1.9998546723898645
      y: 0.012121528079222276
      z: 0.0
    orientation:
      x: 0.0
      y: 0.0
      z: 0.012300976831946198
      w: 0.9999243401222814
navigation_time:
  sec: 8
  nanosec: 684000000
estimated_time_remaining:
  sec: 6
  nanosec: 132778265
number_of_recoveries: 0
distance_remaining: 1.4999998807907104

Feedback:
    current_pose:
  header:
    stamp:
      sec: 311
      nanosec: 660000000
    frame_id: map
  pose:
    position:
      x: 1.9998546723898645
      y: 0.012121528079222276
      z: 0.0
    orientation:
      x: 0.0
      y: 0.0
      z: 0.012300976831946198
      w: 0.9999243401222814
navigation_time:
  sec: 8
  nanosec: 692000000
estimated_time_remaining:
  sec: 6
  nanosec: 132778265
number_of_recoveries: 0
distance_remaining: 1.4999998807907104

Feedback:
    current_pose:
  header:
    stamp:
      sec: 311
      nanosec: 680000000
    frame_id: map
  pose:
    position:
      x: 2.0053976386249235
      y: 0.012373740869561074
      z: 0.0
    orientation:
      x: 0.0
      y: 0.0
      z: 0.012201412599176389
      w: 0.9999255599946352
navigation_time:
  sec: 8
  nanosec: 704000000
estimated_time_remaining:
  sec: 6
  nanosec: 144221785
number_of_recoveries: 0
distance_remaining: 1.4999998807907104

Feedback:
    current_pose:
  header:
    stamp:
      sec: 311
      nanosec: 680000000
    frame_id: map
  pose:
    position:
      x: 2.0053976386249235
      y: 0.012373740869561074
      z: 0.0
    orientation:
      x: 0.0
      y: 0.0
      z: 0.012201412599176389
      w: 0.9999255599946352
navigation_time:
  sec: 8
  nanosec: 712000000
estimated_time_remaining:
  sec: 6
  nanosec: 144221785
number_of_recoveries: 0
distance_remaining: 1.4999998807907104

Feedback:
    current_pose:
  header:
    stamp:
      sec: 311
      nanosec: 680000000
    frame_id: map
  pose:
    position:
      x: 2.0053976386249235
      y: 0.012373740869561074
      z: 0.0
    orientation:
      x: 0.0
      y: 0.0
      z: 0.012201412599176389
      w: 0.9999255599946352
navigation_time:
  sec: 8
  nanosec: 720000000
estimated_time_remaining:
  sec: 6
  nanosec: 144221785
number_of_recoveries: 0
distance_remaining: 1.4999998807907104

Feedback:
    current_pose:
  header:
    stamp:
      sec: 311
      nanosec: 700000000
    frame_id: map
  pose:
    position:
      x: 2.0109469029545055
      y: 0.012627766597249507
      z: 0.0
    orientation:
      x: 0.0
      y: 0.0
      z: 0.01209070470299657
      w: 0.9999269047584354
navigation_time:
  sec: 8
  nanosec: 728000000
estimated_time_remaining:
  sec: 6
  nanosec: 153690661
number_of_recoveries: 0
distance_remaining: 1.4999998807907104

Feedback:
    current_pose:
  header:
    stamp:
      sec: 311
      nanosec: 700000000
    frame_id: map
  pose:
    position:
      x: 2.0109469029545055
      y: 0.012627766597249507
      z: 0.0
    orientation:
      x: 0.0
      y: 0.0
      z: 0.01209070470299657
      w: 0.9999269047584354
navigation_time:
  sec: 8
  nanosec: 736000000
estimated_time_remaining:
  sec: 6
  nanosec: 153690661
number_of_recoveries: 0
distance_remaining: 1.4999998807907104

Feedback:
    current_pose:
  header:
    stamp:
      sec: 311
      nanosec: 720000000
    frame_id: map
  pose:
    position:
      x: 2.016494372153092
      y: 0.012883389895708192
      z: 0.0
    orientation:
      x: 0.0
      y: 0.0
      z: 0.011976716778415867
      w: 0.9999282765554786
navigation_time:
  sec: 8
  nanosec: 744000000
estimated_time_remaining:
  sec: 6
  nanosec: 59610185
number_of_recoveries: 0
distance_remaining: 1.4749999046325684

Feedback:
    current_pose:
  header:
    stamp:
      sec: 311
      nanosec: 720000000
    frame_id: map
  pose:
    position:
      x: 2.016494372153092
      y: 0.012883389895708192
      z: 0.0
    orientation:
      x: 0.0
      y: 0.0
      z: 0.011976716778415867
      w: 0.9999282765554786
navigation_time:
  sec: 8
  nanosec: 756000000
estimated_time_remaining:
  sec: 6
  nanosec: 59610185
number_of_recoveries: 0
distance_remaining: 1.4749999046325684

Feedback:
    current_pose:
  header:
    stamp:
      sec: 311
      nanosec: 740000000
    frame_id: map
  pose:
    position:
      x: 2.022039492193472
      y: 0.013140538613879623
      z: 0.0
    orientation:
      x: 0.0
      y: 0.0
      z: 0.011857808864509564
      w: 0.9999296937129794
navigation_time:
  sec: 8
  nanosec: 760000000
estimated_time_remaining:
  sec: 6
  nanosec: 59610185
number_of_recoveries: 0
distance_remaining: 1.4749999046325684

Feedback:
    current_pose:
  header:
    stamp:
      sec: 311
      nanosec: 740000000
    frame_id: map
  pose:
    position:
      x: 2.022039492193472
      y: 0.013140538613879623
      z: 0.0
    orientation:
      x: 0.0
      y: 0.0
      z: 0.011857808864509564
      w: 0.9999296937129794
navigation_time:
  sec: 8
  nanosec: 768000000
estimated_time_remaining:
  sec: 6
  nanosec: 74713296
number_of_recoveries: 0
distance_remaining: 1.4749999046325684

Feedback:
    current_pose:
  header:
    stamp:
      sec: 311
      nanosec: 740000000
    frame_id: map
  pose:
    position:
      x: 2.022039492193472
      y: 0.013140538613879623
      z: 0.0
    orientation:
      x: 0.0
      y: 0.0
      z: 0.011857808864509564
      w: 0.9999296937129794
navigation_time:
  sec: 8
  nanosec: 776000000
estimated_time_remaining:
  sec: 6
  nanosec: 74713296
number_of_recoveries: 0
distance_remaining: 1.4749999046325684

Feedback:
    current_pose:
  header:
    stamp:
      sec: 311
      nanosec: 760000000
    frame_id: map
  pose:
    position:
      x: 2.027595347341414
      y: 0.013399519139958597
      z: 0.0
    orientation:
      x: 0.0
      y: 0.0
      z: 0.011742395905589006
      w: 0.9999310556925394
navigation_time:
  sec: 8
  nanosec: 784000000
estimated_time_remaining:
  sec: 6
  nanosec: 97256928
number_of_recoveries: 0
distance_remaining: 1.4749999046325684

Feedback:
    current_pose:
  header:
    stamp:
      sec: 311
      nanosec: 760000000
    frame_id: map
  pose:
    position:
      x: 2.027595347341414
      y: 0.013399519139958597
      z: 0.0
    orientation:
      x: 0.0
      y: 0.0
      z: 0.011742395905589006
      w: 0.9999310556925394
navigation_time:
  sec: 8
  nanosec: 792000000
estimated_time_remaining:
  sec: 6
  nanosec: 97256928
number_of_recoveries: 0
distance_remaining: 1.4749999046325684

Feedback:
    current_pose:
  header:
    stamp:
      sec: 311
      nanosec: 760000000
    frame_id: map
  pose:
    position:
      x: 2.027595347341414
      y: 0.013399519139958597
      z: 0.0
    orientation:
      x: 0.0
      y: 0.0
      z: 0.011742395905589006
      w: 0.9999310556925394
navigation_time:
  sec: 8
  nanosec: 800000000
estimated_time_remaining:
  sec: 6
  nanosec: 97256928
number_of_recoveries: 0
distance_remaining: 1.4749999046325684

Feedback:
    current_pose:
  header:
    stamp:
      sec: 311
      nanosec: 780000000
    frame_id: map
  pose:
    position:
      x: 2.0331581278692763
      y: 0.013660286902201097
      z: 0.0
    orientation:
      x: 0.0
      y: 0.0
      z: 0.011629312878074314
      w: 0.9999323772545741
navigation_time:
  sec: 8
  nanosec: 808000000
estimated_time_remaining:
  sec: 6
  nanosec: 118517206
number_of_recoveries: 0
distance_remaining: 1.4749999046325684

Feedback:
    current_pose:
  header:
    stamp:
      sec: 311
      nanosec: 780000000
    frame_id: map
  pose:
    position:
      x: 2.0331581278692763
      y: 0.013660286902201097
      z: 0.0
    orientation:
      x: 0.0
      y: 0.0
      z: 0.011629312878074314
      w: 0.9999323772545741
navigation_time:
  sec: 8
  nanosec: 816000000
estimated_time_remaining:
  sec: 6
  nanosec: 118517206
number_of_recoveries: 0
distance_remaining: 1.4749999046325684

Feedback:
    current_pose:
  header:
    stamp:
      sec: 311
      nanosec: 800000000
    frame_id: map
  pose:
    position:
      x: 2.0386893076409036
      y: 0.013921849541006384
      z: 0.0
    orientation:
      x: 0.0
      y: 0.0
      z: 0.011481815431554122
      w: 0.9999340817845923
navigation_time:
  sec: 8
  nanosec: 824000000
estimated_time_remaining:
  sec: 6
  nanosec: 34402417
number_of_recoveries: 0
distance_remaining: 1.4499999284744263

Feedback:
    current_pose:
  header:
    stamp:
      sec: 311
      nanosec: 800000000
    frame_id: map
  pose:
    position:
      x: 2.0386893076409036
      y: 0.013921849541006384
      z: 0.0
    orientation:
      x: 0.0
      y: 0.0
      z: 0.011481815431554122
      w: 0.9999340817845923
navigation_time:
  sec: 8
  nanosec: 832000000
estimated_time_remaining:
  sec: 6
  nanosec: 34402417
number_of_recoveries: 0
distance_remaining: 1.4499999284744263

Feedback:
    current_pose:
  header:
    stamp:
      sec: 311
      nanosec: 800000000
    frame_id: map
  pose:
    position:
      x: 2.0386893076409036
      y: 0.013921849541006384
      z: 0.0
    orientation:
      x: 0.0
      y: 0.0
      z: 0.011481815431554122
      w: 0.9999340817845923
navigation_time:
  sec: 8
  nanosec: 840000000
estimated_time_remaining:
  sec: 6
  nanosec: 34402417
number_of_recoveries: 0
distance_remaining: 1.4499999284744263

Feedback:
    current_pose:
  header:
    stamp:
      sec: 311
      nanosec: 820000000
    frame_id: map
  pose:
    position:
      x: 2.043941263034358
      y: 0.014477325576115151
      z: 0.0
    orientation:
      x: 0.0
      y: 0.0
      z: 0.01116458792891701
      w: 0.9999376740459264
navigation_time:
  sec: 8
  nanosec: 848000000
estimated_time_remaining:
  sec: 6
  nanosec: 53047620
number_of_recoveries: 0
distance_remaining: 1.4499999284744263

Feedback:
    current_pose:
  header:
    stamp:
      sec: 311
      nanosec: 820000000
    frame_id: map
  pose:
    position:
      x: 2.043941263034358
      y: 0.014477325576115151
      z: 0.0
    orientation:
      x: 0.0
      y: 0.0
      z: 0.01116458792891701
      w: 0.9999376740459264
navigation_time:
  sec: 8
  nanosec: 860000000
estimated_time_remaining:
  sec: 6
  nanosec: 53047620
number_of_recoveries: 0
distance_remaining: 1.4499999284744263

Feedback:
    current_pose:
  header:
    stamp:
      sec: 311
      nanosec: 840000000
    frame_id: map
  pose:
    position:
      x: 2.0492298874260637
      y: 0.015031841945151413
      z: 0.0
    orientation:
      x: 0.0
      y: 0.0
      z: 0.010823090495313008
      w: 0.9999414286407632
navigation_time:
  sec: 8
  nanosec: 872000000
estimated_time_remaining:
  sec: 6
  nanosec: 64561152
number_of_recoveries: 0
distance_remaining: 1.4499999284744263

Feedback:
    current_pose:
  header:
    stamp:
      sec: 311
      nanosec: 860000000
    frame_id: map
  pose:
    position:
      x: 2.05458555133738
      y: 0.015585602392910063
      z: 0.0
    orientation:
      x: 0.0
      y: 0.0
      z: 0.01044518839595155
      w: 0.9999454475317006
navigation_time:
  sec: 8
  nanosec: 884000000
estimated_time_remaining:
  sec: 6
  nanosec: 68605124
number_of_recoveries: 0
distance_remaining: 1.4499999284744263

Feedback:
    current_pose:
  header:
    stamp:
      sec: 311
      nanosec: 860000000
    frame_id: map
  pose:
    position:
      x: 2.05458555133738
      y: 0.015585602392910063
      z: 0.0
    orientation:
      x: 0.0
      y: 0.0
      z: 0.01044518839595155
      w: 0.9999454475317006
navigation_time:
  sec: 8
  nanosec: 892000000
estimated_time_remaining:
  sec: 6
  nanosec: 68605124
number_of_recoveries: 0
distance_remaining: 1.4499999284744263

Feedback:
    current_pose:
  header:
    stamp:
      sec: 311
      nanosec: 860000000
    frame_id: map
  pose:
    position:
      x: 2.05458555133738
      y: 0.015585602392910063
      z: 0.0
    orientation:
      x: 0.0
      y: 0.0
      z: 0.01044518839595155
      w: 0.9999454475317006
navigation_time:
  sec: 8
  nanosec: 900000000
estimated_time_remaining:
  sec: 6
  nanosec: 68605124
number_of_recoveries: 0
distance_remaining: 1.4499999284744263

Feedback:
    current_pose:
  header:
    stamp:
      sec: 311
      nanosec: 880000000
    frame_id: map
  pose:
    position:
      x: 2.0599411120741236
      y: 0.0161370219034275
      z: 0.0
    orientation:
      x: 0.0
      y: 0.0
      z: 0.010067284804621941
      w: 0.9999493236042827
navigation_time:
  sec: 8
  nanosec: 908000000
estimated_time_remaining:
  sec: 6
  nanosec: 71450081
number_of_recoveries: 0
distance_remaining: 1.4499999284744263

Feedback:
    current_pose:
  header:
    stamp:
      sec: 311
      nanosec: 880000000
    frame_id: map
  pose:
    position:
      x: 2.0599411120741236
      y: 0.0161370219034275
      z: 0.0
    orientation:
      x: 0.0
      y: 0.0
      z: 0.010067284804621941
      w: 0.9999493236042827
navigation_time:
  sec: 8
  nanosec: 916000000
estimated_time_remaining:
  sec: 6
  nanosec: 71450081
number_of_recoveries: 0
distance_remaining: 1.4499999284744263

Feedback:
    current_pose:
  header:
    stamp:
      sec: 311
      nanosec: 900000000
    frame_id: map
  pose:
    position:
      x: 2.0652876488615726
      y: 0.01668555859914529
      z: 0.0
    orientation:
      x: 0.0
      y: 0.0
      z: 0.009613804071310647
      w: 0.999953786317787
navigation_time:
  sec: 8
  nanosec: 924000000
estimated_time_remaining:
  sec: 5
  nanosec: 969987191
number_of_recoveries: 0
distance_remaining: 1.4249999523162842

Feedback:
    current_pose:
  header:
    stamp:
      sec: 311
      nanosec: 900000000
    frame_id: map
  pose:
    position:
      x: 2.0652876488615726
      y: 0.01668555859914529
      z: 0.0
    orientation:
      x: 0.0
      y: 0.0
      z: 0.009613804071310647
      w: 0.999953786317787
navigation_time:
  sec: 8
  nanosec: 932000000
estimated_time_remaining:
  sec: 5
  nanosec: 969987191
number_of_recoveries: 0
distance_remaining: 1.4249999523162842

Feedback:
    current_pose:
  header:
    stamp:
      sec: 311
      nanosec: 920000000
    frame_id: map
  pose:
    position:
      x: 2.0706340917998793
      y: 0.017231030078664986
      z: 0.0
    orientation:
      x: 0.0
      y: 0.0
      z: 0.009160321336841122
      w: 0.9999580433763239
navigation_time:
  sec: 8
  nanosec: 940000000
estimated_time_remaining:
  sec: 5
  nanosec: 971570465
number_of_recoveries: 0
distance_remaining: 1.4249999523162842

Feedback:
    current_pose:
  header:
    stamp:
      sec: 311
      nanosec: 920000000
    frame_id: map
  pose:
    position:
      x: 2.0706340917998793
      y: 0.017231030078664986
      z: 0.0
    orientation:
      x: 0.0
      y: 0.0
      z: 0.009160321336841122
      w: 0.9999580433763239
navigation_time:
  sec: 8
  nanosec: 952000000
estimated_time_remaining:
  sec: 5
  nanosec: 971570465
number_of_recoveries: 0
distance_remaining: 1.4249999523162842

Feedback:
    current_pose:
  header:
    stamp:
      sec: 311
      nanosec: 920000000
    frame_id: map
  pose:
    position:
      x: 2.0706340917998793
      y: 0.017231030078664986
      z: 0.0
    orientation:
      x: 0.0
      y: 0.0
      z: 0.009160321336841122
      w: 0.9999580433763239
navigation_time:
  sec: 8
  nanosec: 960000000
estimated_time_remaining:
  sec: 5
  nanosec: 971570465
number_of_recoveries: 0
distance_remaining: 1.4249999523162842

Feedback:
    current_pose:
  header:
    stamp:
      sec: 311
      nanosec: 940000000
    frame_id: map
  pose:
    position:
      x: 2.0758634376144087
      y: 0.017771406370578096
      z: 0.0
    orientation:
      x: 0.0
      y: 0.0
      z: 0.008723662731775675
      w: 0.9999619481302988
navigation_time:
  sec: 8
  nanosec: 968000000
estimated_time_remaining:
  sec: 5
  nanosec: 975761210
number_of_recoveries: 0
distance_remaining: 1.4249999523162842

Feedback:
    current_pose:
  header:
    stamp:
      sec: 311
      nanosec: 940000000
    frame_id: map
  pose:
    position:
      x: 2.0758634376144087
      y: 0.017771406370578096
      z: 0.0
    orientation:
      x: 0.0
      y: 0.0
      z: 0.008723662731775675
      w: 0.9999619481302988
navigation_time:
  sec: 8
  nanosec: 976000000
estimated_time_remaining:
  sec: 5
  nanosec: 975761210
number_of_recoveries: 0
distance_remaining: 1.4249999523162842

Feedback:
    current_pose:
  header:
    stamp:
      sec: 311
      nanosec: 960000000
    frame_id: map
  pose:
    position:
      x: 2.081063428854526
      y: 0.018308470378502147
      z: 0.0
    orientation:
      x: 0.0
      y: 0.0
      z: 0.008291208990600225
      w: 0.9999656273359971
navigation_time:
  sec: 8
  nanosec: 984000000
estimated_time_remaining:
  sec: 5
  nanosec: 981784474
number_of_recoveries: 0
distance_remaining: 1.4249999523162842

Feedback:
    current_pose:
  header:
    stamp:
      sec: 311
      nanosec: 960000000
    frame_id: map
  pose:
    position:
      x: 2.081063428854526
      y: 0.018308470378502147
      z: 0.0
    orientation:
      x: 0.0
      y: 0.0
      z: 0.008291208990600225
      w: 0.9999656273359971
navigation_time:
  sec: 8
  nanosec: 996000000
estimated_time_remaining:
  sec: 5
  nanosec: 981784474
number_of_recoveries: 0
distance_remaining: 1.4249999523162842

Feedback:
    current_pose:
  header:
    stamp:
      sec: 311
      nanosec: 980000000
    frame_id: map
  pose:
    position:
      x: 2.0863103774462703
      y: 0.018843431818972273
      z: 0.0
    orientation:
      x: 0.0
      y: 0.0
      z: 0.007829830511452935
      w: 0.9999693464072595
navigation_time:
  sec: 9
  nanosec: 4000000
estimated_time_remaining:
  sec: 5
  nanosec: 983986277
number_of_recoveries: 0
distance_remaining: 1.4249999523162842

Feedback:
    current_pose:
  header:
    stamp:
      sec: 311
      nanosec: 980000000
    frame_id: map
  pose:
    position:
      x: 2.0863103774462703
      y: 0.018843431818972273
      z: 0.0
    orientation:
      x: 0.0
      y: 0.0
      z: 0.007829830511452935
      w: 0.9999693464072595
navigation_time:
  sec: 9
  nanosec: 12000000
estimated_time_remaining:
  sec: 5
  nanosec: 983986277
number_of_recoveries: 0
distance_remaining: 1.4249999523162842

Feedback:
    current_pose:
  header:
    stamp:
      sec: 312
      nanosec: 0
    frame_id: map
  pose:
    position:
      x: 2.091588598374696
      y: 0.019375662402294335
      z: 0.0
    orientation:
      x: 0.0
      y: 0.0
      z: 0.0073491681436582456
      w: 0.9999729944991494
navigation_time:
  sec: 9
  nanosec: 24000000
estimated_time_remaining:
  sec: 5
  nanosec: 879219803
number_of_recoveries: 0
distance_remaining: 1.399999976158142

Feedback:
    current_pose:
  header:
    stamp:
      sec: 312
      nanosec: 0
    frame_id: map
  pose:
    position:
      x: 2.091588598374696
      y: 0.019375662402294335
      z: 0.0
    orientation:
      x: 0.0
      y: 0.0
      z: 0.0073491681436582456
      w: 0.9999729944991494
navigation_time:
  sec: 9
  nanosec: 32000000
estimated_time_remaining:
  sec: 5
  nanosec: 879219803
number_of_recoveries: 0
distance_remaining: 1.399999976158142

Feedback:
    current_pose:
  header:
    stamp:
      sec: 312
      nanosec: 0
    frame_id: map
  pose:
    position:
      x: 2.091588598374696
      y: 0.019375662402294335
      z: 0.0
    orientation:
      x: 0.0
      y: 0.0
      z: 0.0073491681436582456
      w: 0.9999729944991494
navigation_time:
  sec: 9
  nanosec: 40000000
estimated_time_remaining:
  sec: 5
  nanosec: 879219803
number_of_recoveries: 0
distance_remaining: 1.399999976158142

Feedback:
    current_pose:
  header:
    stamp:
      sec: 312
      nanosec: 20000000
    frame_id: map
  pose:
    position:
      x: 2.096802800002849
      y: 0.019561871030357312
      z: 0.0
    orientation:
      x: 0.0
      y: 0.0
      z: 0.006793564938062651
      w: 0.9999769234714531
navigation_time:
  sec: 9
  nanosec: 48000000
estimated_time_remaining:
  sec: 5
  nanosec: 879868476
number_of_recoveries: 0
distance_remaining: 1.399999976158142

Feedback:
    current_pose:
  header:
    stamp:
      sec: 312
      nanosec: 20000000
    frame_id: map
  pose:
    position:
      x: 2.096802800002849
      y: 0.019561871030357312
      z: 0.0
    orientation:
      x: 0.0
      y: 0.0
      z: 0.006793564938062651
      w: 0.9999769234714531
navigation_time:
  sec: 9
  nanosec: 60000000
estimated_time_remaining:
  sec: 5
  nanosec: 879868476
number_of_recoveries: 0
distance_remaining: 1.399999976158142

Feedback:
    current_pose:
  header:
    stamp:
      sec: 312
      nanosec: 40000000
    frame_id: map
  pose:
    position:
      x: 2.102005512827278
      y: 0.01974322255059666
      z: 0.0
    orientation:
      x: 0.0
      y: 0.0
      z: 0.0062150050752214575
      w: 0.9999806866694553
navigation_time:
  sec: 9
  nanosec: 64000000
estimated_time_remaining:
  sec: 5
  nanosec: 881484324
number_of_recoveries: 0
distance_remaining: 1.399999976158142

Feedback:
    current_pose:
  header:
    stamp:
      sec: 312
      nanosec: 40000000
    frame_id: map
  pose:
    position:
      x: 2.102005512827278
      y: 0.01974322255059666
      z: 0.0
    orientation:
      x: 0.0
      y: 0.0
      z: 0.0062150050752214575
      w: 0.9999806866694553
navigation_time:
  sec: 9
  nanosec: 72000000
estimated_time_remaining:
  sec: 5
  nanosec: 881484324
number_of_recoveries: 0
distance_remaining: 1.399999976158142

Feedback:
    current_pose:
  header:
    stamp:
      sec: 312
      nanosec: 60000000
    frame_id: map
  pose:
    position:
      x: 2.1072242350280916
      y: 0.019919998538828428
      z: 0.0
    orientation:
      x: 0.0
      y: 0.0
      z: 0.005635955559711985
      w: 0.9999841178763437
navigation_time:
  sec: 9
  nanosec: 84000000
estimated_time_remaining:
  sec: 5
  nanosec: 882820358
number_of_recoveries: 0
distance_remaining: 1.399999976158142

Feedback:
    current_pose:
  header:
    stamp:
      sec: 312
      nanosec: 60000000
    frame_id: map
  pose:
    position:
      x: 2.1072242350280916
      y: 0.019919998538828428
      z: 0.0
    orientation:
      x: 0.0
      y: 0.0
      z: 0.005635955559711985
      w: 0.9999841178763437
navigation_time:
  sec: 9
  nanosec: 88000000
estimated_time_remaining:
  sec: 5
  nanosec: 882820358
number_of_recoveries: 0
distance_remaining: 1.399999976158142

Feedback:
    current_pose:
  header:
    stamp:
      sec: 312
      nanosec: 80000000
    frame_id: map
  pose:
    position:
      x: 2.1126097290169623
      y: 0.02009378613666266
      z: 0.0
    orientation:
      x: 0.0
      y: 0.0
      z: 0.005054953855083784
      w: 0.9999872236391439
navigation_time:
  sec: 9
  nanosec: 100000000
estimated_time_remaining:
  sec: 5
  nanosec: 772523975
number_of_recoveries: 0
distance_remaining: 1.3749998807907104

Feedback:
    current_pose:
  header:
    stamp:
      sec: 312
      nanosec: 80000000
    frame_id: map
  pose:
    position:
      x: 2.1126097290169623
      y: 0.02009378613666266
      z: 0.0
    orientation:
      x: 0.0
      y: 0.0
      z: 0.005054953855083784
      w: 0.9999872236391439
navigation_time:
  sec: 9
  nanosec: 112000000
estimated_time_remaining:
  sec: 5
  nanosec: 772523975
number_of_recoveries: 0
distance_remaining: 1.3749998807907104

Feedback:
    current_pose:
  header:
    stamp:
      sec: 312
      nanosec: 80000000
    frame_id: map
  pose:
    position:
      x: 2.1126097290169623
      y: 0.02009378613666266
      z: 0.0
    orientation:
      x: 0.0
      y: 0.0
      z: 0.005054953855083784
      w: 0.9999872236391439
navigation_time:
  sec: 9
  nanosec: 120000000
estimated_time_remaining:
  sec: 5
  nanosec: 772523975
number_of_recoveries: 0
distance_remaining: 1.3749998807907104

Feedback:
    current_pose:
  header:
    stamp:
      sec: 312
      nanosec: 100000000
    frame_id: map
  pose:
    position:
      x: 2.1180009180590766
      y: 0.020262666078295945
      z: 0.0
    orientation:
      x: 0.0
      y: 0.0
      z: 0.004473950443755649
      w: 0.9999899918336318
navigation_time:
  sec: 9
  nanosec: 128000000
estimated_time_remaining:
  sec: 5
  nanosec: 761494156
number_of_recoveries: 0
distance_remaining: 1.3749998807907104

Feedback:
    current_pose:
  header:
    stamp:
      sec: 312
      nanosec: 100000000
    frame_id: map
  pose:
    position:
      x: 2.1180009180590766
      y: 0.020262666078295945
      z: 0.0
    orientation:
      x: 0.0
      y: 0.0
      z: 0.004473950443755649
      w: 0.9999899918336318
navigation_time:
  sec: 9
  nanosec: 136000000
estimated_time_remaining:
  sec: 5
  nanosec: 761494156
number_of_recoveries: 0
distance_remaining: 1.3749998807907104

Feedback:
    current_pose:
  header:
    stamp:
      sec: 312
      nanosec: 120000000
    frame_id: map
  pose:
    position:
      x: 2.1235801214099923
      y: 0.020428229554727603
      z: 0.0
    orientation:
      x: 0.0
      y: 0.0
      z: 0.003909911403327564
      w: 0.9999923562671958
navigation_time:
  sec: 9
  nanosec: 148000000
estimated_time_remaining:
  sec: 5
  nanosec: 742362720
number_of_recoveries: 0
distance_remaining: 1.3749998807907104

Feedback:
    current_pose:
  header:
    stamp:
      sec: 312
      nanosec: 120000000
    frame_id: map
  pose:
    position:
      x: 2.1235801214099923
      y: 0.020428229554727603
      z: 0.0
    orientation:
      x: 0.0
      y: 0.0
      z: 0.003909911403327564
      w: 0.9999923562671958
navigation_time:
  sec: 9
  nanosec: 156000000
estimated_time_remaining:
  sec: 5
  nanosec: 742362720
number_of_recoveries: 0
distance_remaining: 1.3749998807907104

Feedback:
    current_pose:
  header:
    stamp:
      sec: 312
      nanosec: 140000000
    frame_id: map
  pose:
    position:
      x: 2.129204663969045
      y: 0.020589157242098546
      z: 0.0
    orientation:
      x: 0.0
      y: 0.0
      z: 0.003345871123773001
      w: 0.9999944025575459
navigation_time:
  sec: 9
  nanosec: 168000000
estimated_time_remaining:
  sec: 5
  nanosec: 712772097
number_of_recoveries: 0
distance_remaining: 1.3749998807907104

Feedback:
    current_pose:
  header:
    stamp:
      sec: 312
      nanosec: 140000000
    frame_id: map
  pose:
    position:
      x: 2.129204663969045
      y: 0.020589157242098546
      z: 0.0
    orientation:
      x: 0.0
      y: 0.0
      z: 0.003345871123773001
      w: 0.9999944025575459
navigation_time:
  sec: 9
  nanosec: 176000000
estimated_time_remaining:
  sec: 5
  nanosec: 712772097
number_of_recoveries: 0
distance_remaining: 1.3749998807907104

Feedback:
    current_pose:
  header:
    stamp:
      sec: 312
      nanosec: 160000000
    frame_id: map
  pose:
    position:
      x: 2.1349232101960562
      y: 0.0207454520035702
      z: 0.0
    orientation:
      x: 0.0
      y: 0.0
      z: 0.002734314787516142
      w: 0.9999962617543342
navigation_time:
  sec: 9
  nanosec: 184000000
estimated_time_remaining:
  sec: 5
  nanosec: 678966385
number_of_recoveries: 0
distance_remaining: 1.3749998807907104

Feedback:
    current_pose:
  header:
    stamp:
      sec: 312
      nanosec: 160000000
    frame_id: map
  pose:
    position:
      x: 2.1349232101960562
      y: 0.0207454520035702
      z: 0.0
    orientation:
      x: 0.0
      y: 0.0
      z: 0.002734314787516142
      w: 0.9999962617543342
navigation_time:
  sec: 9
  nanosec: 196000000
estimated_time_remaining:
  sec: 5
  nanosec: 678966385
number_of_recoveries: 0
distance_remaining: 1.3749998807907104

Feedback:
    current_pose:
  header:
    stamp:
      sec: 312
      nanosec: 180000000
    frame_id: map
  pose:
    position:
      x: 2.1407778174085323
      y: 0.020896559553267066
      z: 0.0
    orientation:
      x: 0.0
      y: 0.0
      z: 0.0020910806742636197
      w: 0.9999978136884169
navigation_time:
  sec: 9
  nanosec: 208000000
estimated_time_remaining:
  sec: 5
  nanosec: 538429579
number_of_recoveries: 0
distance_remaining: 1.3499999046325684

Feedback:
    current_pose:
  header:
    stamp:
      sec: 312
      nanosec: 180000000
    frame_id: map
  pose:
    position:
      x: 2.1407778174085323
      y: 0.020896559553267066
      z: 0.0
    orientation:
      x: 0.0
      y: 0.0
      z: 0.0020910806742636197
      w: 0.9999978136884169
navigation_time:
  sec: 9
  nanosec: 216000000
estimated_time_remaining:
  sec: 5
  nanosec: 538429579
number_of_recoveries: 0
distance_remaining: 1.3499999046325684

Feedback:
    current_pose:
  header:
    stamp:
      sec: 312
      nanosec: 200000000
    frame_id: map
  pose:
    position:
      x: 2.1466324006304953
      y: 0.021041557489365585
      z: 0.0
    orientation:
      x: 0.0
      y: 0.0
      z: 0.001447845695780926
      w: 0.9999989518708713
navigation_time:
  sec: 9
  nanosec: 224000000
estimated_time_remaining:
  sec: 5
  nanosec: 499228586
number_of_recoveries: 0
distance_remaining: 1.3499999046325684

Feedback:
    current_pose:
  header:
    stamp:
      sec: 312
      nanosec: 200000000
    frame_id: map
  pose:
    position:
      x: 2.1466324006304953
      y: 0.021041557489365585
      z: 0.0
    orientation:
      x: 0.0
      y: 0.0
      z: 0.001447845695780926
      w: 0.9999989518708713
navigation_time:
  sec: 9
  nanosec: 232000000
estimated_time_remaining:
  sec: 5
  nanosec: 499228586
number_of_recoveries: 0
distance_remaining: 1.3499999046325684

Feedback:
    current_pose:
  header:
    stamp:
      sec: 312
      nanosec: 220000000
    frame_id: map
  pose:
    position:
      x: 2.1522412774333053
      y: 0.021053390570401925
      z: 0.0
    orientation:
      x: 0.0
      y: 0.0
      z: 0.0006689742476877851
      w: 0.9999997762367031
navigation_time:
  sec: 9
  nanosec: 240000000
estimated_time_remaining:
  sec: 5
  nanosec: 452549342
number_of_recoveries: 0
distance_remaining: 1.3499999046325684

Feedback:
    current_pose:
  header:
    stamp:
      sec: 312
      nanosec: 220000000
    frame_id: map
  pose:
    position:
      x: 2.1522412774333053
      y: 0.021053390570401925
      z: 0.0
    orientation:
      x: 0.0
      y: 0.0
      z: 0.0006689742476877851
      w: 0.9999997762367031
navigation_time:
  sec: 9
  nanosec: 248000000
estimated_time_remaining:
  sec: 5
  nanosec: 452549342
number_of_recoveries: 0
distance_remaining: 1.3499999046325684

Feedback:
    current_pose:
  header:
    stamp:
      sec: 312
      nanosec: 220000000
    frame_id: map
  pose:
    position:
      x: 2.1522412774333053
      y: 0.021053390570401925
      z: 0.0
    orientation:
      x: 0.0
      y: 0.0
      z: 0.0006689742476877851
      w: 0.9999997762367031
navigation_time:
  sec: 9
  nanosec: 260000000
estimated_time_remaining:
  sec: 5
  nanosec: 452549342
number_of_recoveries: 0
distance_remaining: 1.3499999046325684

Feedback:
    current_pose:
  header:
    stamp:
      sec: 312
      nanosec: 240000000
    frame_id: map
  pose:
    position:
      x: 2.1579464471923044
      y: 0.02105658019805305
      z: 0.0
    orientation:
      x: 0.0
      y: 0.0
      z: -0.00010989762593929509
      w: 0.9999999939612558
navigation_time:
  sec: 9
  nanosec: 268000000
estimated_time_remaining:
  sec: 5
  nanosec: 395538203
number_of_recoveries: 0
distance_remaining: 1.3499999046325684

Feedback:
    current_pose:
  header:
    stamp:
      sec: 312
      nanosec: 240000000
    frame_id: map
  pose:
    position:
      x: 2.1579464471923044
      y: 0.02105658019805305
      z: 0.0
    orientation:
      x: 0.0
      y: 0.0
      z: -0.00010989762593929509
      w: 0.9999999939612558
navigation_time:
  sec: 9
  nanosec: 280000000
estimated_time_remaining:
  sec: 5
  nanosec: 395538203
number_of_recoveries: 0
distance_remaining: 1.3499999046325684

Feedback:
    current_pose:
  header:
    stamp:
      sec: 312
      nanosec: 260000000
    frame_id: map
  pose:
    position:
      x: 2.1637631956374817
      y: 0.02105087316435171
      z: 0.0
    orientation:
      x: 0.0
      y: 0.0
      z: -0.0008704142696678264
      w: 0.9999996211894279
navigation_time:
  sec: 9
  nanosec: 288000000
estimated_time_remaining:
  sec: 5
  nanosec: 230321881
number_of_recoveries: 0
distance_remaining: 1.3249999284744263

Feedback:
    current_pose:
  header:
    stamp:
      sec: 312
      nanosec: 260000000
    frame_id: map
  pose:
    position:
      x: 2.1637631956374817
      y: 0.02105087316435171
      z: 0.0
    orientation:
      x: 0.0
      y: 0.0
      z: -0.0008704142696678264
      w: 0.9999996211894279
navigation_time:
  sec: 9
  nanosec: 296000000
estimated_time_remaining:
  sec: 5
  nanosec: 230321881
number_of_recoveries: 0
distance_remaining: 1.3249999284744263

Feedback:
    current_pose:
  header:
    stamp:
      sec: 312
      nanosec: 280000000
    frame_id: map
  pose:
    position:
      x: 2.1695878238041604
      y: 0.021036303726471015
      z: 0.0
    orientation:
      x: 0.0
      y: 0.0
      z: -0.0016309304044406087
      w: 0.9999986700321235
navigation_time:
  sec: 9
  nanosec: 304000000
estimated_time_remaining:
  sec: 5
  nanosec: 158261830
number_of_recoveries: 0
distance_remaining: 1.3249999284744263

Feedback:
    current_pose:
  header:
    stamp:
      sec: 312
      nanosec: 280000000
    frame_id: map
  pose:
    position:
      x: 2.1695878238041604
      y: 0.021036303726471015
      z: 0.0
    orientation:
      x: 0.0
      y: 0.0
      z: -0.0016309304044406087
      w: 0.9999986700321235
navigation_time:
  sec: 9
  nanosec: 312000000
estimated_time_remaining:
  sec: 5
  nanosec: 158261830
number_of_recoveries: 0
distance_remaining: 1.3249999284744263

Feedback:
    current_pose:
  header:
    stamp:
      sec: 312
      nanosec: 300000000
    frame_id: map
  pose:
    position:
      x: 2.175556562987982
      y: 0.021012395227592264
      z: 0.0
    orientation:
      x: 0.0
      y: 0.0
      z: -0.002362640611022626
      w: 0.9999972089607766
navigation_time:
  sec: 9
  nanosec: 320000000
estimated_time_remaining:
  sec: 5
  nanosec: 84065950
number_of_recoveries: 0
distance_remaining: 1.3249999284744263

Feedback:
    current_pose:
  header:
    stamp:
      sec: 312
      nanosec: 300000000
    frame_id: map
  pose:
    position:
      x: 2.175556562987982
      y: 0.021012395227592264
      z: 0.0
    orientation:
      x: 0.0
      y: 0.0
      z: -0.002362640611022626
      w: 0.9999972089607766
navigation_time:
  sec: 9
  nanosec: 332000000
estimated_time_remaining:
  sec: 5
  nanosec: 84065950
number_of_recoveries: 0
distance_remaining: 1.3249999284744263

Feedback:
    current_pose:
  header:
    stamp:
      sec: 312
      nanosec: 320000000
    frame_id: map
  pose:
    position:
      x: 2.181621822561195
      y: 0.020979340472865513
      z: 0.0
    orientation:
      x: 0.0
      y: 0.0
      z: -0.0030871483069521287
      w: 0.9999952347463116
navigation_time:
  sec: 9
  nanosec: 344000000
estimated_time_remaining:
  sec: 5
  nanosec: 7172507
number_of_recoveries: 0
distance_remaining: 1.3249999284744263

Feedback:
    current_pose:
  header:
    stamp:
      sec: 312
      nanosec: 320000000
    frame_id: map
  pose:
    position:
      x: 2.181621822561195
      y: 0.020979340472865513
      z: 0.0
    orientation:
      x: 0.0
      y: 0.0
      z: -0.0030871483069521287
      w: 0.9999952347463116
navigation_time:
  sec: 9
  nanosec: 356000000
estimated_time_remaining:
  sec: 5
  nanosec: 7172507
number_of_recoveries: 0
distance_remaining: 1.3249999284744263

Feedback:
    current_pose:
  header:
    stamp:
      sec: 312
      nanosec: 340000000
    frame_id: map
  pose:
    position:
      x: 2.1877030275548393
      y: 0.020937395064798876
      z: 0.0
    orientation:
      x: 0.0
      y: 0.0
      z: -0.0037972937398054684
      w: 0.9999927902541366
navigation_time:
  sec: 9
  nanosec: 364000000
estimated_time_remaining:
  sec: 4
  nanosec: 837003064
number_of_recoveries: 0
distance_remaining: 1.2999999523162842

Feedback:
    current_pose:
  header:
    stamp:
      sec: 312
      nanosec: 340000000
    frame_id: map
  pose:
    position:
      x: 2.1877030275548393
      y: 0.020937395064798876
      z: 0.0
    orientation:
      x: 0.0
      y: 0.0
      z: -0.0037972937398054684
      w: 0.9999927902541366
navigation_time:
  sec: 9
  nanosec: 372000000
estimated_time_remaining:
  sec: 4
  nanosec: 837003064
number_of_recoveries: 0
distance_remaining: 1.2999999523162842

Feedback:
    current_pose:
  header:
    stamp:
      sec: 312
      nanosec: 360000000
    frame_id: map
  pose:
    position:
      x: 2.1939585397658754
      y: 0.020885798766413992
      z: 0.0
    orientation:
      x: 0.0
      y: 0.0
      z: -0.004449994814975645
      w: 0.9999900987240558
navigation_time:
  sec: 9
  nanosec: 384000000
estimated_time_remaining:
  sec: 4
  nanosec: 757897353
number_of_recoveries: 0
distance_remaining: 1.2999999523162842

Feedback:
    current_pose:
  header:
    stamp:
      sec: 312
      nanosec: 360000000
    frame_id: map
  pose:
    position:
      x: 2.1939585397658754
      y: 0.020885798766413992
      z: 0.0
    orientation:
      x: 0.0
      y: 0.0
      z: -0.004449994814975645
      w: 0.9999900987240558
navigation_time:
  sec: 9
  nanosec: 392000000
estimated_time_remaining:
  sec: 4
  nanosec: 757897353
number_of_recoveries: 0
distance_remaining: 1.2999999523162842

Feedback:
    current_pose:
  header:
    stamp:
      sec: 312
      nanosec: 380000000
    frame_id: map
  pose:
    position:
      x: 2.200221572799025
      y: 0.020825967910298827
      z: 0.0
    orientation:
      x: 0.0
      y: 0.0
      z: -0.005102693981223824
      w: 0.999986981172322
navigation_time:
  sec: 9
  nanosec: 404000000
estimated_time_remaining:
  sec: 4
  nanosec: 676667427
number_of_recoveries: 0
distance_remaining: 1.2999999523162842

Feedback:
    current_pose:
  header:
    stamp:
      sec: 312
      nanosec: 380000000
    frame_id: map
  pose:
    position:
      x: 2.200221572799025
      y: 0.020825967910298827
      z: 0.0
    orientation:
      x: 0.0
      y: 0.0
      z: -0.005102693981223824
      w: 0.999986981172322
navigation_time:
  sec: 9
  nanosec: 412000000
estimated_time_remaining:
  sec: 4
  nanosec: 676667427
number_of_recoveries: 0
distance_remaining: 1.2999999523162842

Feedback:
    current_pose:
  header:
    stamp:
      sec: 312
      nanosec: 400000000
    frame_id: map
  pose:
    position:
      x: 2.206681278809373
      y: 0.020755905180072313
      z: 0.0
    orientation:
      x: 0.0
      y: 0.0
      z: -0.0057395080926277865
      w: 0.9999835288877786
navigation_time:
  sec: 9
  nanosec: 424000000
estimated_time_remaining:
  sec: 4
  nanosec: 597616114
number_of_recoveries: 0
distance_remaining: 1.2999999523162842

Feedback:
    current_pose:
  header:
    stamp:
      sec: 312
      nanosec: 400000000
    frame_id: map
  pose:
    position:
      x: 2.206681278809373
      y: 0.020755905180072313
      z: 0.0
    orientation:
      x: 0.0
      y: 0.0
      z: -0.0057395080926277865
      w: 0.9999835288877786
navigation_time:
  sec: 9
  nanosec: 436000000
estimated_time_remaining:
  sec: 4
  nanosec: 597616114
number_of_recoveries: 0
distance_remaining: 1.2999999523162842

Feedback:
    current_pose:
  header:
    stamp:
      sec: 312
      nanosec: 420000000
    frame_id: map
  pose:
    position:
      x: 2.2138390357068554
      y: 0.020777165813618038
      z: 0.0
    orientation:
      x: 0.0
      y: 0.0
      z: -0.006369978126141326
      w: 0.9999797114835243
navigation_time:
  sec: 9
  nanosec: 444000000
estimated_time_remaining:
  sec: 4
  nanosec: 519241762
number_of_recoveries: 0
distance_remaining: 1.2999999523162842

Feedback:
    current_pose:
  header:
    stamp:
      sec: 312
      nanosec: 420000000
    frame_id: map
  pose:
    position:
      x: 2.2138390357068554
      y: 0.020777165813618038
      z: 0.0
    orientation:
      x: 0.0
      y: 0.0
      z: -0.006369978126141326
      w: 0.9999797114835243
navigation_time:
  sec: 9
  nanosec: 452000000
estimated_time_remaining:
  sec: 4
  nanosec: 519241762
number_of_recoveries: 0
distance_remaining: 1.2999999523162842

Feedback:
    current_pose:
  header:
    stamp:
      sec: 312
      nanosec: 440000000
    frame_id: map
  pose:
    position:
      x: 2.221044684574968
      y: 0.02078966868670727
      z: 0.0
    orientation:
      x: 0.0
      y: 0.0
      z: -0.006986824700379993
      w: 0.9999755918424239
navigation_time:
  sec: 9
  nanosec: 464000000
estimated_time_remaining:
  sec: 4
  nanosec: 445645073
number_of_recoveries: 0
distance_remaining: 1.2999999523162842

Feedback:
    current_pose:
  header:
    stamp:
      sec: 312
      nanosec: 440000000
    frame_id: map
  pose:
    position:
      x: 2.221044684574968
      y: 0.02078966868670727
      z: 0.0
    orientation:
      x: 0.0
      y: 0.0
      z: -0.006986824700379993
      w: 0.9999755918424239
navigation_time:
  sec: 9
  nanosec: 472000000
estimated_time_remaining:
  sec: 4
  nanosec: 445645073
number_of_recoveries: 0
distance_remaining: 1.2999999523162842

Feedback:
    current_pose:
  header:
    stamp:
      sec: 312
      nanosec: 440000000
    frame_id: map
  pose:
    position:
      x: 2.221044684574968
      y: 0.02078966868670727
      z: 0.0
    orientation:
      x: 0.0
      y: 0.0
      z: -0.006986824700379993
      w: 0.9999755918424239
navigation_time:
  sec: 9
  nanosec: 480000000
estimated_time_remaining:
  sec: 4
  nanosec: 445645073
number_of_recoveries: 0
distance_remaining: 1.2999999523162842

Feedback:
    current_pose:
  header:
    stamp:
      sec: 312
      nanosec: 460000000
    frame_id: map
  pose:
    position:
      x: 2.22837647737033
      y: 0.02079252711491053
      z: 0.0
    orientation:
      x: 0.0
      y: 0.0
      z: -0.007583237288706328
      w: 0.9999712468427396
navigation_time:
  sec: 9
  nanosec: 488000000
estimated_time_remaining:
  sec: 4
  nanosec: 207468221
number_of_recoveries: 0
distance_remaining: 1.2499998807907104

Feedback:
    current_pose:
  header:
    stamp:
      sec: 312
      nanosec: 460000000
    frame_id: map
  pose:
    position:
      x: 2.22837647737033
      y: 0.02079252711491053
      z: 0.0
    orientation:
      x: 0.0
      y: 0.0
      z: -0.007583237288706328
      w: 0.9999712468427396
navigation_time:
  sec: 9
  nanosec: 500000000
estimated_time_remaining:
  sec: 4
  nanosec: 207468221
number_of_recoveries: 0
distance_remaining: 1.2499998807907104

Feedback:
    current_pose:
  header:
    stamp:
      sec: 312
      nanosec: 480000000
    frame_id: map
  pose:
    position:
      x: 2.2357081500745943
      y: 0.020787491675180993
      z: 0.0
    orientation:
      x: 0.0
      y: 0.0
      z: -0.008179647179488167
      w: 0.9999665461264285
navigation_time:
  sec: 9
  nanosec: 508000000
estimated_time_remaining:
  sec: 4
  nanosec: 142638375
number_of_recoveries: 0
distance_remaining: 1.2499998807907104

Feedback:
    current_pose:
  header:
    stamp:
      sec: 312
      nanosec: 480000000
    frame_id: map
  pose:
    position:
      x: 2.2357081500745943
      y: 0.020787491675180993
      z: 0.0
    orientation:
      x: 0.0
      y: 0.0
      z: -0.008179647179488167
      w: 0.9999665461264285
navigation_time:
  sec: 9
  nanosec: 520000000
estimated_time_remaining:
  sec: 4
  nanosec: 142638375
number_of_recoveries: 0
distance_remaining: 1.2499998807907104

Feedback:
    current_pose:
  header:
    stamp:
      sec: 312
      nanosec: 500000000
    frame_id: map
  pose:
    position:
      x: 2.2432251019981635
      y: 0.020771443619270986
      z: 0.0
    orientation:
      x: 0.0
      y: 0.0
      z: -0.008770014171395729
      w: 0.9999615426862344
navigation_time:
  sec: 9
  nanosec: 532000000
estimated_time_remaining:
  sec: 4
  nanosec: 80705549
number_of_recoveries: 0
distance_remaining: 1.2499998807907104

Feedback:
    current_pose:
  header:
    stamp:
      sec: 312
      nanosec: 500000000
    frame_id: map
  pose:
    position:
      x: 2.2432251019981635
      y: 0.020771443619270986
      z: 0.0
    orientation:
      x: 0.0
      y: 0.0
      z: -0.008770014171395729
      w: 0.9999615426862344
navigation_time:
  sec: 9
  nanosec: 536000000
estimated_time_remaining:
  sec: 4
  nanosec: 80705549
number_of_recoveries: 0
distance_remaining: 1.2499998807907104

Feedback:
    current_pose:
  header:
    stamp:
      sec: 312
      nanosec: 520000000
    frame_id: map
  pose:
    position:
      x: 2.2507855291456105
      y: 0.020746593157044413
      z: 0.0
    orientation:
      x: 0.0
      y: 0.0
      z: -0.009360378105096687
      w: 0.9999561907012373
navigation_time:
  sec: 9
  nanosec: 544000000
estimated_time_remaining:
  sec: 4
  nanosec: 18719364
number_of_recoveries: 0
distance_remaining: 1.2499998807907104

Feedback:
    current_pose:
  header:
    stamp:
      sec: 312
      nanosec: 520000000
    frame_id: map
  pose:
    position:
      x: 2.2507855291456105
      y: 0.020746593157044413
      z: 0.0
    orientation:
      x: 0.0
      y: 0.0
      z: -0.009360378105096687
      w: 0.9999561907012373
navigation_time:
  sec: 9
  nanosec: 556000000
estimated_time_remaining:
  sec: 4
  nanosec: 18719364
number_of_recoveries: 0
distance_remaining: 1.2499998807907104

Feedback:
    current_pose:
  header:
    stamp:
      sec: 312
      nanosec: 540000000
    frame_id: map
  pose:
    position:
      x: 2.2584162718901335
      y: 0.020712220299057154
      z: 0.0
    orientation:
      x: 0.0
      y: 0.0
      z: -0.009965450491453373
      w: 0.9999503436653755
navigation_time:
  sec: 9
  nanosec: 560000000
estimated_time_remaining:
  sec: 3
  nanosec: 960743320
number_of_recoveries: 0
distance_remaining: 1.2499998807907104

Feedback:
    current_pose:
  header:
    stamp:
      sec: 312
      nanosec: 540000000
    frame_id: map
  pose:
    position:
      x: 2.2584162718901335
      y: 0.020712220299057154
      z: 0.0
    orientation:
      x: 0.0
      y: 0.0
      z: -0.009965450491453373
      w: 0.9999503436653755
navigation_time:
  sec: 9
  nanosec: 568000000
estimated_time_remaining:
  sec: 3
  nanosec: 960743320
number_of_recoveries: 0
distance_remaining: 1.2499998807907104

Feedback:
    current_pose:
  header:
    stamp:
      sec: 312
      nanosec: 540000000
    frame_id: map
  pose:
    position:
      x: 2.2584162718901335
      y: 0.020712220299057154
      z: 0.0
    orientation:
      x: 0.0
      y: 0.0
      z: -0.009965450491453373
      w: 0.9999503436653755
navigation_time:
  sec: 9
  nanosec: 576000000
estimated_time_remaining:
  sec: 3
  nanosec: 960743320
number_of_recoveries: 0
distance_remaining: 1.2499998807907104

Feedback:
    current_pose:
  header:
    stamp:
      sec: 312
      nanosec: 560000000
    frame_id: map
  pose:
    position:
      x: 2.2661125547479903
      y: 0.02066804012481595
      z: 0.0
    orientation:
      x: 0.0
      y: 0.0
      z: -0.010580326990545959
      w: 0.9999440267738854
navigation_time:
  sec: 9
  nanosec: 588000000
estimated_time_remaining:
  sec: 3
  nanosec: 829769876
number_of_recoveries: 0
distance_remaining: 1.2249999046325684

Feedback:
    current_pose:
  header:
    stamp:
      sec: 312
      nanosec: 560000000
    frame_id: map
  pose:
    position:
      x: 2.2661125547479903
      y: 0.02066804012481595
      z: 0.0
    orientation:
      x: 0.0
      y: 0.0
      z: -0.010580326990545959
      w: 0.9999440267738854
navigation_time:
  sec: 9
  nanosec: 596000000
estimated_time_remaining:
  sec: 3
  nanosec: 829769876
number_of_recoveries: 0
distance_remaining: 1.2249999046325684

Feedback:
    current_pose:
  header:
    stamp:
      sec: 312
      nanosec: 580000000
    frame_id: map
  pose:
    position:
      x: 2.2738583273948936
      y: 0.020614218633521895
      z: 0.0
    orientation:
      x: 0.0
      y: 0.0
      z: -0.01118646361640191
      w: 0.9999374295583494
navigation_time:
  sec: 9
  nanosec: 608000000
estimated_time_remaining:
  sec: 3
  nanosec: 781058700
number_of_recoveries: 0
distance_remaining: 1.2249999046325684

Feedback:
    current_pose:
  header:
    stamp:
      sec: 312
      nanosec: 580000000
    frame_id: map
  pose:
    position:
      x: 2.2738583273948936
      y: 0.020614218633521895
      z: 0.0
    orientation:
      x: 0.0
      y: 0.0
      z: -0.01118646361640191
      w: 0.9999374295583494
navigation_time:
  sec: 9
  nanosec: 616000000
estimated_time_remaining:
  sec: 3
  nanosec: 781058700
number_of_recoveries: 0
distance_remaining: 1.2249999046325684

Feedback:
    current_pose:
  header:
    stamp:
      sec: 312
      nanosec: 600000000
    frame_id: map
  pose:
    position:
      x: 2.2816384262578486
      y: 0.020551162029954377
      z: 0.0
    orientation:
      x: 0.0
      y: 0.0
      z: -0.011786772249462393
      w: 0.9999305335871783
navigation_time:
  sec: 9
  nanosec: 624000000
estimated_time_remaining:
  sec: 3
  nanosec: 734198258
number_of_recoveries: 0
distance_remaining: 1.2249999046325684

Feedback:
    current_pose:
  header:
    stamp:
      sec: 312
      nanosec: 600000000
    frame_id: map
  pose:
    position:
      x: 2.2816384262578486
      y: 0.020551162029954377
      z: 0.0
    orientation:
      x: 0.0
      y: 0.0
      z: -0.011786772249462393
      w: 0.9999305335871783
navigation_time:
  sec: 9
  nanosec: 636000000
estimated_time_remaining:
  sec: 3
  nanosec: 734198258
number_of_recoveries: 0
distance_remaining: 1.2249999046325684

Feedback:
    current_pose:
  header:
    stamp:
      sec: 312
      nanosec: 620000000
    frame_id: map
  pose:
    position:
      x: 2.288791308334538
      y: 0.02037814730555869
      z: 0.0
    orientation:
      x: 0.0
      y: 0.0
      z: -0.012401010671098032
      w: 0.9999231045107094
navigation_time:
  sec: 9
  nanosec: 644000000
estimated_time_remaining:
  sec: 3
  nanosec: 614936332
number_of_recoveries: 0
distance_remaining: 1.1999999284744263

Feedback:
    current_pose:
  header:
    stamp:
      sec: 312
      nanosec: 620000000
    frame_id: map
  pose:
    position:
      x: 2.288791308334538
      y: 0.02037814730555869
      z: 0.0
    orientation:
      x: 0.0
      y: 0.0
      z: -0.012401010671098032
      w: 0.9999231045107094
navigation_time:
  sec: 9
  nanosec: 656000000
estimated_time_remaining:
  sec: 3
  nanosec: 614936332
number_of_recoveries: 0
distance_remaining: 1.1999999284744263

Feedback:
    current_pose:
  header:
    stamp:
      sec: 312
      nanosec: 640000000
    frame_id: map
  pose:
    position:
      x: 2.2961772085970824
      y: 0.0201901406207518
      z: 0.0
    orientation:
      x: 0.0
      y: 0.0
      z: -0.013045614822935406
      w: 0.9999149023461404
navigation_time:
  sec: 9
  nanosec: 668000000
estimated_time_remaining:
  sec: 3
  nanosec: 572741022
number_of_recoveries: 0
distance_remaining: 1.1999999284744263

Feedback:
    current_pose:
  header:
    stamp:
      sec: 312
      nanosec: 640000000
    frame_id: map
  pose:
    position:
      x: 2.2961772085970824
      y: 0.0201901406207518
      z: 0.0
    orientation:
      x: 0.0
      y: 0.0
      z: -0.013045614822935406
      w: 0.9999149023461404
navigation_time:
  sec: 9
  nanosec: 676000000
estimated_time_remaining:
  sec: 3
  nanosec: 572741022
number_of_recoveries: 0
distance_remaining: 1.1999999284744263

Feedback:
    current_pose:
  header:
    stamp:
      sec: 312
      nanosec: 660000000
    frame_id: map
  pose:
    position:
      x: 2.3035957280004764
      y: 0.019991747165199816
      z: 0.0
    orientation:
      x: 0.0
      y: 0.0
      z: -0.013690213554103476
      w: 0.9999062846351369
navigation_time:
  sec: 9
  nanosec: 688000000
estimated_time_remaining:
  sec: 3
  nanosec: 529026263
number_of_recoveries: 0
distance_remaining: 1.1999999284744263

Feedback:
    current_pose:
  header:
    stamp:
      sec: 312
      nanosec: 660000000
    frame_id: map
  pose:
    position:
      x: 2.3035957280004764
      y: 0.019991747165199816
      z: 0.0
    orientation:
      x: 0.0
      y: 0.0
      z: -0.013690213554103476
      w: 0.9999062846351369
navigation_time:
  sec: 9
  nanosec: 696000000
estimated_time_remaining:
  sec: 3
  nanosec: 529026263
number_of_recoveries: 0
distance_remaining: 1.1999999284744263

Feedback:
    current_pose:
  header:
    stamp:
      sec: 312
      nanosec: 680000000
    frame_id: map
  pose:
    position:
      x: 2.3110858135162267
      y: 0.01978178590111633
      z: 0.0
    orientation:
      x: 0.0
      y: 0.0
      z: -0.014327748956996397
      w: 0.9998973525366618
navigation_time:
  sec: 9
  nanosec: 708000000
estimated_time_remaining:
  sec: 3
  nanosec: 487724242
number_of_recoveries: 0
distance_remaining: 1.1999999284744263

Feedback:
    current_pose:
  header:
    stamp:
      sec: 312
      nanosec: 680000000
    frame_id: map
  pose:
    position:
      x: 2.3110858135162267
      y: 0.01978178590111633
      z: 0.0
    orientation:
      x: 0.0
      y: 0.0
      z: -0.014327748956996397
      w: 0.9998973525366618
navigation_time:
  sec: 9
  nanosec: 716000000
estimated_time_remaining:
  sec: 3
  nanosec: 487724242
number_of_recoveries: 0
distance_remaining: 1.1999999284744263

Feedback:
    current_pose:
  header:
    stamp:
      sec: 312
      nanosec: 700000000
    frame_id: map
  pose:
    position:
      x: 2.3186433823918344
      y: 0.019560366143903954
      z: 0.0
    orientation:
      x: 0.0
      y: 0.0
      z: -0.014960573480536251
      w: 0.9998880843580112
navigation_time:
  sec: 9
  nanosec: 724000000
estimated_time_remaining:
  sec: 3
  nanosec: 376198916
number_of_recoveries: 0
distance_remaining: 1.1749999523162842

Feedback:
    current_pose:
  header:
    stamp:
      sec: 312
      nanosec: 700000000
    frame_id: map
  pose:
    position:
      x: 2.3186433823918344
      y: 0.019560366143903954
      z: 0.0
    orientation:
      x: 0.0
      y: 0.0
      z: -0.014960573480536251
      w: 0.9998880843580112
navigation_time:
  sec: 9
  nanosec: 736000000
estimated_time_remaining:
  sec: 3
  nanosec: 376198916
number_of_recoveries: 0
distance_remaining: 1.1749999523162842

Feedback:
    current_pose:
  header:
    stamp:
      sec: 312
      nanosec: 720000000
    frame_id: map
  pose:
    position:
      x: 2.32621665654238
      y: 0.019328861470592172
      z: 0.0
    orientation:
      x: 0.0
      y: 0.0
      z: -0.015607752124978735
      w: 0.9998781916181617
navigation_time:
  sec: 9
  nanosec: 744000000
estimated_time_remaining:
  sec: 3
  nanosec: 339996887
number_of_recoveries: 0
distance_remaining: 1.1749999523162842

Feedback:
    current_pose:
  header:
    stamp:
      sec: 312
      nanosec: 720000000
    frame_id: map
  pose:
    position:
      x: 2.32621665654238
      y: 0.019328861470592172
      z: 0.0
    orientation:
      x: 0.0
      y: 0.0
      z: -0.015607752124978735
      w: 0.9998781916181617
navigation_time:
  sec: 9
  nanosec: 756000000
estimated_time_remaining:
  sec: 3
  nanosec: 339996887
number_of_recoveries: 0
distance_remaining: 1.1749999523162842

Feedback:
    current_pose:
  header:
    stamp:
      sec: 312
      nanosec: 740000000
    frame_id: map
  pose:
    position:
      x: 2.3338923406987573
      y: 0.01908375906505958
      z: 0.0
    orientation:
      x: 0.0
      y: 0.0
      z: -0.01631236410810489
      w: 0.9998669445367242
navigation_time:
  sec: 9
  nanosec: 768000000
estimated_time_remaining:
  sec: 3
  nanosec: 306497407
number_of_recoveries: 0
distance_remaining: 1.1749999523162842

Feedback:
    current_pose:
  header:
    stamp:
      sec: 312
      nanosec: 740000000
    frame_id: map
  pose:
    position:
      x: 2.3338923406987573
      y: 0.01908375906505958
      z: 0.0
    orientation:
      x: 0.0
      y: 0.0
      z: -0.01631236410810489
      w: 0.9998669445367242
navigation_time:
  sec: 9
  nanosec: 776000000
estimated_time_remaining:
  sec: 3
  nanosec: 306497407
number_of_recoveries: 0
distance_remaining: 1.1749999523162842

Feedback:
    current_pose:
  header:
    stamp:
      sec: 312
      nanosec: 760000000
    frame_id: map
  pose:
    position:
      x: 2.3415676717836615
      y: 0.018827838770191514
      z: 0.0
    orientation:
      x: 0.0
      y: 0.0
      z: -0.017016968001411257
      w: 0.9998552009166322
navigation_time:
  sec: 9
  nanosec: 784000000
estimated_time_remaining:
  sec: 3
  nanosec: 204015927
number_of_recoveries: 0
distance_remaining: 1.149999976158142

Feedback:
    current_pose:
  header:
    stamp:
      sec: 312
      nanosec: 760000000
    frame_id: map
  pose:
    position:
      x: 2.3415676717836615
      y: 0.018827838770191514
      z: 0.0
    orientation:
      x: 0.0
      y: 0.0
      z: -0.017016968001411257
      w: 0.9998552009166322
navigation_time:
  sec: 9
  nanosec: 792000000
estimated_time_remaining:
  sec: 3
  nanosec: 204015927
number_of_recoveries: 0
distance_remaining: 1.149999976158142

Feedback:
    current_pose:
  header:
    stamp:
      sec: 312
      nanosec: 760000000
    frame_id: map
  pose:
    position:
      x: 2.3415676717836615
      y: 0.018827838770191514
      z: 0.0
    orientation:
      x: 0.0
      y: 0.0
      z: -0.017016968001411257
      w: 0.9998552009166322
navigation_time:
  sec: 9
  nanosec: 800000000
estimated_time_remaining:
  sec: 3
  nanosec: 204015927
number_of_recoveries: 0
distance_remaining: 1.149999976158142

Feedback:
    current_pose:
  header:
    stamp:
      sec: 312
      nanosec: 780000000
    frame_id: map
  pose:
    position:
      x: 2.3492679657043833
      y: 0.018560452908841146
      z: 0.0
    orientation:
      x: 0.0
      y: 0.0
      z: -0.01766994678712948
      w: 0.9998438743026533
navigation_time:
  sec: 9
  nanosec: 812000000
estimated_time_remaining:
  sec: 3
  nanosec: 174555128
number_of_recoveries: 0
distance_remaining: 1.149999976158142

Feedback:
    current_pose:
  header:
    stamp:
      sec: 312
      nanosec: 780000000
    frame_id: map
  pose:
    position:
      x: 2.3492679657043833
      y: 0.018560452908841146
      z: 0.0
    orientation:
      x: 0.0
      y: 0.0
      z: -0.01766994678712948
      w: 0.9998438743026533
navigation_time:
  sec: 9
  nanosec: 820000000
estimated_time_remaining:
  sec: 3
  nanosec: 174555128
number_of_recoveries: 0
distance_remaining: 1.149999976158142

Feedback:
    current_pose:
  header:
    stamp:
      sec: 312
      nanosec: 800000000
    frame_id: map
  pose:
    position:
      x: 2.3569848006360936
      y: 0.018282832810969582
      z: 0.0
    orientation:
      x: 0.0
      y: 0.0
      z: -0.018288507264757146
      w: 0.9998327512649439
navigation_time:
  sec: 9
  nanosec: 832000000
estimated_time_remaining:
  sec: 3
  nanosec: 146761388
number_of_recoveries: 0
distance_remaining: 1.149999976158142

Feedback:
    current_pose:
  header:
    stamp:
      sec: 312
      nanosec: 820000000
    frame_id: map
  pose:
    position:
      x: 2.365119113392026
      y: 0.01801137110588863
      z: 0.0
    orientation:
      x: 0.0
      y: 0.0
      z: -0.018693597517464425
      w: 0.9998252594387955
navigation_time:
  sec: 9
  nanosec: 840000000
estimated_time_remaining:
  sec: 3
  nanosec: 53610228
number_of_recoveries: 0
distance_remaining: 1.1249998807907104

Feedback:
    current_pose:
  header:
    stamp:
      sec: 312
      nanosec: 820000000
    frame_id: map
  pose:
    position:
      x: 2.365119113392026
      y: 0.01801137110588863
      z: 0.0
    orientation:
      x: 0.0
      y: 0.0
      z: -0.018693597517464425
      w: 0.9998252594387955
navigation_time:
  sec: 9
  nanosec: 848000000
estimated_time_remaining:
  sec: 3
  nanosec: 53610228
number_of_recoveries: 0
distance_remaining: 1.1249998807907104

Feedback:
    current_pose:
  header:
    stamp:
      sec: 312
      nanosec: 820000000
    frame_id: map
  pose:
    position:
      x: 2.365119113392026
      y: 0.01801137110588863
      z: 0.0
    orientation:
      x: 0.0
      y: 0.0
      z: -0.018693597517464425
      w: 0.9998252594387955
navigation_time:
  sec: 9
  nanosec: 860000000
estimated_time_remaining:
  sec: 3
  nanosec: 53610228
number_of_recoveries: 0
distance_remaining: 1.1249998807907104

Feedback:
    current_pose:
  header:
    stamp:
      sec: 312
      nanosec: 840000000
    frame_id: map
  pose:
    position:
      x: 2.3734306904164604
      y: 0.017730454295174735
      z: 0.0
    orientation:
      x: 0.0
      y: 0.0
      z: -0.01906391028766673
      w: 0.9998182671488572
navigation_time:
  sec: 9
  nanosec: 868000000
estimated_time_remaining:
  sec: 3
  nanosec: 29709816
number_of_recoveries: 0
distance_remaining: 1.1249998807907104

Feedback:
    current_pose:
  header:
    stamp:
      sec: 312
      nanosec: 840000000
    frame_id: map
  pose:
    position:
      x: 2.3734306904164604
      y: 0.017730454295174735
      z: 0.0
    orientation:
      x: 0.0
      y: 0.0
      z: -0.01906391028766673
      w: 0.9998182671488572
navigation_time:
  sec: 9
  nanosec: 880000000
estimated_time_remaining:
  sec: 3
  nanosec: 29709816
number_of_recoveries: 0
distance_remaining: 1.1249998807907104

Feedback:
    current_pose:
  header:
    stamp:
      sec: 312
      nanosec: 860000000
    frame_id: map
  pose:
    position:
      x: 2.3817502362575507
      y: 0.017446593303295947
      z: 0.0
    orientation:
      x: 0.0
      y: 0.0
      z: -0.019434220438770355
      w: 0.9998111377034851
navigation_time:
  sec: 9
  nanosec: 892000000
estimated_time_remaining:
  sec: 3
  nanosec: 5273972
number_of_recoveries: 0
distance_remaining: 1.1249998807907104

Feedback:
    current_pose:
  header:
    stamp:
      sec: 312
      nanosec: 880000000
    frame_id: map
  pose:
    position:
      x: 2.3901250926648445
      y: 0.01715779635613949
      z: 0.0
    orientation:
      x: 0.0
      y: 0.0
      z: -0.019820756083151557
      w: 0.9998035495177501
navigation_time:
  sec: 9
  nanosec: 904000000
estimated_time_remaining:
  sec: 2
  nanosec: 915847357
number_of_recoveries: 0
distance_remaining: 1.0999999046325684

Feedback:
    current_pose:
  header:
    stamp:
      sec: 312
      nanosec: 880000000
    frame_id: map
  pose:
    position:
      x: 2.3901250926648445
      y: 0.01715779635613949
      z: 0.0
    orientation:
      x: 0.0
      y: 0.0
      z: -0.019820756083151557
      w: 0.9998035495177501
navigation_time:
  sec: 9
  nanosec: 912000000
estimated_time_remaining:
  sec: 2
  nanosec: 915847357
number_of_recoveries: 0
distance_remaining: 1.0999999046325684

Feedback:
    current_pose:
  header:
    stamp:
      sec: 312
      nanosec: 880000000
    frame_id: map
  pose:
    position:
      x: 2.3901250926648445
      y: 0.01715779635613949
      z: 0.0
    orientation:
      x: 0.0
      y: 0.0
      z: -0.019820756083151557
      w: 0.9998035495177501
navigation_time:
  sec: 9
  nanosec: 920000000
estimated_time_remaining:
  sec: 2
  nanosec: 915847357
number_of_recoveries: 0
distance_remaining: 1.0999999046325684

Feedback:
    current_pose:
  header:
    stamp:
      sec: 312
      nanosec: 900000000
    frame_id: map
  pose:
    position:
      x: 2.3984994338252057
      y: 0.016866095503314336
      z: 0.0
    orientation:
      x: 0.0
      y: 0.0
      z: -0.020207288770261157
      w: 0.9997958118938862
navigation_time:
  sec: 9
  nanosec: 932000000
estimated_time_remaining:
  sec: 2
  nanosec: 894259257
number_of_recoveries: 0
distance_remaining: 1.0999999046325684

Feedback:
    current_pose:
  header:
    stamp:
      sec: 312
      nanosec: 900000000
    frame_id: map
  pose:
    position:
      x: 2.3984994338252057
      y: 0.016866095503314336
      z: 0.0
    orientation:
      x: 0.0
      y: 0.0
      z: -0.020207288770261157
      w: 0.9997958118938862
navigation_time:
  sec: 9
  nanosec: 940000000
estimated_time_remaining:
  sec: 2
  nanosec: 894259257
number_of_recoveries: 0
distance_remaining: 1.0999999046325684

Feedback:
    current_pose:
  header:
    stamp:
      sec: 312
      nanosec: 920000000
    frame_id: map
  pose:
    position:
      x: 2.4068672528683304
      y: 0.01657185440080381
      z: 0.0
    orientation:
      x: 0.0
      y: 0.0
      z: -0.020556920521992483
      w: 0.9997886841821388
navigation_time:
  sec: 9
  nanosec: 944000000
estimated_time_remaining:
  sec: 2
  nanosec: 874046658
number_of_recoveries: 0
distance_remaining: 1.0999999046325684

Feedback:
    current_pose:
  header:
    stamp:
      sec: 312
      nanosec: 920000000
    frame_id: map
  pose:
    position:
      x: 2.4068672528683304
      y: 0.01657185440080381
      z: 0.0
    orientation:
      x: 0.0
      y: 0.0
      z: -0.020556920521992483
      w: 0.9997886841821388
navigation_time:
  sec: 9
  nanosec: 956000000
estimated_time_remaining:
  sec: 2
  nanosec: 874046658
number_of_recoveries: 0
distance_remaining: 1.0999999046325684

Feedback:
    current_pose:
  header:
    stamp:
      sec: 312
      nanosec: 940000000
    frame_id: map
  pose:
    position:
      x: 2.4152255873654767
      y: 0.01627628664930337
      z: 0.0
    orientation:
      x: 0.0
      y: 0.0
      z: -0.020851203184949908
      w: 0.9997825900293221
navigation_time:
  sec: 9
  nanosec: 964000000
estimated_time_remaining:
  sec: 2
  nanosec: 789989696
number_of_recoveries: 0
distance_remaining: 1.0749999284744263

Feedback:
    current_pose:
  header:
    stamp:
      sec: 312
      nanosec: 940000000
    frame_id: map
  pose:
    position:
      x: 2.4152255873654767
      y: 0.01627628664930337
      z: 0.0
    orientation:
      x: 0.0
      y: 0.0
      z: -0.020851203184949908
      w: 0.9997825900293221
navigation_time:
  sec: 9
  nanosec: 972000000
estimated_time_remaining:
  sec: 2
  nanosec: 789989696
number_of_recoveries: 0
distance_remaining: 1.0749999284744263

Feedback:
    current_pose:
  header:
    stamp:
      sec: 312
      nanosec: 960000000
    frame_id: map
  pose:
    position:
      x: 2.4235994439450144
      y: 0.01597861497487763
      z: 0.0
    orientation:
      x: 0.0
      y: 0.0
      z: -0.021144849000815938
      w: 0.9997764226869588
navigation_time:
  sec: 9
  nanosec: 984000000
estimated_time_remaining:
  sec: 2
  nanosec: 774208577
number_of_recoveries: 0
distance_remaining: 1.0749999284744263

Feedback:
    current_pose:
  header:
    stamp:
      sec: 312
      nanosec: 960000000
    frame_id: map
  pose:
    position:
      x: 2.4235994439450144
      y: 0.01597861497487763
      z: 0.0
    orientation:
      x: 0.0
      y: 0.0
      z: -0.021144849000815938
      w: 0.9997764226869588
navigation_time:
  sec: 9
  nanosec: 992000000
estimated_time_remaining:
  sec: 2
  nanosec: 774208577
number_of_recoveries: 0
distance_remaining: 1.0749999284744263

Feedback:
    current_pose:
  header:
    stamp:
      sec: 312
      nanosec: 960000000
    frame_id: map
  pose:
    position:
      x: 2.4235994439450144
      y: 0.01597861497487763
      z: 0.0
    orientation:
      x: 0.0
      y: 0.0
      z: -0.021144849000815938
      w: 0.9997764226869588
navigation_time:
  sec: 10
  nanosec: 0
estimated_time_remaining:
  sec: 2
  nanosec: 774208577
number_of_recoveries: 0
distance_remaining: 1.0749999284744263

Feedback:
    current_pose:
  header:
    stamp:
      sec: 312
      nanosec: 980000000
    frame_id: map
  pose:
    position:
      x: 2.4320994326783967
      y: 0.015674182871863996
      z: 0.0
    orientation:
      x: 0.0
      y: 0.0
      z: -0.02143595286793975
      w: 0.9997702235637164
navigation_time:
  sec: 10
  nanosec: 4000000
estimated_time_remaining:
  sec: 2
  nanosec: 759971539
number_of_recoveries: 0
distance_remaining: 1.0749999284744263

Feedback:
    current_pose:
  header:
    stamp:
      sec: 312
      nanosec: 980000000
    frame_id: map
  pose:
    position:
      x: 2.4320994326783967
      y: 0.015674182871863996
      z: 0.0
    orientation:
      x: 0.0
      y: 0.0
      z: -0.02143595286793975
      w: 0.9997702235637164
navigation_time:
  sec: 10
  nanosec: 12000000
estimated_time_remaining:
  sec: 2
  nanosec: 759971539
number_of_recoveries: 0
distance_remaining: 1.0749999284744263

Feedback:
    current_pose:
  header:
    stamp:
      sec: 312
      nanosec: 980000000
    frame_id: map
  pose:
    position:
      x: 2.4320994326783967
      y: 0.015674182871863996
      z: 0.0
    orientation:
      x: 0.0
      y: 0.0
      z: -0.02143595286793975
      w: 0.9997702235637164
navigation_time:
  sec: 10
  nanosec: 20000000
estimated_time_remaining:
  sec: 2
  nanosec: 759971539
number_of_recoveries: 0
distance_remaining: 1.0749999284744263

Feedback:
    current_pose:
  header:
    stamp:
      sec: 313
      nanosec: 0
    frame_id: map
  pose:
    position:
      x: 2.4406149406457773
      y: 0.015367681529692506
      z: 0.0
    orientation:
      x: 0.0
      y: 0.0
      z: -0.021709612815192646
      w: 0.9997643185828419
navigation_time:
  sec: 10
  nanosec: 28000000
estimated_time_remaining:
  sec: 2
  nanosec: 681615771
number_of_recoveries: 0
distance_remaining: 1.0499999523162842

Feedback:
    current_pose:
  header:
    stamp:
      sec: 313
      nanosec: 0
    frame_id: map
  pose:
    position:
      x: 2.4406149406457773
      y: 0.015367681529692506
      z: 0.0
    orientation:
      x: 0.0
      y: 0.0
      z: -0.021709612815192646
      w: 0.9997643185828419
navigation_time:
  sec: 10
  nanosec: 36000000
estimated_time_remaining:
  sec: 2
  nanosec: 681615771
number_of_recoveries: 0
distance_remaining: 1.0499999523162842

Feedback:
    current_pose:
  header:
    stamp:
      sec: 313
      nanosec: 20000000
    frame_id: map
  pose:
    position:
      x: 2.448436292358043
      y: 0.015176232820219092
      z: 0.0
    orientation:
      x: 0.0
      y: 0.0
      z: -0.02208561254334841
      w: 0.9997560831115683
navigation_time:
  sec: 10
  nanosec: 44000000
estimated_time_remaining:
  sec: 2
  nanosec: 667673055
number_of_recoveries: 0
distance_remaining: 1.0499999523162842

Feedback:
    current_pose:
  header:
    stamp:
      sec: 313
      nanosec: 20000000
    frame_id: map
  pose:
    position:
      x: 2.448436292358043
      y: 0.015176232820219092
      z: 0.0
    orientation:
      x: 0.0
      y: 0.0
      z: -0.02208561254334841
      w: 0.9997560831115683
navigation_time:
  sec: 10
  nanosec: 52000000
estimated_time_remaining:
  sec: 2
  nanosec: 667673055
number_of_recoveries: 0
distance_remaining: 1.0499999523162842

Feedback:
    current_pose:
  header:
    stamp:
      sec: 313
      nanosec: 40000000
    frame_id: map
  pose:
    position:
      x: 2.4562971426500217
      y: 0.014977505365466624
      z: 0.0
    orientation:
      x: 0.0
      y: 0.0
      z: -0.022414609148596568
      w: 0.9997487610878625
navigation_time:
  sec: 10
  nanosec: 60000000
estimated_time_remaining:
  sec: 2
  nanosec: 653118673
number_of_recoveries: 0
distance_remaining: 1.0499999523162842

Feedback:
    current_pose:
  header:
    stamp:
      sec: 313
      nanosec: 40000000
    frame_id: map
  pose:
    position:
      x: 2.4562971426500217
      y: 0.014977505365466624
      z: 0.0
    orientation:
      x: 0.0
      y: 0.0
      z: -0.022414609148596568
      w: 0.9997487610878625
navigation_time:
  sec: 10
  nanosec: 72000000
estimated_time_remaining:
  sec: 2
  nanosec: 653118673
number_of_recoveries: 0
distance_remaining: 1.0499999523162842

Feedback:
    current_pose:
  header:
    stamp:
      sec: 313
      nanosec: 60000000
    frame_id: map
  pose:
    position:
      x: 2.4642368865026
      y: 0.014771133828767977
      z: 0.0
    orientation:
      x: 0.0
      y: 0.0
      z: -0.022673103751650582
      w: 0.9997429321411914
navigation_time:
  sec: 10
  nanosec: 80000000
estimated_time_remaining:
  sec: 2
  nanosec: 575893757
number_of_recoveries: 0
distance_remaining: 1.024999976158142

Feedback:
    current_pose:
  header:
    stamp:
      sec: 313
      nanosec: 60000000
    frame_id: map
  pose:
    position:
      x: 2.4642368865026
      y: 0.014771133828767977
      z: 0.0
    orientation:
      x: 0.0
      y: 0.0
      z: -0.022673103751650582
      w: 0.9997429321411914
navigation_time:
  sec: 10
  nanosec: 92000000
estimated_time_remaining:
  sec: 2
  nanosec: 575893757
number_of_recoveries: 0
distance_remaining: 1.024999976158142

Feedback:
    current_pose:
  header:
    stamp:
      sec: 313
      nanosec: 60000000
    frame_id: map
  pose:
    position:
      x: 2.4642368865026
      y: 0.014771133828767977
      z: 0.0
    orientation:
      x: 0.0
      y: 0.0
      z: -0.022673103751650582
      w: 0.9997429321411914
navigation_time:
  sec: 10
  nanosec: 100000000
estimated_time_remaining:
  sec: 2
  nanosec: 575893757
number_of_recoveries: 0
distance_remaining: 1.024999976158142

Feedback:
    current_pose:
  header:
    stamp:
      sec: 313
      nanosec: 80000000
    frame_id: map
  pose:
    position:
      x: 2.4721764486585696
      y: 0.014560989434679032
      z: 0.0
    orientation:
      x: 0.0
      y: 0.0
      z: -0.02293159682199627
      w: 0.9997370363586585
navigation_time:
  sec: 10
  nanosec: 108000000
estimated_time_remaining:
  sec: 2
  nanosec: 562226405
number_of_recoveries: 0
distance_remaining: 1.024999976158142

Feedback:
    current_pose:
  header:
    stamp:
      sec: 313
      nanosec: 80000000
    frame_id: map
  pose:
    position:
      x: 2.4721764486585696
      y: 0.014560989434679032
      z: 0.0
    orientation:
      x: 0.0
      y: 0.0
      z: -0.02293159682199627
      w: 0.9997370363586585
navigation_time:
  sec: 10
  nanosec: 116000000
estimated_time_remaining:
  sec: 2
  nanosec: 562226405
number_of_recoveries: 0
distance_remaining: 1.024999976158142

Feedback:
    current_pose:
  header:
    stamp:
      sec: 313
      nanosec: 100000000
    frame_id: map
  pose:
    position:
      x: 2.4801693392584854
      y: 0.014344680261506919
      z: 0.0
    orientation:
      x: 0.0
      y: 0.0
      z: -0.02318103314470961
      w: 0.9997312837469596
navigation_time:
  sec: 10
  nanosec: 124000000
estimated_time_remaining:
  sec: 2
  nanosec: 548423840
number_of_recoveries: 0
distance_remaining: 1.024999976158142

Feedback:
    current_pose:
  header:
    stamp:
      sec: 313
      nanosec: 100000000
    frame_id: map
  pose:
    position:
      x: 2.4801693392584854
      y: 0.014344680261506919
      z: 0.0
    orientation:
      x: 0.0
      y: 0.0
      z: -0.02318103314470961
      w: 0.9997312837469596
navigation_time:
  sec: 10
  nanosec: 136000000
estimated_time_remaining:
  sec: 2
  nanosec: 548423840
number_of_recoveries: 0
distance_remaining: 1.024999976158142

Feedback:
    current_pose:
  header:
    stamp:
      sec: 313
      nanosec: 120000000
    frame_id: map
  pose:
    position:
      x: 2.48816205019867
      y: 0.014124726462461972
      z: 0.0
    orientation:
      x: 0.0
      y: 0.0
      z: -0.023430468021632622
      w: 0.9997254689004813
navigation_time:
  sec: 10
  nanosec: 144000000
estimated_time_remaining:
  sec: 2
  nanosec: 472837235
number_of_recoveries: 0
distance_remaining: 0.9999999403953552

Feedback:
    current_pose:
  header:
    stamp:
      sec: 313
      nanosec: 120000000
    frame_id: map
  pose:
    position:
      x: 2.48816205019867
      y: 0.014124726462461972
      z: 0.0
    orientation:
      x: 0.0
      y: 0.0
      z: -0.023430468021632622
      w: 0.9997254689004813
navigation_time:
  sec: 10
  nanosec: 152000000
estimated_time_remaining:
  sec: 2
  nanosec: 472837235
number_of_recoveries: 0
distance_remaining: 0.9999999403953552

Feedback:
    current_pose:
  header:
    stamp:
      sec: 313
      nanosec: 140000000
    frame_id: map
  pose:
    position:
      x: 2.496232713784371
      y: 0.013897659575750922
      z: 0.0
    orientation:
      x: 0.0
      y: 0.0
      z: -0.023647925468938458
      w: 0.9997203487080852
navigation_time:
  sec: 10
  nanosec: 164000000
estimated_time_remaining:
  sec: 2
  nanosec: 459123337
number_of_recoveries: 0
distance_remaining: 0.9999999403953552

Feedback:
    current_pose:
  header:
    stamp:
      sec: 313
      nanosec: 140000000
    frame_id: map
  pose:
    position:
      x: 2.496232713784371
      y: 0.013897659575750922
      z: 0.0
    orientation:
      x: 0.0
      y: 0.0
      z: -0.023647925468938458
      w: 0.9997203487080852
navigation_time:
  sec: 10
  nanosec: 172000000
estimated_time_remaining:
  sec: 2
  nanosec: 459123337
number_of_recoveries: 0
distance_remaining: 0.9999999403953552

Feedback:
    current_pose:
  header:
    stamp:
      sec: 313
      nanosec: 160000000
    frame_id: map
  pose:
    position:
      x: 2.5043286694726405
      y: 0.013666374572737412
      z: 0.0
    orientation:
      x: 0.0
      y: 0.0
      z: -0.023857387826623156
      w: 0.9997153720165005
navigation_time:
  sec: 10
  nanosec: 184000000
estimated_time_remaining:
  sec: 2
  nanosec: 446403961
number_of_recoveries: 0
distance_remaining: 0.9999999403953552

Feedback:
    current_pose:
  header:
    stamp:
      sec: 313
      nanosec: 160000000
    frame_id: map
  pose:
    position:
      x: 2.5043286694726405
      y: 0.013666374572737412
      z: 0.0
    orientation:
      x: 0.0
      y: 0.0
      z: -0.023857387826623156
      w: 0.9997153720165005
navigation_time:
  sec: 10
  nanosec: 192000000
estimated_time_remaining:
  sec: 2
  nanosec: 446403961
number_of_recoveries: 0
distance_remaining: 0.9999999403953552

Feedback:
    current_pose:
  header:
    stamp:
      sec: 313
      nanosec: 160000000
    frame_id: map
  pose:
    position:
      x: 2.5043286694726405
      y: 0.013666374572737412
      z: 0.0
    orientation:
      x: 0.0
      y: 0.0
      z: -0.023857387826623156
      w: 0.9997153720165005
navigation_time:
  sec: 10
  nanosec: 200000000
estimated_time_remaining:
  sec: 2
  nanosec: 446403961
number_of_recoveries: 0
distance_remaining: 0.9999999403953552

Feedback:
    current_pose:
  header:
    stamp:
      sec: 313
      nanosec: 180000000
    frame_id: map
  pose:
    position:
      x: 2.512471510600169
      y: 0.013429974058727232
      z: 0.0
    orientation:
      x: 0.0
      y: 0.0
      z: -0.024021858693328155
      w: 0.9997114335171514
navigation_time:
  sec: 10
  nanosec: 208000000
estimated_time_remaining:
  sec: 2
  nanosec: 434869218
number_of_recoveries: 0
distance_remaining: 0.9999999403953552

Feedback:
    current_pose:
  header:
    stamp:
      sec: 313
      nanosec: 180000000
    frame_id: map
  pose:
    position:
      x: 2.512471510600169
      y: 0.013429974058727232
      z: 0.0
    orientation:
      x: 0.0
      y: 0.0
      z: -0.024021858693328155
      w: 0.9997114335171514
navigation_time:
  sec: 10
  nanosec: 212000000
estimated_time_remaining:
  sec: 2
  nanosec: 434869218
number_of_recoveries: 0
distance_remaining: 0.9999999403953552

Feedback:
    current_pose:
  header:
    stamp:
      sec: 313
      nanosec: 180000000
    frame_id: map
  pose:
    position:
      x: 2.512471510600169
      y: 0.013429974058727232
      z: 0.0
    orientation:
      x: 0.0
      y: 0.0
      z: -0.024021858693328155
      w: 0.9997114335171514
navigation_time:
  sec: 10
  nanosec: 220000000
estimated_time_remaining:
  sec: 2
  nanosec: 434869218
number_of_recoveries: 0
distance_remaining: 0.9999999403953552

Feedback:
    current_pose:
  header:
    stamp:
      sec: 313
      nanosec: 200000000
    frame_id: map
  pose:
    position:
      x: 2.5207224931338743
      y: 0.013186921148606028
      z: 0.0
    orientation:
      x: 0.0
      y: 0.0
      z: -0.02411884338832546
      w: 0.9997090983849298
navigation_time:
  sec: 10
  nanosec: 228000000
estimated_time_remaining:
  sec: 2
  nanosec: 362041832
number_of_recoveries: 0
distance_remaining: 0.9749999046325684

Feedback:
    current_pose:
  header:
    stamp:
      sec: 313
      nanosec: 200000000
    frame_id: map
  pose:
    position:
      x: 2.5207224931338743
      y: 0.013186921148606028
      z: 0.0
    orientation:
      x: 0.0
      y: 0.0
      z: -0.02411884338832546
      w: 0.9997090983849298
navigation_time:
  sec: 10
  nanosec: 236000000
estimated_time_remaining:
  sec: 2
  nanosec: 362041832
number_of_recoveries: 0
distance_remaining: 0.9749999046325684

Feedback:
    current_pose:
  header:
    stamp:
      sec: 313
      nanosec: 220000000
    frame_id: map
  pose:
    position:
      x: 2.530413429130677
      y: 0.013171971833615674
      z: 0.0
    orientation:
      x: 0.0
      y: 0.0
      z: -0.02395387136030127
      w: 0.9997130648575391
navigation_time:
  sec: 10
  nanosec: 248000000
estimated_time_remaining:
  sec: 2
  nanosec: 349824222
number_of_recoveries: 0
distance_remaining: 0.9749999046325684

Feedback:
    current_pose:
  header:
    stamp:
      sec: 313
      nanosec: 220000000
    frame_id: map
  pose:
    position:
      x: 2.530413429130677
      y: 0.013171971833615674
      z: 0.0
    orientation:
      x: 0.0
      y: 0.0
      z: -0.02395387136030127
      w: 0.9997130648575391
navigation_time:
  sec: 10
  nanosec: 256000000
estimated_time_remaining:
  sec: 2
  nanosec: 349824222
number_of_recoveries: 0
distance_remaining: 0.9749999046325684

Feedback:
    current_pose:
  header:
    stamp:
      sec: 313
      nanosec: 240000000
    frame_id: map
  pose:
    position:
      x: 2.5400899106909303
      y: 0.01316563985795197
      z: 0.0
    orientation:
      x: 0.0
      y: 0.0
      z: -0.023775759253276456
      w: 0.9997173166810358
navigation_time:
  sec: 10
  nanosec: 268000000
estimated_time_remaining:
  sec: 2
  nanosec: 277938669
number_of_recoveries: 0
distance_remaining: 0.9499999284744263

Feedback:
    current_pose:
  header:
    stamp:
      sec: 313
      nanosec: 240000000
    frame_id: map
  pose:
    position:
      x: 2.5400899106909303
      y: 0.01316563985795197
      z: 0.0
    orientation:
      x: 0.0
      y: 0.0
      z: -0.023775759253276456
      w: 0.9997173166810358
navigation_time:
  sec: 10
  nanosec: 276000000
estimated_time_remaining:
  sec: 2
  nanosec: 277938669
number_of_recoveries: 0
distance_remaining: 0.9499999284744263

Feedback:
    current_pose:
  header:
    stamp:
      sec: 313
      nanosec: 260000000
    frame_id: map
  pose:
    position:
      x: 2.549781927375177
      y: 0.013166567674380882
      z: 0.0
    orientation:
      x: 0.0
      y: 0.0
      z: -0.02359387869328195
      w: 0.9997216256979774
navigation_time:
  sec: 10
  nanosec: 284000000
estimated_time_remaining:
  sec: 2
  nanosec: 266278977
number_of_recoveries: 0
distance_remaining: 0.9499999284744263

Feedback:
    current_pose:
  header:
    stamp:
      sec: 313
      nanosec: 260000000
    frame_id: map
  pose:
    position:
      x: 2.549781927375177
      y: 0.013166567674380882
      z: 0.0
    orientation:
      x: 0.0
      y: 0.0
      z: -0.02359387869328195
      w: 0.9997216256979774
navigation_time:
  sec: 10
  nanosec: 292000000
estimated_time_remaining:
  sec: 2
  nanosec: 266278977
number_of_recoveries: 0
distance_remaining: 0.9499999284744263

Feedback:
    current_pose:
  header:
    stamp:
      sec: 313
      nanosec: 260000000
    frame_id: map
  pose:
    position:
      x: 2.549781927375177
      y: 0.013166567674380882
      z: 0.0
    orientation:
      x: 0.0
      y: 0.0
      z: -0.02359387869328195
      w: 0.9997216256979774
navigation_time:
  sec: 10
  nanosec: 300000000
estimated_time_remaining:
  sec: 2
  nanosec: 266278977
number_of_recoveries: 0
distance_remaining: 0.9499999284744263

Feedback:
    current_pose:
  header:
    stamp:
      sec: 313
      nanosec: 280000000
    frame_id: map
  pose:
    position:
      x: 2.5595592507864504
      y: 0.013171732870805558
      z: 0.0
    orientation:
      x: 0.0
      y: 0.0
      z: -0.02339692646302263
      w: 0.9997262544477282
navigation_time:
  sec: 10
  nanosec: 312000000
estimated_time_remaining:
  sec: 2
  nanosec: 253945120
number_of_recoveries: 0
distance_remaining: 0.9499999284744263

Feedback:
    current_pose:
  header:
    stamp:
      sec: 313
      nanosec: 280000000
    frame_id: map
  pose:
    position:
      x: 2.5595592507864504
      y: 0.013171732870805558
      z: 0.0
    orientation:
      x: 0.0
      y: 0.0
      z: -0.02339692646302263
      w: 0.9997262544477282
navigation_time:
  sec: 10
  nanosec: 316000000
estimated_time_remaining:
  sec: 2
  nanosec: 253945120
number_of_recoveries: 0
distance_remaining: 0.9499999284744263

Feedback:
    current_pose:
  header:
    stamp:
      sec: 313
      nanosec: 300000000
    frame_id: map
  pose:
    position:
      x: 2.569336134910517
      y: 0.013185329289679158
      z: 0.0
    orientation:
      x: 0.0
      y: 0.0
      z: -0.023199973324660485
      w: 0.9997308443964981
navigation_time:
  sec: 10
  nanosec: 328000000
estimated_time_remaining:
  sec: 2
  nanosec: 242214926
number_of_recoveries: 0
distance_remaining: 0.9499999284744263

Feedback:
    current_pose:
  header:
    stamp:
      sec: 313
      nanosec: 300000000
    frame_id: map
  pose:
    position:
      x: 2.569336134910517
      y: 0.013185329289679158
      z: 0.0
    orientation:
      x: 0.0
      y: 0.0
      z: -0.023199973324660485
      w: 0.9997308443964981
navigation_time:
  sec: 10
  nanosec: 340000000
estimated_time_remaining:
  sec: 2
  nanosec: 242214926
number_of_recoveries: 0
distance_remaining: 0.9499999284744263

Feedback:
    current_pose:
  header:
    stamp:
      sec: 313
      nanosec: 320000000
    frame_id: map
  pose:
    position:
      x: 2.579143919886318
      y: 0.013205448103829613
      z: 0.0
    orientation:
      x: 0.0
      y: 0.0
      z: -0.02305626239719066
      w: 0.9997341690490887
navigation_time:
  sec: 10
  nanosec: 344000000
estimated_time_remaining:
  sec: 2
  nanosec: 114069174
number_of_recoveries: 0
distance_remaining: 0.8999999165534973

Feedback:
    current_pose:
  header:
    stamp:
      sec: 313
      nanosec: 320000000
    frame_id: map
  pose:
    position:
      x: 2.579143919886318
      y: 0.013205448103829613
      z: 0.0
    orientation:
      x: 0.0
      y: 0.0
      z: -0.02305626239719066
      w: 0.9997341690490887
navigation_time:
  sec: 10
  nanosec: 352000000
estimated_time_remaining:
  sec: 2
  nanosec: 114069174
number_of_recoveries: 0
distance_remaining: 0.8999999165534973

Feedback:
    current_pose:
  header:
    stamp:
      sec: 313
      nanosec: 320000000
    frame_id: map
  pose:
    position:
      x: 2.579143919886318
      y: 0.013205448103829613
      z: 0.0
    orientation:
      x: 0.0
      y: 0.0
      z: -0.02305626239719066
      w: 0.9997341690490887
navigation_time:
  sec: 10
  nanosec: 360000000
estimated_time_remaining:
  sec: 2
  nanosec: 104805487
number_of_recoveries: 0
distance_remaining: 0.8999999165534973

Feedback:
    current_pose:
  header:
    stamp:
      sec: 313
      nanosec: 340000000
    frame_id: map
  pose:
    position:
      x: 2.588951212386078
      y: 0.013233093664066272
      z: 0.0
    orientation:
      x: 0.0
      y: 0.0
      z: -0.02291255101024727
      w: 0.9997374730429
navigation_time:
  sec: 10
  nanosec: 368000000
estimated_time_remaining:
  sec: 2
  nanosec: 104805487
number_of_recoveries: 0
distance_remaining: 0.8999999165534973

Feedback:
    current_pose:
  header:
    stamp:
      sec: 313
      nanosec: 340000000
    frame_id: map
  pose:
    position:
      x: 2.588951212386078
      y: 0.013233093664066272
      z: 0.0
    orientation:
      x: 0.0
      y: 0.0
      z: -0.02291255101024727
      w: 0.9997374730429
navigation_time:
  sec: 10
  nanosec: 376000000
estimated_time_remaining:
  sec: 2
  nanosec: 104805487
number_of_recoveries: 0
distance_remaining: 0.8999999165534973

Feedback:
    current_pose:
  header:
    stamp:
      sec: 313
      nanosec: 360000000
    frame_id: map
  pose:
    position:
      x: 2.5987215036341924
      y: 0.013270208955199193
      z: 0.0
    orientation:
      x: 0.0
      y: 0.0
      z: -0.02272828144671451
      w: 0.9997416792464338
navigation_time:
  sec: 10
  nanosec: 388000000
estimated_time_remaining:
  sec: 2
  nanosec: 97091212
number_of_recoveries: 0
distance_remaining: 0.8999999165534973

Feedback:
    current_pose:
  header:
    stamp:
      sec: 313
      nanosec: 360000000
    frame_id: map
  pose:
    position:
      x: 2.5987215036341924
      y: 0.013270208955199193
      z: 0.0
    orientation:
      x: 0.0
      y: 0.0
      z: -0.02272828144671451
      w: 0.9997416792464338
navigation_time:
  sec: 10
  nanosec: 396000000
estimated_time_remaining:
  sec: 2
  nanosec: 97091212
number_of_recoveries: 0
distance_remaining: 0.8999999165534973

Feedback:
    current_pose:
  header:
    stamp:
      sec: 313
      nanosec: 380000000
    frame_id: map
  pose:
    position:
      x: 2.608482200437475
      y: 0.013316097578508365
      z: 0.0
    orientation:
      x: 0.0
      y: 0.0
      z: -0.02253387161685922
      w: 0.9997460800773139
navigation_time:
  sec: 10
  nanosec: 404000000
estimated_time_remaining:
  sec: 2
  nanosec: 90681985
number_of_recoveries: 0
distance_remaining: 0.8999999165534973

Feedback:
    current_pose:
  header:
    stamp:
      sec: 313
      nanosec: 380000000
    frame_id: map
  pose:
    position:
      x: 2.608482200437475
      y: 0.013316097578508365
      z: 0.0
    orientation:
      x: 0.0
      y: 0.0
      z: -0.02253387161685922
      w: 0.9997460800773139
navigation_time:
  sec: 10
  nanosec: 412000000
estimated_time_remaining:
  sec: 2
  nanosec: 90681985
number_of_recoveries: 0
distance_remaining: 0.8999999165534973

Feedback:
    current_pose:
  header:
    stamp:
      sec: 313
      nanosec: 380000000
    frame_id: map
  pose:
    position:
      x: 2.608482200437475
      y: 0.013316097578508365
      z: 0.0
    orientation:
      x: 0.0
      y: 0.0
      z: -0.02253387161685922
      w: 0.9997460800773139
navigation_time:
  sec: 10
  nanosec: 420000000
estimated_time_remaining:
  sec: 2
  nanosec: 90681985
number_of_recoveries: 0
distance_remaining: 0.8999999165534973

Feedback:
    current_pose:
  header:
    stamp:
      sec: 313
      nanosec: 400000000
    frame_id: map
  pose:
    position:
      x: 2.618314739729649
      y: 0.013367584397457825
      z: 0.0
    orientation:
      x: 0.0
      y: 0.0
      z: -0.02227519905649071
      w: 0.9997518769709781
navigation_time:
  sec: 10
  nanosec: 428000000
estimated_time_remaining:
  sec: 2
  nanosec: 26531156
number_of_recoveries: 0
distance_remaining: 0.8749999403953552

Feedback:
    current_pose:
  header:
    stamp:
      sec: 313
      nanosec: 400000000
    frame_id: map
  pose:
    position:
      x: 2.618314739729649
      y: 0.013367584397457825
      z: 0.0
    orientation:
      x: 0.0
      y: 0.0
      z: -0.02227519905649071
      w: 0.9997518769709781
navigation_time:
  sec: 10
  nanosec: 440000000
estimated_time_remaining:
  sec: 2
  nanosec: 26531156
number_of_recoveries: 0
distance_remaining: 0.8749999403953552

Feedback:
    current_pose:
  header:
    stamp:
      sec: 313
      nanosec: 420000000
    frame_id: map
  pose:
    position:
      x: 2.6270759176336957
      y: 0.012810948658708896
      z: 0.0
    orientation:
      x: 0.0
      y: 0.0
      z: -0.022348733514763745
      w: 0.9997502358640813
navigation_time:
  sec: 10
  nanosec: 448000000
estimated_time_remaining:
  sec: 2
  nanosec: 20196754
number_of_recoveries: 0
distance_remaining: 0.8749999403953552

Feedback:
    current_pose:
  header:
    stamp:
      sec: 313
      nanosec: 420000000
    frame_id: map
  pose:
    position:
      x: 2.6270759176336957
      y: 0.012810948658708896
      z: 0.0
    orientation:
      x: 0.0
      y: 0.0
      z: -0.022348733514763745
      w: 0.9997502358640813
navigation_time:
  sec: 10
  nanosec: 456000000
estimated_time_remaining:
  sec: 2
  nanosec: 20196754
number_of_recoveries: 0
distance_remaining: 0.8749999403953552

Feedback:
    current_pose:
  header:
    stamp:
      sec: 313
      nanosec: 440000000
    frame_id: map
  pose:
    position:
      x: 2.6359172921780614
      y: 0.012248096055887708
      z: 0.0
    orientation:
      x: 0.0
      y: 0.0
      z: -0.02246154657610369
      w: 0.9997477076369867
navigation_time:
  sec: 10
  nanosec: 464000000
estimated_time_remaining:
  sec: 2
  nanosec: 13551017
number_of_recoveries: 0
distance_remaining: 0.8749999403953552

Feedback:
    current_pose:
  header:
    stamp:
      sec: 313
      nanosec: 440000000
    frame_id: map
  pose:
    position:
      x: 2.6359172921780614
      y: 0.012248096055887708
      z: 0.0
    orientation:
      x: 0.0
      y: 0.0
      z: -0.02246154657610369
      w: 0.9997477076369867
navigation_time:
  sec: 10
  nanosec: 476000000
estimated_time_remaining:
  sec: 2
  nanosec: 13551017
number_of_recoveries: 0
distance_remaining: 0.8749999403953552

Feedback:
    current_pose:
  header:
    stamp:
      sec: 313
      nanosec: 460000000
    frame_id: map
  pose:
    position:
      x: 2.644840125872953
      y: 0.011678064121974675
      z: 0.0
    orientation:
      x: 0.0
      y: 0.0
      z: -0.022600545116824383
      w: 0.9997445750592611
navigation_time:
  sec: 10
  nanosec: 484000000
estimated_time_remaining:
  sec: 1
  nanosec: 949020970
number_of_recoveries: 0
distance_remaining: 0.8499999046325684

Feedback:
    current_pose:
  header:
    stamp:
      sec: 313
      nanosec: 460000000
    frame_id: map
  pose:
    position:
      x: 2.644840125872953
      y: 0.011678064121974675
      z: 0.0
    orientation:
      x: 0.0
      y: 0.0
      z: -0.022600545116824383
      w: 0.9997445750592611
navigation_time:
  sec: 10
  nanosec: 492000000
estimated_time_remaining:
  sec: 1
  nanosec: 949020970
number_of_recoveries: 0
distance_remaining: 0.8499999046325684

Feedback:
    current_pose:
  header:
    stamp:
      sec: 313
      nanosec: 480000000
    frame_id: map
  pose:
    position:
      x: 2.6537697491751353
      y: 0.011104161357518693
      z: 0.0
    orientation:
      x: 0.0
      y: 0.0
      z: -0.022720890056807583
      w: 0.9997418472560937
navigation_time:
  sec: 10
  nanosec: 500000000
estimated_time_remaining:
  sec: 1
  nanosec: 942174509
number_of_recoveries: 0
distance_remaining: 0.8499999046325684

Feedback:
    current_pose:
  header:
    stamp:
      sec: 313
      nanosec: 480000000
    frame_id: map
  pose:
    position:
      x: 2.6537697491751353
      y: 0.011104161357518693
      z: 0.0
    orientation:
      x: 0.0
      y: 0.0
      z: -0.022720890056807583
      w: 0.9997418472560937
navigation_time:
  sec: 10
  nanosec: 508000000
estimated_time_remaining:
  sec: 1
  nanosec: 942174509
number_of_recoveries: 0
distance_remaining: 0.8499999046325684

Feedback:
    current_pose:
  header:
    stamp:
      sec: 313
      nanosec: 480000000
    frame_id: map
  pose:
    position:
      x: 2.6537697491751353
      y: 0.011104161357518693
      z: 0.0
    orientation:
      x: 0.0
      y: 0.0
      z: -0.022720890056807583
      w: 0.9997418472560937
navigation_time:
  sec: 10
  nanosec: 516000000
estimated_time_remaining:
  sec: 1
  nanosec: 942174509
number_of_recoveries: 0
distance_remaining: 0.8499999046325684

Feedback:
    current_pose:
  header:
    stamp:
      sec: 313
      nanosec: 500000000
    frame_id: map
  pose:
    position:
      x: 2.6627096847881995
      y: 0.010526845197557335
      z: 0.0
    orientation:
      x: 0.0
      y: 0.0
      z: -0.022813254946978563
      w: 0.9997397438327259
navigation_time:
  sec: 10
  nanosec: 524000000
estimated_time_remaining:
  sec: 1
  nanosec: 878821212
number_of_recoveries: 0
distance_remaining: 0.8249999284744263

Feedback:
    current_pose:
  header:
    stamp:
      sec: 313
      nanosec: 500000000
    frame_id: map
  pose:
    position:
      x: 2.6627096847881995
      y: 0.010526845197557335
      z: 0.0
    orientation:
      x: 0.0
      y: 0.0
      z: -0.022813254946978563
      w: 0.9997397438327259
navigation_time:
  sec: 10
  nanosec: 536000000
estimated_time_remaining:
  sec: 1
  nanosec: 878821212
number_of_recoveries: 0
distance_remaining: 0.8249999284744263

Feedback:
    current_pose:
  header:
    stamp:
      sec: 313
      nanosec: 520000000
    frame_id: map
  pose:
    position:
      x: 2.671665434469181
      y: 0.00994599625439068
      z: 0.0
    orientation:
      x: 0.0
      y: 0.0
      z: -0.02291263080519176
      w: 0.9997374712141108
navigation_time:
  sec: 10
  nanosec: 544000000
estimated_time_remaining:
  sec: 1
  nanosec: 873488479
number_of_recoveries: 0
distance_remaining: 0.8249999284744263

Feedback:
    current_pose:
  header:
    stamp:
      sec: 313
      nanosec: 520000000
    frame_id: map
  pose:
    position:
      x: 2.671665434469181
      y: 0.00994599625439068
      z: 0.0
    orientation:
      x: 0.0
      y: 0.0
      z: -0.02291263080519176
      w: 0.9997374712141108
navigation_time:
  sec: 10
  nanosec: 552000000
estimated_time_remaining:
  sec: 1
  nanosec: 873488479
number_of_recoveries: 0
distance_remaining: 0.8249999284744263

Feedback:
    current_pose:
  header:
    stamp:
      sec: 313
      nanosec: 520000000
    frame_id: map
  pose:
    position:
      x: 2.671665434469181
      y: 0.00994599625439068
      z: 0.0
    orientation:
      x: 0.0
      y: 0.0
      z: -0.02291263080519176
      w: 0.9997374712141108
navigation_time:
  sec: 10
  nanosec: 560000000
estimated_time_remaining:
  sec: 1
  nanosec: 873488479
number_of_recoveries: 0
distance_remaining: 0.8249999284744263

Feedback:
    current_pose:
  header:
    stamp:
      sec: 313
      nanosec: 540000000
    frame_id: map
  pose:
    position:
      x: 2.6807164980455305
      y: 0.009357527488442582
      z: 0.0
    orientation:
      x: 0.0
      y: 0.0
      z: -0.023040051068421098
      w: 0.999734542789617
navigation_time:
  sec: 10
  nanosec: 572000000
estimated_time_remaining:
  sec: 1
  nanosec: 868102595
number_of_recoveries: 0
distance_remaining: 0.8249999284744263

Feedback:
    current_pose:
  header:
    stamp:
      sec: 313
      nanosec: 540000000
    frame_id: map
  pose:
    position:
      x: 2.6807164980455305
      y: 0.009357527488442582
      z: 0.0
    orientation:
      x: 0.0
      y: 0.0
      z: -0.023040051068421098
      w: 0.999734542789617
navigation_time:
  sec: 10
  nanosec: 580000000
estimated_time_remaining:
  sec: 1
  nanosec: 868102595
number_of_recoveries: 0
distance_remaining: 0.8249999284744263

Feedback:
    current_pose:
  header:
    stamp:
      sec: 313
      nanosec: 560000000
    frame_id: map
  pose:
    position:
      x: 2.689767360452588
      y: 0.008765597955730769
      z: 0.0
    orientation:
      x: 0.0
      y: 0.0
      z: -0.02316747095762469
      w: 0.9997315981249304
navigation_time:
  sec: 10
  nanosec: 588000000
estimated_time_remaining:
  sec: 1
  nanosec: 805542800
number_of_recoveries: 0
distance_remaining: 0.7999999523162842

Feedback:
    current_pose:
  header:
    stamp:
      sec: 313
      nanosec: 560000000
    frame_id: map
  pose:
    position:
      x: 2.689767360452588
      y: 0.008765597955730769
      z: 0.0
    orientation:
      x: 0.0
      y: 0.0
      z: -0.02316747095762469
      w: 0.9997315981249304
navigation_time:
  sec: 10
  nanosec: 600000000
estimated_time_remaining:
  sec: 1
  nanosec: 805542800
number_of_recoveries: 0
distance_remaining: 0.7999999523162842

Feedback:
    current_pose:
  header:
    stamp:
      sec: 313
      nanosec: 580000000
    frame_id: map
  pose:
    position:
      x: 2.69882596095874
      y: 0.008170261395950139
      z: 0.0
    orientation:
      x: 0.0
      y: 0.0
      z: -0.023248571810324234
      w: 0.9997297154275151
navigation_time:
  sec: 10
  nanosec: 608000000
estimated_time_remaining:
  sec: 1
  nanosec: 799593479
number_of_recoveries: 0
distance_remaining: 0.7999999523162842

Feedback:
    current_pose:
  header:
    stamp:
      sec: 313
      nanosec: 580000000
    frame_id: map
  pose:
    position:
      x: 2.69882596095874
      y: 0.008170261395950139
      z: 0.0
    orientation:
      x: 0.0
      y: 0.0
      z: -0.023248571810324234
      w: 0.9997297154275151
navigation_time:
  sec: 10
  nanosec: 616000000
estimated_time_remaining:
  sec: 1
  nanosec: 799593479
number_of_recoveries: 0
distance_remaining: 0.7999999523162842

Feedback:
    current_pose:
  header:
    stamp:
      sec: 313
      nanosec: 600000000
    frame_id: map
  pose:
    position:
      x: 2.707884397748981
      y: 0.00757230613656041
      z: 0.0
    orientation:
      x: 0.0
      y: 0.0
      z: -0.023329672495362618
      w: 0.9997278261513277
navigation_time:
  sec: 10
  nanosec: 624000000
estimated_time_remaining:
  sec: 1
  nanosec: 794273560
number_of_recoveries: 0
distance_remaining: 0.7999999523162842

Feedback:
    current_pose:
  header:
    stamp:
      sec: 313
      nanosec: 600000000
    frame_id: map
  pose:
    position:
      x: 2.707884397748981
      y: 0.00757230613656041
      z: 0.0
    orientation:
      x: 0.0
      y: 0.0
      z: -0.023329672495362618
      w: 0.9997278261513277
navigation_time:
  sec: 10
  nanosec: 632000000
estimated_time_remaining:
  sec: 1
  nanosec: 794273560
number_of_recoveries: 0
distance_remaining: 0.7999999523162842

Feedback:
    current_pose:
  header:
    stamp:
      sec: 313
      nanosec: 620000000
    frame_id: map
  pose:
    position:
      x: 2.7177623762184835
      y: 0.007626460391503179
      z: 0.0
    orientation:
      x: 0.0
      y: 0.0
      z: -0.02310742151403383
      w: 0.9997329878877524
navigation_time:
  sec: 10
  nanosec: 644000000
estimated_time_remaining:
  sec: 1
  nanosec: 733584060
number_of_recoveries: 0
distance_remaining: 0.7749999165534973

Feedback:
    current_pose:
  header:
    stamp:
      sec: 313
      nanosec: 620000000
    frame_id: map
  pose:
    position:
      x: 2.7177623762184835
      y: 0.007626460391503179
      z: 0.0
    orientation:
      x: 0.0
      y: 0.0
      z: -0.02310742151403383
      w: 0.9997329878877524
navigation_time:
  sec: 10
  nanosec: 652000000
estimated_time_remaining:
  sec: 1
  nanosec: 733584060
number_of_recoveries: 0
distance_remaining: 0.7749999165534973

Feedback:
    current_pose:
  header:
    stamp:
      sec: 313
      nanosec: 640000000
    frame_id: map
  pose:
    position:
      x: 2.7276408996064774
      y: 0.007688492592368135
      z: 0.0
    orientation:
      x: 0.0
      y: 0.0
      z: -0.022875617915000618
      w: 0.9997383188139818
navigation_time:
  sec: 10
  nanosec: 664000000
estimated_time_remaining:
  sec: 1
  nanosec: 729160548
number_of_recoveries: 0
distance_remaining: 0.7749999165534973

Feedback:
    current_pose:
  header:
    stamp:
      sec: 313
      nanosec: 640000000
    frame_id: map
  pose:
    position:
      x: 2.7276408996064774
      y: 0.007688492592368135
      z: 0.0
    orientation:
      x: 0.0
      y: 0.0
      z: -0.022875617915000618
      w: 0.9997383188139818
navigation_time:
  sec: 10
  nanosec: 672000000
estimated_time_remaining:
  sec: 1
  nanosec: 729160548
number_of_recoveries: 0
distance_remaining: 0.7749999165534973

Feedback:
    current_pose:
  header:
    stamp:
      sec: 313
      nanosec: 660000000
    frame_id: map
  pose:
    position:
      x: 2.7375535338358596
      y: 0.007756968011298014
      z: 0.0
    orientation:
      x: 0.0
      y: 0.0
      z: -0.02262518280576777
      w: 0.9997440177880562
navigation_time:
  sec: 10
  nanosec: 684000000
estimated_time_remaining:
  sec: 1
  nanosec: 669102119
number_of_recoveries: 0
distance_remaining: 0.7499999403953552

Feedback:
    current_pose:
  header:
    stamp:
      sec: 313
      nanosec: 660000000
    frame_id: map
  pose:
    position:
      x: 2.7375535338358596
      y: 0.007756968011298014
      z: 0.0
    orientation:
      x: 0.0
      y: 0.0
      z: -0.02262518280576777
      w: 0.9997440177880562
navigation_time:
  sec: 10
  nanosec: 692000000
estimated_time_remaining:
  sec: 1
  nanosec: 669102119
number_of_recoveries: 0
distance_remaining: 0.7499999403953552

Feedback:
    current_pose:
  header:
    stamp:
      sec: 313
      nanosec: 680000000
    frame_id: map
  pose:
    position:
      x: 2.747522959394788
      y: 0.007831549471630596
      z: 0.0
    orientation:
      x: 0.0
      y: 0.0
      z: -0.022346800647949014
      w: 0.999750279070129
navigation_time:
  sec: 10
  nanosec: 704000000
estimated_time_remaining:
  sec: 1
  nanosec: 664107924
number_of_recoveries: 0
distance_remaining: 0.7499999403953552

Feedback:
    current_pose:
  header:
    stamp:
      sec: 313
      nanosec: 680000000
    frame_id: map
  pose:
    position:
      x: 2.747522959394788
      y: 0.007831549471630596
      z: 0.0
    orientation:
      x: 0.0
      y: 0.0
      z: -0.022346800647949014
      w: 0.999750279070129
navigation_time:
  sec: 10
  nanosec: 712000000
estimated_time_remaining:
  sec: 1
  nanosec: 664107924
number_of_recoveries: 0
distance_remaining: 0.7499999403953552

Feedback:
    current_pose:
  header:
    stamp:
      sec: 313
      nanosec: 700000000
    frame_id: map
  pose:
    position:
      x: 2.757492332303848
      y: 0.007914993293345461
      z: 0.0
    orientation:
      x: 0.0
      y: 0.0
      z: -0.022068416757383143
      w: 0.999756462835736
navigation_time:
  sec: 10
  nanosec: 724000000
estimated_time_remaining:
  sec: 1
  nanosec: 658555350
number_of_recoveries: 0
distance_remaining: 0.7499999403953552

Feedback:
    current_pose:
  header:
    stamp:
      sec: 313
      nanosec: 700000000
    frame_id: map
  pose:
    position:
      x: 2.757492332303848
      y: 0.007914993293345461
      z: 0.0
    orientation:
      x: 0.0
      y: 0.0
      z: -0.022068416757383143
      w: 0.999756462835736
navigation_time:
  sec: 10
  nanosec: 732000000
estimated_time_remaining:
  sec: 1
  nanosec: 658555350
number_of_recoveries: 0
distance_remaining: 0.7499999403953552

Feedback:
    current_pose:
  header:
    stamp:
      sec: 313
      nanosec: 700000000
    frame_id: map
  pose:
    position:
      x: 2.757492332303848
      y: 0.007914993293345461
      z: 0.0
    orientation:
      x: 0.0
      y: 0.0
      z: -0.022068416757383143
      w: 0.999756462835736
navigation_time:
  sec: 10
  nanosec: 740000000
estimated_time_remaining:
  sec: 1
  nanosec: 658555350
number_of_recoveries: 0
distance_remaining: 0.7499999403953552

Feedback:
    current_pose:
  header:
    stamp:
      sec: 313
      nanosec: 720000000
    frame_id: map
  pose:
    position:
      x: 2.7675198084331276
      y: 0.008005224587870192
      z: 0.0
    orientation:
      x: 0.0
      y: 0.0
      z: -0.021727569455888843
      w: 0.9997639284978928
navigation_time:
  sec: 10
  nanosec: 744000000
estimated_time_remaining:
  sec: 1
  nanosec: 597966052
number_of_recoveries: 0
distance_remaining: 0.7249999046325684

Feedback:
    current_pose:
  header:
    stamp:
      sec: 313
      nanosec: 720000000
    frame_id: map
  pose:
    position:
      x: 2.7675198084331276
      y: 0.008005224587870192
      z: 0.0
    orientation:
      x: 0.0
      y: 0.0
      z: -0.021727569455888843
      w: 0.9997639284978928
navigation_time:
  sec: 10
  nanosec: 756000000
estimated_time_remaining:
  sec: 1
  nanosec: 597966052
number_of_recoveries: 0
distance_remaining: 0.7249999046325684

Feedback:
    current_pose:
  header:
    stamp:
      sec: 313
      nanosec: 740000000
    frame_id: map
  pose:
    position:
      x: 2.777561817943116
      y: 0.008105168205780052
      z: 0.0
    orientation:
      x: 0.0
      y: 0.0
      z: -0.021371104045259704
      w: 0.9997716118753757
navigation_time:
  sec: 10
  nanosec: 764000000
estimated_time_remaining:
  sec: 1
  nanosec: 592812799
number_of_recoveries: 0
distance_remaining: 0.7249999046325684

Feedback:
    current_pose:
  header:
    stamp:
      sec: 313
      nanosec: 740000000
    frame_id: map
  pose:
    position:
      x: 2.777561817943116
      y: 0.008105168205780052
      z: 0.0
    orientation:
      x: 0.0
      y: 0.0
      z: -0.021371104045259704
      w: 0.9997716118753757
navigation_time:
  sec: 10
  nanosec: 772000000
estimated_time_remaining:
  sec: 1
  nanosec: 592812799
number_of_recoveries: 0
distance_remaining: 0.7249999046325684

Feedback:
    current_pose:
  header:
    stamp:
      sec: 313
      nanosec: 760000000
    frame_id: map
  pose:
    position:
      x: 2.787560760862924
      y: 0.008217315980285227
      z: 0.0
    orientation:
      x: 0.0
      y: 0.0
      z: -0.021014005038048063
      w: 0.999779181415707
navigation_time:
  sec: 10
  nanosec: 784000000
estimated_time_remaining:
  sec: 1
  nanosec: 533629775
number_of_recoveries: 0
distance_remaining: 0.6999999284744263

Feedback:
    current_pose:
  header:
    stamp:
      sec: 313
      nanosec: 760000000
    frame_id: map
  pose:
    position:
      x: 2.787560760862924
      y: 0.008217315980285227
      z: 0.0
    orientation:
      x: 0.0
      y: 0.0
      z: -0.021014005038048063
      w: 0.999779181415707
navigation_time:
  sec: 10
  nanosec: 792000000
estimated_time_remaining:
  sec: 1
  nanosec: 533629775
number_of_recoveries: 0
distance_remaining: 0.6999999284744263

Feedback:
    current_pose:
  header:
    stamp:
      sec: 313
      nanosec: 780000000
    frame_id: map
  pose:
    position:
      x: 2.7975489193560823
      y: 0.008340261402996995
      z: 0.0
    orientation:
      x: 0.0
      y: 0.0
      z: -0.020656745628340443
      w: 0.9997866266659331
navigation_time:
  sec: 10
  nanosec: 800000000
estimated_time_remaining:
  sec: 1
  nanosec: 530523678
number_of_recoveries: 0
distance_remaining: 0.6999999284744263

Feedback:
    current_pose:
  header:
    stamp:
      sec: 313
      nanosec: 780000000
    frame_id: map
  pose:
    position:
      x: 2.7975489193560823
      y: 0.008340261402996995
      z: 0.0
    orientation:
      x: 0.0
      y: 0.0
      z: -0.020656745628340443
      w: 0.9997866266659331
navigation_time:
  sec: 10
  nanosec: 808000000
estimated_time_remaining:
  sec: 1
  nanosec: 530523678
number_of_recoveries: 0
distance_remaining: 0.6999999284744263

Feedback:
    current_pose:
  header:
    stamp:
      sec: 313
      nanosec: 780000000
    frame_id: map
  pose:
    position:
      x: 2.7975489193560823
      y: 0.008340261402996995
      z: 0.0
    orientation:
      x: 0.0
      y: 0.0
      z: -0.020656745628340443
      w: 0.9997866266659331
navigation_time:
  sec: 10
  nanosec: 816000000
estimated_time_remaining:
  sec: 1
  nanosec: 530523678
number_of_recoveries: 0
distance_remaining: 0.6999999284744263

Feedback:
    current_pose:
  header:
    stamp:
      sec: 313
      nanosec: 800000000
    frame_id: map
  pose:
    position:
      x: 2.807578605961348
      y: 0.008471842754198669
      z: 0.0
    orientation:
      x: 0.0
      y: 0.0
      z: -0.02030258663438593
      w: 0.999793881245506
navigation_time:
  sec: 10
  nanosec: 828000000
estimated_time_remaining:
  sec: 1
  nanosec: 527731827
number_of_recoveries: 0
distance_remaining: 0.6999999284744263

Feedback:
    current_pose:
  header:
    stamp:
      sec: 313
      nanosec: 800000000
    frame_id: map
  pose:
    position:
      x: 2.807578605961348
      y: 0.008471842754198669
      z: 0.0
    orientation:
      x: 0.0
      y: 0.0
      z: -0.02030258663438593
      w: 0.999793881245506
navigation_time:
  sec: 10
  nanosec: 836000000
estimated_time_remaining:
  sec: 1
  nanosec: 527731827
number_of_recoveries: 0
distance_remaining: 0.6999999284744263

Feedback:
    current_pose:
  header:
    stamp:
      sec: 313
      nanosec: 820000000
    frame_id: map
  pose:
    position:
      x: 2.8167911152656404
      y: 0.007349731648897101
      z: 0.0
    orientation:
      x: 0.0
      y: 0.0
      z: -0.020354541648916733
      w: 0.9997928248563611
navigation_time:
  sec: 10
  nanosec: 848000000
estimated_time_remaining:
  sec: 1
  nanosec: 469934919
number_of_recoveries: 0
distance_remaining: 0.6749998927116394

Feedback:
    current_pose:
  header:
    stamp:
      sec: 313
      nanosec: 820000000
    frame_id: map
  pose:
    position:
      x: 2.8167911152656404
      y: 0.007349731648897101
      z: 0.0
    orientation:
      x: 0.0
      y: 0.0
      z: -0.020354541648916733
      w: 0.9997928248563611
navigation_time:
  sec: 10
  nanosec: 856000000
estimated_time_remaining:
  sec: 1
  nanosec: 469934919
number_of_recoveries: 0
distance_remaining: 0.6749998927116394

Feedback:
    current_pose:
  header:
    stamp:
      sec: 313
      nanosec: 840000000
    frame_id: map
  pose:
    position:
      x: 2.8260029914476648
      y: 0.006222919925674315
      z: 0.0
    orientation:
      x: 0.0
      y: 0.0
      z: -0.020406496608486896
      w: 0.999791765767336
navigation_time:
  sec: 10
  nanosec: 864000000
estimated_time_remaining:
  sec: 1
  nanosec: 466415965
number_of_recoveries: 0
distance_remaining: 0.6749998927116394

Feedback:
    current_pose:
  header:
    stamp:
      sec: 313
      nanosec: 840000000
    frame_id: map
  pose:
    position:
      x: 2.8260029914476648
      y: 0.006222919925674315
      z: 0.0
    orientation:
      x: 0.0
      y: 0.0
      z: -0.020406496608486896
      w: 0.999791765767336
navigation_time:
  sec: 10
  nanosec: 880000000
estimated_time_remaining:
  sec: 1
  nanosec: 466415965
number_of_recoveries: 0
distance_remaining: 0.6749998927116394

Feedback:
    current_pose:
  header:
    stamp:
      sec: 313
      nanosec: 860000000
    frame_id: map
  pose:
    position:
      x: 2.8350939028136355
      y: 0.005097296637834443
      z: 0.0
    orientation:
      x: 0.0
      y: 0.0
      z: -0.02035644565072716
      w: 0.9997927860914326
navigation_time:
  sec: 10
  nanosec: 888000000
estimated_time_remaining:
  sec: 1
  nanosec: 464064412
number_of_recoveries: 0
distance_remaining: 0.6749998927116394

Feedback:
    current_pose:
  header:
    stamp:
      sec: 313
      nanosec: 860000000
    frame_id: map
  pose:
    position:
      x: 2.8350939028136355
      y: 0.005097296637834443
      z: 0.0
    orientation:
      x: 0.0
      y: 0.0
      z: -0.02035644565072716
      w: 0.9997927860914326
navigation_time:
  sec: 10
  nanosec: 896000000
estimated_time_remaining:
  sec: 1
  nanosec: 464064412
number_of_recoveries: 0
distance_remaining: 0.6749998927116394

Feedback:
    current_pose:
  header:
    stamp:
      sec: 313
      nanosec: 880000000
    frame_id: map
  pose:
    position:
      x: 2.8441842573787084
      y: 0.003968919389732029
      z: 0.0
    orientation:
      x: 0.0
      y: 0.0
      z: -0.02030639460931473
      w: 0.9997938039105718
navigation_time:
  sec: 10
  nanosec: 908000000
estimated_time_remaining:
  sec: 1
  nanosec: 408612443
number_of_recoveries: 0
distance_remaining: 0.6499999165534973

Feedback:
    current_pose:
  header:
    stamp:
      sec: 313
      nanosec: 880000000
    frame_id: map
  pose:
    position:
      x: 2.8441842573787084
      y: 0.003968919389732029
      z: 0.0
    orientation:
      x: 0.0
      y: 0.0
      z: -0.02030639460931473
      w: 0.9997938039105718
navigation_time:
  sec: 10
  nanosec: 916000000
estimated_time_remaining:
  sec: 1
  nanosec: 408612443
number_of_recoveries: 0
distance_remaining: 0.6499999165534973

Feedback:
    current_pose:
  header:
    stamp:
      sec: 313
      nanosec: 900000000
    frame_id: map
  pose:
    position:
      x: 2.8532619898859304
      y: 0.002838645214809036
      z: 0.0
    orientation:
      x: 0.0
      y: 0.0
      z: -0.020190325919985135
      w: 0.9997961545931474
navigation_time:
  sec: 10
  nanosec: 924000000
estimated_time_remaining:
  sec: 1
  nanosec: 407482545
number_of_recoveries: 0
distance_remaining: 0.6499999165534973

Feedback:
    current_pose:
  header:
    stamp:
      sec: 313
      nanosec: 900000000
    frame_id: map
  pose:
    position:
      x: 2.8532619898859304
      y: 0.002838645214809036
      z: 0.0
    orientation:
      x: 0.0
      y: 0.0
      z: -0.020190325919985135
      w: 0.9997961545931474
navigation_time:
  sec: 10
  nanosec: 932000000
estimated_time_remaining:
  sec: 1
  nanosec: 407482545
number_of_recoveries: 0
distance_remaining: 0.6499999165534973

Feedback:
    current_pose:
  header:
    stamp:
      sec: 313
      nanosec: 920000000
    frame_id: map
  pose:
    position:
      x: 2.8623311865954726
      y: 0.0017078173116363109
      z: 0.0
    orientation:
      x: 0.0
      y: 0.0
      z: -0.020030245018709574
      w: 0.999799374516953
navigation_time:
  sec: 10
  nanosec: 944000000
estimated_time_remaining:
  sec: 1
  nanosec: 406487961
number_of_recoveries: 0
distance_remaining: 0.6499999165534973

Feedback:
    current_pose:
  header:
    stamp:
      sec: 313
      nanosec: 920000000
    frame_id: map
  pose:
    position:
      x: 2.8623311865954726
      y: 0.0017078173116363109
      z: 0.0
    orientation:
      x: 0.0
      y: 0.0
      z: -0.020030245018709574
      w: 0.999799374516953
navigation_time:
  sec: 10
  nanosec: 952000000
estimated_time_remaining:
  sec: 1
  nanosec: 406487961
number_of_recoveries: 0
distance_remaining: 0.6499999165534973

Feedback:
    current_pose:
  header:
    stamp:
      sec: 313
      nanosec: 920000000
    frame_id: map
  pose:
    position:
      x: 2.8623311865954726
      y: 0.0017078173116363109
      z: 0.0
    orientation:
      x: 0.0
      y: 0.0
      z: -0.020030245018709574
      w: 0.999799374516953
navigation_time:
  sec: 10
  nanosec: 960000000
estimated_time_remaining:
  sec: 1
  nanosec: 406487961
number_of_recoveries: 0
distance_remaining: 0.6499999165534973

Feedback:
    current_pose:
  header:
    stamp:
      sec: 313
      nanosec: 940000000
    frame_id: map
  pose:
    position:
      x: 2.8713920050408395
      y: 0.0005766507145770691
      z: 0.0
    orientation:
      x: 0.0
      y: 0.0
      z: -0.019852921875202077
      w: 0.9998029113245356
navigation_time:
  sec: 10
  nanosec: 968000000
estimated_time_remaining:
  sec: 1
  nanosec: 351521605
number_of_recoveries: 0
distance_remaining: 0.6249999403953552

Feedback:
    current_pose:
  header:
    stamp:
      sec: 313
      nanosec: 940000000
    frame_id: map
  pose:
    position:
      x: 2.8713920050408395
      y: 0.0005766507145770691
      z: 0.0
    orientation:
      x: 0.0
      y: 0.0
      z: -0.019852921875202077
      w: 0.9998029113245356
navigation_time:
  sec: 10
  nanosec: 976000000
estimated_time_remaining:
  sec: 1
  nanosec: 351521605
number_of_recoveries: 0
distance_remaining: 0.6249999403953552

Feedback:
    current_pose:
  header:
    stamp:
      sec: 313
      nanosec: 960000000
    frame_id: map
  pose:
    position:
      x: 2.880440515843391
      y: -0.0005541084145417388
      z: 0.0
    orientation:
      x: 0.0
      y: 0.0
      z: -0.019649735379037
      w: 0.9998069253108492
navigation_time:
  sec: 10
  nanosec: 984000000
estimated_time_remaining:
  sec: 1
  nanosec: 350756493
number_of_recoveries: 0
distance_remaining: 0.6249999403953552

Feedback:
    current_pose:
  header:
    stamp:
      sec: 313
      nanosec: 960000000
    frame_id: map
  pose:
    position:
      x: 2.880440515843391
      y: -0.0005541084145417388
      z: 0.0
    orientation:
      x: 0.0
      y: 0.0
      z: -0.019649735379037
      w: 0.9998069253108492
navigation_time:
  sec: 10
  nanosec: 992000000
estimated_time_remaining:
  sec: 1
  nanosec: 350756493
number_of_recoveries: 0
distance_remaining: 0.6249999403953552

Feedback:
    current_pose:
  header:
    stamp:
      sec: 313
      nanosec: 980000000
    frame_id: map
  pose:
    position:
      x: 2.8894752305713065
      y: -0.001684264102022364
      z: 0.0
    orientation:
      x: 0.0
      y: 0.0
      z: -0.019443785237511804
      w: 0.9998109517381961
navigation_time:
  sec: 11
  nanosec: 4000000
estimated_time_remaining:
  sec: 1
  nanosec: 296255353
number_of_recoveries: 0
distance_remaining: 0.5999999046325684

Feedback:
    current_pose:
  header:
    stamp:
      sec: 313
      nanosec: 980000000
    frame_id: map
  pose:
    position:
      x: 2.8894752305713065
      y: -0.001684264102022364
      z: 0.0
    orientation:
      x: 0.0
      y: 0.0
      z: -0.019443785237511804
      w: 0.9998109517381961
navigation_time:
  sec: 11
  nanosec: 12000000
estimated_time_remaining:
  sec: 1
  nanosec: 296255353
number_of_recoveries: 0
distance_remaining: 0.5999999046325684

Feedback:
    current_pose:
  header:
    stamp:
      sec: 313
      nanosec: 980000000
    frame_id: map
  pose:
    position:
      x: 2.8894752305713065
      y: -0.001684264102022364
      z: 0.0
    orientation:
      x: 0.0
      y: 0.0
      z: -0.019443785237511804
      w: 0.9998109517381961
navigation_time:
  sec: 11
  nanosec: 16000000
estimated_time_remaining:
  sec: 1
  nanosec: 296255353
number_of_recoveries: 0
distance_remaining: 0.5999999046325684

Feedback:
    current_pose:
  header:
    stamp:
      sec: 314
      nanosec: 0
    frame_id: map
  pose:
    position:
      x: 2.898456112063231
      y: -0.0028120883754720084
      z: 0.0
    orientation:
      x: 0.0
      y: 0.0
      z: -0.01922678286801156
      w: 0.9998151483252022
navigation_time:
  sec: 11
  nanosec: 24000000
estimated_time_remaining:
  sec: 1
  nanosec: 296475695
number_of_recoveries: 0
distance_remaining: 0.5999999046325684

Feedback:
    current_pose:
  header:
    stamp:
      sec: 314
      nanosec: 0
    frame_id: map
  pose:
    position:
      x: 2.898456112063231
      y: -0.0028120883754720084
      z: 0.0
    orientation:
      x: 0.0
      y: 0.0
      z: -0.01922678286801156
      w: 0.9998151483252022
navigation_time:
  sec: 11
  nanosec: 36000000
estimated_time_remaining:
  sec: 1
  nanosec: 296475695
number_of_recoveries: 0
distance_remaining: 0.5999999046325684

Feedback:
    current_pose:
  header:
    stamp:
      sec: 314
      nanosec: 20000000
    frame_id: map
  pose:
    position:
      x: 2.907298807601859
      y: -0.002858445061225217
      z: 0.0
    orientation:
      x: 0.0
      y: 0.0
      z: -0.018710960462063025
      w: 0.9998249346553562
navigation_time:
  sec: 11
  nanosec: 44000000
estimated_time_remaining:
  sec: 1
  nanosec: 297225336
number_of_recoveries: 0
distance_remaining: 0.5999999046325684

Feedback:
    current_pose:
  header:
    stamp:
      sec: 314
      nanosec: 20000000
    frame_id: map
  pose:
    position:
      x: 2.907298807601859
      y: -0.002858445061225217
      z: 0.0
    orientation:
      x: 0.0
      y: 0.0
      z: -0.018710960462063025
      w: 0.9998249346553562
navigation_time:
  sec: 11
  nanosec: 56000000
estimated_time_remaining:
  sec: 1
  nanosec: 297225336
number_of_recoveries: 0
distance_remaining: 0.5999999046325684

Feedback:
    current_pose:
  header:
    stamp:
      sec: 314
      nanosec: 40000000
    frame_id: map
  pose:
    position:
      x: 2.9160999480360275
      y: -0.0028917615111308283
      z: 0.0
    orientation:
      x: 0.0
      y: 0.0
      z: -0.018155612507564412
      w: 0.9998351732833144
navigation_time:
  sec: 11
  nanosec: 64000000
estimated_time_remaining:
  sec: 1
  nanosec: 244358693
number_of_recoveries: 0
distance_remaining: 0.5749999284744263

Feedback:
    current_pose:
  header:
    stamp:
      sec: 314
      nanosec: 40000000
    frame_id: map
  pose:
    position:
      x: 2.9160999480360275
      y: -0.0028917615111308283
      z: 0.0
    orientation:
      x: 0.0
      y: 0.0
      z: -0.018155612507564412
      w: 0.9998351732833144
navigation_time:
  sec: 11
  nanosec: 76000000
estimated_time_remaining:
  sec: 1
  nanosec: 244358693
number_of_recoveries: 0
distance_remaining: 0.5749999284744263

Feedback:
    current_pose:
  header:
    stamp:
      sec: 314
      nanosec: 60000000
    frame_id: map
  pose:
    position:
      x: 2.9249014202825094
      y: -0.002913347739277143
      z: 0.0
    orientation:
      x: 0.0
      y: 0.0
      z: -0.017600258948465956
      w: 0.9998451034460022
navigation_time:
  sec: 11
  nanosec: 84000000
estimated_time_remaining:
  sec: 1
  nanosec: 246028963
number_of_recoveries: 0
distance_remaining: 0.5749999284744263

Feedback:
    current_pose:
  header:
    stamp:
      sec: 314
      nanosec: 60000000
    frame_id: map
  pose:
    position:
      x: 2.9249014202825094
      y: -0.002913347739277143
      z: 0.0
    orientation:
      x: 0.0
      y: 0.0
      z: -0.017600258948465956
      w: 0.9998451034460022
navigation_time:
  sec: 11
  nanosec: 96000000
estimated_time_remaining:
  sec: 1
  nanosec: 246028963
number_of_recoveries: 0
distance_remaining: 0.5749999284744263

Feedback:
    current_pose:
  header:
    stamp:
      sec: 314
      nanosec: 80000000
    frame_id: map
  pose:
    position:
      x: 2.933618073327231
      y: -0.0029198335820982448
      z: 0.0
    orientation:
      x: 0.0
      y: 0.0
      z: -0.016984504248281157
      w: 0.9998557529041078
navigation_time:
  sec: 11
  nanosec: 104000000
estimated_time_remaining:
  sec: 1
  nanosec: 247943447
number_of_recoveries: 0
distance_remaining: 0.5749999284744263

Feedback:
    current_pose:
  header:
    stamp:
      sec: 314
      nanosec: 80000000
    frame_id: map
  pose:
    position:
      x: 2.933618073327231
      y: -0.0029198335820982448
      z: 0.0
    orientation:
      x: 0.0
      y: 0.0
      z: -0.016984504248281157
      w: 0.9998557529041078
navigation_time:
  sec: 11
  nanosec: 116000000
estimated_time_remaining:
  sec: 1
  nanosec: 247943447
number_of_recoveries: 0
distance_remaining: 0.5749999284744263

Feedback:
    current_pose:
  header:
    stamp:
      sec: 314
      nanosec: 100000000
    frame_id: map
  pose:
    position:
      x: 2.9423137829005395
      y: -0.0029126492426823844
      z: 0.0
    orientation:
      x: 0.0
      y: 0.0
      z: -0.01635364398368542
      w: 0.9998662702224006
navigation_time:
  sec: 11
  nanosec: 124000000
estimated_time_remaining:
  sec: 1
  nanosec: 195735666
number_of_recoveries: 0
distance_remaining: 0.5499998927116394

Feedback:
    current_pose:
  header:
    stamp:
      sec: 314
      nanosec: 100000000
    frame_id: map
  pose:
    position:
      x: 2.9423137829005395
      y: -0.0029126492426823844
      z: 0.0
    orientation:
      x: 0.0
      y: 0.0
      z: -0.01635364398368542
      w: 0.9998662702224006
navigation_time:
  sec: 11
  nanosec: 132000000
estimated_time_remaining:
  sec: 1
  nanosec: 195735666
number_of_recoveries: 0
distance_remaining: 0.5499998927116394

Feedback:
    current_pose:
  header:
    stamp:
      sec: 314
      nanosec: 100000000
    frame_id: map
  pose:
    position:
      x: 2.9423137829005395
      y: -0.0029126492426823844
      z: 0.0
    orientation:
      x: 0.0
      y: 0.0
      z: -0.01635364398368542
      w: 0.9998662702224006
navigation_time:
  sec: 11
  nanosec: 140000000
estimated_time_remaining:
  sec: 1
  nanosec: 195735666
number_of_recoveries: 0
distance_remaining: 0.5499998927116394

Feedback:
    current_pose:
  header:
    stamp:
      sec: 314
      nanosec: 120000000
    frame_id: map
  pose:
    position:
      x: 2.950977344392772
      y: -0.0028914334402345664
      z: 0.0
    orientation:
      x: 0.0
      y: 0.0
      z: -0.01570799468058892
      w: 0.9998766218404723
navigation_time:
  sec: 11
  nanosec: 148000000
estimated_time_remaining:
  sec: 1
  nanosec: 198138337
number_of_recoveries: 0
distance_remaining: 0.5499998927116394

Feedback:
    current_pose:
  header:
    stamp:
      sec: 314
      nanosec: 120000000
    frame_id: map
  pose:
    position:
      x: 2.950977344392772
      y: -0.0028914334402345664
      z: 0.0
    orientation:
      x: 0.0
      y: 0.0
      z: -0.01570799468058892
      w: 0.9998766218404723
navigation_time:
  sec: 11
  nanosec: 160000000
estimated_time_remaining:
  sec: 1
  nanosec: 198138337
number_of_recoveries: 0
distance_remaining: 0.5499998927116394

Feedback:
    current_pose:
  header:
    stamp:
      sec: 314
      nanosec: 140000000
    frame_id: map
  pose:
    position:
      x: 2.959592514262499
      y: -0.002855266517992741
      z: 0.0
    orientation:
      x: 0.0
      y: 0.0
      z: -0.015040164779055034
      w: 0.99988689032481
navigation_time:
  sec: 11
  nanosec: 164000000
estimated_time_remaining:
  sec: 1
  nanosec: 201407887
number_of_recoveries: 0
distance_remaining: 0.5499998927116394

Feedback:
    current_pose:
  header:
    stamp:
      sec: 314
      nanosec: 140000000
    frame_id: map
  pose:
    position:
      x: 2.959592514262499
      y: -0.002855266517992741
      z: 0.0
    orientation:
      x: 0.0
      y: 0.0
      z: -0.015040164779055034
      w: 0.99988689032481
navigation_time:
  sec: 11
  nanosec: 176000000
estimated_time_remaining:
  sec: 1
  nanosec: 201407887
number_of_recoveries: 0
distance_remaining: 0.5499998927116394

Feedback:
    current_pose:
  header:
    stamp:
      sec: 314
      nanosec: 160000000
    frame_id: map
  pose:
    position:
      x: 2.968167293716345
      y: -0.0028044639674117237
      z: 0.0
    orientation:
      x: 0.0
      y: 0.0
      z: -0.01439026989629488
      w: 0.9998964547053418
navigation_time:
  sec: 11
  nanosec: 184000000
estimated_time_remaining:
  sec: 1
  nanosec: 150628842
number_of_recoveries: 0
distance_remaining: 0.5249999165534973

Feedback:
    current_pose:
  header:
    stamp:
      sec: 314
      nanosec: 160000000
    frame_id: map
  pose:
    position:
      x: 2.968167293716345
      y: -0.0028044639674117237
      z: 0.0
    orientation:
      x: 0.0
      y: 0.0
      z: -0.01439026989629488
      w: 0.9998964547053418
navigation_time:
  sec: 11
  nanosec: 192000000
estimated_time_remaining:
  sec: 1
  nanosec: 150628842
number_of_recoveries: 0
distance_remaining: 0.5249999165534973

Feedback:
    current_pose:
  header:
    stamp:
      sec: 314
      nanosec: 160000000
    frame_id: map
  pose:
    position:
      x: 2.968167293716345
      y: -0.0028044639674117237
      z: 0.0
    orientation:
      x: 0.0
      y: 0.0
      z: -0.01439026989629488
      w: 0.9998964547053418
navigation_time:
  sec: 11
  nanosec: 200000000
estimated_time_remaining:
  sec: 1
  nanosec: 150628842
number_of_recoveries: 0
distance_remaining: 0.5249999165534973

Feedback:
    current_pose:
  header:
    stamp:
      sec: 314
      nanosec: 180000000
    frame_id: map
  pose:
    position:
      x: 2.9765795314088943
      y: -0.0027367153071624142
      z: 0.0
    orientation:
      x: 0.0
      y: 0.0
      z: -0.013812136472684979
      w: 0.9999046078932028
navigation_time:
  sec: 11
  nanosec: 208000000
estimated_time_remaining:
  sec: 1
  nanosec: 154814714
number_of_recoveries: 0
distance_remaining: 0.5249999165534973

Feedback:
    current_pose:
  header:
    stamp:
      sec: 314
      nanosec: 180000000
    frame_id: map
  pose:
    position:
      x: 2.9765795314088943
      y: -0.0027367153071624142
      z: 0.0
    orientation:
      x: 0.0
      y: 0.0
      z: -0.013812136472684979
      w: 0.9999046078932028
navigation_time:
  sec: 11
  nanosec: 220000000
estimated_time_remaining:
  sec: 1
  nanosec: 99823528
number_of_recoveries: 0
distance_remaining: 0.49999991059303284

Feedback:
    current_pose:
  header:
    stamp:
      sec: 314
      nanosec: 200000000
    frame_id: map
  pose:
    position:
      x: 2.98497795846118
      y: -0.002656972127030321
      z: 0.0
    orientation:
      x: 0.0
      y: 0.0
      z: -0.013235361593738459
      w: 0.9999124087656294
navigation_time:
  sec: 11
  nanosec: 228000000
estimated_time_remaining:
  sec: 1
  nanosec: 104054121
number_of_recoveries: 0
distance_remaining: 0.49999991059303284

Feedback:
    current_pose:
  header:
    stamp:
      sec: 314
      nanosec: 200000000
    frame_id: map
  pose:
    position:
      x: 2.98497795846118
      y: -0.002656972127030321
      z: 0.0
    orientation:
      x: 0.0
      y: 0.0
      z: -0.013235361593738459
      w: 0.9999124087656294
navigation_time:
  sec: 11
  nanosec: 236000000
estimated_time_remaining:
  sec: 1
  nanosec: 104054121
number_of_recoveries: 0
distance_remaining: 0.49999991059303284

Feedback:
    current_pose:
  header:
    stamp:
      sec: 314
      nanosec: 220000000
    frame_id: map
  pose:
    position:
      x: 2.993769865857982
      y: -0.0031872247249924712
      z: 0.0
    orientation:
      x: 0.0
      y: 0.0
      z: -0.012793595728803965
      w: 0.9999181586051571
navigation_time:
  sec: 11
  nanosec: 248000000
estimated_time_remaining:
  sec: 1
  nanosec: 108540506
number_of_recoveries: 0
distance_remaining: 0.49999991059303284

Feedback:
    current_pose:
  header:
    stamp:
      sec: 314
      nanosec: 220000000
    frame_id: map
  pose:
    position:
      x: 2.993769865857982
      y: -0.0031872247249924712
      z: 0.0
    orientation:
      x: 0.0
      y: 0.0
      z: -0.012793595728803965
      w: 0.9999181586051571
navigation_time:
  sec: 11
  nanosec: 252000000
estimated_time_remaining:
  sec: 1
  nanosec: 108540506
number_of_recoveries: 0
distance_remaining: 0.49999991059303284

Feedback:
    current_pose:
  header:
    stamp:
      sec: 314
      nanosec: 240000000
    frame_id: map
  pose:
    position:
      x: 3.002561932523945
      y: -0.0037105342197046205
      z: 0.0
    orientation:
      x: 0.0
      y: 0.0
      z: -0.012351827366716259
      w: 0.9999237132705188
navigation_time:
  sec: 11
  nanosec: 264000000
estimated_time_remaining:
  sec: 1
  nanosec: 113202947
number_of_recoveries: 0
distance_remaining: 0.49999991059303284

Feedback:
    current_pose:
  header:
    stamp:
      sec: 314
      nanosec: 240000000
    frame_id: map
  pose:
    position:
      x: 3.002561932523945
      y: -0.0037105342197046205
      z: 0.0
    orientation:
      x: 0.0
      y: 0.0
      z: -0.012351827366716259
      w: 0.9999237132705188
navigation_time:
  sec: 11
  nanosec: 272000000
estimated_time_remaining:
  sec: 1
  nanosec: 113202947
number_of_recoveries: 0
distance_remaining: 0.49999991059303284

Feedback:
    current_pose:
  header:
    stamp:
      sec: 314
      nanosec: 240000000
    frame_id: map
  pose:
    position:
      x: 3.002561932523945
      y: -0.0037105342197046205
      z: 0.0
    orientation:
      x: 0.0
      y: 0.0
      z: -0.012351827366716259
      w: 0.9999237132705188
navigation_time:
  sec: 11
  nanosec: 280000000
estimated_time_remaining:
  sec: 1
  nanosec: 113202947
number_of_recoveries: 0
distance_remaining: 0.49999991059303284

Feedback:
    current_pose:
  header:
    stamp:
      sec: 314
      nanosec: 260000000
    frame_id: map
  pose:
    position:
      x: 3.0112499717672905
      y: -0.004224947678356142
      z: 0.0
    orientation:
      x: 0.0
      y: 0.0
      z: -0.011978011152501451
      w: 0.999928261051177
navigation_time:
  sec: 11
  nanosec: 292000000
estimated_time_remaining:
  sec: 1
  nanosec: 118249444
number_of_recoveries: 0
distance_remaining: 0.49999991059303284

Feedback:
    current_pose:
  header:
    stamp:
      sec: 314
      nanosec: 260000000
    frame_id: map
  pose:
    position:
      x: 3.0112499717672905
      y: -0.004224947678356142
      z: 0.0
    orientation:
      x: 0.0
      y: 0.0
      z: -0.011978011152501451
      w: 0.999928261051177
navigation_time:
  sec: 11
  nanosec: 300000000
estimated_time_remaining:
  sec: 1
  nanosec: 118249444
number_of_recoveries: 0
distance_remaining: 0.49999991059303284

Feedback:
    current_pose:
  header:
    stamp:
      sec: 314
      nanosec: 280000000
    frame_id: map
  pose:
    position:
      x: 3.0199381290826275
      y: -0.00473365991750423
      z: 0.0
    orientation:
      x: 0.0
      y: 0.0
      z: -0.011604193285531781
      w: 0.9999326690823697
navigation_time:
  sec: 11
  nanosec: 308000000
estimated_time_remaining:
  sec: 1
  nanosec: 123674923
number_of_recoveries: 0
distance_remaining: 0.49999991059303284

Feedback:
    current_pose:
  header:
    stamp:
      sec: 314
      nanosec: 280000000
    frame_id: map
  pose:
    position:
      x: 3.0199381290826275
      y: -0.00473365991750423
      z: 0.0
    orientation:
      x: 0.0
      y: 0.0
      z: -0.011604193285531781
      w: 0.9999326690823697
navigation_time:
  sec: 11
  nanosec: 316000000
estimated_time_remaining:
  sec: 1
  nanosec: 123674923
number_of_recoveries: 0
distance_remaining: 0.49999991059303284

Feedback:
    current_pose:
  header:
    stamp:
      sec: 314
      nanosec: 300000000
    frame_id: map
  pose:
    position:
      x: 3.0285550098899634
      y: -0.005235130488194812
      z: 0.0
    orientation:
      x: 0.0
      y: 0.0
      z: -0.01124645786845109
      w: 0.9999367565928424
navigation_time:
  sec: 11
  nanosec: 328000000
estimated_time_remaining:
  sec: 1
  nanosec: 16403597
number_of_recoveries: 0
distance_remaining: 0.44999992847442627

Feedback:
    current_pose:
  header:
    stamp:
      sec: 314
      nanosec: 300000000
    frame_id: map
  pose:
    position:
      x: 3.0285550098899634
      y: -0.005235130488194812
      z: 0.0
    orientation:
      x: 0.0
      y: 0.0
      z: -0.01124645786845109
      w: 0.9999367565928424
navigation_time:
  sec: 11
  nanosec: 336000000
estimated_time_remaining:
  sec: 1
  nanosec: 16403597
number_of_recoveries: 0
distance_remaining: 0.44999992847442627

Feedback:
    current_pose:
  header:
    stamp:
      sec: 314
      nanosec: 320000000
    frame_id: map
  pose:
    position:
      x: 3.03712439730493
      y: -0.005730296878391911
      z: 0.0
    orientation:
      x: 0.0
      y: 0.0
      z: -0.010899443780912768
      w: 0.9999405992984116
navigation_time:
  sec: 11
  nanosec: 340000000
estimated_time_remaining:
  sec: 1
  nanosec: 21740674
number_of_recoveries: 0
distance_remaining: 0.44999992847442627

Feedback:
    current_pose:
  header:
    stamp:
      sec: 314
      nanosec: 320000000
    frame_id: map
  pose:
    position:
      x: 3.03712439730493
      y: -0.005730296878391911
      z: 0.0
    orientation:
      x: 0.0
      y: 0.0
      z: -0.010899443780912768
      w: 0.9999405992984116
navigation_time:
  sec: 11
  nanosec: 352000000
estimated_time_remaining:
  sec: 1
  nanosec: 21740674
number_of_recoveries: 0
distance_remaining: 0.44999992847442627

Feedback:
    current_pose:
  header:
    stamp:
      sec: 314
      nanosec: 320000000
    frame_id: map
  pose:
    position:
      x: 3.03712439730493
      y: -0.005730296878391911
      z: 0.0
    orientation:
      x: 0.0
      y: 0.0
      z: -0.010899443780912768
      w: 0.9999405992984116
navigation_time:
  sec: 11
  nanosec: 360000000
estimated_time_remaining:
  sec: 1
  nanosec: 27143193
number_of_recoveries: 0
distance_remaining: 0.44999992847442627

Feedback:
    current_pose:
  header:
    stamp:
      sec: 314
      nanosec: 340000000
    frame_id: map
  pose:
    position:
      x: 3.0456750934872434
      y: -0.006219909658291979
      z: 0.0
    orientation:
      x: 0.0
      y: 0.0
      z: -0.010561871262527424
      w: 0.9999442218821176
navigation_time:
  sec: 11
  nanosec: 368000000
estimated_time_remaining:
  sec: 1
  nanosec: 27143193
number_of_recoveries: 0
distance_remaining: 0.44999992847442627

Feedback:
    current_pose:
  header:
    stamp:
      sec: 314
      nanosec: 340000000
    frame_id: map
  pose:
    position:
      x: 3.0456750934872434
      y: -0.006219909658291979
      z: 0.0
    orientation:
      x: 0.0
      y: 0.0
      z: -0.010561871262527424
      w: 0.9999442218821176
navigation_time:
  sec: 11
  nanosec: 376000000
estimated_time_remaining:
  sec: 1
  nanosec: 27143193
number_of_recoveries: 0
distance_remaining: 0.44999992847442627

Feedback:
    current_pose:
  header:
    stamp:
      sec: 314
      nanosec: 360000000
    frame_id: map
  pose:
    position:
      x: 3.054150728464843
      y: -0.0067033274371620655
      z: 0.0
    orientation:
      x: 0.0
      y: 0.0
      z: -0.010262069230975682
      w: 0.9999473435812001
navigation_time:
  sec: 11
  nanosec: 388000000
estimated_time_remaining:
  sec: 1
  nanosec: 32756990
number_of_recoveries: 0
distance_remaining: 0.44999992847442627

Feedback:
    current_pose:
  header:
    stamp:
      sec: 314
      nanosec: 360000000
    frame_id: map
  pose:
    position:
      x: 3.054150728464843
      y: -0.0067033274371620655
      z: 0.0
    orientation:
      x: 0.0
      y: 0.0
      z: -0.010262069230975682
      w: 0.9999473435812001
navigation_time:
  sec: 11
  nanosec: 396000000
estimated_time_remaining:
  sec: 1
  nanosec: 32756990
number_of_recoveries: 0
distance_remaining: 0.44999992847442627

Feedback:
    current_pose:
  header:
    stamp:
      sec: 314
      nanosec: 380000000
    frame_id: map
  pose:
    position:
      x: 3.062608005077162
      y: -0.007182022587807875
      z: 0.0
    orientation:
      x: 0.0
      y: 0.0
      z: -0.009946935815626863
      w: 0.9999505280102011
navigation_time:
  sec: 11
  nanosec: 404000000
estimated_time_remaining:
  sec: 0
  nanosec: 980924532
number_of_recoveries: 0
distance_remaining: 0.4249999225139618

Feedback:
    current_pose:
  header:
    stamp:
      sec: 314
      nanosec: 380000000
    frame_id: map
  pose:
    position:
      x: 3.062608005077162
      y: -0.007182022587807875
      z: 0.0
    orientation:
      x: 0.0
      y: 0.0
      z: -0.009946935815626863
      w: 0.9999505280102011
navigation_time:
  sec: 11
  nanosec: 416000000
estimated_time_remaining:
  sec: 0
  nanosec: 980924532
number_of_recoveries: 0
distance_remaining: 0.4249999225139618

Feedback:
    current_pose:
  header:
    stamp:
      sec: 314
      nanosec: 380000000
    frame_id: map
  pose:
    position:
      x: 3.062608005077162
      y: -0.007182022587807875
      z: 0.0
    orientation:
      x: 0.0
      y: 0.0
      z: -0.009946935815626863
      w: 0.9999505280102011
navigation_time:
  sec: 11
  nanosec: 424000000
estimated_time_remaining:
  sec: 0
  nanosec: 986555737
number_of_recoveries: 0
distance_remaining: 0.4249999225139618

Feedback:
    current_pose:
  header:
    stamp:
      sec: 314
      nanosec: 400000000
    frame_id: map
  pose:
    position:
      x: 3.0709916495209435
      y: -0.007654086837080423
      z: 0.0
    orientation:
      x: 0.0
      y: 0.0
      z: -0.009570479285593594
      w: 0.9999542019143896
navigation_time:
  sec: 11
  nanosec: 432000000
estimated_time_remaining:
  sec: 0
  nanosec: 986555737
number_of_recoveries: 0
distance_remaining: 0.4249999225139618

Feedback:
    current_pose:
  header:
    stamp:
      sec: 314
      nanosec: 400000000
    frame_id: map
  pose:
    position:
      x: 3.0709916495209435
      y: -0.007654086837080423
      z: 0.0
    orientation:
      x: 0.0
      y: 0.0
      z: -0.009570479285593594
      w: 0.9999542019143896
navigation_time:
  sec: 11
  nanosec: 440000000
estimated_time_remaining:
  sec: 0
  nanosec: 986555737
number_of_recoveries: 0
distance_remaining: 0.4249999225139618

Feedback:
    current_pose:
  header:
    stamp:
      sec: 314
      nanosec: 420000000
    frame_id: map
  pose:
    position:
      x: 3.0788738631251733
      y: -0.00767978540431739
      z: 0.0
    orientation:
      x: 0.0
      y: 0.0
      z: -0.009401963310686826
      w: 0.9999558005661573
navigation_time:
  sec: 11
  nanosec: 448000000
estimated_time_remaining:
  sec: 0
  nanosec: 992133353
number_of_recoveries: 0
distance_remaining: 0.4249999225139618

Feedback:
    current_pose:
  header:
    stamp:
      sec: 314
      nanosec: 420000000
    frame_id: map
  pose:
    position:
      x: 3.0788738631251733
      y: -0.00767978540431739
      z: 0.0
    orientation:
      x: 0.0
      y: 0.0
      z: -0.009401963310686826
      w: 0.9999558005661573
navigation_time:
  sec: 11
  nanosec: 460000000
estimated_time_remaining:
  sec: 0
  nanosec: 992133353
number_of_recoveries: 0
distance_remaining: 0.4249999225139618

Feedback:
    current_pose:
  header:
    stamp:
      sec: 314
      nanosec: 440000000
    frame_id: map
  pose:
    position:
      x: 3.0866506357314174
      y: -0.0077048937356707335
      z: 0.0
    orientation:
      x: 0.0
      y: 0.0
      z: -0.009245507191744037
      w: 0.9999572593850037
navigation_time:
  sec: 11
  nanosec: 468000000
estimated_time_remaining:
  sec: 0
  nanosec: 997960691
number_of_recoveries: 0
distance_remaining: 0.4249999225139618

Feedback:
    current_pose:
  header:
    stamp:
      sec: 314
      nanosec: 440000000
    frame_id: map
  pose:
    position:
      x: 3.0866506357314174
      y: -0.0077048937356707335
      z: 0.0
    orientation:
      x: 0.0
      y: 0.0
      z: -0.009245507191744037
      w: 0.9999572593850037
navigation_time:
  sec: 11
  nanosec: 476000000
estimated_time_remaining:
  sec: 0
  nanosec: 997960691
number_of_recoveries: 0
distance_remaining: 0.4249999225139618

Feedback:
    current_pose:
  header:
    stamp:
      sec: 314
      nanosec: 460000000
    frame_id: map
  pose:
    position:
      x: 3.0944004628864636
      y: -0.0077310297720781795
      z: 0.0
    orientation:
      x: 0.0
      y: 0.0
      z: -0.009092065886899143
      w: 0.9999586663147175
navigation_time:
  sec: 11
  nanosec: 488000000
estimated_time_remaining:
  sec: 0
  nanosec: 944979524
number_of_recoveries: 0
distance_remaining: 0.3999999165534973

Feedback:
    current_pose:
  header:
    stamp:
      sec: 314
      nanosec: 460000000
    frame_id: map
  pose:
    position:
      x: 3.0944004628864636
      y: -0.0077310297720781795
      z: 0.0
    orientation:
      x: 0.0
      y: 0.0
      z: -0.009092065886899143
      w: 0.9999586663147175
navigation_time:
  sec: 11
  nanosec: 496000000
estimated_time_remaining:
  sec: 0
  nanosec: 944979524
number_of_recoveries: 0
distance_remaining: 0.3999999165534973

Feedback:
    current_pose:
  header:
    stamp:
      sec: 314
      nanosec: 480000000
    frame_id: map
  pose:
    position:
      x: 3.102076502617138
      y: -0.007757381901941703
      z: 0.0
    orientation:
      x: 0.0
      y: 0.0
      z: -0.008942152358435292
      w: 0.9999600181563253
navigation_time:
  sec: 11
  nanosec: 504000000
estimated_time_remaining:
  sec: 0
  nanosec: 950806458
number_of_recoveries: 0
distance_remaining: 0.3999999165534973

Feedback:
    current_pose:
  header:
    stamp:
      sec: 314
      nanosec: 480000000
    frame_id: map
  pose:
    position:
      x: 3.102076502617138
      y: -0.007757381901941703
      z: 0.0
    orientation:
      x: 0.0
      y: 0.0
      z: -0.008942152358435292
      w: 0.9999600181563253
navigation_time:
  sec: 11
  nanosec: 516000000
estimated_time_remaining:
  sec: 0
  nanosec: 950806458
number_of_recoveries: 0
distance_remaining: 0.3999999165534973

Feedback:
    current_pose:
  header:
    stamp:
      sec: 314
      nanosec: 500000000
    frame_id: map
  pose:
    position:
      x: 3.1097030880667775
      y: -0.007784441736498688
      z: 0.0
    orientation:
      x: 0.0
      y: 0.0
      z: -0.008794590628303248
      w: 0.9999613268400336
navigation_time:
  sec: 11
  nanosec: 524000000
estimated_time_remaining:
  sec: 0
  nanosec: 956413020
number_of_recoveries: 0
distance_remaining: 0.3999999165534973

Feedback:
    current_pose:
  header:
    stamp:
      sec: 314
      nanosec: 500000000
    frame_id: map
  pose:
    position:
      x: 3.1097030880667775
      y: -0.007784441736498688
      z: 0.0
    orientation:
      x: 0.0
      y: 0.0
      z: -0.008794590628303248
      w: 0.9999613268400336
navigation_time:
  sec: 11
  nanosec: 536000000
estimated_time_remaining:
  sec: 0
  nanosec: 956413020
number_of_recoveries: 0
distance_remaining: 0.3999999165534973

Feedback:
    current_pose:
  header:
    stamp:
      sec: 314
      nanosec: 520000000
    frame_id: map
  pose:
    position:
      x: 3.1172915334078843
      y: -0.007812446424181732
      z: 0.0
    orientation:
      x: 0.0
      y: 0.0
      z: -0.008648156479919683
      w: 0.9999626039955188
navigation_time:
  sec: 11
  nanosec: 544000000
estimated_time_remaining:
  sec: 0
  nanosec: 901647794
number_of_recoveries: 0
distance_remaining: 0.37499991059303284

Feedback:
    current_pose:
  header:
    stamp:
      sec: 314
      nanosec: 520000000
    frame_id: map
  pose:
    position:
      x: 3.1172915334078843
      y: -0.007812446424181732
      z: 0.0
    orientation:
      x: 0.0
      y: 0.0
      z: -0.008648156479919683
      w: 0.9999626039955188
navigation_time:
  sec: 11
  nanosec: 552000000
estimated_time_remaining:
  sec: 0
  nanosec: 901647794
number_of_recoveries: 0
distance_remaining: 0.37499991059303284

Feedback:
    current_pose:
  header:
    stamp:
      sec: 314
      nanosec: 540000000
    frame_id: map
  pose:
    position:
      x: 3.124729770389929
      y: -0.007839483967698352
      z: 0.0
    orientation:
      x: 0.0
      y: 0.0
      z: -0.008506233251188837
      w: 0.9999638213434905
navigation_time:
  sec: 11
  nanosec: 564000000
estimated_time_remaining:
  sec: 0
  nanosec: 907114318
number_of_recoveries: 0
distance_remaining: 0.37499991059303284

Feedback:
    current_pose:
  header:
    stamp:
      sec: 314
      nanosec: 540000000
    frame_id: map
  pose:
    position:
      x: 3.124729770389929
      y: -0.007839483967698352
      z: 0.0
    orientation:
      x: 0.0
      y: 0.0
      z: -0.008506233251188837
      w: 0.9999638213434905
navigation_time:
  sec: 11
  nanosec: 572000000
estimated_time_remaining:
  sec: 0
  nanosec: 907114318
number_of_recoveries: 0
distance_remaining: 0.37499991059303284

Feedback:
    current_pose:
  header:
    stamp:
      sec: 314
      nanosec: 560000000
    frame_id: map
  pose:
    position:
      x: 3.1321672188929934
      y: -0.007868163338418423
      z: 0.0
    orientation:
      x: 0.0
      y: 0.0
      z: -0.008364309851127754
      w: 0.9999650185485062
navigation_time:
  sec: 11
  nanosec: 588000000
estimated_time_remaining:
  sec: 0
  nanosec: 912971386
number_of_recoveries: 0
distance_remaining: 0.37499991059303284

Feedback:
    current_pose:
  header:
    stamp:
      sec: 314
      nanosec: 560000000
    frame_id: map
  pose:
    position:
      x: 3.1321672188929934
      y: -0.007868163338418423
      z: 0.0
    orientation:
      x: 0.0
      y: 0.0
      z: -0.008364309851127754
      w: 0.9999650185485062
navigation_time:
  sec: 11
  nanosec: 596000000
estimated_time_remaining:
  sec: 0
  nanosec: 912971386
number_of_recoveries: 0
distance_remaining: 0.37499991059303284

Feedback:
    current_pose:
  header:
    stamp:
      sec: 314
      nanosec: 580000000
    frame_id: map
  pose:
    position:
      x: 3.139466454090317
      y: -0.00789638719628085
      z: 0.0
    orientation:
      x: 0.0
      y: 0.0
      z: -0.008256222975882728
      w: 0.9999659168102544
navigation_time:
  sec: 11
  nanosec: 608000000
estimated_time_remaining:
  sec: 0
  nanosec: 857753432
number_of_recoveries: 0
distance_remaining: 0.34999990463256836

Feedback:
    current_pose:
  header:
    stamp:
      sec: 314
      nanosec: 580000000
    frame_id: map
  pose:
    position:
      x: 3.139466454090317
      y: -0.00789638719628085
      z: 0.0
    orientation:
      x: 0.0
      y: 0.0
      z: -0.008256222975882728
      w: 0.9999659168102544
navigation_time:
  sec: 11
  nanosec: 616000000
estimated_time_remaining:
  sec: 0
  nanosec: 857753432
number_of_recoveries: 0
distance_remaining: 0.34999990463256836

Feedback:
    current_pose:
  header:
    stamp:
      sec: 314
      nanosec: 600000000
    frame_id: map
  pose:
    position:
      x: 3.146730532988774
      y: -0.007926274447964088
      z: 0.0
    orientation:
      x: 0.0
      y: 0.0
      z: -0.008156595199758936
      w: 0.9999667344240742
navigation_time:
  sec: 11
  nanosec: 624000000
estimated_time_remaining:
  sec: 0
  nanosec: 863700667
number_of_recoveries: 0
distance_remaining: 0.34999990463256836

Feedback:
    current_pose:
  header:
    stamp:
      sec: 314
      nanosec: 600000000
    frame_id: map
  pose:
    position:
      x: 3.146730532988774
      y: -0.007926274447964088
      z: 0.0
    orientation:
      x: 0.0
      y: 0.0
      z: -0.008156595199758936
      w: 0.9999667344240742
navigation_time:
  sec: 11
  nanosec: 636000000
estimated_time_remaining:
  sec: 0
  nanosec: 863700667
number_of_recoveries: 0
distance_remaining: 0.34999990463256836

Feedback:
    current_pose:
  header:
    stamp:
      sec: 314
      nanosec: 620000000
    frame_id: map
  pose:
    position:
      x: 3.154271577468048
      y: -0.008400351519082985
      z: 0.0
    orientation:
      x: 0.0
      y: 0.0
      z: -0.007948570675265432
      w: 0.9999684096131337
navigation_time:
  sec: 11
  nanosec: 644000000
estimated_time_remaining:
  sec: 0
  nanosec: 869812098
number_of_recoveries: 0
distance_remaining: 0.34999990463256836

Feedback:
    current_pose:
  header:
    stamp:
      sec: 314
      nanosec: 620000000
    frame_id: map
  pose:
    position:
      x: 3.154271577468048
      y: -0.008400351519082985
      z: 0.0
    orientation:
      x: 0.0
      y: 0.0
      z: -0.007948570675265432
      w: 0.9999684096131337
navigation_time:
  sec: 11
  nanosec: 656000000
estimated_time_remaining:
  sec: 0
  nanosec: 869812098
number_of_recoveries: 0
distance_remaining: 0.34999990463256836

Feedback:
    current_pose:
  header:
    stamp:
      sec: 314
      nanosec: 640000000
    frame_id: map
  pose:
    position:
      x: 3.161568169652298
      y: -0.008869812670690685
      z: 0.0
    orientation:
      x: 0.0
      y: 0.0
      z: -0.007801376560536421
      w: 0.9999695687988513
navigation_time:
  sec: 11
  nanosec: 664000000
estimated_time_remaining:
  sec: 0
  nanosec: 876649567
number_of_recoveries: 0
distance_remaining: 0.34999990463256836

Feedback:
    current_pose:
  header:
    stamp:
      sec: 314
      nanosec: 640000000
    frame_id: map
  pose:
    position:
      x: 3.161568169652298
      y: -0.008869812670690685
      z: 0.0
    orientation:
      x: 0.0
      y: 0.0
      z: -0.007801376560536421
      w: 0.9999695687988513
navigation_time:
  sec: 11
  nanosec: 676000000
estimated_time_remaining:
  sec: 0
  nanosec: 876649567
number_of_recoveries: 0
distance_remaining: 0.34999990463256836

Feedback:
    current_pose:
  header:
    stamp:
      sec: 314
      nanosec: 660000000
    frame_id: map
  pose:
    position:
      x: 3.1688645746133277
      y: -0.009338930637246983
      z: 0.0
    orientation:
      x: 0.0
      y: 0.0
      z: -0.007654182295550331
      w: 0.9999707063176334
navigation_time:
  sec: 11
  nanosec: 684000000
estimated_time_remaining:
  sec: 0
  nanosec: 821057618
number_of_recoveries: 0
distance_remaining: 0.32499992847442627

Feedback:
    current_pose:
  header:
    stamp:
      sec: 314
      nanosec: 660000000
    frame_id: map
  pose:
    position:
      x: 3.1688645746133277
      y: -0.009338930637246983
      z: 0.0
    orientation:
      x: 0.0
      y: 0.0
      z: -0.007654182295550331
      w: 0.9999707063176334
navigation_time:
  sec: 11
  nanosec: 692000000
estimated_time_remaining:
  sec: 0
  nanosec: 821057618
number_of_recoveries: 0
distance_remaining: 0.32499992847442627

Feedback:
    current_pose:
  header:
    stamp:
      sec: 314
      nanosec: 680000000
    frame_id: map
  pose:
    position:
      x: 3.175963129087726
      y: -0.009804342836715435
      z: 0.0
    orientation:
      x: 0.0
      y: 0.0
      z: -0.007444685477039124
      w: 0.999972287945095
navigation_time:
  sec: 11
  nanosec: 704000000
estimated_time_remaining:
  sec: 0
  nanosec: 828548112
number_of_recoveries: 0
distance_remaining: 0.32499992847442627

Feedback:
    current_pose:
  header:
    stamp:
      sec: 314
      nanosec: 680000000
    frame_id: map
  pose:
    position:
      x: 3.175963129087726
      y: -0.009804342836715435
      z: 0.0
    orientation:
      x: 0.0
      y: 0.0
      z: -0.007444685477039124
      w: 0.999972287945095
navigation_time:
  sec: 11
  nanosec: 712000000
estimated_time_remaining:
  sec: 0
  nanosec: 828548112
number_of_recoveries: 0
distance_remaining: 0.32499992847442627

Feedback:
    current_pose:
  header:
    stamp:
      sec: 314
      nanosec: 700000000
    frame_id: map
  pose:
    position:
      x: 3.183012094074891
      y: -0.010267592555775739
      z: 0.0
    orientation:
      x: 0.0
      y: 0.0
      z: -0.0072196126747721585
      w: 0.9999739382568059
navigation_time:
  sec: 11
  nanosec: 724000000
estimated_time_remaining:
  sec: 0
  nanosec: 836692925
number_of_recoveries: 0
distance_remaining: 0.32499992847442627

Feedback:
    current_pose:
  header:
    stamp:
      sec: 314
      nanosec: 700000000
    frame_id: map
  pose:
    position:
      x: 3.183012094074891
      y: -0.010267592555775739
      z: 0.0
    orientation:
      x: 0.0
      y: 0.0
      z: -0.0072196126747721585
      w: 0.9999739382568059
navigation_time:
  sec: 11
  nanosec: 736000000
estimated_time_remaining:
  sec: 0
  nanosec: 836692925
number_of_recoveries: 0
distance_remaining: 0.32499992847442627

Feedback:
    current_pose:
  header:
    stamp:
      sec: 314
      nanosec: 720000000
    frame_id: map
  pose:
    position:
      x: 3.190018922949943
      y: -0.010728812479779068
      z: 0.0
    orientation:
      x: 0.0
      y: 0.0
      z: -0.006987848685500456
      w: 0.9999755846873206
navigation_time:
  sec: 11
  nanosec: 744000000
estimated_time_remaining:
  sec: 0
  nanosec: 779997032
number_of_recoveries: 0
distance_remaining: 0.2999999225139618

Feedback:
    current_pose:
  header:
    stamp:
      sec: 314
      nanosec: 720000000
    frame_id: map
  pose:
    position:
      x: 3.190018922949943
      y: -0.010728812479779068
      z: 0.0
    orientation:
      x: 0.0
      y: 0.0
      z: -0.006987848685500456
      w: 0.9999755846873206
navigation_time:
  sec: 11
  nanosec: 756000000
estimated_time_remaining:
  sec: 0
  nanosec: 779997032
number_of_recoveries: 0
distance_remaining: 0.2999999225139618

Feedback:
    current_pose:
  header:
    stamp:
      sec: 314
      nanosec: 740000000
    frame_id: map
  pose:
    position:
      x: 3.196857729429467
      y: -0.011185955796296105
      z: 0.0
    orientation:
      x: 0.0
      y: 0.0
      z: -0.006729320946508586
      w: 0.9999773578634663
navigation_time:
  sec: 11
  nanosec: 764000000
estimated_time_remaining:
  sec: 0
  nanosec: 788256040
number_of_recoveries: 0
distance_remaining: 0.2999999225139618

Feedback:
    current_pose:
  header:
    stamp:
      sec: 314
      nanosec: 740000000
    frame_id: map
  pose:
    position:
      x: 3.196857729429467
      y: -0.011185955796296105
      z: 0.0
    orientation:
      x: 0.0
      y: 0.0
      z: -0.006729320946508586
      w: 0.9999773578634663
navigation_time:
  sec: 11
  nanosec: 776000000
estimated_time_remaining:
  sec: 0
  nanosec: 788256040
number_of_recoveries: 0
distance_remaining: 0.2999999225139618

Feedback:
    current_pose:
  header:
    stamp:
      sec: 314
      nanosec: 760000000
    frame_id: map
  pose:
    position:
      x: 3.203696366014775
      y: -0.011641252869334385
      z: 0.0
    orientation:
      x: 0.0
      y: 0.0
      z: -0.006470792755743425
      w: 0.9999790642014023
navigation_time:
  sec: 11
  nanosec: 788000000
estimated_time_remaining:
  sec: 0
  nanosec: 796900750
number_of_recoveries: 0
distance_remaining: 0.2999999225139618

Feedback:
    current_pose:
  header:
    stamp:
      sec: 314
      nanosec: 760000000
    frame_id: map
  pose:
    position:
      x: 3.203696366014775
      y: -0.011641252869334385
      z: 0.0
    orientation:
      x: 0.0
      y: 0.0
      z: -0.006470792755743425
      w: 0.9999790642014023
navigation_time:
  sec: 11
  nanosec: 796000000
estimated_time_remaining:
  sec: 0
  nanosec: 796900750
number_of_recoveries: 0
distance_remaining: 0.2999999225139618

Feedback:
    current_pose:
  header:
    stamp:
      sec: 314
      nanosec: 780000000
    frame_id: map
  pose:
    position:
      x: 3.2103195706979597
      y: -0.012092108748860249
      z: 0.0
    orientation:
      x: 0.0
      y: 0.0
      z: -0.0062399366812668925
      w: 0.999980531405594
navigation_time:
  sec: 11
  nanosec: 804000000
estimated_time_remaining:
  sec: 0
  nanosec: 806022726
number_of_recoveries: 0
distance_remaining: 0.2999999225139618

Feedback:
    current_pose:
  header:
    stamp:
      sec: 314
      nanosec: 780000000
    frame_id: map
  pose:
    position:
      x: 3.2103195706979597
      y: -0.012092108748860249
      z: 0.0
    orientation:
      x: 0.0
      y: 0.0
      z: -0.0062399366812668925
      w: 0.999980531405594
navigation_time:
  sec: 11
  nanosec: 816000000
estimated_time_remaining:
  sec: 0
  nanosec: 806022726
number_of_recoveries: 0
distance_remaining: 0.2999999225139618

Feedback:
    current_pose:
  header:
    stamp:
      sec: 314
      nanosec: 780000000
    frame_id: map
  pose:
    position:
      x: 3.2103195706979597
      y: -0.012092108748860249
      z: 0.0
    orientation:
      x: 0.0
      y: 0.0
      z: -0.0062399366812668925
      w: 0.999980531405594
navigation_time:
  sec: 11
  nanosec: 820000000
estimated_time_remaining:
  sec: 0
  nanosec: 815944683
number_of_recoveries: 0
distance_remaining: 0.2999999225139618

Feedback:
    current_pose:
  header:
    stamp:
      sec: 314
      nanosec: 800000000
    frame_id: map
  pose:
    position:
      x: 3.216888781781127
      y: -0.012540944321852716
      z: 0.0
    orientation:
      x: 0.0
      y: 0.0
      z: -0.006015998433336133
      w: 0.9999819037176874
navigation_time:
  sec: 11
  nanosec: 832000000
estimated_time_remaining:
  sec: 0
  nanosec: 747949272
number_of_recoveries: 0
distance_remaining: 0.2749999165534973

Feedback:
    current_pose:
  header:
    stamp:
      sec: 314
      nanosec: 800000000
    frame_id: map
  pose:
    position:
      x: 3.216888781781127
      y: -0.012540944321852716
      z: 0.0
    orientation:
      x: 0.0
      y: 0.0
      z: -0.006015998433336133
      w: 0.9999819037176874
navigation_time:
  sec: 11
  nanosec: 840000000
estimated_time_remaining:
  sec: 0
  nanosec: 747949272
number_of_recoveries: 0
distance_remaining: 0.2749999165534973

Feedback:
    current_pose:
  header:
    stamp:
      sec: 314
      nanosec: 820000000
    frame_id: map
  pose:
    position:
      x: 3.2234525042524935
      y: -0.012353803824554253
      z: 0.0
    orientation:
      x: 0.0
      y: 0.0
      z: -0.005607612869238498
      w: 0.9999842772153513
navigation_time:
  sec: 11
  nanosec: 844000000
estimated_time_remaining:
  sec: 0
  nanosec: 757466879
number_of_recoveries: 0
distance_remaining: 0.2749999165534973

Feedback:
    current_pose:
  header:
    stamp:
      sec: 314
      nanosec: 820000000
    frame_id: map
  pose:
    position:
      x: 3.2234525042524935
      y: -0.012353803824554253
      z: 0.0
    orientation:
      x: 0.0
      y: 0.0
      z: -0.005607612869238498
      w: 0.9999842772153513
navigation_time:
  sec: 11
  nanosec: 852000000
estimated_time_remaining:
  sec: 0
  nanosec: 757466879
number_of_recoveries: 0
distance_remaining: 0.2749999165534973

Feedback:
    current_pose:
  header:
    stamp:
      sec: 314
      nanosec: 840000000
    frame_id: map
  pose:
    position:
      x: 3.2298242870289156
      y: -0.012158540007649763
      z: 0.0
    orientation:
      x: 0.0
      y: 0.0
      z: -0.005239054137531718
      w: 0.9999862760616989
navigation_time:
  sec: 11
  nanosec: 860000000
estimated_time_remaining:
  sec: 0
  nanosec: 768012679
number_of_recoveries: 0
distance_remaining: 0.2749999165534973

Feedback:
    current_pose:
  header:
    stamp:
      sec: 314
      nanosec: 840000000
    frame_id: map
  pose:
    position:
      x: 3.2298242870289156
      y: -0.012158540007649763
      z: 0.0
    orientation:
      x: 0.0
      y: 0.0
      z: -0.005239054137531718
      w: 0.9999862760616989
navigation_time:
  sec: 11
  nanosec: 868000000
estimated_time_remaining:
  sec: 0
  nanosec: 768012679
number_of_recoveries: 0
distance_remaining: 0.2749999165534973

Feedback:
    current_pose:
  header:
    stamp:
      sec: 314
      nanosec: 840000000
    frame_id: map
  pose:
    position:
      x: 3.2298242870289156
      y: -0.012158540007649763
      z: 0.0
    orientation:
      x: 0.0
      y: 0.0
      z: -0.005239054137531718
      w: 0.9999862760616989
navigation_time:
  sec: 11
  nanosec: 876000000
estimated_time_remaining:
  sec: 0
  nanosec: 768012679
number_of_recoveries: 0
distance_remaining: 0.2749999165534973

Feedback:
    current_pose:
  header:
    stamp:
      sec: 314
      nanosec: 860000000
    frame_id: map
  pose:
    position:
      x: 3.2360786991054398
      y: -0.011956202020396996
      z: 0.0
    orientation:
      x: 0.0
      y: 0.0
      z: -0.004813668730008321
      w: 0.9999884142295637
navigation_time:
  sec: 11
  nanosec: 884000000
estimated_time_remaining:
  sec: 0
  nanosec: 779278569
number_of_recoveries: 0
distance_remaining: 0.2749999165534973

Feedback:
    current_pose:
  header:
    stamp:
      sec: 314
      nanosec: 860000000
    frame_id: map
  pose:
    position:
      x: 3.2360786991054398
      y: -0.011956202020396996
      z: 0.0
    orientation:
      x: 0.0
      y: 0.0
      z: -0.004813668730008321
      w: 0.9999884142295637
navigation_time:
  sec: 11
  nanosec: 892000000
estimated_time_remaining:
  sec: 0
  nanosec: 779278569
number_of_recoveries: 0
distance_remaining: 0.2749999165534973

Feedback:
    current_pose:
  header:
    stamp:
      sec: 314
      nanosec: 880000000
    frame_id: map
  pose:
    position:
      x: 3.2422548536335714
      y: -0.011746470456920075
      z: 0.0
    orientation:
      x: 0.0
      y: 0.0
      z: -0.004350398338840047
      w: 0.9999905369723723
navigation_time:
  sec: 11
  nanosec: 904000000
estimated_time_remaining:
  sec: 0
  nanosec: 719130747
number_of_recoveries: 0
distance_remaining: 0.24999991059303284

Feedback:
    current_pose:
  header:
    stamp:
      sec: 314
      nanosec: 880000000
    frame_id: map
  pose:
    position:
      x: 3.2422548536335714
      y: -0.011746470456920075
      z: 0.0
    orientation:
      x: 0.0
      y: 0.0
      z: -0.004350398338840047
      w: 0.9999905369723723
navigation_time:
  sec: 11
  nanosec: 908000000
estimated_time_remaining:
  sec: 0
  nanosec: 719130747
number_of_recoveries: 0
distance_remaining: 0.24999991059303284

Feedback:
    current_pose:
  header:
    stamp:
      sec: 314
      nanosec: 880000000
    frame_id: map
  pose:
    position:
      x: 3.2422548536335714
      y: -0.011746470456920075
      z: 0.0
    orientation:
      x: 0.0
      y: 0.0
      z: -0.004350398338840047
      w: 0.9999905369723723
navigation_time:
  sec: 11
  nanosec: 916000000
estimated_time_remaining:
  sec: 0
  nanosec: 719130747
number_of_recoveries: 0
distance_remaining: 0.24999991059303284

Feedback:
    current_pose:
  header:
    stamp:
      sec: 314
      nanosec: 900000000
    frame_id: map
  pose:
    position:
      x: 3.2483220262750563
      y: -0.011529298452786182
      z: 0.0
    orientation:
      x: 0.0
      y: 0.0
      z: -0.0039170874250218975
      w: 0.9999923281836242
navigation_time:
  sec: 11
  nanosec: 924000000
estimated_time_remaining:
  sec: 0
  nanosec: 730320110
number_of_recoveries: 0
distance_remaining: 0.24999991059303284

Feedback:
    current_pose:
  header:
    stamp:
      sec: 314
      nanosec: 900000000
    frame_id: map
  pose:
    position:
      x: 3.2483220262750563
      y: -0.011529298452786182
      z: 0.0
    orientation:
      x: 0.0
      y: 0.0
      z: -0.0039170874250218975
      w: 0.9999923281836242
navigation_time:
  sec: 11
  nanosec: 932000000
estimated_time_remaining:
  sec: 0
  nanosec: 730320110
number_of_recoveries: 0
distance_remaining: 0.24999991059303284

Feedback:
    current_pose:
  header:
    stamp:
      sec: 314
      nanosec: 900000000
    frame_id: map
  pose:
    position:
      x: 3.2483220262750563
      y: -0.011529298452786182
      z: 0.0
    orientation:
      x: 0.0
      y: 0.0
      z: -0.0039170874250218975
      w: 0.9999923281836242
navigation_time:
  sec: 11
  nanosec: 940000000
estimated_time_remaining:
  sec: 0
  nanosec: 730320110
number_of_recoveries: 0
distance_remaining: 0.24999991059303284

Feedback:
    current_pose:
  header:
    stamp:
      sec: 314
      nanosec: 920000000
    frame_id: map
  pose:
    position:
      x: 3.2543165200331168
      y: -0.011305570966624816
      z: 0.0
    orientation:
      x: 0.0
      y: 0.0
      z: -0.003503749438978615
      w: 0.9999938618510958
navigation_time:
  sec: 11
  nanosec: 948000000
estimated_time_remaining:
  sec: 0
  nanosec: 741896804
number_of_recoveries: 0
distance_remaining: 0.24999991059303284

Feedback:
    current_pose:
  header:
    stamp:
      sec: 314
      nanosec: 920000000
    frame_id: map
  pose:
    position:
      x: 3.2543165200331168
      y: -0.011305570966624816
      z: 0.0
    orientation:
      x: 0.0
      y: 0.0
      z: -0.003503749438978615
      w: 0.9999938618510958
navigation_time:
  sec: 11
  nanosec: 956000000
estimated_time_remaining:
  sec: 0
  nanosec: 741896804
number_of_recoveries: 0
distance_remaining: 0.24999991059303284

Feedback:
    current_pose:
  header:
    stamp:
      sec: 314
      nanosec: 940000000
    frame_id: map
  pose:
    position:
      x: 3.2602270197772993
      y: -0.01107543079896356
      z: 0.0
    orientation:
      x: 0.0
      y: 0.0
      z: -0.0030933324129783072
      w: 0.9999952156358464
navigation_time:
  sec: 11
  nanosec: 964000000
estimated_time_remaining:
  sec: 0
  nanosec: 754063616
number_of_recoveries: 0
distance_remaining: 0.24999991059303284

Feedback:
    current_pose:
  header:
    stamp:
      sec: 314
      nanosec: 940000000
    frame_id: map
  pose:
    position:
      x: 3.2602270197772993
      y: -0.01107543079896356
      z: 0.0
    orientation:
      x: 0.0
      y: 0.0
      z: -0.0030933324129783072
      w: 0.9999952156358464
navigation_time:
  sec: 11
  nanosec: 972000000
estimated_time_remaining:
  sec: 0
  nanosec: 754063616
number_of_recoveries: 0
distance_remaining: 0.24999991059303284

Feedback:
    current_pose:
  header:
    stamp:
      sec: 314
      nanosec: 960000000
    frame_id: map
  pose:
    position:
      x: 3.2660814983694966
      y: -0.010839209769579276
      z: 0.0
    orientation:
      x: 0.0
      y: 0.0
      z: -0.0026848625759835812
      w: 0.9999963957499787
navigation_time:
  sec: 11
  nanosec: 980000000
estimated_time_remaining:
  sec: 0
  nanosec: 689425855
number_of_recoveries: 0
distance_remaining: 0.22499991953372955

Feedback:
    current_pose:
  header:
    stamp:
      sec: 314
      nanosec: 960000000
    frame_id: map
  pose:
    position:
      x: 3.2660814983694966
      y: -0.010839209769579276
      z: 0.0
    orientation:
      x: 0.0
      y: 0.0
      z: -0.0026848625759835812
      w: 0.9999963957499787
navigation_time:
  sec: 11
  nanosec: 988000000
estimated_time_remaining:
  sec: 0
  nanosec: 689425855
number_of_recoveries: 0
distance_remaining: 0.22499991953372955

Result:
    error_code: 0
error_msg: ''

Goal finished with status: SUCCEEDED
