[INFO] [launch]: All log files can be found below /home/haduckien/.ros/log/2026-09-26-13-40-07-231585-Raccoon2005-18673
[INFO] [launch]: Default logging verbosity is set to INFO
[INFO] [gz-1]: process started with pid [18701]
[INFO] [parameter_bridge-2]: process started with pid [18702]
[INFO] [robot_state_publisher-3]: process started with pid [18703]
[INFO] [python3-4]: process started with pid [18704]
[INFO] [python3-5]: process started with pid [18705]
[robot_state_publisher-3] [INFO] [1790404807.437538697] [robot_state_publisher]: Robot initialized
[python3-4] [INFO] [1790404807.680594308] [school_collision_safe_pose_applier]: Wall guard active: map=/home/haduckien/nav_ws/src/custom_corridor/worlds/school_arena/demo_1/map.yaml, radius=0.22 m, topic=/school_hunav/target_poses
[python3-5] [INFO] [1790404807.755660814] [school_pose_sync_monitor]: Gazebo/RViz sync monitor active: orange pose=/demo/gazebo_robot_pose
[parameter_bridge-2] [INFO] [1790404808.426100607] [ros_gz_bridge]: Creating GZ->ROS Bridge: [/clock (gz.msgs.Clock) -> /clock (rosgraph_msgs/msg/Clock)] (Lazy 0)
[parameter_bridge-2] [INFO] [1790404808.428917779] [ros_gz_bridge]: Creating GZ->ROS Bridge: [/joint_states (gz.msgs.Model) -> /joint_states (sensor_msgs/msg/JointState)] (Lazy 0)
[parameter_bridge-2] [INFO] [1790404808.432342134] [ros_gz_bridge]: Creating GZ->ROS Bridge: [/odom (gz.msgs.Odometry) -> /odom (nav_msgs/msg/Odometry)] (Lazy 0)
[parameter_bridge-2] [INFO] [1790404808.434783931] [ros_gz_bridge]: Creating GZ->ROS Bridge: [/tf (gz.msgs.Pose_V) -> /tf (tf2_msgs/msg/TFMessage)] (Lazy 0)
[parameter_bridge-2] [INFO] [1790404808.436522268] [ros_gz_bridge]: Creating GZ->ROS Bridge: [/scan (gz.msgs.LaserScan) -> /scan (sensor_msgs/msg/LaserScan)] (Lazy 0)
[parameter_bridge-2] [INFO] [1790404808.436838053] [ros_gz_bridge]: Creating ROS->GZ Bridge: [/cmd_vel (geometry_msgs/msg/Twist) -> /cmd_vel (gz.msgs.Twist)] (Lazy 0)
[parameter_bridge-2] [INFO] [1790404808.437769901] [ros_gz_bridge]: Creating GZ->ROS Bridge: [/world/school_arena/dynamic_pose/info (gz.msgs.Pose_V) -> /world/school_arena/dynamic_pose/info (tf2_msgs/msg/TFMessage)] (Lazy 0)
[parameter_bridge-2] [INFO] [1790404808.438021700] [ros_gz_bridge]: Creating ROS->GZ service bridge [/world/school_arena/set_pose (ros_gz_interfaces/srv/SetEntityPose -> gz.msgs.Pose/gz.msgs.Boolean)]
[parameter_bridge-2] [INFO] [1790404808.439498536] [ros_gz_bridge]: Creating ROS->GZ service bridge [/world/school_arena/control (ros_gz_interfaces/srv/ControlWorld -> gz.msgs.WorldControl/gz.msgs.Boolean)]
[parameter_bridge-2] [INFO] [1790404808.439735553] [ros_gz_bridge]: Creating GZ->ROS Bridge: [/robot/camera/image_raw (gz.msgs.Image) -> /robot/camera/image_raw (sensor_msgs/msg/Image)] (Lazy 0)
[INFO] [create-6]: process started with pid [18806]
[create-6] [INFO] [1790404810.547376181] [ros_gz_sim]: Entity creation successful.
[gz-1] [1;33mWarning [Utils.cc:132][0m [/sdf/model[@name="turtlebot3_burger_camera"]/link[@name="base_scan"]/sensor[@name="hls_lfcd_lds"]/gz_frame_id:/home/haduckien/nav_ws/src/custom_corridor/worlds/school_arena/demo_1/demo_robot.sdf:L153]: XML Element[gz_frame_id], child of element[sensor], not defined in SDF. Copying[gz_frame_id] as children of [sensor].
[INFO] [create-6]: process has finished cleanly [pid 18806]
[INFO] [python3-7]: process started with pid [18833]
[python3-7] [INFO] [1790404811.228676664] [school_wait_for_robot_tf]: Robot odom/TF and simulation clock ready
[INFO] [python3-7]: process has finished cleanly [pid 18833]
[INFO] [map_server-8]: process started with pid [18918]
[INFO] [amcl-9]: process started with pid [18919]
[INFO] [planner_server-10]: process started with pid [18920]
[INFO] [controller_server-11]: process started with pid [18921]
[INFO] [bt_navigator-12]: process started with pid [18922]
[INFO] [behavior_server-13]: process started with pid [18923]
[INFO] [waypoint_follower-14]: process started with pid [18924]
[INFO] [python3-15]: process started with pid [18926]
[INFO] [goal_pose_bridge.py-16]: process started with pid [18927]
[amcl-9] [INFO] [1790404811.457808423] [amcl]: 
[amcl-9] 	amcl lifecycle node launched. 
[amcl-9] 	Waiting on external lifecycle transitions to activate
[amcl-9] 	See https://design.ros2.org/articles/node_lifecycle.html for more information.
[amcl-9] [INFO] [1790404811.459178944] [amcl]: Creating
[waypoint_follower-14] [INFO] [1790404811.463113368] [waypoint_follower]: 
[waypoint_follower-14] 	waypoint_follower lifecycle node launched. 
[waypoint_follower-14] 	Waiting on external lifecycle transitions to activate
[waypoint_follower-14] 	See https://design.ros2.org/articles/node_lifecycle.html for more information.
[planner_server-10] [INFO] [1790404811.465181473] [planner_server]: 
[planner_server-10] 	planner_server lifecycle node launched. 
[planner_server-10] 	Waiting on external lifecycle transitions to activate
[planner_server-10] 	See https://design.ros2.org/articles/node_lifecycle.html for more information.
[waypoint_follower-14] [INFO] [1790404811.465309105] [waypoint_follower]: Creating
[map_server-8] [INFO] [1790404811.468337687] [map_server]: 
[map_server-8] 	map_server lifecycle node launched. 
[map_server-8] 	Waiting on external lifecycle transitions to activate
[map_server-8] 	See https://design.ros2.org/articles/node_lifecycle.html for more information.
[map_server-8] [INFO] [1790404811.468472567] [map_server]: Creating
[behavior_server-13] [INFO] [1790404811.473754790] [behavior_server]: 
[behavior_server-13] 	behavior_server lifecycle node launched. 
[behavior_server-13] 	Waiting on external lifecycle transitions to activate
[behavior_server-13] 	See https://design.ros2.org/articles/node_lifecycle.html for more information.
[bt_navigator-12] [INFO] [1790404811.474464445] [bt_navigator]: 
[bt_navigator-12] 	bt_navigator lifecycle node launched. 
[bt_navigator-12] 	Waiting on external lifecycle transitions to activate
[bt_navigator-12] 	See https://design.ros2.org/articles/node_lifecycle.html for more information.
[planner_server-10] [INFO] [1790404811.475099448] [planner_server]: Creating
[bt_navigator-12] [INFO] [1790404811.476279637] [bt_navigator]: Creating
[controller_server-11] [INFO] [1790404811.476432452] [controller_server]: 
[controller_server-11] 	controller_server lifecycle node launched. 
[controller_server-11] 	Waiting on external lifecycle transitions to activate
[controller_server-11] 	See https://design.ros2.org/articles/node_lifecycle.html for more information.
[controller_server-11] [INFO] [1790404811.480352055] [controller_server]: Creating controller server
[controller_server-11] [INFO] [1790404811.488935263] [local_costmap.local_costmap]: 
[controller_server-11] 	local_costmap lifecycle node launched. 
[controller_server-11] 	Waiting on external lifecycle transitions to activate
[controller_server-11] 	See https://design.ros2.org/articles/node_lifecycle.html for more information.
[controller_server-11] [INFO] [1790404811.490624815] [local_costmap.local_costmap]: Creating Costmap
[planner_server-10] [INFO] [1790404811.490996502] [global_costmap.global_costmap]: 
[planner_server-10] 	global_costmap lifecycle node launched. 
[planner_server-10] 	Waiting on external lifecycle transitions to activate
[planner_server-10] 	See https://design.ros2.org/articles/node_lifecycle.html for more information.
[planner_server-10] [INFO] [1790404811.491499539] [global_costmap.global_costmap]: Creating Costmap
[goal_pose_bridge.py-16] [INFO] [1790404811.995548219] [goal_pose_bridge]: GoalPoseBridge started: listening on /goal_pose -> forwarding to /navigate_to_pose
[INFO] [lifecycle_manager-17]: process started with pid [19061]
[lifecycle_manager-17] [INFO] [1790404813.436169452] [lifecycle_manager_localization]: Creating
[lifecycle_manager-17] [INFO] [1790404813.446994029] [lifecycle_manager_localization]: [34m[1mCreating and initializing lifecycle service clients[0m[0m
[lifecycle_manager-17] [INFO] [1790404814.116510750] [lifecycle_manager_localization]: [34m[1mStarting managed nodes bringup...[0m[0m
[lifecycle_manager-17] [INFO] [1790404814.116594884] [lifecycle_manager_localization]: [34m[1mConfiguring map_server[0m[0m
[map_server-8] [INFO] [1790404814.116932463] [map_server]: Configuring
[map_server-8] [INFO] [1790404814.117006272] [map_io]: Loading yaml file: /home/haduckien/nav_ws/src/custom_corridor/worlds/school_arena/demo_1/map.yaml
[map_server-8] [INFO] [1790404814.117187193] [map_io]: resolution: 0.05
[map_server-8] [INFO] [1790404814.117192029] [map_io]: origin[0]: -16
[map_server-8] [INFO] [1790404814.117194738] [map_io]: origin[1]: -14
[map_server-8] [INFO] [1790404814.117196537] [map_io]: origin[2]: 0
[map_server-8] [INFO] [1790404814.117199051] [map_io]: free_thresh: 0.25
[map_server-8] [INFO] [1790404814.117200755] [map_io]: occupied_thresh: 0.65
[map_server-8] [INFO] [1790404814.117203676] [map_io]: mode: trinary
[map_server-8] [INFO] [1790404814.117206110] [map_io]: negate: 0
[map_server-8] [INFO] [1790404814.124518627] [map_io]: Loading image_file: /home/haduckien/nav_ws/src/custom_corridor/worlds/school_arena/demo_1/map.pgm
[map_server-8] [INFO] [1790404814.132077192] [map_io]: Read map /home/haduckien/nav_ws/src/custom_corridor/worlds/school_arena/demo_1/map.pgm: 730 X 580 map @ 0.05 m/cell
[lifecycle_manager-17] [INFO] [1790404814.140104539] [lifecycle_manager_localization]: [34m[1mConfiguring amcl[0m[0m
[amcl-9] [INFO] [1790404814.140444966] [amcl]: Configuring
[amcl-9] [INFO] [1790404814.141016560] [amcl]: initTransforms
[amcl-9] [INFO] [1790404814.153550447] [amcl]: initPubSub
[amcl-9] [INFO] [1790404814.166050816] [amcl]: Subscribed to map topic.
[lifecycle_manager-17] [INFO] [1790404814.170462506] [lifecycle_manager_localization]: [34m[1mActivating map_server[0m[0m
[map_server-8] [INFO] [1790404814.171292065] [map_server]: Activating
[map_server-8] [INFO] [1790404814.172202399] [map_server]: Creating bond (map_server) to lifecycle manager.
[amcl-9] [INFO] [1790404814.183461543] [amcl]: Received a 730 X 580 map @ 0.050 m/pix
[lifecycle_manager-17] [INFO] [1790404814.277688799] [lifecycle_manager_localization]: Server map_server connected with bond.
[lifecycle_manager-17] [INFO] [1790404814.277720562] [lifecycle_manager_localization]: [34m[1mActivating amcl[0m[0m
[amcl-9] [INFO] [1790404814.277853580] [amcl]: Activating
[amcl-9] [INFO] [1790404814.277886999] [amcl]: Creating bond (amcl) to lifecycle manager.
[amcl-9] [INFO] [1790404814.281532722] [amcl]: initialPoseReceived
[amcl-9] [INFO] [1790404814.282452537] [amcl]: Setting pose (4.044000): 0.000 -7.850 -2.978
[python3-15] [INFO] [1790404814.292113271] [school_episode_initial_pose]: Published /initialpose from episode: 0.000, -7.850, -2.978
[lifecycle_manager-17] [INFO] [1790404814.381952421] [lifecycle_manager_localization]: Server amcl connected with bond.
[lifecycle_manager-17] [INFO] [1790404814.382025299] [lifecycle_manager_localization]: [34m[1mManaged nodes are active[0m[0m
[lifecycle_manager-17] [INFO] [1790404814.382036920] [lifecycle_manager_localization]: [34m[1mCreating bond timer...[0m[0m
[amcl-9] [INFO] [1790404814.456537728] [amcl]: createLaserObject
[python3-5] [INFO] [1790404814.570440014] [school_pose_sync_monitor]: Gazebo↔RViz pose error=0.017 m (gz=0.00,-7.85; tf=0.00,-7.87)
[python3-15] [INFO] [1790404814.673796711] [school_episode_initial_pose]: AMCL map->odom is available at scan and current simulation timestamps
[INFO] [python3-15]: process has finished cleanly [pid 18926]
[INFO] [lifecycle_manager-18]: process started with pid [19101]
[lifecycle_manager-18] [INFO] [1790404814.868466756] [lifecycle_manager_navigation]: Creating
[lifecycle_manager-18] [INFO] [1790404814.871773684] [lifecycle_manager_navigation]: [34m[1mCreating and initializing lifecycle service clients[0m[0m
[lifecycle_manager-18] [INFO] [1790404816.006110913] [lifecycle_manager_navigation]: [34m[1mStarting managed nodes bringup...[0m[0m
[lifecycle_manager-18] [INFO] [1790404816.006162006] [lifecycle_manager_navigation]: [34m[1mConfiguring planner_server[0m[0m
[planner_server-10] [INFO] [1790404816.006479543] [planner_server]: Configuring
[planner_server-10] [INFO] [1790404816.006508523] [global_costmap.global_costmap]: Configuring
[planner_server-10] [INFO] [1790404816.015566810] [global_costmap.global_costmap]: Using plugin "static_layer"
[planner_server-10] [INFO] [1790404816.022401925] [global_costmap.global_costmap]: Subscribing to the map topic (/map) with transient local durability
[planner_server-10] [INFO] [1790404816.024588642] [global_costmap.global_costmap]: Initialized plugin "static_layer"
[planner_server-10] [INFO] [1790404816.024624544] [global_costmap.global_costmap]: Using plugin "obstacle_layer"
[planner_server-10] [INFO] [1790404816.026028254] [global_costmap.global_costmap]: Subscribed to Topics: scan
[planner_server-10] [INFO] [1790404816.030008796] [global_costmap.global_costmap]: Initialized plugin "obstacle_layer"
[planner_server-10] [INFO] [1790404816.030046952] [global_costmap.global_costmap]: Using plugin "inflation_layer"
[planner_server-10] [INFO] [1790404816.030894775] [global_costmap.global_costmap]: Initialized plugin "inflation_layer"
[planner_server-10] [INFO] [1790404816.056828520] [global_costmap.global_costmap]: StaticLayer: Resizing costmap to 730 X 580 at 0.050000 m/pix
[planner_server-10] [INFO] [1790404816.071504702] [planner_server]: Created global planner plugin GridBased of type nav2_smac_planner::SmacPlanner2D
[planner_server-10] [INFO] [1790404816.071544526] [planner_server]: Configuring GridBased of type SmacPlanner2D
[planner_server-10] [ERROR] [1790404816.072533865] [planner_server]: Inflation layer either not found or inflation is not set sufficiently for optimized non-circular collision checking capabilities. It is HIGHLY recommended to set the inflation radius to be at MINIMUM half of the robot's largest cross-section. See github.com/ros-planning/navigation2/tree/main/nav2_smac_planner#potential-fields for full instructions. This will substantially impact run-time performance.
[planner_server-10] [INFO] [1790404816.074559817] [planner_server]: Configured plugin GridBased of type SmacPlanner2D with tolerance 0.15, maximum iterations 1000000, max on approach iterations 1000, and not allowing unknown traversal.
[planner_server-10] [INFO] [1790404816.074607481] [planner_server]: Planner Server has GridBased  planners available.
[lifecycle_manager-18] [INFO] [1790404816.088218381] [lifecycle_manager_navigation]: [34m[1mConfiguring controller_server[0m[0m
[controller_server-11] [INFO] [1790404816.088480290] [controller_server]: Configuring controller interface
[controller_server-11] [INFO] [1790404816.088505455] [controller_server]: getting progress checker plugins..
[controller_server-11] [INFO] [1790404816.088693135] [controller_server]: getting goal checker plugins..
[controller_server-11] [INFO] [1790404816.088946558] [controller_server]: Controller frequency set to 10.0000Hz
[controller_server-11] [INFO] [1790404816.089006235] [local_costmap.local_costmap]: Configuring
[controller_server-11] [INFO] [1790404816.097730803] [local_costmap.local_costmap]: Using plugin "obstacle_layer"
[controller_server-11] [INFO] [1790404816.101675610] [local_costmap.local_costmap]: Subscribed to Topics: scan
[controller_server-11] [INFO] [1790404816.105517319] [local_costmap.local_costmap]: Initialized plugin "obstacle_layer"
[controller_server-11] [INFO] [1790404816.105550744] [local_costmap.local_costmap]: Using plugin "inflation_layer"
[controller_server-11] [INFO] [1790404816.106124319] [local_costmap.local_costmap]: Initialized plugin "inflation_layer"
[controller_server-11] [INFO] [1790404816.129367564] [controller_server]: Created progress_checker : progress_checker of type nav2_controller::SimpleProgressChecker
[controller_server-11] [INFO] [1790404816.129930254] [controller_server]: Controller Server has progress_checker  progress checkers available.
[controller_server-11] [INFO] [1790404816.130756895] [controller_server]: Created goal checker : goal_checker of type nav2_controller::SimpleGoalChecker
[controller_server-11] [INFO] [1790404816.131302736] [controller_server]: Controller Server has goal_checker  goal checkers available.
[controller_server-11] [INFO] [1790404816.139881577] [controller_server]: Created controller : FollowPath of type dwb_core::DWBLocalPlanner
[controller_server-11] [INFO] [1790404816.141318110] [controller_server]: Setting transform_tolerance to 0.100000
[controller_server-11] [INFO] [1790404816.165639352] [controller_server]: Using critic "RotateToGoal" (dwb_critics::RotateToGoalCritic)
[controller_server-11] [INFO] [1790404816.166493923] [controller_server]: Critic plugin initialized
[controller_server-11] [INFO] [1790404816.166728972] [controller_server]: Using critic "Oscillation" (dwb_critics::OscillationCritic)
[controller_server-11] [INFO] [1790404816.167398407] [controller_server]: Critic plugin initialized
[controller_server-11] [INFO] [1790404816.167582273] [controller_server]: Using critic "BaseObstacle" (dwb_critics::BaseObstacleCritic)
[controller_server-11] [INFO] [1790404816.167803320] [controller_server]: Critic plugin initialized
[controller_server-11] [INFO] [1790404816.167938680] [controller_server]: Using critic "GoalAlign" (dwb_critics::GoalAlignCritic)
[controller_server-11] [INFO] [1790404816.168501096] [controller_server]: Critic plugin initialized
[controller_server-11] [INFO] [1790404816.168695902] [controller_server]: Using critic "PathAlign" (dwb_critics::PathAlignCritic)
[controller_server-11] [INFO] [1790404816.169165764] [controller_server]: Critic plugin initialized
[controller_server-11] [INFO] [1790404816.169356780] [controller_server]: Using critic "PathDist" (dwb_critics::PathDistCritic)
[controller_server-11] [INFO] [1790404816.169715742] [controller_server]: Critic plugin initialized
[controller_server-11] [INFO] [1790404816.169893101] [controller_server]: Using critic "GoalDist" (dwb_critics::GoalDistCritic)
[controller_server-11] [INFO] [1790404816.170222434] [controller_server]: Critic plugin initialized
[controller_server-11] [INFO] [1790404816.170251960] [controller_server]: Controller Server has FollowPath  controllers available.
[lifecycle_manager-18] [INFO] [1790404816.181308731] [lifecycle_manager_navigation]: [34m[1mConfiguring bt_navigator[0m[0m
[bt_navigator-12] [INFO] [1790404816.181603515] [bt_navigator]: Configuring
[bt_navigator-12] [INFO] [1790404816.188790870] [bt_navigator]: Creating navigator id navigate_to_pose of type nav2_bt_navigator::NavigateToPoseNavigator
[bt_navigator-12] [WARN] [1790404816.194522917] [bt_navigator]: Error_code parameters were not set. Using default values of: follow_path_error_code compute_path_error_code
[bt_navigator-12] Make sure these match your BT and there are not other sources of error codes youreported to your application
[bt_navigator-12] [INFO] [1790404816.314970583] [bt_navigator]: Creating navigator id navigate_through_poses of type nav2_bt_navigator::NavigateThroughPosesNavigator
[lifecycle_manager-18] [INFO] [1790404816.340833963] [lifecycle_manager_navigation]: [34m[1mConfiguring behavior_server[0m[0m
[behavior_server-13] [INFO] [1790404816.341199378] [behavior_server]: Configuring
[behavior_server-13] [INFO] [1790404816.346747600] [behavior_server]: Creating behavior plugin spin of type nav2_behaviors::Spin
[behavior_server-13] [INFO] [1790404816.349592996] [behavior_server]: Creating behavior plugin backup of type nav2_behaviors::BackUp
[behavior_server-13] [INFO] [1790404816.351482384] [behavior_server]: Creating behavior plugin wait of type nav2_behaviors::Wait
[behavior_server-13] [INFO] [1790404816.362848361] [behavior_server]: Configuring spin
[behavior_server-13] [INFO] [1790404816.371333004] [behavior_server]: Configuring backup
[behavior_server-13] [INFO] [1790404816.377062884] [behavior_server]: Configuring wait
[lifecycle_manager-18] [INFO] [1790404816.382473102] [lifecycle_manager_navigation]: [34m[1mConfiguring waypoint_follower[0m[0m
[waypoint_follower-14] [INFO] [1790404816.382698830] [waypoint_follower]: Configuring
[waypoint_follower-14] [INFO] [1790404816.411081610] [waypoint_follower]: Created waypoint_task_executor : wait_at_waypoint of type nav2_waypoint_follower::WaitAtWaypoint
[waypoint_follower-14] [INFO] [1790404816.411426967] [waypoint_follower]: Waypoint pause duration is set to zero, disabling task executor plugin.
[lifecycle_manager-18] [INFO] [1790404816.411985990] [lifecycle_manager_navigation]: [34m[1mActivating planner_server[0m[0m
[planner_server-10] [INFO] [1790404816.412163988] [planner_server]: Activating
[planner_server-10] [INFO] [1790404816.412219260] [global_costmap.global_costmap]: Activating
[planner_server-10] [INFO] [1790404816.412233501] [global_costmap.global_costmap]: Checking transform
[planner_server-10] [INFO] [1790404816.412388867] [global_costmap.global_costmap]: start
[planner_server-10] [INFO] [1790404816.963387992] [planner_server]: Activating plugin GridBased of type SmacPlanner2D
[planner_server-10] [INFO] [1790404816.965391184] [planner_server]: Creating bond (planner_server) to lifecycle manager.
[lifecycle_manager-18] [INFO] [1790404817.072172335] [lifecycle_manager_navigation]: Server planner_server connected with bond.
[lifecycle_manager-18] [INFO] [1790404817.072223424] [lifecycle_manager_navigation]: [34m[1mActivating controller_server[0m[0m
[controller_server-11] [INFO] [1790404817.072593238] [controller_server]: Activating
[controller_server-11] [INFO] [1790404817.072645053] [local_costmap.local_costmap]: Activating
[controller_server-11] [INFO] [1790404817.072660692] [local_costmap.local_costmap]: Checking transform
[controller_server-11] [INFO] [1790404817.072858589] [local_costmap.local_costmap]: start
[controller_server-11] [INFO] [1790404817.274118940] [controller_server]: Creating bond (controller_server) to lifecycle manager.
[lifecycle_manager-18] [INFO] [1790404817.378378522] [lifecycle_manager_navigation]: Server controller_server connected with bond.
[lifecycle_manager-18] [INFO] [1790404817.378426416] [lifecycle_manager_navigation]: [34m[1mActivating bt_navigator[0m[0m
[bt_navigator-12] [INFO] [1790404817.378869815] [bt_navigator]: Activating
[bt_navigator-12] [INFO] [1790404817.452359123] [bt_navigator]: Creating bond (bt_navigator) to lifecycle manager.
[lifecycle_manager-18] [INFO] [1790404817.556501045] [lifecycle_manager_navigation]: Server bt_navigator connected with bond.
[lifecycle_manager-18] [INFO] [1790404817.556538468] [lifecycle_manager_navigation]: [34m[1mActivating behavior_server[0m[0m
[behavior_server-13] [INFO] [1790404817.556818980] [behavior_server]: Activating
[behavior_server-13] [INFO] [1790404817.556840343] [behavior_server]: Activating spin
[behavior_server-13] [INFO] [1790404817.556848453] [behavior_server]: Activating backup
[behavior_server-13] [INFO] [1790404817.556855432] [behavior_server]: Activating wait
[behavior_server-13] [INFO] [1790404817.556863689] [behavior_server]: Creating bond (behavior_server) to lifecycle manager.
[lifecycle_manager-18] [INFO] [1790404817.661623280] [lifecycle_manager_navigation]: Server behavior_server connected with bond.
[lifecycle_manager-18] [INFO] [1790404817.661669040] [lifecycle_manager_navigation]: [34m[1mActivating waypoint_follower[0m[0m
[waypoint_follower-14] [INFO] [1790404817.662124348] [waypoint_follower]: Activating
[waypoint_follower-14] [INFO] [1790404817.662222095] [waypoint_follower]: Creating bond (waypoint_follower) to lifecycle manager.
[lifecycle_manager-18] [INFO] [1790404817.768759813] [lifecycle_manager_navigation]: Server waypoint_follower connected with bond.
[lifecycle_manager-18] [INFO] [1790404817.768876991] [lifecycle_manager_navigation]: [34m[1mManaged nodes are active[0m[0m
[lifecycle_manager-18] [INFO] [1790404817.768901657] [lifecycle_manager_navigation]: [34m[1mCreating bond timer...[0m[0m
[python3-5] [INFO] [1790404819.575505238] [school_pose_sync_monitor]: Gazebo↔RViz pose error=0.018 m (gz=0.01,-7.85; tf=0.00,-7.87)
[python3-5] [INFO] [1790404824.586013006] [school_pose_sync_monitor]: Gazebo↔RViz pose error=0.019 m (gz=0.01,-7.85; tf=0.00,-7.87)
[python3-5] [INFO] [1790404829.597998271] [school_pose_sync_monitor]: Gazebo↔RViz pose error=0.021 m (gz=0.01,-7.85; tf=0.00,-7.87)
[python3-5] [INFO] [1790404834.608957413] [school_pose_sync_monitor]: Gazebo↔RViz pose error=0.022 m (gz=0.01,-7.85; tf=0.00,-7.87)
[python3-5] [INFO] [1790404839.612965709] [school_pose_sync_monitor]: Gazebo↔RViz pose error=0.022 m (gz=0.01,-7.85; tf=0.00,-7.87)
[python3-5] [INFO] [1790404844.613492992] [school_pose_sync_monitor]: Gazebo↔RViz pose error=0.023 m (gz=0.01,-7.85; tf=0.00,-7.87)
[python3-5] [INFO] [1790404849.623446208] [school_pose_sync_monitor]: Gazebo↔RViz pose error=0.023 m (gz=0.01,-7.85; tf=0.00,-7.87)
[WARNING] [launch]: user interrupted with ctrl-c (SIGINT)
[lifecycle_manager-17] [INFO] [1790404853.028143351] [rclcpp]: signal_handler(SIGINT/SIGTERM)
[lifecycle_manager-17] [INFO] [1790404853.028344590] [lifecycle_manager_localization]: Running Nav2 LifecycleManager rcl preshutdown (lifecycle_manager_localization)
[lifecycle_manager-17] [INFO] [1790404853.028405304] [lifecycle_manager_localization]: [34m[1mTerminating bond timer...[0m[0m
[lifecycle_manager-18] [INFO] [1790404853.028140296] [rclcpp]: signal_handler(SIGINT/SIGTERM)
[lifecycle_manager-18] [INFO] [1790404853.028345750] [lifecycle_manager_navigation]: Running Nav2 LifecycleManager rcl preshutdown (lifecycle_manager_navigation)
[lifecycle_manager-18] [INFO] [1790404853.028405100] [lifecycle_manager_navigation]: [34m[1mTerminating bond timer...[0m[0m
[waypoint_follower-14] [INFO] [1790404853.028165333] [rclcpp]: signal_handler(SIGINT/SIGTERM)
[waypoint_follower-14] [INFO] [1790404853.028390083] [waypoint_follower]: Running Nav2 LifecycleNode rcl preshutdown (waypoint_follower)
[waypoint_follower-14] [INFO] [1790404853.028509731] [waypoint_follower]: Deactivating
[waypoint_follower-14] [INFO] [1790404853.028571592] [waypoint_follower]: Destroying bond (waypoint_follower) to lifecycle manager.
[amcl-9] [INFO] [1790404853.028173002] [rclcpp]: signal_handler(SIGINT/SIGTERM)
[amcl-9] [INFO] [1790404853.028351631] [amcl]: Running Nav2 LifecycleNode rcl preshutdown (amcl)
[amcl-9] [INFO] [1790404853.028481843] [amcl]: Deactivating
[amcl-9] [INFO] [1790404853.028518514] [amcl]: Destroying bond (amcl) to lifecycle manager.
[robot_state_publisher-3] [INFO] [1790404853.028230072] [rclcpp]: signal_handler(SIGINT/SIGTERM)
[parameter_bridge-2] [INFO] [1790404853.028233498] [rclcpp]: signal_handler(SIGINT/SIGTERM)
[INFO] [lifecycle_manager-18]: sending signal 'SIGINT' to process[lifecycle_manager-18]
[INFO] [lifecycle_manager-17]: sending signal 'SIGINT' to process[lifecycle_manager-17]
[INFO] [goal_pose_bridge.py-16]: sending signal 'SIGINT' to process[goal_pose_bridge.py-16]
[INFO] [waypoint_follower-14]: sending signal 'SIGINT' to process[waypoint_follower-14]
[INFO] [behavior_server-13]: sending signal 'SIGINT' to process[behavior_server-13]
[INFO] [bt_navigator-12]: sending signal 'SIGINT' to process[bt_navigator-12]
[INFO] [controller_server-11]: sending signal 'SIGINT' to process[controller_server-11]
[ERROR] [goal_pose_bridge.py-16]: process has died [pid 18927, exit code -2, cmd '/home/haduckien/nav_ws/install/custom_corridor/lib/custom_corridor/goal_pose_bridge.py --ros-args -r __node:=goal_pose_bridge --params-file /tmp/launch_params_ddht92nl'].
[INFO] [planner_server-10]: sending signal 'SIGINT' to process[planner_server-10]
[INFO] [amcl-9]: sending signal 'SIGINT' to process[amcl-9]
[INFO] [map_server-8]: sending signal 'SIGINT' to process[map_server-8]
[INFO] [python3-5]: sending signal 'SIGINT' to process[python3-5]
[INFO] [python3-4]: sending signal 'SIGINT' to process[python3-4]
[INFO] [robot_state_publisher-3]: sending signal 'SIGINT' to process[robot_state_publisher-3]
[ERROR] [map_server-8]: process has died [pid 18918, exit code -2, cmd '/opt/ros/jazzy/lib/nav2_map_server/map_server --ros-args -r __node:=map_server --params-file /home/haduckien/nav_ws/src/custom_corridor/worlds/school_arena/demo_1/scenario_generator/generated/ep_000001/nav2_school.yaml --params-file /tmp/launch_params_8v1esl_3'].
[ERROR] [amcl-9]: process has died [pid 18919, exit code -2, cmd '/opt/ros/jazzy/lib/nav2_amcl/amcl --ros-args -r __node:=amcl --params-file /home/haduckien/nav_ws/src/custom_corridor/worlds/school_arena/demo_1/scenario_generator/generated/ep_000001/nav2_school.yaml --params-file /tmp/launch_params_zvwroodi'].
[INFO] [parameter_bridge-2]: sending signal 'SIGINT' to process[parameter_bridge-2]
[INFO] [gz-1]: sending signal 'SIGINT' to process[gz-1]
[controller_server-11] [INFO] [1790404853.028726820] [rclcpp]: signal_handler(SIGINT/SIGTERM)
[controller_server-11] [INFO] [1790404853.028852705] [controller_server]: Running Nav2 LifecycleNode rcl preshutdown (controller_server)
[controller_server-11] [INFO] [1790404853.028914268] [controller_server]: Deactivating
[controller_server-11] [INFO] [1790404853.028961330] [local_costmap.local_costmap]: Deactivating
[ERROR] [robot_state_publisher-3]: process has died [pid 18703, exit code -2, cmd '/opt/ros/jazzy/lib/robot_state_publisher/robot_state_publisher --ros-args --params-file /tmp/launch_params_e4ujjo92'].
[ERROR] [python3-5]: process has died [pid 18705, exit code -2, cmd 'python3 /home/haduckien/nav_ws/src/custom_corridor/worlds/school_arena/demo_1/pose_sync_monitor.py --ros-args -p use_sim_time:=true -p robot_name:=robot -p world_frame:=map -p initial_x:=0.0 -p initial_y:=-7.85'].
[bt_navigator-12] [INFO] [1790404853.028162482] [rclcpp]: signal_handler(SIGINT/SIGTERM)
[bt_navigator-12] [INFO] [1790404853.028894507] [bt_navigator]: Running Nav2 LifecycleNode rcl preshutdown (bt_navigator)
[bt_navigator-12] [INFO] [1790404853.028965523] [bt_navigator]: Deactivating
[bt_navigator-12] [INFO] [1790404853.028999105] [bt_navigator]: Destroying bond (bt_navigator) to lifecycle manager.
[behavior_server-13] [INFO] [1790404853.028888202] [rclcpp]: signal_handler(SIGINT/SIGTERM)
[behavior_server-13] [INFO] [1790404853.028968535] [behavior_server]: Running Nav2 LifecycleNode rcl preshutdown (behavior_server)
[behavior_server-13] [INFO] [1790404853.029025327] [behavior_server]: Deactivating
[behavior_server-13] [INFO] [1790404853.029057476] [behavior_server]: Destroying bond (behavior_server) to lifecycle manager.
[ERROR] [python3-4]: process has died [pid 18704, exit code -2, cmd 'python3 /home/haduckien/nav_ws/src/custom_corridor/worlds/school_arena/demo_1/collision_safe_pose_applier.py --ros-args -p use_sim_time:=true -p world_name:=school_arena -p target_topic:=/school_hunav/target_poses -p map_yaml:=/home/haduckien/nav_ws/src/custom_corridor/worlds/school_arena/demo_1/map.yaml -p agent_radius:=0.22 -p apply_hz:=20.0 -p ground_z:=0.0'].
[planner_server-10] [INFO] [1790404853.029239777] [rclcpp]: signal_handler(SIGINT/SIGTERM)
[planner_server-10] [INFO] [1790404853.029327786] [planner_server]: Running Nav2 LifecycleNode rcl preshutdown (planner_server)
[planner_server-10] [INFO] [1790404853.029393062] [planner_server]: Deactivating
[planner_server-10] [INFO] [1790404853.029428223] [global_costmap.global_costmap]: Deactivating
[map_server-8] [INFO] [1790404853.029483094] [rclcpp]: signal_handler(SIGINT/SIGTERM)
[map_server-8] [INFO] [1790404853.029634531] [map_server]: Running Nav2 LifecycleNode rcl preshutdown (map_server)
[map_server-8] [INFO] [1790404853.029708542] [map_server]: Deactivating
[map_server-8] [INFO] [1790404853.029728178] [map_server]: Destroying bond (map_server) to lifecycle manager.
[map_server-8] [INFO] [1790404853.040089712] [map_server]: Cleaning up
[map_server-8] [INFO] [1790404853.040212073] [map_server]: Destroying bond (map_server) to lifecycle manager.
[waypoint_follower-14] [INFO] [1790404853.039125727] [waypoint_follower]: Cleaning up
[behavior_server-13] [INFO] [1790404853.039365981] [behavior_server]: Cleaning up
[bt_navigator-12] [INFO] [1790404853.039391544] [bt_navigator]: Cleaning up
[amcl-9] [INFO] [1790404853.039886224] [amcl]: Cleaning up
[amcl-9] [INFO] [1790404853.043448165] [amcl]: Destroying bond (amcl) to lifecycle manager.
[behavior_server-13] [INFO] [1790404853.045983435] [behavior_server]: Destroying bond (behavior_server) to lifecycle manager.
[map_server-8] [INFO] [1790404853.048021512] [map_server]: Destroying
[waypoint_follower-14] [INFO] [1790404853.050131635] [waypoint_follower]: Destroying bond (waypoint_follower) to lifecycle manager.
[waypoint_follower-14] [INFO] [1790404853.053579383] [rclcpp]: signal_handler(SIGINT/SIGTERM)
[amcl-9] [INFO] [1790404853.056033714] [amcl]: Destroying
[behavior_server-13] [INFO] [1790404853.059131938] [rclcpp]: signal_handler(SIGINT/SIGTERM)
[lifecycle_manager-17] [INFO] [1790404853.063428003] [rclcpp]: signal_handler(SIGINT/SIGTERM)
[lifecycle_manager-17] [INFO] [1790404853.065276305] [lifecycle_manager_localization]: Destroying lifecycle_manager_localization
[waypoint_follower-14] [INFO] [1790404853.066948374] [waypoint_follower]: Destroying
[behavior_server-13] [INFO] [1790404853.070750575] [behavior_server]: Destroying
[controller_server-11] [INFO] [1790404853.073259149] [controller_server]: Destroying bond (controller_server) to lifecycle manager.
[parameter_bridge-2] [INFO] [1790404853.081086688] [rclcpp]: signal_handler(SIGINT/SIGTERM)
[controller_server-11] [INFO] [1790404853.083640378] [controller_server]: Cleaning up
[controller_server-11] [INFO] [1790404853.084413658] [local_costmap.local_costmap]: Cleaning up
[controller_server-11] [INFO] [1790404853.096273561] [controller_server]: Destroying bond (controller_server) to lifecycle manager.
[controller_server-11] [INFO] [1790404853.098269569] [rclcpp]: signal_handler(SIGINT/SIGTERM)
[controller_server-11] [INFO] [1790404853.101804144] [local_costmap.local_costmap]: Destroying
[lifecycle_manager-18] [INFO] [1790404853.105946700] [rclcpp]: signal_handler(SIGINT/SIGTERM)
[controller_server-11] [INFO] [1790404853.106931952] [controller_server]: Destroying
[lifecycle_manager-18] [INFO] [1790404853.107541925] [lifecycle_manager_navigation]: Destroying lifecycle_manager_navigation
[bt_navigator-12] [INFO] [1790404853.114892797] [bt_navigator]: Completed Cleaning up
[bt_navigator-12] [INFO] [1790404853.115020258] [bt_navigator]: Destroying bond (bt_navigator) to lifecycle manager.
[bt_navigator-12] [INFO] [1790404853.115533343] [rclcpp]: signal_handler(SIGINT/SIGTERM)
[bt_navigator-12] [INFO] [1790404853.119369123] [bt_navigator]: Destroying
[INFO] [parameter_bridge-2]: process has finished cleanly [pid 18702]
[INFO] [waypoint_follower-14]: process has finished cleanly [pid 18924]
[INFO] [lifecycle_manager-17]: process has finished cleanly [pid 19061]
[INFO] [behavior_server-13]: process has finished cleanly [pid 18923]
[INFO] [lifecycle_manager-18]: process has finished cleanly [pid 19101]
[INFO] [controller_server-11]: process has finished cleanly [pid 18921]
[INFO] [bt_navigator-12]: process has finished cleanly [pid 18922]
[INFO] [gz-1]: process has finished cleanly [pid 18701]
[planner_server-10] [INFO] [1790404853.412815913] [planner_server]: Deactivating plugin GridBased of type SmacPlanner2D
[planner_server-10] [INFO] [1790404853.412850430] [planner_server]: Destroying bond (planner_server) to lifecycle manager.
[planner_server-10] [INFO] [1790404853.423184005] [planner_server]: Cleaning up
[planner_server-10] [INFO] [1790404853.425598670] [global_costmap.global_costmap]: Cleaning up
[planner_server-10] [INFO] [1790404853.427018772] [planner_server]: Cleaning up plugin GridBased of type SmacPlanner2D
[planner_server-10] [INFO] [1790404853.429756114] [planner_server]: Destroying plugin GridBased of type SmacPlanner2D
[planner_server-10] [INFO] [1790404853.434453421] [planner_server]: Destroying bond (planner_server) to lifecycle manager.
[planner_server-10] [INFO] [1790404853.434829700] [rclcpp]: signal_handler(SIGINT/SIGTERM)
[planner_server-10] [INFO] [1790404853.436669569] [global_costmap.global_costmap]: Destroying
[planner_server-10] [INFO] [1790404853.440718817] [planner_server]: Destroying
[INFO] [planner_server-10]: process has finished cleanly [pid 18920]
[INFO] [launch]: All log files can be found below /home/haduckien/.ros/log/2026-09-26-13-42-33-611730-Raccoon2005-20910
[INFO] [launch]: Default logging verbosity is set to INFO
[INFO] [gz-1]: process started with pid [20933]
[INFO] [parameter_bridge-2]: process started with pid [20934]
[INFO] [robot_state_publisher-3]: process started with pid [20935]
[INFO] [python3-4]: process started with pid [20936]
[INFO] [python3-5]: process started with pid [20937]
[robot_state_publisher-3] [INFO] [1790404953.724383907] [robot_state_publisher]: Robot initialized
[python3-4] [INFO] [1790404954.027706183] [school_collision_safe_pose_applier]: Wall guard active: map=/home/haduckien/nav_ws/src/custom_corridor/worlds/school_arena/demo_1/map.yaml, radius=0.22 m, topic=/school_hunav/target_poses
[python3-5] [INFO] [1790404954.056058019] [school_pose_sync_monitor]: Gazebo/RViz sync monitor active: orange pose=/demo/gazebo_robot_pose
[parameter_bridge-2] [INFO] [1790404954.732221904] [ros_gz_bridge]: Creating GZ->ROS Bridge: [/clock (gz.msgs.Clock) -> /clock (rosgraph_msgs/msg/Clock)] (Lazy 0)
[parameter_bridge-2] [INFO] [1790404954.733247849] [ros_gz_bridge]: Creating GZ->ROS Bridge: [/joint_states (gz.msgs.Model) -> /joint_states (sensor_msgs/msg/JointState)] (Lazy 0)
[parameter_bridge-2] [INFO] [1790404954.736226845] [ros_gz_bridge]: Creating GZ->ROS Bridge: [/odom (gz.msgs.Odometry) -> /odom (nav_msgs/msg/Odometry)] (Lazy 0)
[parameter_bridge-2] [INFO] [1790404954.737864026] [ros_gz_bridge]: Creating GZ->ROS Bridge: [/tf (gz.msgs.Pose_V) -> /tf (tf2_msgs/msg/TFMessage)] (Lazy 0)
[parameter_bridge-2] [INFO] [1790404954.738907542] [ros_gz_bridge]: Creating GZ->ROS Bridge: [/scan (gz.msgs.LaserScan) -> /scan (sensor_msgs/msg/LaserScan)] (Lazy 0)
[parameter_bridge-2] [INFO] [1790404954.739478078] [ros_gz_bridge]: Creating ROS->GZ Bridge: [/cmd_vel (geometry_msgs/msg/Twist) -> /cmd_vel (gz.msgs.Twist)] (Lazy 0)
[parameter_bridge-2] [INFO] [1790404954.740136035] [ros_gz_bridge]: Creating GZ->ROS Bridge: [/world/school_arena/dynamic_pose/info (gz.msgs.Pose_V) -> /world/school_arena/dynamic_pose/info (tf2_msgs/msg/TFMessage)] (Lazy 0)
[parameter_bridge-2] [INFO] [1790404954.740507299] [ros_gz_bridge]: Creating ROS->GZ service bridge [/world/school_arena/set_pose (ros_gz_interfaces/srv/SetEntityPose -> gz.msgs.Pose/gz.msgs.Boolean)]
[parameter_bridge-2] [INFO] [1790404954.741329186] [ros_gz_bridge]: Creating ROS->GZ service bridge [/world/school_arena/control (ros_gz_interfaces/srv/ControlWorld -> gz.msgs.WorldControl/gz.msgs.Boolean)]
[parameter_bridge-2] [INFO] [1790404954.741595220] [ros_gz_bridge]: Creating GZ->ROS Bridge: [/robot/camera/image_raw (gz.msgs.Image) -> /robot/camera/image_raw (sensor_msgs/msg/Image)] (Lazy 0)
[WARNING] [launch]: user interrupted with ctrl-c (SIGINT)
[INFO] [python3-5]: sending signal 'SIGINT' to process[python3-5]
[INFO] [python3-4]: sending signal 'SIGINT' to process[python3-4]
[INFO] [robot_state_publisher-3]: sending signal 'SIGINT' to process[robot_state_publisher-3]
[INFO] [parameter_bridge-2]: sending signal 'SIGINT' to process[parameter_bridge-2]
[INFO] [gz-1]: sending signal 'SIGINT' to process[gz-1]
[robot_state_publisher-3] [INFO] [1790404956.566260770] [rclcpp]: signal_handler(SIGINT/SIGTERM)
[parameter_bridge-2] [INFO] [1790404956.566265607] [rclcpp]: signal_handler(SIGINT/SIGTERM)
[python3-5] Traceback (most recent call last):
[python3-5]   File "/home/haduckien/nav_ws/src/custom_corridor/worlds/school_arena/demo_1/pose_sync_monitor.py", line 161, in <module>
[python3-5]     main()
[python3-5]   File "/home/haduckien/nav_ws/src/custom_corridor/worlds/school_arena/demo_1/pose_sync_monitor.py", line 155, in main
[python3-5]     node.destroy_node()
[python3-5]   File "/opt/ros/jazzy/lib/python3.12/site-packages/rclpy/node.py", line 1962, in destroy_node
[python3-5]     self.destroy_service(self._services[0])
[python3-5]   File "/opt/ros/jazzy/lib/python3.12/site-packages/rclpy/node.py", line 1886, in destroy_service
[python3-5]     service.destroy()
[python3-5]   File "/opt/ros/jazzy/lib/python3.12/site-packages/rclpy/service.py", line 123, in destroy
[python3-5]     self.__service.destroy_when_not_in_use()
[python3-5] KeyboardInterrupt
[robot_state_publisher-3] [INFO] [1790404956.570707282] [rclcpp]: signal_handler(SIGINT/SIGTERM)
[python3-4] Traceback (most recent call last):
[python3-4]   File "/home/haduckien/nav_ws/src/custom_corridor/worlds/school_arena/demo_1/collision_safe_pose_applier.py", line 196, in <module>
[python3-4]     main()
[python3-4]   File "/home/haduckien/nav_ws/src/custom_corridor/worlds/school_arena/demo_1/collision_safe_pose_applier.py", line 190, in main
[python3-4]     node.destroy_node()
[python3-4]   File "/opt/ros/jazzy/lib/python3.12/site-packages/rclpy/node.py", line 1968, in destroy_node
[python3-4]     self.__node.destroy_when_not_in_use()
[python3-4] KeyboardInterrupt
[parameter_bridge-2] [INFO] [1790404956.571313574] [rclcpp]: signal_handler(SIGINT/SIGTERM)
[ERROR] [python3-4]: process has died [pid 20936, exit code -2, cmd 'python3 /home/haduckien/nav_ws/src/custom_corridor/worlds/school_arena/demo_1/collision_safe_pose_applier.py --ros-args -p use_sim_time:=true -p world_name:=school_arena -p target_topic:=/school_hunav/target_poses -p map_yaml:=/home/haduckien/nav_ws/src/custom_corridor/worlds/school_arena/demo_1/map.yaml -p agent_radius:=0.22 -p apply_hz:=20.0 -p ground_z:=0.0'].
[ERROR] [python3-5]: process has died [pid 20937, exit code -2, cmd 'python3 /home/haduckien/nav_ws/src/custom_corridor/worlds/school_arena/demo_1/pose_sync_monitor.py --ros-args -p use_sim_time:=true -p robot_name:=robot -p world_frame:=map -p initial_x:=0.0 -p initial_y:=-7.85'].
[INFO] [robot_state_publisher-3]: process has finished cleanly [pid 20935]
[INFO] [parameter_bridge-2]: process has finished cleanly [pid 20934]
[INFO] [gz-1]: process has finished cleanly [pid 20933]
[INFO] [launch]: All log files can be found below /home/haduckien/.ros/log/2026-09-26-13-42-57-922158-Raccoon2005-21287
[INFO] [launch]: Default logging verbosity is set to INFO
[INFO] [gz-1]: process started with pid [21309]
[INFO] [parameter_bridge-2]: process started with pid [21310]
[INFO] [robot_state_publisher-3]: process started with pid [21311]
[INFO] [python3-4]: process started with pid [21312]
[INFO] [python3-5]: process started with pid [21313]
[robot_state_publisher-3] [INFO] [1790404978.031393476] [robot_state_publisher]: Robot initialized
[python3-4] [INFO] [1790404978.309533241] [school_collision_safe_pose_applier]: Wall guard active: map=/home/haduckien/nav_ws/src/custom_corridor/worlds/school_arena/demo_1/map.yaml, radius=0.22 m, topic=/school_hunav/target_poses
[python3-5] [INFO] [1790404978.354372614] [school_pose_sync_monitor]: Gazebo/RViz sync monitor active: orange pose=/demo/gazebo_robot_pose
[parameter_bridge-2] [INFO] [1790404979.030217760] [ros_gz_bridge]: Creating GZ->ROS Bridge: [/clock (gz.msgs.Clock) -> /clock (rosgraph_msgs/msg/Clock)] (Lazy 0)
[parameter_bridge-2] [INFO] [1790404979.031191792] [ros_gz_bridge]: Creating GZ->ROS Bridge: [/joint_states (gz.msgs.Model) -> /joint_states (sensor_msgs/msg/JointState)] (Lazy 0)
[parameter_bridge-2] [INFO] [1790404979.033413476] [ros_gz_bridge]: Creating GZ->ROS Bridge: [/odom (gz.msgs.Odometry) -> /odom (nav_msgs/msg/Odometry)] (Lazy 0)
[parameter_bridge-2] [INFO] [1790404979.034394469] [ros_gz_bridge]: Creating GZ->ROS Bridge: [/tf (gz.msgs.Pose_V) -> /tf (tf2_msgs/msg/TFMessage)] (Lazy 0)
[parameter_bridge-2] [INFO] [1790404979.035262558] [ros_gz_bridge]: Creating GZ->ROS Bridge: [/scan (gz.msgs.LaserScan) -> /scan (sensor_msgs/msg/LaserScan)] (Lazy 0)
[parameter_bridge-2] [INFO] [1790404979.035564589] [ros_gz_bridge]: Creating ROS->GZ Bridge: [/cmd_vel (geometry_msgs/msg/Twist) -> /cmd_vel (gz.msgs.Twist)] (Lazy 0)
[parameter_bridge-2] [INFO] [1790404979.036021430] [ros_gz_bridge]: Creating GZ->ROS Bridge: [/world/school_arena/dynamic_pose/info (gz.msgs.Pose_V) -> /world/school_arena/dynamic_pose/info (tf2_msgs/msg/TFMessage)] (Lazy 0)
[parameter_bridge-2] [INFO] [1790404979.036266941] [ros_gz_bridge]: Creating ROS->GZ service bridge [/world/school_arena/set_pose (ros_gz_interfaces/srv/SetEntityPose -> gz.msgs.Pose/gz.msgs.Boolean)]
[parameter_bridge-2] [INFO] [1790404979.036846034] [ros_gz_bridge]: Creating ROS->GZ service bridge [/world/school_arena/control (ros_gz_interfaces/srv/ControlWorld -> gz.msgs.WorldControl/gz.msgs.Boolean)]
[parameter_bridge-2] [INFO] [1790404979.037069585] [ros_gz_bridge]: Creating GZ->ROS Bridge: [/robot/camera/image_raw (gz.msgs.Image) -> /robot/camera/image_raw (sensor_msgs/msg/Image)] (Lazy 0)
[INFO] [create-6]: process started with pid [21402]
[create-6] [INFO] [1790404981.230893199] [ros_gz_sim]: Entity creation successful.
[gz-1] [1;33mWarning [Utils.cc:132][0m [/sdf/model[@name="turtlebot3_burger_camera"]/link[@name="base_scan"]/sensor[@name="hls_lfcd_lds"]/gz_frame_id:/home/haduckien/nav_ws/src/custom_corridor/worlds/school_arena/demo_1/demo_robot.sdf:L153]: XML Element[gz_frame_id], child of element[sensor], not defined in SDF. Copying[gz_frame_id] as children of [sensor].
[INFO] [create-6]: process has finished cleanly [pid 21402]
[INFO] [python3-7]: process started with pid [21428]
[python3-7] [INFO] [1790404981.837602736] [school_wait_for_robot_tf]: Robot odom/TF and simulation clock ready
[INFO] [python3-7]: process has finished cleanly [pid 21428]
[INFO] [map_server-8]: process started with pid [21509]
[INFO] [amcl-9]: process started with pid [21510]
[INFO] [planner_server-10]: process started with pid [21511]
[INFO] [controller_server-11]: process started with pid [21512]
[INFO] [bt_navigator-12]: process started with pid [21513]
[INFO] [behavior_server-13]: process started with pid [21514]
[INFO] [waypoint_follower-14]: process started with pid [21517]
[INFO] [python3-15]: process started with pid [21518]
[INFO] [goal_pose_bridge.py-16]: process started with pid [21519]
[planner_server-10] [INFO] [1790404982.079837252] [planner_server]: 
[planner_server-10] 	planner_server lifecycle node launched. 
[planner_server-10] 	Waiting on external lifecycle transitions to activate
[planner_server-10] 	See https://design.ros2.org/articles/node_lifecycle.html for more information.
[planner_server-10] [INFO] [1790404982.081446611] [planner_server]: Creating
[amcl-9] [INFO] [1790404982.100825595] [amcl]: 
[amcl-9] 	amcl lifecycle node launched. 
[amcl-9] 	Waiting on external lifecycle transitions to activate
[amcl-9] 	See https://design.ros2.org/articles/node_lifecycle.html for more information.
[amcl-9] [INFO] [1790404982.101505927] [amcl]: Creating
[planner_server-10] [INFO] [1790404982.106905052] [global_costmap.global_costmap]: 
[planner_server-10] 	global_costmap lifecycle node launched. 
[planner_server-10] 	Waiting on external lifecycle transitions to activate
[planner_server-10] 	See https://design.ros2.org/articles/node_lifecycle.html for more information.
[planner_server-10] [INFO] [1790404982.107494765] [global_costmap.global_costmap]: Creating Costmap
[bt_navigator-12] [INFO] [1790404982.116452887] [bt_navigator]: 
[bt_navigator-12] 	bt_navigator lifecycle node launched. 
[bt_navigator-12] 	Waiting on external lifecycle transitions to activate
[bt_navigator-12] 	See https://design.ros2.org/articles/node_lifecycle.html for more information.
[bt_navigator-12] [INFO] [1790404982.117875286] [bt_navigator]: Creating
[controller_server-11] [INFO] [1790404982.127051815] [controller_server]: 
[controller_server-11] 	controller_server lifecycle node launched. 
[controller_server-11] 	Waiting on external lifecycle transitions to activate
[controller_server-11] 	See https://design.ros2.org/articles/node_lifecycle.html for more information.
[waypoint_follower-14] [INFO] [1790404982.127449984] [waypoint_follower]: 
[waypoint_follower-14] 	waypoint_follower lifecycle node launched. 
[waypoint_follower-14] 	Waiting on external lifecycle transitions to activate
[waypoint_follower-14] 	See https://design.ros2.org/articles/node_lifecycle.html for more information.
[waypoint_follower-14] [INFO] [1790404982.128528903] [waypoint_follower]: Creating
[controller_server-11] [INFO] [1790404982.131696136] [controller_server]: Creating controller server
[behavior_server-13] [INFO] [1790404982.134943476] [behavior_server]: 
[behavior_server-13] 	behavior_server lifecycle node launched. 
[behavior_server-13] 	Waiting on external lifecycle transitions to activate
[behavior_server-13] 	See https://design.ros2.org/articles/node_lifecycle.html for more information.
[map_server-8] [INFO] [1790404982.136763747] [map_server]: 
[map_server-8] 	map_server lifecycle node launched. 
[map_server-8] 	Waiting on external lifecycle transitions to activate
[map_server-8] 	See https://design.ros2.org/articles/node_lifecycle.html for more information.
[map_server-8] [INFO] [1790404982.136956049] [map_server]: Creating
[controller_server-11] [INFO] [1790404982.144016075] [local_costmap.local_costmap]: 
[controller_server-11] 	local_costmap lifecycle node launched. 
[controller_server-11] 	Waiting on external lifecycle transitions to activate
[controller_server-11] 	See https://design.ros2.org/articles/node_lifecycle.html for more information.
[controller_server-11] [INFO] [1790404982.144455412] [local_costmap.local_costmap]: Creating Costmap
[goal_pose_bridge.py-16] [INFO] [1790404982.711631251] [goal_pose_bridge]: GoalPoseBridge started: listening on /goal_pose -> forwarding to /navigate_to_pose
[INFO] [lifecycle_manager-17]: process started with pid [21650]
[lifecycle_manager-17] [INFO] [1790404984.093514502] [lifecycle_manager_localization]: Creating
[lifecycle_manager-17] [INFO] [1790404984.098082886] [lifecycle_manager_localization]: [34m[1mCreating and initializing lifecycle service clients[0m[0m
[lifecycle_manager-17] [INFO] [1790404984.403304698] [lifecycle_manager_localization]: [34m[1mStarting managed nodes bringup...[0m[0m
[lifecycle_manager-17] [INFO] [1790404984.403351530] [lifecycle_manager_localization]: [34m[1mConfiguring map_server[0m[0m
[map_server-8] [INFO] [1790404984.403702906] [map_server]: Configuring
[map_server-8] [INFO] [1790404984.403793829] [map_io]: Loading yaml file: /home/haduckien/nav_ws/src/custom_corridor/worlds/school_arena/demo_1/map.yaml
[map_server-8] [INFO] [1790404984.404061928] [map_io]: resolution: 0.05
[map_server-8] [INFO] [1790404984.404075178] [map_io]: origin[0]: -16
[map_server-8] [INFO] [1790404984.404082687] [map_io]: origin[1]: -14
[map_server-8] [INFO] [1790404984.404088006] [map_io]: origin[2]: 0
[map_server-8] [INFO] [1790404984.404093360] [map_io]: free_thresh: 0.25
[map_server-8] [INFO] [1790404984.404098444] [map_io]: occupied_thresh: 0.65
[map_server-8] [INFO] [1790404984.404105283] [map_io]: mode: trinary
[map_server-8] [INFO] [1790404984.404111208] [map_io]: negate: 0
[map_server-8] [INFO] [1790404984.404321255] [map_io]: Loading image_file: /home/haduckien/nav_ws/src/custom_corridor/worlds/school_arena/demo_1/map.pgm
[map_server-8] [INFO] [1790404984.411598497] [map_io]: Read map /home/haduckien/nav_ws/src/custom_corridor/worlds/school_arena/demo_1/map.pgm: 730 X 580 map @ 0.05 m/cell
[lifecycle_manager-17] [INFO] [1790404984.420778998] [lifecycle_manager_localization]: [34m[1mConfiguring amcl[0m[0m
[amcl-9] [INFO] [1790404984.421028876] [amcl]: Configuring
[amcl-9] [INFO] [1790404984.421104632] [amcl]: initTransforms
[amcl-9] [INFO] [1790404984.430682331] [amcl]: initPubSub
[amcl-9] [INFO] [1790404984.437685185] [amcl]: Subscribed to map topic.
[lifecycle_manager-17] [ERROR] [1790404986.440867044] [lifecycle_manager_localization]: Failed to change state for node: amcl. Exception: amcl/get_state service client: async_send_request failed.
[lifecycle_manager-17] [ERROR] [1790404986.440954793] [lifecycle_manager_localization]: Failed to bring up all requested nodes. Aborting bringup.
[WARNING] [launch]: user interrupted with ctrl-c (SIGINT)
[INFO] [lifecycle_manager-17]: sending signal 'SIGINT' to process[lifecycle_manager-17]
[INFO] [goal_pose_bridge.py-16]: sending signal 'SIGINT' to process[goal_pose_bridge.py-16]
[INFO] [python3-15]: sending signal 'SIGINT' to process[python3-15]
[INFO] [waypoint_follower-14]: sending signal 'SIGINT' to process[waypoint_follower-14]
[ERROR] [lifecycle_manager-17]: process has died [pid 21650, exit code -2, cmd '/opt/ros/jazzy/lib/nav2_lifecycle_manager/lifecycle_manager --ros-args -r __node:=lifecycle_manager_localization --params-file /tmp/launch_params_ul3ja7yj'].
[INFO] [behavior_server-13]: sending signal 'SIGINT' to process[behavior_server-13]
[INFO] [bt_navigator-12]: sending signal 'SIGINT' to process[bt_navigator-12]
[INFO] [controller_server-11]: sending signal 'SIGINT' to process[controller_server-11]
[ERROR] [waypoint_follower-14]: process has died [pid 21517, exit code -2, cmd '/opt/ros/jazzy/lib/nav2_waypoint_follower/waypoint_follower --ros-args -r __node:=waypoint_follower --params-file /home/haduckien/nav_ws/src/custom_corridor/worlds/school_arena/demo_1/scenario_generator/generated/ep_000001/nav2_school.yaml'].
[INFO] [planner_server-10]: sending signal 'SIGINT' to process[planner_server-10]
[ERROR] [behavior_server-13]: process has died [pid 21514, exit code -2, cmd '/opt/ros/jazzy/lib/nav2_behaviors/behavior_server --ros-args -r __node:=behavior_server --params-file /home/haduckien/nav_ws/src/custom_corridor/worlds/school_arena/demo_1/scenario_generator/generated/ep_000001/nav2_school.yaml'].
[ERROR] [bt_navigator-12]: process has died [pid 21513, exit code -2, cmd '/opt/ros/jazzy/lib/nav2_bt_navigator/bt_navigator --ros-args -r __node:=bt_navigator --params-file /home/haduckien/nav_ws/src/custom_corridor/worlds/school_arena/demo_1/scenario_generator/generated/ep_000001/nav2_school.yaml'].
[INFO] [amcl-9]: sending signal 'SIGINT' to process[amcl-9]
[ERROR] [controller_server-11]: process has died [pid 21512, exit code -2, cmd '/opt/ros/jazzy/lib/nav2_controller/controller_server --ros-args -r __node:=controller_server --params-file /home/haduckien/nav_ws/src/custom_corridor/worlds/school_arena/demo_1/scenario_generator/generated/ep_000001/nav2_school.yaml'].
[INFO] [map_server-8]: sending signal 'SIGINT' to process[map_server-8]
[INFO] [python3-5]: sending signal 'SIGINT' to process[python3-5]
[INFO] [python3-4]: sending signal 'SIGINT' to process[python3-4]
[ERROR] [planner_server-10]: process has died [pid 21511, exit code -2, cmd '/opt/ros/jazzy/lib/nav2_planner/planner_server --ros-args -r __node:=planner_server --params-file /home/haduckien/nav_ws/src/custom_corridor/worlds/school_arena/demo_1/scenario_generator/generated/ep_000001/nav2_school.yaml'].
[ERROR] [map_server-8]: process has died [pid 21509, exit code -2, cmd '/opt/ros/jazzy/lib/nav2_map_server/map_server --ros-args -r __node:=map_server --params-file /home/haduckien/nav_ws/src/custom_corridor/worlds/school_arena/demo_1/scenario_generator/generated/ep_000001/nav2_school.yaml --params-file /tmp/launch_params_wza66f3c'].
[ERROR] [amcl-9]: process has died [pid 21510, exit code -2, cmd '/opt/ros/jazzy/lib/nav2_amcl/amcl --ros-args -r __node:=amcl --params-file /home/haduckien/nav_ws/src/custom_corridor/worlds/school_arena/demo_1/scenario_generator/generated/ep_000001/nav2_school.yaml --params-file /tmp/launch_params_uo_l43sj'].
[INFO] [robot_state_publisher-3]: sending signal 'SIGINT' to process[robot_state_publisher-3]
[INFO] [parameter_bridge-2]: sending signal 'SIGINT' to process[parameter_bridge-2]
[INFO] [gz-1]: sending signal 'SIGINT' to process[gz-1]
[ERROR] [python3-5]: process has died [pid 21313, exit code -2, cmd 'python3 /home/haduckien/nav_ws/src/custom_corridor/worlds/school_arena/demo_1/pose_sync_monitor.py --ros-args -p use_sim_time:=true -p robot_name:=robot -p world_frame:=map -p initial_x:=0.0 -p initial_y:=-7.85'].
[waypoint_follower-14] [INFO] [1790405008.388816083] [rclcpp]: signal_handler(SIGINT/SIGTERM)
[waypoint_follower-14] [INFO] [1790405008.389331726] [waypoint_follower]: Running Nav2 LifecycleNode rcl preshutdown (waypoint_follower)
[waypoint_follower-14] [INFO] [1790405008.389505305] [waypoint_follower]: Destroying bond (waypoint_follower) to lifecycle manager.
[ERROR] [robot_state_publisher-3]: process has died [pid 21311, exit code -2, cmd '/opt/ros/jazzy/lib/robot_state_publisher/robot_state_publisher --ros-args --params-file /tmp/launch_params_ftdmkh7c'].
[robot_state_publisher-3] [INFO] [1790405008.388818383] [rclcpp]: signal_handler(SIGINT/SIGTERM)
[lifecycle_manager-17] [INFO] [1790405008.388814139] [rclcpp]: signal_handler(SIGINT/SIGTERM)
[lifecycle_manager-17] [INFO] [1790405008.389197396] [lifecycle_manager_localization]: Running Nav2 LifecycleManager rcl preshutdown (lifecycle_manager_localization)
[amcl-9] [INFO] [1790405008.388833666] [rclcpp]: signal_handler(SIGINT/SIGTERM)
[amcl-9] [INFO] [1790405008.389176569] [amcl]: Running Nav2 LifecycleNode rcl preshutdown (amcl)
[amcl-9] [INFO] [1790405008.389365008] [amcl]: Cleaning up
[ERROR] [python3-4]: process has died [pid 21312, exit code -2, cmd 'python3 /home/haduckien/nav_ws/src/custom_corridor/worlds/school_arena/demo_1/collision_safe_pose_applier.py --ros-args -p use_sim_time:=true -p world_name:=school_arena -p target_topic:=/school_hunav/target_poses -p map_yaml:=/home/haduckien/nav_ws/src/custom_corridor/worlds/school_arena/demo_1/map.yaml -p agent_radius:=0.22 -p apply_hz:=20.0 -p ground_z:=0.0'].
[behavior_server-13] [INFO] [1790405008.389035004] [rclcpp]: signal_handler(SIGINT/SIGTERM)
[behavior_server-13] [INFO] [1790405008.389276225] [behavior_server]: Running Nav2 LifecycleNode rcl preshutdown (behavior_server)
[behavior_server-13] [INFO] [1790405008.389378446] [behavior_server]: Destroying bond (behavior_server) to lifecycle manager.
[bt_navigator-12] [INFO] [1790405008.388815268] [rclcpp]: signal_handler(SIGINT/SIGTERM)
[bt_navigator-12] [INFO] [1790405008.389301181] [bt_navigator]: Running Nav2 LifecycleNode rcl preshutdown (bt_navigator)
[bt_navigator-12] [INFO] [1790405008.389417118] [bt_navigator]: Destroying bond (bt_navigator) to lifecycle manager.
[planner_server-10] [INFO] [1790405008.389225578] [rclcpp]: signal_handler(SIGINT/SIGTERM)
[planner_server-10] [INFO] [1790405008.389421154] [planner_server]: Running Nav2 LifecycleNode rcl preshutdown (planner_server)
[planner_server-10] [INFO] [1790405008.389542676] [planner_server]: Destroying bond (planner_server) to lifecycle manager.
[planner_server-10] [INFO] [1790405008.394890808] [global_costmap.global_costmap]: Destroying
[controller_server-11] [INFO] [1790405008.390201022] [rclcpp]: signal_handler(SIGINT/SIGTERM)
[controller_server-11] [INFO] [1790405008.390317826] [controller_server]: Running Nav2 LifecycleNode rcl preshutdown (controller_server)
[controller_server-11] [INFO] [1790405008.390500270] [controller_server]: Destroying bond (controller_server) to lifecycle manager.
[controller_server-11] [INFO] [1790405008.395359231] [local_costmap.local_costmap]: Destroying
[parameter_bridge-2] [INFO] [1790405008.390784931] [rclcpp]: signal_handler(SIGINT/SIGTERM)
[map_server-8] [INFO] [1790405008.390963946] [rclcpp]: signal_handler(SIGINT/SIGTERM)
[map_server-8] [INFO] [1790405008.391098788] [map_server]: Running Nav2 LifecycleNode rcl preshutdown (map_server)
[map_server-8] [INFO] [1790405008.391186537] [map_server]: Cleaning up
[map_server-8] [INFO] [1790405008.391221429] [map_server]: Destroying bond (map_server) to lifecycle manager.
[map_server-8] [INFO] [1790405008.397843718] [map_server]: Destroying
[behavior_server-13] [INFO] [1790405008.391017952] [behavior_server]: Destroying
[waypoint_follower-14] [INFO] [1790405008.392095950] [waypoint_follower]: Destroying
[amcl-9] [INFO] [1790405008.393354561] [amcl]: Destroying bond (amcl) to lifecycle manager.
[bt_navigator-12] [INFO] [1790405008.395580529] [bt_navigator]: Destroying
[lifecycle_manager-17] [INFO] [1790405008.396005655] [lifecycle_manager_localization]: Destroying lifecycle_manager_localization
[python3-15] Error in sys.excepthook:
[python3-15] Traceback (most recent call last):
[python3-15]   File "/usr/lib/python3/dist-packages/apport_python_hook.py", line 227, in partial_apport_excepthook
[amcl-9] [INFO] [1790405008.407630029] [amcl]: Destroying
[goal_pose_bridge.py-16] Traceback (most recent call last):
[goal_pose_bridge.py-16]   File "/home/haduckien/nav_ws/install/custom_corridor/lib/custom_corridor/goal_pose_bridge.py", line 88, in <module>
[goal_pose_bridge.py-16]     main()
[goal_pose_bridge.py-16]   File "/home/haduckien/nav_ws/install/custom_corridor/lib/custom_corridor/goal_pose_bridge.py", line 82, in main
[goal_pose_bridge.py-16]     node.destroy_node()
[goal_pose_bridge.py-16]   File "/opt/ros/jazzy/lib/python3.12/site-packages/rclpy/node.py", line 1962, in destroy_node
[goal_pose_bridge.py-16]     self.destroy_service(self._services[0])
[goal_pose_bridge.py-16]   File "/opt/ros/jazzy/lib/python3.12/site-packages/rclpy/node.py", line 1886, in destroy_service
[goal_pose_bridge.py-16]     service.destroy()
[goal_pose_bridge.py-16]   File "/opt/ros/jazzy/lib/python3.12/site-packages/rclpy/service.py", line 123, in destroy
[goal_pose_bridge.py-16]     self.__service.destroy_when_not_in_use()
[goal_pose_bridge.py-16] KeyboardInterrupt
[python3-15]     def partial_apport_excepthook(exc_type, exc_obj, exc_tb):
[python3-15] 
[python3-15] KeyboardInterrupt
[python3-15] 
[python3-15] Original exception was:
[python3-15] Traceback (most recent call last):
[python3-15]   File "/home/haduckien/nav_ws/install/custom_corridor/share/custom_corridor/launch/publish_episode_initial_pose.py", line 84, in main
[python3-15]     rclpy.spin_once(node, timeout_sec=0.1)
[python3-15]   File "/opt/ros/jazzy/lib/python3.12/site-packages/rclpy/__init__.py", line 226, in spin_once
[python3-15]     executor.spin_once(timeout_sec=timeout_sec)
[python3-15]   File "/opt/ros/jazzy/lib/python3.12/site-packages/rclpy/executors.py", line 926, in spin_once
[python3-15]     self._spin_once_impl(timeout_sec)
[python3-15]   File "/opt/ros/jazzy/lib/python3.12/site-packages/rclpy/executors.py", line 907, in _spin_once_impl
[python3-15]     handler, entity, node = self.wait_for_ready_callbacks(
[python3-15]                             ^^^^^^^^^^^^^^^^^^^^^^^^^^^^^^
[python3-15]   File "/opt/ros/jazzy/lib/python3.12/site-packages/rclpy/executors.py", line 877, in wait_for_ready_callbacks
[python3-15]     return next(self._cb_iter)
[python3-15]            ^^^^^^^^^^^^^^^^^^^
[python3-15]   File "/opt/ros/jazzy/lib/python3.12/site-packages/rclpy/executors.py", line 682, in _wait_for_ready_callbacks
[python3-15]     subscriptions.extend(filter(self.can_execute, node.subscriptions))
[python3-15]   File "/opt/ros/jazzy/lib/python3.12/site-packages/rclpy/executors.py", line 621, in can_execute
[python3-15]     return not entity._executor_event and entity.callback_group.can_execute(entity)
[python3-15]                                           ^^^^^^^^^^^^^^^^^^^^^^^^^^^^^^^^^^^^^^^^^
[python3-15]   File "/opt/ros/jazzy/lib/python3.12/site-packages/rclpy/callback_groups.py", line 103, in can_execute
[python3-15]     assert weakref.ref(entity) in self.entities
[python3-15]            ^^^^^^^^^^^^^^^^^^^
[python3-15] KeyboardInterrupt
[python3-15] 
[python3-15] During handling of the above exception, another exception occurred:
[python3-15] 
[python3-15] Traceback (most recent call last):
[python3-15]   File "/home/haduckien/nav_ws/install/custom_corridor/share/custom_corridor/launch/publish_episode_initial_pose.py", line 115, in <module>
[python3-15]     raise SystemExit(main())
[python3-15]                      ^^^^^^
[python3-15]   File "/home/haduckien/nav_ws/install/custom_corridor/share/custom_corridor/launch/publish_episode_initial_pose.py", line 111, in main
[python3-15]     rclpy.shutdown()
[python3-15]   File "/opt/ros/jazzy/lib/python3.12/site-packages/rclpy/__init__.py", line 134, in shutdown
[python3-15]     _shutdown(context=context)
[python3-15]   File "/opt/ros/jazzy/lib/python3.12/site-packages/rclpy/utilities.py", line 82, in shutdown
[python3-15]     context.shutdown()
[python3-15]   File "/opt/ros/jazzy/lib/python3.12/site-packages/rclpy/context.py", line 129, in shutdown
[python3-15]     self.__context.shutdown()
[python3-15] rclpy._rclpy_pybind11.RCLError: failed to shutdown: rcl_shutdown already called on the given context, at ./src/rcl/init.c:333
[planner_server-10] [INFO] [1790405008.422180695] [planner_server]: Destroying
[parameter_bridge-2] [INFO] [1790405008.439119901] [rclcpp]: signal_handler(SIGINT/SIGTERM)
[ERROR] [goal_pose_bridge.py-16]: process has died [pid 21519, exit code -2, cmd '/home/haduckien/nav_ws/install/custom_corridor/lib/custom_corridor/goal_pose_bridge.py --ros-args -r __node:=goal_pose_bridge --params-file /tmp/launch_params_sofpnrvn'].
[INFO] [parameter_bridge-2]: process has finished cleanly [pid 21310]
[ERROR] [python3-15]: process has died [pid 21518, exit code 1, cmd 'python3 /home/haduckien/nav_ws/install/custom_corridor/share/custom_corridor/launch/publish_episode_initial_pose.py --params-file /home/haduckien/nav_ws/src/custom_corridor/worlds/school_arena/demo_1/scenario_generator/generated/ep_000001/nav2_school.yaml --ros-args -p use_sim_time:=true'].
[INFO] [gz-1]: process has finished cleanly [pid 21309]
[INFO] [launch]: All log files can be found below /home/haduckien/.ros/log/2026-09-26-13-43-57-255616-Raccoon2005-22273
[INFO] [launch]: Default logging verbosity is set to INFO
[INFO] [gz-1]: process started with pid [22284]
[INFO] [parameter_bridge-2]: process started with pid [22285]
[INFO] [robot_state_publisher-3]: process started with pid [22286]
[INFO] [python3-4]: process started with pid [22287]
[INFO] [python3-5]: process started with pid [22288]
[robot_state_publisher-3] [INFO] [1790405037.375288224] [robot_state_publisher]: Robot initialized
[python3-4] [INFO] [1790405037.695292112] [school_collision_safe_pose_applier]: Wall guard active: map=/home/haduckien/nav_ws/src/custom_corridor/worlds/school_arena/demo_1/map.yaml, radius=0.22 m, topic=/school_hunav/target_poses
[python3-5] [INFO] [1790405037.724307380] [school_pose_sync_monitor]: Gazebo/RViz sync monitor active: orange pose=/demo/gazebo_robot_pose
[parameter_bridge-2] [INFO] [1790405038.378785353] [ros_gz_bridge]: Creating GZ->ROS Bridge: [/clock (gz.msgs.Clock) -> /clock (rosgraph_msgs/msg/Clock)] (Lazy 0)
[parameter_bridge-2] [INFO] [1790405038.379450505] [ros_gz_bridge]: Creating GZ->ROS Bridge: [/joint_states (gz.msgs.Model) -> /joint_states (sensor_msgs/msg/JointState)] (Lazy 0)
[parameter_bridge-2] [INFO] [1790405038.381716305] [ros_gz_bridge]: Creating GZ->ROS Bridge: [/odom (gz.msgs.Odometry) -> /odom (nav_msgs/msg/Odometry)] (Lazy 0)
[parameter_bridge-2] [INFO] [1790405038.383116873] [ros_gz_bridge]: Creating GZ->ROS Bridge: [/tf (gz.msgs.Pose_V) -> /tf (tf2_msgs/msg/TFMessage)] (Lazy 0)
[parameter_bridge-2] [INFO] [1790405038.384740255] [ros_gz_bridge]: Creating GZ->ROS Bridge: [/scan (gz.msgs.LaserScan) -> /scan (sensor_msgs/msg/LaserScan)] (Lazy 0)
[parameter_bridge-2] [INFO] [1790405038.385728046] [ros_gz_bridge]: Creating ROS->GZ Bridge: [/cmd_vel (geometry_msgs/msg/Twist) -> /cmd_vel (gz.msgs.Twist)] (Lazy 0)
[parameter_bridge-2] [INFO] [1790405038.386719531] [ros_gz_bridge]: Creating GZ->ROS Bridge: [/world/school_arena/dynamic_pose/info (gz.msgs.Pose_V) -> /world/school_arena/dynamic_pose/info (tf2_msgs/msg/TFMessage)] (Lazy 0)
[parameter_bridge-2] [INFO] [1790405038.387089300] [ros_gz_bridge]: Creating ROS->GZ service bridge [/world/school_arena/set_pose (ros_gz_interfaces/srv/SetEntityPose -> gz.msgs.Pose/gz.msgs.Boolean)]
[parameter_bridge-2] [INFO] [1790405038.387821631] [ros_gz_bridge]: Creating ROS->GZ service bridge [/world/school_arena/control (ros_gz_interfaces/srv/ControlWorld -> gz.msgs.WorldControl/gz.msgs.Boolean)]
[parameter_bridge-2] [INFO] [1790405038.388048566] [ros_gz_bridge]: Creating GZ->ROS Bridge: [/robot/camera/image_raw (gz.msgs.Image) -> /robot/camera/image_raw (sensor_msgs/msg/Image)] (Lazy 0)
[WARNING] [launch]: user interrupted with ctrl-c (SIGINT)
[INFO] [python3-5]: sending signal 'SIGINT' to process[python3-5]
[INFO] [python3-4]: sending signal 'SIGINT' to process[python3-4]
[INFO] [robot_state_publisher-3]: sending signal 'SIGINT' to process[robot_state_publisher-3]
[INFO] [parameter_bridge-2]: sending signal 'SIGINT' to process[parameter_bridge-2]
[INFO] [gz-1]: sending signal 'SIGINT' to process[gz-1]
[parameter_bridge-2] [INFO] [1790405039.110879102] [rclcpp]: signal_handler(SIGINT/SIGTERM)
[robot_state_publisher-3] [INFO] [1790405039.110911870] [rclcpp]: signal_handler(SIGINT/SIGTERM)
[python3-5] Traceback (most recent call last):
[python3-5]   File "/home/haduckien/nav_ws/src/custom_corridor/worlds/school_arena/demo_1/pose_sync_monitor.py", line 161, in <module>
[python3-5]     main()
[python3-5]   File "/home/haduckien/nav_ws/src/custom_corridor/worlds/school_arena/demo_1/pose_sync_monitor.py", line 155, in main
[python3-5]     node.destroy_node()
[python3-5]   File "/opt/ros/jazzy/lib/python3.12/site-packages/rclpy/node.py", line 1962, in destroy_node
[python3-5]     self.destroy_service(self._services[0])
[python3-5]   File "/opt/ros/jazzy/lib/python3.12/site-packages/rclpy/node.py", line 1886, in destroy_service
[robot_state_publisher-3] [INFO] [1790405039.113832619] [rclcpp]: signal_handler(SIGINT/SIGTERM)
[python3-4] Traceback (most recent call last):
[python3-4]   File "/home/haduckien/nav_ws/src/custom_corridor/worlds/school_arena/demo_1/collision_safe_pose_applier.py", line 196, in <module>
[python3-5]     service.destroy()
[python3-5]   File "/opt/ros/jazzy/lib/python3.12/site-packages/rclpy/service.py", line 123, in destroy
[python3-5]     self.__service.destroy_when_not_in_use()
[python3-5] KeyboardInterrupt
[python3-4]     main()
[python3-4]   File "/home/haduckien/nav_ws/src/custom_corridor/worlds/school_arena/demo_1/collision_safe_pose_applier.py", line 190, in main
[python3-4]     node.destroy_node()
[python3-4]   File "/opt/ros/jazzy/lib/python3.12/site-packages/rclpy/node.py", line 1960, in destroy_node
[parameter_bridge-2] [INFO] [1790405039.114284917] [rclcpp]: signal_handler(SIGINT/SIGTERM)
[python3-4]     self.destroy_client(self._clients[0])
[python3-4]   File "/opt/ros/jazzy/lib/python3.12/site-packages/rclpy/node.py", line 1870, in destroy_client
[python3-4]     client.destroy()
[python3-4]   File "/opt/ros/jazzy/lib/python3.12/site-packages/rclpy/client.py", line 232, in destroy
[python3-4]     self.__client.destroy_when_not_in_use()
[python3-4] KeyboardInterrupt
[ERROR] [python3-5]: process has died [pid 22288, exit code -2, cmd 'python3 /home/haduckien/nav_ws/src/custom_corridor/worlds/school_arena/demo_1/pose_sync_monitor.py --ros-args -p use_sim_time:=true -p robot_name:=robot -p world_frame:=map -p initial_x:=0.0 -p initial_y:=-7.85'].
[ERROR] [python3-4]: process has died [pid 22287, exit code -2, cmd 'python3 /home/haduckien/nav_ws/src/custom_corridor/worlds/school_arena/demo_1/collision_safe_pose_applier.py --ros-args -p use_sim_time:=true -p world_name:=school_arena -p target_topic:=/school_hunav/target_poses -p map_yaml:=/home/haduckien/nav_ws/src/custom_corridor/worlds/school_arena/demo_1/map.yaml -p agent_radius:=0.22 -p apply_hz:=20.0 -p ground_z:=0.0'].
[INFO] [robot_state_publisher-3]: process has finished cleanly [pid 22286]
[INFO] [parameter_bridge-2]: process has finished cleanly [pid 22285]
[INFO] [gz-1]: process has finished cleanly [pid 22284]
[INFO] [launch]: All log files can be found below /home/haduckien/.ros/log/2026-09-26-13-44-49-455692-Raccoon2005-23123
[INFO] [launch]: Default logging verbosity is set to INFO
[INFO] [gz-1]: process started with pid [23134]
[INFO] [parameter_bridge-2]: process started with pid [23135]
[INFO] [robot_state_publisher-3]: process started with pid [23136]
[INFO] [python3-4]: process started with pid [23137]
[INFO] [python3-5]: process started with pid [23138]
[robot_state_publisher-3] [INFO] [1790405089.579322295] [robot_state_publisher]: Robot initialized
[python3-5] [INFO] [1790405090.005792827] [school_pose_sync_monitor]: Gazebo/RViz sync monitor active: orange pose=/demo/gazebo_robot_pose
[python3-4] [INFO] [1790405090.005822464] [school_collision_safe_pose_applier]: Wall guard active: map=/home/haduckien/nav_ws/src/custom_corridor/worlds/school_arena/demo_1/map.yaml, radius=0.22 m, topic=/school_hunav/target_poses
[parameter_bridge-2] [INFO] [1790405090.609981564] [ros_gz_bridge]: Creating GZ->ROS Bridge: [/clock (gz.msgs.Clock) -> /clock (rosgraph_msgs/msg/Clock)] (Lazy 0)
[parameter_bridge-2] [INFO] [1790405090.610601590] [ros_gz_bridge]: Creating GZ->ROS Bridge: [/joint_states (gz.msgs.Model) -> /joint_states (sensor_msgs/msg/JointState)] (Lazy 0)
[parameter_bridge-2] [INFO] [1790405090.612228138] [ros_gz_bridge]: Creating GZ->ROS Bridge: [/odom (gz.msgs.Odometry) -> /odom (nav_msgs/msg/Odometry)] (Lazy 0)
[parameter_bridge-2] [INFO] [1790405090.613291892] [ros_gz_bridge]: Creating GZ->ROS Bridge: [/tf (gz.msgs.Pose_V) -> /tf (tf2_msgs/msg/TFMessage)] (Lazy 0)
[parameter_bridge-2] [INFO] [1790405090.614386539] [ros_gz_bridge]: Creating GZ->ROS Bridge: [/scan (gz.msgs.LaserScan) -> /scan (sensor_msgs/msg/LaserScan)] (Lazy 0)
[parameter_bridge-2] [INFO] [1790405090.614802938] [ros_gz_bridge]: Creating ROS->GZ Bridge: [/cmd_vel (geometry_msgs/msg/Twist) -> /cmd_vel (gz.msgs.Twist)] (Lazy 0)
[parameter_bridge-2] [INFO] [1790405090.615415149] [ros_gz_bridge]: Creating GZ->ROS Bridge: [/world/school_arena/dynamic_pose/info (gz.msgs.Pose_V) -> /world/school_arena/dynamic_pose/info (tf2_msgs/msg/TFMessage)] (Lazy 0)
[parameter_bridge-2] [INFO] [1790405090.615722659] [ros_gz_bridge]: Creating ROS->GZ service bridge [/world/school_arena/set_pose (ros_gz_interfaces/srv/SetEntityPose -> gz.msgs.Pose/gz.msgs.Boolean)]
[parameter_bridge-2] [INFO] [1790405090.616542007] [ros_gz_bridge]: Creating ROS->GZ service bridge [/world/school_arena/control (ros_gz_interfaces/srv/ControlWorld -> gz.msgs.WorldControl/gz.msgs.Boolean)]
[parameter_bridge-2] [INFO] [1790405090.617274253] [ros_gz_bridge]: Creating GZ->ROS Bridge: [/robot/camera/image_raw (gz.msgs.Image) -> /robot/camera/image_raw (sensor_msgs/msg/Image)] (Lazy 0)
[INFO] [create-6]: process started with pid [23266]
[create-6] [INFO] [1790405092.770462118] [ros_gz_sim]: Entity creation successful.
[gz-1] [1;33mWarning [Utils.cc:132][0m [/sdf/model[@name="turtlebot3_burger_camera"]/link[@name="base_scan"]/sensor[@name="hls_lfcd_lds"]/gz_frame_id:/home/haduckien/nav_ws/src/custom_corridor/worlds/school_arena/demo_1/demo_robot.sdf:L153]: XML Element[gz_frame_id], child of element[sensor], not defined in SDF. Copying[gz_frame_id] as children of [sensor].
[INFO] [create-6]: process has finished cleanly [pid 23266]
[INFO] [python3-7]: process started with pid [23292]
[python3-7] [INFO] [1790405093.403685065] [school_wait_for_robot_tf]: Robot odom/TF and simulation clock ready
[INFO] [python3-7]: process has finished cleanly [pid 23292]
[INFO] [map_server-8]: process started with pid [23360]
[INFO] [amcl-9]: process started with pid [23361]
[INFO] [planner_server-10]: process started with pid [23362]
[INFO] [controller_server-11]: process started with pid [23363]
[INFO] [bt_navigator-12]: process started with pid [23364]
[INFO] [behavior_server-13]: process started with pid [23365]
[INFO] [waypoint_follower-14]: process started with pid [23366]
[INFO] [python3-15]: process started with pid [23367]
[INFO] [goal_pose_bridge.py-16]: process started with pid [23368]
[map_server-8] [INFO] [1790405093.666501135] [map_server]: 
[map_server-8] 	map_server lifecycle node launched. 
[map_server-8] 	Waiting on external lifecycle transitions to activate
[map_server-8] 	See https://design.ros2.org/articles/node_lifecycle.html for more information.
[map_server-8] [INFO] [1790405093.666901649] [map_server]: Creating
[planner_server-10] [INFO] [1790405093.668538470] [planner_server]: 
[planner_server-10] 	planner_server lifecycle node launched. 
[planner_server-10] 	Waiting on external lifecycle transitions to activate
[planner_server-10] 	See https://design.ros2.org/articles/node_lifecycle.html for more information.
[controller_server-11] [INFO] [1790405093.669221158] [controller_server]: 
[controller_server-11] 	controller_server lifecycle node launched. 
[controller_server-11] 	Waiting on external lifecycle transitions to activate
[controller_server-11] 	See https://design.ros2.org/articles/node_lifecycle.html for more information.
[planner_server-10] [INFO] [1790405093.670355688] [planner_server]: Creating
[controller_server-11] [INFO] [1790405093.673544998] [controller_server]: Creating controller server
[amcl-9] [INFO] [1790405093.679852107] [amcl]: 
[amcl-9] 	amcl lifecycle node launched. 
[amcl-9] 	Waiting on external lifecycle transitions to activate
[amcl-9] 	See https://design.ros2.org/articles/node_lifecycle.html for more information.
[waypoint_follower-14] [INFO] [1790405093.680042951] [waypoint_follower]: 
[waypoint_follower-14] 	waypoint_follower lifecycle node launched. 
[waypoint_follower-14] 	Waiting on external lifecycle transitions to activate
[waypoint_follower-14] 	See https://design.ros2.org/articles/node_lifecycle.html for more information.
[waypoint_follower-14] [INFO] [1790405093.680832907] [waypoint_follower]: Creating
[amcl-9] [INFO] [1790405093.680870258] [amcl]: Creating
[behavior_server-13] [INFO] [1790405093.682936029] [behavior_server]: 
[behavior_server-13] 	behavior_server lifecycle node launched. 
[behavior_server-13] 	Waiting on external lifecycle transitions to activate
[behavior_server-13] 	See https://design.ros2.org/articles/node_lifecycle.html for more information.
[bt_navigator-12] [INFO] [1790405093.683657402] [bt_navigator]: 
[bt_navigator-12] 	bt_navigator lifecycle node launched. 
[bt_navigator-12] 	Waiting on external lifecycle transitions to activate
[bt_navigator-12] 	See https://design.ros2.org/articles/node_lifecycle.html for more information.
[bt_navigator-12] [INFO] [1790405093.689485926] [bt_navigator]: Creating
[controller_server-11] [INFO] [1790405093.694860089] [local_costmap.local_costmap]: 
[controller_server-11] 	local_costmap lifecycle node launched. 
[controller_server-11] 	Waiting on external lifecycle transitions to activate
[controller_server-11] 	See https://design.ros2.org/articles/node_lifecycle.html for more information.
[planner_server-10] [INFO] [1790405093.695176649] [global_costmap.global_costmap]: 
[planner_server-10] 	global_costmap lifecycle node launched. 
[planner_server-10] 	Waiting on external lifecycle transitions to activate
[planner_server-10] 	See https://design.ros2.org/articles/node_lifecycle.html for more information.
[controller_server-11] [INFO] [1790405093.695460336] [local_costmap.local_costmap]: Creating Costmap
[planner_server-10] [INFO] [1790405093.695633498] [global_costmap.global_costmap]: Creating Costmap
[goal_pose_bridge.py-16] [INFO] [1790405094.415570535] [goal_pose_bridge]: GoalPoseBridge started: listening on /goal_pose -> forwarding to /navigate_to_pose
[INFO] [lifecycle_manager-17]: process started with pid [23521]
[lifecycle_manager-17] [INFO] [1790405095.659406686] [lifecycle_manager_localization]: Creating
[lifecycle_manager-17] [INFO] [1790405095.665296959] [lifecycle_manager_localization]: [34m[1mCreating and initializing lifecycle service clients[0m[0m
[lifecycle_manager-17] [INFO] [1790405097.313143646] [lifecycle_manager_localization]: [34m[1mStarting managed nodes bringup...[0m[0m
[lifecycle_manager-17] [INFO] [1790405097.313222426] [lifecycle_manager_localization]: [34m[1mConfiguring map_server[0m[0m
[map_server-8] [INFO] [1790405097.314401886] [map_server]: Configuring
[map_server-8] [INFO] [1790405097.314596506] [map_io]: Loading yaml file: /home/haduckien/nav_ws/src/custom_corridor/worlds/school_arena/demo_1/map.yaml
[map_server-8] [INFO] [1790405097.315021274] [map_io]: resolution: 0.05
[map_server-8] [INFO] [1790405097.315041132] [map_io]: origin[0]: -16
[map_server-8] [INFO] [1790405097.315049390] [map_io]: origin[1]: -14
[map_server-8] [INFO] [1790405097.315055038] [map_io]: origin[2]: 0
[map_server-8] [INFO] [1790405097.315060899] [map_io]: free_thresh: 0.25
[map_server-8] [INFO] [1790405097.315066383] [map_io]: occupied_thresh: 0.65
[map_server-8] [INFO] [1790405097.315074798] [map_io]: mode: trinary
[map_server-8] [INFO] [1790405097.315081400] [map_io]: negate: 0
[map_server-8] [INFO] [1790405097.315410671] [map_io]: Loading image_file: /home/haduckien/nav_ws/src/custom_corridor/worlds/school_arena/demo_1/map.pgm
[map_server-8] [INFO] [1790405097.325358657] [map_io]: Read map /home/haduckien/nav_ws/src/custom_corridor/worlds/school_arena/demo_1/map.pgm: 730 X 580 map @ 0.05 m/cell
[lifecycle_manager-17] [INFO] [1790405097.336259793] [lifecycle_manager_localization]: [34m[1mConfiguring amcl[0m[0m
[amcl-9] [INFO] [1790405097.336662289] [amcl]: Configuring
[amcl-9] [INFO] [1790405097.336858657] [amcl]: initTransforms
[amcl-9] [INFO] [1790405097.344226605] [amcl]: initPubSub
[amcl-9] [INFO] [1790405097.355978412] [amcl]: Subscribed to map topic.
[lifecycle_manager-17] [INFO] [1790405097.359603320] [lifecycle_manager_localization]: [34m[1mActivating map_server[0m[0m
[map_server-8] [INFO] [1790405097.359804826] [map_server]: Activating
[map_server-8] [INFO] [1790405097.360614454] [map_server]: Creating bond (map_server) to lifecycle manager.
[amcl-9] [INFO] [1790405097.366877127] [amcl]: Received a 730 X 580 map @ 0.050 m/pix
[lifecycle_manager-17] [INFO] [1790405097.465919499] [lifecycle_manager_localization]: Server map_server connected with bond.
[lifecycle_manager-17] [INFO] [1790405097.465969335] [lifecycle_manager_localization]: [34m[1mActivating amcl[0m[0m
[amcl-9] [INFO] [1790405097.466197163] [amcl]: Activating
[amcl-9] [INFO] [1790405097.466244414] [amcl]: Creating bond (amcl) to lifecycle manager.
[amcl-9] [INFO] [1790405097.470356175] [amcl]: initialPoseReceived
[amcl-9] [INFO] [1790405097.470565186] [amcl]: Setting pose (4.972000): 0.000 -7.850 -2.978
[python3-15] [INFO] [1790405097.483178280] [school_episode_initial_pose]: Published /initialpose from episode: 0.000, -7.850, -2.978
[amcl-9] [INFO] [1790405097.517467841] [amcl]: createLaserObject
[lifecycle_manager-17] [INFO] [1790405097.571285193] [lifecycle_manager_localization]: Server amcl connected with bond.
[lifecycle_manager-17] [INFO] [1790405097.571333012] [lifecycle_manager_localization]: [34m[1mManaged nodes are active[0m[0m
[lifecycle_manager-17] [INFO] [1790405097.571340791] [lifecycle_manager_localization]: [34m[1mCreating bond timer...[0m[0m
[python3-5] [INFO] [1790405097.601225642] [school_pose_sync_monitor]: Gazebo↔RViz pose error=0.021 m (gz=0.00,-7.85; tf=-0.01,-7.87)
[python3-15] [INFO] [1790405097.739270342] [school_episode_initial_pose]: AMCL map->odom is available at scan and current simulation timestamps
[INFO] [python3-15]: process has finished cleanly [pid 23367]
[INFO] [lifecycle_manager-18]: process started with pid [23583]
[lifecycle_manager-18] [INFO] [1790405097.969885839] [lifecycle_manager_navigation]: Creating
[lifecycle_manager-18] [INFO] [1790405097.973178254] [lifecycle_manager_navigation]: [34m[1mCreating and initializing lifecycle service clients[0m[0m
[lifecycle_manager-18] [INFO] [1790405099.974067445] [lifecycle_manager_navigation]: Waiting for service planner_server/get_state...
[lifecycle_manager-18] [INFO] [1790405100.426680461] [lifecycle_manager_navigation]: [34m[1mStarting managed nodes bringup...[0m[0m
[lifecycle_manager-18] [INFO] [1790405100.426746562] [lifecycle_manager_navigation]: [34m[1mConfiguring planner_server[0m[0m
[planner_server-10] [INFO] [1790405100.427160668] [planner_server]: Configuring
[planner_server-10] [INFO] [1790405100.427200858] [global_costmap.global_costmap]: Configuring
[planner_server-10] [INFO] [1790405100.440583222] [global_costmap.global_costmap]: Using plugin "static_layer"
[planner_server-10] [INFO] [1790405100.445721698] [global_costmap.global_costmap]: Subscribing to the map topic (/map) with transient local durability
[planner_server-10] [INFO] [1790405100.448101984] [global_costmap.global_costmap]: Initialized plugin "static_layer"
[planner_server-10] [INFO] [1790405100.448189311] [global_costmap.global_costmap]: Using plugin "obstacle_layer"
[planner_server-10] [INFO] [1790405100.449240110] [global_costmap.global_costmap]: Subscribed to Topics: scan
[planner_server-10] [INFO] [1790405100.455171737] [global_costmap.global_costmap]: Initialized plugin "obstacle_layer"
[planner_server-10] [INFO] [1790405100.455222651] [global_costmap.global_costmap]: Using plugin "inflation_layer"
[planner_server-10] [INFO] [1790405100.455994661] [global_costmap.global_costmap]: Initialized plugin "inflation_layer"
[planner_server-10] [INFO] [1790405100.482438376] [global_costmap.global_costmap]: StaticLayer: Resizing costmap to 730 X 580 at 0.050000 m/pix
[planner_server-10] [INFO] [1790405100.489864593] [planner_server]: Created global planner plugin GridBased of type nav2_smac_planner::SmacPlanner2D
[planner_server-10] [INFO] [1790405100.489923476] [planner_server]: Configuring GridBased of type SmacPlanner2D
[planner_server-10] [ERROR] [1790405100.491732147] [planner_server]: Inflation layer either not found or inflation is not set sufficiently for optimized non-circular collision checking capabilities. It is HIGHLY recommended to set the inflation radius to be at MINIMUM half of the robot's largest cross-section. See github.com/ros-planning/navigation2/tree/main/nav2_smac_planner#potential-fields for full instructions. This will substantially impact run-time performance.
[planner_server-10] [INFO] [1790405100.493892765] [planner_server]: Configured plugin GridBased of type SmacPlanner2D with tolerance 0.15, maximum iterations 1000000, max on approach iterations 1000, and not allowing unknown traversal.
[planner_server-10] [INFO] [1790405100.493937122] [planner_server]: Planner Server has GridBased  planners available.
[lifecycle_manager-18] [INFO] [1790405100.508907995] [lifecycle_manager_navigation]: [34m[1mConfiguring controller_server[0m[0m
[controller_server-11] [INFO] [1790405100.509183604] [controller_server]: Configuring controller interface
[controller_server-11] [INFO] [1790405100.509209857] [controller_server]: getting progress checker plugins..
[controller_server-11] [INFO] [1790405100.509408027] [controller_server]: getting goal checker plugins..
[controller_server-11] [INFO] [1790405100.509645708] [controller_server]: Controller frequency set to 10.0000Hz
[controller_server-11] [INFO] [1790405100.509696393] [local_costmap.local_costmap]: Configuring
[controller_server-11] [INFO] [1790405100.517568677] [local_costmap.local_costmap]: Using plugin "obstacle_layer"
[controller_server-11] [INFO] [1790405100.522335231] [local_costmap.local_costmap]: Subscribed to Topics: scan
[controller_server-11] [INFO] [1790405100.526928360] [local_costmap.local_costmap]: Initialized plugin "obstacle_layer"
[controller_server-11] [INFO] [1790405100.526997055] [local_costmap.local_costmap]: Using plugin "inflation_layer"
[controller_server-11] [INFO] [1790405100.527732700] [local_costmap.local_costmap]: Initialized plugin "inflation_layer"
[controller_server-11] [INFO] [1790405100.561361485] [controller_server]: Created progress_checker : progress_checker of type nav2_controller::SimpleProgressChecker
[controller_server-11] [INFO] [1790405100.561762439] [controller_server]: Controller Server has progress_checker  progress checkers available.
[controller_server-11] [INFO] [1790405100.562242742] [controller_server]: Created goal checker : goal_checker of type nav2_controller::SimpleGoalChecker
[controller_server-11] [INFO] [1790405100.562778382] [controller_server]: Controller Server has goal_checker  goal checkers available.
[controller_server-11] [INFO] [1790405100.565889616] [controller_server]: Created controller : FollowPath of type dwb_core::DWBLocalPlanner
[controller_server-11] [INFO] [1790405100.567277666] [controller_server]: Setting transform_tolerance to 0.100000
[controller_server-11] [INFO] [1790405100.580548240] [controller_server]: Using critic "RotateToGoal" (dwb_critics::RotateToGoalCritic)
[controller_server-11] [INFO] [1790405100.581076990] [controller_server]: Critic plugin initialized
[controller_server-11] [INFO] [1790405100.581287796] [controller_server]: Using critic "Oscillation" (dwb_critics::OscillationCritic)
[controller_server-11] [INFO] [1790405100.581755452] [controller_server]: Critic plugin initialized
[controller_server-11] [INFO] [1790405100.581898014] [controller_server]: Using critic "BaseObstacle" (dwb_critics::BaseObstacleCritic)
[controller_server-11] [INFO] [1790405100.582078081] [controller_server]: Critic plugin initialized
[controller_server-11] [INFO] [1790405100.582280559] [controller_server]: Using critic "GoalAlign" (dwb_critics::GoalAlignCritic)
[controller_server-11] [INFO] [1790405100.582594045] [controller_server]: Critic plugin initialized
[controller_server-11] [INFO] [1790405100.582693350] [controller_server]: Using critic "PathAlign" (dwb_critics::PathAlignCritic)
[controller_server-11] [INFO] [1790405100.582926353] [controller_server]: Critic plugin initialized
[controller_server-11] [INFO] [1790405100.583019697] [controller_server]: Using critic "PathDist" (dwb_critics::PathDistCritic)
[controller_server-11] [INFO] [1790405100.583245975] [controller_server]: Critic plugin initialized
[controller_server-11] [INFO] [1790405100.583333926] [controller_server]: Using critic "GoalDist" (dwb_critics::GoalDistCritic)
[controller_server-11] [INFO] [1790405100.583478998] [controller_server]: Critic plugin initialized
[controller_server-11] [INFO] [1790405100.583492873] [controller_server]: Controller Server has FollowPath  controllers available.
[lifecycle_manager-18] [INFO] [1790405100.593536707] [lifecycle_manager_navigation]: [34m[1mConfiguring bt_navigator[0m[0m
[bt_navigator-12] [INFO] [1790405100.593820630] [bt_navigator]: Configuring
[bt_navigator-12] [INFO] [1790405100.602376520] [bt_navigator]: Creating navigator id navigate_to_pose of type nav2_bt_navigator::NavigateToPoseNavigator
[bt_navigator-12] [WARN] [1790405100.606942848] [bt_navigator]: Error_code parameters were not set. Using default values of: follow_path_error_code compute_path_error_code
[bt_navigator-12] Make sure these match your BT and there are not other sources of error codes youreported to your application
[bt_navigator-12] [INFO] [1790405100.666347549] [bt_navigator]: Creating navigator id navigate_through_poses of type nav2_bt_navigator::NavigateThroughPosesNavigator
[lifecycle_manager-18] [INFO] [1790405100.695570350] [lifecycle_manager_navigation]: [34m[1mConfiguring behavior_server[0m[0m
[behavior_server-13] [INFO] [1790405100.695876015] [behavior_server]: Configuring
[behavior_server-13] [INFO] [1790405100.700668866] [behavior_server]: Creating behavior plugin spin of type nav2_behaviors::Spin
[behavior_server-13] [INFO] [1790405100.701918438] [behavior_server]: Creating behavior plugin backup of type nav2_behaviors::BackUp
[behavior_server-13] [INFO] [1790405100.703232831] [behavior_server]: Creating behavior plugin wait of type nav2_behaviors::Wait
[behavior_server-13] [INFO] [1790405100.712322172] [behavior_server]: Configuring spin
[behavior_server-13] [INFO] [1790405100.722166878] [behavior_server]: Configuring backup
[behavior_server-13] [INFO] [1790405100.728533733] [behavior_server]: Configuring wait
[lifecycle_manager-18] [INFO] [1790405100.738278299] [lifecycle_manager_navigation]: [34m[1mConfiguring waypoint_follower[0m[0m
[waypoint_follower-14] [INFO] [1790405100.738517871] [waypoint_follower]: Configuring
[waypoint_follower-14] [INFO] [1790405100.767953828] [waypoint_follower]: Created waypoint_task_executor : wait_at_waypoint of type nav2_waypoint_follower::WaitAtWaypoint
[waypoint_follower-14] [INFO] [1790405100.768428083] [waypoint_follower]: Waypoint pause duration is set to zero, disabling task executor plugin.
[lifecycle_manager-18] [INFO] [1790405100.769273711] [lifecycle_manager_navigation]: [34m[1mActivating planner_server[0m[0m
[planner_server-10] [INFO] [1790405100.769678077] [planner_server]: Activating
[planner_server-10] [INFO] [1790405100.769759074] [global_costmap.global_costmap]: Activating
[planner_server-10] [INFO] [1790405100.769777111] [global_costmap.global_costmap]: Checking transform
[planner_server-10] [INFO] [1790405100.769941384] [global_costmap.global_costmap]: start
[planner_server-10] [INFO] [1790405101.322074163] [planner_server]: Activating plugin GridBased of type SmacPlanner2D
[planner_server-10] [INFO] [1790405101.324286732] [planner_server]: Creating bond (planner_server) to lifecycle manager.
[lifecycle_manager-18] [INFO] [1790405101.430607341] [lifecycle_manager_navigation]: Server planner_server connected with bond.
[lifecycle_manager-18] [INFO] [1790405101.430665256] [lifecycle_manager_navigation]: [34m[1mActivating controller_server[0m[0m
[controller_server-11] [INFO] [1790405101.431209176] [controller_server]: Activating
[controller_server-11] [INFO] [1790405101.431293930] [local_costmap.local_costmap]: Activating
[controller_server-11] [INFO] [1790405101.431320040] [local_costmap.local_costmap]: Checking transform
[controller_server-11] [INFO] [1790405101.431760745] [local_costmap.local_costmap]: start
[controller_server-11] [INFO] [1790405101.633633152] [controller_server]: Creating bond (controller_server) to lifecycle manager.
[lifecycle_manager-18] [INFO] [1790405101.740349488] [lifecycle_manager_navigation]: Server controller_server connected with bond.
[lifecycle_manager-18] [INFO] [1790405101.740389408] [lifecycle_manager_navigation]: [34m[1mActivating bt_navigator[0m[0m
[bt_navigator-12] [INFO] [1790405101.740667410] [bt_navigator]: Activating
[bt_navigator-12] [INFO] [1790405101.818708028] [bt_navigator]: Creating bond (bt_navigator) to lifecycle manager.
[lifecycle_manager-18] [INFO] [1790405101.924697710] [lifecycle_manager_navigation]: Server bt_navigator connected with bond.
[lifecycle_manager-18] [INFO] [1790405101.924745737] [lifecycle_manager_navigation]: [34m[1mActivating behavior_server[0m[0m
[behavior_server-13] [INFO] [1790405101.925108821] [behavior_server]: Activating
[behavior_server-13] [INFO] [1790405101.925142622] [behavior_server]: Activating spin
[behavior_server-13] [INFO] [1790405101.925167208] [behavior_server]: Activating backup
[behavior_server-13] [INFO] [1790405101.925189154] [behavior_server]: Activating wait
[behavior_server-13] [INFO] [1790405101.925204435] [behavior_server]: Creating bond (behavior_server) to lifecycle manager.
[lifecycle_manager-18] [INFO] [1790405102.031604883] [lifecycle_manager_navigation]: Server behavior_server connected with bond.
[lifecycle_manager-18] [INFO] [1790405102.031654316] [lifecycle_manager_navigation]: [34m[1mActivating waypoint_follower[0m[0m
[waypoint_follower-14] [INFO] [1790405102.032142086] [waypoint_follower]: Activating
[waypoint_follower-14] [INFO] [1790405102.032207662] [waypoint_follower]: Creating bond (waypoint_follower) to lifecycle manager.
[lifecycle_manager-18] [INFO] [1790405102.139398847] [lifecycle_manager_navigation]: Server waypoint_follower connected with bond.
[lifecycle_manager-18] [INFO] [1790405102.139451519] [lifecycle_manager_navigation]: [34m[1mManaged nodes are active[0m[0m
[lifecycle_manager-18] [INFO] [1790405102.139467335] [lifecycle_manager_navigation]: [34m[1mCreating bond timer...[0m[0m
[python3-5] [INFO] [1790405102.603642558] [school_pose_sync_monitor]: Gazebo↔RViz pose error=0.023 m (gz=0.01,-7.85; tf=-0.01,-7.87)
[python3-5] [INFO] [1790405107.611344403] [school_pose_sync_monitor]: Gazebo↔RViz pose error=0.025 m (gz=0.01,-7.85; tf=-0.01,-7.87)
[WARNING] [launch]: user interrupted with ctrl-c (SIGINT)
[bt_navigator-12] [INFO] [1790405109.266884146] [rclcpp]: signal_handler(SIGINT/SIGTERM)
[bt_navigator-12] [INFO] [1790405109.266998836] [bt_navigator]: Running Nav2 LifecycleNode rcl preshutdown (bt_navigator)
[lifecycle_manager-18] [INFO] [1790405109.266880611] [rclcpp]: signal_handler(SIGINT/SIGTERM)
[lifecycle_manager-17] [INFO] [1790405109.266886767] [rclcpp]: signal_handler(SIGINT/SIGTERM)
[lifecycle_manager-17] [INFO] [1790405109.266997949] [lifecycle_manager_localization]: Running Nav2 LifecycleManager rcl preshutdown (lifecycle_manager_localization)
[lifecycle_manager-17] [INFO] [1790405109.267043146] [lifecycle_manager_localization]: [34m[1mTerminating bond timer...[0m[0m
[behavior_server-13] [INFO] [1790405109.266878179] [rclcpp]: signal_handler(SIGINT/SIGTERM)
[behavior_server-13] [INFO] [1790405109.266998131] [behavior_server]: Running Nav2 LifecycleNode rcl preshutdown (behavior_server)
[behavior_server-13] [INFO] [1790405109.267076770] [behavior_server]: Deactivating
[waypoint_follower-14] [INFO] [1790405109.266890708] [rclcpp]: signal_handler(SIGINT/SIGTERM)
[waypoint_follower-14] [INFO] [1790405109.267034031] [waypoint_follower]: Running Nav2 LifecycleNode rcl preshutdown (waypoint_follower)
[waypoint_follower-14] [INFO] [1790405109.267096411] [waypoint_follower]: Deactivating
[amcl-9] [INFO] [1790405109.266878103] [rclcpp]: signal_handler(SIGINT/SIGTERM)
[amcl-9] [INFO] [1790405109.267021046] [amcl]: Running Nav2 LifecycleNode rcl preshutdown (amcl)
[amcl-9] [INFO] [1790405109.267092785] [amcl]: Deactivating
[INFO] [lifecycle_manager-18]: sending signal 'SIGINT' to process[lifecycle_manager-18]
[INFO] [lifecycle_manager-17]: sending signal 'SIGINT' to process[lifecycle_manager-17]
[INFO] [goal_pose_bridge.py-16]: sending signal 'SIGINT' to process[goal_pose_bridge.py-16]
[INFO] [waypoint_follower-14]: sending signal 'SIGINT' to process[waypoint_follower-14]
[INFO] [behavior_server-13]: sending signal 'SIGINT' to process[behavior_server-13]
[INFO] [bt_navigator-12]: sending signal 'SIGINT' to process[bt_navigator-12]
[INFO] [controller_server-11]: sending signal 'SIGINT' to process[controller_server-11]
[ERROR] [waypoint_follower-14]: process has died [pid 23366, exit code -2, cmd '/opt/ros/jazzy/lib/nav2_waypoint_follower/waypoint_follower --ros-args -r __node:=waypoint_follower --params-file /home/haduckien/nav_ws/src/custom_corridor/worlds/school_arena/demo_1/scenario_generator/generated/ep_000001/nav2_school.yaml'].
[INFO] [planner_server-10]: sending signal 'SIGINT' to process[planner_server-10]
[INFO] [amcl-9]: sending signal 'SIGINT' to process[amcl-9]
[ERROR] [goal_pose_bridge.py-16]: process has died [pid 23368, exit code -2, cmd '/home/haduckien/nav_ws/install/custom_corridor/lib/custom_corridor/goal_pose_bridge.py --ros-args -r __node:=goal_pose_bridge --params-file /tmp/launch_params_fi6jq6jv'].
[INFO] [map_server-8]: sending signal 'SIGINT' to process[map_server-8]
[INFO] [python3-5]: sending signal 'SIGINT' to process[python3-5]
[INFO] [python3-4]: sending signal 'SIGINT' to process[python3-4]
[INFO] [robot_state_publisher-3]: sending signal 'SIGINT' to process[robot_state_publisher-3]
[ERROR] [amcl-9]: process has died [pid 23361, exit code -2, cmd '/opt/ros/jazzy/lib/nav2_amcl/amcl --ros-args -r __node:=amcl --params-file /home/haduckien/nav_ws/src/custom_corridor/worlds/school_arena/demo_1/scenario_generator/generated/ep_000001/nav2_school.yaml --params-file /tmp/launch_params_ostiaum5'].
[ERROR] [map_server-8]: process has died [pid 23360, exit code -2, cmd '/opt/ros/jazzy/lib/nav2_map_server/map_server --ros-args -r __node:=map_server --params-file /home/haduckien/nav_ws/src/custom_corridor/worlds/school_arena/demo_1/scenario_generator/generated/ep_000001/nav2_school.yaml --params-file /tmp/launch_params_bo17auob'].
[INFO] [parameter_bridge-2]: sending signal 'SIGINT' to process[parameter_bridge-2]
[INFO] [gz-1]: sending signal 'SIGINT' to process[gz-1]
[bt_navigator-12] [INFO] [1790405109.267075946] [bt_navigator]: Deactivating
[bt_navigator-12] [INFO] [1790405109.267102779] [bt_navigator]: Destroying bond (bt_navigator) to lifecycle manager.
[bt_navigator-12] [INFO] [1790405109.277619524] [bt_navigator]: Cleaning up
[ERROR] [robot_state_publisher-3]: process has died [pid 23136, exit code -2, cmd '/opt/ros/jazzy/lib/robot_state_publisher/robot_state_publisher --ros-args --params-file /tmp/launch_params_cingiz19'].
[ERROR] [python3-5]: process has died [pid 23138, exit code -2, cmd 'python3 /home/haduckien/nav_ws/src/custom_corridor/worlds/school_arena/demo_1/pose_sync_monitor.py --ros-args -p use_sim_time:=true -p robot_name:=robot -p world_frame:=map -p initial_x:=0.0 -p initial_y:=-7.85'].
[lifecycle_manager-18] [INFO] [1790405109.267398954] [lifecycle_manager_navigation]: Running Nav2 LifecycleManager rcl preshutdown (lifecycle_manager_navigation)
[lifecycle_manager-18] [INFO] [1790405109.267445886] [lifecycle_manager_navigation]: [34m[1mTerminating bond timer...[0m[0m
[ERROR] [python3-4]: process has died [pid 23137, exit code -2, cmd 'python3 /home/haduckien/nav_ws/src/custom_corridor/worlds/school_arena/demo_1/collision_safe_pose_applier.py --ros-args -p use_sim_time:=true -p world_name:=school_arena -p target_topic:=/school_hunav/target_poses -p map_yaml:=/home/haduckien/nav_ws/src/custom_corridor/worlds/school_arena/demo_1/map.yaml -p agent_radius:=0.22 -p apply_hz:=20.0 -p ground_z:=0.0'].
[behavior_server-13] [INFO] [1790405109.267111491] [behavior_server]: Destroying bond (behavior_server) to lifecycle manager.
[behavior_server-13] [INFO] [1790405109.277500614] [behavior_server]: Cleaning up
[behavior_server-13] [INFO] [1790405109.285438381] [behavior_server]: Destroying bond (behavior_server) to lifecycle manager.
[waypoint_follower-14] [INFO] [1790405109.267128849] [waypoint_follower]: Destroying bond (waypoint_follower) to lifecycle manager.
[waypoint_follower-14] [INFO] [1790405109.277941456] [waypoint_follower]: Cleaning up
[waypoint_follower-14] [INFO] [1790405109.289217411] [waypoint_follower]: Destroying bond (waypoint_follower) to lifecycle manager.
[amcl-9] [INFO] [1790405109.267122138] [amcl]: Destroying bond (amcl) to lifecycle manager.
[amcl-9] [INFO] [1790405109.277500757] [amcl]: Cleaning up
[amcl-9] [INFO] [1790405109.288716510] [amcl]: Destroying bond (amcl) to lifecycle manager.
[planner_server-10] [INFO] [1790405109.267176942] [rclcpp]: signal_handler(SIGINT/SIGTERM)
[planner_server-10] [INFO] [1790405109.267269338] [planner_server]: Running Nav2 LifecycleNode rcl preshutdown (planner_server)
[planner_server-10] [INFO] [1790405109.267323632] [planner_server]: Deactivating
[planner_server-10] [INFO] [1790405109.267353837] [global_costmap.global_costmap]: Deactivating
[planner_server-10] [INFO] [1790405109.270206856] [planner_server]: Deactivating plugin GridBased of type SmacPlanner2D
[planner_server-10] [INFO] [1790405109.270272490] [planner_server]: Destroying bond (planner_server) to lifecycle manager.
[planner_server-10] [INFO] [1790405109.280821260] [planner_server]: Cleaning up
[controller_server-11] [INFO] [1790405109.267366931] [rclcpp]: signal_handler(SIGINT/SIGTERM)
[controller_server-11] [INFO] [1790405109.267441852] [controller_server]: Running Nav2 LifecycleNode rcl preshutdown (controller_server)
[controller_server-11] [INFO] [1790405109.267489627] [controller_server]: Deactivating
[controller_server-11] [INFO] [1790405109.267523358] [local_costmap.local_costmap]: Deactivating
[parameter_bridge-2] [INFO] [1790405109.267384953] [rclcpp]: signal_handler(SIGINT/SIGTERM)
[map_server-8] [INFO] [1790405109.267791620] [rclcpp]: signal_handler(SIGINT/SIGTERM)
[map_server-8] [INFO] [1790405109.267921390] [map_server]: Running Nav2 LifecycleNode rcl preshutdown (map_server)
[map_server-8] [INFO] [1790405109.267991273] [map_server]: Deactivating
[map_server-8] [INFO] [1790405109.268006101] [map_server]: Destroying bond (map_server) to lifecycle manager.
[map_server-8] [INFO] [1790405109.278423599] [map_server]: Cleaning up
[map_server-8] [INFO] [1790405109.278489179] [map_server]: Destroying bond (map_server) to lifecycle manager.
[map_server-8] [INFO] [1790405109.296187028] [map_server]: Destroying
[robot_state_publisher-3] [INFO] [1790405109.271412023] [rclcpp]: signal_handler(SIGINT/SIGTERM)
[lifecycle_manager-17] [INFO] [1790405109.304843456] [rclcpp]: signal_handler(SIGINT/SIGTERM)
[amcl-9] [INFO] [1790405109.306053111] [amcl]: Destroying
[planner_server-10] [INFO] [1790405109.306309843] [global_costmap.global_costmap]: Cleaning up
[lifecycle_manager-17] [INFO] [1790405109.307657944] [lifecycle_manager_localization]: Destroying lifecycle_manager_localization
[waypoint_follower-14] [INFO] [1790405109.311521932] [waypoint_follower]: Destroying
[behavior_server-13] [INFO] [1790405109.314057617] [rclcpp]: signal_handler(SIGINT/SIGTERM)
[planner_server-10] [INFO] [1790405109.317206216] [planner_server]: Cleaning up plugin GridBased of type SmacPlanner2D
[planner_server-10] [INFO] [1790405109.317832539] [planner_server]: Destroying plugin GridBased of type SmacPlanner2D
[behavior_server-13] [INFO] [1790405109.333620785] [behavior_server]: Destroying
[planner_server-10] [INFO] [1790405109.341486325] [planner_server]: Destroying bond (planner_server) to lifecycle manager.
[planner_server-10] [INFO] [1790405109.342522084] [rclcpp]: signal_handler(SIGINT/SIGTERM)
[planner_server-10] [INFO] [1790405109.344194243] [global_costmap.global_costmap]: Destroying
[parameter_bridge-2] [INFO] [1790405109.344673444] [rclcpp]: signal_handler(SIGINT/SIGTERM)
[planner_server-10] [INFO] [1790405109.352832751] [planner_server]: Destroying
[lifecycle_manager-18] [INFO] [1790405109.361696649] [rclcpp]: signal_handler(SIGINT/SIGTERM)
[lifecycle_manager-18] [INFO] [1790405109.363298537] [lifecycle_manager_navigation]: Destroying lifecycle_manager_navigation
[bt_navigator-12] [INFO] [1790405109.370820919] [bt_navigator]: Completed Cleaning up
[bt_navigator-12] [INFO] [1790405109.370925230] [bt_navigator]: Destroying bond (bt_navigator) to lifecycle manager.
[bt_navigator-12] [INFO] [1790405109.371340337] [rclcpp]: signal_handler(SIGINT/SIGTERM)
[bt_navigator-12] [INFO] [1790405109.376895103] [bt_navigator]: Destroying
[INFO] [parameter_bridge-2]: process has finished cleanly [pid 23135]
[controller_server-11] [INFO] [1790405109.432174215] [controller_server]: Destroying bond (controller_server) to lifecycle manager.
[INFO] [lifecycle_manager-17]: process has finished cleanly [pid 23521]
[controller_server-11] [INFO] [1790405109.442380883] [controller_server]: Cleaning up
[controller_server-11] [INFO] [1790405109.442485819] [local_costmap.local_costmap]: Cleaning up
[controller_server-11] [INFO] [1790405109.451067431] [controller_server]: Destroying bond (controller_server) to lifecycle manager.
[controller_server-11] [INFO] [1790405109.454105795] [rclcpp]: signal_handler(SIGINT/SIGTERM)
[INFO] [behavior_server-13]: process has finished cleanly [pid 23365]
[controller_server-11] [INFO] [1790405109.457789895] [local_costmap.local_costmap]: Destroying
[controller_server-11] [INFO] [1790405109.462571739] [controller_server]: Destroying
[INFO] [planner_server-10]: process has finished cleanly [pid 23362]
[INFO] [lifecycle_manager-18]: process has finished cleanly [pid 23583]
[INFO] [bt_navigator-12]: process has finished cleanly [pid 23364]
[INFO] [controller_server-11]: process has finished cleanly [pid 23363]
[INFO] [gz-1]: process has finished cleanly [pid 23134]
[INFO] [launch]: All log files can be found below /home/haduckien/.ros/log/2026-09-26-13-45-40-399941-Raccoon2005-24161
[INFO] [launch]: Default logging verbosity is set to INFO
[INFO] [gz-1]: process started with pid [24185]
[INFO] [parameter_bridge-2]: process started with pid [24186]
[INFO] [robot_state_publisher-3]: process started with pid [24187]
[INFO] [python3-4]: process started with pid [24188]
[INFO] [python3-5]: process started with pid [24189]
[robot_state_publisher-3] [INFO] [1790405140.494476617] [robot_state_publisher]: Robot initialized
[python3-4] [INFO] [1790405140.823532573] [school_collision_safe_pose_applier]: Wall guard active: map=/home/haduckien/nav_ws/src/custom_corridor/worlds/school_arena/demo_1/map.yaml, radius=0.22 m, topic=/school_hunav/target_poses
[python3-5] [INFO] [1790405140.850710041] [school_pose_sync_monitor]: Gazebo/RViz sync monitor active: orange pose=/demo/gazebo_robot_pose
[parameter_bridge-2] [INFO] [1790405141.512998541] [ros_gz_bridge]: Creating GZ->ROS Bridge: [/clock (gz.msgs.Clock) -> /clock (rosgraph_msgs/msg/Clock)] (Lazy 0)
[parameter_bridge-2] [INFO] [1790405141.514061536] [ros_gz_bridge]: Creating GZ->ROS Bridge: [/joint_states (gz.msgs.Model) -> /joint_states (sensor_msgs/msg/JointState)] (Lazy 0)
[parameter_bridge-2] [INFO] [1790405141.516913394] [ros_gz_bridge]: Creating GZ->ROS Bridge: [/odom (gz.msgs.Odometry) -> /odom (nav_msgs/msg/Odometry)] (Lazy 0)
[parameter_bridge-2] [INFO] [1790405141.518090816] [ros_gz_bridge]: Creating GZ->ROS Bridge: [/tf (gz.msgs.Pose_V) -> /tf (tf2_msgs/msg/TFMessage)] (Lazy 0)
[parameter_bridge-2] [INFO] [1790405141.519195610] [ros_gz_bridge]: Creating GZ->ROS Bridge: [/scan (gz.msgs.LaserScan) -> /scan (sensor_msgs/msg/LaserScan)] (Lazy 0)
[parameter_bridge-2] [INFO] [1790405141.519659881] [ros_gz_bridge]: Creating ROS->GZ Bridge: [/cmd_vel (geometry_msgs/msg/Twist) -> /cmd_vel (gz.msgs.Twist)] (Lazy 0)
[parameter_bridge-2] [INFO] [1790405141.520494393] [ros_gz_bridge]: Creating GZ->ROS Bridge: [/world/school_arena/dynamic_pose/info (gz.msgs.Pose_V) -> /world/school_arena/dynamic_pose/info (tf2_msgs/msg/TFMessage)] (Lazy 0)
[parameter_bridge-2] [INFO] [1790405141.520863356] [ros_gz_bridge]: Creating ROS->GZ service bridge [/world/school_arena/set_pose (ros_gz_interfaces/srv/SetEntityPose -> gz.msgs.Pose/gz.msgs.Boolean)]
[parameter_bridge-2] [INFO] [1790405141.521680570] [ros_gz_bridge]: Creating ROS->GZ service bridge [/world/school_arena/control (ros_gz_interfaces/srv/ControlWorld -> gz.msgs.WorldControl/gz.msgs.Boolean)]
[parameter_bridge-2] [INFO] [1790405141.521952207] [ros_gz_bridge]: Creating GZ->ROS Bridge: [/robot/camera/image_raw (gz.msgs.Image) -> /robot/camera/image_raw (sensor_msgs/msg/Image)] (Lazy 0)
[INFO] [create-6]: process started with pid [24298]
[create-6] [INFO] [1790405143.714202927] [ros_gz_sim]: Entity creation successful.
[gz-1] [1;33mWarning [Utils.cc:132][0m [/sdf/model[@name="turtlebot3_burger_camera"]/link[@name="base_scan"]/sensor[@name="hls_lfcd_lds"]/gz_frame_id:/home/haduckien/nav_ws/src/custom_corridor/worlds/school_arena/demo_1/demo_robot.sdf:L153]: XML Element[gz_frame_id], child of element[sensor], not defined in SDF. Copying[gz_frame_id] as children of [sensor].
[INFO] [create-6]: process has finished cleanly [pid 24298]
[INFO] [python3-7]: process started with pid [24324]
[python3-7] [INFO] [1790405144.354129859] [school_wait_for_robot_tf]: Robot odom/TF and simulation clock ready
[INFO] [python3-7]: process has finished cleanly [pid 24324]
[INFO] [map_server-8]: process started with pid [24404]
[INFO] [amcl-9]: process started with pid [24405]
[INFO] [planner_server-10]: process started with pid [24406]
[INFO] [controller_server-11]: process started with pid [24407]
[INFO] [bt_navigator-12]: process started with pid [24408]
[INFO] [behavior_server-13]: process started with pid [24409]
[INFO] [waypoint_follower-14]: process started with pid [24410]
[INFO] [python3-15]: process started with pid [24411]
[INFO] [goal_pose_bridge.py-16]: process started with pid [24414]
[amcl-9] [INFO] [1790405144.570886174] [amcl]: 
[amcl-9] 	amcl lifecycle node launched. 
[amcl-9] 	Waiting on external lifecycle transitions to activate
[amcl-9] 	See https://design.ros2.org/articles/node_lifecycle.html for more information.
[amcl-9] [INFO] [1790405144.571318480] [amcl]: Creating
[planner_server-10] [INFO] [1790405144.572957783] [planner_server]: 
[planner_server-10] 	planner_server lifecycle node launched. 
[planner_server-10] 	Waiting on external lifecycle transitions to activate
[planner_server-10] 	See https://design.ros2.org/articles/node_lifecycle.html for more information.
[planner_server-10] [INFO] [1790405144.575271498] [planner_server]: Creating
[bt_navigator-12] [INFO] [1790405144.590312188] [bt_navigator]: 
[bt_navigator-12] 	bt_navigator lifecycle node launched. 
[bt_navigator-12] 	Waiting on external lifecycle transitions to activate
[bt_navigator-12] 	See https://design.ros2.org/articles/node_lifecycle.html for more information.
[bt_navigator-12] [INFO] [1790405144.591801031] [bt_navigator]: Creating
[planner_server-10] [INFO] [1790405144.594758492] [global_costmap.global_costmap]: 
[planner_server-10] 	global_costmap lifecycle node launched. 
[planner_server-10] 	Waiting on external lifecycle transitions to activate
[planner_server-10] 	See https://design.ros2.org/articles/node_lifecycle.html for more information.
[planner_server-10] [INFO] [1790405144.595353456] [global_costmap.global_costmap]: Creating Costmap
[map_server-8] [INFO] [1790405144.598037373] [map_server]: 
[map_server-8] 	map_server lifecycle node launched. 
[map_server-8] 	Waiting on external lifecycle transitions to activate
[map_server-8] 	See https://design.ros2.org/articles/node_lifecycle.html for more information.
[map_server-8] [INFO] [1790405144.598137311] [map_server]: Creating
[controller_server-11] [INFO] [1790405144.608712297] [controller_server]: 
[controller_server-11] 	controller_server lifecycle node launched. 
[controller_server-11] 	Waiting on external lifecycle transitions to activate
[controller_server-11] 	See https://design.ros2.org/articles/node_lifecycle.html for more information.
[behavior_server-13] [INFO] [1790405144.611071099] [behavior_server]: 
[behavior_server-13] 	behavior_server lifecycle node launched. 
[behavior_server-13] 	Waiting on external lifecycle transitions to activate
[behavior_server-13] 	See https://design.ros2.org/articles/node_lifecycle.html for more information.
[controller_server-11] [INFO] [1790405144.612382086] [controller_server]: Creating controller server
[waypoint_follower-14] [INFO] [1790405144.614342226] [waypoint_follower]: 
[waypoint_follower-14] 	waypoint_follower lifecycle node launched. 
[waypoint_follower-14] 	Waiting on external lifecycle transitions to activate
[waypoint_follower-14] 	See https://design.ros2.org/articles/node_lifecycle.html for more information.
[waypoint_follower-14] [INFO] [1790405144.614870232] [waypoint_follower]: Creating
[controller_server-11] [INFO] [1790405144.619291339] [local_costmap.local_costmap]: 
[controller_server-11] 	local_costmap lifecycle node launched. 
[controller_server-11] 	Waiting on external lifecycle transitions to activate
[controller_server-11] 	See https://design.ros2.org/articles/node_lifecycle.html for more information.
[controller_server-11] [INFO] [1790405144.619747930] [local_costmap.local_costmap]: Creating Costmap
[goal_pose_bridge.py-16] [INFO] [1790405145.254775580] [goal_pose_bridge]: GoalPoseBridge started: listening on /goal_pose -> forwarding to /navigate_to_pose
[INFO] [lifecycle_manager-17]: process started with pid [24558]
[lifecycle_manager-17] [INFO] [1790405146.577817626] [lifecycle_manager_localization]: Creating
[lifecycle_manager-17] [INFO] [1790405146.580724073] [lifecycle_manager_localization]: [34m[1mCreating and initializing lifecycle service clients[0m[0m
[lifecycle_manager-17] [INFO] [1790405146.796320238] [lifecycle_manager_localization]: [34m[1mStarting managed nodes bringup...[0m[0m
[lifecycle_manager-17] [INFO] [1790405146.796366982] [lifecycle_manager_localization]: [34m[1mConfiguring map_server[0m[0m
[map_server-8] [INFO] [1790405146.796672900] [map_server]: Configuring
[map_server-8] [INFO] [1790405146.796731998] [map_io]: Loading yaml file: /home/haduckien/nav_ws/src/custom_corridor/worlds/school_arena/demo_1/map.yaml
[map_server-8] [INFO] [1790405146.796918435] [map_io]: resolution: 0.05
[map_server-8] [INFO] [1790405146.796923986] [map_io]: origin[0]: -16
[map_server-8] [INFO] [1790405146.796927436] [map_io]: origin[1]: -14
[map_server-8] [INFO] [1790405146.796929301] [map_io]: origin[2]: 0
[map_server-8] [INFO] [1790405146.796931522] [map_io]: free_thresh: 0.25
[map_server-8] [INFO] [1790405146.796934450] [map_io]: occupied_thresh: 0.65
[map_server-8] [INFO] [1790405146.796938608] [map_io]: mode: trinary
[map_server-8] [INFO] [1790405146.796941423] [map_io]: negate: 0
[map_server-8] [INFO] [1790405146.797064429] [map_io]: Loading image_file: /home/haduckien/nav_ws/src/custom_corridor/worlds/school_arena/demo_1/map.pgm
[map_server-8] [INFO] [1790405146.803945758] [map_io]: Read map /home/haduckien/nav_ws/src/custom_corridor/worlds/school_arena/demo_1/map.pgm: 730 X 580 map @ 0.05 m/cell
[lifecycle_manager-17] [INFO] [1790405146.812046208] [lifecycle_manager_localization]: [34m[1mConfiguring amcl[0m[0m
[amcl-9] [INFO] [1790405146.812255662] [amcl]: Configuring
[amcl-9] [INFO] [1790405146.812325018] [amcl]: initTransforms
[amcl-9] [INFO] [1790405146.821709967] [amcl]: initPubSub
[amcl-9] [INFO] [1790405146.831828649] [amcl]: Subscribed to map topic.
[lifecycle_manager-17] [INFO] [1790405146.838156465] [lifecycle_manager_localization]: [34m[1mActivating map_server[0m[0m
[map_server-8] [INFO] [1790405146.838417264] [map_server]: Activating
[map_server-8] [INFO] [1790405146.839435468] [map_server]: Creating bond (map_server) to lifecycle manager.
[amcl-9] [INFO] [1790405146.850219160] [amcl]: Received a 730 X 580 map @ 0.050 m/pix
[lifecycle_manager-17] [INFO] [1790405146.944282227] [lifecycle_manager_localization]: Server map_server connected with bond.
[lifecycle_manager-17] [INFO] [1790405146.944340417] [lifecycle_manager_localization]: [34m[1mActivating amcl[0m[0m
[amcl-9] [INFO] [1790405146.944538383] [amcl]: Activating
[amcl-9] [INFO] [1790405146.944570967] [amcl]: Creating bond (amcl) to lifecycle manager.
[amcl-9] [INFO] [1790405146.947578320] [amcl]: initialPoseReceived
[amcl-9] [INFO] [1790405146.947752014] [amcl]: Setting pose (3.696000): 0.000 -7.850 -2.978
[python3-15] [INFO] [1790405146.970012939] [school_episode_initial_pose]: Published /initialpose from episode: 0.000, -7.850, -2.978
[lifecycle_manager-17] [INFO] [1790405147.048874970] [lifecycle_manager_localization]: Server amcl connected with bond.
[lifecycle_manager-17] [INFO] [1790405147.048910015] [lifecycle_manager_localization]: [34m[1mManaged nodes are active[0m[0m
[lifecycle_manager-17] [INFO] [1790405147.048915064] [lifecycle_manager_localization]: [34m[1mCreating bond timer...[0m[0m
[amcl-9] [INFO] [1790405147.069095324] [amcl]: createLaserObject
[python3-5] [INFO] [1790405147.182601749] [school_pose_sync_monitor]: Gazebo↔RViz pose error=0.022 m (gz=0.00,-7.85; tf=0.00,-7.87)
[python3-15] [INFO] [1790405147.292025509] [school_episode_initial_pose]: AMCL map->odom is available at scan and current simulation timestamps
[INFO] [python3-15]: process has finished cleanly [pid 24411]
[INFO] [lifecycle_manager-18]: process started with pid [24590]
[lifecycle_manager-18] [INFO] [1790405147.542268892] [lifecycle_manager_navigation]: Creating
[lifecycle_manager-18] [INFO] [1790405147.544661362] [lifecycle_manager_navigation]: [34m[1mCreating and initializing lifecycle service clients[0m[0m
[lifecycle_manager-18] [INFO] [1790405148.341946978] [lifecycle_manager_navigation]: [34m[1mStarting managed nodes bringup...[0m[0m
[lifecycle_manager-18] [INFO] [1790405148.342000602] [lifecycle_manager_navigation]: [34m[1mConfiguring planner_server[0m[0m
[planner_server-10] [INFO] [1790405148.342358073] [planner_server]: Configuring
[planner_server-10] [INFO] [1790405148.342386159] [global_costmap.global_costmap]: Configuring
[planner_server-10] [INFO] [1790405148.352435267] [global_costmap.global_costmap]: Using plugin "static_layer"
[planner_server-10] [INFO] [1790405148.356377757] [global_costmap.global_costmap]: Subscribing to the map topic (/map) with transient local durability
[planner_server-10] [INFO] [1790405148.357978981] [global_costmap.global_costmap]: Initialized plugin "static_layer"
[planner_server-10] [INFO] [1790405148.358005498] [global_costmap.global_costmap]: Using plugin "obstacle_layer"
[planner_server-10] [INFO] [1790405148.358794224] [global_costmap.global_costmap]: Subscribed to Topics: scan
[planner_server-10] [INFO] [1790405148.364083166] [global_costmap.global_costmap]: Initialized plugin "obstacle_layer"
[planner_server-10] [INFO] [1790405148.364163027] [global_costmap.global_costmap]: Using plugin "inflation_layer"
[planner_server-10] [INFO] [1790405148.365120592] [global_costmap.global_costmap]: Initialized plugin "inflation_layer"
[planner_server-10] [INFO] [1790405148.396374793] [global_costmap.global_costmap]: StaticLayer: Resizing costmap to 730 X 580 at 0.050000 m/pix
[planner_server-10] [INFO] [1790405148.402855374] [planner_server]: Created global planner plugin GridBased of type nav2_smac_planner::SmacPlanner2D
[planner_server-10] [INFO] [1790405148.402917365] [planner_server]: Configuring GridBased of type SmacPlanner2D
[planner_server-10] [ERROR] [1790405148.404495702] [planner_server]: Inflation layer either not found or inflation is not set sufficiently for optimized non-circular collision checking capabilities. It is HIGHLY recommended to set the inflation radius to be at MINIMUM half of the robot's largest cross-section. See github.com/ros-planning/navigation2/tree/main/nav2_smac_planner#potential-fields for full instructions. This will substantially impact run-time performance.
[planner_server-10] [INFO] [1790405148.407112325] [planner_server]: Configured plugin GridBased of type SmacPlanner2D with tolerance 0.15, maximum iterations 1000000, max on approach iterations 1000, and not allowing unknown traversal.
[planner_server-10] [INFO] [1790405148.407194439] [planner_server]: Planner Server has GridBased  planners available.
[lifecycle_manager-18] [INFO] [1790405148.425342617] [lifecycle_manager_navigation]: [34m[1mConfiguring controller_server[0m[0m
[controller_server-11] [INFO] [1790405148.425546765] [controller_server]: Configuring controller interface
[controller_server-11] [INFO] [1790405148.425565741] [controller_server]: getting progress checker plugins..
[controller_server-11] [INFO] [1790405148.425729479] [controller_server]: getting goal checker plugins..
[controller_server-11] [INFO] [1790405148.425921592] [controller_server]: Controller frequency set to 10.0000Hz
[controller_server-11] [INFO] [1790405148.425957222] [local_costmap.local_costmap]: Configuring
[controller_server-11] [INFO] [1790405148.433539841] [local_costmap.local_costmap]: Using plugin "obstacle_layer"
[controller_server-11] [INFO] [1790405148.438402337] [local_costmap.local_costmap]: Subscribed to Topics: scan
[controller_server-11] [INFO] [1790405148.442196829] [local_costmap.local_costmap]: Initialized plugin "obstacle_layer"
[controller_server-11] [INFO] [1790405148.442228137] [local_costmap.local_costmap]: Using plugin "inflation_layer"
[controller_server-11] [INFO] [1790405148.442729983] [local_costmap.local_costmap]: Initialized plugin "inflation_layer"
[controller_server-11] [INFO] [1790405148.469044073] [controller_server]: Created progress_checker : progress_checker of type nav2_controller::SimpleProgressChecker
[controller_server-11] [INFO] [1790405148.470387997] [controller_server]: Controller Server has progress_checker  progress checkers available.
[controller_server-11] [INFO] [1790405148.471702244] [controller_server]: Created goal checker : goal_checker of type nav2_controller::SimpleGoalChecker
[controller_server-11] [INFO] [1790405148.472786302] [controller_server]: Controller Server has goal_checker  goal checkers available.
[controller_server-11] [INFO] [1790405148.476238925] [controller_server]: Created controller : FollowPath of type dwb_core::DWBLocalPlanner
[controller_server-11] [INFO] [1790405148.477640951] [controller_server]: Setting transform_tolerance to 0.100000
[controller_server-11] [INFO] [1790405148.490210382] [controller_server]: Using critic "RotateToGoal" (dwb_critics::RotateToGoalCritic)
[controller_server-11] [INFO] [1790405148.490784253] [controller_server]: Critic plugin initialized
[controller_server-11] [INFO] [1790405148.490951807] [controller_server]: Using critic "Oscillation" (dwb_critics::OscillationCritic)
[controller_server-11] [INFO] [1790405148.491345362] [controller_server]: Critic plugin initialized
[controller_server-11] [INFO] [1790405148.491424458] [controller_server]: Using critic "BaseObstacle" (dwb_critics::BaseObstacleCritic)
[controller_server-11] [INFO] [1790405148.491565984] [controller_server]: Critic plugin initialized
[controller_server-11] [INFO] [1790405148.491637283] [controller_server]: Using critic "GoalAlign" (dwb_critics::GoalAlignCritic)
[controller_server-11] [INFO] [1790405148.491852732] [controller_server]: Critic plugin initialized
[controller_server-11] [INFO] [1790405148.491924278] [controller_server]: Using critic "PathAlign" (dwb_critics::PathAlignCritic)
[controller_server-11] [INFO] [1790405148.492114028] [controller_server]: Critic plugin initialized
[controller_server-11] [INFO] [1790405148.492179785] [controller_server]: Using critic "PathDist" (dwb_critics::PathDistCritic)
[controller_server-11] [INFO] [1790405148.492290678] [controller_server]: Critic plugin initialized
[controller_server-11] [INFO] [1790405148.492360004] [controller_server]: Using critic "GoalDist" (dwb_critics::GoalDistCritic)
[controller_server-11] [INFO] [1790405148.492481670] [controller_server]: Critic plugin initialized
[controller_server-11] [INFO] [1790405148.492491833] [controller_server]: Controller Server has FollowPath  controllers available.
[lifecycle_manager-18] [INFO] [1790405148.501960530] [lifecycle_manager_navigation]: [34m[1mConfiguring bt_navigator[0m[0m
[bt_navigator-12] [INFO] [1790405148.502240299] [bt_navigator]: Configuring
[bt_navigator-12] [INFO] [1790405148.511414323] [bt_navigator]: Creating navigator id navigate_to_pose of type nav2_bt_navigator::NavigateToPoseNavigator
[bt_navigator-12] [WARN] [1790405148.517087544] [bt_navigator]: Error_code parameters were not set. Using default values of: follow_path_error_code compute_path_error_code
[bt_navigator-12] Make sure these match your BT and there are not other sources of error codes youreported to your application
[bt_navigator-12] [INFO] [1790405148.581437804] [bt_navigator]: Creating navigator id navigate_through_poses of type nav2_bt_navigator::NavigateThroughPosesNavigator
[lifecycle_manager-18] [INFO] [1790405148.604484708] [lifecycle_manager_navigation]: [34m[1mConfiguring behavior_server[0m[0m
[behavior_server-13] [INFO] [1790405148.604852079] [behavior_server]: Configuring
[behavior_server-13] [INFO] [1790405148.610523944] [behavior_server]: Creating behavior plugin spin of type nav2_behaviors::Spin
[behavior_server-13] [INFO] [1790405148.611892400] [behavior_server]: Creating behavior plugin backup of type nav2_behaviors::BackUp
[behavior_server-13] [INFO] [1790405148.613021616] [behavior_server]: Creating behavior plugin wait of type nav2_behaviors::Wait
[behavior_server-13] [INFO] [1790405148.625862323] [behavior_server]: Configuring spin
[behavior_server-13] [INFO] [1790405148.634912281] [behavior_server]: Configuring backup
[behavior_server-13] [INFO] [1790405148.642729740] [behavior_server]: Configuring wait
[lifecycle_manager-18] [INFO] [1790405148.648561532] [lifecycle_manager_navigation]: [34m[1mConfiguring waypoint_follower[0m[0m
[waypoint_follower-14] [INFO] [1790405148.648808954] [waypoint_follower]: Configuring
[waypoint_follower-14] [INFO] [1790405148.670857575] [waypoint_follower]: Created waypoint_task_executor : wait_at_waypoint of type nav2_waypoint_follower::WaitAtWaypoint
[waypoint_follower-14] [INFO] [1790405148.671133597] [waypoint_follower]: Waypoint pause duration is set to zero, disabling task executor plugin.
[lifecycle_manager-18] [INFO] [1790405148.671776922] [lifecycle_manager_navigation]: [34m[1mActivating planner_server[0m[0m
[planner_server-10] [INFO] [1790405148.671968605] [planner_server]: Activating
[planner_server-10] [INFO] [1790405148.671998491] [global_costmap.global_costmap]: Activating
[planner_server-10] [INFO] [1790405148.672003996] [global_costmap.global_costmap]: Checking transform
[planner_server-10] [INFO] [1790405148.672110821] [global_costmap.global_costmap]: start
[planner_server-10] [INFO] [1790405149.223800006] [planner_server]: Activating plugin GridBased of type SmacPlanner2D
[planner_server-10] [INFO] [1790405149.225193680] [planner_server]: Creating bond (planner_server) to lifecycle manager.
[lifecycle_manager-18] [INFO] [1790405149.330608237] [lifecycle_manager_navigation]: Server planner_server connected with bond.
[lifecycle_manager-18] [INFO] [1790405149.330649729] [lifecycle_manager_navigation]: [34m[1mActivating controller_server[0m[0m
[controller_server-11] [INFO] [1790405149.330888011] [controller_server]: Activating
[controller_server-11] [INFO] [1790405149.330928914] [local_costmap.local_costmap]: Activating
[controller_server-11] [INFO] [1790405149.330939907] [local_costmap.local_costmap]: Checking transform
[controller_server-11] [INFO] [1790405149.331084954] [local_costmap.local_costmap]: start
[WARNING] [launch]: user interrupted with ctrl-c (SIGINT)
[controller_server-11] [INFO] [1790405149.419364528] [rclcpp]: signal_handler(SIGINT/SIGTERM)
[controller_server-11] [INFO] [1790405149.419465624] [controller_server]: Running Nav2 LifecycleNode rcl preshutdown (controller_server)
[controller_server-11] [INFO] [1790405149.419505858] [controller_server]: Destroying bond (controller_server) to lifecycle manager.
[amcl-9] [INFO] [1790405149.419368179] [rclcpp]: signal_handler(SIGINT/SIGTERM)
[amcl-9] [INFO] [1790405149.419465496] [amcl]: Running Nav2 LifecycleNode rcl preshutdown (amcl)
[amcl-9] [INFO] [1790405149.419536111] [amcl]: Deactivating
[amcl-9] [INFO] [1790405149.419567982] [amcl]: Destroying bond (amcl) to lifecycle manager.
[planner_server-10] [INFO] [1790405149.419364404] [rclcpp]: signal_handler(SIGINT/SIGTERM)
[planner_server-10] [INFO] [1790405149.419466017] [planner_server]: Running Nav2 LifecycleNode rcl preshutdown (planner_server)
[planner_server-10] [INFO] [1790405149.419536025] [planner_server]: Deactivating
[planner_server-10] [INFO] [1790405149.419674372] [global_costmap.global_costmap]: Deactivating
[map_server-8] [INFO] [1790405149.419369854] [rclcpp]: signal_handler(SIGINT/SIGTERM)
[map_server-8] [INFO] [1790405149.419475219] [map_server]: Running Nav2 LifecycleNode rcl preshutdown (map_server)
[map_server-8] [INFO] [1790405149.419535139] [map_server]: Deactivating
[map_server-8] [INFO] [1790405149.419552935] [map_server]: Destroying bond (map_server) to lifecycle manager.
[behavior_server-13] [INFO] [1790405149.419366819] [rclcpp]: signal_handler(SIGINT/SIGTERM)
[behavior_server-13] [INFO] [1790405149.419465895] [behavior_server]: Running Nav2 LifecycleNode rcl preshutdown (behavior_server)
[behavior_server-13] [INFO] [1790405149.419535680] [behavior_server]: Cleaning up
[waypoint_follower-14] [INFO] [1790405149.419366691] [rclcpp]: signal_handler(SIGINT/SIGTERM)
[waypoint_follower-14] [INFO] [1790405149.419477877] [waypoint_follower]: Running Nav2 LifecycleNode rcl preshutdown (waypoint_follower)
[waypoint_follower-14] [INFO] [1790405149.419544565] [waypoint_follower]: Cleaning up
[lifecycle_manager-17] [INFO] [1790405149.419377114] [rclcpp]: signal_handler(SIGINT/SIGTERM)
[lifecycle_manager-17] [INFO] [1790405149.419464007] [lifecycle_manager_localization]: Running Nav2 LifecycleManager rcl preshutdown (lifecycle_manager_localization)
[lifecycle_manager-17] [INFO] [1790405149.419495453] [lifecycle_manager_localization]: [34m[1mTerminating bond timer...[0m[0m
[robot_state_publisher-3] [INFO] [1790405149.419380491] [rclcpp]: signal_handler(SIGINT/SIGTERM)
[lifecycle_manager-18] [INFO] [1790405149.419536243] [rclcpp]: signal_handler(SIGINT/SIGTERM)
[lifecycle_manager-18] [INFO] [1790405149.419614917] [lifecycle_manager_navigation]: Running Nav2 LifecycleManager rcl preshutdown (lifecycle_manager_navigation)
[bt_navigator-12] [INFO] [1790405149.419585023] [rclcpp]: signal_handler(SIGINT/SIGTERM)
[bt_navigator-12] [INFO] [1790405149.419675742] [bt_navigator]: Running Nav2 LifecycleNode rcl preshutdown (bt_navigator)
[bt_navigator-12] [INFO] [1790405149.419753345] [bt_navigator]: Cleaning up
[INFO] [lifecycle_manager-18]: sending signal 'SIGINT' to process[lifecycle_manager-18]
[INFO] [lifecycle_manager-17]: sending signal 'SIGINT' to process[lifecycle_manager-17]
[INFO] [goal_pose_bridge.py-16]: sending signal 'SIGINT' to process[goal_pose_bridge.py-16]
[INFO] [waypoint_follower-14]: sending signal 'SIGINT' to process[waypoint_follower-14]
[INFO] [behavior_server-13]: sending signal 'SIGINT' to process[behavior_server-13]
[INFO] [bt_navigator-12]: sending signal 'SIGINT' to process[bt_navigator-12]
[INFO] [controller_server-11]: sending signal 'SIGINT' to process[controller_server-11]
[INFO] [planner_server-10]: sending signal 'SIGINT' to process[planner_server-10]
[ERROR] [behavior_server-13]: process has died [pid 24409, exit code -2, cmd '/opt/ros/jazzy/lib/nav2_behaviors/behavior_server --ros-args -r __node:=behavior_server --params-file /home/haduckien/nav_ws/src/custom_corridor/worlds/school_arena/demo_1/scenario_generator/generated/ep_000001/nav2_school.yaml'].
[INFO] [amcl-9]: sending signal 'SIGINT' to process[amcl-9]
[INFO] [map_server-8]: sending signal 'SIGINT' to process[map_server-8]
[INFO] [python3-5]: sending signal 'SIGINT' to process[python3-5]
[INFO] [python3-4]: sending signal 'SIGINT' to process[python3-4]
[ERROR] [map_server-8]: process has died [pid 24404, exit code -2, cmd '/opt/ros/jazzy/lib/nav2_map_server/map_server --ros-args -r __node:=map_server --params-file /home/haduckien/nav_ws/src/custom_corridor/worlds/school_arena/demo_1/scenario_generator/generated/ep_000001/nav2_school.yaml --params-file /tmp/launch_params_ztr0t1oo'].
[ERROR] [amcl-9]: process has died [pid 24405, exit code -2, cmd '/opt/ros/jazzy/lib/nav2_amcl/amcl --ros-args -r __node:=amcl --params-file /home/haduckien/nav_ws/src/custom_corridor/worlds/school_arena/demo_1/scenario_generator/generated/ep_000001/nav2_school.yaml --params-file /tmp/launch_params_mggsm06e'].
[INFO] [robot_state_publisher-3]: sending signal 'SIGINT' to process[robot_state_publisher-3]
[INFO] [parameter_bridge-2]: sending signal 'SIGINT' to process[parameter_bridge-2]
[INFO] [gz-1]: sending signal 'SIGINT' to process[gz-1]
[ERROR] [python3-5]: process has died [pid 24189, exit code -2, cmd 'python3 /home/haduckien/nav_ws/src/custom_corridor/worlds/school_arena/demo_1/pose_sync_monitor.py --ros-args -p use_sim_time:=true -p robot_name:=robot -p world_frame:=map -p initial_x:=0.0 -p initial_y:=-7.85'].
[ERROR] [robot_state_publisher-3]: process has died [pid 24187, exit code -2, cmd '/opt/ros/jazzy/lib/robot_state_publisher/robot_state_publisher --ros-args --params-file /tmp/launch_params_l78k0bwg'].
[parameter_bridge-2] [INFO] [1790405149.419702745] [rclcpp]: signal_handler(SIGINT/SIGTERM)
[ERROR] [python3-4]: process has died [pid 24188, exit code -2, cmd 'python3 /home/haduckien/nav_ws/src/custom_corridor/worlds/school_arena/demo_1/collision_safe_pose_applier.py --ros-args -p use_sim_time:=true -p world_name:=school_arena -p target_topic:=/school_hunav/target_poses -p map_yaml:=/home/haduckien/nav_ws/src/custom_corridor/worlds/school_arena/demo_1/map.yaml -p agent_radius:=0.22 -p apply_hz:=20.0 -p ground_z:=0.0'].
[controller_server-11] [ERROR] [1790405149.420233579] [local_costmap.local_costmap]: Failed to finish transition 3. Current state is now: active (Could not publish transition: publisher's context is invalid, at ./src/rcl/publisher.c:423, at ./src/rcl_lifecycle.c:368)
[controller_server-11] [ERROR] [1790405149.420263778] [controller_server]: Failed to finish transition 3. Current state is now: inactive (Could not publish transition: publisher's context is invalid, at ./src/rcl/publisher.c:423, at ./src/rcl_lifecycle.c:368)
[behavior_server-13] [INFO] [1790405149.421818689] [behavior_server]: Destroying bond (behavior_server) to lifecycle manager.
[waypoint_follower-14] [INFO] [1790405149.426462333] [waypoint_follower]: Destroying bond (waypoint_follower) to lifecycle manager.
[amcl-9] [INFO] [1790405149.429989035] [amcl]: Cleaning up
[map_server-8] [INFO] [1790405149.430245726] [map_server]: Cleaning up
[map_server-8] [INFO] [1790405149.430299401] [map_server]: Destroying bond (map_server) to lifecycle manager.
[map_server-8] [INFO] [1790405149.437569273] [map_server]: Destroying
[amcl-9] [INFO] [1790405149.440685792] [amcl]: Destroying bond (amcl) to lifecycle manager.
[amcl-9] [INFO] [1790405149.441658444] [amcl]: Destroying
[goal_pose_bridge.py-16] Traceback (most recent call last):
[goal_pose_bridge.py-16]   File "/home/haduckien/nav_ws/install/custom_corridor/lib/custom_corridor/goal_pose_bridge.py", line 88, in <module>
[goal_pose_bridge.py-16]     main()
[goal_pose_bridge.py-16]   File "/home/haduckien/nav_ws/install/custom_corridor/lib/custom_corridor/goal_pose_bridge.py", line 78, in main
[goal_pose_bridge.py-16]     rclpy.spin(node)
[goal_pose_bridge.py-16]   File "/opt/ros/jazzy/lib/python3.12/site-packages/rclpy/__init__.py", line 247, in spin
[goal_pose_bridge.py-16]     executor.spin_once()
[goal_pose_bridge.py-16]   File "/opt/ros/jazzy/lib/python3.12/site-packages/rclpy/executors.py", line 926, in spin_once
[goal_pose_bridge.py-16]     self._spin_once_impl(timeout_sec)
[goal_pose_bridge.py-16]   File "/opt/ros/jazzy/lib/python3.12/site-packages/rclpy/executors.py", line 918, in _spin_once_impl
[goal_pose_bridge.py-16]     raise handler.exception()
[goal_pose_bridge.py-16]   File "/opt/ros/jazzy/lib/python3.12/site-packages/rclpy/task.py", line 286, in _execute_coroutine_step
[goal_pose_bridge.py-16]     result = coro.send(None)
[goal_pose_bridge.py-16]              ^^^^^^^^^^^^^^^
[goal_pose_bridge.py-16]   File "/opt/ros/jazzy/lib/python3.12/site-packages/rclpy/executors.py", line 584, in handler
[goal_pose_bridge.py-16]     call_coroutine = take_from_wait_list(entity)
[goal_pose_bridge.py-16]                      ^^^^^^^^^^^^^^^^^^^^^^^^^^^
[goal_pose_bridge.py-16]   File "/opt/ros/jazzy/lib/python3.12/site-packages/rclpy/executors.py", line 470, in _take_subscription
[goal_pose_bridge.py-16]     msg_info = sub.handle.take_message(sub.msg_type, sub.raw)
[goal_pose_bridge.py-16]                ^^^^^^^^^^^^^^^^^^^^^^^^^^^^^^^^^^^^^^^^^^^^^^
[goal_pose_bridge.py-16] RuntimeError: Unable to convert call argument '0' to Python object (#define PYBIND11_DETAILED_ERROR_MESSAGES or compile in debug mode for details)
[goal_pose_bridge.py-16] Error in sys.excepthook:
[goal_pose_bridge.py-16] Traceback (most recent call last):
[goal_pose_bridge.py-16]   File "/usr/lib/python3/dist-packages/apport_python_hook.py", line 228, in partial_apport_excepthook
[goal_pose_bridge.py-16]     return apport_excepthook(binary, exc_type, exc_obj, exc_tb)
[goal_pose_bridge.py-16]            ^^^^^^^^^^^^^^^^^^^^^^^^^^^^^^^^^^^^^^^^^^^^^^^^^^^^
[goal_pose_bridge.py-16]   File "/usr/lib/python3/dist-packages/apport_python_hook.py", line 66, in apport_excepthook
[goal_pose_bridge.py-16]     import apport.report
[goal_pose_bridge.py-16]   File "/usr/lib/python3/dist-packages/apport/__init__.py", line 7, in <module>
[waypoint_follower-14] [INFO] [1790405149.445077432] [rclcpp]: signal_handler(SIGINT/SIGTERM)
[goal_pose_bridge.py-16]     from apport.packaging_impl import impl as packaging
[goal_pose_bridge.py-16]   File "/usr/lib/python3/dist-packages/apport/packaging_impl/__init__.py", line 33, in <module>
[goal_pose_bridge.py-16]     impl = load_packaging_implementation()
[goal_pose_bridge.py-16]            ^^^^^^^^^^^^^^^^^^^^^^^^^^^^^^^
[goal_pose_bridge.py-16]   File "/usr/lib/python3/dist-packages/apport/packaging_impl/__init__.py", line 27, in load_packaging_implementation
[goal_pose_bridge.py-16]     module = importlib.import_module(
[goal_pose_bridge.py-16]              ^^^^^^^^^^^^^^^^^^^^^^^^
[goal_pose_bridge.py-16]   File "/usr/lib/python3.12/importlib/__init__.py", line 90, in import_module
[behavior_server-13] [INFO] [1790405149.446071231] [behavior_server]: Destroying
[goal_pose_bridge.py-16]     return _bootstrap._gcd_import(name[level:], package, level)
[goal_pose_bridge.py-16]            ^^^^^^^^^^^^^^^^^^^^^^^^^^^^^^^^^^^^^^^^^^^^^^^^^^^^
[goal_pose_bridge.py-16]   File "/usr/lib/python3/dist-packages/apport/packaging_impl/apt_dpkg.py", line 44, in <module>
[goal_pose_bridge.py-16]     import urllib.error
[goal_pose_bridge.py-16]   File "/usr/lib/python3.12/urllib/error.py", line 14, in <module>
[goal_pose_bridge.py-16]     import urllib.response
[goal_pose_bridge.py-16]   File "/usr/lib/python3.12/urllib/response.py", line 37, in <module>
[goal_pose_bridge.py-16]     class addclosehook(addbase):
[goal_pose_bridge.py-16] KeyboardInterrupt
[goal_pose_bridge.py-16] 
[goal_pose_bridge.py-16] Original exception was:
[goal_pose_bridge.py-16] Traceback (most recent call last):
[goal_pose_bridge.py-16]   File "/home/haduckien/nav_ws/install/custom_corridor/lib/custom_corridor/goal_pose_bridge.py", line 88, in <module>
[goal_pose_bridge.py-16]     main()
[goal_pose_bridge.py-16]   File "/home/haduckien/nav_ws/install/custom_corridor/lib/custom_corridor/goal_pose_bridge.py", line 78, in main
[goal_pose_bridge.py-16]     rclpy.spin(node)
[goal_pose_bridge.py-16]   File "/opt/ros/jazzy/lib/python3.12/site-packages/rclpy/__init__.py", line 247, in spin
[goal_pose_bridge.py-16]     executor.spin_once()
[goal_pose_bridge.py-16]   File "/opt/ros/jazzy/lib/python3.12/site-packages/rclpy/executors.py", line 926, in spin_once
[goal_pose_bridge.py-16]     self._spin_once_impl(timeout_sec)
[goal_pose_bridge.py-16]   File "/opt/ros/jazzy/lib/python3.12/site-packages/rclpy/executors.py", line 918, in _spin_once_impl
[goal_pose_bridge.py-16]     raise handler.exception()
[goal_pose_bridge.py-16]   File "/opt/ros/jazzy/lib/python3.12/site-packages/rclpy/task.py", line 286, in _execute_coroutine_step
[goal_pose_bridge.py-16]     result = coro.send(None)
[goal_pose_bridge.py-16]              ^^^^^^^^^^^^^^^
[goal_pose_bridge.py-16]   File "/opt/ros/jazzy/lib/python3.12/site-packages/rclpy/executors.py", line 584, in handler
[goal_pose_bridge.py-16]     call_coroutine = take_from_wait_list(entity)
[goal_pose_bridge.py-16]                      ^^^^^^^^^^^^^^^^^^^^^^^^^^^
[goal_pose_bridge.py-16]   File "/opt/ros/jazzy/lib/python3.12/site-packages/rclpy/executors.py", line 470, in _take_subscription
[goal_pose_bridge.py-16]     msg_info = sub.handle.take_message(sub.msg_type, sub.raw)
[goal_pose_bridge.py-16]                ^^^^^^^^^^^^^^^^^^^^^^^^^^^^^^^^^^^^^^^^^^^^^^
[goal_pose_bridge.py-16] RuntimeError: Unable to convert call argument '0' to Python object (#define PYBIND11_DETAILED_ERROR_MESSAGES or compile in debug mode for details)
[waypoint_follower-14] [INFO] [1790405149.448372317] [waypoint_follower]: Destroying
[controller_server-11] Warning: class_loader.ClassLoader: SEVERE WARNING!!! Attempting to unload library while objects created by this loader exist in the heap! You should delete your objects before attempting to unload the library or destroying the ClassLoader. The library will NOT be unloaded.
[controller_server-11]          at line 127 in ./src/class_loader.cpp
[controller_server-11] terminate called without an active exception
[bt_navigator-12] [INFO] [1790405149.453346167] [bt_navigator]: Completed Cleaning up
[bt_navigator-12] [INFO] [1790405149.453441773] [bt_navigator]: Destroying bond (bt_navigator) to lifecycle manager.
[bt_navigator-12] [INFO] [1790405149.454962285] [rclcpp]: signal_handler(SIGINT/SIGTERM)
[lifecycle_manager-17] [INFO] [1790405149.455861771] [rclcpp]: signal_handler(SIGINT/SIGTERM)
[lifecycle_manager-17] [INFO] [1790405149.456756899] [lifecycle_manager_localization]: Destroying lifecycle_manager_localization
[bt_navigator-12] [INFO] [1790405149.466865448] [bt_navigator]: Destroying
[parameter_bridge-2] [INFO] [1790405149.476005786] [rclcpp]: signal_handler(SIGINT/SIGTERM)
[INFO] [parameter_bridge-2]: process has finished cleanly [pid 24186]
[INFO] [waypoint_follower-14]: process has finished cleanly [pid 24410]
[INFO] [lifecycle_manager-17]: process has finished cleanly [pid 24558]
[INFO] [bt_navigator-12]: process has finished cleanly [pid 24408]
[ERROR] [goal_pose_bridge.py-16]: process has died [pid 24414, exit code 1, cmd '/home/haduckien/nav_ws/install/custom_corridor/lib/custom_corridor/goal_pose_bridge.py --ros-args -r __node:=goal_pose_bridge --params-file /tmp/launch_params_oms3wy22'].
[planner_server-10] [INFO] [1790405149.672397444] [planner_server]: Deactivating plugin GridBased of type SmacPlanner2D
[planner_server-10] [INFO] [1790405149.672438568] [planner_server]: Destroying bond (planner_server) to lifecycle manager.
[planner_server-10] [INFO] [1790405149.682780330] [planner_server]: Cleaning up
[planner_server-10] [INFO] [1790405149.685650829] [global_costmap.global_costmap]: Cleaning up
[planner_server-10] [INFO] [1790405149.687692835] [planner_server]: Cleaning up plugin GridBased of type SmacPlanner2D
[planner_server-10] [INFO] [1790405149.687954650] [planner_server]: Destroying plugin GridBased of type SmacPlanner2D
[planner_server-10] [INFO] [1790405149.691378952] [planner_server]: Destroying bond (planner_server) to lifecycle manager.
[planner_server-10] [INFO] [1790405149.692538254] [rclcpp]: signal_handler(SIGINT/SIGTERM)
[planner_server-10] [INFO] [1790405149.693205216] [global_costmap.global_costmap]: Destroying
[planner_server-10] [INFO] [1790405149.695347766] [planner_server]: Destroying
[INFO] [gz-1]: process has finished cleanly [pid 24185]
[INFO] [planner_server-10]: process has finished cleanly [pid 24406]
[lifecycle_manager-18] [ERROR] [1790405151.422120065] [lifecycle_manager_navigation]: Failed to change state for node: controller_server. Exception: controller_server/get_state service client: async_send_request failed.
[lifecycle_manager-18] [ERROR] [1790405151.422211979] [lifecycle_manager_navigation]: Failed to bring up all requested nodes. Aborting bringup.
[lifecycle_manager-18] [INFO] [1790405151.434277026] [rclcpp]: signal_handler(SIGINT/SIGTERM)
[lifecycle_manager-18] [INFO] [1790405151.434722303] [lifecycle_manager_navigation]: Destroying lifecycle_manager_navigation
[INFO] [lifecycle_manager-18]: process has finished cleanly [pid 24590]
[ERROR] [controller_server-11]: process[controller_server-11] failed to terminate '5' seconds after receiving 'SIGINT', escalating to 'SIGTERM'
[INFO] [controller_server-11]: sending signal 'SIGTERM' to process[controller_server-11]
[ERROR] [controller_server-11]: process has died [pid 24407, exit code -6, cmd '/opt/ros/jazzy/lib/nav2_controller/controller_server --ros-args -r __node:=controller_server --params-file /home/haduckien/nav_ws/src/custom_corridor/worlds/school_arena/demo_1/scenario_generator/generated/ep_000001/nav2_school.yaml'].
[INFO] [launch]: All log files can be found below /home/haduckien/.ros/log/2026-09-26-13-47-00-454368-Raccoon2005-25559
[INFO] [launch]: Default logging verbosity is set to INFO
[INFO] [gz-1]: process started with pid [25571]
[INFO] [parameter_bridge-2]: process started with pid [25572]
[INFO] [robot_state_publisher-3]: process started with pid [25573]
[INFO] [python3-4]: process started with pid [25574]
[INFO] [python3-5]: process started with pid [25575]
[robot_state_publisher-3] [INFO] [1790405220.575112001] [robot_state_publisher]: Robot initialized
[python3-4] [INFO] [1790405220.895007691] [school_collision_safe_pose_applier]: Wall guard active: map=/home/haduckien/nav_ws/src/custom_corridor/worlds/school_arena/demo_1/map.yaml, radius=0.22 m, topic=/school_hunav/target_poses
[python3-5] [INFO] [1790405220.924959147] [school_pose_sync_monitor]: Gazebo/RViz sync monitor active: orange pose=/demo/gazebo_robot_pose
[parameter_bridge-2] [INFO] [1790405221.576132405] [ros_gz_bridge]: Creating GZ->ROS Bridge: [/clock (gz.msgs.Clock) -> /clock (rosgraph_msgs/msg/Clock)] (Lazy 0)
[parameter_bridge-2] [INFO] [1790405221.576898298] [ros_gz_bridge]: Creating GZ->ROS Bridge: [/joint_states (gz.msgs.Model) -> /joint_states (sensor_msgs/msg/JointState)] (Lazy 0)
[parameter_bridge-2] [INFO] [1790405221.578476218] [ros_gz_bridge]: Creating GZ->ROS Bridge: [/odom (gz.msgs.Odometry) -> /odom (nav_msgs/msg/Odometry)] (Lazy 0)
[parameter_bridge-2] [INFO] [1790405221.579568741] [ros_gz_bridge]: Creating GZ->ROS Bridge: [/tf (gz.msgs.Pose_V) -> /tf (tf2_msgs/msg/TFMessage)] (Lazy 0)
[parameter_bridge-2] [INFO] [1790405221.580506199] [ros_gz_bridge]: Creating GZ->ROS Bridge: [/scan (gz.msgs.LaserScan) -> /scan (sensor_msgs/msg/LaserScan)] (Lazy 0)
[parameter_bridge-2] [INFO] [1790405221.580841961] [ros_gz_bridge]: Creating ROS->GZ Bridge: [/cmd_vel (geometry_msgs/msg/Twist) -> /cmd_vel (gz.msgs.Twist)] (Lazy 0)
[parameter_bridge-2] [INFO] [1790405221.581352669] [ros_gz_bridge]: Creating GZ->ROS Bridge: [/world/school_arena/dynamic_pose/info (gz.msgs.Pose_V) -> /world/school_arena/dynamic_pose/info (tf2_msgs/msg/TFMessage)] (Lazy 0)
[parameter_bridge-2] [INFO] [1790405221.581620559] [ros_gz_bridge]: Creating ROS->GZ service bridge [/world/school_arena/set_pose (ros_gz_interfaces/srv/SetEntityPose -> gz.msgs.Pose/gz.msgs.Boolean)]
[parameter_bridge-2] [INFO] [1790405221.582226756] [ros_gz_bridge]: Creating ROS->GZ service bridge [/world/school_arena/control (ros_gz_interfaces/srv/ControlWorld -> gz.msgs.WorldControl/gz.msgs.Boolean)]
[parameter_bridge-2] [INFO] [1790405221.582462550] [ros_gz_bridge]: Creating GZ->ROS Bridge: [/robot/camera/image_raw (gz.msgs.Image) -> /robot/camera/image_raw (sensor_msgs/msg/Image)] (Lazy 0)
[INFO] [create-6]: process started with pid [25679]
[create-6] [INFO] [1790405223.770337596] [ros_gz_sim]: Entity creation successful.
[gz-1] [1;33mWarning [Utils.cc:132][0m [/sdf/model[@name="turtlebot3_burger_camera"]/link[@name="base_scan"]/sensor[@name="hls_lfcd_lds"]/gz_frame_id:/home/haduckien/nav_ws/src/custom_corridor/worlds/school_arena/demo_1/demo_robot.sdf:L153]: XML Element[gz_frame_id], child of element[sensor], not defined in SDF. Copying[gz_frame_id] as children of [sensor].
[INFO] [create-6]: process has finished cleanly [pid 25679]
[INFO] [python3-7]: process started with pid [25715]
[python3-7] [INFO] [1790405224.431240820] [school_wait_for_robot_tf]: Robot odom/TF and simulation clock ready
[INFO] [python3-7]: process has finished cleanly [pid 25715]
[INFO] [map_server-8]: process started with pid [25783]
[INFO] [amcl-9]: process started with pid [25784]
[INFO] [planner_server-10]: process started with pid [25785]
[INFO] [controller_server-11]: process started with pid [25786]
[INFO] [bt_navigator-12]: process started with pid [25787]
[INFO] [behavior_server-13]: process started with pid [25788]
[INFO] [waypoint_follower-14]: process started with pid [25789]
[INFO] [python3-15]: process started with pid [25790]
[INFO] [goal_pose_bridge.py-16]: process started with pid [25791]
[waypoint_follower-14] [INFO] [1790405224.650585779] [waypoint_follower]: 
[waypoint_follower-14] 	waypoint_follower lifecycle node launched. 
[waypoint_follower-14] 	Waiting on external lifecycle transitions to activate
[waypoint_follower-14] 	See https://design.ros2.org/articles/node_lifecycle.html for more information.
[amcl-9] [INFO] [1790405224.650888260] [amcl]: 
[amcl-9] 	amcl lifecycle node launched. 
[amcl-9] 	Waiting on external lifecycle transitions to activate
[amcl-9] 	See https://design.ros2.org/articles/node_lifecycle.html for more information.
[waypoint_follower-14] [INFO] [1790405224.650957098] [waypoint_follower]: Creating
[amcl-9] [INFO] [1790405224.651330005] [amcl]: Creating
[map_server-8] [INFO] [1790405224.662695026] [map_server]: 
[map_server-8] 	map_server lifecycle node launched. 
[map_server-8] 	Waiting on external lifecycle transitions to activate
[map_server-8] 	See https://design.ros2.org/articles/node_lifecycle.html for more information.
[map_server-8] [INFO] [1790405224.662945830] [map_server]: Creating
[controller_server-11] [INFO] [1790405224.665071915] [controller_server]: 
[controller_server-11] 	controller_server lifecycle node launched. 
[controller_server-11] 	Waiting on external lifecycle transitions to activate
[controller_server-11] 	See https://design.ros2.org/articles/node_lifecycle.html for more information.
[controller_server-11] [INFO] [1790405224.667370369] [controller_server]: Creating controller server
[planner_server-10] [INFO] [1790405224.674876088] [planner_server]: 
[planner_server-10] 	planner_server lifecycle node launched. 
[planner_server-10] 	Waiting on external lifecycle transitions to activate
[planner_server-10] 	See https://design.ros2.org/articles/node_lifecycle.html for more information.
[planner_server-10] [INFO] [1790405224.676745985] [planner_server]: Creating
[controller_server-11] [INFO] [1790405224.683743108] [local_costmap.local_costmap]: 
[controller_server-11] 	local_costmap lifecycle node launched. 
[controller_server-11] 	Waiting on external lifecycle transitions to activate
[controller_server-11] 	See https://design.ros2.org/articles/node_lifecycle.html for more information.
[controller_server-11] [INFO] [1790405224.684167286] [local_costmap.local_costmap]: Creating Costmap
[planner_server-10] [INFO] [1790405224.692570269] [global_costmap.global_costmap]: 
[planner_server-10] 	global_costmap lifecycle node launched. 
[planner_server-10] 	Waiting on external lifecycle transitions to activate
[planner_server-10] 	See https://design.ros2.org/articles/node_lifecycle.html for more information.
[bt_navigator-12] [INFO] [1790405224.692642814] [bt_navigator]: 
[bt_navigator-12] 	bt_navigator lifecycle node launched. 
[bt_navigator-12] 	Waiting on external lifecycle transitions to activate
[bt_navigator-12] 	See https://design.ros2.org/articles/node_lifecycle.html for more information.
[planner_server-10] [INFO] [1790405224.693277231] [global_costmap.global_costmap]: Creating Costmap
[bt_navigator-12] [INFO] [1790405224.694467695] [bt_navigator]: Creating
[behavior_server-13] [INFO] [1790405224.695785990] [behavior_server]: 
[behavior_server-13] 	behavior_server lifecycle node launched. 
[behavior_server-13] 	Waiting on external lifecycle transitions to activate
[behavior_server-13] 	See https://design.ros2.org/articles/node_lifecycle.html for more information.
[goal_pose_bridge.py-16] [INFO] [1790405225.355144630] [goal_pose_bridge]: GoalPoseBridge started: listening on /goal_pose -> forwarding to /navigate_to_pose
[INFO] [lifecycle_manager-17]: process started with pid [25945]
[lifecycle_manager-17] [INFO] [1790405226.665812721] [lifecycle_manager_localization]: Creating
[lifecycle_manager-17] [INFO] [1790405226.668176624] [lifecycle_manager_localization]: [34m[1mCreating and initializing lifecycle service clients[0m[0m
[lifecycle_manager-17] [INFO] [1790405228.321828608] [lifecycle_manager_localization]: [34m[1mStarting managed nodes bringup...[0m[0m
[lifecycle_manager-17] [INFO] [1790405228.321964349] [lifecycle_manager_localization]: [34m[1mConfiguring map_server[0m[0m
[map_server-8] [INFO] [1790405228.322514109] [map_server]: Configuring
[map_server-8] [INFO] [1790405228.322613542] [map_io]: Loading yaml file: /home/haduckien/nav_ws/src/custom_corridor/worlds/school_arena/demo_1/map.yaml
[map_server-8] [INFO] [1790405228.322948812] [map_io]: resolution: 0.05
[map_server-8] [INFO] [1790405228.322960023] [map_io]: origin[0]: -16
[map_server-8] [INFO] [1790405228.322964122] [map_io]: origin[1]: -14
[map_server-8] [INFO] [1790405228.322966779] [map_io]: origin[2]: 0
[map_server-8] [INFO] [1790405228.322970069] [map_io]: free_thresh: 0.25
[map_server-8] [INFO] [1790405228.322972496] [map_io]: occupied_thresh: 0.65
[map_server-8] [INFO] [1790405228.322977971] [map_io]: mode: trinary
[map_server-8] [INFO] [1790405228.322983526] [map_io]: negate: 0
[map_server-8] [INFO] [1790405228.323206420] [map_io]: Loading image_file: /home/haduckien/nav_ws/src/custom_corridor/worlds/school_arena/demo_1/map.pgm
[map_server-8] [INFO] [1790405228.331298384] [map_io]: Read map /home/haduckien/nav_ws/src/custom_corridor/worlds/school_arena/demo_1/map.pgm: 730 X 580 map @ 0.05 m/cell
[lifecycle_manager-17] [INFO] [1790405228.344016654] [lifecycle_manager_localization]: [34m[1mConfiguring amcl[0m[0m
[amcl-9] [INFO] [1790405228.344740534] [amcl]: Configuring
[amcl-9] [INFO] [1790405228.344863904] [amcl]: initTransforms
[amcl-9] [INFO] [1790405228.353335178] [amcl]: initPubSub
[amcl-9] [INFO] [1790405228.365173331] [amcl]: Subscribed to map topic.
[lifecycle_manager-17] [INFO] [1790405228.369963516] [lifecycle_manager_localization]: [34m[1mActivating map_server[0m[0m
[map_server-8] [INFO] [1790405228.370106013] [map_server]: Activating
[map_server-8] [INFO] [1790405228.371079915] [map_server]: Creating bond (map_server) to lifecycle manager.
[amcl-9] [INFO] [1790405228.382695610] [amcl]: Received a 730 X 580 map @ 0.050 m/pix
[lifecycle_manager-17] [INFO] [1790405228.480672468] [lifecycle_manager_localization]: Server map_server connected with bond.
[lifecycle_manager-17] [INFO] [1790405228.480725892] [lifecycle_manager_localization]: [34m[1mActivating amcl[0m[0m
[amcl-9] [INFO] [1790405228.481032118] [amcl]: Activating
[amcl-9] [INFO] [1790405228.481077396] [amcl]: Creating bond (amcl) to lifecycle manager.
[amcl-9] [INFO] [1790405228.489247153] [amcl]: initialPoseReceived
[amcl-9] [INFO] [1790405228.489486203] [amcl]: Setting pose (4.824000): 0.000 -7.850 -2.978
[python3-15] [INFO] [1790405228.519315663] [school_episode_initial_pose]: Published /initialpose from episode: 0.000, -7.850, -2.978
[lifecycle_manager-17] [INFO] [1790405228.592186844] [lifecycle_manager_localization]: Server amcl connected with bond.
[lifecycle_manager-17] [INFO] [1790405228.592258412] [lifecycle_manager_localization]: [34m[1mManaged nodes are active[0m[0m
[lifecycle_manager-17] [INFO] [1790405228.592273538] [lifecycle_manager_localization]: [34m[1mCreating bond timer...[0m[0m
[amcl-9] [INFO] [1790405228.753917583] [amcl]: createLaserObject
[python3-5] [INFO] [1790405228.887040830] [school_pose_sync_monitor]: Gazebo↔RViz pose error=0.020 m (gz=0.00,-7.85; tf=-0.00,-7.87)
[python3-15] [INFO] [1790405229.012114126] [school_episode_initial_pose]: AMCL map->odom is available at scan and current simulation timestamps
[INFO] [python3-15]: process has finished cleanly [pid 25790]
[INFO] [lifecycle_manager-18]: process started with pid [26078]
[lifecycle_manager-18] [INFO] [1790405229.274636000] [lifecycle_manager_navigation]: Creating
[lifecycle_manager-18] [INFO] [1790405229.279724880] [lifecycle_manager_navigation]: [34m[1mCreating and initializing lifecycle service clients[0m[0m
[lifecycle_manager-18] [INFO] [1790405230.377392142] [lifecycle_manager_navigation]: [34m[1mStarting managed nodes bringup...[0m[0m
[lifecycle_manager-18] [INFO] [1790405230.377457355] [lifecycle_manager_navigation]: [34m[1mConfiguring planner_server[0m[0m
[planner_server-10] [INFO] [1790405230.378419046] [planner_server]: Configuring
[planner_server-10] [INFO] [1790405230.378468431] [global_costmap.global_costmap]: Configuring
[planner_server-10] [INFO] [1790405230.387921984] [global_costmap.global_costmap]: Using plugin "static_layer"
[planner_server-10] [INFO] [1790405230.394894351] [global_costmap.global_costmap]: Subscribing to the map topic (/map) with transient local durability
[planner_server-10] [INFO] [1790405230.397756231] [global_costmap.global_costmap]: Initialized plugin "static_layer"
[planner_server-10] [INFO] [1790405230.397796852] [global_costmap.global_costmap]: Using plugin "obstacle_layer"
[planner_server-10] [INFO] [1790405230.398651407] [global_costmap.global_costmap]: Subscribed to Topics: scan
[planner_server-10] [INFO] [1790405230.403292313] [global_costmap.global_costmap]: Initialized plugin "obstacle_layer"
[planner_server-10] [INFO] [1790405230.403330643] [global_costmap.global_costmap]: Using plugin "inflation_layer"
[planner_server-10] [INFO] [1790405230.404256931] [global_costmap.global_costmap]: Initialized plugin "inflation_layer"
[planner_server-10] [INFO] [1790405230.434907143] [global_costmap.global_costmap]: StaticLayer: Resizing costmap to 730 X 580 at 0.050000 m/pix
[planner_server-10] [INFO] [1790405230.441364255] [planner_server]: Created global planner plugin GridBased of type nav2_smac_planner::SmacPlanner2D
[planner_server-10] [INFO] [1790405230.441448587] [planner_server]: Configuring GridBased of type SmacPlanner2D
[planner_server-10] [ERROR] [1790405230.443251399] [planner_server]: Inflation layer either not found or inflation is not set sufficiently for optimized non-circular collision checking capabilities. It is HIGHLY recommended to set the inflation radius to be at MINIMUM half of the robot's largest cross-section. See github.com/ros-planning/navigation2/tree/main/nav2_smac_planner#potential-fields for full instructions. This will substantially impact run-time performance.
[planner_server-10] [INFO] [1790405230.446982628] [planner_server]: Configured plugin GridBased of type SmacPlanner2D with tolerance 0.15, maximum iterations 1000000, max on approach iterations 1000, and not allowing unknown traversal.
[planner_server-10] [INFO] [1790405230.447170100] [planner_server]: Planner Server has GridBased  planners available.
[lifecycle_manager-18] [INFO] [1790405230.464621522] [lifecycle_manager_navigation]: [34m[1mConfiguring controller_server[0m[0m
[controller_server-11] [INFO] [1790405230.464990914] [controller_server]: Configuring controller interface
[controller_server-11] [INFO] [1790405230.465021151] [controller_server]: getting progress checker plugins..
[controller_server-11] [INFO] [1790405230.465292902] [controller_server]: getting goal checker plugins..
[controller_server-11] [INFO] [1790405230.465648657] [controller_server]: Controller frequency set to 10.0000Hz
[controller_server-11] [INFO] [1790405230.465708006] [local_costmap.local_costmap]: Configuring
[controller_server-11] [INFO] [1790405230.475638587] [local_costmap.local_costmap]: Using plugin "obstacle_layer"
[controller_server-11] [INFO] [1790405230.479128756] [local_costmap.local_costmap]: Subscribed to Topics: scan
[controller_server-11] [INFO] [1790405230.482454099] [local_costmap.local_costmap]: Initialized plugin "obstacle_layer"
[controller_server-11] [INFO] [1790405230.482485104] [local_costmap.local_costmap]: Using plugin "inflation_layer"
[controller_server-11] [INFO] [1790405230.482931233] [local_costmap.local_costmap]: Initialized plugin "inflation_layer"
[controller_server-11] [INFO] [1790405230.513181573] [controller_server]: Created progress_checker : progress_checker of type nav2_controller::SimpleProgressChecker
[controller_server-11] [INFO] [1790405230.513649146] [controller_server]: Controller Server has progress_checker  progress checkers available.
[controller_server-11] [INFO] [1790405230.514165007] [controller_server]: Created goal checker : goal_checker of type nav2_controller::SimpleGoalChecker
[controller_server-11] [INFO] [1790405230.514711753] [controller_server]: Controller Server has goal_checker  goal checkers available.
[controller_server-11] [INFO] [1790405230.516584766] [controller_server]: Created controller : FollowPath of type dwb_core::DWBLocalPlanner
[controller_server-11] [INFO] [1790405230.517879368] [controller_server]: Setting transform_tolerance to 0.100000
[controller_server-11] [INFO] [1790405230.534735357] [controller_server]: Using critic "RotateToGoal" (dwb_critics::RotateToGoalCritic)
[controller_server-11] [INFO] [1790405230.535566111] [controller_server]: Critic plugin initialized
[controller_server-11] [INFO] [1790405230.535724820] [controller_server]: Using critic "Oscillation" (dwb_critics::OscillationCritic)
[controller_server-11] [INFO] [1790405230.536338124] [controller_server]: Critic plugin initialized
[controller_server-11] [INFO] [1790405230.536484272] [controller_server]: Using critic "BaseObstacle" (dwb_critics::BaseObstacleCritic)
[controller_server-11] [INFO] [1790405230.536719181] [controller_server]: Critic plugin initialized
[controller_server-11] [INFO] [1790405230.536870043] [controller_server]: Using critic "GoalAlign" (dwb_critics::GoalAlignCritic)
[controller_server-11] [INFO] [1790405230.537495944] [controller_server]: Critic plugin initialized
[controller_server-11] [INFO] [1790405230.537748473] [controller_server]: Using critic "PathAlign" (dwb_critics::PathAlignCritic)
[controller_server-11] [INFO] [1790405230.538295195] [controller_server]: Critic plugin initialized
[controller_server-11] [INFO] [1790405230.538505901] [controller_server]: Using critic "PathDist" (dwb_critics::PathDistCritic)
[controller_server-11] [INFO] [1790405230.538840676] [controller_server]: Critic plugin initialized
[controller_server-11] [INFO] [1790405230.539006395] [controller_server]: Using critic "GoalDist" (dwb_critics::GoalDistCritic)
[controller_server-11] [INFO] [1790405230.539338375] [controller_server]: Critic plugin initialized
[controller_server-11] [INFO] [1790405230.539364349] [controller_server]: Controller Server has FollowPath  controllers available.
[lifecycle_manager-18] [INFO] [1790405230.552439563] [lifecycle_manager_navigation]: [34m[1mConfiguring bt_navigator[0m[0m
[bt_navigator-12] [INFO] [1790405230.552724904] [bt_navigator]: Configuring
[bt_navigator-12] [INFO] [1790405230.564277413] [bt_navigator]: Creating navigator id navigate_to_pose of type nav2_bt_navigator::NavigateToPoseNavigator
[bt_navigator-12] [WARN] [1790405230.567770704] [bt_navigator]: Error_code parameters were not set. Using default values of: follow_path_error_code compute_path_error_code
[bt_navigator-12] Make sure these match your BT and there are not other sources of error codes youreported to your application
[bt_navigator-12] [INFO] [1790405230.634691618] [bt_navigator]: Creating navigator id navigate_through_poses of type nav2_bt_navigator::NavigateThroughPosesNavigator
[lifecycle_manager-18] [INFO] [1790405230.665478113] [lifecycle_manager_navigation]: [34m[1mConfiguring behavior_server[0m[0m
[behavior_server-13] [INFO] [1790405230.665864921] [behavior_server]: Configuring
[behavior_server-13] [INFO] [1790405230.672261414] [behavior_server]: Creating behavior plugin spin of type nav2_behaviors::Spin
[behavior_server-13] [INFO] [1790405230.673894887] [behavior_server]: Creating behavior plugin backup of type nav2_behaviors::BackUp
[behavior_server-13] [INFO] [1790405230.675125273] [behavior_server]: Creating behavior plugin wait of type nav2_behaviors::Wait
[behavior_server-13] [INFO] [1790405230.686849104] [behavior_server]: Configuring spin
[behavior_server-13] [INFO] [1790405230.699327643] [behavior_server]: Configuring backup
[behavior_server-13] [INFO] [1790405230.705943782] [behavior_server]: Configuring wait
[lifecycle_manager-18] [INFO] [1790405230.714962751] [lifecycle_manager_navigation]: [34m[1mConfiguring waypoint_follower[0m[0m
[waypoint_follower-14] [INFO] [1790405230.715271274] [waypoint_follower]: Configuring
[waypoint_follower-14] [INFO] [1790405230.745744191] [waypoint_follower]: Created waypoint_task_executor : wait_at_waypoint of type nav2_waypoint_follower::WaitAtWaypoint
[waypoint_follower-14] [INFO] [1790405230.746102789] [waypoint_follower]: Waypoint pause duration is set to zero, disabling task executor plugin.
[lifecycle_manager-18] [INFO] [1790405230.746641889] [lifecycle_manager_navigation]: [34m[1mActivating planner_server[0m[0m
[planner_server-10] [INFO] [1790405230.746800139] [planner_server]: Activating
[planner_server-10] [INFO] [1790405230.746822301] [global_costmap.global_costmap]: Activating
[planner_server-10] [INFO] [1790405230.746826796] [global_costmap.global_costmap]: Checking transform
[planner_server-10] [INFO] [1790405230.746941642] [global_costmap.global_costmap]: start
[planner_server-10] [INFO] [1790405231.297939732] [planner_server]: Activating plugin GridBased of type SmacPlanner2D
[planner_server-10] [INFO] [1790405231.299270787] [planner_server]: Creating bond (planner_server) to lifecycle manager.
[lifecycle_manager-18] [INFO] [1790405231.403492625] [lifecycle_manager_navigation]: Server planner_server connected with bond.
[lifecycle_manager-18] [INFO] [1790405231.403556205] [lifecycle_manager_navigation]: [34m[1mActivating controller_server[0m[0m
[controller_server-11] [INFO] [1790405231.403879662] [controller_server]: Activating
[controller_server-11] [INFO] [1790405231.403924127] [local_costmap.local_costmap]: Activating
[controller_server-11] [INFO] [1790405231.403937092] [local_costmap.local_costmap]: Checking transform
[controller_server-11] [INFO] [1790405231.404128393] [local_costmap.local_costmap]: start
[controller_server-11] [INFO] [1790405231.605771280] [controller_server]: Creating bond (controller_server) to lifecycle manager.
[lifecycle_manager-18] [INFO] [1790405231.711956437] [lifecycle_manager_navigation]: Server controller_server connected with bond.
[lifecycle_manager-18] [INFO] [1790405231.712007008] [lifecycle_manager_navigation]: [34m[1mActivating bt_navigator[0m[0m
[bt_navigator-12] [INFO] [1790405231.712368791] [bt_navigator]: Activating
[bt_navigator-12] [INFO] [1790405231.785710831] [bt_navigator]: Creating bond (bt_navigator) to lifecycle manager.
[lifecycle_manager-18] [INFO] [1790405231.892043699] [lifecycle_manager_navigation]: Server bt_navigator connected with bond.
[lifecycle_manager-18] [INFO] [1790405231.892122366] [lifecycle_manager_navigation]: [34m[1mActivating behavior_server[0m[0m
[behavior_server-13] [INFO] [1790405231.892523982] [behavior_server]: Activating
[behavior_server-13] [INFO] [1790405231.892556248] [behavior_server]: Activating spin
[behavior_server-13] [INFO] [1790405231.892573535] [behavior_server]: Activating backup
[behavior_server-13] [INFO] [1790405231.892586189] [behavior_server]: Activating wait
[behavior_server-13] [INFO] [1790405231.892602886] [behavior_server]: Creating bond (behavior_server) to lifecycle manager.
[lifecycle_manager-18] [INFO] [1790405231.999630669] [lifecycle_manager_navigation]: Server behavior_server connected with bond.
[lifecycle_manager-18] [INFO] [1790405231.999669615] [lifecycle_manager_navigation]: [34m[1mActivating waypoint_follower[0m[0m
[waypoint_follower-14] [INFO] [1790405232.000025068] [waypoint_follower]: Activating
[waypoint_follower-14] [INFO] [1790405232.000076733] [waypoint_follower]: Creating bond (waypoint_follower) to lifecycle manager.
[lifecycle_manager-18] [INFO] [1790405232.110096471] [lifecycle_manager_navigation]: Server waypoint_follower connected with bond.
[lifecycle_manager-18] [INFO] [1790405232.110156431] [lifecycle_manager_navigation]: [34m[1mManaged nodes are active[0m[0m
[lifecycle_manager-18] [INFO] [1790405232.110166947] [lifecycle_manager_navigation]: [34m[1mCreating bond timer...[0m[0m
[python3-5] [INFO] [1790405233.896365272] [school_pose_sync_monitor]: Gazebo↔RViz pose error=0.021 m (gz=0.01,-7.85; tf=-0.00,-7.87)
[python3-5] [INFO] [1790405238.896634853] [school_pose_sync_monitor]: Gazebo↔RViz pose error=0.023 m (gz=0.01,-7.85; tf=-0.00,-7.87)
[WARNING] [launch]: user interrupted with ctrl-c (SIGINT)
[behavior_server-13] [INFO] [1790405240.239419204] [rclcpp]: signal_handler(SIGINT/SIGTERM)
[behavior_server-13] [INFO] [1790405240.239584575] [behavior_server]: Running Nav2 LifecycleNode rcl preshutdown (behavior_server)
[behavior_server-13] [INFO] [1790405240.239701399] [behavior_server]: Deactivating
[controller_server-11] [INFO] [1790405240.239424519] [rclcpp]: signal_handler(SIGINT/SIGTERM)
[controller_server-11] [INFO] [1790405240.239548770] [controller_server]: Running Nav2 LifecycleNode rcl preshutdown (controller_server)
[controller_server-11] [INFO] [1790405240.239640552] [controller_server]: Deactivating
[controller_server-11] [INFO] [1790405240.239685126] [local_costmap.local_costmap]: Deactivating
[lifecycle_manager-17] [INFO] [1790405240.239420089] [rclcpp]: signal_handler(SIGINT/SIGTERM)
[lifecycle_manager-18] [INFO] [1790405240.239430800] [rclcpp]: signal_handler(SIGINT/SIGTERM)
[lifecycle_manager-18] [INFO] [1790405240.239546997] [lifecycle_manager_navigation]: Running Nav2 LifecycleManager rcl preshutdown (lifecycle_manager_navigation)
[lifecycle_manager-18] [INFO] [1790405240.239595033] [lifecycle_manager_navigation]: [34m[1mTerminating bond timer...[0m[0m
[waypoint_follower-14] [INFO] [1790405240.239436274] [rclcpp]: signal_handler(SIGINT/SIGTERM)
[waypoint_follower-14] [INFO] [1790405240.239570025] [waypoint_follower]: Running Nav2 LifecycleNode rcl preshutdown (waypoint_follower)
[waypoint_follower-14] [INFO] [1790405240.239641660] [waypoint_follower]: Deactivating
[waypoint_follower-14] [INFO] [1790405240.239671321] [waypoint_follower]: Destroying bond (waypoint_follower) to lifecycle manager.
[amcl-9] [INFO] [1790405240.239501224] [rclcpp]: signal_handler(SIGINT/SIGTERM)
[amcl-9] [INFO] [1790405240.239572995] [amcl]: Running Nav2 LifecycleNode rcl preshutdown (amcl)
[amcl-9] [INFO] [1790405240.239647822] [amcl]: Deactivating
[amcl-9] [INFO] [1790405240.239671498] [amcl]: Destroying bond (amcl) to lifecycle manager.
[map_server-8] [INFO] [1790405240.239529594] [rclcpp]: signal_handler(SIGINT/SIGTERM)
[map_server-8] [INFO] [1790405240.239678334] [map_server]: Running Nav2 LifecycleNode rcl preshutdown (map_server)
[map_server-8] [INFO] [1790405240.239752112] [map_server]: Deactivating
[INFO] [lifecycle_manager-18]: sending signal 'SIGINT' to process[lifecycle_manager-18]
[INFO] [lifecycle_manager-17]: sending signal 'SIGINT' to process[lifecycle_manager-17]
[INFO] [goal_pose_bridge.py-16]: sending signal 'SIGINT' to process[goal_pose_bridge.py-16]
[INFO] [waypoint_follower-14]: sending signal 'SIGINT' to process[waypoint_follower-14]
[INFO] [behavior_server-13]: sending signal 'SIGINT' to process[behavior_server-13]
[INFO] [bt_navigator-12]: sending signal 'SIGINT' to process[bt_navigator-12]
[ERROR] [goal_pose_bridge.py-16]: process has died [pid 25791, exit code -2, cmd '/home/haduckien/nav_ws/install/custom_corridor/lib/custom_corridor/goal_pose_bridge.py --ros-args -r __node:=goal_pose_bridge --params-file /tmp/launch_params_nns05hm6'].
[INFO] [controller_server-11]: sending signal 'SIGINT' to process[controller_server-11]
[INFO] [planner_server-10]: sending signal 'SIGINT' to process[planner_server-10]
[INFO] [amcl-9]: sending signal 'SIGINT' to process[amcl-9]
[INFO] [map_server-8]: sending signal 'SIGINT' to process[map_server-8]
[INFO] [python3-5]: sending signal 'SIGINT' to process[python3-5]
[INFO] [python3-4]: sending signal 'SIGINT' to process[python3-4]
[ERROR] [amcl-9]: process has died [pid 25784, exit code -2, cmd '/opt/ros/jazzy/lib/nav2_amcl/amcl --ros-args -r __node:=amcl --params-file /home/haduckien/nav_ws/src/custom_corridor/worlds/school_arena/demo_1/scenario_generator/generated/ep_000001/nav2_school.yaml --params-file /tmp/launch_params_pu5ejmnp'].
[INFO] [robot_state_publisher-3]: sending signal 'SIGINT' to process[robot_state_publisher-3]
[ERROR] [map_server-8]: process has died [pid 25783, exit code -2, cmd '/opt/ros/jazzy/lib/nav2_map_server/map_server --ros-args -r __node:=map_server --params-file /home/haduckien/nav_ws/src/custom_corridor/worlds/school_arena/demo_1/scenario_generator/generated/ep_000001/nav2_school.yaml --params-file /tmp/launch_params_tcymb800'].
[INFO] [parameter_bridge-2]: sending signal 'SIGINT' to process[parameter_bridge-2]
[INFO] [gz-1]: sending signal 'SIGINT' to process[gz-1]
[ERROR] [python3-5]: process has died [pid 25575, exit code -2, cmd 'python3 /home/haduckien/nav_ws/src/custom_corridor/worlds/school_arena/demo_1/pose_sync_monitor.py --ros-args -p use_sim_time:=true -p robot_name:=robot -p world_frame:=map -p initial_x:=0.0 -p initial_y:=-7.85'].
[ERROR] [robot_state_publisher-3]: process has died [pid 25573, exit code -2, cmd '/opt/ros/jazzy/lib/robot_state_publisher/robot_state_publisher --ros-args --params-file /tmp/launch_params_v88ykxq8'].
[planner_server-10] [INFO] [1790405240.239655244] [rclcpp]: signal_handler(SIGINT/SIGTERM)
[planner_server-10] [INFO] [1790405240.239742599] [planner_server]: Running Nav2 LifecycleNode rcl preshutdown (planner_server)
[planner_server-10] [INFO] [1790405240.239803996] [planner_server]: Deactivating
[planner_server-10] [INFO] [1790405240.239844658] [global_costmap.global_costmap]: Deactivating
[ERROR] [python3-4]: process has died [pid 25574, exit code -2, cmd 'python3 /home/haduckien/nav_ws/src/custom_corridor/worlds/school_arena/demo_1/collision_safe_pose_applier.py --ros-args -p use_sim_time:=true -p world_name:=school_arena -p target_topic:=/school_hunav/target_poses -p map_yaml:=/home/haduckien/nav_ws/src/custom_corridor/worlds/school_arena/demo_1/map.yaml -p agent_radius:=0.22 -p apply_hz:=20.0 -p ground_z:=0.0'].
[behavior_server-13] [INFO] [1790405240.239734297] [behavior_server]: Destroying bond (behavior_server) to lifecycle manager.
[behavior_server-13] [INFO] [1790405240.250497315] [behavior_server]: Cleaning up
[lifecycle_manager-17] [INFO] [1790405240.239798201] [lifecycle_manager_localization]: Running Nav2 LifecycleManager rcl preshutdown (lifecycle_manager_localization)
[lifecycle_manager-17] [INFO] [1790405240.239841887] [lifecycle_manager_localization]: [34m[1mTerminating bond timer...[0m[0m
[map_server-8] [INFO] [1790405240.239778625] [map_server]: Destroying bond (map_server) to lifecycle manager.
[map_server-8] [INFO] [1790405240.250157978] [map_server]: Cleaning up
[map_server-8] [INFO] [1790405240.250226868] [map_server]: Destroying bond (map_server) to lifecycle manager.
[parameter_bridge-2] [INFO] [1790405240.239674280] [rclcpp]: signal_handler(SIGINT/SIGTERM)
[bt_navigator-12] [INFO] [1790405240.239943371] [rclcpp]: signal_handler(SIGINT/SIGTERM)
[bt_navigator-12] [INFO] [1790405240.240032389] [bt_navigator]: Running Nav2 LifecycleNode rcl preshutdown (bt_navigator)
[bt_navigator-12] [INFO] [1790405240.240093065] [bt_navigator]: Deactivating
[bt_navigator-12] [INFO] [1790405240.240123591] [bt_navigator]: Destroying bond (bt_navigator) to lifecycle manager.
[bt_navigator-12] [INFO] [1790405240.250892719] [bt_navigator]: Cleaning up
[robot_state_publisher-3] [INFO] [1790405240.240715999] [rclcpp]: signal_handler(SIGINT/SIGTERM)
[planner_server-10] [INFO] [1790405240.247709938] [planner_server]: Deactivating plugin GridBased of type SmacPlanner2D
[planner_server-10] [INFO] [1790405240.247781640] [planner_server]: Destroying bond (planner_server) to lifecycle manager.
[planner_server-10] [INFO] [1790405240.258426402] [planner_server]: Cleaning up
[waypoint_follower-14] [INFO] [1790405240.250081752] [waypoint_follower]: Cleaning up
[waypoint_follower-14] [INFO] [1790405240.258998834] [waypoint_follower]: Destroying bond (waypoint_follower) to lifecycle manager.
[amcl-9] [INFO] [1790405240.250182916] [amcl]: Cleaning up
[amcl-9] [INFO] [1790405240.256249269] [amcl]: Destroying bond (amcl) to lifecycle manager.
[behavior_server-13] [INFO] [1790405240.260469322] [behavior_server]: Destroying bond (behavior_server) to lifecycle manager.
[map_server-8] [INFO] [1790405240.260823972] [map_server]: Destroying
[lifecycle_manager-17] [INFO] [1790405240.273410667] [rclcpp]: signal_handler(SIGINT/SIGTERM)
[lifecycle_manager-17] [INFO] [1790405240.275320484] [lifecycle_manager_localization]: Destroying lifecycle_manager_localization
[waypoint_follower-14] [INFO] [1790405240.278098028] [rclcpp]: signal_handler(SIGINT/SIGTERM)
[behavior_server-13] [INFO] [1790405240.280725131] [rclcpp]: signal_handler(SIGINT/SIGTERM)
[waypoint_follower-14] [INFO] [1790405240.280818428] [waypoint_follower]: Destroying
[amcl-9] [INFO] [1790405240.283438260] [amcl]: Destroying
[planner_server-10] [INFO] [1790405240.297891895] [global_costmap.global_costmap]: Cleaning up
[behavior_server-13] [INFO] [1790405240.302694146] [behavior_server]: Destroying
[planner_server-10] [INFO] [1790405240.305915582] [planner_server]: Cleaning up plugin GridBased of type SmacPlanner2D
[planner_server-10] [INFO] [1790405240.306205585] [planner_server]: Destroying plugin GridBased of type SmacPlanner2D
[lifecycle_manager-18] [INFO] [1790405240.315463140] [rclcpp]: signal_handler(SIGINT/SIGTERM)
[lifecycle_manager-18] [INFO] [1790405240.315594898] [lifecycle_manager_navigation]: Destroying lifecycle_manager_navigation
[parameter_bridge-2] [INFO] [1790405240.316890344] [rclcpp]: signal_handler(SIGINT/SIGTERM)
[planner_server-10] [INFO] [1790405240.320730066] [planner_server]: Destroying bond (planner_server) to lifecycle manager.
[planner_server-10] [INFO] [1790405240.321872542] [rclcpp]: signal_handler(SIGINT/SIGTERM)
[planner_server-10] [INFO] [1790405240.323356317] [global_costmap.global_costmap]: Destroying
[planner_server-10] [INFO] [1790405240.328893918] [planner_server]: Destroying
[bt_navigator-12] [INFO] [1790405240.343751843] [bt_navigator]: Completed Cleaning up
[bt_navigator-12] [INFO] [1790405240.343869100] [bt_navigator]: Destroying bond (bt_navigator) to lifecycle manager.
[bt_navigator-12] [INFO] [1790405240.346228027] [rclcpp]: signal_handler(SIGINT/SIGTERM)
[bt_navigator-12] [INFO] [1790405240.348663847] [bt_navigator]: Destroying
[INFO] [parameter_bridge-2]: process has finished cleanly [pid 25572]
[controller_server-11] [INFO] [1790405240.404426631] [controller_server]: Destroying bond (controller_server) to lifecycle manager.
[INFO] [lifecycle_manager-17]: process has finished cleanly [pid 25945]
[INFO] [waypoint_follower-14]: process has finished cleanly [pid 25789]
[controller_server-11] [INFO] [1790405240.414672304] [controller_server]: Cleaning up
[controller_server-11] [INFO] [1790405240.414792315] [local_costmap.local_costmap]: Cleaning up
[controller_server-11] [INFO] [1790405240.420229920] [controller_server]: Destroying bond (controller_server) to lifecycle manager.
[controller_server-11] [INFO] [1790405240.421260684] [rclcpp]: signal_handler(SIGINT/SIGTERM)
[controller_server-11] [INFO] [1790405240.423582063] [local_costmap.local_costmap]: Destroying
[controller_server-11] [INFO] [1790405240.426789324] [controller_server]: Destroying
[INFO] [behavior_server-13]: process has finished cleanly [pid 25788]
[INFO] [lifecycle_manager-18]: process has finished cleanly [pid 26078]
[INFO] [planner_server-10]: process has finished cleanly [pid 25785]
[INFO] [bt_navigator-12]: process has finished cleanly [pid 25787]
[INFO] [controller_server-11]: process has finished cleanly [pid 25786]
[INFO] [gz-1]: process has finished cleanly [pid 25571]
[INFO] [launch]: All log files can be found below /home/haduckien/.ros/log/2026-09-26-13-47-46-056688-Raccoon2005-26576
[INFO] [launch]: Default logging verbosity is set to INFO
[INFO] [gz-1]: process started with pid [26587]
[INFO] [parameter_bridge-2]: process started with pid [26588]
[INFO] [robot_state_publisher-3]: process started with pid [26589]
[INFO] [python3-4]: process started with pid [26590]
[INFO] [python3-5]: process started with pid [26591]
[robot_state_publisher-3] [INFO] [1790405266.160075728] [robot_state_publisher]: Robot initialized
[python3-4] [INFO] [1790405266.467943890] [school_collision_safe_pose_applier]: Wall guard active: map=/home/haduckien/nav_ws/src/custom_corridor/worlds/school_arena/demo_1/map.yaml, radius=0.22 m, topic=/school_hunav/target_poses
[python3-5] [INFO] [1790405266.495712625] [school_pose_sync_monitor]: Gazebo/RViz sync monitor active: orange pose=/demo/gazebo_robot_pose
[parameter_bridge-2] [INFO] [1790405267.187565371] [ros_gz_bridge]: Creating GZ->ROS Bridge: [/clock (gz.msgs.Clock) -> /clock (rosgraph_msgs/msg/Clock)] (Lazy 0)
[parameter_bridge-2] [INFO] [1790405267.188229941] [ros_gz_bridge]: Creating GZ->ROS Bridge: [/joint_states (gz.msgs.Model) -> /joint_states (sensor_msgs/msg/JointState)] (Lazy 0)
[parameter_bridge-2] [INFO] [1790405267.190556487] [ros_gz_bridge]: Creating GZ->ROS Bridge: [/odom (gz.msgs.Odometry) -> /odom (nav_msgs/msg/Odometry)] (Lazy 0)
[parameter_bridge-2] [INFO] [1790405267.191845778] [ros_gz_bridge]: Creating GZ->ROS Bridge: [/tf (gz.msgs.Pose_V) -> /tf (tf2_msgs/msg/TFMessage)] (Lazy 0)
[parameter_bridge-2] [INFO] [1790405267.193017784] [ros_gz_bridge]: Creating GZ->ROS Bridge: [/scan (gz.msgs.LaserScan) -> /scan (sensor_msgs/msg/LaserScan)] (Lazy 0)
[parameter_bridge-2] [INFO] [1790405267.193541335] [ros_gz_bridge]: Creating ROS->GZ Bridge: [/cmd_vel (geometry_msgs/msg/Twist) -> /cmd_vel (gz.msgs.Twist)] (Lazy 0)
[parameter_bridge-2] [INFO] [1790405267.194197348] [ros_gz_bridge]: Creating GZ->ROS Bridge: [/world/school_arena/dynamic_pose/info (gz.msgs.Pose_V) -> /world/school_arena/dynamic_pose/info (tf2_msgs/msg/TFMessage)] (Lazy 0)
[parameter_bridge-2] [INFO] [1790405267.194606491] [ros_gz_bridge]: Creating ROS->GZ service bridge [/world/school_arena/set_pose (ros_gz_interfaces/srv/SetEntityPose -> gz.msgs.Pose/gz.msgs.Boolean)]
[parameter_bridge-2] [INFO] [1790405267.195541154] [ros_gz_bridge]: Creating ROS->GZ service bridge [/world/school_arena/control (ros_gz_interfaces/srv/ControlWorld -> gz.msgs.WorldControl/gz.msgs.Boolean)]
[parameter_bridge-2] [INFO] [1790405267.195840443] [ros_gz_bridge]: Creating GZ->ROS Bridge: [/robot/camera/image_raw (gz.msgs.Image) -> /robot/camera/image_raw (sensor_msgs/msg/Image)] (Lazy 0)
[INFO] [create-6]: process started with pid [26692]
[create-6] [INFO] [1790405269.361011065] [ros_gz_sim]: Entity creation successful.
[gz-1] [1;33mWarning [Utils.cc:132][0m [/sdf/model[@name="turtlebot3_burger_camera"]/link[@name="base_scan"]/sensor[@name="hls_lfcd_lds"]/gz_frame_id:/home/haduckien/nav_ws/src/custom_corridor/worlds/school_arena/demo_1/demo_robot.sdf:L153]: XML Element[gz_frame_id], child of element[sensor], not defined in SDF. Copying[gz_frame_id] as children of [sensor].
[INFO] [create-6]: process has finished cleanly [pid 26692]
[INFO] [python3-7]: process started with pid [26717]
[python3-7] [INFO] [1790405269.996047838] [school_wait_for_robot_tf]: Robot odom/TF and simulation clock ready
[INFO] [python3-7]: process has finished cleanly [pid 26717]
[INFO] [map_server-8]: process started with pid [26794]
[INFO] [amcl-9]: process started with pid [26795]
[INFO] [planner_server-10]: process started with pid [26796]
[INFO] [controller_server-11]: process started with pid [26797]
[INFO] [bt_navigator-12]: process started with pid [26798]
[INFO] [behavior_server-13]: process started with pid [26799]
[INFO] [waypoint_follower-14]: process started with pid [26800]
[INFO] [python3-15]: process started with pid [26801]
[INFO] [goal_pose_bridge.py-16]: process started with pid [26802]
[controller_server-11] [INFO] [1790405270.220938443] [controller_server]: 
[controller_server-11] 	controller_server lifecycle node launched. 
[controller_server-11] 	Waiting on external lifecycle transitions to activate
[controller_server-11] 	See https://design.ros2.org/articles/node_lifecycle.html for more information.
[behavior_server-13] [INFO] [1790405270.224780030] [behavior_server]: 
[behavior_server-13] 	behavior_server lifecycle node launched. 
[behavior_server-13] 	Waiting on external lifecycle transitions to activate
[behavior_server-13] 	See https://design.ros2.org/articles/node_lifecycle.html for more information.
[controller_server-11] [INFO] [1790405270.226071770] [controller_server]: Creating controller server
[controller_server-11] [INFO] [1790405270.242091226] [local_costmap.local_costmap]: 
[controller_server-11] 	local_costmap lifecycle node launched. 
[controller_server-11] 	Waiting on external lifecycle transitions to activate
[controller_server-11] 	See https://design.ros2.org/articles/node_lifecycle.html for more information.
[controller_server-11] [INFO] [1790405270.242676231] [local_costmap.local_costmap]: Creating Costmap
[planner_server-10] [INFO] [1790405270.242622706] [planner_server]: 
[planner_server-10] 	planner_server lifecycle node launched. 
[planner_server-10] 	Waiting on external lifecycle transitions to activate
[planner_server-10] 	See https://design.ros2.org/articles/node_lifecycle.html for more information.
[planner_server-10] [INFO] [1790405270.244289252] [planner_server]: Creating
[waypoint_follower-14] [INFO] [1790405270.244508034] [waypoint_follower]: 
[waypoint_follower-14] 	waypoint_follower lifecycle node launched. 
[waypoint_follower-14] 	Waiting on external lifecycle transitions to activate
[waypoint_follower-14] 	See https://design.ros2.org/articles/node_lifecycle.html for more information.
[waypoint_follower-14] [INFO] [1790405270.245170255] [waypoint_follower]: Creating
[amcl-9] [INFO] [1790405270.248055900] [amcl]: 
[amcl-9] 	amcl lifecycle node launched. 
[amcl-9] 	Waiting on external lifecycle transitions to activate
[amcl-9] 	See https://design.ros2.org/articles/node_lifecycle.html for more information.
[amcl-9] [INFO] [1790405270.249429461] [amcl]: Creating
[bt_navigator-12] [INFO] [1790405270.251536784] [bt_navigator]: 
[bt_navigator-12] 	bt_navigator lifecycle node launched. 
[bt_navigator-12] 	Waiting on external lifecycle transitions to activate
[bt_navigator-12] 	See https://design.ros2.org/articles/node_lifecycle.html for more information.
[bt_navigator-12] [INFO] [1790405270.253704135] [bt_navigator]: Creating
[map_server-8] [INFO] [1790405270.256533361] [map_server]: 
[map_server-8] 	map_server lifecycle node launched. 
[map_server-8] 	Waiting on external lifecycle transitions to activate
[map_server-8] 	See https://design.ros2.org/articles/node_lifecycle.html for more information.
[map_server-8] [INFO] [1790405270.256766884] [map_server]: Creating
[planner_server-10] [INFO] [1790405270.260462729] [global_costmap.global_costmap]: 
[planner_server-10] 	global_costmap lifecycle node launched. 
[planner_server-10] 	Waiting on external lifecycle transitions to activate
[planner_server-10] 	See https://design.ros2.org/articles/node_lifecycle.html for more information.
[planner_server-10] [INFO] [1790405270.260886334] [global_costmap.global_costmap]: Creating Costmap
[goal_pose_bridge.py-16] [INFO] [1790405270.874334793] [goal_pose_bridge]: GoalPoseBridge started: listening on /goal_pose -> forwarding to /navigate_to_pose
[INFO] [lifecycle_manager-17]: process started with pid [26943]
[lifecycle_manager-17] [INFO] [1790405272.210973922] [lifecycle_manager_localization]: Creating
[lifecycle_manager-17] [INFO] [1790405272.215117911] [lifecycle_manager_localization]: [34m[1mCreating and initializing lifecycle service clients[0m[0m
[lifecycle_manager-17] [INFO] [1790405274.005735276] [lifecycle_manager_localization]: [34m[1mStarting managed nodes bringup...[0m[0m
[lifecycle_manager-17] [INFO] [1790405274.005786283] [lifecycle_manager_localization]: [34m[1mConfiguring map_server[0m[0m
[map_server-8] [INFO] [1790405274.006139832] [map_server]: Configuring
[map_server-8] [INFO] [1790405274.006224406] [map_io]: Loading yaml file: /home/haduckien/nav_ws/src/custom_corridor/worlds/school_arena/demo_1/map.yaml
[map_server-8] [INFO] [1790405274.006502726] [map_io]: resolution: 0.05
[map_server-8] [INFO] [1790405274.006518516] [map_io]: origin[0]: -16
[map_server-8] [INFO] [1790405274.006525469] [map_io]: origin[1]: -14
[map_server-8] [INFO] [1790405274.006530619] [map_io]: origin[2]: 0
[map_server-8] [INFO] [1790405274.006536156] [map_io]: free_thresh: 0.25
[map_server-8] [INFO] [1790405274.006541142] [map_io]: occupied_thresh: 0.65
[map_server-8] [INFO] [1790405274.006549356] [map_io]: mode: trinary
[map_server-8] [INFO] [1790405274.006555105] [map_io]: negate: 0
[map_server-8] [INFO] [1790405274.006757348] [map_io]: Loading image_file: /home/haduckien/nav_ws/src/custom_corridor/worlds/school_arena/demo_1/map.pgm
[map_server-8] [INFO] [1790405274.013747085] [map_io]: Read map /home/haduckien/nav_ws/src/custom_corridor/worlds/school_arena/demo_1/map.pgm: 730 X 580 map @ 0.05 m/cell
[lifecycle_manager-17] [INFO] [1790405274.020673370] [lifecycle_manager_localization]: [34m[1mConfiguring amcl[0m[0m
[amcl-9] [INFO] [1790405274.020953917] [amcl]: Configuring
[amcl-9] [INFO] [1790405274.021060708] [amcl]: initTransforms
[amcl-9] [INFO] [1790405274.032996828] [amcl]: initPubSub
[amcl-9] [INFO] [1790405274.040461929] [amcl]: Subscribed to map topic.
[lifecycle_manager-17] [INFO] [1790405274.046361249] [lifecycle_manager_localization]: [34m[1mActivating map_server[0m[0m
[map_server-8] [INFO] [1790405274.046685115] [map_server]: Activating
[map_server-8] [INFO] [1790405274.048115962] [map_server]: Creating bond (map_server) to lifecycle manager.
[amcl-9] [INFO] [1790405274.059078157] [amcl]: Received a 730 X 580 map @ 0.050 m/pix
[lifecycle_manager-17] [INFO] [1790405274.154324267] [lifecycle_manager_localization]: Server map_server connected with bond.
[lifecycle_manager-17] [INFO] [1790405274.154407194] [lifecycle_manager_localization]: [34m[1mActivating amcl[0m[0m
[amcl-9] [INFO] [1790405274.154678808] [amcl]: Activating
[amcl-9] [INFO] [1790405274.154723323] [amcl]: Creating bond (amcl) to lifecycle manager.
[amcl-9] [INFO] [1790405274.161344121] [amcl]: initialPoseReceived
[amcl-9] [INFO] [1790405274.161688289] [amcl]: Setting pose (5.212000): 0.000 -7.850 -2.978
[amcl-9] [INFO] [1790405274.172223304] [amcl]: createLaserObject
[python3-15] [INFO] [1790405274.178296660] [school_episode_initial_pose]: Published /initialpose from episode: 0.000, -7.850, -2.978
[python3-5] [INFO] [1790405274.253942135] [school_pose_sync_monitor]: Gazebo↔RViz pose error=0.018 m (gz=0.00,-7.85; tf=-0.00,-7.87)
[lifecycle_manager-17] [INFO] [1790405274.260716894] [lifecycle_manager_localization]: Server amcl connected with bond.
[lifecycle_manager-17] [INFO] [1790405274.260767078] [lifecycle_manager_localization]: [34m[1mManaged nodes are active[0m[0m
[lifecycle_manager-17] [INFO] [1790405274.260777627] [lifecycle_manager_localization]: [34m[1mCreating bond timer...[0m[0m
[WARNING] [launch]: user interrupted with ctrl-c (SIGINT)
[INFO] [lifecycle_manager-17]: sending signal 'SIGINT' to process[lifecycle_manager-17]
[INFO] [goal_pose_bridge.py-16]: sending signal 'SIGINT' to process[goal_pose_bridge.py-16]
[INFO] [python3-15]: sending signal 'SIGINT' to process[python3-15]
[INFO] [waypoint_follower-14]: sending signal 'SIGINT' to process[waypoint_follower-14]
[INFO] [behavior_server-13]: sending signal 'SIGINT' to process[behavior_server-13]
[INFO] [bt_navigator-12]: sending signal 'SIGINT' to process[bt_navigator-12]
[INFO] [controller_server-11]: sending signal 'SIGINT' to process[controller_server-11]
[ERROR] [waypoint_follower-14]: process has died [pid 26800, exit code -2, cmd '/opt/ros/jazzy/lib/nav2_waypoint_follower/waypoint_follower --ros-args -r __node:=waypoint_follower --params-file /home/haduckien/nav_ws/src/custom_corridor/worlds/school_arena/demo_1/scenario_generator/generated/ep_000001/nav2_school.yaml'].
[ERROR] [goal_pose_bridge.py-16]: process has died [pid 26802, exit code -2, cmd '/home/haduckien/nav_ws/install/custom_corridor/lib/custom_corridor/goal_pose_bridge.py --ros-args -r __node:=goal_pose_bridge --params-file /tmp/launch_params_8omgaplz'].
[ERROR] [behavior_server-13]: process has died [pid 26799, exit code -2, cmd '/opt/ros/jazzy/lib/nav2_behaviors/behavior_server --ros-args -r __node:=behavior_server --params-file /home/haduckien/nav_ws/src/custom_corridor/worlds/school_arena/demo_1/scenario_generator/generated/ep_000001/nav2_school.yaml'].
[ERROR] [bt_navigator-12]: process has died [pid 26798, exit code -2, cmd '/opt/ros/jazzy/lib/nav2_bt_navigator/bt_navigator --ros-args -r __node:=bt_navigator --params-file /home/haduckien/nav_ws/src/custom_corridor/worlds/school_arena/demo_1/scenario_generator/generated/ep_000001/nav2_school.yaml'].
[INFO] [planner_server-10]: sending signal 'SIGINT' to process[planner_server-10]
[INFO] [amcl-9]: sending signal 'SIGINT' to process[amcl-9]
[INFO] [map_server-8]: sending signal 'SIGINT' to process[map_server-8]
[ERROR] [controller_server-11]: process has died [pid 26797, exit code -2, cmd '/opt/ros/jazzy/lib/nav2_controller/controller_server --ros-args -r __node:=controller_server --params-file /home/haduckien/nav_ws/src/custom_corridor/worlds/school_arena/demo_1/scenario_generator/generated/ep_000001/nav2_school.yaml'].
[INFO] [python3-5]: sending signal 'SIGINT' to process[python3-5]
[INFO] [python3-4]: sending signal 'SIGINT' to process[python3-4]
[ERROR] [planner_server-10]: process has died [pid 26796, exit code -2, cmd '/opt/ros/jazzy/lib/nav2_planner/planner_server --ros-args -r __node:=planner_server --params-file /home/haduckien/nav_ws/src/custom_corridor/worlds/school_arena/demo_1/scenario_generator/generated/ep_000001/nav2_school.yaml'].
[INFO] [robot_state_publisher-3]: sending signal 'SIGINT' to process[robot_state_publisher-3]
[ERROR] [amcl-9]: process has died [pid 26795, exit code -2, cmd '/opt/ros/jazzy/lib/nav2_amcl/amcl --ros-args -r __node:=amcl --params-file /home/haduckien/nav_ws/src/custom_corridor/worlds/school_arena/demo_1/scenario_generator/generated/ep_000001/nav2_school.yaml --params-file /tmp/launch_params_zke982j4'].
[ERROR] [map_server-8]: process has died [pid 26794, exit code -2, cmd '/opt/ros/jazzy/lib/nav2_map_server/map_server --ros-args -r __node:=map_server --params-file /home/haduckien/nav_ws/src/custom_corridor/worlds/school_arena/demo_1/scenario_generator/generated/ep_000001/nav2_school.yaml --params-file /tmp/launch_params_6cbof8d8'].
[INFO] [parameter_bridge-2]: sending signal 'SIGINT' to process[parameter_bridge-2]
[INFO] [gz-1]: sending signal 'SIGINT' to process[gz-1]
[lifecycle_manager-17] [INFO] [1790405274.350262083] [rclcpp]: signal_handler(SIGINT/SIGTERM)
[lifecycle_manager-17] [INFO] [1790405274.350383899] [lifecycle_manager_localization]: Running Nav2 LifecycleManager rcl preshutdown (lifecycle_manager_localization)
[lifecycle_manager-17] [INFO] [1790405274.350415412] [lifecycle_manager_localization]: [34m[1mTerminating bond timer...[0m[0m
[waypoint_follower-14] [INFO] [1790405274.350267485] [rclcpp]: signal_handler(SIGINT/SIGTERM)
[waypoint_follower-14] [INFO] [1790405274.350392833] [waypoint_follower]: Running Nav2 LifecycleNode rcl preshutdown (waypoint_follower)
[waypoint_follower-14] [INFO] [1790405274.350434557] [waypoint_follower]: Destroying bond (waypoint_follower) to lifecycle manager.
[map_server-8] [INFO] [1790405274.350279480] [rclcpp]: signal_handler(SIGINT/SIGTERM)
[map_server-8] [INFO] [1790405274.350385635] [map_server]: Running Nav2 LifecycleNode rcl preshutdown (map_server)
[map_server-8] [INFO] [1790405274.350448206] [map_server]: Deactivating
[map_server-8] [INFO] [1790405274.350543799] [map_server]: Destroying bond (map_server) to lifecycle manager.
[controller_server-11] [INFO] [1790405274.350284244] [rclcpp]: signal_handler(SIGINT/SIGTERM)
[controller_server-11] [INFO] [1790405274.350385443] [controller_server]: Running Nav2 LifecycleNode rcl preshutdown (controller_server)
[controller_server-11] [INFO] [1790405274.350427337] [controller_server]: Destroying bond (controller_server) to lifecycle manager.
[amcl-9] [INFO] [1790405274.350282458] [rclcpp]: signal_handler(SIGINT/SIGTERM)
[amcl-9] [INFO] [1790405274.350385516] [amcl]: Running Nav2 LifecycleNode rcl preshutdown (amcl)
[amcl-9] [INFO] [1790405274.350451745] [amcl]: Deactivating
[amcl-9] [INFO] [1790405274.350723018] [amcl]: Destroying bond (amcl) to lifecycle manager.
[ERROR] [robot_state_publisher-3]: process has died [pid 26589, exit code -2, cmd '/opt/ros/jazzy/lib/robot_state_publisher/robot_state_publisher --ros-args --params-file /tmp/launch_params_fk2m4sgm'].
[bt_navigator-12] [INFO] [1790405274.350283482] [rclcpp]: signal_handler(SIGINT/SIGTERM)
[bt_navigator-12] [INFO] [1790405274.350388618] [bt_navigator]: Running Nav2 LifecycleNode rcl preshutdown (bt_navigator)
[bt_navigator-12] [INFO] [1790405274.350428702] [bt_navigator]: Destroying bond (bt_navigator) to lifecycle manager.
[robot_state_publisher-3] [INFO] [1790405274.350286258] [rclcpp]: signal_handler(SIGINT/SIGTERM)
[planner_server-10] [INFO] [1790405274.350510520] [rclcpp]: signal_handler(SIGINT/SIGTERM)
[planner_server-10] [INFO] [1790405274.350565975] [planner_server]: Running Nav2 LifecycleNode rcl preshutdown (planner_server)
[planner_server-10] [INFO] [1790405274.350586974] [planner_server]: Destroying bond (planner_server) to lifecycle manager.
[planner_server-10] [INFO] [1790405274.356230885] [global_costmap.global_costmap]: Destroying
[parameter_bridge-2] [INFO] [1790405274.350586306] [rclcpp]: signal_handler(SIGINT/SIGTERM)
[waypoint_follower-14] [INFO] [1790405274.351683953] [waypoint_follower]: Destroying
[behavior_server-13] [INFO] [1790405274.353164790] [rclcpp]: signal_handler(SIGINT/SIGTERM)
[behavior_server-13] [INFO] [1790405274.353319185] [behavior_server]: Running Nav2 LifecycleNode rcl preshutdown (behavior_server)
[behavior_server-13] [INFO] [1790405274.353355868] [behavior_server]: Destroying bond (behavior_server) to lifecycle manager.
[behavior_server-13] [INFO] [1790405274.355124570] [behavior_server]: Destroying
[bt_navigator-12] [INFO] [1790405274.353575711] [bt_navigator]: Destroying
[controller_server-11] [INFO] [1790405274.356215809] [local_costmap.local_costmap]: Destroying
[map_server-8] [INFO] [1790405274.361025138] [map_server]: Cleaning up
[map_server-8] [INFO] [1790405274.361107715] [map_server]: Destroying bond (map_server) to lifecycle manager.
[amcl-9] [INFO] [1790405274.361676795] [amcl]: Cleaning up
[map_server-8] [INFO] [1790405274.368199859] [map_server]: Destroying
[amcl-9] [INFO] [1790405274.369272356] [amcl]: Destroying bond (amcl) to lifecycle manager.
[ERROR] [python3-5]: process has died [pid 26591, exit code -2, cmd 'python3 /home/haduckien/nav_ws/src/custom_corridor/worlds/school_arena/demo_1/pose_sync_monitor.py --ros-args -p use_sim_time:=true -p robot_name:=robot -p world_frame:=map -p initial_x:=0.0 -p initial_y:=-7.85'].
[ERROR] [python3-4]: process has died [pid 26590, exit code -2, cmd 'python3 /home/haduckien/nav_ws/src/custom_corridor/worlds/school_arena/demo_1/collision_safe_pose_applier.py --ros-args -p use_sim_time:=true -p world_name:=school_arena -p target_topic:=/school_hunav/target_poses -p map_yaml:=/home/haduckien/nav_ws/src/custom_corridor/worlds/school_arena/demo_1/map.yaml -p agent_radius:=0.22 -p apply_hz:=20.0 -p ground_z:=0.0'].
[python3-15] Traceback (most recent call last):
[python3-15]   File "/home/haduckien/nav_ws/install/custom_corridor/share/custom_corridor/launch/publish_episode_initial_pose.py", line 101, in main
[python3-15]     if (node.buffer.can_transform("map", "base_footprint", scan_time)
[python3-15]         ^^^^^^^^^^^^^^^^^^^^^^^^^^^^^^^^^^^^^^^^^^^^^^^^^^^^^^^^^^^^^
[python3-15]   File "/opt/ros/jazzy/lib/python3.12/site-packages/tf2_ros/buffer.py", line 215, in can_transform
[python3-15]     def can_transform(
[python3-15] 
[python3-15] KeyboardInterrupt
[python3-15] 
[python3-15] During handling of the above exception, another exception occurred:
[python3-15] 
[python3-15] Traceback (most recent call last):
[python3-15]   File "/home/haduckien/nav_ws/install/custom_corridor/share/custom_corridor/launch/publish_episode_initial_pose.py", line 115, in <module>
[python3-15]     raise SystemExit(main())
[python3-15]                      ^^^^^^
[python3-15]   File "/home/haduckien/nav_ws/install/custom_corridor/share/custom_corridor/launch/publish_episode_initial_pose.py", line 110, in main
[python3-15]     node.destroy_node()
[python3-15]   File "/opt/ros/jazzy/lib/python3.12/site-packages/rclpy/node.py", line 1968, in destroy_node
[python3-15]     self.__node.destroy_when_not_in_use()
[python3-15] KeyboardInterrupt
[controller_server-11] [INFO] [1790405274.373673659] [controller_server]: Destroying
[amcl-9] [INFO] [1790405274.376086757] [amcl]: Destroying
[lifecycle_manager-17] [INFO] [1790405274.382739495] [rclcpp]: signal_handler(SIGINT/SIGTERM)
[lifecycle_manager-17] [INFO] [1790405274.383117706] [lifecycle_manager_localization]: Destroying lifecycle_manager_localization
[planner_server-10] [INFO] [1790405274.383003091] [planner_server]: Destroying
[parameter_bridge-2] [INFO] [1790405274.395609616] [rclcpp]: signal_handler(SIGINT/SIGTERM)
[ERROR] [python3-15]: process has died [pid 26801, exit code -2, cmd 'python3 /home/haduckien/nav_ws/install/custom_corridor/share/custom_corridor/launch/publish_episode_initial_pose.py --params-file /home/haduckien/nav_ws/src/custom_corridor/worlds/school_arena/demo_1/scenario_generator/generated/ep_000001/nav2_school.yaml --ros-args -p use_sim_time:=true'].
[INFO] [parameter_bridge-2]: process has finished cleanly [pid 26588]
[INFO] [lifecycle_manager-17]: process has finished cleanly [pid 26943]
[INFO] [gz-1]: process has finished cleanly [pid 26587]
[INFO] [launch]: All log files can be found below /home/haduckien/.ros/log/2026-09-26-13-48-16-433001-Raccoon2005-27225
[INFO] [launch]: Default logging verbosity is set to INFO
[INFO] [gz-1]: process started with pid [27236]
[INFO] [parameter_bridge-2]: process started with pid [27237]
[INFO] [robot_state_publisher-3]: process started with pid [27238]
[INFO] [python3-4]: process started with pid [27239]
[INFO] [python3-5]: process started with pid [27240]
[robot_state_publisher-3] [INFO] [1790405296.539210837] [robot_state_publisher]: Robot initialized
[python3-4] [INFO] [1790405296.871436583] [school_collision_safe_pose_applier]: Wall guard active: map=/home/haduckien/nav_ws/src/custom_corridor/worlds/school_arena/demo_1/map.yaml, radius=0.22 m, topic=/school_hunav/target_poses
[python3-5] [INFO] [1790405296.958783226] [school_pose_sync_monitor]: Gazebo/RViz sync monitor active: orange pose=/demo/gazebo_robot_pose
[parameter_bridge-2] [INFO] [1790405297.573488887] [ros_gz_bridge]: Creating GZ->ROS Bridge: [/clock (gz.msgs.Clock) -> /clock (rosgraph_msgs/msg/Clock)] (Lazy 0)
[parameter_bridge-2] [INFO] [1790405297.574334271] [ros_gz_bridge]: Creating GZ->ROS Bridge: [/joint_states (gz.msgs.Model) -> /joint_states (sensor_msgs/msg/JointState)] (Lazy 0)
[parameter_bridge-2] [INFO] [1790405297.576208720] [ros_gz_bridge]: Creating GZ->ROS Bridge: [/odom (gz.msgs.Odometry) -> /odom (nav_msgs/msg/Odometry)] (Lazy 0)
[parameter_bridge-2] [INFO] [1790405297.577303306] [ros_gz_bridge]: Creating GZ->ROS Bridge: [/tf (gz.msgs.Pose_V) -> /tf (tf2_msgs/msg/TFMessage)] (Lazy 0)
[parameter_bridge-2] [INFO] [1790405297.578332520] [ros_gz_bridge]: Creating GZ->ROS Bridge: [/scan (gz.msgs.LaserScan) -> /scan (sensor_msgs/msg/LaserScan)] (Lazy 0)
[parameter_bridge-2] [INFO] [1790405297.578792759] [ros_gz_bridge]: Creating ROS->GZ Bridge: [/cmd_vel (geometry_msgs/msg/Twist) -> /cmd_vel (gz.msgs.Twist)] (Lazy 0)
[parameter_bridge-2] [INFO] [1790405297.579886735] [ros_gz_bridge]: Creating GZ->ROS Bridge: [/world/school_arena/dynamic_pose/info (gz.msgs.Pose_V) -> /world/school_arena/dynamic_pose/info (tf2_msgs/msg/TFMessage)] (Lazy 0)
[parameter_bridge-2] [INFO] [1790405297.580335361] [ros_gz_bridge]: Creating ROS->GZ service bridge [/world/school_arena/set_pose (ros_gz_interfaces/srv/SetEntityPose -> gz.msgs.Pose/gz.msgs.Boolean)]
[parameter_bridge-2] [INFO] [1790405297.581080346] [ros_gz_bridge]: Creating ROS->GZ service bridge [/world/school_arena/control (ros_gz_interfaces/srv/ControlWorld -> gz.msgs.WorldControl/gz.msgs.Boolean)]
[parameter_bridge-2] [INFO] [1790405297.581333765] [ros_gz_bridge]: Creating GZ->ROS Bridge: [/robot/camera/image_raw (gz.msgs.Image) -> /robot/camera/image_raw (sensor_msgs/msg/Image)] (Lazy 0)
[INFO] [create-6]: process started with pid [27357]
[create-6] [INFO] [1790405299.738492262] [ros_gz_sim]: Entity creation successful.
[gz-1] [1;33mWarning [Utils.cc:132][0m [/sdf/model[@name="turtlebot3_burger_camera"]/link[@name="base_scan"]/sensor[@name="hls_lfcd_lds"]/gz_frame_id:/home/haduckien/nav_ws/src/custom_corridor/worlds/school_arena/demo_1/demo_robot.sdf:L153]: XML Element[gz_frame_id], child of element[sensor], not defined in SDF. Copying[gz_frame_id] as children of [sensor].
[INFO] [create-6]: process has finished cleanly [pid 27357]
[INFO] [python3-7]: process started with pid [27379]
[python3-7] [INFO] [1790405300.371778064] [school_wait_for_robot_tf]: Robot odom/TF and simulation clock ready
[INFO] [python3-7]: process has finished cleanly [pid 27379]
[INFO] [map_server-8]: process started with pid [27451]
[INFO] [amcl-9]: process started with pid [27452]
[INFO] [planner_server-10]: process started with pid [27453]
[INFO] [controller_server-11]: process started with pid [27454]
[INFO] [bt_navigator-12]: process started with pid [27455]
[INFO] [behavior_server-13]: process started with pid [27456]
[INFO] [waypoint_follower-14]: process started with pid [27457]
[INFO] [python3-15]: process started with pid [27458]
[INFO] [goal_pose_bridge.py-16]: process started with pid [27459]
[amcl-9] [INFO] [1790405300.603462278] [amcl]: 
[amcl-9] 	amcl lifecycle node launched. 
[amcl-9] 	Waiting on external lifecycle transitions to activate
[amcl-9] 	See https://design.ros2.org/articles/node_lifecycle.html for more information.
[amcl-9] [INFO] [1790405300.604031210] [amcl]: Creating
[waypoint_follower-14] [INFO] [1790405300.614272243] [waypoint_follower]: 
[waypoint_follower-14] 	waypoint_follower lifecycle node launched. 
[behavior_server-13] [INFO] [1790405300.614362695] [behavior_server]: 
[behavior_server-13] 	behavior_server lifecycle node launched. 
[behavior_server-13] 	Waiting on external lifecycle transitions to activate
[behavior_server-13] 	See https://design.ros2.org/articles/node_lifecycle.html for more information.
[waypoint_follower-14] 	Waiting on external lifecycle transitions to activate
[waypoint_follower-14] 	See https://design.ros2.org/articles/node_lifecycle.html for more information.
[waypoint_follower-14] [INFO] [1790405300.616875854] [waypoint_follower]: Creating
[planner_server-10] [INFO] [1790405300.617510089] [planner_server]: 
[planner_server-10] 	planner_server lifecycle node launched. 
[planner_server-10] 	Waiting on external lifecycle transitions to activate
[planner_server-10] 	See https://design.ros2.org/articles/node_lifecycle.html for more information.
[planner_server-10] [INFO] [1790405300.618773910] [planner_server]: Creating
[controller_server-11] [INFO] [1790405300.622060851] [controller_server]: 
[controller_server-11] 	controller_server lifecycle node launched. 
[controller_server-11] 	Waiting on external lifecycle transitions to activate
[controller_server-11] 	See https://design.ros2.org/articles/node_lifecycle.html for more information.
[controller_server-11] [INFO] [1790405300.626040739] [controller_server]: Creating controller server
[map_server-8] [INFO] [1790405300.627475501] [map_server]: 
[map_server-8] 	map_server lifecycle node launched. 
[map_server-8] 	Waiting on external lifecycle transitions to activate
[map_server-8] 	See https://design.ros2.org/articles/node_lifecycle.html for more information.
[map_server-8] [INFO] [1790405300.627705562] [map_server]: Creating
[bt_navigator-12] [INFO] [1790405300.627916266] [bt_navigator]: 
[bt_navigator-12] 	bt_navigator lifecycle node launched. 
[bt_navigator-12] 	Waiting on external lifecycle transitions to activate
[bt_navigator-12] 	See https://design.ros2.org/articles/node_lifecycle.html for more information.
[bt_navigator-12] [INFO] [1790405300.630032668] [bt_navigator]: Creating
[planner_server-10] [INFO] [1790405300.630408981] [global_costmap.global_costmap]: 
[planner_server-10] 	global_costmap lifecycle node launched. 
[planner_server-10] 	Waiting on external lifecycle transitions to activate
[planner_server-10] 	See https://design.ros2.org/articles/node_lifecycle.html for more information.
[planner_server-10] [INFO] [1790405300.630787083] [global_costmap.global_costmap]: Creating Costmap
[controller_server-11] [INFO] [1790405300.636084515] [local_costmap.local_costmap]: 
[controller_server-11] 	local_costmap lifecycle node launched. 
[controller_server-11] 	Waiting on external lifecycle transitions to activate
[controller_server-11] 	See https://design.ros2.org/articles/node_lifecycle.html for more information.
[controller_server-11] [INFO] [1790405300.636837714] [local_costmap.local_costmap]: Creating Costmap
[goal_pose_bridge.py-16] [INFO] [1790405301.314884946] [goal_pose_bridge]: GoalPoseBridge started: listening on /goal_pose -> forwarding to /navigate_to_pose
[INFO] [lifecycle_manager-17]: process started with pid [27605]
[lifecycle_manager-17] [INFO] [1790405302.608761713] [lifecycle_manager_localization]: Creating
[lifecycle_manager-17] [INFO] [1790405302.614030938] [lifecycle_manager_localization]: [34m[1mCreating and initializing lifecycle service clients[0m[0m
[lifecycle_manager-17] [INFO] [1790405304.268649191] [lifecycle_manager_localization]: [34m[1mStarting managed nodes bringup...[0m[0m
[lifecycle_manager-17] [INFO] [1790405304.268700072] [lifecycle_manager_localization]: [34m[1mConfiguring map_server[0m[0m
[map_server-8] [INFO] [1790405304.269038249] [map_server]: Configuring
[map_server-8] [INFO] [1790405304.269109476] [map_io]: Loading yaml file: /home/haduckien/nav_ws/src/custom_corridor/worlds/school_arena/demo_1/map.yaml
[map_server-8] [INFO] [1790405304.269373602] [map_io]: resolution: 0.05
[map_server-8] [INFO] [1790405304.269385168] [map_io]: origin[0]: -16
[map_server-8] [INFO] [1790405304.269390135] [map_io]: origin[1]: -14
[map_server-8] [INFO] [1790405304.269392917] [map_io]: origin[2]: 0
[map_server-8] [INFO] [1790405304.269395953] [map_io]: free_thresh: 0.25
[map_server-8] [INFO] [1790405304.269399199] [map_io]: occupied_thresh: 0.65
[map_server-8] [INFO] [1790405304.269404393] [map_io]: mode: trinary
[map_server-8] [INFO] [1790405304.269408279] [map_io]: negate: 0
[map_server-8] [INFO] [1790405304.269583153] [map_io]: Loading image_file: /home/haduckien/nav_ws/src/custom_corridor/worlds/school_arena/demo_1/map.pgm
[map_server-8] [INFO] [1790405304.275533025] [map_io]: Read map /home/haduckien/nav_ws/src/custom_corridor/worlds/school_arena/demo_1/map.pgm: 730 X 580 map @ 0.05 m/cell
[lifecycle_manager-17] [INFO] [1790405304.286041814] [lifecycle_manager_localization]: [34m[1mConfiguring amcl[0m[0m
[amcl-9] [INFO] [1790405304.286211166] [amcl]: Configuring
[amcl-9] [INFO] [1790405304.286277210] [amcl]: initTransforms
[amcl-9] [INFO] [1790405304.292817326] [amcl]: initPubSub
[amcl-9] [INFO] [1790405304.304632278] [amcl]: Subscribed to map topic.
[lifecycle_manager-17] [INFO] [1790405304.309323939] [lifecycle_manager_localization]: [34m[1mActivating map_server[0m[0m
[map_server-8] [INFO] [1790405304.309722977] [map_server]: Activating
[map_server-8] [INFO] [1790405304.311432756] [map_server]: Creating bond (map_server) to lifecycle manager.
[amcl-9] [INFO] [1790405304.322432471] [amcl]: Received a 730 X 580 map @ 0.050 m/pix
[lifecycle_manager-17] [INFO] [1790405304.420604243] [lifecycle_manager_localization]: Server map_server connected with bond.
[lifecycle_manager-17] [INFO] [1790405304.420648817] [lifecycle_manager_localization]: [34m[1mActivating amcl[0m[0m
[amcl-9] [INFO] [1790405304.420971542] [amcl]: Activating
[amcl-9] [INFO] [1790405304.421025046] [amcl]: Creating bond (amcl) to lifecycle manager.
[amcl-9] [INFO] [1790405304.424520461] [amcl]: initialPoseReceived
[amcl-9] [INFO] [1790405304.424584614] [amcl]: Setting pose (5.059000): -0.000 -7.850 -2.978
[python3-15] [INFO] [1790405304.435904072] [school_episode_initial_pose]: Published /initialpose from episode: 0.000, -7.850, -2.978
[lifecycle_manager-17] [INFO] [1790405304.525441646] [lifecycle_manager_localization]: Server amcl connected with bond.
[lifecycle_manager-17] [INFO] [1790405304.525474375] [lifecycle_manager_localization]: [34m[1mManaged nodes are active[0m[0m
[lifecycle_manager-17] [INFO] [1790405304.525480088] [lifecycle_manager_localization]: [34m[1mCreating bond timer...[0m[0m
[amcl-9] [INFO] [1790405304.589004853] [amcl]: createLaserObject
[python3-5] [INFO] [1790405304.686691222] [school_pose_sync_monitor]: Gazebo↔RViz pose error=0.022 m (gz=0.00,-7.85; tf=-0.00,-7.87)
[python3-15] [INFO] [1790405304.804694235] [school_episode_initial_pose]: AMCL map->odom is available at scan and current simulation timestamps
[INFO] [python3-15]: process has finished cleanly [pid 27458]
[INFO] [lifecycle_manager-18]: process started with pid [27674]
[lifecycle_manager-18] [INFO] [1790405305.040786587] [lifecycle_manager_navigation]: Creating
[lifecycle_manager-18] [INFO] [1790405305.044491511] [lifecycle_manager_navigation]: [34m[1mCreating and initializing lifecycle service clients[0m[0m
[WARNING] [launch]: user interrupted with ctrl-c (SIGINT)
[controller_server-11] [INFO] [1790405305.246964212] [rclcpp]: signal_handler(SIGINT/SIGTERM)
[controller_server-11] [INFO] [1790405305.247083381] [controller_server]: Running Nav2 LifecycleNode rcl preshutdown (controller_server)
[controller_server-11] [INFO] [1790405305.247125305] [controller_server]: Destroying bond (controller_server) to lifecycle manager.
[map_server-8] [INFO] [1790405305.246957177] [rclcpp]: signal_handler(SIGINT/SIGTERM)
[map_server-8] [INFO] [1790405305.247091879] [map_server]: Running Nav2 LifecycleNode rcl preshutdown (map_server)
[map_server-8] [INFO] [1790405305.247168343] [map_server]: Deactivating
[map_server-8] [INFO] [1790405305.247185209] [map_server]: Destroying bond (map_server) to lifecycle manager.
[behavior_server-13] [INFO] [1790405305.246957202] [rclcpp]: signal_handler(SIGINT/SIGTERM)
[behavior_server-13] [INFO] [1790405305.247109857] [behavior_server]: Running Nav2 LifecycleNode rcl preshutdown (behavior_server)
[behavior_server-13] [INFO] [1790405305.247168800] [behavior_server]: Destroying bond (behavior_server) to lifecycle manager.
[amcl-9] [INFO] [1790405305.246968704] [rclcpp]: signal_handler(SIGINT/SIGTERM)
[amcl-9] [INFO] [1790405305.247080768] [amcl]: Running Nav2 LifecycleNode rcl preshutdown (amcl)
[amcl-9] [INFO] [1790405305.247166568] [amcl]: Deactivating
[amcl-9] [INFO] [1790405305.247192279] [amcl]: Destroying bond (amcl) to lifecycle manager.
[bt_navigator-12] [INFO] [1790405305.246964373] [rclcpp]: signal_handler(SIGINT/SIGTERM)
[bt_navigator-12] [INFO] [1790405305.247109313] [bt_navigator]: Running Nav2 LifecycleNode rcl preshutdown (bt_navigator)
[bt_navigator-12] [INFO] [1790405305.247170230] [bt_navigator]: Destroying bond (bt_navigator) to lifecycle manager.
[INFO] [lifecycle_manager-18]: sending signal 'SIGINT' to process[lifecycle_manager-18]
[INFO] [lifecycle_manager-17]: sending signal 'SIGINT' to process[lifecycle_manager-17]
[INFO] [goal_pose_bridge.py-16]: sending signal 'SIGINT' to process[goal_pose_bridge.py-16]
[INFO] [waypoint_follower-14]: sending signal 'SIGINT' to process[waypoint_follower-14]
[INFO] [behavior_server-13]: sending signal 'SIGINT' to process[behavior_server-13]
[INFO] [bt_navigator-12]: sending signal 'SIGINT' to process[bt_navigator-12]
[INFO] [controller_server-11]: sending signal 'SIGINT' to process[controller_server-11]
[ERROR] [waypoint_follower-14]: process has died [pid 27457, exit code -2, cmd '/opt/ros/jazzy/lib/nav2_waypoint_follower/waypoint_follower --ros-args -r __node:=waypoint_follower --params-file /home/haduckien/nav_ws/src/custom_corridor/worlds/school_arena/demo_1/scenario_generator/generated/ep_000001/nav2_school.yaml'].
[ERROR] [behavior_server-13]: process has died [pid 27456, exit code -2, cmd '/opt/ros/jazzy/lib/nav2_behaviors/behavior_server --ros-args -r __node:=behavior_server --params-file /home/haduckien/nav_ws/src/custom_corridor/worlds/school_arena/demo_1/scenario_generator/generated/ep_000001/nav2_school.yaml'].
[INFO] [planner_server-10]: sending signal 'SIGINT' to process[planner_server-10]
[INFO] [amcl-9]: sending signal 'SIGINT' to process[amcl-9]
[ERROR] [bt_navigator-12]: process has died [pid 27455, exit code -2, cmd '/opt/ros/jazzy/lib/nav2_bt_navigator/bt_navigator --ros-args -r __node:=bt_navigator --params-file /home/haduckien/nav_ws/src/custom_corridor/worlds/school_arena/demo_1/scenario_generator/generated/ep_000001/nav2_school.yaml'].
[ERROR] [goal_pose_bridge.py-16]: process has died [pid 27459, exit code -2, cmd '/home/haduckien/nav_ws/install/custom_corridor/lib/custom_corridor/goal_pose_bridge.py --ros-args -r __node:=goal_pose_bridge --params-file /tmp/launch_params_0e2c98ax'].
[ERROR] [controller_server-11]: process has died [pid 27454, exit code -2, cmd '/opt/ros/jazzy/lib/nav2_controller/controller_server --ros-args -r __node:=controller_server --params-file /home/haduckien/nav_ws/src/custom_corridor/worlds/school_arena/demo_1/scenario_generator/generated/ep_000001/nav2_school.yaml'].
[INFO] [map_server-8]: sending signal 'SIGINT' to process[map_server-8]
[ERROR] [planner_server-10]: process has died [pid 27453, exit code -2, cmd '/opt/ros/jazzy/lib/nav2_planner/planner_server --ros-args -r __node:=planner_server --params-file /home/haduckien/nav_ws/src/custom_corridor/worlds/school_arena/demo_1/scenario_generator/generated/ep_000001/nav2_school.yaml'].
[INFO] [python3-5]: sending signal 'SIGINT' to process[python3-5]
[ERROR] [amcl-9]: process has died [pid 27452, exit code -2, cmd '/opt/ros/jazzy/lib/nav2_amcl/amcl --ros-args -r __node:=amcl --params-file /home/haduckien/nav_ws/src/custom_corridor/worlds/school_arena/demo_1/scenario_generator/generated/ep_000001/nav2_school.yaml --params-file /tmp/launch_params_7e07gqxh'].
[INFO] [python3-4]: sending signal 'SIGINT' to process[python3-4]
[ERROR] [map_server-8]: process has died [pid 27451, exit code -2, cmd '/opt/ros/jazzy/lib/nav2_map_server/map_server --ros-args -r __node:=map_server --params-file /home/haduckien/nav_ws/src/custom_corridor/worlds/school_arena/demo_1/scenario_generator/generated/ep_000001/nav2_school.yaml --params-file /tmp/launch_params_m7kide7b'].
[INFO] [robot_state_publisher-3]: sending signal 'SIGINT' to process[robot_state_publisher-3]
[INFO] [parameter_bridge-2]: sending signal 'SIGINT' to process[parameter_bridge-2]
[ERROR] [python3-5]: process has died [pid 27240, exit code -2, cmd 'python3 /home/haduckien/nav_ws/src/custom_corridor/worlds/school_arena/demo_1/pose_sync_monitor.py --ros-args -p use_sim_time:=true -p robot_name:=robot -p world_frame:=map -p initial_x:=0.0 -p initial_y:=-7.85'].
[INFO] [gz-1]: sending signal 'SIGINT' to process[gz-1]
[ERROR] [robot_state_publisher-3]: process has died [pid 27238, exit code -2, cmd '/opt/ros/jazzy/lib/robot_state_publisher/robot_state_publisher --ros-args --params-file /tmp/launch_params_q892yizw'].
[ERROR] [python3-4]: process has died [pid 27239, exit code -2, cmd 'python3 /home/haduckien/nav_ws/src/custom_corridor/worlds/school_arena/demo_1/collision_safe_pose_applier.py --ros-args -p use_sim_time:=true -p world_name:=school_arena -p target_topic:=/school_hunav/target_poses -p map_yaml:=/home/haduckien/nav_ws/src/custom_corridor/worlds/school_arena/demo_1/map.yaml -p agent_radius:=0.22 -p apply_hz:=20.0 -p ground_z:=0.0'].
[planner_server-10] [INFO] [1790405305.246974943] [rclcpp]: signal_handler(SIGINT/SIGTERM)
[planner_server-10] [INFO] [1790405305.247080940] [planner_server]: Running Nav2 LifecycleNode rcl preshutdown (planner_server)
[planner_server-10] [INFO] [1790405305.247125582] [planner_server]: Destroying bond (planner_server) to lifecycle manager.
[robot_state_publisher-3] [INFO] [1790405305.246978217] [rclcpp]: signal_handler(SIGINT/SIGTERM)
[waypoint_follower-14] [INFO] [1790405305.247433550] [rclcpp]: signal_handler(SIGINT/SIGTERM)
[waypoint_follower-14] [INFO] [1790405305.247568754] [waypoint_follower]: Running Nav2 LifecycleNode rcl preshutdown (waypoint_follower)
[waypoint_follower-14] [INFO] [1790405305.247616707] [waypoint_follower]: Destroying bond (waypoint_follower) to lifecycle manager.
[waypoint_follower-14] [INFO] [1790405305.251010976] [waypoint_follower]: Destroying
[parameter_bridge-2] [INFO] [1790405305.247507943] [rclcpp]: signal_handler(SIGINT/SIGTERM)
[lifecycle_manager-17] [INFO] [1790405305.248766364] [rclcpp]: signal_handler(SIGINT/SIGTERM)
[lifecycle_manager-17] [INFO] [1790405305.248950274] [lifecycle_manager_localization]: Running Nav2 LifecycleManager rcl preshutdown (lifecycle_manager_localization)
[lifecycle_manager-17] [INFO] [1790405305.249016519] [lifecycle_manager_localization]: [34m[1mTerminating bond timer...[0m[0m
[lifecycle_manager-18] [INFO] [1790405305.249023169] [rclcpp]: signal_handler(SIGINT/SIGTERM)
[lifecycle_manager-18] [INFO] [1790405305.249211018] [lifecycle_manager_navigation]: Running Nav2 LifecycleManager rcl preshutdown (lifecycle_manager_navigation)
[lifecycle_manager-18] [INFO] [1790405305.249394286] [lifecycle_manager_navigation]: Waiting for service planner_server/get_state...
[lifecycle_manager-18] 
[lifecycle_manager-18] >>> [rcutils|error_handling.c:108] rcutils_set_error_state()
[lifecycle_manager-18] This error state is being overwritten:
[lifecycle_manager-18] 
[lifecycle_manager-18]   'rcl node's context is invalid, at ./src/rcl/node.c:404'
[lifecycle_manager-18] 
[lifecycle_manager-18] with this new error message:
[lifecycle_manager-18] 
[lifecycle_manager-18]   'publisher's context is invalid, at ./src/rcl/publisher.c:423'
[lifecycle_manager-18] 
[lifecycle_manager-18] rcutils_reset_error() should be called after error handling to avoid this.
[lifecycle_manager-18] <<<
[lifecycle_manager-18] Failed to publish log message to rosout: publisher's context is invalid, at ./src/rcl/publisher.c:423
[lifecycle_manager-18] [INFO] [1790405305.249448826] [lifecycle_manager_navigation]: Waiting for service planner_server/get_state...
[lifecycle_manager-18] 
[lifecycle_manager-18] >>> [rcutils|error_handling.c:108] rcutils_set_error_state()
[lifecycle_manager-18] This error state is being overwritten:
[lifecycle_manager-18] 
[lifecycle_manager-18]   'rcl node's context is invalid, at ./src/rcl/node.c:404'
[lifecycle_manager-18] 
[lifecycle_manager-18] with this new error message:
[lifecycle_manager-18] 
[lifecycle_manager-18]   'publisher's context is invalid, at ./src/rcl/publisher.c:423'
[lifecycle_manager-18] 
[lifecycle_manager-18] rcutils_reset_error() should be called after error handling to avoid this.
[lifecycle_manager-18] <<<
[lifecycle_manager-18] Failed to publish log message to rosout: publisher's context is invalid, at ./src/rcl/publisher.c:423
[behavior_server-13] [INFO] [1790405305.249205916] [behavior_server]: Destroying
[controller_server-11] [INFO] [1790405305.249653621] [local_costmap.local_costmap]: Destroying
[bt_navigator-12] [INFO] [1790405305.250742753] [bt_navigator]: Destroying
[map_server-8] [INFO] [1790405305.257495308] [map_server]: Cleaning up
[map_server-8] [INFO] [1790405305.257562779] [map_server]: Destroying bond (map_server) to lifecycle manager.
[amcl-9] [INFO] [1790405305.257496921] [amcl]: Cleaning up
[planner_server-10] [INFO] [1790405305.260235785] [global_costmap.global_costmap]: Destroying
[amcl-9] [INFO] [1790405305.261823331] [amcl]: Destroying bond (amcl) to lifecycle manager.
[amcl-9] [INFO] [1790405305.271014962] [amcl]: Destroying
[map_server-8] [INFO] [1790405305.271332372] [map_server]: Destroying
[controller_server-11] [INFO] [1790405305.272112012] [controller_server]: Destroying
[lifecycle_manager-17] [INFO] [1790405305.273688848] [rclcpp]: signal_handler(SIGINT/SIGTERM)
[lifecycle_manager-18] terminate called after throwing an instance of 'std::runtime_error'
[lifecycle_manager-18]   what():  context cannot be slept with because it's invalid
[lifecycle_manager-17] [INFO] [1790405305.275217828] [lifecycle_manager_localization]: Destroying lifecycle_manager_localization
[planner_server-10] [INFO] [1790405305.276395664] [planner_server]: Destroying
[parameter_bridge-2] [INFO] [1790405305.297922836] [rclcpp]: signal_handler(SIGINT/SIGTERM)
[INFO] [parameter_bridge-2]: process has finished cleanly [pid 27237]
[INFO] [lifecycle_manager-17]: process has finished cleanly [pid 27605]
[INFO] [gz-1]: process has finished cleanly [pid 27236]
[ERROR] [lifecycle_manager-18]: process has died [pid 27674, exit code -6, cmd '/opt/ros/jazzy/lib/nav2_lifecycle_manager/lifecycle_manager --ros-args -r __node:=lifecycle_manager_navigation --params-file /tmp/launch_params_2fazynzz'].
[INFO] [launch]: All log files can be found below /home/haduckien/.ros/log/2026-09-26-13-49-02-351587-Raccoon2005-28618
[INFO] [launch]: Default logging verbosity is set to INFO
[INFO] [gz-1]: process started with pid [28634]
[INFO] [parameter_bridge-2]: process started with pid [28635]
[INFO] [robot_state_publisher-3]: process started with pid [28636]
[INFO] [python3-4]: process started with pid [28637]
[INFO] [python3-5]: process started with pid [28638]
[robot_state_publisher-3] [INFO] [1790405342.447594602] [robot_state_publisher]: Robot initialized
[python3-4] [INFO] [1790405342.773474963] [school_collision_safe_pose_applier]: Wall guard active: map=/home/haduckien/nav_ws/src/custom_corridor/worlds/school_arena/demo_1/map.yaml, radius=0.22 m, topic=/school_hunav/target_poses
[python3-5] [INFO] [1790405342.789633855] [school_pose_sync_monitor]: Gazebo/RViz sync monitor active: orange pose=/demo/gazebo_robot_pose
[parameter_bridge-2] [INFO] [1790405343.468554590] [ros_gz_bridge]: Creating GZ->ROS Bridge: [/clock (gz.msgs.Clock) -> /clock (rosgraph_msgs/msg/Clock)] (Lazy 0)
[parameter_bridge-2] [INFO] [1790405343.469669005] [ros_gz_bridge]: Creating GZ->ROS Bridge: [/joint_states (gz.msgs.Model) -> /joint_states (sensor_msgs/msg/JointState)] (Lazy 0)
[parameter_bridge-2] [INFO] [1790405343.472714235] [ros_gz_bridge]: Creating GZ->ROS Bridge: [/odom (gz.msgs.Odometry) -> /odom (nav_msgs/msg/Odometry)] (Lazy 0)
[parameter_bridge-2] [INFO] [1790405343.474674019] [ros_gz_bridge]: Creating GZ->ROS Bridge: [/tf (gz.msgs.Pose_V) -> /tf (tf2_msgs/msg/TFMessage)] (Lazy 0)
[parameter_bridge-2] [INFO] [1790405343.476392150] [ros_gz_bridge]: Creating GZ->ROS Bridge: [/scan (gz.msgs.LaserScan) -> /scan (sensor_msgs/msg/LaserScan)] (Lazy 0)
[parameter_bridge-2] [INFO] [1790405343.477088151] [ros_gz_bridge]: Creating ROS->GZ Bridge: [/cmd_vel (geometry_msgs/msg/Twist) -> /cmd_vel (gz.msgs.Twist)] (Lazy 0)
[parameter_bridge-2] [INFO] [1790405343.477985879] [ros_gz_bridge]: Creating GZ->ROS Bridge: [/world/school_arena/dynamic_pose/info (gz.msgs.Pose_V) -> /world/school_arena/dynamic_pose/info (tf2_msgs/msg/TFMessage)] (Lazy 0)
[parameter_bridge-2] [INFO] [1790405343.478562205] [ros_gz_bridge]: Creating ROS->GZ service bridge [/world/school_arena/set_pose (ros_gz_interfaces/srv/SetEntityPose -> gz.msgs.Pose/gz.msgs.Boolean)]
[parameter_bridge-2] [INFO] [1790405343.479497393] [ros_gz_bridge]: Creating ROS->GZ service bridge [/world/school_arena/control (ros_gz_interfaces/srv/ControlWorld -> gz.msgs.WorldControl/gz.msgs.Boolean)]
[parameter_bridge-2] [INFO] [1790405343.479758467] [ros_gz_bridge]: Creating GZ->ROS Bridge: [/robot/camera/image_raw (gz.msgs.Image) -> /robot/camera/image_raw (sensor_msgs/msg/Image)] (Lazy 0)
[WARNING] [launch]: user interrupted with ctrl-c (SIGINT)
[INFO] [python3-5]: sending signal 'SIGINT' to process[python3-5]
[INFO] [python3-4]: sending signal 'SIGINT' to process[python3-4]
[INFO] [robot_state_publisher-3]: sending signal 'SIGINT' to process[robot_state_publisher-3]
[INFO] [parameter_bridge-2]: sending signal 'SIGINT' to process[parameter_bridge-2]
[INFO] [gz-1]: sending signal 'SIGINT' to process[gz-1]
[parameter_bridge-2] [INFO] [1790405344.233719053] [rclcpp]: signal_handler(SIGINT/SIGTERM)
[robot_state_publisher-3] [INFO] [1790405344.233772685] [rclcpp]: signal_handler(SIGINT/SIGTERM)
[ERROR] [robot_state_publisher-3]: process has died [pid 28636, exit code -2, cmd '/opt/ros/jazzy/lib/robot_state_publisher/robot_state_publisher --ros-args --params-file /tmp/launch_params_g3p_mdlo'].
[python3-5] Traceback (most recent call last):
[python3-5]   File "/home/haduckien/nav_ws/src/custom_corridor/worlds/school_arena/demo_1/pose_sync_monitor.py", line 161, in <module>
[python3-5]     main()
[python3-5]   File "/home/haduckien/nav_ws/src/custom_corridor/worlds/school_arena/demo_1/pose_sync_monitor.py", line 155, in main
[python3-5]     node.destroy_node()
[python3-5]   File "/opt/ros/jazzy/lib/python3.12/site-packages/rclpy/node.py", line 1962, in destroy_node
[python3-5]     self.destroy_service(self._services[0])
[python3-5]   File "/opt/ros/jazzy/lib/python3.12/site-packages/rclpy/node.py", line 1886, in destroy_service
[python3-5]     service.destroy()
[python3-5]   File "/opt/ros/jazzy/lib/python3.12/site-packages/rclpy/service.py", line 123, in destroy
[python3-5]     self.__service.destroy_when_not_in_use()
[python3-5] KeyboardInterrupt
[parameter_bridge-2] [INFO] [1790405344.239361609] [rclcpp]: signal_handler(SIGINT/SIGTERM)
[ERROR] [python3-4]: process has died [pid 28637, exit code -2, cmd 'python3 /home/haduckien/nav_ws/src/custom_corridor/worlds/school_arena/demo_1/collision_safe_pose_applier.py --ros-args -p use_sim_time:=true -p world_name:=school_arena -p target_topic:=/school_hunav/target_poses -p map_yaml:=/home/haduckien/nav_ws/src/custom_corridor/worlds/school_arena/demo_1/map.yaml -p agent_radius:=0.22 -p apply_hz:=20.0 -p ground_z:=0.0'].
[ERROR] [python3-5]: process has died [pid 28638, exit code -2, cmd 'python3 /home/haduckien/nav_ws/src/custom_corridor/worlds/school_arena/demo_1/pose_sync_monitor.py --ros-args -p use_sim_time:=true -p robot_name:=robot -p world_frame:=map -p initial_x:=0.0 -p initial_y:=-7.85'].
[INFO] [parameter_bridge-2]: process has finished cleanly [pid 28635]
[INFO] [gz-1]: process has finished cleanly [pid 28634]
[INFO] [launch]: All log files can be found below /home/haduckien/.ros/log/2026-09-26-14-10-04-318313-Raccoon2005-44578
[INFO] [launch]: Default logging verbosity is set to INFO
[INFO] [gz-1]: process started with pid [44599]
[INFO] [parameter_bridge-2]: process started with pid [44600]
[INFO] [robot_state_publisher-3]: process started with pid [44601]
[INFO] [python3-4]: process started with pid [44602]
[INFO] [python3-5]: process started with pid [44603]
[robot_state_publisher-3] [INFO] [1790406604.428658402] [robot_state_publisher]: Robot initialized
[python3-4] [INFO] [1790406604.734295239] [school_collision_safe_pose_applier]: Wall guard active: map=/home/haduckien/nav_ws/src/custom_corridor/worlds/school_arena/demo_1/map.yaml, radius=0.22 m, topic=/school_hunav/target_poses
[python3-5] [INFO] [1790406604.765084543] [school_pose_sync_monitor]: Gazebo/RViz sync monitor active: orange pose=/demo/gazebo_robot_pose
[parameter_bridge-2] [INFO] [1790406605.435130970] [ros_gz_bridge]: Creating GZ->ROS Bridge: [/clock (gz.msgs.Clock) -> /clock (rosgraph_msgs/msg/Clock)] (Lazy 0)
[parameter_bridge-2] [INFO] [1790406605.436201938] [ros_gz_bridge]: Creating GZ->ROS Bridge: [/joint_states (gz.msgs.Model) -> /joint_states (sensor_msgs/msg/JointState)] (Lazy 0)
[parameter_bridge-2] [INFO] [1790406605.437836469] [ros_gz_bridge]: Creating GZ->ROS Bridge: [/odom (gz.msgs.Odometry) -> /odom (nav_msgs/msg/Odometry)] (Lazy 0)
[parameter_bridge-2] [INFO] [1790406605.438918523] [ros_gz_bridge]: Creating GZ->ROS Bridge: [/tf (gz.msgs.Pose_V) -> /tf (tf2_msgs/msg/TFMessage)] (Lazy 0)
[parameter_bridge-2] [INFO] [1790406605.439905227] [ros_gz_bridge]: Creating GZ->ROS Bridge: [/scan (gz.msgs.LaserScan) -> /scan (sensor_msgs/msg/LaserScan)] (Lazy 0)
[parameter_bridge-2] [INFO] [1790406605.440367031] [ros_gz_bridge]: Creating ROS->GZ Bridge: [/cmd_vel (geometry_msgs/msg/Twist) -> /cmd_vel (gz.msgs.Twist)] (Lazy 0)
[parameter_bridge-2] [INFO] [1790406605.441501118] [ros_gz_bridge]: Creating GZ->ROS Bridge: [/world/school_arena/dynamic_pose/info (gz.msgs.Pose_V) -> /world/school_arena/dynamic_pose/info (tf2_msgs/msg/TFMessage)] (Lazy 0)
[parameter_bridge-2] [INFO] [1790406605.442167919] [ros_gz_bridge]: Creating ROS->GZ service bridge [/world/school_arena/set_pose (ros_gz_interfaces/srv/SetEntityPose -> gz.msgs.Pose/gz.msgs.Boolean)]
[parameter_bridge-2] [INFO] [1790406605.443062259] [ros_gz_bridge]: Creating ROS->GZ service bridge [/world/school_arena/control (ros_gz_interfaces/srv/ControlWorld -> gz.msgs.WorldControl/gz.msgs.Boolean)]
[parameter_bridge-2] [INFO] [1790406605.443378914] [ros_gz_bridge]: Creating GZ->ROS Bridge: [/robot/camera/image_raw (gz.msgs.Image) -> /robot/camera/image_raw (sensor_msgs/msg/Image)] (Lazy 0)
[INFO] [create-6]: process started with pid [45066]
[create-6] [INFO] [1790406607.624374687] [ros_gz_sim]: Entity creation successful.
[gz-1] [1;33mWarning [Utils.cc:132][0m [/sdf/model[@name="turtlebot3_burger_camera"]/link[@name="base_scan"]/sensor[@name="hls_lfcd_lds"]/gz_frame_id:/home/haduckien/nav_ws/src/custom_corridor/worlds/school_arena/demo_1/demo_robot.sdf:L153]: XML Element[gz_frame_id], child of element[sensor], not defined in SDF. Copying[gz_frame_id] as children of [sensor].
[INFO] [create-6]: process has finished cleanly [pid 45066]
[INFO] [python3-7]: process started with pid [45206]
[python3-7] [INFO] [1790406608.323844196] [school_wait_for_robot_tf]: Robot odom/TF and simulation clock ready
[INFO] [python3-7]: process has finished cleanly [pid 45206]
[INFO] [map_server-8]: process started with pid [45422]
[INFO] [amcl-9]: process started with pid [45423]
[INFO] [planner_server-10]: process started with pid [45424]
[INFO] [controller_server-11]: process started with pid [45428]
[INFO] [bt_navigator-12]: process started with pid [45429]
[INFO] [behavior_server-13]: process started with pid [45430]
[INFO] [waypoint_follower-14]: process started with pid [45431]
[INFO] [python3-15]: process started with pid [45432]
[INFO] [goal_pose_bridge.py-16]: process started with pid [45436]
[bt_navigator-12] [INFO] [1790406608.614693006] [bt_navigator]: 
[bt_navigator-12] 	bt_navigator lifecycle node launched. 
[bt_navigator-12] 	Waiting on external lifecycle transitions to activate
[bt_navigator-12] 	See https://design.ros2.org/articles/node_lifecycle.html for more information.
[bt_navigator-12] [INFO] [1790406608.619037350] [bt_navigator]: Creating
[planner_server-10] [INFO] [1790406608.627071516] [planner_server]: 
[planner_server-10] 	planner_server lifecycle node launched. 
[planner_server-10] 	Waiting on external lifecycle transitions to activate
[planner_server-10] 	See https://design.ros2.org/articles/node_lifecycle.html for more information.
[planner_server-10] [INFO] [1790406608.628842099] [planner_server]: Creating
[controller_server-11] [INFO] [1790406608.637983840] [controller_server]: 
[controller_server-11] 	controller_server lifecycle node launched. 
[controller_server-11] 	Waiting on external lifecycle transitions to activate
[controller_server-11] 	See https://design.ros2.org/articles/node_lifecycle.html for more information.
[waypoint_follower-14] [INFO] [1790406608.641705267] [waypoint_follower]: 
[waypoint_follower-14] 	waypoint_follower lifecycle node launched. 
[waypoint_follower-14] 	Waiting on external lifecycle transitions to activate
[waypoint_follower-14] 	See https://design.ros2.org/articles/node_lifecycle.html for more information.
[waypoint_follower-14] [INFO] [1790406608.642352270] [waypoint_follower]: Creating
[controller_server-11] [INFO] [1790406608.643668222] [controller_server]: Creating controller server
[map_server-8] [INFO] [1790406608.648760262] [map_server]: 
[map_server-8] 	map_server lifecycle node launched. 
[map_server-8] 	Waiting on external lifecycle transitions to activate
[map_server-8] 	See https://design.ros2.org/articles/node_lifecycle.html for more information.
[map_server-8] [INFO] [1790406608.648955324] [map_server]: Creating
[amcl-9] [INFO] [1790406608.653689890] [amcl]: 
[amcl-9] 	amcl lifecycle node launched. 
[amcl-9] 	Waiting on external lifecycle transitions to activate
[amcl-9] 	See https://design.ros2.org/articles/node_lifecycle.html for more information.
[amcl-9] [INFO] [1790406608.654282577] [amcl]: Creating
[behavior_server-13] [INFO] [1790406608.659838842] [behavior_server]: 
[behavior_server-13] 	behavior_server lifecycle node launched. 
[behavior_server-13] 	Waiting on external lifecycle transitions to activate
[behavior_server-13] 	See https://design.ros2.org/articles/node_lifecycle.html for more information.
[planner_server-10] [INFO] [1790406608.675911006] [global_costmap.global_costmap]: 
[planner_server-10] 	global_costmap lifecycle node launched. 
[planner_server-10] 	Waiting on external lifecycle transitions to activate
[planner_server-10] 	See https://design.ros2.org/articles/node_lifecycle.html for more information.
[planner_server-10] [INFO] [1790406608.676761360] [global_costmap.global_costmap]: Creating Costmap
[controller_server-11] [INFO] [1790406608.684773693] [local_costmap.local_costmap]: 
[controller_server-11] 	local_costmap lifecycle node launched. 
[controller_server-11] 	Waiting on external lifecycle transitions to activate
[controller_server-11] 	See https://design.ros2.org/articles/node_lifecycle.html for more information.
[controller_server-11] [INFO] [1790406608.685317493] [local_costmap.local_costmap]: Creating Costmap
[goal_pose_bridge.py-16] [INFO] [1790406609.541857564] [goal_pose_bridge]: GoalPoseBridge started: listening on /goal_pose -> forwarding to /navigate_to_pose
[INFO] [lifecycle_manager-17]: process started with pid [45663]
[lifecycle_manager-17] [INFO] [1790406610.592812453] [lifecycle_manager_localization]: Creating
[lifecycle_manager-17] [INFO] [1790406610.599217894] [lifecycle_manager_localization]: [34m[1mCreating and initializing lifecycle service clients[0m[0m
[lifecycle_manager-17] [INFO] [1790406612.270458641] [lifecycle_manager_localization]: [34m[1mStarting managed nodes bringup...[0m[0m
[lifecycle_manager-17] [INFO] [1790406612.270517718] [lifecycle_manager_localization]: [34m[1mConfiguring map_server[0m[0m
[map_server-8] [INFO] [1790406612.271069418] [map_server]: Configuring
[map_server-8] [INFO] [1790406612.271209832] [map_io]: Loading yaml file: /home/haduckien/nav_ws/src/custom_corridor/worlds/school_arena/demo_1/map.yaml
[map_server-8] [INFO] [1790406612.271522154] [map_io]: resolution: 0.05
[map_server-8] [INFO] [1790406612.271536019] [map_io]: origin[0]: -16
[map_server-8] [INFO] [1790406612.271543068] [map_io]: origin[1]: -14
[map_server-8] [INFO] [1790406612.271548460] [map_io]: origin[2]: 0
[map_server-8] [INFO] [1790406612.271553545] [map_io]: free_thresh: 0.25
[map_server-8] [INFO] [1790406612.271558735] [map_io]: occupied_thresh: 0.65
[map_server-8] [INFO] [1790406612.271566268] [map_io]: mode: trinary
[map_server-8] [INFO] [1790406612.271571902] [map_io]: negate: 0
[map_server-8] [INFO] [1790406612.271783705] [map_io]: Loading image_file: /home/haduckien/nav_ws/src/custom_corridor/worlds/school_arena/demo_1/map.pgm
[map_server-8] [INFO] [1790406612.283089885] [map_io]: Read map /home/haduckien/nav_ws/src/custom_corridor/worlds/school_arena/demo_1/map.pgm: 730 X 580 map @ 0.05 m/cell
[lifecycle_manager-17] [INFO] [1790406612.294855718] [lifecycle_manager_localization]: [34m[1mConfiguring amcl[0m[0m
[amcl-9] [INFO] [1790406612.295145162] [amcl]: Configuring
[amcl-9] [INFO] [1790406612.295232915] [amcl]: initTransforms
[amcl-9] [INFO] [1790406612.305826721] [amcl]: initPubSub
[amcl-9] [INFO] [1790406612.317013248] [amcl]: Subscribed to map topic.
[lifecycle_manager-17] [INFO] [1790406612.324409870] [lifecycle_manager_localization]: [34m[1mActivating map_server[0m[0m
[map_server-8] [INFO] [1790406612.324720336] [map_server]: Activating
[map_server-8] [INFO] [1790406612.326190487] [map_server]: Creating bond (map_server) to lifecycle manager.
[amcl-9] [INFO] [1790406612.337393120] [amcl]: Received a 730 X 580 map @ 0.050 m/pix
[lifecycle_manager-17] [INFO] [1790406612.435008743] [lifecycle_manager_localization]: Server map_server connected with bond.
[lifecycle_manager-17] [INFO] [1790406612.435120744] [lifecycle_manager_localization]: [34m[1mActivating amcl[0m[0m
[amcl-9] [INFO] [1790406612.435573447] [amcl]: Activating
[amcl-9] [INFO] [1790406612.435643744] [amcl]: Creating bond (amcl) to lifecycle manager.
[amcl-9] [INFO] [1790406612.439269974] [amcl]: initialPoseReceived
[amcl-9] [INFO] [1790406612.439484764] [amcl]: Setting pose (4.813000): 0.000 -7.850 -2.978
[amcl-9] [INFO] [1790406612.452481648] [amcl]: createLaserObject
[python3-15] [INFO] [1790406612.461610907] [school_episode_initial_pose]: Published /initialpose from episode: 0.000, -7.850, -2.978
[python3-5] [INFO] [1790406612.534131662] [school_pose_sync_monitor]: Gazebo↔RViz pose error=0.016 m (gz=0.00,-7.85; tf=-0.00,-7.86)
[lifecycle_manager-17] [INFO] [1790406612.541973417] [lifecycle_manager_localization]: Server amcl connected with bond.
[lifecycle_manager-17] [INFO] [1790406612.542043210] [lifecycle_manager_localization]: [34m[1mManaged nodes are active[0m[0m
[lifecycle_manager-17] [INFO] [1790406612.542063110] [lifecycle_manager_localization]: [34m[1mCreating bond timer...[0m[0m
[WARNING] [launch]: user interrupted with ctrl-c (SIGINT)
[python3-15] Exception ignored in: <function Future.__del__ at 0x7b7a6dd0ed40>
[python3-15] Traceback (most recent call last):
[python3-15]   File "/opt/ros/jazzy/lib/python3.12/site-packages/rclpy/task.py", line 55, in __del__
[python3-15]     def __del__(self):
[python3-15] 
[python3-15] KeyboardInterrupt: 
[waypoint_follower-14] [INFO] [1790406612.637679016] [rclcpp]: signal_handler(SIGINT/SIGTERM)
[waypoint_follower-14] [INFO] [1790406612.637854457] [waypoint_follower]: Running Nav2 LifecycleNode rcl preshutdown (waypoint_follower)
[waypoint_follower-14] [INFO] [1790406612.637921196] [waypoint_follower]: Destroying bond (waypoint_follower) to lifecycle manager.
[behavior_server-13] [INFO] [1790406612.637680998] [rclcpp]: signal_handler(SIGINT/SIGTERM)
[behavior_server-13] [INFO] [1790406612.637867246] [behavior_server]: Running Nav2 LifecycleNode rcl preshutdown (behavior_server)
[behavior_server-13] [INFO] [1790406612.637917195] [behavior_server]: Destroying bond (behavior_server) to lifecycle manager.
[lifecycle_manager-17] [INFO] [1790406612.637678838] [rclcpp]: signal_handler(SIGINT/SIGTERM)
[lifecycle_manager-17] [INFO] [1790406612.637832034] [lifecycle_manager_localization]: Running Nav2 LifecycleManager rcl preshutdown (lifecycle_manager_localization)
[lifecycle_manager-17] [INFO] [1790406612.637883203] [lifecycle_manager_localization]: [34m[1mTerminating bond timer...[0m[0m
[controller_server-11] [INFO] [1790406612.637678776] [rclcpp]: signal_handler(SIGINT/SIGTERM)
[controller_server-11] [INFO] [1790406612.637836121] [controller_server]: Running Nav2 LifecycleNode rcl preshutdown (controller_server)
[controller_server-11] [INFO] [1790406612.637904496] [controller_server]: Destroying bond (controller_server) to lifecycle manager.
[amcl-9] [INFO] [1790406612.637696134] [rclcpp]: signal_handler(SIGINT/SIGTERM)
[amcl-9] [INFO] [1790406612.637837164] [amcl]: Running Nav2 LifecycleNode rcl preshutdown (amcl)
[amcl-9] [INFO] [1790406612.637955134] [amcl]: Deactivating
[amcl-9] [INFO] [1790406612.638001196] [amcl]: Destroying bond (amcl) to lifecycle manager.
[planner_server-10] [INFO] [1790406612.637695018] [rclcpp]: signal_handler(SIGINT/SIGTERM)
[planner_server-10] [INFO] [1790406612.637839730] [planner_server]: Running Nav2 LifecycleNode rcl preshutdown (planner_server)
[planner_server-10] [INFO] [1790406612.637904867] [planner_server]: Destroying bond (planner_server) to lifecycle manager.
[INFO] [lifecycle_manager-17]: sending signal 'SIGINT' to process[lifecycle_manager-17]
[INFO] [goal_pose_bridge.py-16]: sending signal 'SIGINT' to process[goal_pose_bridge.py-16]
[INFO] [python3-15]: sending signal 'SIGINT' to process[python3-15]
[INFO] [waypoint_follower-14]: sending signal 'SIGINT' to process[waypoint_follower-14]
[INFO] [behavior_server-13]: sending signal 'SIGINT' to process[behavior_server-13]
[INFO] [bt_navigator-12]: sending signal 'SIGINT' to process[bt_navigator-12]
[INFO] [controller_server-11]: sending signal 'SIGINT' to process[controller_server-11]
[INFO] [planner_server-10]: sending signal 'SIGINT' to process[planner_server-10]
[INFO] [amcl-9]: sending signal 'SIGINT' to process[amcl-9]
[ERROR] [bt_navigator-12]: process has died [pid 45429, exit code -2, cmd '/opt/ros/jazzy/lib/nav2_bt_navigator/bt_navigator --ros-args -r __node:=bt_navigator --params-file /home/haduckien/nav_ws/src/custom_corridor/worlds/school_arena/demo_1/scenario_generator/generated/ep_000001/nav2_school.yaml'].
[ERROR] [waypoint_follower-14]: process has died [pid 45431, exit code -2, cmd '/opt/ros/jazzy/lib/nav2_waypoint_follower/waypoint_follower --ros-args -r __node:=waypoint_follower --params-file /home/haduckien/nav_ws/src/custom_corridor/worlds/school_arena/demo_1/scenario_generator/generated/ep_000001/nav2_school.yaml'].
[ERROR] [behavior_server-13]: process has died [pid 45430, exit code -2, cmd '/opt/ros/jazzy/lib/nav2_behaviors/behavior_server --ros-args -r __node:=behavior_server --params-file /home/haduckien/nav_ws/src/custom_corridor/worlds/school_arena/demo_1/scenario_generator/generated/ep_000001/nav2_school.yaml'].
[INFO] [map_server-8]: sending signal 'SIGINT' to process[map_server-8]
[ERROR] [goal_pose_bridge.py-16]: process has died [pid 45436, exit code -2, cmd '/home/haduckien/nav_ws/install/custom_corridor/lib/custom_corridor/goal_pose_bridge.py --ros-args -r __node:=goal_pose_bridge --params-file /tmp/launch_params_if1z8seq'].
[INFO] [python3-5]: sending signal 'SIGINT' to process[python3-5]
[ERROR] [controller_server-11]: process has died [pid 45428, exit code -2, cmd '/opt/ros/jazzy/lib/nav2_controller/controller_server --ros-args -r __node:=controller_server --params-file /home/haduckien/nav_ws/src/custom_corridor/worlds/school_arena/demo_1/scenario_generator/generated/ep_000001/nav2_school.yaml'].
[ERROR] [planner_server-10]: process has died [pid 45424, exit code -2, cmd '/opt/ros/jazzy/lib/nav2_planner/planner_server --ros-args -r __node:=planner_server --params-file /home/haduckien/nav_ws/src/custom_corridor/worlds/school_arena/demo_1/scenario_generator/generated/ep_000001/nav2_school.yaml'].
[INFO] [python3-4]: sending signal 'SIGINT' to process[python3-4]
[ERROR] [amcl-9]: process has died [pid 45423, exit code -2, cmd '/opt/ros/jazzy/lib/nav2_amcl/amcl --ros-args -r __node:=amcl --params-file /home/haduckien/nav_ws/src/custom_corridor/worlds/school_arena/demo_1/scenario_generator/generated/ep_000001/nav2_school.yaml --params-file /tmp/launch_params_6dy_m961'].
[ERROR] [map_server-8]: process has died [pid 45422, exit code -2, cmd '/opt/ros/jazzy/lib/nav2_map_server/map_server --ros-args -r __node:=map_server --params-file /home/haduckien/nav_ws/src/custom_corridor/worlds/school_arena/demo_1/scenario_generator/generated/ep_000001/nav2_school.yaml --params-file /tmp/launch_params_qkbbjymo'].
[INFO] [robot_state_publisher-3]: sending signal 'SIGINT' to process[robot_state_publisher-3]
[INFO] [parameter_bridge-2]: sending signal 'SIGINT' to process[parameter_bridge-2]
[INFO] [gz-1]: sending signal 'SIGINT' to process[gz-1]
[ERROR] [python3-5]: process has died [pid 44603, exit code -2, cmd 'python3 /home/haduckien/nav_ws/src/custom_corridor/worlds/school_arena/demo_1/pose_sync_monitor.py --ros-args -p use_sim_time:=true -p robot_name:=robot -p world_frame:=map -p initial_x:=0.0 -p initial_y:=-7.85'].
[ERROR] [robot_state_publisher-3]: process has died [pid 44601, exit code -2, cmd '/opt/ros/jazzy/lib/robot_state_publisher/robot_state_publisher --ros-args --params-file /tmp/launch_params_zqpwj94j'].
[bt_navigator-12] [INFO] [1790406612.637767225] [rclcpp]: signal_handler(SIGINT/SIGTERM)
[bt_navigator-12] [INFO] [1790406612.637927717] [bt_navigator]: Running Nav2 LifecycleNode rcl preshutdown (bt_navigator)
[bt_navigator-12] [INFO] [1790406612.637989425] [bt_navigator]: Destroying bond (bt_navigator) to lifecycle manager.
[ERROR] [python3-4]: process has died [pid 44602, exit code -2, cmd 'python3 /home/haduckien/nav_ws/src/custom_corridor/worlds/school_arena/demo_1/collision_safe_pose_applier.py --ros-args -p use_sim_time:=true -p world_name:=school_arena -p target_topic:=/school_hunav/target_poses -p map_yaml:=/home/haduckien/nav_ws/src/custom_corridor/worlds/school_arena/demo_1/map.yaml -p agent_radius:=0.22 -p apply_hz:=20.0 -p ground_z:=0.0'].
[map_server-8] [INFO] [1790406612.637962848] [rclcpp]: signal_handler(SIGINT/SIGTERM)
[map_server-8] [INFO] [1790406612.638142940] [map_server]: Running Nav2 LifecycleNode rcl preshutdown (map_server)
[map_server-8] [INFO] [1790406612.638239844] [map_server]: Deactivating
[map_server-8] [INFO] [1790406612.638262347] [map_server]: Destroying bond (map_server) to lifecycle manager.
[parameter_bridge-2] [INFO] [1790406612.639208870] [rclcpp]: signal_handler(SIGINT/SIGTERM)
[robot_state_publisher-3] [INFO] [1790406612.639983208] [rclcpp]: signal_handler(SIGINT/SIGTERM)
[planner_server-10] [INFO] [1790406612.640581599] [global_costmap.global_costmap]: Destroying
[bt_navigator-12] [INFO] [1790406612.641501181] [bt_navigator]: Destroying
[waypoint_follower-14] [INFO] [1790406612.642315965] [waypoint_follower]: Destroying
[controller_server-11] [INFO] [1790406612.642777391] [local_costmap.local_costmap]: Destroying
[behavior_server-13] [INFO] [1790406612.643412620] [behavior_server]: Destroying
[amcl-9] [INFO] [1790406612.648562120] [amcl]: Cleaning up
[map_server-8] [INFO] [1790406612.648652566] [map_server]: Cleaning up
[map_server-8] [INFO] [1790406612.648735745] [map_server]: Destroying bond (map_server) to lifecycle manager.
[amcl-9] [INFO] [1790406612.655131961] [amcl]: Destroying bond (amcl) to lifecycle manager.
[map_server-8] [INFO] [1790406612.661172827] [map_server]: Destroying
[amcl-9] [INFO] [1790406612.668441369] [amcl]: Destroying
[controller_server-11] [INFO] [1790406612.668772667] [controller_server]: Destroying
[python3-15] Traceback (most recent call last):
[python3-15]   File "/home/haduckien/nav_ws/install/custom_corridor/share/custom_corridor/launch/publish_episode_initial_pose.py", line 84, in main
[python3-15]     rclpy.spin_once(node, timeout_sec=0.1)
[python3-15]   File "/opt/ros/jazzy/lib/python3.12/site-packages/rclpy/__init__.py", line 226, in spin_once
[python3-15]     executor.spin_once(timeout_sec=timeout_sec)
[python3-15]   File "/opt/ros/jazzy/lib/python3.12/site-packages/rclpy/executors.py", line 926, in spin_once
[python3-15]     self._spin_once_impl(timeout_sec)
[python3-15]   File "/opt/ros/jazzy/lib/python3.12/site-packages/rclpy/executors.py", line 907, in _spin_once_impl
[python3-15]     handler, entity, node = self.wait_for_ready_callbacks(
[python3-15]                             ^^^^^^^^^^^^^^^^^^^^^^^^^^^^^^
[python3-15]   File "/opt/ros/jazzy/lib/python3.12/site-packages/rclpy/executors.py", line 877, in wait_for_ready_callbacks
[python3-15]     return next(self._cb_iter)
[python3-15]            ^^^^^^^^^^^^^^^^^^^
[python3-15]   File "/opt/ros/jazzy/lib/python3.12/site-packages/rclpy/executors.py", line 645, in _wait_for_ready_callbacks
[python3-15]     timeout_timer = Timer(None, None, timeout_nsec, self._clock, context=self._context)
[python3-15]                     ^^^^^^^^^^^^^^^^^^^^^^^^^^^^^^^^^^^^^^^^^^^^^^^^^^^^^^^^^^^^^^^^^^^
[python3-15]   File "/opt/ros/jazzy/lib/python3.12/site-packages/rclpy/timer.py", line 60, in __init__
[python3-15]     self.__timer = _rclpy.Timer(
[python3-15]                    ^^^^^^^^^^^^^
[python3-15] rclpy._rclpy_pybind11.RCLError: failed to create timer: the given context is not valid, either rcl_init() was not called or rcl_shutdown() was called., at ./src/rcl/guard_condition.c:67
[python3-15] 
[python3-15] During handling of the above exception, another exception occurred:
[python3-15] 
[python3-15] Traceback (most recent call last):
[python3-15]   File "/home/haduckien/nav_ws/install/custom_corridor/share/custom_corridor/launch/publish_episode_initial_pose.py", line 115, in <module>
[python3-15]     raise SystemExit(main())
[python3-15]                      ^^^^^^
[python3-15]   File "/home/haduckien/nav_ws/install/custom_corridor/share/custom_corridor/launch/publish_episode_initial_pose.py", line 110, in main
[python3-15]     node.destroy_node()
[python3-15]   File "/opt/ros/jazzy/lib/python3.12/site-packages/rclpy/node.py", line 1968, in destroy_node
[lifecycle_manager-17] [INFO] [1790406612.676676899] [rclcpp]: signal_handler(SIGINT/SIGTERM)
[lifecycle_manager-17] [INFO] [1790406612.678362563] [lifecycle_manager_localization]: Destroying lifecycle_manager_localization
[python3-15]     self.__node.destroy_when_not_in_use()
[python3-15] KeyboardInterrupt
[parameter_bridge-2] [INFO] [1790406612.691283649] [rclcpp]: signal_handler(SIGINT/SIGTERM)
[ERROR] [python3-15]: process has died [pid 45432, exit code -2, cmd 'python3 /home/haduckien/nav_ws/install/custom_corridor/share/custom_corridor/launch/publish_episode_initial_pose.py --params-file /home/haduckien/nav_ws/src/custom_corridor/worlds/school_arena/demo_1/scenario_generator/generated/ep_000001/nav2_school.yaml --ros-args -p use_sim_time:=true'].
[INFO] [parameter_bridge-2]: process has finished cleanly [pid 44600]
[INFO] [lifecycle_manager-17]: process has finished cleanly [pid 45663]
[INFO] [gz-1]: process has finished cleanly [pid 44599]
[INFO] [launch]: All log files can be found below /home/haduckien/.ros/log/2026-09-26-14-41-29-976354-Raccoon2005-66447
[INFO] [launch]: Default logging verbosity is set to INFO
[INFO] [gz-1]: process started with pid [66458]
[INFO] [parameter_bridge-2]: process started with pid [66459]
[INFO] [robot_state_publisher-3]: process started with pid [66460]
[INFO] [python3-4]: process started with pid [66461]
[INFO] [python3-5]: process started with pid [66462]
[robot_state_publisher-3] [INFO] [1790408490.079662410] [robot_state_publisher]: Robot initialized
[python3-4] [INFO] [1790408490.555173319] [school_collision_safe_pose_applier]: Wall guard active: map=/home/haduckien/nav_ws/src/custom_corridor/worlds/school_arena/demo_1/map.yaml, radius=0.22 m, topic=/school_hunav/target_poses
[python3-5] [INFO] [1790408490.573839262] [school_pose_sync_monitor]: Gazebo/RViz sync monitor active: orange pose=/demo/gazebo_robot_pose
[parameter_bridge-2] [INFO] [1790408491.099788286] [ros_gz_bridge]: Creating GZ->ROS Bridge: [/clock (gz.msgs.Clock) -> /clock (rosgraph_msgs/msg/Clock)] (Lazy 0)
[parameter_bridge-2] [INFO] [1790408491.100682806] [ros_gz_bridge]: Creating GZ->ROS Bridge: [/joint_states (gz.msgs.Model) -> /joint_states (sensor_msgs/msg/JointState)] (Lazy 0)
[parameter_bridge-2] [INFO] [1790408491.102552452] [ros_gz_bridge]: Creating GZ->ROS Bridge: [/odom (gz.msgs.Odometry) -> /odom (nav_msgs/msg/Odometry)] (Lazy 0)
[parameter_bridge-2] [INFO] [1790408491.103763422] [ros_gz_bridge]: Creating GZ->ROS Bridge: [/tf (gz.msgs.Pose_V) -> /tf (tf2_msgs/msg/TFMessage)] (Lazy 0)
[parameter_bridge-2] [INFO] [1790408491.105106463] [ros_gz_bridge]: Creating GZ->ROS Bridge: [/scan (gz.msgs.LaserScan) -> /scan (sensor_msgs/msg/LaserScan)] (Lazy 0)
[parameter_bridge-2] [INFO] [1790408491.105685024] [ros_gz_bridge]: Creating ROS->GZ Bridge: [/cmd_vel (geometry_msgs/msg/Twist) -> /cmd_vel (gz.msgs.Twist)] (Lazy 0)
[parameter_bridge-2] [INFO] [1790408491.106330302] [ros_gz_bridge]: Creating GZ->ROS Bridge: [/world/school_arena/dynamic_pose/info (gz.msgs.Pose_V) -> /world/school_arena/dynamic_pose/info (tf2_msgs/msg/TFMessage)] (Lazy 0)
[parameter_bridge-2] [INFO] [1790408491.106635164] [ros_gz_bridge]: Creating ROS->GZ service bridge [/world/school_arena/set_pose (ros_gz_interfaces/srv/SetEntityPose -> gz.msgs.Pose/gz.msgs.Boolean)]
[parameter_bridge-2] [INFO] [1790408491.107352554] [ros_gz_bridge]: Creating ROS->GZ service bridge [/world/school_arena/control (ros_gz_interfaces/srv/ControlWorld -> gz.msgs.WorldControl/gz.msgs.Boolean)]
[parameter_bridge-2] [INFO] [1790408491.107636532] [ros_gz_bridge]: Creating GZ->ROS Bridge: [/robot/camera/image_raw (gz.msgs.Image) -> /robot/camera/image_raw (sensor_msgs/msg/Image)] (Lazy 0)
[WARNING] [launch]: user interrupted with ctrl-c (SIGINT)
[INFO] [python3-5]: sending signal 'SIGINT' to process[python3-5]
[INFO] [python3-4]: sending signal 'SIGINT' to process[python3-4]
[INFO] [robot_state_publisher-3]: sending signal 'SIGINT' to process[robot_state_publisher-3]
[INFO] [parameter_bridge-2]: sending signal 'SIGINT' to process[parameter_bridge-2]
[INFO] [gz-1]: sending signal 'SIGINT' to process[gz-1]
[parameter_bridge-2] [INFO] [1790408492.500012174] [rclcpp]: signal_handler(SIGINT/SIGTERM)
[robot_state_publisher-3] [INFO] [1790408492.500019937] [rclcpp]: signal_handler(SIGINT/SIGTERM)
[python3-5] Traceback (most recent call last):
[python3-5]   File "/home/haduckien/nav_ws/src/custom_corridor/worlds/school_arena/demo_1/pose_sync_monitor.py", line 161, in <module>
[python3-5]     main()
[python3-5]   File "/home/haduckien/nav_ws/src/custom_corridor/worlds/school_arena/demo_1/pose_sync_monitor.py", line 155, in main
[python3-5]     node.destroy_node()
[python3-5]   File "/opt/ros/jazzy/lib/python3.12/site-packages/rclpy/node.py", line 1962, in destroy_node
[python3-5]     self.destroy_service(self._services[0])
[python3-5]   File "/opt/ros/jazzy/lib/python3.12/site-packages/rclpy/node.py", line 1886, in destroy_service
[python3-5]     service.destroy()
[python3-5]   File "/opt/ros/jazzy/lib/python3.12/site-packages/rclpy/service.py", line 123, in destroy
[python3-5]     self.__service.destroy_when_not_in_use()
[python3-5] KeyboardInterrupt
[python3-4] Traceback (most recent call last):
[python3-4]   File "/home/haduckien/nav_ws/src/custom_corridor/worlds/school_arena/demo_1/collision_safe_pose_applier.py", line 196, in <module>
[robot_state_publisher-3] [INFO] [1790408492.506483487] [rclcpp]: signal_handler(SIGINT/SIGTERM)
[python3-4]     main()
[python3-4]   File "/home/haduckien/nav_ws/src/custom_corridor/worlds/school_arena/demo_1/collision_safe_pose_applier.py", line 190, in main
[python3-4]     node.destroy_node()
[python3-4]   File "/opt/ros/jazzy/lib/python3.12/site-packages/rclpy/node.py", line 1962, in destroy_node
[python3-4]     self.destroy_service(self._services[0])
[python3-4]   File "/opt/ros/jazzy/lib/python3.12/site-packages/rclpy/node.py", line 1886, in destroy_service
[parameter_bridge-2] [INFO] [1790408492.507107789] [rclcpp]: signal_handler(SIGINT/SIGTERM)
[python3-4]     service.destroy()
[python3-4]   File "/opt/ros/jazzy/lib/python3.12/site-packages/rclpy/service.py", line 123, in destroy
[python3-4]     self.__service.destroy_when_not_in_use()
[python3-4] KeyboardInterrupt
[ERROR] [python3-4]: process has died [pid 66461, exit code -2, cmd 'python3 /home/haduckien/nav_ws/src/custom_corridor/worlds/school_arena/demo_1/collision_safe_pose_applier.py --ros-args -p use_sim_time:=true -p world_name:=school_arena -p target_topic:=/school_hunav/target_poses -p map_yaml:=/home/haduckien/nav_ws/src/custom_corridor/worlds/school_arena/demo_1/map.yaml -p agent_radius:=0.22 -p apply_hz:=20.0 -p ground_z:=0.0'].
[ERROR] [python3-5]: process has died [pid 66462, exit code -2, cmd 'python3 /home/haduckien/nav_ws/src/custom_corridor/worlds/school_arena/demo_1/pose_sync_monitor.py --ros-args -p use_sim_time:=true -p robot_name:=robot -p world_frame:=map -p initial_x:=0.0 -p initial_y:=-7.85'].
[INFO] [parameter_bridge-2]: process has finished cleanly [pid 66459]
[INFO] [robot_state_publisher-3]: process has finished cleanly [pid 66460]
[INFO] [gz-1]: process has finished cleanly [pid 66458]
[INFO] [launch]: All log files can be found below /home/haduckien/.ros/log/2026-09-26-14-42-12-399965-Raccoon2005-67107
[INFO] [launch]: Default logging verbosity is set to INFO
[INFO] [gz-1]: process started with pid [67118]
[INFO] [parameter_bridge-2]: process started with pid [67119]
[INFO] [robot_state_publisher-3]: process started with pid [67120]
[INFO] [python3-4]: process started with pid [67121]
[INFO] [python3-5]: process started with pid [67122]
[robot_state_publisher-3] [INFO] [1790408532.514612315] [robot_state_publisher]: Robot initialized
[python3-4] [INFO] [1790408532.874224614] [school_collision_safe_pose_applier]: Wall guard active: map=/home/haduckien/nav_ws/src/custom_corridor/worlds/school_arena/demo_1/map.yaml, radius=0.22 m, topic=/school_hunav/target_poses
[python3-5] [INFO] [1790408532.941628916] [school_pose_sync_monitor]: Gazebo/RViz sync monitor active: orange pose=/demo/gazebo_robot_pose
[parameter_bridge-2] [INFO] [1790408533.550514166] [ros_gz_bridge]: Creating GZ->ROS Bridge: [/clock (gz.msgs.Clock) -> /clock (rosgraph_msgs/msg/Clock)] (Lazy 0)
[parameter_bridge-2] [INFO] [1790408533.551182374] [ros_gz_bridge]: Creating GZ->ROS Bridge: [/joint_states (gz.msgs.Model) -> /joint_states (sensor_msgs/msg/JointState)] (Lazy 0)
[parameter_bridge-2] [INFO] [1790408533.553383541] [ros_gz_bridge]: Creating GZ->ROS Bridge: [/odom (gz.msgs.Odometry) -> /odom (nav_msgs/msg/Odometry)] (Lazy 0)
[parameter_bridge-2] [INFO] [1790408533.554919755] [ros_gz_bridge]: Creating GZ->ROS Bridge: [/tf (gz.msgs.Pose_V) -> /tf (tf2_msgs/msg/TFMessage)] (Lazy 0)
[parameter_bridge-2] [INFO] [1790408533.557514880] [ros_gz_bridge]: Creating GZ->ROS Bridge: [/scan (gz.msgs.LaserScan) -> /scan (sensor_msgs/msg/LaserScan)] (Lazy 0)
[parameter_bridge-2] [INFO] [1790408533.558153355] [ros_gz_bridge]: Creating ROS->GZ Bridge: [/cmd_vel (geometry_msgs/msg/Twist) -> /cmd_vel (gz.msgs.Twist)] (Lazy 0)
[parameter_bridge-2] [INFO] [1790408533.558782863] [ros_gz_bridge]: Creating GZ->ROS Bridge: [/world/school_arena/dynamic_pose/info (gz.msgs.Pose_V) -> /world/school_arena/dynamic_pose/info (tf2_msgs/msg/TFMessage)] (Lazy 0)
[parameter_bridge-2] [INFO] [1790408533.559111135] [ros_gz_bridge]: Creating ROS->GZ service bridge [/world/school_arena/set_pose (ros_gz_interfaces/srv/SetEntityPose -> gz.msgs.Pose/gz.msgs.Boolean)]
[parameter_bridge-2] [INFO] [1790408533.559844470] [ros_gz_bridge]: Creating ROS->GZ service bridge [/world/school_arena/control (ros_gz_interfaces/srv/ControlWorld -> gz.msgs.WorldControl/gz.msgs.Boolean)]
[parameter_bridge-2] [INFO] [1790408533.560136759] [ros_gz_bridge]: Creating GZ->ROS Bridge: [/robot/camera/image_raw (gz.msgs.Image) -> /robot/camera/image_raw (sensor_msgs/msg/Image)] (Lazy 0)
[INFO] [create-6]: process started with pid [67229]
[create-6] [INFO] [1790408535.729393809] [ros_gz_sim]: Entity creation successful.
[gz-1] [1;33mWarning [Utils.cc:132][0m [/sdf/model[@name="turtlebot3_burger_camera"]/link[@name="base_scan"]/sensor[@name="hls_lfcd_lds"]/gz_frame_id:/home/haduckien/nav_ws/src/custom_corridor/worlds/school_arena/demo_1/demo_robot.sdf:L153]: XML Element[gz_frame_id], child of element[sensor], not defined in SDF. Copying[gz_frame_id] as children of [sensor].
[INFO] [create-6]: process has finished cleanly [pid 67229]
[INFO] [python3-7]: process started with pid [67255]
[python3-7] [INFO] [1790408536.477900986] [school_wait_for_robot_tf]: Robot odom/TF and simulation clock ready
[INFO] [python3-7]: process has finished cleanly [pid 67255]
[INFO] [map_server-8]: process started with pid [67337]
[INFO] [amcl-9]: process started with pid [67338]
[INFO] [planner_server-10]: process started with pid [67339]
[INFO] [controller_server-11]: process started with pid [67340]
[INFO] [bt_navigator-12]: process started with pid [67341]
[INFO] [behavior_server-13]: process started with pid [67342]
[INFO] [waypoint_follower-14]: process started with pid [67343]
[INFO] [python3-15]: process started with pid [67344]
[INFO] [goal_pose_bridge.py-16]: process started with pid [67345]
[waypoint_follower-14] [INFO] [1790408536.757986052] [waypoint_follower]: 
[waypoint_follower-14] 	waypoint_follower lifecycle node launched. 
[waypoint_follower-14] 	Waiting on external lifecycle transitions to activate
[waypoint_follower-14] 	See https://design.ros2.org/articles/node_lifecycle.html for more information.
[waypoint_follower-14] [INFO] [1790408536.758645685] [waypoint_follower]: Creating
[controller_server-11] [INFO] [1790408536.776508323] [controller_server]: 
[controller_server-11] 	controller_server lifecycle node launched. 
[controller_server-11] 	Waiting on external lifecycle transitions to activate
[controller_server-11] 	See https://design.ros2.org/articles/node_lifecycle.html for more information.
[controller_server-11] [INFO] [1790408536.786804401] [controller_server]: Creating controller server
[planner_server-10] [INFO] [1790408536.795404457] [planner_server]: 
[planner_server-10] 	planner_server lifecycle node launched. 
[planner_server-10] 	Waiting on external lifecycle transitions to activate
[planner_server-10] 	See https://design.ros2.org/articles/node_lifecycle.html for more information.
[planner_server-10] [INFO] [1790408536.796383420] [planner_server]: Creating
[bt_navigator-12] [INFO] [1790408536.797419506] [bt_navigator]: 
[bt_navigator-12] 	bt_navigator lifecycle node launched. 
[bt_navigator-12] 	Waiting on external lifecycle transitions to activate
[bt_navigator-12] 	See https://design.ros2.org/articles/node_lifecycle.html for more information.
[bt_navigator-12] [INFO] [1790408536.799452923] [bt_navigator]: Creating
[amcl-9] [INFO] [1790408536.819617497] [amcl]: 
[amcl-9] 	amcl lifecycle node launched. 
[amcl-9] 	Waiting on external lifecycle transitions to activate
[amcl-9] 	See https://design.ros2.org/articles/node_lifecycle.html for more information.
[amcl-9] [INFO] [1790408536.820787510] [amcl]: Creating
[controller_server-11] [INFO] [1790408536.822311749] [local_costmap.local_costmap]: 
[controller_server-11] 	local_costmap lifecycle node launched. 
[controller_server-11] 	Waiting on external lifecycle transitions to activate
[controller_server-11] 	See https://design.ros2.org/articles/node_lifecycle.html for more information.
[controller_server-11] [INFO] [1790408536.823240792] [local_costmap.local_costmap]: Creating Costmap
[map_server-8] [INFO] [1790408536.829982603] [map_server]: 
[map_server-8] 	map_server lifecycle node launched. 
[map_server-8] 	Waiting on external lifecycle transitions to activate
[map_server-8] 	See https://design.ros2.org/articles/node_lifecycle.html for more information.
[behavior_server-13] [INFO] [1790408536.832314450] [behavior_server]: 
[behavior_server-13] 	behavior_server lifecycle node launched. 
[behavior_server-13] 	Waiting on external lifecycle transitions to activate
[behavior_server-13] 	See https://design.ros2.org/articles/node_lifecycle.html for more information.
[map_server-8] [INFO] [1790408536.832550862] [map_server]: Creating
[planner_server-10] [INFO] [1790408536.838186877] [global_costmap.global_costmap]: 
[planner_server-10] 	global_costmap lifecycle node launched. 
[planner_server-10] 	Waiting on external lifecycle transitions to activate
[planner_server-10] 	See https://design.ros2.org/articles/node_lifecycle.html for more information.
[planner_server-10] [INFO] [1790408536.838777033] [global_costmap.global_costmap]: Creating Costmap
[map_server-8] [37;1m2026-09-26 14:42:16.923 [31;1m[[37;1mRTPS_READER_HISTORY[31;1m Error] [37mChange payload size of '24' bytes is larger than the history payload size of '11' bytes and cannot be resized.[34;1m -> Function [36mcan_change_be_added_nts[m
[goal_pose_bridge.py-16] [INFO] [1790408537.513860228] [goal_pose_bridge]: GoalPoseBridge started: listening on /goal_pose -> forwarding to /navigate_to_pose
[INFO] [lifecycle_manager-17]: process started with pid [67504]
[lifecycle_manager-17] [INFO] [1790408538.734365279] [lifecycle_manager_localization]: Creating
[lifecycle_manager-17] [INFO] [1790408538.743965475] [lifecycle_manager_localization]: [34m[1mCreating and initializing lifecycle service clients[0m[0m
[amcl-9] [37;1m2026-09-26 14:42:18.924 [31;1m[[37;1mRTPS_READER_HISTORY[31;1m Error] [37mChange payload size of '24' bytes is larger than the history payload size of '11' bytes and cannot be resized.[34;1m -> Function [36mcan_change_be_added_nts[m
[lifecycle_manager-17] [INFO] [1790408540.434780947] [lifecycle_manager_localization]: [34m[1mStarting managed nodes bringup...[0m[0m
[lifecycle_manager-17] [INFO] [1790408540.434846259] [lifecycle_manager_localization]: [34m[1mConfiguring map_server[0m[0m
[map_server-8] [INFO] [1790408540.435252137] [map_server]: Configuring
[map_server-8] [INFO] [1790408540.435364242] [map_io]: Loading yaml file: /home/haduckien/nav_ws/src/custom_corridor/worlds/school_arena/demo_1/map.yaml
[map_server-8] [INFO] [1790408540.435739174] [map_io]: resolution: 0.05
[map_server-8] [INFO] [1790408540.435752566] [map_io]: origin[0]: -16
[map_server-8] [INFO] [1790408540.435757406] [map_io]: origin[1]: -14
[map_server-8] [INFO] [1790408540.435760146] [map_io]: origin[2]: 0
[map_server-8] [INFO] [1790408540.435763401] [map_io]: free_thresh: 0.25
[map_server-8] [INFO] [1790408540.435766194] [map_io]: occupied_thresh: 0.65
[map_server-8] [INFO] [1790408540.435770680] [map_io]: mode: trinary
[map_server-8] [INFO] [1790408540.435773846] [map_io]: negate: 0
[map_server-8] [INFO] [1790408540.436132438] [map_io]: Loading image_file: /home/haduckien/nav_ws/src/custom_corridor/worlds/school_arena/demo_1/map.pgm
[map_server-8] [INFO] [1790408540.446914772] [map_io]: Read map /home/haduckien/nav_ws/src/custom_corridor/worlds/school_arena/demo_1/map.pgm: 730 X 580 map @ 0.05 m/cell
[lifecycle_manager-17] [INFO] [1790408540.462825906] [lifecycle_manager_localization]: [34m[1mConfiguring amcl[0m[0m
[amcl-9] [INFO] [1790408540.463117542] [amcl]: Configuring
[amcl-9] [INFO] [1790408540.463226277] [amcl]: initTransforms
[amcl-9] [INFO] [1790408540.475347905] [amcl]: initPubSub
[amcl-9] [INFO] [1790408540.487078879] [amcl]: Subscribed to map topic.
[lifecycle_manager-17] [INFO] [1790408540.497049986] [lifecycle_manager_localization]: [34m[1mActivating map_server[0m[0m
[map_server-8] [INFO] [1790408540.497390001] [map_server]: Activating
[map_server-8] [INFO] [1790408540.498617807] [map_server]: Creating bond (map_server) to lifecycle manager.
[amcl-9] [INFO] [1790408540.511029502] [amcl]: Received a 730 X 580 map @ 0.050 m/pix
[lifecycle_manager-17] [INFO] [1790408540.611404172] [lifecycle_manager_localization]: Server map_server connected with bond.
[lifecycle_manager-17] [INFO] [1790408540.611507066] [lifecycle_manager_localization]: [34m[1mActivating amcl[0m[0m
[amcl-9] [INFO] [1790408540.611946161] [amcl]: Activating
[amcl-9] [INFO] [1790408540.612043260] [amcl]: Creating bond (amcl) to lifecycle manager.
[amcl-9] [INFO] [1790408540.616240431] [amcl]: initialPoseReceived
[amcl-9] [INFO] [1790408540.616441940] [amcl]: Setting pose (4.745000): 0.000 -7.850 -2.978
[python3-15] [INFO] [1790408540.630751306] [school_episode_initial_pose]: Published /initialpose from episode: 0.000, -7.850, -2.978
[amcl-9] [INFO] [1790408540.696734977] [amcl]: createLaserObject
[lifecycle_manager-17] [INFO] [1790408540.717123983] [lifecycle_manager_localization]: Server amcl connected with bond.
[lifecycle_manager-17] [INFO] [1790408540.717167171] [lifecycle_manager_localization]: [34m[1mManaged nodes are active[0m[0m
[lifecycle_manager-17] [INFO] [1790408540.717174253] [lifecycle_manager_localization]: [34m[1mCreating bond timer...[0m[0m
[python3-5] [INFO] [1790408540.799302776] [school_pose_sync_monitor]: Gazebo↔RViz pose error=0.023 m (gz=0.00,-7.85; tf=-0.00,-7.87)
[planner_server-10] [37;1m2026-09-26 14:42:20.925 [31;1m[[37;1mRTPS_READER_HISTORY[31;1m Error] [37mChange payload size of '24' bytes is larger than the history payload size of '11' bytes and cannot be resized.[34;1m -> Function [36mcan_change_be_added_nts[m
[python3-15] [INFO] [1790408540.951700026] [school_episode_initial_pose]: AMCL map->odom is available at scan and current simulation timestamps
[INFO] [python3-15]: process has finished cleanly [pid 67344]
[INFO] [lifecycle_manager-18]: process started with pid [67570]
[lifecycle_manager-18] [INFO] [1790408541.262964336] [lifecycle_manager_navigation]: Creating
[lifecycle_manager-18] [INFO] [1790408541.268132840] [lifecycle_manager_navigation]: [34m[1mCreating and initializing lifecycle service clients[0m[0m
[lifecycle_manager-18] [INFO] [1790408542.389828423] [lifecycle_manager_navigation]: [34m[1mStarting managed nodes bringup...[0m[0m
[lifecycle_manager-18] [INFO] [1790408542.389882026] [lifecycle_manager_navigation]: [34m[1mConfiguring planner_server[0m[0m
[planner_server-10] [INFO] [1790408542.390319124] [planner_server]: Configuring
[planner_server-10] [INFO] [1790408542.390383659] [global_costmap.global_costmap]: Configuring
[planner_server-10] [INFO] [1790408542.401634123] [global_costmap.global_costmap]: Using plugin "static_layer"
[planner_server-10] [INFO] [1790408542.409166602] [global_costmap.global_costmap]: Subscribing to the map topic (/map) with transient local durability
[planner_server-10] [INFO] [1790408542.412745416] [global_costmap.global_costmap]: Initialized plugin "static_layer"
[planner_server-10] [INFO] [1790408542.412779362] [global_costmap.global_costmap]: Using plugin "obstacle_layer"
[planner_server-10] [INFO] [1790408542.413630061] [global_costmap.global_costmap]: Subscribed to Topics: scan
[planner_server-10] [INFO] [1790408542.418401024] [global_costmap.global_costmap]: Initialized plugin "obstacle_layer"
[planner_server-10] [INFO] [1790408542.418446888] [global_costmap.global_costmap]: Using plugin "inflation_layer"
[planner_server-10] [INFO] [1790408542.419473433] [global_costmap.global_costmap]: Initialized plugin "inflation_layer"
[planner_server-10] [INFO] [1790408542.456291927] [global_costmap.global_costmap]: StaticLayer: Resizing costmap to 730 X 580 at 0.050000 m/pix
[planner_server-10] [INFO] [1790408542.461191304] [planner_server]: Created global planner plugin GridBased of type nav2_smac_planner::SmacPlanner2D
[planner_server-10] [INFO] [1790408542.461238726] [planner_server]: Configuring GridBased of type SmacPlanner2D
[planner_server-10] [ERROR] [1790408542.462232212] [planner_server]: Inflation layer either not found or inflation is not set sufficiently for optimized non-circular collision checking capabilities. It is HIGHLY recommended to set the inflation radius to be at MINIMUM half of the robot's largest cross-section. See github.com/ros-planning/navigation2/tree/main/nav2_smac_planner#potential-fields for full instructions. This will substantially impact run-time performance.
[planner_server-10] [INFO] [1790408542.463821678] [planner_server]: Configured plugin GridBased of type SmacPlanner2D with tolerance 0.15, maximum iterations 1000000, max on approach iterations 1000, and not allowing unknown traversal.
[planner_server-10] [INFO] [1790408542.463858583] [planner_server]: Planner Server has GridBased  planners available.
[lifecycle_manager-18] [INFO] [1790408542.481063092] [lifecycle_manager_navigation]: [34m[1mConfiguring controller_server[0m[0m
[controller_server-11] [INFO] [1790408542.481365154] [controller_server]: Configuring controller interface
[controller_server-11] [INFO] [1790408542.481393569] [controller_server]: getting progress checker plugins..
[controller_server-11] [INFO] [1790408542.481656934] [controller_server]: getting goal checker plugins..
[controller_server-11] [INFO] [1790408542.481869284] [controller_server]: Controller frequency set to 10.0000Hz
[controller_server-11] [INFO] [1790408542.481905036] [local_costmap.local_costmap]: Configuring
[controller_server-11] [INFO] [1790408542.494532491] [local_costmap.local_costmap]: Using plugin "obstacle_layer"
[controller_server-11] [INFO] [1790408542.498479657] [local_costmap.local_costmap]: Subscribed to Topics: scan
[controller_server-11] [INFO] [1790408542.507607477] [local_costmap.local_costmap]: Initialized plugin "obstacle_layer"
[controller_server-11] [INFO] [1790408542.507691549] [local_costmap.local_costmap]: Using plugin "inflation_layer"
[controller_server-11] [INFO] [1790408542.509357568] [local_costmap.local_costmap]: Initialized plugin "inflation_layer"
[controller_server-11] [INFO] [1790408542.549985263] [controller_server]: Created progress_checker : progress_checker of type nav2_controller::SimpleProgressChecker
[controller_server-11] [INFO] [1790408542.550416990] [controller_server]: Controller Server has progress_checker  progress checkers available.
[controller_server-11] [INFO] [1790408542.550905287] [controller_server]: Created goal checker : goal_checker of type nav2_controller::SimpleGoalChecker
[controller_server-11] [INFO] [1790408542.551488836] [controller_server]: Controller Server has goal_checker  goal checkers available.
[controller_server-11] [INFO] [1790408542.554992470] [controller_server]: Created controller : FollowPath of type dwb_core::DWBLocalPlanner
[controller_server-11] [INFO] [1790408542.557345504] [controller_server]: Setting transform_tolerance to 0.100000
[controller_server-11] [INFO] [1790408542.573486697] [controller_server]: Using critic "RotateToGoal" (dwb_critics::RotateToGoalCritic)
[controller_server-11] [INFO] [1790408542.574124319] [controller_server]: Critic plugin initialized
[controller_server-11] [INFO] [1790408542.574265405] [controller_server]: Using critic "Oscillation" (dwb_critics::OscillationCritic)
[controller_server-11] [INFO] [1790408542.574659507] [controller_server]: Critic plugin initialized
[controller_server-11] [INFO] [1790408542.574777025] [controller_server]: Using critic "BaseObstacle" (dwb_critics::BaseObstacleCritic)
[controller_server-11] [INFO] [1790408542.575300416] [controller_server]: Critic plugin initialized
[controller_server-11] [INFO] [1790408542.575531985] [controller_server]: Using critic "GoalAlign" (dwb_critics::GoalAlignCritic)
[controller_server-11] [INFO] [1790408542.576726419] [controller_server]: Critic plugin initialized
[controller_server-11] [INFO] [1790408542.577104303] [controller_server]: Using critic "PathAlign" (dwb_critics::PathAlignCritic)
[controller_server-11] [INFO] [1790408542.578000085] [controller_server]: Critic plugin initialized
[controller_server-11] [INFO] [1790408542.578490558] [controller_server]: Using critic "PathDist" (dwb_critics::PathDistCritic)
[controller_server-11] [INFO] [1790408542.578786565] [controller_server]: Critic plugin initialized
[controller_server-11] [INFO] [1790408542.578895439] [controller_server]: Using critic "GoalDist" (dwb_critics::GoalDistCritic)
[controller_server-11] [INFO] [1790408542.579075066] [controller_server]: Critic plugin initialized
[controller_server-11] [INFO] [1790408542.579093362] [controller_server]: Controller Server has FollowPath  controllers available.
[lifecycle_manager-18] [INFO] [1790408542.594888763] [lifecycle_manager_navigation]: [34m[1mConfiguring bt_navigator[0m[0m
[bt_navigator-12] [INFO] [1790408542.595196335] [bt_navigator]: Configuring
[bt_navigator-12] [INFO] [1790408542.604587179] [bt_navigator]: Creating navigator id navigate_to_pose of type nav2_bt_navigator::NavigateToPoseNavigator
[bt_navigator-12] [WARN] [1790408542.612428052] [bt_navigator]: Error_code parameters were not set. Using default values of: follow_path_error_code compute_path_error_code
[bt_navigator-12] Make sure these match your BT and there are not other sources of error codes youreported to your application
[bt_navigator-12] [INFO] [1790408542.694509195] [bt_navigator]: Creating navigator id navigate_through_poses of type nav2_bt_navigator::NavigateThroughPosesNavigator
[lifecycle_manager-18] [INFO] [1790408542.727128592] [lifecycle_manager_navigation]: [34m[1mConfiguring behavior_server[0m[0m
[behavior_server-13] [INFO] [1790408542.728415777] [behavior_server]: Configuring
[behavior_server-13] [INFO] [1790408542.733003876] [behavior_server]: Creating behavior plugin spin of type nav2_behaviors::Spin
[behavior_server-13] [INFO] [1790408542.733931162] [behavior_server]: Creating behavior plugin backup of type nav2_behaviors::BackUp
[behavior_server-13] [INFO] [1790408542.734807733] [behavior_server]: Creating behavior plugin wait of type nav2_behaviors::Wait
[behavior_server-13] [INFO] [1790408542.747878594] [behavior_server]: Configuring spin
[behavior_server-13] [INFO] [1790408542.758841582] [behavior_server]: Configuring backup
[behavior_server-13] [INFO] [1790408542.766478109] [behavior_server]: Configuring wait
[lifecycle_manager-18] [INFO] [1790408542.774983041] [lifecycle_manager_navigation]: [34m[1mConfiguring waypoint_follower[0m[0m
[waypoint_follower-14] [INFO] [1790408542.776284951] [waypoint_follower]: Configuring
[waypoint_follower-14] [INFO] [1790408542.824218456] [waypoint_follower]: Created waypoint_task_executor : wait_at_waypoint of type nav2_waypoint_follower::WaitAtWaypoint
[waypoint_follower-14] [INFO] [1790408542.824645495] [waypoint_follower]: Waypoint pause duration is set to zero, disabling task executor plugin.
[lifecycle_manager-18] [INFO] [1790408542.826696098] [lifecycle_manager_navigation]: [34m[1mActivating planner_server[0m[0m
[planner_server-10] [INFO] [1790408542.827333752] [planner_server]: Activating
[planner_server-10] [INFO] [1790408542.827462040] [global_costmap.global_costmap]: Activating
[planner_server-10] [INFO] [1790408542.827472478] [global_costmap.global_costmap]: Checking transform
[planner_server-10] [INFO] [1790408542.827620702] [global_costmap.global_costmap]: start
[controller_server-11] [37;1m2026-09-26 14:42:22.926 [31;1m[[37;1mRTPS_READER_HISTORY[31;1m Error] [37mChange payload size of '24' bytes is larger than the history payload size of '11' bytes and cannot be resized.[34;1m -> Function [36mcan_change_be_added_nts[m
[planner_server-10] [INFO] [1790408543.378723687] [planner_server]: Activating plugin GridBased of type SmacPlanner2D
[planner_server-10] [INFO] [1790408543.380364093] [planner_server]: Creating bond (planner_server) to lifecycle manager.
[lifecycle_manager-18] [INFO] [1790408543.487501084] [lifecycle_manager_navigation]: Server planner_server connected with bond.
[lifecycle_manager-18] [INFO] [1790408543.487580620] [lifecycle_manager_navigation]: [34m[1mActivating controller_server[0m[0m
[controller_server-11] [INFO] [1790408543.488062924] [controller_server]: Activating
[controller_server-11] [INFO] [1790408543.488126608] [local_costmap.local_costmap]: Activating
[controller_server-11] [INFO] [1790408543.488139875] [local_costmap.local_costmap]: Checking transform
[controller_server-11] [INFO] [1790408543.488300064] [local_costmap.local_costmap]: start
[controller_server-11] [INFO] [1790408543.690033168] [controller_server]: Creating bond (controller_server) to lifecycle manager.
[lifecycle_manager-18] [INFO] [1790408543.796862041] [lifecycle_manager_navigation]: Server controller_server connected with bond.
[lifecycle_manager-18] [INFO] [1790408543.796896066] [lifecycle_manager_navigation]: [34m[1mActivating bt_navigator[0m[0m
[bt_navigator-12] [INFO] [1790408543.797177813] [bt_navigator]: Activating
[bt_navigator-12] [INFO] [1790408543.898773955] [bt_navigator]: Creating bond (bt_navigator) to lifecycle manager.
[lifecycle_manager-18] [INFO] [1790408544.009668673] [lifecycle_manager_navigation]: Server bt_navigator connected with bond.
[lifecycle_manager-18] [INFO] [1790408544.009714523] [lifecycle_manager_navigation]: [34m[1mActivating behavior_server[0m[0m
[behavior_server-13] [INFO] [1790408544.010036826] [behavior_server]: Activating
[behavior_server-13] [INFO] [1790408544.010080566] [behavior_server]: Activating spin
[behavior_server-13] [INFO] [1790408544.010096632] [behavior_server]: Activating backup
[behavior_server-13] [INFO] [1790408544.010108603] [behavior_server]: Activating wait
[behavior_server-13] [INFO] [1790408544.010126431] [behavior_server]: Creating bond (behavior_server) to lifecycle manager.
[lifecycle_manager-18] [INFO] [1790408544.118971253] [lifecycle_manager_navigation]: Server behavior_server connected with bond.
[lifecycle_manager-18] [INFO] [1790408544.119073385] [lifecycle_manager_navigation]: [34m[1mActivating waypoint_follower[0m[0m
[waypoint_follower-14] [INFO] [1790408544.120351749] [waypoint_follower]: Activating
[waypoint_follower-14] [INFO] [1790408544.120494245] [waypoint_follower]: Creating bond (waypoint_follower) to lifecycle manager.
[lifecycle_manager-18] [INFO] [1790408544.233649131] [lifecycle_manager_navigation]: Server waypoint_follower connected with bond.
[lifecycle_manager-18] [INFO] [1790408544.233820331] [lifecycle_manager_navigation]: [34m[1mManaged nodes are active[0m[0m
[lifecycle_manager-18] [INFO] [1790408544.233846197] [lifecycle_manager_navigation]: [34m[1mCreating bond timer...[0m[0m
[bt_navigator-12] [37;1m2026-09-26 14:42:24.927 [31;1m[[37;1mRTPS_READER_HISTORY[31;1m Error] [37mChange payload size of '24' bytes is larger than the history payload size of '11' bytes and cannot be resized.[34;1m -> Function [36mcan_change_be_added_nts[m
[python3-5] [INFO] [1790408545.805058852] [school_pose_sync_monitor]: Gazebo↔RViz pose error=0.024 m (gz=0.01,-7.85; tf=-0.00,-7.87)
[behavior_server-13] [37;1m2026-09-26 14:42:26.927 [31;1m[[37;1mRTPS_READER_HISTORY[31;1m Error] [37mChange payload size of '24' bytes is larger than the history payload size of '11' bytes and cannot be resized.[34;1m -> Function [36mcan_change_be_added_nts[m
[map_server-8] [37;1m2026-09-26 14:42:29.129 [31;1m[[37;1mRTPS_READER_HISTORY[31;1m Error] [37mChange payload size of '24' bytes is larger than the history payload size of '11' bytes and cannot be resized.[34;1m -> Function [36mcan_change_be_added_nts[m
[python3-5] [INFO] [1790408550.820631811] [school_pose_sync_monitor]: Gazebo↔RViz pose error=0.025 m (gz=0.01,-7.85; tf=-0.00,-7.87)
[amcl-9] [37;1m2026-09-26 14:42:31.129 [31;1m[[37;1mRTPS_READER_HISTORY[31;1m Error] [37mChange payload size of '24' bytes is larger than the history payload size of '11' bytes and cannot be resized.[34;1m -> Function [36mcan_change_be_added_nts[m
[planner_server-10] [37;1m2026-09-26 14:42:33.130 [31;1m[[37;1mRTPS_READER_HISTORY[31;1m Error] [37mChange payload size of '24' bytes is larger than the history payload size of '11' bytes and cannot be resized.[34;1m -> Function [36mcan_change_be_added_nts[m
[controller_server-11] [37;1m2026-09-26 14:42:35.130 [31;1m[[37;1mRTPS_READER_HISTORY[31;1m Error] [37mChange payload size of '24' bytes is larger than the history payload size of '11' bytes and cannot be resized.[34;1m -> Function [36mcan_change_be_added_nts[m
[python3-5] [INFO] [1790408555.830256567] [school_pose_sync_monitor]: Gazebo↔RViz pose error=0.026 m (gz=0.01,-7.85; tf=-0.00,-7.87)
[bt_navigator-12] [37;1m2026-09-26 14:42:37.131 [31;1m[[37;1mRTPS_READER_HISTORY[31;1m Error] [37mChange payload size of '24' bytes is larger than the history payload size of '11' bytes and cannot be resized.[34;1m -> Function [36mcan_change_be_added_nts[m
[behavior_server-13] [37;1m2026-09-26 14:42:39.132 [31;1m[[37;1mRTPS_READER_HISTORY[31;1m Error] [37mChange payload size of '24' bytes is larger than the history payload size of '11' bytes and cannot be resized.[34;1m -> Function [36mcan_change_be_added_nts[m
[python3-5] [INFO] [1790408560.830289217] [school_pose_sync_monitor]: Gazebo↔RViz pose error=0.027 m (gz=0.01,-7.85; tf=-0.00,-7.87)
[map_server-8] [37;1m2026-09-26 14:42:41.333 [31;1m[[37;1mRTPS_READER_HISTORY[31;1m Error] [37mChange payload size of '24' bytes is larger than the history payload size of '11' bytes and cannot be resized.[34;1m -> Function [36mcan_change_be_added_nts[m
[amcl-9] [37;1m2026-09-26 14:42:43.334 [31;1m[[37;1mRTPS_READER_HISTORY[31;1m Error] [37mChange payload size of '24' bytes is larger than the history payload size of '11' bytes and cannot be resized.[34;1m -> Function [36mcan_change_be_added_nts[m
[planner_server-10] [37;1m2026-09-26 14:42:45.334 [31;1m[[37;1mRTPS_READER_HISTORY[31;1m Error] [37mChange payload size of '24' bytes is larger than the history payload size of '11' bytes and cannot be resized.[34;1m -> Function [36mcan_change_be_added_nts[m
[python3-5] [INFO] [1790408565.837883900] [school_pose_sync_monitor]: Gazebo↔RViz pose error=0.028 m (gz=0.01,-7.85; tf=-0.00,-7.87)
[controller_server-11] [37;1m2026-09-26 14:42:47.335 [31;1m[[37;1mRTPS_READER_HISTORY[31;1m Error] [37mChange payload size of '24' bytes is larger than the history payload size of '11' bytes and cannot be resized.[34;1m -> Function [36mcan_change_be_added_nts[m
[bt_navigator-12] [37;1m2026-09-26 14:42:49.335 [31;1m[[37;1mRTPS_READER_HISTORY[31;1m Error] [37mChange payload size of '24' bytes is larger than the history payload size of '11' bytes and cannot be resized.[34;1m -> Function [36mcan_change_be_added_nts[m
[python3-5] [INFO] [1790408570.847822193] [school_pose_sync_monitor]: Gazebo↔RViz pose error=0.028 m (gz=0.01,-7.85; tf=-0.00,-7.87)
[behavior_server-13] [37;1m2026-09-26 14:42:51.336 [31;1m[[37;1mRTPS_READER_HISTORY[31;1m Error] [37mChange payload size of '24' bytes is larger than the history payload size of '11' bytes and cannot be resized.[34;1m -> Function [36mcan_change_be_added_nts[m
[map_server-8] [37;1m2026-09-26 14:42:53.538 [31;1m[[37;1mRTPS_READER_HISTORY[31;1m Error] [37mChange payload size of '24' bytes is larger than the history payload size of '11' bytes and cannot be resized.[34;1m -> Function [36mcan_change_be_added_nts[m
[amcl-9] [37;1m2026-09-26 14:42:55.539 [31;1m[[37;1mRTPS_READER_HISTORY[31;1m Error] [37mChange payload size of '24' bytes is larger than the history payload size of '11' bytes and cannot be resized.[34;1m -> Function [36mcan_change_be_added_nts[m
[python3-5] [INFO] [1790408575.852133190] [school_pose_sync_monitor]: Gazebo↔RViz pose error=0.028 m (gz=0.01,-7.85; tf=-0.00,-7.87)
[planner_server-10] [37;1m2026-09-26 14:42:57.540 [31;1m[[37;1mRTPS_READER_HISTORY[31;1m Error] [37mChange payload size of '24' bytes is larger than the history payload size of '11' bytes and cannot be resized.[34;1m -> Function [36mcan_change_be_added_nts[m
[controller_server-11] [37;1m2026-09-26 14:42:59.541 [31;1m[[37;1mRTPS_READER_HISTORY[31;1m Error] [37mChange payload size of '24' bytes is larger than the history payload size of '11' bytes and cannot be resized.[34;1m -> Function [36mcan_change_be_added_nts[m
[python3-5] [INFO] [1790408580.852711590] [school_pose_sync_monitor]: Gazebo↔RViz pose error=0.028 m (gz=0.01,-7.85; tf=-0.00,-7.87)
[bt_navigator-12] [37;1m2026-09-26 14:43:01.541 [31;1m[[37;1mRTPS_READER_HISTORY[31;1m Error] [37mChange payload size of '24' bytes is larger than the history payload size of '11' bytes and cannot be resized.[34;1m -> Function [36mcan_change_be_added_nts[m
[behavior_server-13] [37;1m2026-09-26 14:43:03.543 [31;1m[[37;1mRTPS_READER_HISTORY[31;1m Error] [37mChange payload size of '24' bytes is larger than the history payload size of '11' bytes and cannot be resized.[34;1m -> Function [36mcan_change_be_added_nts[m
[map_server-8] [37;1m2026-09-26 14:43:05.745 [31;1m[[37;1mRTPS_READER_HISTORY[31;1m Error] [37mChange payload size of '24' bytes is larger than the history payload size of '11' bytes and cannot be resized.[34;1m -> Function [36mcan_change_be_added_nts[m
[python3-5] [INFO] [1790408585.873145290] [school_pose_sync_monitor]: Gazebo↔RViz pose error=0.028 m (gz=0.01,-7.85; tf=-0.00,-7.87)
[amcl-9] [37;1m2026-09-26 14:43:07.746 [31;1m[[37;1mRTPS_READER_HISTORY[31;1m Error] [37mChange payload size of '24' bytes is larger than the history payload size of '11' bytes and cannot be resized.[34;1m -> Function [36mcan_change_be_added_nts[m
[planner_server-10] [37;1m2026-09-26 14:43:09.746 [31;1m[[37;1mRTPS_READER_HISTORY[31;1m Error] [37mChange payload size of '24' bytes is larger than the history payload size of '11' bytes and cannot be resized.[34;1m -> Function [36mcan_change_be_added_nts[m
[python3-5] [INFO] [1790408590.879458091] [school_pose_sync_monitor]: Gazebo↔RViz pose error=0.028 m (gz=0.01,-7.85; tf=-0.00,-7.87)
[controller_server-11] [37;1m2026-09-26 14:43:11.747 [31;1m[[37;1mRTPS_READER_HISTORY[31;1m Error] [37mChange payload size of '24' bytes is larger than the history payload size of '11' bytes and cannot be resized.[34;1m -> Function [36mcan_change_be_added_nts[m
[bt_navigator-12] [37;1m2026-09-26 14:43:13.747 [31;1m[[37;1mRTPS_READER_HISTORY[31;1m Error] [37mChange payload size of '24' bytes is larger than the history payload size of '11' bytes and cannot be resized.[34;1m -> Function [36mcan_change_be_added_nts[m
[behavior_server-13] [37;1m2026-09-26 14:43:15.748 [31;1m[[37;1mRTPS_READER_HISTORY[31;1m Error] [37mChange payload size of '24' bytes is larger than the history payload size of '11' bytes and cannot be resized.[34;1m -> Function [36mcan_change_be_added_nts[m
[python3-5] [INFO] [1790408595.894701922] [school_pose_sync_monitor]: Gazebo↔RViz pose error=0.028 m (gz=0.01,-7.85; tf=-0.00,-7.87)
[WARNING] [launch]: user interrupted with ctrl-c (SIGINT)
[lifecycle_manager-18] [INFO] [1790408597.986717518] [rclcpp]: signal_handler(SIGINT/SIGTERM)
[lifecycle_manager-18] [INFO] [1790408597.986862064] [lifecycle_manager_navigation]: Running Nav2 LifecycleManager rcl preshutdown (lifecycle_manager_navigation)
[lifecycle_manager-17] [INFO] [1790408597.986716649] [rclcpp]: signal_handler(SIGINT/SIGTERM)
[INFO] [lifecycle_manager-18]: sending signal 'SIGINT' to process[lifecycle_manager-18]
[INFO] [lifecycle_manager-17]: sending signal 'SIGINT' to process[lifecycle_manager-17]
[INFO] [goal_pose_bridge.py-16]: sending signal 'SIGINT' to process[goal_pose_bridge.py-16]
[INFO] [waypoint_follower-14]: sending signal 'SIGINT' to process[waypoint_follower-14]
[INFO] [behavior_server-13]: sending signal 'SIGINT' to process[behavior_server-13]
[INFO] [bt_navigator-12]: sending signal 'SIGINT' to process[bt_navigator-12]
[INFO] [controller_server-11]: sending signal 'SIGINT' to process[controller_server-11]
[INFO] [planner_server-10]: sending signal 'SIGINT' to process[planner_server-10]
[INFO] [amcl-9]: sending signal 'SIGINT' to process[amcl-9]
[INFO] [map_server-8]: sending signal 'SIGINT' to process[map_server-8]
[INFO] [python3-5]: sending signal 'SIGINT' to process[python3-5]
[ERROR] [goal_pose_bridge.py-16]: process has died [pid 67345, exit code -2, cmd '/home/haduckien/nav_ws/install/custom_corridor/lib/custom_corridor/goal_pose_bridge.py --ros-args -r __node:=goal_pose_bridge --params-file /tmp/launch_params_a38pkt49'].
[INFO] [python3-4]: sending signal 'SIGINT' to process[python3-4]
[INFO] [robot_state_publisher-3]: sending signal 'SIGINT' to process[robot_state_publisher-3]
[ERROR] [amcl-9]: process has died [pid 67338, exit code -2, cmd '/opt/ros/jazzy/lib/nav2_amcl/amcl --ros-args -r __node:=amcl --params-file /home/haduckien/nav_ws/src/custom_corridor/worlds/school_arena/demo_1/scenario_generator/generated/ep_000001/nav2_school.yaml --params-file /tmp/launch_params_1ht3c4uj'].
[ERROR] [map_server-8]: process has died [pid 67337, exit code -2, cmd '/opt/ros/jazzy/lib/nav2_map_server/map_server --ros-args -r __node:=map_server --params-file /home/haduckien/nav_ws/src/custom_corridor/worlds/school_arena/demo_1/scenario_generator/generated/ep_000001/nav2_school.yaml --params-file /tmp/launch_params_w0nwk0ra'].
[INFO] [parameter_bridge-2]: sending signal 'SIGINT' to process[parameter_bridge-2]
[ERROR] [python3-4]: process has died [pid 67121, exit code -2, cmd 'python3 /home/haduckien/nav_ws/src/custom_corridor/worlds/school_arena/demo_1/collision_safe_pose_applier.py --ros-args -p use_sim_time:=true -p world_name:=school_arena -p target_topic:=/school_hunav/target_poses -p map_yaml:=/home/haduckien/nav_ws/src/custom_corridor/worlds/school_arena/demo_1/map.yaml -p agent_radius:=0.22 -p apply_hz:=20.0 -p ground_z:=0.0'].
[ERROR] [python3-5]: process has died [pid 67122, exit code -2, cmd 'python3 /home/haduckien/nav_ws/src/custom_corridor/worlds/school_arena/demo_1/pose_sync_monitor.py --ros-args -p use_sim_time:=true -p robot_name:=robot -p world_frame:=map -p initial_x:=0.0 -p initial_y:=-7.85'].
[INFO] [gz-1]: sending signal 'SIGINT' to process[gz-1]
[parameter_bridge-2] [INFO] [1790408597.986749967] [rclcpp]: signal_handler(SIGINT/SIGTERM)
[ERROR] [robot_state_publisher-3]: process has died [pid 67120, exit code -2, cmd '/opt/ros/jazzy/lib/robot_state_publisher/robot_state_publisher --ros-args --params-file /tmp/launch_params_9r4zueae'].
[waypoint_follower-14] [INFO] [1790408597.986756244] [rclcpp]: signal_handler(SIGINT/SIGTERM)
[waypoint_follower-14] [INFO] [1790408597.986879678] [waypoint_follower]: Running Nav2 LifecycleNode rcl preshutdown (waypoint_follower)
[waypoint_follower-14] [INFO] [1790408597.986958522] [waypoint_follower]: Deactivating
[waypoint_follower-14] [INFO] [1790408597.986992333] [waypoint_follower]: Destroying bond (waypoint_follower) to lifecycle manager.
[behavior_server-13] [INFO] [1790408597.986765370] [rclcpp]: signal_handler(SIGINT/SIGTERM)
[behavior_server-13] [INFO] [1790408597.986862601] [behavior_server]: Running Nav2 LifecycleNode rcl preshutdown (behavior_server)
[behavior_server-13] [INFO] [1790408597.986946153] [behavior_server]: Deactivating
[behavior_server-13] [INFO] [1790408597.986975210] [behavior_server]: Destroying bond (behavior_server) to lifecycle manager.
[amcl-9] [INFO] [1790408597.986799065] [rclcpp]: signal_handler(SIGINT/SIGTERM)
[amcl-9] [INFO] [1790408597.986869883] [amcl]: Running Nav2 LifecycleNode rcl preshutdown (amcl)
[amcl-9] [INFO] [1790408597.986946272] [amcl]: Deactivating
[amcl-9] [INFO] [1790408597.986971448] [amcl]: Destroying bond (amcl) to lifecycle manager.
[planner_server-10] [INFO] [1790408597.986801945] [rclcpp]: signal_handler(SIGINT/SIGTERM)
[planner_server-10] [INFO] [1790408597.986889671] [planner_server]: Running Nav2 LifecycleNode rcl preshutdown (planner_server)
[planner_server-10] [INFO] [1790408597.987012845] [planner_server]: Deactivating
[planner_server-10] [INFO] [1790408597.987049276] [global_costmap.global_costmap]: Deactivating
[map_server-8] [INFO] [1790408597.986802568] [rclcpp]: signal_handler(SIGINT/SIGTERM)
[map_server-8] [INFO] [1790408597.986890305] [map_server]: Running Nav2 LifecycleNode rcl preshutdown (map_server)
[map_server-8] [INFO] [1790408597.986960294] [map_server]: Deactivating
[map_server-8] [INFO] [1790408597.986982743] [map_server]: Destroying bond (map_server) to lifecycle manager.
[controller_server-11] [INFO] [1790408597.986812995] [rclcpp]: signal_handler(SIGINT/SIGTERM)
[controller_server-11] [INFO] [1790408597.986891021] [controller_server]: Running Nav2 LifecycleNode rcl preshutdown (controller_server)
[controller_server-11] [INFO] [1790408597.986973704] [controller_server]: Deactivating
[controller_server-11] [INFO] [1790408597.987025486] [local_costmap.local_costmap]: Deactivating
[lifecycle_manager-18] [INFO] [1790408597.986909668] [lifecycle_manager_navigation]: [34m[1mTerminating bond timer...[0m[0m
[lifecycle_manager-17] [INFO] [1790408597.987305053] [lifecycle_manager_localization]: Running Nav2 LifecycleManager rcl preshutdown (lifecycle_manager_localization)
[lifecycle_manager-17] [INFO] [1790408597.987370580] [lifecycle_manager_localization]: [34m[1mTerminating bond timer...[0m[0m
[bt_navigator-12] [INFO] [1790408597.987256160] [rclcpp]: signal_handler(SIGINT/SIGTERM)
[bt_navigator-12] [INFO] [1790408597.987353874] [bt_navigator]: Running Nav2 LifecycleNode rcl preshutdown (bt_navigator)
[bt_navigator-12] [INFO] [1790408597.987424993] [bt_navigator]: Deactivating
[bt_navigator-12] [INFO] [1790408597.987466246] [bt_navigator]: Destroying bond (bt_navigator) to lifecycle manager.
[robot_state_publisher-3] [INFO] [1790408597.987423674] [rclcpp]: signal_handler(SIGINT/SIGTERM)
[waypoint_follower-14] [INFO] [1790408597.997437163] [waypoint_follower]: Cleaning up
[behavior_server-13] [INFO] [1790408597.997438519] [behavior_server]: Cleaning up
[amcl-9] [INFO] [1790408597.997437244] [amcl]: Cleaning up
[bt_navigator-12] [INFO] [1790408597.997931055] [bt_navigator]: Cleaning up
[map_server-8] [INFO] [1790408597.998186627] [map_server]: Cleaning up
[map_server-8] [INFO] [1790408597.998290104] [map_server]: Destroying bond (map_server) to lifecycle manager.
[behavior_server-13] [INFO] [1790408598.015263209] [behavior_server]: Destroying bond (behavior_server) to lifecycle manager.
[behavior_server-13] [INFO] [1790408598.022759827] [rclcpp]: signal_handler(SIGINT/SIGTERM)
[map_server-8] [INFO] [1790408598.022877261] [map_server]: Destroying
[amcl-9] [INFO] [1790408598.024803899] [amcl]: Destroying bond (amcl) to lifecycle manager.
[amcl-9] [INFO] [1790408598.027335383] [amcl]: Destroying
[lifecycle_manager-17] [INFO] [1790408598.028025234] [rclcpp]: signal_handler(SIGINT/SIGTERM)
[lifecycle_manager-17] [INFO] [1790408598.029168501] [lifecycle_manager_localization]: Destroying lifecycle_manager_localization
[waypoint_follower-14] [INFO] [1790408598.029209157] [waypoint_follower]: Destroying bond (waypoint_follower) to lifecycle manager.
[waypoint_follower-14] [INFO] [1790408598.030353331] [rclcpp]: signal_handler(SIGINT/SIGTERM)
[waypoint_follower-14] [INFO] [1790408598.039964258] [waypoint_follower]: Destroying
[behavior_server-13] [INFO] [1790408598.051934640] [behavior_server]: Destroying
[parameter_bridge-2] [INFO] [1790408598.060764710] [rclcpp]: signal_handler(SIGINT/SIGTERM)
[lifecycle_manager-18] [INFO] [1790408598.073802637] [rclcpp]: signal_handler(SIGINT/SIGTERM)
[lifecycle_manager-18] [INFO] [1790408598.075803677] [lifecycle_manager_navigation]: Destroying lifecycle_manager_navigation
[controller_server-11] [INFO] [1790408598.088660329] [controller_server]: Destroying bond (controller_server) to lifecycle manager.
[bt_navigator-12] [INFO] [1790408598.092044161] [bt_navigator]: Completed Cleaning up
[bt_navigator-12] [INFO] [1790408598.092092373] [bt_navigator]: Destroying bond (bt_navigator) to lifecycle manager.
[bt_navigator-12] [INFO] [1790408598.093723678] [rclcpp]: signal_handler(SIGINT/SIGTERM)
[bt_navigator-12] [INFO] [1790408598.097575293] [bt_navigator]: Destroying
[controller_server-11] [INFO] [1790408598.098940396] [controller_server]: Cleaning up
[controller_server-11] [INFO] [1790408598.099054447] [local_costmap.local_costmap]: Cleaning up
[controller_server-11] [INFO] [1790408598.110680655] [controller_server]: Destroying bond (controller_server) to lifecycle manager.
[controller_server-11] [INFO] [1790408598.112578163] [rclcpp]: signal_handler(SIGINT/SIGTERM)
[INFO] [parameter_bridge-2]: process has finished cleanly [pid 67119]
[controller_server-11] [INFO] [1790408598.117735460] [local_costmap.local_costmap]: Destroying
[controller_server-11] [INFO] [1790408598.121352083] [controller_server]: Destroying
[INFO] [lifecycle_manager-17]: process has finished cleanly [pid 67504]
[INFO] [waypoint_follower-14]: process has finished cleanly [pid 67343]
[INFO] [behavior_server-13]: process has finished cleanly [pid 67342]
[INFO] [lifecycle_manager-18]: process has finished cleanly [pid 67570]
[INFO] [bt_navigator-12]: process has finished cleanly [pid 67341]
[INFO] [controller_server-11]: process has finished cleanly [pid 67340]
[INFO] [gz-1]: process has finished cleanly [pid 67118]
[planner_server-10] [INFO] [1790408598.327992594] [planner_server]: Deactivating plugin GridBased of type SmacPlanner2D
[planner_server-10] [INFO] [1790408598.328030284] [planner_server]: Destroying bond (planner_server) to lifecycle manager.
[planner_server-10] [INFO] [1790408598.338196942] [planner_server]: Cleaning up
[planner_server-10] [INFO] [1790408598.341927273] [global_costmap.global_costmap]: Cleaning up
[planner_server-10] [INFO] [1790408598.344335249] [planner_server]: Cleaning up plugin GridBased of type SmacPlanner2D
[planner_server-10] [INFO] [1790408598.344520986] [planner_server]: Destroying plugin GridBased of type SmacPlanner2D
[planner_server-10] [INFO] [1790408598.348840867] [planner_server]: Destroying bond (planner_server) to lifecycle manager.
[planner_server-10] [INFO] [1790408598.349950513] [rclcpp]: signal_handler(SIGINT/SIGTERM)
[planner_server-10] [INFO] [1790408598.351978764] [global_costmap.global_costmap]: Destroying
[planner_server-10] [INFO] [1790408598.355762973] [planner_server]: Destroying
[INFO] [planner_server-10]: process has finished cleanly [pid 67339]
[INFO] [launch]: All log files can be found below /home/haduckien/.ros/log/2026-09-26-14-43-34-024187-Raccoon2005-68939
[INFO] [launch]: Default logging verbosity is set to INFO
[INFO] [gz-1]: process started with pid [68950]
[INFO] [parameter_bridge-2]: process started with pid [68951]
[INFO] [robot_state_publisher-3]: process started with pid [68952]
[INFO] [python3-4]: process started with pid [68953]
[INFO] [python3-5]: process started with pid [68954]
[robot_state_publisher-3] [INFO] [1790408614.141489008] [robot_state_publisher]: Robot initialized
[python3-4] [INFO] [1790408614.484598138] [school_collision_safe_pose_applier]: Wall guard active: map=/home/haduckien/nav_ws/src/custom_corridor/worlds/school_arena/demo_1/map.yaml, radius=0.22 m, topic=/school_hunav/target_poses
[python3-5] [INFO] [1790408614.511990236] [school_pose_sync_monitor]: Gazebo/RViz sync monitor active: orange pose=/demo/gazebo_robot_pose
[parameter_bridge-2] [INFO] [1790408615.144624490] [ros_gz_bridge]: Creating GZ->ROS Bridge: [/clock (gz.msgs.Clock) -> /clock (rosgraph_msgs/msg/Clock)] (Lazy 0)
[parameter_bridge-2] [INFO] [1790408615.146119988] [ros_gz_bridge]: Creating GZ->ROS Bridge: [/joint_states (gz.msgs.Model) -> /joint_states (sensor_msgs/msg/JointState)] (Lazy 0)
[parameter_bridge-2] [INFO] [1790408615.149137146] [ros_gz_bridge]: Creating GZ->ROS Bridge: [/odom (gz.msgs.Odometry) -> /odom (nav_msgs/msg/Odometry)] (Lazy 0)
[parameter_bridge-2] [INFO] [1790408615.151077735] [ros_gz_bridge]: Creating GZ->ROS Bridge: [/tf (gz.msgs.Pose_V) -> /tf (tf2_msgs/msg/TFMessage)] (Lazy 0)
[parameter_bridge-2] [INFO] [1790408615.152884222] [ros_gz_bridge]: Creating GZ->ROS Bridge: [/scan (gz.msgs.LaserScan) -> /scan (sensor_msgs/msg/LaserScan)] (Lazy 0)
[parameter_bridge-2] [INFO] [1790408615.153623293] [ros_gz_bridge]: Creating ROS->GZ Bridge: [/cmd_vel (geometry_msgs/msg/Twist) -> /cmd_vel (gz.msgs.Twist)] (Lazy 0)
[parameter_bridge-2] [INFO] [1790408615.154548555] [ros_gz_bridge]: Creating GZ->ROS Bridge: [/world/school_arena/dynamic_pose/info (gz.msgs.Pose_V) -> /world/school_arena/dynamic_pose/info (tf2_msgs/msg/TFMessage)] (Lazy 0)
[parameter_bridge-2] [INFO] [1790408615.155178007] [ros_gz_bridge]: Creating ROS->GZ service bridge [/world/school_arena/set_pose (ros_gz_interfaces/srv/SetEntityPose -> gz.msgs.Pose/gz.msgs.Boolean)]
[parameter_bridge-2] [INFO] [1790408615.156807740] [ros_gz_bridge]: Creating ROS->GZ service bridge [/world/school_arena/control (ros_gz_interfaces/srv/ControlWorld -> gz.msgs.WorldControl/gz.msgs.Boolean)]
[parameter_bridge-2] [INFO] [1790408615.157619322] [ros_gz_bridge]: Creating GZ->ROS Bridge: [/robot/camera/image_raw (gz.msgs.Image) -> /robot/camera/image_raw (sensor_msgs/msg/Image)] (Lazy 0)
[INFO] [create-6]: process started with pid [69111]
[create-6] [INFO] [1790408617.336647776] [ros_gz_sim]: Entity creation successful.
[gz-1] [1;33mWarning [Utils.cc:132][0m [/sdf/model[@name="turtlebot3_burger_camera"]/link[@name="base_scan"]/sensor[@name="hls_lfcd_lds"]/gz_frame_id:/home/haduckien/nav_ws/src/custom_corridor/worlds/school_arena/demo_1/demo_robot.sdf:L153]: XML Element[gz_frame_id], child of element[sensor], not defined in SDF. Copying[gz_frame_id] as children of [sensor].
[INFO] [create-6]: process has finished cleanly [pid 69111]
[INFO] [python3-7]: process started with pid [69133]
[python3-7] [INFO] [1790408617.973465016] [school_wait_for_robot_tf]: Robot odom/TF and simulation clock ready
[INFO] [python3-7]: process has finished cleanly [pid 69133]
[INFO] [map_server-8]: process started with pid [69217]
[INFO] [amcl-9]: process started with pid [69218]
[INFO] [planner_server-10]: process started with pid [69219]
[INFO] [controller_server-11]: process started with pid [69220]
[INFO] [bt_navigator-12]: process started with pid [69221]
[INFO] [behavior_server-13]: process started with pid [69222]
[INFO] [waypoint_follower-14]: process started with pid [69223]
[INFO] [python3-15]: process started with pid [69224]
[INFO] [goal_pose_bridge.py-16]: process started with pid [69225]
[bt_navigator-12] [INFO] [1790408618.227054018] [bt_navigator]: 
[bt_navigator-12] 	bt_navigator lifecycle node launched. 
[bt_navigator-12] 	Waiting on external lifecycle transitions to activate
[bt_navigator-12] 	See https://design.ros2.org/articles/node_lifecycle.html for more information.
[bt_navigator-12] [INFO] [1790408618.228823843] [bt_navigator]: Creating
[amcl-9] [INFO] [1790408618.232829108] [amcl]: 
[amcl-9] 	amcl lifecycle node launched. 
[amcl-9] 	Waiting on external lifecycle transitions to activate
[amcl-9] 	See https://design.ros2.org/articles/node_lifecycle.html for more information.
[amcl-9] [INFO] [1790408618.233524040] [amcl]: Creating
[map_server-8] [INFO] [1790408618.237990799] [map_server]: 
[map_server-8] 	map_server lifecycle node launched. 
[map_server-8] 	Waiting on external lifecycle transitions to activate
[map_server-8] 	See https://design.ros2.org/articles/node_lifecycle.html for more information.
[map_server-8] [INFO] [1790408618.238124968] [map_server]: Creating
[behavior_server-13] [INFO] [1790408618.245548814] [behavior_server]: 
[behavior_server-13] 	behavior_server lifecycle node launched. 
[behavior_server-13] 	Waiting on external lifecycle transitions to activate
[behavior_server-13] 	See https://design.ros2.org/articles/node_lifecycle.html for more information.
[waypoint_follower-14] [INFO] [1790408618.248402787] [waypoint_follower]: 
[waypoint_follower-14] 	waypoint_follower lifecycle node launched. 
[waypoint_follower-14] 	Waiting on external lifecycle transitions to activate
[waypoint_follower-14] 	See https://design.ros2.org/articles/node_lifecycle.html for more information.
[waypoint_follower-14] [INFO] [1790408618.248897904] [waypoint_follower]: Creating
[planner_server-10] [INFO] [1790408618.249402734] [planner_server]: 
[planner_server-10] 	planner_server lifecycle node launched. 
[planner_server-10] 	Waiting on external lifecycle transitions to activate
[planner_server-10] 	See https://design.ros2.org/articles/node_lifecycle.html for more information.
[controller_server-11] [INFO] [1790408618.249482237] [controller_server]: 
[controller_server-11] 	controller_server lifecycle node launched. 
[controller_server-11] 	Waiting on external lifecycle transitions to activate
[controller_server-11] 	See https://design.ros2.org/articles/node_lifecycle.html for more information.
[planner_server-10] [INFO] [1790408618.250610729] [planner_server]: Creating
[controller_server-11] [INFO] [1790408618.253098833] [controller_server]: Creating controller server
[controller_server-11] [INFO] [1790408618.262649209] [local_costmap.local_costmap]: 
[controller_server-11] 	local_costmap lifecycle node launched. 
[controller_server-11] 	Waiting on external lifecycle transitions to activate
[controller_server-11] 	See https://design.ros2.org/articles/node_lifecycle.html for more information.
[controller_server-11] [INFO] [1790408618.263070811] [local_costmap.local_costmap]: Creating Costmap
[planner_server-10] [INFO] [1790408618.263701160] [global_costmap.global_costmap]: 
[planner_server-10] 	global_costmap lifecycle node launched. 
[planner_server-10] 	Waiting on external lifecycle transitions to activate
[planner_server-10] 	See https://design.ros2.org/articles/node_lifecycle.html for more information.
[planner_server-10] [INFO] [1790408618.263989775] [global_costmap.global_costmap]: Creating Costmap
[goal_pose_bridge.py-16] [INFO] [1790408618.948250701] [goal_pose_bridge]: GoalPoseBridge started: listening on /goal_pose -> forwarding to /navigate_to_pose
[INFO] [lifecycle_manager-17]: process started with pid [69353]
[lifecycle_manager-17] [INFO] [1790408620.204600038] [lifecycle_manager_localization]: Creating
[lifecycle_manager-17] [INFO] [1790408620.209080867] [lifecycle_manager_localization]: [34m[1mCreating and initializing lifecycle service clients[0m[0m
[lifecycle_manager-17] [INFO] [1790408621.901597313] [lifecycle_manager_localization]: [34m[1mStarting managed nodes bringup...[0m[0m
[lifecycle_manager-17] [INFO] [1790408621.901671842] [lifecycle_manager_localization]: [34m[1mConfiguring map_server[0m[0m
[map_server-8] [INFO] [1790408621.902066722] [map_server]: Configuring
[map_server-8] [INFO] [1790408621.902157378] [map_io]: Loading yaml file: /home/haduckien/nav_ws/src/custom_corridor/worlds/school_arena/demo_1/map.yaml
[map_server-8] [INFO] [1790408621.902445343] [map_io]: resolution: 0.05
[map_server-8] [INFO] [1790408621.902461208] [map_io]: origin[0]: -16
[map_server-8] [INFO] [1790408621.902468108] [map_io]: origin[1]: -14
[map_server-8] [INFO] [1790408621.902472952] [map_io]: origin[2]: 0
[map_server-8] [INFO] [1790408621.902477935] [map_io]: free_thresh: 0.25
[map_server-8] [INFO] [1790408621.902482564] [map_io]: occupied_thresh: 0.65
[map_server-8] [INFO] [1790408621.902489812] [map_io]: mode: trinary
[map_server-8] [INFO] [1790408621.902495684] [map_io]: negate: 0
[map_server-8] [INFO] [1790408621.902738128] [map_io]: Loading image_file: /home/haduckien/nav_ws/src/custom_corridor/worlds/school_arena/demo_1/map.pgm
[map_server-8] [INFO] [1790408621.911319966] [map_io]: Read map /home/haduckien/nav_ws/src/custom_corridor/worlds/school_arena/demo_1/map.pgm: 730 X 580 map @ 0.05 m/cell
[lifecycle_manager-17] [INFO] [1790408621.924031487] [lifecycle_manager_localization]: [34m[1mConfiguring amcl[0m[0m
[amcl-9] [INFO] [1790408621.924453162] [amcl]: Configuring
[amcl-9] [INFO] [1790408621.924579167] [amcl]: initTransforms
[amcl-9] [INFO] [1790408621.933553881] [amcl]: initPubSub
[amcl-9] [INFO] [1790408621.944224389] [amcl]: Subscribed to map topic.
[lifecycle_manager-17] [INFO] [1790408621.948113757] [lifecycle_manager_localization]: [34m[1mActivating map_server[0m[0m
[map_server-8] [INFO] [1790408621.948306984] [map_server]: Activating
[map_server-8] [INFO] [1790408621.949068532] [map_server]: Creating bond (map_server) to lifecycle manager.
[amcl-9] [INFO] [1790408621.960607474] [amcl]: Received a 730 X 580 map @ 0.050 m/pix
[lifecycle_manager-17] [INFO] [1790408622.058635652] [lifecycle_manager_localization]: Server map_server connected with bond.
[lifecycle_manager-17] [INFO] [1790408622.058708229] [lifecycle_manager_localization]: [34m[1mActivating amcl[0m[0m
[amcl-9] [INFO] [1790408622.059371609] [amcl]: Activating
[amcl-9] [INFO] [1790408622.059448914] [amcl]: Creating bond (amcl) to lifecycle manager.
[amcl-9] [INFO] [1790408622.063252317] [amcl]: initialPoseReceived
[amcl-9] [INFO] [1790408622.063453645] [amcl]: Setting pose (4.569000): 0.000 -7.850 -2.978
[python3-15] [INFO] [1790408622.076844184] [school_episode_initial_pose]: Published /initialpose from episode: 0.000, -7.850, -2.978
[amcl-9] [INFO] [1790408622.137901849] [amcl]: createLaserObject
[lifecycle_manager-17] [INFO] [1790408622.165790403] [lifecycle_manager_localization]: Server amcl connected with bond.
[lifecycle_manager-17] [INFO] [1790408622.165846313] [lifecycle_manager_localization]: [34m[1mManaged nodes are active[0m[0m
[lifecycle_manager-17] [INFO] [1790408622.165864742] [lifecycle_manager_localization]: [34m[1mCreating bond timer...[0m[0m
[python3-5] [INFO] [1790408622.266978101] [school_pose_sync_monitor]: Gazebo↔RViz pose error=0.015 m (gz=0.00,-7.85; tf=-0.00,-7.86)
[python3-15] [INFO] [1790408622.401171208] [school_episode_initial_pose]: AMCL map->odom is available at scan and current simulation timestamps
[INFO] [python3-15]: process has finished cleanly [pid 69224]
[INFO] [lifecycle_manager-18]: process started with pid [69421]
[lifecycle_manager-18] [INFO] [1790408622.724240631] [lifecycle_manager_navigation]: Creating
[lifecycle_manager-18] [INFO] [1790408622.730411295] [lifecycle_manager_navigation]: [34m[1mCreating and initializing lifecycle service clients[0m[0m
[lifecycle_manager-18] [INFO] [1790408623.060785266] [lifecycle_manager_navigation]: [34m[1mStarting managed nodes bringup...[0m[0m
[lifecycle_manager-18] [INFO] [1790408623.060851834] [lifecycle_manager_navigation]: [34m[1mConfiguring planner_server[0m[0m
[planner_server-10] [INFO] [1790408623.061314460] [planner_server]: Configuring
[planner_server-10] [INFO] [1790408623.061366792] [global_costmap.global_costmap]: Configuring
[planner_server-10] [INFO] [1790408623.073431604] [global_costmap.global_costmap]: Using plugin "static_layer"
[planner_server-10] [INFO] [1790408623.078424194] [global_costmap.global_costmap]: Subscribing to the map topic (/map) with transient local durability
[planner_server-10] [INFO] [1790408623.081488674] [global_costmap.global_costmap]: Initialized plugin "static_layer"
[planner_server-10] [INFO] [1790408623.081538267] [global_costmap.global_costmap]: Using plugin "obstacle_layer"
[planner_server-10] [INFO] [1790408623.082165796] [global_costmap.global_costmap]: Subscribed to Topics: scan
[planner_server-10] [INFO] [1790408623.085480431] [global_costmap.global_costmap]: Initialized plugin "obstacle_layer"
[planner_server-10] [INFO] [1790408623.085509026] [global_costmap.global_costmap]: Using plugin "inflation_layer"
[planner_server-10] [INFO] [1790408623.086084862] [global_costmap.global_costmap]: Initialized plugin "inflation_layer"
[planner_server-10] [INFO] [1790408623.113042511] [global_costmap.global_costmap]: StaticLayer: Resizing costmap to 730 X 580 at 0.050000 m/pix
[planner_server-10] [INFO] [1790408623.118329284] [planner_server]: Created global planner plugin GridBased of type nav2_smac_planner::SmacPlanner2D
[planner_server-10] [INFO] [1790408623.118367134] [planner_server]: Configuring GridBased of type SmacPlanner2D
[planner_server-10] [ERROR] [1790408623.119119030] [planner_server]: Inflation layer either not found or inflation is not set sufficiently for optimized non-circular collision checking capabilities. It is HIGHLY recommended to set the inflation radius to be at MINIMUM half of the robot's largest cross-section. See github.com/ros-planning/navigation2/tree/main/nav2_smac_planner#potential-fields for full instructions. This will substantially impact run-time performance.
[planner_server-10] [INFO] [1790408623.120587745] [planner_server]: Configured plugin GridBased of type SmacPlanner2D with tolerance 0.15, maximum iterations 1000000, max on approach iterations 1000, and not allowing unknown traversal.
[planner_server-10] [INFO] [1790408623.120631688] [planner_server]: Planner Server has GridBased  planners available.
[lifecycle_manager-18] [INFO] [1790408623.136664733] [lifecycle_manager_navigation]: [34m[1mConfiguring controller_server[0m[0m
[controller_server-11] [INFO] [1790408623.137059691] [controller_server]: Configuring controller interface
[controller_server-11] [INFO] [1790408623.137104939] [controller_server]: getting progress checker plugins..
[controller_server-11] [INFO] [1790408623.137429603] [controller_server]: getting goal checker plugins..
[controller_server-11] [INFO] [1790408623.137753148] [controller_server]: Controller frequency set to 10.0000Hz
[controller_server-11] [INFO] [1790408623.137841385] [local_costmap.local_costmap]: Configuring
[controller_server-11] [INFO] [1790408623.151425618] [local_costmap.local_costmap]: Using plugin "obstacle_layer"
[controller_server-11] [INFO] [1790408623.155258298] [local_costmap.local_costmap]: Subscribed to Topics: scan
[controller_server-11] [INFO] [1790408623.161067445] [local_costmap.local_costmap]: Initialized plugin "obstacle_layer"
[controller_server-11] [INFO] [1790408623.161135747] [local_costmap.local_costmap]: Using plugin "inflation_layer"
[controller_server-11] [INFO] [1790408623.161700626] [local_costmap.local_costmap]: Initialized plugin "inflation_layer"
[controller_server-11] [INFO] [1790408623.187904751] [controller_server]: Created progress_checker : progress_checker of type nav2_controller::SimpleProgressChecker
[controller_server-11] [INFO] [1790408623.188248926] [controller_server]: Controller Server has progress_checker  progress checkers available.
[controller_server-11] [INFO] [1790408623.188663712] [controller_server]: Created goal checker : goal_checker of type nav2_controller::SimpleGoalChecker
[controller_server-11] [INFO] [1790408623.189212035] [controller_server]: Controller Server has goal_checker  goal checkers available.
[controller_server-11] [INFO] [1790408623.191417460] [controller_server]: Created controller : FollowPath of type dwb_core::DWBLocalPlanner
[controller_server-11] [INFO] [1790408623.192664525] [controller_server]: Setting transform_tolerance to 0.100000
[controller_server-11] [INFO] [1790408623.210495556] [controller_server]: Using critic "RotateToGoal" (dwb_critics::RotateToGoalCritic)
[controller_server-11] [INFO] [1790408623.211410927] [controller_server]: Critic plugin initialized
[controller_server-11] [INFO] [1790408623.211671503] [controller_server]: Using critic "Oscillation" (dwb_critics::OscillationCritic)
[controller_server-11] [INFO] [1790408623.212947815] [controller_server]: Critic plugin initialized
[controller_server-11] [INFO] [1790408623.213317799] [controller_server]: Using critic "BaseObstacle" (dwb_critics::BaseObstacleCritic)
[controller_server-11] [INFO] [1790408623.213621878] [controller_server]: Critic plugin initialized
[controller_server-11] [INFO] [1790408623.213764459] [controller_server]: Using critic "GoalAlign" (dwb_critics::GoalAlignCritic)
[controller_server-11] [INFO] [1790408623.214215755] [controller_server]: Critic plugin initialized
[controller_server-11] [INFO] [1790408623.214357525] [controller_server]: Using critic "PathAlign" (dwb_critics::PathAlignCritic)
[controller_server-11] [INFO] [1790408623.214637266] [controller_server]: Critic plugin initialized
[controller_server-11] [INFO] [1790408623.214738088] [controller_server]: Using critic "PathDist" (dwb_critics::PathDistCritic)
[controller_server-11] [INFO] [1790408623.214986991] [controller_server]: Critic plugin initialized
[controller_server-11] [INFO] [1790408623.215079981] [controller_server]: Using critic "GoalDist" (dwb_critics::GoalDistCritic)
[controller_server-11] [INFO] [1790408623.215325637] [controller_server]: Critic plugin initialized
[controller_server-11] [INFO] [1790408623.215344368] [controller_server]: Controller Server has FollowPath  controllers available.
[lifecycle_manager-18] [INFO] [1790408623.225272699] [lifecycle_manager_navigation]: [34m[1mConfiguring bt_navigator[0m[0m
[bt_navigator-12] [INFO] [1790408623.225651965] [bt_navigator]: Configuring
[bt_navigator-12] [INFO] [1790408623.234516460] [bt_navigator]: Creating navigator id navigate_to_pose of type nav2_bt_navigator::NavigateToPoseNavigator
[bt_navigator-12] [WARN] [1790408623.238111499] [bt_navigator]: Error_code parameters were not set. Using default values of: follow_path_error_code compute_path_error_code
[bt_navigator-12] Make sure these match your BT and there are not other sources of error codes youreported to your application
[bt_navigator-12] [INFO] [1790408623.315875132] [bt_navigator]: Creating navigator id navigate_through_poses of type nav2_bt_navigator::NavigateThroughPosesNavigator
[lifecycle_manager-18] [INFO] [1790408623.351199582] [lifecycle_manager_navigation]: [34m[1mConfiguring behavior_server[0m[0m
[behavior_server-13] [INFO] [1790408623.351413334] [behavior_server]: Configuring
[behavior_server-13] [INFO] [1790408623.357850905] [behavior_server]: Creating behavior plugin spin of type nav2_behaviors::Spin
[behavior_server-13] [INFO] [1790408623.359677564] [behavior_server]: Creating behavior plugin backup of type nav2_behaviors::BackUp
[behavior_server-13] [INFO] [1790408623.361356396] [behavior_server]: Creating behavior plugin wait of type nav2_behaviors::Wait
[behavior_server-13] [INFO] [1790408623.375478271] [behavior_server]: Configuring spin
[behavior_server-13] [INFO] [1790408623.392576139] [behavior_server]: Configuring backup
[behavior_server-13] [INFO] [1790408623.402902355] [behavior_server]: Configuring wait
[lifecycle_manager-18] [INFO] [1790408623.412414608] [lifecycle_manager_navigation]: [34m[1mConfiguring waypoint_follower[0m[0m
[waypoint_follower-14] [INFO] [1790408623.412900605] [waypoint_follower]: Configuring
[waypoint_follower-14] [INFO] [1790408623.448097731] [waypoint_follower]: Created waypoint_task_executor : wait_at_waypoint of type nav2_waypoint_follower::WaitAtWaypoint
[waypoint_follower-14] [INFO] [1790408623.448406105] [waypoint_follower]: Waypoint pause duration is set to zero, disabling task executor plugin.
[lifecycle_manager-18] [INFO] [1790408623.449310766] [lifecycle_manager_navigation]: [34m[1mActivating planner_server[0m[0m
[planner_server-10] [INFO] [1790408623.449571195] [planner_server]: Activating
[planner_server-10] [INFO] [1790408623.449613640] [global_costmap.global_costmap]: Activating
[planner_server-10] [INFO] [1790408623.449625029] [global_costmap.global_costmap]: Checking transform
[planner_server-10] [INFO] [1790408623.449752988] [global_costmap.global_costmap]: start
[planner_server-10] [INFO] [1790408624.001086927] [planner_server]: Activating plugin GridBased of type SmacPlanner2D
[planner_server-10] [INFO] [1790408624.002654774] [planner_server]: Creating bond (planner_server) to lifecycle manager.
[lifecycle_manager-18] [INFO] [1790408624.111735176] [lifecycle_manager_navigation]: Server planner_server connected with bond.
[lifecycle_manager-18] [INFO] [1790408624.111818164] [lifecycle_manager_navigation]: [34m[1mActivating controller_server[0m[0m
[controller_server-11] [INFO] [1790408624.112777317] [controller_server]: Activating
[controller_server-11] [INFO] [1790408624.112887103] [local_costmap.local_costmap]: Activating
[controller_server-11] [INFO] [1790408624.112917870] [local_costmap.local_costmap]: Checking transform
[controller_server-11] [INFO] [1790408624.113292297] [local_costmap.local_costmap]: start
[controller_server-11] [INFO] [1790408624.315187839] [controller_server]: Creating bond (controller_server) to lifecycle manager.
[lifecycle_manager-18] [INFO] [1790408624.421283077] [lifecycle_manager_navigation]: Server controller_server connected with bond.
[lifecycle_manager-18] [INFO] [1790408624.421336094] [lifecycle_manager_navigation]: [34m[1mActivating bt_navigator[0m[0m
[bt_navigator-12] [INFO] [1790408624.421699353] [bt_navigator]: Activating
[bt_navigator-12] [INFO] [1790408624.527928352] [bt_navigator]: Creating bond (bt_navigator) to lifecycle manager.
[lifecycle_manager-18] [INFO] [1790408624.636577891] [lifecycle_manager_navigation]: Server bt_navigator connected with bond.
[lifecycle_manager-18] [INFO] [1790408624.636623131] [lifecycle_manager_navigation]: [34m[1mActivating behavior_server[0m[0m
[behavior_server-13] [INFO] [1790408624.636951068] [behavior_server]: Activating
[behavior_server-13] [INFO] [1790408624.636974320] [behavior_server]: Activating spin
[behavior_server-13] [INFO] [1790408624.636982897] [behavior_server]: Activating backup
[behavior_server-13] [INFO] [1790408624.636989267] [behavior_server]: Activating wait
[behavior_server-13] [INFO] [1790408624.636998674] [behavior_server]: Creating bond (behavior_server) to lifecycle manager.
[bt_navigator-12] [INFO] [1790408624.648098558] [bt_navigator]: Begin navigating from current location (-0.00, -7.86) to (-14.00, -8.15)
[controller_server-11] [INFO] [1790408624.669583278] [controller_server]: Received a goal, begin computing control effort.
[controller_server-11] [WARN] [1790408624.669628704] [controller_server]: No goal checker was specified in parameter 'current_goal_checker'. Server will use only plugin loaded goal_checker . This warning will appear once.
[controller_server-11] [WARN] [1790408624.669644831] [controller_server]: No progress checker was specified in parameter 'current_progress_checker'. Server will use only plugin loaded progress_checker . This warning will appear once.
[parameter_bridge-2] [INFO] [1790408624.672638816] [ros_gz_bridge]: Passing message from ROS geometry_msgs/msg/Twist to Gazebo gz.msgs.Twist (showing msg only once per type)
[lifecycle_manager-18] [INFO] [1790408624.745918890] [lifecycle_manager_navigation]: Server behavior_server connected with bond.
[lifecycle_manager-18] [INFO] [1790408624.745969536] [lifecycle_manager_navigation]: [34m[1mActivating waypoint_follower[0m[0m
[waypoint_follower-14] [INFO] [1790408624.746848489] [waypoint_follower]: Activating
[waypoint_follower-14] [INFO] [1790408624.746969406] [waypoint_follower]: Creating bond (waypoint_follower) to lifecycle manager.
[lifecycle_manager-18] [INFO] [1790408624.854302260] [lifecycle_manager_navigation]: Server waypoint_follower connected with bond.
[lifecycle_manager-18] [INFO] [1790408624.854339125] [lifecycle_manager_navigation]: [34m[1mManaged nodes are active[0m[0m
[lifecycle_manager-18] [INFO] [1790408624.854344368] [lifecycle_manager_navigation]: [34m[1mCreating bond timer...[0m[0m
[controller_server-11] [INFO] [1790408625.769915019] [controller_server]: Passing new path to controller.
[controller_server-11] [ERROR] [1790408626.170382017] [tf_help]: Transform data too old when converting from odom to map
[controller_server-11] [ERROR] [1790408626.170975324] [tf_help]: Data time: 8s 3000000ns, Transform time: 7s 900000000ns
[controller_server-11] [ERROR] [1790408626.171315147] [controller_server]: Unable to transform robot pose into global plan's frame
[controller_server-11] [WARN] [1790408626.171685755] [controller_server]: [follow_path] [ActionServer] Aborting handle.
[bt_navigator-12] [WARN] [1790408626.198418493] [bt_navigator]: [navigate_to_pose] [ActionServer] Aborting handle.
[bt_navigator-12] [ERROR] [1790408626.198604817] [bt_navigator]: Goal failed
[WARNING] [launch]: user interrupted with ctrl-c (SIGINT)
[INFO] [lifecycle_manager-18]: sending signal 'SIGINT' to process[lifecycle_manager-18]
[INFO] [lifecycle_manager-17]: sending signal 'SIGINT' to process[lifecycle_manager-17]
[INFO] [goal_pose_bridge.py-16]: sending signal 'SIGINT' to process[goal_pose_bridge.py-16]
[INFO] [waypoint_follower-14]: sending signal 'SIGINT' to process[waypoint_follower-14]
[INFO] [behavior_server-13]: sending signal 'SIGINT' to process[behavior_server-13]
[INFO] [bt_navigator-12]: sending signal 'SIGINT' to process[bt_navigator-12]
[INFO] [controller_server-11]: sending signal 'SIGINT' to process[controller_server-11]
[INFO] [planner_server-10]: sending signal 'SIGINT' to process[planner_server-10]
[ERROR] [goal_pose_bridge.py-16]: process has died [pid 69225, exit code -2, cmd '/home/haduckien/nav_ws/install/custom_corridor/lib/custom_corridor/goal_pose_bridge.py --ros-args -r __node:=goal_pose_bridge --params-file /tmp/launch_params_uyungbun'].
[ERROR] [waypoint_follower-14]: process has died [pid 69223, exit code -2, cmd '/opt/ros/jazzy/lib/nav2_waypoint_follower/waypoint_follower --ros-args -r __node:=waypoint_follower --params-file /home/haduckien/nav_ws/src/custom_corridor/worlds/school_arena/demo_1/scenario_generator/generated/ep_000001/nav2_school.yaml'].
[INFO] [amcl-9]: sending signal 'SIGINT' to process[amcl-9]
[INFO] [map_server-8]: sending signal 'SIGINT' to process[map_server-8]
[INFO] [python3-5]: sending signal 'SIGINT' to process[python3-5]
[INFO] [python3-4]: sending signal 'SIGINT' to process[python3-4]
[ERROR] [amcl-9]: process has died [pid 69218, exit code -2, cmd '/opt/ros/jazzy/lib/nav2_amcl/amcl --ros-args -r __node:=amcl --params-file /home/haduckien/nav_ws/src/custom_corridor/worlds/school_arena/demo_1/scenario_generator/generated/ep_000001/nav2_school.yaml --params-file /tmp/launch_params_segya163'].
[INFO] [robot_state_publisher-3]: sending signal 'SIGINT' to process[robot_state_publisher-3]
[ERROR] [map_server-8]: process has died [pid 69217, exit code -2, cmd '/opt/ros/jazzy/lib/nav2_map_server/map_server --ros-args -r __node:=map_server --params-file /home/haduckien/nav_ws/src/custom_corridor/worlds/school_arena/demo_1/scenario_generator/generated/ep_000001/nav2_school.yaml --params-file /tmp/launch_params_af3beff8'].
[INFO] [parameter_bridge-2]: sending signal 'SIGINT' to process[parameter_bridge-2]
[INFO] [gz-1]: sending signal 'SIGINT' to process[gz-1]
[ERROR] [robot_state_publisher-3]: process has died [pid 68952, exit code -2, cmd '/opt/ros/jazzy/lib/robot_state_publisher/robot_state_publisher --ros-args --params-file /tmp/launch_params_kcyihlvn'].
[controller_server-11] [INFO] [1790408626.234978759] [rclcpp]: signal_handler(SIGINT/SIGTERM)
[controller_server-11] [INFO] [1790408626.235209056] [controller_server]: Running Nav2 LifecycleNode rcl preshutdown (controller_server)
[controller_server-11] [INFO] [1790408626.235303757] [controller_server]: Deactivating
[controller_server-11] [INFO] [1790408626.235363737] [local_costmap.local_costmap]: Deactivating
[ERROR] [python3-5]: process has died [pid 68954, exit code -2, cmd 'python3 /home/haduckien/nav_ws/src/custom_corridor/worlds/school_arena/demo_1/pose_sync_monitor.py --ros-args -p use_sim_time:=true -p robot_name:=robot -p world_frame:=map -p initial_x:=0.0 -p initial_y:=-7.85'].
[lifecycle_manager-17] [INFO] [1790408626.234997868] [rclcpp]: signal_handler(SIGINT/SIGTERM)
[lifecycle_manager-17] [INFO] [1790408626.235212292] [lifecycle_manager_localization]: Running Nav2 LifecycleManager rcl preshutdown (lifecycle_manager_localization)
[lifecycle_manager-17] [INFO] [1790408626.235258289] [lifecycle_manager_localization]: [34m[1mTerminating bond timer...[0m[0m
[amcl-9] [INFO] [1790408626.234978724] [rclcpp]: signal_handler(SIGINT/SIGTERM)
[amcl-9] [INFO] [1790408626.235208494] [amcl]: Running Nav2 LifecycleNode rcl preshutdown (amcl)
[amcl-9] [INFO] [1790408626.235303590] [amcl]: Deactivating
[amcl-9] [INFO] [1790408626.235330857] [amcl]: Destroying bond (amcl) to lifecycle manager.
[ERROR] [python3-4]: process has died [pid 68953, exit code -2, cmd 'python3 /home/haduckien/nav_ws/src/custom_corridor/worlds/school_arena/demo_1/collision_safe_pose_applier.py --ros-args -p use_sim_time:=true -p world_name:=school_arena -p target_topic:=/school_hunav/target_poses -p map_yaml:=/home/haduckien/nav_ws/src/custom_corridor/worlds/school_arena/demo_1/map.yaml -p agent_radius:=0.22 -p apply_hz:=20.0 -p ground_z:=0.0'].
[lifecycle_manager-18] [INFO] [1790408626.234978886] [rclcpp]: signal_handler(SIGINT/SIGTERM)
[lifecycle_manager-18] [INFO] [1790408626.235204690] [lifecycle_manager_navigation]: Running Nav2 LifecycleManager rcl preshutdown (lifecycle_manager_navigation)
[lifecycle_manager-18] [INFO] [1790408626.235255849] [lifecycle_manager_navigation]: [34m[1mTerminating bond timer...[0m[0m
[robot_state_publisher-3] [INFO] [1790408626.235003018] [rclcpp]: signal_handler(SIGINT/SIGTERM)
[parameter_bridge-2] [INFO] [1790408626.235020334] [rclcpp]: signal_handler(SIGINT/SIGTERM)
[bt_navigator-12] [INFO] [1790408626.235164224] [rclcpp]: signal_handler(SIGINT/SIGTERM)
[bt_navigator-12] [INFO] [1790408626.235236632] [bt_navigator]: Running Nav2 LifecycleNode rcl preshutdown (bt_navigator)
[bt_navigator-12] [INFO] [1790408626.235307213] [bt_navigator]: Deactivating
[bt_navigator-12] [INFO] [1790408626.235341146] [bt_navigator]: Destroying bond (bt_navigator) to lifecycle manager.
[behavior_server-13] [INFO] [1790408626.235105879] [rclcpp]: signal_handler(SIGINT/SIGTERM)
[behavior_server-13] [INFO] [1790408626.235360649] [behavior_server]: Running Nav2 LifecycleNode rcl preshutdown (behavior_server)
[behavior_server-13] [INFO] [1790408626.235432620] [behavior_server]: Deactivating
[behavior_server-13] [INFO] [1790408626.235476698] [behavior_server]: Destroying bond (behavior_server) to lifecycle manager.
[behavior_server-13] [INFO] [1790408626.249931135] [behavior_server]: Cleaning up
[behavior_server-13] [INFO] [1790408626.253881635] [behavior_server]: Destroying bond (behavior_server) to lifecycle manager.
[waypoint_follower-14] [INFO] [1790408626.235323140] [rclcpp]: signal_handler(SIGINT/SIGTERM)
[waypoint_follower-14] [INFO] [1790408626.235462857] [waypoint_follower]: Running Nav2 LifecycleNode rcl preshutdown (waypoint_follower)
[waypoint_follower-14] [INFO] [1790408626.235538513] [waypoint_follower]: Deactivating
[waypoint_follower-14] [INFO] [1790408626.235571534] [waypoint_follower]: Destroying bond (waypoint_follower) to lifecycle manager.
[waypoint_follower-14] [INFO] [1790408626.246643761] [waypoint_follower]: Cleaning up
[planner_server-10] [INFO] [1790408626.235933295] [rclcpp]: signal_handler(SIGINT/SIGTERM)
[planner_server-10] [INFO] [1790408626.236016336] [planner_server]: Running Nav2 LifecycleNode rcl preshutdown (planner_server)
[planner_server-10] [INFO] [1790408626.236084305] [planner_server]: Deactivating
[planner_server-10] [INFO] [1790408626.236127357] [global_costmap.global_costmap]: Deactivating
[map_server-8] [INFO] [1790408626.236208555] [rclcpp]: signal_handler(SIGINT/SIGTERM)
[map_server-8] [INFO] [1790408626.236362285] [map_server]: Running Nav2 LifecycleNode rcl preshutdown (map_server)
[map_server-8] [INFO] [1790408626.236416144] [map_server]: Deactivating
[map_server-8] [INFO] [1790408626.236430753] [map_server]: Destroying bond (map_server) to lifecycle manager.
[map_server-8] [INFO] [1790408626.247029669] [map_server]: Cleaning up
[map_server-8] [INFO] [1790408626.247098438] [map_server]: Destroying bond (map_server) to lifecycle manager.
[bt_navigator-12] [INFO] [1790408626.245883858] [bt_navigator]: Cleaning up
[amcl-9] [INFO] [1790408626.246009475] [amcl]: Cleaning up
[amcl-9] [INFO] [1790408626.257868675] [amcl]: Destroying bond (amcl) to lifecycle manager.
[map_server-8] [INFO] [1790408626.263636327] [map_server]: Destroying
[waypoint_follower-14] [INFO] [1790408626.282124255] [waypoint_follower]: Destroying bond (waypoint_follower) to lifecycle manager.
[waypoint_follower-14] [INFO] [1790408626.283006151] [waypoint_follower]: Destroying
[lifecycle_manager-17] [INFO] [1790408626.287494841] [rclcpp]: signal_handler(SIGINT/SIGTERM)
[lifecycle_manager-17] [INFO] [1790408626.289280249] [lifecycle_manager_localization]: Destroying lifecycle_manager_localization
[behavior_server-13] [INFO] [1790408626.293281449] [rclcpp]: signal_handler(SIGINT/SIGTERM)
[amcl-9] [INFO] [1790408626.293320282] [amcl]: Destroying
[behavior_server-13] [INFO] [1790408626.304310756] [behavior_server]: Destroying
[controller_server-11] [INFO] [1790408626.313667981] [controller_server]: Destroying bond (controller_server) to lifecycle manager.
[controller_server-11] [INFO] [1790408626.325012777] [controller_server]: Cleaning up
[controller_server-11] [INFO] [1790408626.325398927] [local_costmap.local_costmap]: Cleaning up
[parameter_bridge-2] [INFO] [1790408626.327250026] [rclcpp]: signal_handler(SIGINT/SIGTERM)
[lifecycle_manager-18] [INFO] [1790408626.335671756] [rclcpp]: signal_handler(SIGINT/SIGTERM)
[lifecycle_manager-18] [INFO] [1790408626.335921924] [lifecycle_manager_navigation]: Destroying lifecycle_manager_navigation
[controller_server-11] [INFO] [1790408626.345063802] [controller_server]: Destroying bond (controller_server) to lifecycle manager.
[controller_server-11] [INFO] [1790408626.346981831] [rclcpp]: signal_handler(SIGINT/SIGTERM)
[controller_server-11] [INFO] [1790408626.351193182] [local_costmap.local_costmap]: Destroying
[controller_server-11] [INFO] [1790408626.359709327] [controller_server]: Destroying
[INFO] [parameter_bridge-2]: process has finished cleanly [pid 68951]
[bt_navigator-12] [INFO] [1790408626.366088653] [bt_navigator]: Completed Cleaning up
[bt_navigator-12] [INFO] [1790408626.366205073] [bt_navigator]: Destroying bond (bt_navigator) to lifecycle manager.
[bt_navigator-12] [INFO] [1790408626.366628294] [rclcpp]: signal_handler(SIGINT/SIGTERM)
[bt_navigator-12] [INFO] [1790408626.373318880] [bt_navigator]: Destroying
[INFO] [lifecycle_manager-17]: process has finished cleanly [pid 69353]
[INFO] [behavior_server-13]: process has finished cleanly [pid 69222]
[planner_server-10] [INFO] [1790408626.450033291] [planner_server]: Deactivating plugin GridBased of type SmacPlanner2D
[planner_server-10] [INFO] [1790408626.450092748] [planner_server]: Destroying bond (planner_server) to lifecycle manager.
[INFO] [lifecycle_manager-18]: process has finished cleanly [pid 69421]
[planner_server-10] [INFO] [1790408626.460353459] [planner_server]: Cleaning up
[planner_server-10] [INFO] [1790408626.466392868] [global_costmap.global_costmap]: Cleaning up
[planner_server-10] [INFO] [1790408626.469205085] [planner_server]: Cleaning up plugin GridBased of type SmacPlanner2D
[planner_server-10] [INFO] [1790408626.469584447] [planner_server]: Destroying plugin GridBased of type SmacPlanner2D
[INFO] [controller_server-11]: process has finished cleanly [pid 69220]
[planner_server-10] [INFO] [1790408626.478040567] [planner_server]: Destroying bond (planner_server) to lifecycle manager.
[planner_server-10] [INFO] [1790408626.479134198] [rclcpp]: signal_handler(SIGINT/SIGTERM)
[planner_server-10] [INFO] [1790408626.480468792] [global_costmap.global_costmap]: Destroying
[planner_server-10] [INFO] [1790408626.483041769] [planner_server]: Destroying
[INFO] [bt_navigator-12]: process has finished cleanly [pid 69221]
[INFO] [planner_server-10]: process has finished cleanly [pid 69219]
[INFO] [gz-1]: process has finished cleanly [pid 68950]
[INFO] [launch]: All log files can be found below /home/haduckien/.ros/log/2026-09-26-14-45-57-844960-Raccoon2005-71304
[INFO] [launch]: Default logging verbosity is set to INFO
[INFO] [gz-1]: process started with pid [71325]
[INFO] [parameter_bridge-2]: process started with pid [71326]
[INFO] [robot_state_publisher-3]: process started with pid [71327]
[INFO] [python3-4]: process started with pid [71328]
[INFO] [python3-5]: process started with pid [71329]
[robot_state_publisher-3] [INFO] [1790408757.948909993] [robot_state_publisher]: Robot initialized
[python3-4] [INFO] [1790408758.232634847] [school_collision_safe_pose_applier]: Wall guard active: map=/home/haduckien/nav_ws/src/custom_corridor/worlds/school_arena/demo_1/map.yaml, radius=0.22 m, topic=/school_hunav/target_poses
[python3-5] [INFO] [1790408758.255193733] [school_pose_sync_monitor]: Gazebo/RViz sync monitor active: orange pose=/demo/gazebo_robot_pose
[parameter_bridge-2] [INFO] [1790408758.951408426] [ros_gz_bridge]: Creating GZ->ROS Bridge: [/clock (gz.msgs.Clock) -> /clock (rosgraph_msgs/msg/Clock)] (Lazy 0)
[parameter_bridge-2] [INFO] [1790408758.952375645] [ros_gz_bridge]: Creating GZ->ROS Bridge: [/joint_states (gz.msgs.Model) -> /joint_states (sensor_msgs/msg/JointState)] (Lazy 0)
[parameter_bridge-2] [INFO] [1790408758.955139830] [ros_gz_bridge]: Creating GZ->ROS Bridge: [/odom (gz.msgs.Odometry) -> /odom (nav_msgs/msg/Odometry)] (Lazy 0)
[parameter_bridge-2] [INFO] [1790408758.957037622] [ros_gz_bridge]: Creating GZ->ROS Bridge: [/tf (gz.msgs.Pose_V) -> /tf (tf2_msgs/msg/TFMessage)] (Lazy 0)
[parameter_bridge-2] [INFO] [1790408758.958771138] [ros_gz_bridge]: Creating GZ->ROS Bridge: [/scan (gz.msgs.LaserScan) -> /scan (sensor_msgs/msg/LaserScan)] (Lazy 0)
[parameter_bridge-2] [INFO] [1790408758.959449511] [ros_gz_bridge]: Creating ROS->GZ Bridge: [/cmd_vel (geometry_msgs/msg/Twist) -> /cmd_vel (gz.msgs.Twist)] (Lazy 0)
[parameter_bridge-2] [INFO] [1790408758.960098525] [ros_gz_bridge]: Creating GZ->ROS Bridge: [/world/school_arena/dynamic_pose/info (gz.msgs.Pose_V) -> /world/school_arena/dynamic_pose/info (tf2_msgs/msg/TFMessage)] (Lazy 0)
[parameter_bridge-2] [INFO] [1790408758.960433142] [ros_gz_bridge]: Creating ROS->GZ service bridge [/world/school_arena/set_pose (ros_gz_interfaces/srv/SetEntityPose -> gz.msgs.Pose/gz.msgs.Boolean)]
[parameter_bridge-2] [INFO] [1790408758.961096145] [ros_gz_bridge]: Creating ROS->GZ service bridge [/world/school_arena/control (ros_gz_interfaces/srv/ControlWorld -> gz.msgs.WorldControl/gz.msgs.Boolean)]
[parameter_bridge-2] [INFO] [1790408758.961369394] [ros_gz_bridge]: Creating GZ->ROS Bridge: [/robot/camera/image_raw (gz.msgs.Image) -> /robot/camera/image_raw (sensor_msgs/msg/Image)] (Lazy 0)
[INFO] [create-6]: process started with pid [71461]
[create-6] [INFO] [1790408761.140778448] [ros_gz_sim]: Entity creation successful.
[gz-1] [1;33mWarning [Utils.cc:132][0m [/sdf/model[@name="turtlebot3_burger_camera"]/link[@name="base_scan"]/sensor[@name="hls_lfcd_lds"]/gz_frame_id:/home/haduckien/nav_ws/src/custom_corridor/worlds/school_arena/demo_1/demo_robot.sdf:L153]: XML Element[gz_frame_id], child of element[sensor], not defined in SDF. Copying[gz_frame_id] as children of [sensor].
[INFO] [create-6]: process has finished cleanly [pid 71461]
[INFO] [python3-7]: process started with pid [71483]
[python3-7] [INFO] [1790408761.764830838] [school_wait_for_robot_tf]: Robot odom/TF and simulation clock ready
[INFO] [python3-7]: process has finished cleanly [pid 71483]
[INFO] [map_server-8]: process started with pid [71568]
[INFO] [amcl-9]: process started with pid [71569]
[INFO] [planner_server-10]: process started with pid [71570]
[INFO] [controller_server-11]: process started with pid [71571]
[INFO] [bt_navigator-12]: process started with pid [71572]
[INFO] [behavior_server-13]: process started with pid [71573]
[INFO] [waypoint_follower-14]: process started with pid [71574]
[INFO] [python3-15]: process started with pid [71575]
[INFO] [goal_pose_bridge.py-16]: process started with pid [71576]
[behavior_server-13] [INFO] [1790408761.972388152] [behavior_server]: 
[behavior_server-13] 	behavior_server lifecycle node launched. 
[behavior_server-13] 	Waiting on external lifecycle transitions to activate
[behavior_server-13] 	See https://design.ros2.org/articles/node_lifecycle.html for more information.
[controller_server-11] [INFO] [1790408761.986623559] [controller_server]: 
[controller_server-11] 	controller_server lifecycle node launched. 
[controller_server-11] 	Waiting on external lifecycle transitions to activate
[controller_server-11] 	See https://design.ros2.org/articles/node_lifecycle.html for more information.
[map_server-8] [INFO] [1790408761.987567930] [map_server]: 
[map_server-8] 	map_server lifecycle node launched. 
[map_server-8] 	Waiting on external lifecycle transitions to activate
[map_server-8] 	See https://design.ros2.org/articles/node_lifecycle.html for more information.
[map_server-8] [INFO] [1790408761.987666466] [map_server]: Creating
[controller_server-11] [INFO] [1790408761.990427481] [controller_server]: Creating controller server
[amcl-9] [INFO] [1790408761.991623696] [amcl]: 
[amcl-9] 	amcl lifecycle node launched. 
[amcl-9] 	Waiting on external lifecycle transitions to activate
[amcl-9] 	See https://design.ros2.org/articles/node_lifecycle.html for more information.
[amcl-9] [INFO] [1790408761.992162901] [amcl]: Creating
[bt_navigator-12] [INFO] [1790408761.994840052] [bt_navigator]: 
[bt_navigator-12] 	bt_navigator lifecycle node launched. 
[bt_navigator-12] 	Waiting on external lifecycle transitions to activate
[bt_navigator-12] 	See https://design.ros2.org/articles/node_lifecycle.html for more information.
[bt_navigator-12] [INFO] [1790408761.996975574] [bt_navigator]: Creating
[controller_server-11] [INFO] [1790408762.000362686] [local_costmap.local_costmap]: 
[controller_server-11] 	local_costmap lifecycle node launched. 
[controller_server-11] 	Waiting on external lifecycle transitions to activate
[controller_server-11] 	See https://design.ros2.org/articles/node_lifecycle.html for more information.
[controller_server-11] [INFO] [1790408762.000725343] [local_costmap.local_costmap]: Creating Costmap
[planner_server-10] [INFO] [1790408762.001272625] [planner_server]: 
[planner_server-10] 	planner_server lifecycle node launched. 
[planner_server-10] 	Waiting on external lifecycle transitions to activate
[planner_server-10] 	See https://design.ros2.org/articles/node_lifecycle.html for more information.
[planner_server-10] [INFO] [1790408762.002734800] [planner_server]: Creating
[waypoint_follower-14] [INFO] [1790408762.005348398] [waypoint_follower]: 
[waypoint_follower-14] 	waypoint_follower lifecycle node launched. 
[waypoint_follower-14] 	Waiting on external lifecycle transitions to activate
[waypoint_follower-14] 	See https://design.ros2.org/articles/node_lifecycle.html for more information.
[waypoint_follower-14] [INFO] [1790408762.005933702] [waypoint_follower]: Creating
[planner_server-10] [INFO] [1790408762.012325138] [global_costmap.global_costmap]: 
[planner_server-10] 	global_costmap lifecycle node launched. 
[planner_server-10] 	Waiting on external lifecycle transitions to activate
[planner_server-10] 	See https://design.ros2.org/articles/node_lifecycle.html for more information.
[planner_server-10] [INFO] [1790408762.012778236] [global_costmap.global_costmap]: Creating Costmap
[goal_pose_bridge.py-16] [INFO] [1790408762.726133182] [goal_pose_bridge]: GoalPoseBridge started: listening on /goal_pose -> forwarding to /navigate_to_pose
[INFO] [lifecycle_manager-17]: process started with pid [71726]
[lifecycle_manager-17] [INFO] [1790408763.967383461] [lifecycle_manager_localization]: Creating
[lifecycle_manager-17] [INFO] [1790408763.970119591] [lifecycle_manager_localization]: [34m[1mCreating and initializing lifecycle service clients[0m[0m
[lifecycle_manager-17] [INFO] [1790408765.661835536] [lifecycle_manager_localization]: [34m[1mStarting managed nodes bringup...[0m[0m
[lifecycle_manager-17] [INFO] [1790408765.661895602] [lifecycle_manager_localization]: [34m[1mConfiguring map_server[0m[0m
[map_server-8] [INFO] [1790408765.662193766] [map_server]: Configuring
[map_server-8] [INFO] [1790408765.662249171] [map_io]: Loading yaml file: /home/haduckien/nav_ws/src/custom_corridor/worlds/school_arena/demo_1/map.yaml
[map_server-8] [INFO] [1790408765.662467141] [map_io]: resolution: 0.05
[map_server-8] [INFO] [1790408765.662484752] [map_io]: origin[0]: -16
[map_server-8] [INFO] [1790408765.662489197] [map_io]: origin[1]: -14
[map_server-8] [INFO] [1790408765.662492290] [map_io]: origin[2]: 0
[map_server-8] [INFO] [1790408765.662495460] [map_io]: free_thresh: 0.25
[map_server-8] [INFO] [1790408765.662498212] [map_io]: occupied_thresh: 0.65
[map_server-8] [INFO] [1790408765.662503799] [map_io]: mode: trinary
[map_server-8] [INFO] [1790408765.662506867] [map_io]: negate: 0
[map_server-8] [INFO] [1790408765.662650882] [map_io]: Loading image_file: /home/haduckien/nav_ws/src/custom_corridor/worlds/school_arena/demo_1/map.pgm
[map_server-8] [INFO] [1790408765.668440760] [map_io]: Read map /home/haduckien/nav_ws/src/custom_corridor/worlds/school_arena/demo_1/map.pgm: 730 X 580 map @ 0.05 m/cell
[lifecycle_manager-17] [INFO] [1790408765.675503050] [lifecycle_manager_localization]: [34m[1mConfiguring amcl[0m[0m
[amcl-9] [INFO] [1790408765.675750549] [amcl]: Configuring
[amcl-9] [INFO] [1790408765.675860746] [amcl]: initTransforms
[amcl-9] [INFO] [1790408765.685538307] [amcl]: initPubSub
[amcl-9] [INFO] [1790408765.694613043] [amcl]: Subscribed to map topic.
[lifecycle_manager-17] [INFO] [1790408765.698602781] [lifecycle_manager_localization]: [34m[1mActivating map_server[0m[0m
[map_server-8] [INFO] [1790408765.698772674] [map_server]: Activating
[map_server-8] [INFO] [1790408765.699668007] [map_server]: Creating bond (map_server) to lifecycle manager.
[amcl-9] [INFO] [1790408765.710962283] [amcl]: Received a 730 X 580 map @ 0.050 m/pix
[lifecycle_manager-17] [INFO] [1790408765.805946023] [lifecycle_manager_localization]: Server map_server connected with bond.
[lifecycle_manager-17] [INFO] [1790408765.805986530] [lifecycle_manager_localization]: [34m[1mActivating amcl[0m[0m
[amcl-9] [INFO] [1790408765.806198154] [amcl]: Activating
[amcl-9] [INFO] [1790408765.806236120] [amcl]: Creating bond (amcl) to lifecycle manager.
[amcl-9] [INFO] [1790408765.810877770] [amcl]: initialPoseReceived
[amcl-9] [INFO] [1790408765.811098937] [amcl]: Setting pose (5.076000): 0.000 -7.850 -2.978
[python3-15] [INFO] [1790408765.822857416] [school_episode_initial_pose]: Published /initialpose from episode: 0.000, -7.850, -2.978
[lifecycle_manager-17] [INFO] [1790408765.912691557] [lifecycle_manager_localization]: Server amcl connected with bond.
[lifecycle_manager-17] [INFO] [1790408765.912738498] [lifecycle_manager_localization]: [34m[1mManaged nodes are active[0m[0m
[lifecycle_manager-17] [INFO] [1790408765.912752692] [lifecycle_manager_localization]: [34m[1mCreating bond timer...[0m[0m
[amcl-9] [INFO] [1790408765.956392479] [amcl]: createLaserObject
[python3-5] [INFO] [1790408766.057714469] [school_pose_sync_monitor]: Gazebo↔RViz pose error=0.018 m (gz=0.00,-7.85; tf=-0.01,-7.87)
[python3-15] [INFO] [1790408766.163204860] [school_episode_initial_pose]: AMCL map->odom is available at scan and current simulation timestamps
[INFO] [python3-15]: process has finished cleanly [pid 71575]
[INFO] [lifecycle_manager-18]: process started with pid [71814]
[lifecycle_manager-18] [INFO] [1790408766.382629762] [lifecycle_manager_navigation]: Creating
[lifecycle_manager-18] [INFO] [1790408766.385010045] [lifecycle_manager_navigation]: [34m[1mCreating and initializing lifecycle service clients[0m[0m
[lifecycle_manager-18] [INFO] [1790408768.385963894] [lifecycle_manager_navigation]: Waiting for service planner_server/get_state...
[lifecycle_manager-18] [INFO] [1790408768.666656853] [lifecycle_manager_navigation]: [34m[1mStarting managed nodes bringup...[0m[0m
[lifecycle_manager-18] [INFO] [1790408768.666715016] [lifecycle_manager_navigation]: [34m[1mConfiguring planner_server[0m[0m
[planner_server-10] [INFO] [1790408768.666951924] [planner_server]: Configuring
[planner_server-10] [INFO] [1790408768.666991690] [global_costmap.global_costmap]: Configuring
[planner_server-10] [INFO] [1790408768.676430965] [global_costmap.global_costmap]: Using plugin "static_layer"
[planner_server-10] [INFO] [1790408768.680615386] [global_costmap.global_costmap]: Subscribing to the map topic (/map) with transient local durability
[planner_server-10] [INFO] [1790408768.682400663] [global_costmap.global_costmap]: Initialized plugin "static_layer"
[planner_server-10] [INFO] [1790408768.682425059] [global_costmap.global_costmap]: Using plugin "obstacle_layer"
[planner_server-10] [INFO] [1790408768.682924295] [global_costmap.global_costmap]: Subscribed to Topics: scan
[planner_server-10] [INFO] [1790408768.686127732] [global_costmap.global_costmap]: Initialized plugin "obstacle_layer"
[planner_server-10] [INFO] [1790408768.686162017] [global_costmap.global_costmap]: Using plugin "inflation_layer"
[planner_server-10] [INFO] [1790408768.686647316] [global_costmap.global_costmap]: Initialized plugin "inflation_layer"
[planner_server-10] [INFO] [1790408768.707185884] [global_costmap.global_costmap]: StaticLayer: Resizing costmap to 730 X 580 at 0.050000 m/pix
[planner_server-10] [INFO] [1790408768.710944068] [planner_server]: Created global planner plugin GridBased of type nav2_smac_planner::SmacPlanner2D
[planner_server-10] [INFO] [1790408768.711001298] [planner_server]: Configuring GridBased of type SmacPlanner2D
[planner_server-10] [ERROR] [1790408768.711844486] [planner_server]: Inflation layer either not found or inflation is not set sufficiently for optimized non-circular collision checking capabilities. It is HIGHLY recommended to set the inflation radius to be at MINIMUM half of the robot's largest cross-section. See github.com/ros-planning/navigation2/tree/main/nav2_smac_planner#potential-fields for full instructions. This will substantially impact run-time performance.
[planner_server-10] [INFO] [1790408768.713569633] [planner_server]: Configured plugin GridBased of type SmacPlanner2D with tolerance 0.15, maximum iterations 1000000, max on approach iterations 1000, and not allowing unknown traversal.
[planner_server-10] [INFO] [1790408768.713612929] [planner_server]: Planner Server has GridBased  planners available.
[lifecycle_manager-18] [INFO] [1790408768.729387772] [lifecycle_manager_navigation]: [34m[1mConfiguring controller_server[0m[0m
[controller_server-11] [INFO] [1790408768.729697413] [controller_server]: Configuring controller interface
[controller_server-11] [INFO] [1790408768.729726446] [controller_server]: getting progress checker plugins..
[controller_server-11] [INFO] [1790408768.729943918] [controller_server]: getting goal checker plugins..
[controller_server-11] [INFO] [1790408768.730203337] [controller_server]: Controller frequency set to 10.0000Hz
[controller_server-11] [INFO] [1790408768.730249187] [local_costmap.local_costmap]: Configuring
[controller_server-11] [INFO] [1790408768.739019350] [local_costmap.local_costmap]: Using plugin "obstacle_layer"
[controller_server-11] [INFO] [1790408768.743397992] [local_costmap.local_costmap]: Subscribed to Topics: scan
[controller_server-11] [INFO] [1790408768.748142802] [local_costmap.local_costmap]: Initialized plugin "obstacle_layer"
[controller_server-11] [INFO] [1790408768.748186787] [local_costmap.local_costmap]: Using plugin "inflation_layer"
[controller_server-11] [INFO] [1790408768.748914268] [local_costmap.local_costmap]: Initialized plugin "inflation_layer"
[controller_server-11] [INFO] [1790408768.770856585] [controller_server]: Created progress_checker : progress_checker of type nav2_controller::SimpleProgressChecker
[controller_server-11] [INFO] [1790408768.771253393] [controller_server]: Controller Server has progress_checker  progress checkers available.
[controller_server-11] [INFO] [1790408768.771799004] [controller_server]: Created goal checker : goal_checker of type nav2_controller::SimpleGoalChecker
[controller_server-11] [INFO] [1790408768.772315074] [controller_server]: Controller Server has goal_checker  goal checkers available.
[controller_server-11] [INFO] [1790408768.774057806] [controller_server]: Created controller : FollowPath of type dwb_core::DWBLocalPlanner
[controller_server-11] [INFO] [1790408768.775361168] [controller_server]: Setting transform_tolerance to 0.100000
[controller_server-11] [INFO] [1790408768.790106195] [controller_server]: Using critic "RotateToGoal" (dwb_critics::RotateToGoalCritic)
[controller_server-11] [INFO] [1790408768.790836052] [controller_server]: Critic plugin initialized
[controller_server-11] [INFO] [1790408768.791046755] [controller_server]: Using critic "Oscillation" (dwb_critics::OscillationCritic)
[controller_server-11] [INFO] [1790408768.791630452] [controller_server]: Critic plugin initialized
[controller_server-11] [INFO] [1790408768.791779878] [controller_server]: Using critic "BaseObstacle" (dwb_critics::BaseObstacleCritic)
[controller_server-11] [INFO] [1790408768.792030660] [controller_server]: Critic plugin initialized
[controller_server-11] [INFO] [1790408768.792304977] [controller_server]: Using critic "GoalAlign" (dwb_critics::GoalAlignCritic)
[controller_server-11] [INFO] [1790408768.792804736] [controller_server]: Critic plugin initialized
[controller_server-11] [INFO] [1790408768.792965181] [controller_server]: Using critic "PathAlign" (dwb_critics::PathAlignCritic)
[controller_server-11] [INFO] [1790408768.793384594] [controller_server]: Critic plugin initialized
[controller_server-11] [INFO] [1790408768.793531250] [controller_server]: Using critic "PathDist" (dwb_critics::PathDistCritic)
[controller_server-11] [INFO] [1790408768.793815671] [controller_server]: Critic plugin initialized
[controller_server-11] [INFO] [1790408768.793967613] [controller_server]: Using critic "GoalDist" (dwb_critics::GoalDistCritic)
[controller_server-11] [INFO] [1790408768.794253817] [controller_server]: Critic plugin initialized
[controller_server-11] [INFO] [1790408768.794281161] [controller_server]: Controller Server has FollowPath  controllers available.
[lifecycle_manager-18] [INFO] [1790408768.803832421] [lifecycle_manager_navigation]: [34m[1mConfiguring bt_navigator[0m[0m
[bt_navigator-12] [INFO] [1790408768.804120044] [bt_navigator]: Configuring
[bt_navigator-12] [INFO] [1790408768.811271031] [bt_navigator]: Creating navigator id navigate_to_pose of type nav2_bt_navigator::NavigateToPoseNavigator
[bt_navigator-12] [WARN] [1790408768.816822264] [bt_navigator]: Error_code parameters were not set. Using default values of: follow_path_error_code compute_path_error_code
[bt_navigator-12] Make sure these match your BT and there are not other sources of error codes youreported to your application
[bt_navigator-12] [INFO] [1790408768.889198355] [bt_navigator]: Creating navigator id navigate_through_poses of type nav2_bt_navigator::NavigateThroughPosesNavigator
[lifecycle_manager-18] [INFO] [1790408768.911105792] [lifecycle_manager_navigation]: [34m[1mConfiguring behavior_server[0m[0m
[behavior_server-13] [INFO] [1790408768.911432183] [behavior_server]: Configuring
[behavior_server-13] [INFO] [1790408768.916395529] [behavior_server]: Creating behavior plugin spin of type nav2_behaviors::Spin
[behavior_server-13] [INFO] [1790408768.917591177] [behavior_server]: Creating behavior plugin backup of type nav2_behaviors::BackUp
[behavior_server-13] [INFO] [1790408768.918729326] [behavior_server]: Creating behavior plugin wait of type nav2_behaviors::Wait
[behavior_server-13] [INFO] [1790408768.930245674] [behavior_server]: Configuring spin
[behavior_server-13] [INFO] [1790408768.937216995] [behavior_server]: Configuring backup
[behavior_server-13] [INFO] [1790408768.942463904] [behavior_server]: Configuring wait
[lifecycle_manager-18] [INFO] [1790408768.948426986] [lifecycle_manager_navigation]: [34m[1mConfiguring waypoint_follower[0m[0m
[waypoint_follower-14] [INFO] [1790408768.948660466] [waypoint_follower]: Configuring
[waypoint_follower-14] [INFO] [1790408768.983926069] [waypoint_follower]: Created waypoint_task_executor : wait_at_waypoint of type nav2_waypoint_follower::WaitAtWaypoint
[waypoint_follower-14] [INFO] [1790408768.984367743] [waypoint_follower]: Waypoint pause duration is set to zero, disabling task executor plugin.
[lifecycle_manager-18] [INFO] [1790408768.985214459] [lifecycle_manager_navigation]: [34m[1mActivating planner_server[0m[0m
[planner_server-10] [INFO] [1790408768.985501196] [planner_server]: Activating
[planner_server-10] [INFO] [1790408768.985573349] [global_costmap.global_costmap]: Activating
[planner_server-10] [INFO] [1790408768.985595234] [global_costmap.global_costmap]: Checking transform
[planner_server-10] [INFO] [1790408768.985823087] [global_costmap.global_costmap]: start
[planner_server-10] [INFO] [1790408769.538016884] [planner_server]: Activating plugin GridBased of type SmacPlanner2D
[planner_server-10] [INFO] [1790408769.539924630] [planner_server]: Creating bond (planner_server) to lifecycle manager.
[lifecycle_manager-18] [INFO] [1790408769.650181552] [lifecycle_manager_navigation]: Server planner_server connected with bond.
[lifecycle_manager-18] [INFO] [1790408769.650239312] [lifecycle_manager_navigation]: [34m[1mActivating controller_server[0m[0m
[controller_server-11] [INFO] [1790408769.650626068] [controller_server]: Activating
[controller_server-11] [INFO] [1790408769.650670893] [local_costmap.local_costmap]: Activating
[controller_server-11] [INFO] [1790408769.650679528] [local_costmap.local_costmap]: Checking transform
[controller_server-11] [INFO] [1790408769.650791979] [local_costmap.local_costmap]: start
[controller_server-11] [INFO] [1790408769.902271458] [controller_server]: Creating bond (controller_server) to lifecycle manager.
[lifecycle_manager-18] [INFO] [1790408770.008350414] [lifecycle_manager_navigation]: Server controller_server connected with bond.
[lifecycle_manager-18] [INFO] [1790408770.008396715] [lifecycle_manager_navigation]: [34m[1mActivating bt_navigator[0m[0m
[bt_navigator-12] [INFO] [1790408770.008968180] [bt_navigator]: Activating
[bt_navigator-12] [INFO] [1790408770.121923264] [bt_navigator]: Creating bond (bt_navigator) to lifecycle manager.
[lifecycle_manager-18] [INFO] [1790408770.227449160] [lifecycle_manager_navigation]: Server bt_navigator connected with bond.
[lifecycle_manager-18] [INFO] [1790408770.227527574] [lifecycle_manager_navigation]: [34m[1mActivating behavior_server[0m[0m
[behavior_server-13] [INFO] [1790408770.228234547] [behavior_server]: Activating
[behavior_server-13] [INFO] [1790408770.228258287] [behavior_server]: Activating spin
[behavior_server-13] [INFO] [1790408770.228265566] [behavior_server]: Activating backup
[behavior_server-13] [INFO] [1790408770.228271543] [behavior_server]: Activating wait
[behavior_server-13] [INFO] [1790408770.228280145] [behavior_server]: Creating bond (behavior_server) to lifecycle manager.
[bt_navigator-12] [INFO] [1790408770.238014607] [bt_navigator]: Begin navigating from current location (-0.01, -7.87) to (-14.00, -8.15)
[controller_server-11] [INFO] [1790408770.261212587] [controller_server]: Received a goal, begin computing control effort.
[controller_server-11] [WARN] [1790408770.261290477] [controller_server]: No goal checker was specified in parameter 'current_goal_checker'. Server will use only plugin loaded goal_checker . This warning will appear once.
[controller_server-11] [WARN] [1790408770.261316657] [controller_server]: No progress checker was specified in parameter 'current_progress_checker'. Server will use only plugin loaded progress_checker . This warning will appear once.
[parameter_bridge-2] [INFO] [1790408770.265101294] [ros_gz_bridge]: Passing message from ROS geometry_msgs/msg/Twist to Gazebo gz.msgs.Twist (showing msg only once per type)
[lifecycle_manager-18] [INFO] [1790408770.338546748] [lifecycle_manager_navigation]: Server behavior_server connected with bond.
[lifecycle_manager-18] [INFO] [1790408770.338699918] [lifecycle_manager_navigation]: [34m[1mActivating waypoint_follower[0m[0m
[waypoint_follower-14] [INFO] [1790408770.339386512] [waypoint_follower]: Activating
[waypoint_follower-14] [INFO] [1790408770.339454683] [waypoint_follower]: Creating bond (waypoint_follower) to lifecycle manager.
[lifecycle_manager-18] [INFO] [1790408770.446954665] [lifecycle_manager_navigation]: Server waypoint_follower connected with bond.
[lifecycle_manager-18] [INFO] [1790408770.447000373] [lifecycle_manager_navigation]: [34m[1mManaged nodes are active[0m[0m
[lifecycle_manager-18] [INFO] [1790408770.447007729] [lifecycle_manager_navigation]: [34m[1mCreating bond timer...[0m[0m
[python3-5] [INFO] [1790408771.071879813] [school_pose_sync_monitor]: Gazebo↔RViz pose error=0.029 m (gz=-0.12,-7.87; tf=-0.14,-7.89)
[controller_server-11] [INFO] [1790408771.361703557] [controller_server]: Passing new path to controller.
[controller_server-11] [ERROR] [1790408771.561737144] [tf_help]: Transform data too old when converting from odom to map
[controller_server-11] [ERROR] [1790408771.561804409] [tf_help]: Data time: 10s 604000000ns, Transform time: 10s 500000000ns
[controller_server-11] [ERROR] [1790408771.561918875] [controller_server]: Unable to transform robot pose into global plan's frame
[controller_server-11] [WARN] [1790408771.562086839] [controller_server]: [follow_path] [ActionServer] Aborting handle.
[bt_navigator-12] [WARN] [1790408771.588258878] [bt_navigator]: [navigate_to_pose] [ActionServer] Aborting handle.
[bt_navigator-12] [ERROR] [1790408771.588522266] [bt_navigator]: Goal failed
[WARNING] [launch]: user interrupted with ctrl-c (SIGINT)
[waypoint_follower-14] [INFO] [1790408771.625018368] [rclcpp]: signal_handler(SIGINT/SIGTERM)
[waypoint_follower-14] [INFO] [1790408771.625195822] [waypoint_follower]: Running Nav2 LifecycleNode rcl preshutdown (waypoint_follower)
[waypoint_follower-14] [INFO] [1790408771.625266079] [waypoint_follower]: Deactivating
[waypoint_follower-14] [INFO] [1790408771.625302452] [waypoint_follower]: Destroying bond (waypoint_follower) to lifecycle manager.
[amcl-9] [INFO] [1790408771.625032086] [rclcpp]: signal_handler(SIGINT/SIGTERM)
[amcl-9] [INFO] [1790408771.625145665] [amcl]: Running Nav2 LifecycleNode rcl preshutdown (amcl)
[amcl-9] [INFO] [1790408771.625236045] [amcl]: Deactivating
[amcl-9] [INFO] [1790408771.625261508] [amcl]: Destroying bond (amcl) to lifecycle manager.
[controller_server-11] [INFO] [1790408771.625029972] [rclcpp]: signal_handler(SIGINT/SIGTERM)
[controller_server-11] [INFO] [1790408771.625137040] [controller_server]: Running Nav2 LifecycleNode rcl preshutdown (controller_server)
[controller_server-11] [INFO] [1790408771.625236864] [controller_server]: Deactivating
[controller_server-11] [INFO] [1790408771.625299197] [local_costmap.local_costmap]: Deactivating
[bt_navigator-12] [INFO] [1790408771.625032378] [rclcpp]: signal_handler(SIGINT/SIGTERM)
[bt_navigator-12] [INFO] [1790408771.625130035] [bt_navigator]: Running Nav2 LifecycleNode rcl preshutdown (bt_navigator)
[bt_navigator-12] [INFO] [1790408771.625237711] [bt_navigator]: Deactivating
[bt_navigator-12] [INFO] [1790408771.625401952] [bt_navigator]: Destroying bond (bt_navigator) to lifecycle manager.
[robot_state_publisher-3] [INFO] [1790408771.625032543] [rclcpp]: signal_handler(SIGINT/SIGTERM)
[lifecycle_manager-17] [INFO] [1790408771.625035995] [rclcpp]: signal_handler(SIGINT/SIGTERM)
[lifecycle_manager-17] [INFO] [1790408771.625184289] [lifecycle_manager_localization]: Running Nav2 LifecycleManager rcl preshutdown (lifecycle_manager_localization)
[lifecycle_manager-17] [INFO] [1790408771.625228051] [lifecycle_manager_localization]: [34m[1mTerminating bond timer...[0m[0m
[behavior_server-13] [INFO] [1790408771.625045460] [rclcpp]: signal_handler(SIGINT/SIGTERM)
[behavior_server-13] [INFO] [1790408771.625168883] [behavior_server]: Running Nav2 LifecycleNode rcl preshutdown (behavior_server)
[behavior_server-13] [INFO] [1790408771.625244415] [behavior_server]: Deactivating
[behavior_server-13] [INFO] [1790408771.625279202] [behavior_server]: Destroying bond (behavior_server) to lifecycle manager.
[map_server-8] [INFO] [1790408771.625052646] [rclcpp]: signal_handler(SIGINT/SIGTERM)
[map_server-8] [INFO] [1790408771.625194581] [map_server]: Running Nav2 LifecycleNode rcl preshutdown (map_server)
[map_server-8] [INFO] [1790408771.625267795] [map_server]: Deactivating
[map_server-8] [INFO] [1790408771.625287903] [map_server]: Destroying bond (map_server) to lifecycle manager.
[parameter_bridge-2] [INFO] [1790408771.625050350] [rclcpp]: signal_handler(SIGINT/SIGTERM)
[lifecycle_manager-18] [INFO] [1790408771.625135950] [rclcpp]: signal_handler(SIGINT/SIGTERM)
[lifecycle_manager-18] [INFO] [1790408771.625264236] [lifecycle_manager_navigation]: Running Nav2 LifecycleManager rcl preshutdown (lifecycle_manager_navigation)
[lifecycle_manager-18] [INFO] [1790408771.625316308] [lifecycle_manager_navigation]: [34m[1mTerminating bond timer...[0m[0m
[planner_server-10] [INFO] [1790408771.625018308] [rclcpp]: signal_handler(SIGINT/SIGTERM)
[planner_server-10] [INFO] [1790408771.625243011] [planner_server]: Running Nav2 LifecycleNode rcl preshutdown (planner_server)
[planner_server-10] [INFO] [1790408771.625317761] [planner_server]: Deactivating
[planner_server-10] [INFO] [1790408771.625362815] [global_costmap.global_costmap]: Deactivating
[INFO] [lifecycle_manager-18]: sending signal 'SIGINT' to process[lifecycle_manager-18]
[INFO] [lifecycle_manager-17]: sending signal 'SIGINT' to process[lifecycle_manager-17]
[INFO] [goal_pose_bridge.py-16]: sending signal 'SIGINT' to process[goal_pose_bridge.py-16]
[INFO] [waypoint_follower-14]: sending signal 'SIGINT' to process[waypoint_follower-14]
[INFO] [behavior_server-13]: sending signal 'SIGINT' to process[behavior_server-13]
[INFO] [bt_navigator-12]: sending signal 'SIGINT' to process[bt_navigator-12]
[INFO] [controller_server-11]: sending signal 'SIGINT' to process[controller_server-11]
[INFO] [planner_server-10]: sending signal 'SIGINT' to process[planner_server-10]
[INFO] [amcl-9]: sending signal 'SIGINT' to process[amcl-9]
[ERROR] [goal_pose_bridge.py-16]: process has died [pid 71576, exit code -2, cmd '/home/haduckien/nav_ws/install/custom_corridor/lib/custom_corridor/goal_pose_bridge.py --ros-args -r __node:=goal_pose_bridge --params-file /tmp/launch_params_44p6da7r'].
[INFO] [map_server-8]: sending signal 'SIGINT' to process[map_server-8]
[INFO] [python3-5]: sending signal 'SIGINT' to process[python3-5]
[INFO] [python3-4]: sending signal 'SIGINT' to process[python3-4]
[ERROR] [amcl-9]: process has died [pid 71569, exit code -2, cmd '/opt/ros/jazzy/lib/nav2_amcl/amcl --ros-args -r __node:=amcl --params-file /home/haduckien/nav_ws/src/custom_corridor/worlds/school_arena/demo_1/scenario_generator/generated/ep_000001/nav2_school.yaml --params-file /tmp/launch_params_zvwvy4ve'].
[INFO] [robot_state_publisher-3]: sending signal 'SIGINT' to process[robot_state_publisher-3]
[ERROR] [map_server-8]: process has died [pid 71568, exit code -2, cmd '/opt/ros/jazzy/lib/nav2_map_server/map_server --ros-args -r __node:=map_server --params-file /home/haduckien/nav_ws/src/custom_corridor/worlds/school_arena/demo_1/scenario_generator/generated/ep_000001/nav2_school.yaml --params-file /tmp/launch_params_tou3cy1x'].
[INFO] [parameter_bridge-2]: sending signal 'SIGINT' to process[parameter_bridge-2]
[ERROR] [python3-5]: process has died [pid 71329, exit code -2, cmd 'python3 /home/haduckien/nav_ws/src/custom_corridor/worlds/school_arena/demo_1/pose_sync_monitor.py --ros-args -p use_sim_time:=true -p robot_name:=robot -p world_frame:=map -p initial_x:=0.0 -p initial_y:=-7.85'].
[INFO] [gz-1]: sending signal 'SIGINT' to process[gz-1]
[ERROR] [python3-4]: process has died [pid 71328, exit code -2, cmd 'python3 /home/haduckien/nav_ws/src/custom_corridor/worlds/school_arena/demo_1/collision_safe_pose_applier.py --ros-args -p use_sim_time:=true -p world_name:=school_arena -p target_topic:=/school_hunav/target_poses -p map_yaml:=/home/haduckien/nav_ws/src/custom_corridor/worlds/school_arena/demo_1/map.yaml -p agent_radius:=0.22 -p apply_hz:=20.0 -p ground_z:=0.0'].
[amcl-9] [INFO] [1790408771.635712873] [amcl]: Cleaning up
[ERROR] [robot_state_publisher-3]: process has died [pid 71327, exit code -2, cmd '/opt/ros/jazzy/lib/robot_state_publisher/robot_state_publisher --ros-args --params-file /tmp/launch_params_l65wqwlx'].
[behavior_server-13] [INFO] [1790408771.635712916] [behavior_server]: Cleaning up
[behavior_server-13] [INFO] [1790408771.640716588] [behavior_server]: Destroying bond (behavior_server) to lifecycle manager.
[waypoint_follower-14] [INFO] [1790408771.636043604] [waypoint_follower]: Cleaning up
[map_server-8] [INFO] [1790408771.636422248] [map_server]: Cleaning up
[map_server-8] [INFO] [1790408771.636549227] [map_server]: Destroying bond (map_server) to lifecycle manager.
[bt_navigator-12] [INFO] [1790408771.636518017] [bt_navigator]: Cleaning up
[map_server-8] [INFO] [1790408771.648291012] [map_server]: Destroying
[controller_server-11] [INFO] [1790408771.651163104] [controller_server]: Destroying bond (controller_server) to lifecycle manager.
[amcl-9] [INFO] [1790408771.651705103] [amcl]: Destroying bond (amcl) to lifecycle manager.
[behavior_server-13] [INFO] [1790408771.660228431] [rclcpp]: signal_handler(SIGINT/SIGTERM)
[lifecycle_manager-17] [INFO] [1790408771.661127263] [rclcpp]: signal_handler(SIGINT/SIGTERM)
[lifecycle_manager-17] [INFO] [1790408771.661691160] [lifecycle_manager_localization]: Destroying lifecycle_manager_localization
[controller_server-11] [INFO] [1790408771.662448927] [controller_server]: Cleaning up
[controller_server-11] [INFO] [1790408771.662869295] [local_costmap.local_costmap]: Cleaning up
[amcl-9] [INFO] [1790408771.666847841] [amcl]: Destroying
[waypoint_follower-14] [INFO] [1790408771.676889730] [waypoint_follower]: Destroying bond (waypoint_follower) to lifecycle manager.
[waypoint_follower-14] [INFO] [1790408771.678305046] [rclcpp]: signal_handler(SIGINT/SIGTERM)
[waypoint_follower-14] [INFO] [1790408771.678609351] [waypoint_follower]: Destroying
[behavior_server-13] [INFO] [1790408771.685666029] [behavior_server]: Destroying
[parameter_bridge-2] [INFO] [1790408771.698022282] [rclcpp]: signal_handler(SIGINT/SIGTERM)
[controller_server-11] [INFO] [1790408771.698544533] [controller_server]: Destroying bond (controller_server) to lifecycle manager.
[controller_server-11] [INFO] [1790408771.699954808] [rclcpp]: signal_handler(SIGINT/SIGTERM)
[controller_server-11] [INFO] [1790408771.701190832] [local_costmap.local_costmap]: Destroying
[controller_server-11] [INFO] [1790408771.707661537] [controller_server]: Destroying
[lifecycle_manager-18] [INFO] [1790408771.712657147] [rclcpp]: signal_handler(SIGINT/SIGTERM)
[lifecycle_manager-18] [INFO] [1790408771.713413034] [lifecycle_manager_navigation]: Destroying lifecycle_manager_navigation
[bt_navigator-12] [INFO] [1790408771.724245285] [bt_navigator]: Completed Cleaning up
[bt_navigator-12] [INFO] [1790408771.724285070] [bt_navigator]: Destroying bond (bt_navigator) to lifecycle manager.
[bt_navigator-12] [INFO] [1790408771.725511769] [rclcpp]: signal_handler(SIGINT/SIGTERM)
[bt_navigator-12] [INFO] [1790408771.728138784] [bt_navigator]: Destroying
[INFO] [parameter_bridge-2]: process has finished cleanly [pid 71326]
[INFO] [lifecycle_manager-17]: process has finished cleanly [pid 71726]
[INFO] [waypoint_follower-14]: process has finished cleanly [pid 71574]
[INFO] [behavior_server-13]: process has finished cleanly [pid 71573]
[INFO] [lifecycle_manager-18]: process has finished cleanly [pid 71814]
[INFO] [controller_server-11]: process has finished cleanly [pid 71571]
[INFO] [bt_navigator-12]: process has finished cleanly [pid 71572]
[INFO] [gz-1]: process has finished cleanly [pid 71325]
[planner_server-10] [INFO] [1790408771.986174718] [planner_server]: Deactivating plugin GridBased of type SmacPlanner2D
[planner_server-10] [INFO] [1790408771.986209806] [planner_server]: Destroying bond (planner_server) to lifecycle manager.
[planner_server-10] [INFO] [1790408771.996360798] [planner_server]: Cleaning up
[planner_server-10] [INFO] [1790408771.998796540] [global_costmap.global_costmap]: Cleaning up
[planner_server-10] [INFO] [1790408772.000283856] [planner_server]: Cleaning up plugin GridBased of type SmacPlanner2D
[planner_server-10] [INFO] [1790408772.000434694] [planner_server]: Destroying plugin GridBased of type SmacPlanner2D
[planner_server-10] [INFO] [1790408772.003900651] [planner_server]: Destroying bond (planner_server) to lifecycle manager.
[planner_server-10] [INFO] [1790408772.004584334] [rclcpp]: signal_handler(SIGINT/SIGTERM)
[planner_server-10] [INFO] [1790408772.005775055] [global_costmap.global_costmap]: Destroying
[planner_server-10] [INFO] [1790408772.007916949] [planner_server]: Destroying
[INFO] [planner_server-10]: process has finished cleanly [pid 71570]
