Waiting for an action server to become available...
Sending goal:
     pose:
  header:
    stamp:
      sec: 0
      nanosec: 0
    frame_id: map
  pose:
    position:
      x: 4.5
      y: 0.0
      z: 0.0
    orientation:
      x: 0.0
      y: 0.0
      z: 0.0
      w: 1.0
behavior_tree: ''

Goal accepted with ID: 000fba9270654448a7e20cead1abab23

Feedback:
    current_pose:
  header:
    stamp:
      sec: 15
      nanosec: 540000000
    frame_id: map
  pose:
    position:
      x: -1.8995117771014407e-13
      y: 6.591712672156036e-27
      z: 0.0
    orientation:
      x: 0.0
      y: 0.0
      z: 1.3958052418285703e-13
      w: 1.0
navigation_time:
  sec: 0
  nanosec: 0
estimated_time_remaining:
  sec: 0
  nanosec: 0
number_of_recoveries: 0
distance_remaining: 0.0

Feedback:
    current_pose:
  header:
    stamp:
      sec: 15
      nanosec: 540000000
    frame_id: map
  pose:
    position:
      x: -1.8995117771014407e-13
      y: 6.591712672156036e-27
      z: 0.0
    orientation:
      x: 0.0
      y: 0.0
      z: 1.3958052418285703e-13
      w: 1.0
navigation_time:
  sec: 0
  nanosec: 8000000
estimated_time_remaining:
  sec: 0
  nanosec: 0
number_of_recoveries: 0
distance_remaining: 0.0

Feedback:
    current_pose:
  header:
    stamp:
      sec: 15
      nanosec: 560000000
    frame_id: map
  pose:
    position:
      x: -1.899511857040175e-13
      y: 6.591710361040103e-27
      z: 0.0
    orientation:
      x: 0.0
      y: 0.0
      z: 1.3958053477076887e-13
      w: 1.0
navigation_time:
  sec: 0
  nanosec: 12000000
estimated_time_remaining:
  sec: 0
  nanosec: 0
number_of_recoveries: 0
distance_remaining: 4.5

Feedback:
    current_pose:
  header:
    stamp:
      sec: 15
      nanosec: 560000000
    frame_id: map
  pose:
    position:
      x: -1.899511857040175e-13
      y: 6.591710361040103e-27
      z: 0.0
    orientation:
      x: 0.0
      y: 0.0
      z: 1.3958053477076887e-13
      w: 1.0
navigation_time:
  sec: 0
  nanosec: 24000000
estimated_time_remaining:
  sec: 0
  nanosec: 0
number_of_recoveries: 0
distance_remaining: 4.5

Feedback:
    current_pose:
  header:
    stamp:
      sec: 15
      nanosec: 580000000
    frame_id: map
  pose:
    position:
      x: 1.5999999533519643e-05
      y: 2.260837116194129e-10
      z: 0.0
    orientation:
      x: 0.0
      y: 0.0
      z: 1.4130231390915709e-05
      w: 0.9999999999001683
navigation_time:
  sec: 0
  nanosec: 32000000
estimated_time_remaining:
  sec: 0
  nanosec: 0
number_of_recoveries: 0
distance_remaining: 4.5

Feedback:
    current_pose:
  header:
    stamp:
      sec: 15
      nanosec: 580000000
    frame_id: map
  pose:
    position:
      x: 1.5999999533519643e-05
      y: 2.260837116194129e-10
      z: 0.0
    orientation:
      x: 0.0
      y: 0.0
      z: 1.4130231390915709e-05
      w: 0.9999999999001683
navigation_time:
  sec: 0
  nanosec: 44000000
estimated_time_remaining:
  sec: 0
  nanosec: 0
number_of_recoveries: 0
distance_remaining: 4.5

Feedback:
    current_pose:
  header:
    stamp:
      sec: 15
      nanosec: 600000000
    frame_id: map
  pose:
    position:
      x: 0.0003359999957360665
      y: 3.639948583033777e-08
      z: 0.0
    orientation:
      x: 0.0
      y: 0.0
      z: 8.478142066853566e-05
      w: 0.9999999964060553
navigation_time:
  sec: 0
  nanosec: 52000000
estimated_time_remaining:
  sec: 0
  nanosec: 0
number_of_recoveries: 0
distance_remaining: 4.5

Feedback:
    current_pose:
  header:
    stamp:
      sec: 15
      nanosec: 600000000
    frame_id: map
  pose:
    position:
      x: 0.0003359999957360665
      y: 3.639948583033777e-08
      z: 0.0
    orientation:
      x: 0.0
      y: 0.0
      z: 8.478142066853566e-05
      w: 0.9999999964060553
navigation_time:
  sec: 0
  nanosec: 64000000
estimated_time_remaining:
  sec: 0
  nanosec: 0
number_of_recoveries: 0
distance_remaining: 4.5

Feedback:
    current_pose:
  header:
    stamp:
      sec: 15
      nanosec: 620000000
    frame_id: map
  pose:
    position:
      x: 0.0009435365428089607
      y: 1.83010001995464e-07
      z: 0.0
    orientation:
      x: 0.0
      y: 0.0
      z: 0.00015543262202576398
      w: 0.9999999879203499
navigation_time:
  sec: 0
  nanosec: 76000000
estimated_time_remaining:
  sec: 0
  nanosec: 0
number_of_recoveries: 0
distance_remaining: 4.5

Feedback:
    current_pose:
  header:
    stamp:
      sec: 15
      nanosec: 620000000
    frame_id: map
  pose:
    position:
      x: 0.0009435365428089607
      y: 1.83010001995464e-07
      z: 0.0
    orientation:
      x: 0.0
      y: 0.0
      z: 0.00015543262202576398
      w: 0.9999999879203499
navigation_time:
  sec: 0
  nanosec: 84000000
estimated_time_remaining:
  sec: 0
  nanosec: 0
number_of_recoveries: 0
distance_remaining: 4.5

Feedback:
    current_pose:
  header:
    stamp:
      sec: 15
      nanosec: 640000000
    frame_id: map
  pose:
    position:
      x: 0.001715820280154843
      y: 4.689691538326517e-07
      z: 0.0
    orientation:
      x: 0.0
      y: 0.0
      z: 0.00020734703623587027
      w: 0.9999999785036029
navigation_time:
  sec: 0
  nanosec: 92000000
estimated_time_remaining:
  sec: 0
  nanosec: 0
number_of_recoveries: 0
distance_remaining: 4.5

Feedback:
    current_pose:
  header:
    stamp:
      sec: 15
      nanosec: 640000000
    frame_id: map
  pose:
    position:
      x: 0.001715820280154843
      y: 4.689691538326517e-07
      z: 0.0
    orientation:
      x: 0.0
      y: 0.0
      z: 0.00020734703623587027
      w: 0.9999999785036029
navigation_time:
  sec: 0
  nanosec: 104000000
estimated_time_remaining:
  sec: 0
  nanosec: 0
number_of_recoveries: 0
distance_remaining: 4.5

Feedback:
    current_pose:
  header:
    stamp:
      sec: 15
      nanosec: 660000000
    frame_id: map
  pose:
    position:
      x: 0.0026195563128050174
      y: 8.864268031012195e-07
      z: 0.0
    orientation:
      x: 0.0
      y: 0.0
      z: 0.00025457724326662107
      w: 0.999999967595213
navigation_time:
  sec: 0
  nanosec: 112000000
estimated_time_remaining:
  sec: 0
  nanosec: 0
number_of_recoveries: 0
distance_remaining: 4.5

Feedback:
    current_pose:
  header:
    stamp:
      sec: 15
      nanosec: 660000000
    frame_id: map
  pose:
    position:
      x: 0.0026195563128050174
      y: 8.864268031012195e-07
      z: 0.0
    orientation:
      x: 0.0
      y: 0.0
      z: 0.00025457724326662107
      w: 0.999999967595213
navigation_time:
  sec: 0
  nanosec: 124000000
estimated_time_remaining:
  sec: 0
  nanosec: 0
number_of_recoveries: 0
distance_remaining: 4.5

Feedback:
    current_pose:
  header:
    stamp:
      sec: 15
      nanosec: 680000000
    frame_id: map
  pose:
    position:
      x: 0.003539292296821088
      y: 1.4021730576050283e-06
      z: 0.0
    orientation:
      x: 0.0
      y: 0.0
      z: 0.0003191628408393316
      w: 0.9999999490675392
navigation_time:
  sec: 0
  nanosec: 132000000
estimated_time_remaining:
  sec: 0
  nanosec: 0
number_of_recoveries: 0
distance_remaining: 4.5

Feedback:
    current_pose:
  header:
    stamp:
      sec: 15
      nanosec: 680000000
    frame_id: map
  pose:
    position:
      x: 0.003539292296821088
      y: 1.4021730576050283e-06
      z: 0.0
    orientation:
      x: 0.0
      y: 0.0
      z: 0.0003191628408393316
      w: 0.9999999490675392
navigation_time:
  sec: 0
  nanosec: 144000000
estimated_time_remaining:
  sec: 0
  nanosec: 0
number_of_recoveries: 0
distance_remaining: 4.5

Feedback:
    current_pose:
  header:
    stamp:
      sec: 15
      nanosec: 700000000
    frame_id: map
  pose:
    position:
      x: 0.004750834256194768
      y: 2.345156149214603e-06
      z: 0.0
    orientation:
      x: 0.0
      y: 0.0
      z: 0.0004531700270382525
      w: 0.9999998973184582
navigation_time:
  sec: 0
  nanosec: 152000000
estimated_time_remaining:
  sec: 347
  nanosec: 401150709
number_of_recoveries: 0
distance_remaining: 4.5

Feedback:
    current_pose:
  header:
    stamp:
      sec: 15
      nanosec: 700000000
    frame_id: map
  pose:
    position:
      x: 0.004750834256194768
      y: 2.345156149214603e-06
      z: 0.0
    orientation:
      x: 0.0
      y: 0.0
      z: 0.0004531700270382525
      w: 0.9999998973184582
navigation_time:
  sec: 0
  nanosec: 164000000
estimated_time_remaining:
  sec: 347
  nanosec: 401150709
number_of_recoveries: 0
distance_remaining: 4.5

Feedback:
    current_pose:
  header:
    stamp:
      sec: 15
      nanosec: 720000000
    frame_id: map
  pose:
    position:
      x: 0.006073600674886609
      y: 3.7212931165123066e-06
      z: 0.0
    orientation:
      x: 0.0
      y: 0.0
      z: 0.0005871772224482893
      w: 0.9999998276114399
navigation_time:
  sec: 0
  nanosec: 172000000
estimated_time_remaining:
  sec: 266
  nanosec: 64631899
number_of_recoveries: 0
distance_remaining: 4.5

Feedback:
    current_pose:
  header:
    stamp:
      sec: 15
      nanosec: 720000000
    frame_id: map
  pose:
    position:
      x: 0.006073600674886609
      y: 3.7212931165123066e-06
      z: 0.0
    orientation:
      x: 0.0
      y: 0.0
      z: 0.0005871772224482893
      w: 0.9999998276114399
navigation_time:
  sec: 0
  nanosec: 184000000
estimated_time_remaining:
  sec: 266
  nanosec: 64631899
number_of_recoveries: 0
distance_remaining: 4.5

Feedback:
    current_pose:
  header:
    stamp:
      sec: 15
      nanosec: 740000000
    frame_id: map
  pose:
    position:
      x: 0.007556366632440752
      y: 5.590925257380813e-06
      z: 0.0
    orientation:
      x: 0.0
      y: 0.0
      z: 0.0006584449936924347
      w: 0.9999997832250717
navigation_time:
  sec: 0
  nanosec: 192000000
estimated_time_remaining:
  sec: 211
  nanosec: 299040103
number_of_recoveries: 0
distance_remaining: 4.5

Feedback:
    current_pose:
  header:
    stamp:
      sec: 15
      nanosec: 740000000
    frame_id: map
  pose:
    position:
      x: 0.007556366632440752
      y: 5.590925257380813e-06
      z: 0.0
    orientation:
      x: 0.0
      y: 0.0
      z: 0.0006584449936924347
      w: 0.9999997832250717
navigation_time:
  sec: 0
  nanosec: 204000000
estimated_time_remaining:
  sec: 211
  nanosec: 299040103
number_of_recoveries: 0
distance_remaining: 4.5

Feedback:
    current_pose:
  header:
    stamp:
      sec: 15
      nanosec: 760000000
    frame_id: map
  pose:
    position:
      x: 0.009333334704072674
      y: 8.0303699988529e-06
      z: 0.0
    orientation:
      x: 0.0
      y: 0.0
      z: 0.0007140278768447352
      w: 0.9999997450820629
navigation_time:
  sec: 0
  nanosec: 212000000
estimated_time_remaining:
  sec: 170
  nanosec: 518035059
number_of_recoveries: 0
distance_remaining: 4.5

Feedback:
    current_pose:
  header:
    stamp:
      sec: 15
      nanosec: 760000000
    frame_id: map
  pose:
    position:
      x: 0.009333334704072674
      y: 8.0303699988529e-06
      z: 0.0
    orientation:
      x: 0.0
      y: 0.0
      z: 0.0007140278768447352
      w: 0.9999997450820629
navigation_time:
  sec: 0
  nanosec: 224000000
estimated_time_remaining:
  sec: 170
  nanosec: 518035059
number_of_recoveries: 0
distance_remaining: 4.5

Feedback:
    current_pose:
  header:
    stamp:
      sec: 15
      nanosec: 780000000
    frame_id: map
  pose:
    position:
      x: 0.011139853108951821
      y: 1.0714168316680661e-05
      z: 0.0
    orientation:
      x: 0.0
      y: 0.0
      z: 0.0007772667523242225
      w: 0.9999996979281522
navigation_time:
  sec: 0
  nanosec: 232000000
estimated_time_remaining:
  sec: 140
  nanosec: 671711656
number_of_recoveries: 0
distance_remaining: 4.5

Feedback:
    current_pose:
  header:
    stamp:
      sec: 15
      nanosec: 780000000
    frame_id: map
  pose:
    position:
      x: 0.011139853108951821
      y: 1.0714168316680661e-05
      z: 0.0
    orientation:
      x: 0.0
      y: 0.0
      z: 0.0007772667523242225
      w: 0.9999996979281522
navigation_time:
  sec: 0
  nanosec: 244000000
estimated_time_remaining:
  sec: 140
  nanosec: 671711656
number_of_recoveries: 0
distance_remaining: 4.5

Feedback:
    current_pose:
  header:
    stamp:
      sec: 15
      nanosec: 800000000
    frame_id: map
  pose:
    position:
      x: 0.013129428196087797
      y: 1.3994513270712047e-05
      z: 0.0
    orientation:
      x: 0.0
      y: 0.0
      z: 0.0008711296443310114
      w: 0.9999996205664995
navigation_time:
  sec: 0
  nanosec: 252000000
estimated_time_remaining:
  sec: 118
  nanosec: 668452105
number_of_recoveries: 0
distance_remaining: 4.5

Feedback:
    current_pose:
  header:
    stamp:
      sec: 15
      nanosec: 800000000
    frame_id: map
  pose:
    position:
      x: 0.013129428196087797
      y: 1.3994513270712047e-05
      z: 0.0
    orientation:
      x: 0.0
      y: 0.0
      z: 0.0008711296443310114
      w: 0.9999996205664995
navigation_time:
  sec: 0
  nanosec: 264000000
estimated_time_remaining:
  sec: 118
  nanosec: 668452105
number_of_recoveries: 0
distance_remaining: 4.5

Feedback:
    current_pose:
  header:
    stamp:
      sec: 15
      nanosec: 820000000
    frame_id: map
  pose:
    position:
      x: 0.015128766966451912
      y: 1.7665548169754175e-05
      z: 0.0
    orientation:
      x: 0.0
      y: 0.0
      z: 0.0009649925313306803
      w: 0.999999534394599
navigation_time:
  sec: 0
  nanosec: 272000000
estimated_time_remaining:
  sec: 101
  nanosec: 917254971
number_of_recoveries: 0
distance_remaining: 4.5

Feedback:
    current_pose:
  header:
    stamp:
      sec: 15
      nanosec: 820000000
    frame_id: map
  pose:
    position:
      x: 0.015128766966451912
      y: 1.7665548169754175e-05
      z: 0.0
    orientation:
      x: 0.0
      y: 0.0
      z: 0.0009649925313306803
      w: 0.999999534394599
navigation_time:
  sec: 0
  nanosec: 284000000
estimated_time_remaining:
  sec: 101
  nanosec: 917254971
number_of_recoveries: 0
distance_remaining: 4.5

Feedback:
    current_pose:
  header:
    stamp:
      sec: 15
      nanosec: 840000000
    frame_id: map
  pose:
    position:
      x: 0.0172241047964747
      y: 2.1915119978872526e-05
      z: 0.0
    orientation:
      x: 0.0
      y: 0.0
      z: 0.0010619795770199405
      w: 0.9999994360995299
navigation_time:
  sec: 0
  nanosec: 296000000
estimated_time_remaining:
  sec: 89
  nanosec: 18288487
number_of_recoveries: 0
distance_remaining: 4.5

Feedback:
    current_pose:
  header:
    stamp:
      sec: 15
      nanosec: 840000000
    frame_id: map
  pose:
    position:
      x: 0.0172241047964747
      y: 2.1915119978872526e-05
      z: 0.0
    orientation:
      x: 0.0
      y: 0.0
      z: 0.0010619795770199405
      w: 0.9999994360995299
navigation_time:
  sec: 0
  nanosec: 304000000
estimated_time_remaining:
  sec: 89
  nanosec: 18288487
number_of_recoveries: 0
distance_remaining: 4.5

Feedback:
    current_pose:
  header:
    stamp:
      sec: 15
      nanosec: 860000000
    frame_id: map
  pose:
    position:
      x: 0.01947804379918273
      y: 2.6925700968427733e-05
      z: 0.0
    orientation:
      x: 0.0
      y: 0.0
      z: 0.0011610493924193274
      w: 0.9999993259819271
navigation_time:
  sec: 0
  nanosec: 316000000
estimated_time_remaining:
  sec: 78
  nanosec: 469433322
number_of_recoveries: 0
distance_remaining: 4.5

Feedback:
    current_pose:
  header:
    stamp:
      sec: 15
      nanosec: 860000000
    frame_id: map
  pose:
    position:
      x: 0.01947804379918273
      y: 2.6925700968427733e-05
      z: 0.0
    orientation:
      x: 0.0
      y: 0.0
      z: 0.0011610493924193274
      w: 0.9999993259819271
navigation_time:
  sec: 0
  nanosec: 324000000
estimated_time_remaining:
  sec: 78
  nanosec: 469433322
number_of_recoveries: 0
distance_remaining: 4.5

Feedback:
    current_pose:
  header:
    stamp:
      sec: 15
      nanosec: 880000000
    frame_id: map
  pose:
    position:
      x: 0.021779981667462096
      y: 3.2481436194058456e-05
      z: 0.0
    orientation:
      x: 0.0
      y: 0.0
      z: 0.0012383696711045042
      w: 0.999999233219985
navigation_time:
  sec: 0
  nanosec: 332000000
estimated_time_remaining:
  sec: 69
  nanosec: 804510736
number_of_recoveries: 0
distance_remaining: 4.5

Feedback:
    current_pose:
  header:
    stamp:
      sec: 15
      nanosec: 880000000
    frame_id: map
  pose:
    position:
      x: 0.021779981667462096
      y: 3.2481436194058456e-05
      z: 0.0
    orientation:
      x: 0.0
      y: 0.0
      z: 0.0012383696711045042
      w: 0.999999233219985
navigation_time:
  sec: 0
  nanosec: 344000000
estimated_time_remaining:
  sec: 69
  nanosec: 804510736
number_of_recoveries: 0
distance_remaining: 4.5

Feedback:
    current_pose:
  header:
    stamp:
      sec: 15
      nanosec: 900000000
    frame_id: map
  pose:
    position:
      x: 0.02429534555084223
      y: 3.882397010839324e-05
      z: 0.0
    orientation:
      x: 0.0
      y: 0.0
      z: 0.0012830656130640675
      w: 0.9999991768709776
navigation_time:
  sec: 0
  nanosec: 352000000
estimated_time_remaining:
  sec: 62
  nanosec: 527959228
number_of_recoveries: 0
distance_remaining: 4.5

Feedback:
    current_pose:
  header:
    stamp:
      sec: 15
      nanosec: 900000000
    frame_id: map
  pose:
    position:
      x: 0.02429534555084223
      y: 3.882397010839324e-05
      z: 0.0
    orientation:
      x: 0.0
      y: 0.0
      z: 0.0012830656130640675
      w: 0.9999991768709776
navigation_time:
  sec: 0
  nanosec: 364000000
estimated_time_remaining:
  sec: 62
  nanosec: 527959228
number_of_recoveries: 0
distance_remaining: 4.5

Feedback:
    current_pose:
  header:
    stamp:
      sec: 15
      nanosec: 920000000
    frame_id: map
  pose:
    position:
      x: 0.026816065666145597
      y: 4.5405151485328814e-05
      z: 0.0
    orientation:
      x: 0.0
      y: 0.0
      z: 0.0013277615520997403
      w: 0.999999118524242
navigation_time:
  sec: 0
  nanosec: 372000000
estimated_time_remaining:
  sec: 56
  nanosec: 107727760
number_of_recoveries: 0
distance_remaining: 4.449999809265137

Feedback:
    current_pose:
  header:
    stamp:
      sec: 15
      nanosec: 920000000
    frame_id: map
  pose:
    position:
      x: 0.026816065666145597
      y: 4.5405151485328814e-05
      z: 0.0
    orientation:
      x: 0.0
      y: 0.0
      z: 0.0013277615520997403
      w: 0.999999118524242
navigation_time:
  sec: 0
  nanosec: 384000000
estimated_time_remaining:
  sec: 56
  nanosec: 107727760
number_of_recoveries: 0
distance_remaining: 4.449999809265137

Feedback:
    current_pose:
  header:
    stamp:
      sec: 15
      nanosec: 940000000
    frame_id: map
  pose:
    position:
      x: 0.029426991938297165
      y: 5.244896860183052e-05
      z: 0.0
    orientation:
      x: 0.0
      y: 0.0
      z: 0.001368995853085754
      w: 0.9999990629247381
navigation_time:
  sec: 0
  nanosec: 392000000
estimated_time_remaining:
  sec: 51
  nanosec: 816087983
number_of_recoveries: 0
distance_remaining: 4.449999809265137

Feedback:
    current_pose:
  header:
    stamp:
      sec: 15
      nanosec: 940000000
    frame_id: map
  pose:
    position:
      x: 0.029426991938297165
      y: 5.244896860183052e-05
      z: 0.0
    orientation:
      x: 0.0
      y: 0.0
      z: 0.001368995853085754
      w: 0.9999990629247381
navigation_time:
  sec: 0
  nanosec: 404000000
estimated_time_remaining:
  sec: 51
  nanosec: 816087983
number_of_recoveries: 0
distance_remaining: 4.449999809265137

Feedback:
    current_pose:
  header:
    stamp:
      sec: 15
      nanosec: 960000000
    frame_id: map
  pose:
    position:
      x: 0.03207138888423883
      y: 5.979607814064471e-05
      z: 0.0
    orientation:
      x: 0.0
      y: 0.0
      z: 0.0014093647408430084
      w: 0.9999990068450204
navigation_time:
  sec: 0
  nanosec: 412000000
estimated_time_remaining:
  sec: 48
  nanosec: 403148834
number_of_recoveries: 0
distance_remaining: 4.449999809265137

Feedback:
    current_pose:
  header:
    stamp:
      sec: 15
      nanosec: 960000000
    frame_id: map
  pose:
    position:
      x: 0.03207138888423883
      y: 5.979607814064471e-05
      z: 0.0
    orientation:
      x: 0.0
      y: 0.0
      z: 0.0014093647408430084
      w: 0.9999990068450204
navigation_time:
  sec: 0
  nanosec: 420000000
estimated_time_remaining:
  sec: 48
  nanosec: 403148834
number_of_recoveries: 0
distance_remaining: 4.449999809265137

Feedback:
    current_pose:
  header:
    stamp:
      sec: 15
      nanosec: 980000000
    frame_id: map
  pose:
    position:
      x: 0.0347317851650152
      y: 6.740163039236056e-05
      z: 0.0
    orientation:
      x: 0.0
      y: 0.0
      z: 0.0014473065885066752
      w: 0.9999989526512709
navigation_time:
  sec: 0
  nanosec: 432000000
estimated_time_remaining:
  sec: 45
  nanosec: 591385250
number_of_recoveries: 0
distance_remaining: 4.449999809265137

Feedback:
    current_pose:
  header:
    stamp:
      sec: 15
      nanosec: 980000000
    frame_id: map
  pose:
    position:
      x: 0.0347317851650152
      y: 6.740163039236056e-05
      z: 0.0
    orientation:
      x: 0.0
      y: 0.0
      z: 0.0014473065885066752
      w: 0.9999989526512709
navigation_time:
  sec: 0
  nanosec: 444000000
estimated_time_remaining:
  sec: 45
  nanosec: 591385250
number_of_recoveries: 0
distance_remaining: 4.449999809265137

Feedback:
    current_pose:
  header:
    stamp:
      sec: 16
      nanosec: 0
    frame_id: map
  pose:
    position:
      x: 0.03753536825481304
      y: 7.55961006525789e-05
      z: 0.0
    orientation:
      x: 0.0
      y: 0.0
      z: 0.0014755402637057098
      w: 0.9999989113898724
navigation_time:
  sec: 0
  nanosec: 452000000
estimated_time_remaining:
  sec: 43
  nanosec: 80711388
number_of_recoveries: 0
distance_remaining: 4.449999809265137

Feedback:
    current_pose:
  header:
    stamp:
      sec: 16
      nanosec: 0
    frame_id: map
  pose:
    position:
      x: 0.03753536825481304
      y: 7.55961006525789e-05
      z: 0.0
    orientation:
      x: 0.0
      y: 0.0
      z: 0.0014755402637057098
      w: 0.9999989113898724
navigation_time:
  sec: 0
  nanosec: 464000000
estimated_time_remaining:
  sec: 43
  nanosec: 80711388
number_of_recoveries: 0
distance_remaining: 4.449999809265137

Feedback:
    current_pose:
  header:
    stamp:
      sec: 16
      nanosec: 20000000
    frame_id: map
  pose:
    position:
      x: 0.0403389508777173
      y: 8.394888198056095e-05
      z: 0.0
    orientation:
      x: 0.0
      y: 0.0
      z: 0.001503773937467538
      w: 0.9999988693313334
navigation_time:
  sec: 0
  nanosec: 472000000
estimated_time_remaining:
  sec: 40
  nanosec: 928723438
number_of_recoveries: 0
distance_remaining: 4.449999809265137

Feedback:
    current_pose:
  header:
    stamp:
      sec: 16
      nanosec: 20000000
    frame_id: map
  pose:
    position:
      x: 0.0403389508777173
      y: 8.394888198056095e-05
      z: 0.0
    orientation:
      x: 0.0
      y: 0.0
      z: 0.001503773937467538
      w: 0.9999988693313334
navigation_time:
  sec: 0
  nanosec: 484000000
estimated_time_remaining:
  sec: 40
  nanosec: 928723438
number_of_recoveries: 0
distance_remaining: 4.449999809265137

Feedback:
    current_pose:
  header:
    stamp:
      sec: 16
      nanosec: 40000000
    frame_id: map
  pose:
    position:
      x: 0.04329643611625521
      y: 9.297404208087337e-05
      z: 0.0
    orientation:
      x: 0.0
      y: 0.0
      z: 0.0015505835029779624
      w: 0.9999987978446775
navigation_time:
  sec: 0
  nanosec: 492000000
estimated_time_remaining:
  sec: 39
  nanosec: 114878334
number_of_recoveries: 0
distance_remaining: 4.449999809265137

Feedback:
    current_pose:
  header:
    stamp:
      sec: 16
      nanosec: 40000000
    frame_id: map
  pose:
    position:
      x: 0.04329643611625521
      y: 9.297404208087337e-05
      z: 0.0
    orientation:
      x: 0.0
      y: 0.0
      z: 0.0015505835029779624
      w: 0.9999987978446775
navigation_time:
  sec: 0
  nanosec: 504000000
estimated_time_remaining:
  sec: 39
  nanosec: 114878334
number_of_recoveries: 0
distance_remaining: 4.449999809265137

Feedback:
    current_pose:
  header:
    stamp:
      sec: 16
      nanosec: 60000000
    frame_id: map
  pose:
    position:
      x: 0.046389535536931766
      y: 0.00010272544722513835
      z: 0.0
    orientation:
      x: 0.0
      y: 0.0
      z: 0.001602037046208154
      w: 0.999998716737828
navigation_time:
  sec: 0
  nanosec: 512000000
estimated_time_remaining:
  sec: 37
  nanosec: 445970119
number_of_recoveries: 0
distance_remaining: 4.449999809265137

Feedback:
    current_pose:
  header:
    stamp:
      sec: 16
      nanosec: 60000000
    frame_id: map
  pose:
    position:
      x: 0.046389535536931766
      y: 0.00010272544722513835
      z: 0.0
    orientation:
      x: 0.0
      y: 0.0
      z: 0.001602037046208154
      w: 0.999998716737828
navigation_time:
  sec: 0
  nanosec: 524000000
estimated_time_remaining:
  sec: 37
  nanosec: 445970119
number_of_recoveries: 0
distance_remaining: 4.449999809265137

Feedback:
    current_pose:
  header:
    stamp:
      sec: 16
      nanosec: 80000000
    frame_id: map
  pose:
    position:
      x: 0.04952227162687287
      y: 0.00011292152666405812
      z: 0.0
    orientation:
      x: 0.0
      y: 0.0
      z: 0.0016503889359631369
      w: 0.9999986381072525
navigation_time:
  sec: 0
  nanosec: 532000000
estimated_time_remaining:
  sec: 36
  nanosec: 40423428
number_of_recoveries: 0
distance_remaining: 4.449999809265137

Feedback:
    current_pose:
  header:
    stamp:
      sec: 16
      nanosec: 80000000
    frame_id: map
  pose:
    position:
      x: 0.04952227162687287
      y: 0.00011292152666405812
      z: 0.0
    orientation:
      x: 0.0
      y: 0.0
      z: 0.0016503889359631369
      w: 0.9999986381072525
navigation_time:
  sec: 0
  nanosec: 544000000
estimated_time_remaining:
  sec: 36
  nanosec: 40423428
number_of_recoveries: 0
distance_remaining: 4.449999809265137

Feedback:
    current_pose:
  header:
    stamp:
      sec: 16
      nanosec: 100000000
    frame_id: map
  pose:
    position:
      x: 0.05273355791316287
      y: 0.00012366164572952785
      z: 0.0
    orientation:
      x: 0.0
      y: 0.0
      z: 0.001694088341486464
      w: 0.999998565031316
navigation_time:
  sec: 0
  nanosec: 552000000
estimated_time_remaining:
  sec: 34
  nanosec: 823886167
number_of_recoveries: 0
distance_remaining: 4.449999809265137

Feedback:
    current_pose:
  header:
    stamp:
      sec: 16
      nanosec: 100000000
    frame_id: map
  pose:
    position:
      x: 0.05273355791316287
      y: 0.00012366164572952785
      z: 0.0
    orientation:
      x: 0.0
      y: 0.0
      z: 0.001694088341486464
      w: 0.999998565031316
navigation_time:
  sec: 0
  nanosec: 564000000
estimated_time_remaining:
  sec: 34
  nanosec: 823886167
number_of_recoveries: 0
distance_remaining: 4.449999809265137

Feedback:
    current_pose:
  header:
    stamp:
      sec: 16
      nanosec: 120000000
    frame_id: map
  pose:
    position:
      x: 0.05594484324851312
      y: 0.00013468242775453533
      z: 0.0
    orientation:
      x: 0.0
      y: 0.0
      z: 0.001737787743772432
      w: 0.9999984900457388
navigation_time:
  sec: 0
  nanosec: 572000000
estimated_time_remaining:
  sec: 33
  nanosec: 740295484
number_of_recoveries: 0
distance_remaining: 4.449999809265137

Feedback:
    current_pose:
  header:
    stamp:
      sec: 16
      nanosec: 120000000
    frame_id: map
  pose:
    position:
      x: 0.05594484324851312
      y: 0.00013468242775453533
      z: 0.0
    orientation:
      x: 0.0
      y: 0.0
      z: 0.001737787743772432
      w: 0.9999984900457388
navigation_time:
  sec: 0
  nanosec: 584000000
estimated_time_remaining:
  sec: 33
  nanosec: 740295484
number_of_recoveries: 0
distance_remaining: 4.449999809265137

Feedback:
    current_pose:
  header:
    stamp:
      sec: 16
      nanosec: 140000000
    frame_id: map
  pose:
    position:
      x: 0.059236678233624565
      y: 0.00014616286857213671
      z: 0.0
    orientation:
      x: 0.0
      y: 0.0
      z: 0.0017417947141336527
      w: 0.9999984830744364
navigation_time:
  sec: 0
  nanosec: 592000000
estimated_time_remaining:
  sec: 32
  nanosec: 764368483
number_of_recoveries: 0
distance_remaining: 4.449999809265137

Feedback:
    current_pose:
  header:
    stamp:
      sec: 16
      nanosec: 140000000
    frame_id: map
  pose:
    position:
      x: 0.059236678233624565
      y: 0.00014616286857213671
      z: 0.0
    orientation:
      x: 0.0
      y: 0.0
      z: 0.0017417947141336527
      w: 0.9999984830744364
navigation_time:
  sec: 0
  nanosec: 604000000
estimated_time_remaining:
  sec: 32
  nanosec: 764368483
number_of_recoveries: 0
distance_remaining: 4.449999809265137

Feedback:
    current_pose:
  header:
    stamp:
      sec: 16
      nanosec: 160000000
    frame_id: map
  pose:
    position:
      x: 0.06255554700699315
      y: 0.0001577048621442662
      z: 0.0
    orientation:
      x: 0.0
      y: 0.0
      z: 0.0017358785569583678
      w: 0.9999984933616828
navigation_time:
  sec: 0
  nanosec: 612000000
estimated_time_remaining:
  sec: 31
  nanosec: 663771692
number_of_recoveries: 0
distance_remaining: 4.424999713897705

Feedback:
    current_pose:
  header:
    stamp:
      sec: 16
      nanosec: 160000000
    frame_id: map
  pose:
    position:
      x: 0.06255554700699315
      y: 0.0001577048621442662
      z: 0.0
    orientation:
      x: 0.0
      y: 0.0
      z: 0.0017358785569583678
      w: 0.9999984933616828
navigation_time:
  sec: 0
  nanosec: 620000000
estimated_time_remaining:
  sec: 31
  nanosec: 663771692
number_of_recoveries: 0
distance_remaining: 4.424999713897705

Feedback:
    current_pose:
  header:
    stamp:
      sec: 16
      nanosec: 180000000
    frame_id: map
  pose:
    position:
      x: 0.06588360653807701
      y: 0.00016923997256543515
      z: 0.0
    orientation:
      x: 0.0
      y: 0.0
      z: 0.0017308196914590593
      w: 0.9999985021304761
navigation_time:
  sec: 0
  nanosec: 632000000
estimated_time_remaining:
  sec: 30
  nanosec: 870711922
number_of_recoveries: 0
distance_remaining: 4.424999713897705

Feedback:
    current_pose:
  header:
    stamp:
      sec: 16
      nanosec: 180000000
    frame_id: map
  pose:
    position:
      x: 0.06588360653807701
      y: 0.00016923997256543515
      z: 0.0
    orientation:
      x: 0.0
      y: 0.0
      z: 0.0017308196914590593
      w: 0.9999985021304761
navigation_time:
  sec: 0
  nanosec: 640000000
estimated_time_remaining:
  sec: 30
  nanosec: 870711922
number_of_recoveries: 0
distance_remaining: 4.424999713897705

Feedback:
    current_pose:
  header:
    stamp:
      sec: 16
      nanosec: 200000000
    frame_id: map
  pose:
    position:
      x: 0.06924842863273208
      y: 0.0001808823418865621
      z: 0.0
    orientation:
      x: 0.0
      y: 0.0
      z: 0.0017291899989902927
      w: 0.9999985049498562
navigation_time:
  sec: 0
  nanosec: 652000000
estimated_time_remaining:
  sec: 30
  nanosec: 167946608
number_of_recoveries: 0
distance_remaining: 4.424999713897705

Feedback:
    current_pose:
  header:
    stamp:
      sec: 16
      nanosec: 200000000
    frame_id: map
  pose:
    position:
      x: 0.06924842863273208
      y: 0.0001808823418865621
      z: 0.0
    orientation:
      x: 0.0
      y: 0.0
      z: 0.0017291899989902927
      w: 0.9999985049498562
navigation_time:
  sec: 0
  nanosec: 664000000
estimated_time_remaining:
  sec: 30
  nanosec: 167946608
number_of_recoveries: 0
distance_remaining: 4.424999713897705

Feedback:
    current_pose:
  header:
    stamp:
      sec: 16
      nanosec: 220000000
    frame_id: map
  pose:
    position:
      x: 0.07261325076531634
      y: 0.00019251374394087603
      z: 0.0
    orientation:
      x: 0.0
      y: 0.0
      z: 0.0017275603065357555
      w: 0.9999985077665804
navigation_time:
  sec: 0
  nanosec: 672000000
estimated_time_remaining:
  sec: 29
  nanosec: 565648627
number_of_recoveries: 0
distance_remaining: 4.424999713897705

Feedback:
    current_pose:
  header:
    stamp:
      sec: 16
      nanosec: 220000000
    frame_id: map
  pose:
    position:
      x: 0.07261325076531634
      y: 0.00019251374394087603
      z: 0.0
    orientation:
      x: 0.0
      y: 0.0
      z: 0.0017275603065357555
      w: 0.9999985077665804
navigation_time:
  sec: 0
  nanosec: 684000000
estimated_time_remaining:
  sec: 29
  nanosec: 565648627
number_of_recoveries: 0
distance_remaining: 4.424999713897705

Feedback:
    current_pose:
  header:
    stamp:
      sec: 16
      nanosec: 240000000
    frame_id: map
  pose:
    position:
      x: 0.07608713172872252
      y: 0.00020445204538567256
      z: 0.0
    orientation:
      x: 0.0
      y: 0.0
      z: 0.0017050508849251798
      w: 0.9999985463996834
navigation_time:
  sec: 0
  nanosec: 692000000
estimated_time_remaining:
  sec: 29
  nanosec: 19520957
number_of_recoveries: 0
distance_remaining: 4.424999713897705

Feedback:
    current_pose:
  header:
    stamp:
      sec: 16
      nanosec: 240000000
    frame_id: map
  pose:
    position:
      x: 0.07608713172872252
      y: 0.00020445204538567256
      z: 0.0
    orientation:
      x: 0.0
      y: 0.0
      z: 0.0017050508849251798
      w: 0.9999985463996834
navigation_time:
  sec: 0
  nanosec: 704000000
estimated_time_remaining:
  sec: 29
  nanosec: 19520957
number_of_recoveries: 0
distance_remaining: 4.424999713897705

Feedback:
    current_pose:
  header:
    stamp:
      sec: 16
      nanosec: 260000000
    frame_id: map
  pose:
    position:
      x: 0.07960705256575741
      y: 0.0002163577795644185
      z: 0.0
    orientation:
      x: 0.0
      y: 0.0
      z: 0.001677321519023925
      w: 0.9999985932952715
navigation_time:
  sec: 0
  nanosec: 712000000
estimated_time_remaining:
  sec: 28
  nanosec: 476146260
number_of_recoveries: 0
distance_remaining: 4.424999713897705

Feedback:
    current_pose:
  header:
    stamp:
      sec: 16
      nanosec: 260000000
    frame_id: map
  pose:
    position:
      x: 0.07960705256575741
      y: 0.0002163577795644185
      z: 0.0
    orientation:
      x: 0.0
      y: 0.0
      z: 0.001677321519023925
      w: 0.9999985932952715
navigation_time:
  sec: 0
  nanosec: 724000000
estimated_time_remaining:
  sec: 28
  nanosec: 476146260
number_of_recoveries: 0
distance_remaining: 4.424999713897705

Feedback:
    current_pose:
  header:
    stamp:
      sec: 16
      nanosec: 280000000
    frame_id: map
  pose:
    position:
      x: 0.08315962793781981
      y: 0.0002281446807837447
      z: 0.0
    orientation:
      x: 0.0
      y: 0.0
      z: 0.0016275843619716216
      w: 0.9999986754836951
navigation_time:
  sec: 0
  nanosec: 732000000
estimated_time_remaining:
  sec: 27
  nanosec: 965163324
number_of_recoveries: 0
distance_remaining: 4.424999713897705

Feedback:
    current_pose:
  header:
    stamp:
      sec: 16
      nanosec: 280000000
    frame_id: map
  pose:
    position:
      x: 0.08315962793781981
      y: 0.0002281446807837447
      z: 0.0
    orientation:
      x: 0.0
      y: 0.0
      z: 0.0016275843619716216
      w: 0.9999986754836951
navigation_time:
  sec: 0
  nanosec: 744000000
estimated_time_remaining:
  sec: 27
  nanosec: 965163324
number_of_recoveries: 0
distance_remaining: 4.424999713897705

Feedback:
    current_pose:
  header:
    stamp:
      sec: 16
      nanosec: 300000000
    frame_id: map
  pose:
    position:
      x: 0.08676282054914713
      y: 0.00023957556362707403
      z: 0.0
    orientation:
      x: 0.0
      y: 0.0
      z: 0.001544835468230511
      w: 0.9999988067409761
navigation_time:
  sec: 0
  nanosec: 752000000
estimated_time_remaining:
  sec: 27
  nanosec: 463191282
number_of_recoveries: 0
distance_remaining: 4.424999713897705

Feedback:
    current_pose:
  header:
    stamp:
      sec: 16
      nanosec: 300000000
    frame_id: map
  pose:
    position:
      x: 0.08676282054914713
      y: 0.00023957556362707403
      z: 0.0
    orientation:
      x: 0.0
      y: 0.0
      z: 0.001544835468230511
      w: 0.9999988067409761
navigation_time:
  sec: 0
  nanosec: 764000000
estimated_time_remaining:
  sec: 27
  nanosec: 463191282
number_of_recoveries: 0
distance_remaining: 4.424999713897705

Feedback:
    current_pose:
  header:
    stamp:
      sec: 16
      nanosec: 320000000
    frame_id: map
  pose:
    position:
      x: 0.0903660150029177
      y: 0.00025041012516023847
      z: 0.0
    orientation:
      x: 0.0
      y: 0.0
      z: 0.0014620865638167997
      w: 0.9999989311508686
navigation_time:
  sec: 0
  nanosec: 772000000
estimated_time_remaining:
  sec: 26
  nanosec: 854274447
number_of_recoveries: 0
distance_remaining: 4.399999618530273

Feedback:
    current_pose:
  header:
    stamp:
      sec: 16
      nanosec: 320000000
    frame_id: map
  pose:
    position:
      x: 0.0903660150029177
      y: 0.00025041012516023847
      z: 0.0
    orientation:
      x: 0.0
      y: 0.0
      z: 0.0014620865638167997
      w: 0.9999989311508686
navigation_time:
  sec: 0
  nanosec: 784000000
estimated_time_remaining:
  sec: 26
  nanosec: 854274447
number_of_recoveries: 0
distance_remaining: 4.399999618530273

Feedback:
    current_pose:
  header:
    stamp:
      sec: 16
      nanosec: 340000000
    frame_id: map
  pose:
    position:
      x: 0.0940172011079133
      y: 0.00026094638336786704
      z: 0.0
    orientation:
      x: 0.0
      y: 0.0
      z: 0.001434771313534701
      w: 0.9999989707151091
navigation_time:
  sec: 0
  nanosec: 792000000
estimated_time_remaining:
  sec: 26
  nanosec: 438959776
number_of_recoveries: 0
distance_remaining: 4.399999618530273

Feedback:
    current_pose:
  header:
    stamp:
      sec: 16
      nanosec: 340000000
    frame_id: map
  pose:
    position:
      x: 0.0940172011079133
      y: 0.00026094638336786704
      z: 0.0
    orientation:
      x: 0.0
      y: 0.0
      z: 0.001434771313534701
      w: 0.9999989707151091
navigation_time:
  sec: 0
  nanosec: 804000000
estimated_time_remaining:
  sec: 26
  nanosec: 438959776
number_of_recoveries: 0
distance_remaining: 4.399999618530273

Feedback:
    current_pose:
  header:
    stamp:
      sec: 16
      nanosec: 360000000
    frame_id: map
  pose:
    position:
      x: 0.097680385114938
      y: 0.0002714087832651517
      z: 0.0
    orientation:
      x: 0.0
      y: 0.0
      z: 0.0014213145053481873
      w: 0.9999989899320282
navigation_time:
  sec: 0
  nanosec: 812000000
estimated_time_remaining:
  sec: 26
  nanosec: 58923307
number_of_recoveries: 0
distance_remaining: 4.399999618530273

Feedback:
    current_pose:
  header:
    stamp:
      sec: 16
      nanosec: 360000000
    frame_id: map
  pose:
    position:
      x: 0.097680385114938
      y: 0.0002714087832651517
      z: 0.0
    orientation:
      x: 0.0
      y: 0.0
      z: 0.0014213145053481873
      w: 0.9999989899320282
navigation_time:
  sec: 0
  nanosec: 820000000
estimated_time_remaining:
  sec: 26
  nanosec: 58923307
number_of_recoveries: 0
distance_remaining: 4.399999618530273

Feedback:
    current_pose:
  header:
    stamp:
      sec: 16
      nanosec: 380000000
    frame_id: map
  pose:
    position:
      x: 0.10135956933983373
      y: 0.000281817168468637
      z: 0.0
    orientation:
      x: 0.0
      y: 0.0
      z: 0.001407163744808252
      w: 0.9999990099446076
navigation_time:
  sec: 0
  nanosec: 832000000
estimated_time_remaining:
  sec: 25
  nanosec: 751094356
number_of_recoveries: 0
distance_remaining: 4.399999618530273

Feedback:
    current_pose:
  header:
    stamp:
      sec: 16
      nanosec: 380000000
    frame_id: map
  pose:
    position:
      x: 0.10135956933983373
      y: 0.000281817168468637
      z: 0.0
    orientation:
      x: 0.0
      y: 0.0
      z: 0.001407163744808252
      w: 0.9999990099446076
navigation_time:
  sec: 0
  nanosec: 844000000
estimated_time_remaining:
  sec: 25
  nanosec: 751094356
number_of_recoveries: 0
distance_remaining: 4.399999618530273

Feedback:
    current_pose:
  header:
    stamp:
      sec: 16
      nanosec: 400000000
    frame_id: map
  pose:
    position:
      x: 0.10523314625672739
      y: 0.0002926529772898311
      z: 0.0
    orientation:
      x: 0.0
      y: 0.0
      z: 0.0013902371695250367
      w: 0.9999990336198394
navigation_time:
  sec: 0
  nanosec: 852000000
estimated_time_remaining:
  sec: 25
  nanosec: 442373067
number_of_recoveries: 0
distance_remaining: 4.399999618530273

Feedback:
    current_pose:
  header:
    stamp:
      sec: 16
      nanosec: 400000000
    frame_id: map
  pose:
    position:
      x: 0.10523314625672739
      y: 0.0002926529772898311
      z: 0.0
    orientation:
      x: 0.0
      y: 0.0
      z: 0.0013902371695250367
      w: 0.9999990336198394
navigation_time:
  sec: 0
  nanosec: 864000000
estimated_time_remaining:
  sec: 25
  nanosec: 442373067
number_of_recoveries: 0
distance_remaining: 4.399999618530273

Feedback:
    current_pose:
  header:
    stamp:
      sec: 16
      nanosec: 420000000
    frame_id: map
  pose:
    position:
      x: 0.10911932177156665
      y: 0.0003033926396897704
      z: 0.0
    orientation:
      x: 0.0
      y: 0.0
      z: 0.0013733105934678523
      w: 0.9999990570085624
navigation_time:
  sec: 0
  nanosec: 872000000
estimated_time_remaining:
  sec: 25
  nanosec: 121050053
number_of_recoveries: 0
distance_remaining: 4.399999618530273

Feedback:
    current_pose:
  header:
    stamp:
      sec: 16
      nanosec: 420000000
    frame_id: map
  pose:
    position:
      x: 0.10911932177156665
      y: 0.0003033926396897704
      z: 0.0
    orientation:
      x: 0.0
      y: 0.0
      z: 0.0013733105934678523
      w: 0.9999990570085624
navigation_time:
  sec: 0
  nanosec: 884000000
estimated_time_remaining:
  sec: 25
  nanosec: 121050053
number_of_recoveries: 0
distance_remaining: 4.399999618530273

Feedback:
    current_pose:
  header:
    stamp:
      sec: 16
      nanosec: 440000000
    frame_id: map
  pose:
    position:
      x: 0.1128564794072311
      y: 0.00031369249309703225
      z: 0.0
    orientation:
      x: 0.0
      y: 0.0
      z: 0.001389499940328256
      w: 0.999999034644492
navigation_time:
  sec: 0
  nanosec: 892000000
estimated_time_remaining:
  sec: 24
  nanosec: 713591803
number_of_recoveries: 0
distance_remaining: 4.375

Feedback:
    current_pose:
  header:
    stamp:
      sec: 16
      nanosec: 440000000
    frame_id: map
  pose:
    position:
      x: 0.1128564794072311
      y: 0.00031369249309703225
      z: 0.0
    orientation:
      x: 0.0
      y: 0.0
      z: 0.001389499940328256
      w: 0.999999034644492
navigation_time:
  sec: 0
  nanosec: 904000000
estimated_time_remaining:
  sec: 24
  nanosec: 713591803
number_of_recoveries: 0
distance_remaining: 4.375

Feedback:
    current_pose:
  header:
    stamp:
      sec: 16
      nanosec: 460000000
    frame_id: map
  pose:
    position:
      x: 0.1165563820644617
      y: 0.0003240650832070141
      z: 0.0
    orientation:
      x: 0.0
      y: 0.0
      z: 0.0014139682842093226
      w: 0.999999000346346
navigation_time:
  sec: 0
  nanosec: 912000000
estimated_time_remaining:
  sec: 24
  nanosec: 511540023
number_of_recoveries: 0
distance_remaining: 4.375

Feedback:
    current_pose:
  header:
    stamp:
      sec: 16
      nanosec: 460000000
    frame_id: map
  pose:
    position:
      x: 0.1165563820644617
      y: 0.0003240650832070141
      z: 0.0
    orientation:
      x: 0.0
      y: 0.0
      z: 0.0014139682842093226
      w: 0.999999000346346
navigation_time:
  sec: 0
  nanosec: 924000000
estimated_time_remaining:
  sec: 24
  nanosec: 511540023
number_of_recoveries: 0
distance_remaining: 4.375

Feedback:
    current_pose:
  header:
    stamp:
      sec: 16
      nanosec: 480000000
    frame_id: map
  pose:
    position:
      x: 0.12029956942606433
      y: 0.00033476431112908136
      z: 0.0
    orientation:
      x: 0.0
      y: 0.0
      z: 0.0014524457795598413
      w: 0.9999989452000723
navigation_time:
  sec: 0
  nanosec: 932000000
estimated_time_remaining:
  sec: 24
  nanosec: 334223327
number_of_recoveries: 0
distance_remaining: 4.375

Feedback:
    current_pose:
  header:
    stamp:
      sec: 16
      nanosec: 480000000
    frame_id: map
  pose:
    position:
      x: 0.12029956942606433
      y: 0.00033476431112908136
      z: 0.0
    orientation:
      x: 0.0
      y: 0.0
      z: 0.0014524457795598413
      w: 0.9999989452000723
navigation_time:
  sec: 0
  nanosec: 944000000
estimated_time_remaining:
  sec: 24
  nanosec: 334223327
number_of_recoveries: 0
distance_remaining: 4.375

Feedback:
    current_pose:
  header:
    stamp:
      sec: 16
      nanosec: 500000000
    frame_id: map
  pose:
    position:
      x: 0.12413589704825183
      y: 0.0003461366922478767
      z: 0.0
    orientation:
      x: 0.0
      y: 0.0
      z: 0.0015119370263081155
      w: 0.9999988570225612
navigation_time:
  sec: 0
  nanosec: 952000000
estimated_time_remaining:
  sec: 24
  nanosec: 138583716
number_of_recoveries: 0
distance_remaining: 4.375

Feedback:
    current_pose:
  header:
    stamp:
      sec: 16
      nanosec: 500000000
    frame_id: map
  pose:
    position:
      x: 0.12413589704825183
      y: 0.0003461366922478767
      z: 0.0
    orientation:
      x: 0.0
      y: 0.0
      z: 0.0015119370263081155
      w: 0.9999988570225612
navigation_time:
  sec: 0
  nanosec: 964000000
estimated_time_remaining:
  sec: 24
  nanosec: 138583716
number_of_recoveries: 0
distance_remaining: 4.375

Feedback:
    current_pose:
  header:
    stamp:
      sec: 16
      nanosec: 520000000
    frame_id: map
  pose:
    position:
      x: 0.12797222329016844
      y: 0.0003579655296160921
      z: 0.0
    orientation:
      x: 0.0
      y: 0.0
      z: 0.0015714282677344199
      w: 0.9999987653058374
navigation_time:
  sec: 0
  nanosec: 972000000
estimated_time_remaining:
  sec: 23
  nanosec: 936404923
number_of_recoveries: 0
distance_remaining: 4.375

Feedback:
    current_pose:
  header:
    stamp:
      sec: 16
      nanosec: 520000000
    frame_id: map
  pose:
    position:
      x: 0.12797222329016844
      y: 0.0003579655296160921
      z: 0.0
    orientation:
      x: 0.0
      y: 0.0
      z: 0.0015714282677344199
      w: 0.9999987653058374
navigation_time:
  sec: 0
  nanosec: 984000000
estimated_time_remaining:
  sec: 23
  nanosec: 936404923
number_of_recoveries: 0
distance_remaining: 4.375

Feedback:
    current_pose:
  header:
    stamp:
      sec: 16
      nanosec: 540000000
    frame_id: map
  pose:
    position:
      x: 0.13178044380310555
      y: 0.00037027503497176045
      z: 0.0
    orientation:
      x: 0.0
      y: 0.0
      z: 0.0016685869576697101
      w: 0.9999986079078133
navigation_time:
  sec: 0
  nanosec: 992000000
estimated_time_remaining:
  sec: 23
  nanosec: 750645795
number_of_recoveries: 0
distance_remaining: 4.375

Feedback:
    current_pose:
  header:
    stamp:
      sec: 16
      nanosec: 540000000
    frame_id: map
  pose:
    position:
      x: 0.13178044380310555
      y: 0.00037027503497176045
      z: 0.0
    orientation:
      x: 0.0
      y: 0.0
      z: 0.0016685869576697101
      w: 0.9999986079078133
navigation_time:
  sec: 1
  nanosec: 4000000
estimated_time_remaining:
  sec: 23
  nanosec: 750645795
number_of_recoveries: 0
distance_remaining: 4.375

Feedback:
    current_pose:
  header:
    stamp:
      sec: 16
      nanosec: 560000000
    frame_id: map
  pose:
    position:
      x: 0.13558163565278242
      y: 0.0003833654456254118
      z: 0.0
    orientation:
      x: 0.0
      y: 0.0
      z: 0.0017751625121951724
      w: 0.9999984243977865
navigation_time:
  sec: 1
  nanosec: 12000000
estimated_time_remaining:
  sec: 23
  nanosec: 596385375
number_of_recoveries: 0
distance_remaining: 4.375

Feedback:
    current_pose:
  header:
    stamp:
      sec: 16
      nanosec: 560000000
    frame_id: map
  pose:
    position:
      x: 0.13558163565278242
      y: 0.0003833654456254118
      z: 0.0
    orientation:
      x: 0.0
      y: 0.0
      z: 0.0017751625121951724
      w: 0.9999984243977865
navigation_time:
  sec: 1
  nanosec: 24000000
estimated_time_remaining:
  sec: 23
  nanosec: 596385375
number_of_recoveries: 0
distance_remaining: 4.375

Feedback:
    current_pose:
  header:
    stamp:
      sec: 16
      nanosec: 560000000
    frame_id: map
  pose:
    position:
      x: 0.13558163565278242
      y: 0.0003833654456254118
      z: 0.0
    orientation:
      x: 0.0
      y: 0.0
      z: 0.0017751625121951724
      w: 0.9999984243977865
navigation_time:
  sec: 1
  nanosec: 28000000
estimated_time_remaining:
  sec: 23
  nanosec: 473937521
number_of_recoveries: 0
distance_remaining: 4.375

Feedback:
    current_pose:
  header:
    stamp:
      sec: 16
      nanosec: 580000000
    frame_id: map
  pose:
    position:
      x: 0.13939321995059745
      y: 0.00039727566393959053
      z: 0.0
    orientation:
      x: 0.0
      y: 0.0
      z: 0.0018627288307579365
      w: 0.9999982651191466
navigation_time:
  sec: 1
  nanosec: 44000000
estimated_time_remaining:
  sec: 23
  nanosec: 339800726
number_of_recoveries: 0
distance_remaining: 4.349999904632568

Feedback:
    current_pose:
  header:
    stamp:
      sec: 16
      nanosec: 600000000
    frame_id: map
  pose:
    position:
      x: 0.14322039515890833
      y: 0.00041175972499991805
      z: 0.0
    orientation:
      x: 0.0
      y: 0.0
      z: 0.0019217812771854168
      w: 0.9999981533766563
navigation_time:
  sec: 1
  nanosec: 52000000
estimated_time_remaining:
  sec: 23
  nanosec: 229520753
number_of_recoveries: 0
distance_remaining: 4.349999904632568

Feedback:
    current_pose:
  header:
    stamp:
      sec: 16
      nanosec: 600000000
    frame_id: map
  pose:
    position:
      x: 0.14322039515890833
      y: 0.00041175972499991805
      z: 0.0
    orientation:
      x: 0.0
      y: 0.0
      z: 0.0019217812771854168
      w: 0.9999981533766563
navigation_time:
  sec: 1
  nanosec: 64000000
estimated_time_remaining:
  sec: 23
  nanosec: 229520753
number_of_recoveries: 0
distance_remaining: 4.349999904632568

Feedback:
    current_pose:
  header:
    stamp:
      sec: 16
      nanosec: 620000000
    frame_id: map
  pose:
    position:
      x: 0.14704756862988544
      y: 0.00042669579488634375
      z: 0.0
    orientation:
      x: 0.0
      y: 0.0
      z: 0.001980833716851493
      w: 0.9999980381469686
navigation_time:
  sec: 1
  nanosec: 72000000
estimated_time_remaining:
  sec: 23
  nanosec: 133279749
number_of_recoveries: 0
distance_remaining: 4.349999904632568

Feedback:
    current_pose:
  header:
    stamp:
      sec: 16
      nanosec: 620000000
    frame_id: map
  pose:
    position:
      x: 0.14704756862988544
      y: 0.00042669579488634375
      z: 0.0
    orientation:
      x: 0.0
      y: 0.0
      z: 0.001980833716851493
      w: 0.9999980381469686
navigation_time:
  sec: 1
  nanosec: 84000000
estimated_time_remaining:
  sec: 23
  nanosec: 133279749
number_of_recoveries: 0
distance_remaining: 4.349999904632568

Feedback:
    current_pose:
  header:
    stamp:
      sec: 16
      nanosec: 640000000
    frame_id: map
  pose:
    position:
      x: 0.15090882078085707
      y: 0.00044204187315729083
      z: 0.0
    orientation:
      x: 0.0
      y: 0.0
      z: 0.001981927826666569
      w: 0.9999980359791163
navigation_time:
  sec: 1
  nanosec: 92000000
estimated_time_remaining:
  sec: 23
  nanosec: 40985732
number_of_recoveries: 0
distance_remaining: 4.349999904632568

Feedback:
    current_pose:
  header:
    stamp:
      sec: 16
      nanosec: 640000000
    frame_id: map
  pose:
    position:
      x: 0.15090882078085707
      y: 0.00044204187315729083
      z: 0.0
    orientation:
      x: 0.0
      y: 0.0
      z: 0.001981927826666569
      w: 0.9999980359791163
navigation_time:
  sec: 1
  nanosec: 104000000
estimated_time_remaining:
  sec: 23
  nanosec: 40985732
number_of_recoveries: 0
distance_remaining: 4.349999904632568

Feedback:
    current_pose:
  header:
    stamp:
      sec: 16
      nanosec: 660000000
    frame_id: map
  pose:
    position:
      x: 0.15477859323819862
      y: 0.0004573293445302301
      z: 0.0
    orientation:
      x: 0.0
      y: 0.0
      z: 0.0019685323258859717
      w: 0.9999980624383638
navigation_time:
  sec: 1
  nanosec: 112000000
estimated_time_remaining:
  sec: 22
  nanosec: 950445055
number_of_recoveries: 0
distance_remaining: 4.349999904632568

Feedback:
    current_pose:
  header:
    stamp:
      sec: 16
      nanosec: 660000000
    frame_id: map
  pose:
    position:
      x: 0.15477859323819862
      y: 0.0004573293445302301
      z: 0.0
    orientation:
      x: 0.0
      y: 0.0
      z: 0.0019685323258859717
      w: 0.9999980624383638
navigation_time:
  sec: 1
  nanosec: 124000000
estimated_time_remaining:
  sec: 22
  nanosec: 950445055
number_of_recoveries: 0
distance_remaining: 4.349999904632568

Feedback:
    current_pose:
  header:
    stamp:
      sec: 16
      nanosec: 680000000
    frame_id: map
  pose:
    position:
      x: 0.15866043852407902
      y: 0.00047255796468989006
      z: 0.0
    orientation:
      x: 0.0
      y: 0.0
      z: 0.001952064474092912
      w: 0.9999980947203294
navigation_time:
  sec: 1
  nanosec: 132000000
estimated_time_remaining:
  sec: 22
  nanosec: 868010845
number_of_recoveries: 0
distance_remaining: 4.349999904632568

Feedback:
    current_pose:
  header:
    stamp:
      sec: 16
      nanosec: 680000000
    frame_id: map
  pose:
    position:
      x: 0.15866043852407902
      y: 0.00047255796468989006
      z: 0.0
    orientation:
      x: 0.0
      y: 0.0
      z: 0.001952064474092912
      w: 0.9999980947203294
navigation_time:
  sec: 1
  nanosec: 144000000
estimated_time_remaining:
  sec: 22
  nanosec: 868010845
number_of_recoveries: 0
distance_remaining: 4.349999904632568

Feedback:
    current_pose:
  header:
    stamp:
      sec: 16
      nanosec: 700000000
    frame_id: map
  pose:
    position:
      x: 0.1625905741825567
      y: 0.00048778878684710143
      z: 0.0
    orientation:
      x: 0.0
      y: 0.0
      z: 0.0019233071939378486
      w: 0.9999981504430084
navigation_time:
  sec: 1
  nanosec: 152000000
estimated_time_remaining:
  sec: 22
  nanosec: 780132321
number_of_recoveries: 0
distance_remaining: 4.349999904632568

Feedback:
    current_pose:
  header:
    stamp:
      sec: 16
      nanosec: 700000000
    frame_id: map
  pose:
    position:
      x: 0.1625905741825567
      y: 0.00048778878684710143
      z: 0.0
    orientation:
      x: 0.0
      y: 0.0
      z: 0.0019233071939378486
      w: 0.9999981504430084
navigation_time:
  sec: 1
  nanosec: 164000000
estimated_time_remaining:
  sec: 22
  nanosec: 780132321
number_of_recoveries: 0
distance_remaining: 4.349999904632568

Feedback:
    current_pose:
  header:
    stamp:
      sec: 16
      nanosec: 720000000
    frame_id: map
  pose:
    position:
      x: 0.16652071071052982
      y: 0.0005027935685406859
      z: 0.0
    orientation:
      x: 0.0
      y: 0.0
      z: 0.0018945499121125304
      w: 0.999998205338705
navigation_time:
  sec: 1
  nanosec: 172000000
estimated_time_remaining:
  sec: 22
  nanosec: 722951232
number_of_recoveries: 0
distance_remaining: 4.349999904632568

Feedback:
    current_pose:
  header:
    stamp:
      sec: 16
      nanosec: 720000000
    frame_id: map
  pose:
    position:
      x: 0.16652071071052982
      y: 0.0005027935685406859
      z: 0.0
    orientation:
      x: 0.0
      y: 0.0
      z: 0.0018945499121125304
      w: 0.999998205338705
navigation_time:
  sec: 1
  nanosec: 184000000
estimated_time_remaining:
  sec: 22
  nanosec: 722951232
number_of_recoveries: 0
distance_remaining: 4.349999904632568

Feedback:
    current_pose:
  header:
    stamp:
      sec: 16
      nanosec: 740000000
    frame_id: map
  pose:
    position:
      x: 0.17058633873869183
      y: 0.0005183713362321444
      z: 0.0
    orientation:
      x: 0.0
      y: 0.0
      z: 0.0019538407448349664
      w: 0.9999980912513502
navigation_time:
  sec: 1
  nanosec: 192000000
estimated_time_remaining:
  sec: 22
  nanosec: 679258307
number_of_recoveries: 0
distance_remaining: 4.349999904632568

Feedback:
    current_pose:
  header:
    stamp:
      sec: 16
      nanosec: 740000000
    frame_id: map
  pose:
    position:
      x: 0.17058633873869183
      y: 0.0005183713362321444
      z: 0.0
    orientation:
      x: 0.0
      y: 0.0
      z: 0.0019538407448349664
      w: 0.9999980912513502
navigation_time:
  sec: 1
  nanosec: 204000000
estimated_time_remaining:
  sec: 22
  nanosec: 679258307
number_of_recoveries: 0
distance_remaining: 4.349999904632568

Feedback:
    current_pose:
  header:
    stamp:
      sec: 16
      nanosec: 760000000
    frame_id: map
  pose:
    position:
      x: 0.17473520265810644
      y: 0.0005349211883774238
      z: 0.0
    orientation:
      x: 0.0
      y: 0.0
      z: 0.002035143637460965
      w: 0.9999979290930433
navigation_time:
  sec: 1
  nanosec: 212000000
estimated_time_remaining:
  sec: 22
  nanosec: 570557957
number_of_recoveries: 0
distance_remaining: 4.349999904632568

Feedback:
    current_pose:
  header:
    stamp:
      sec: 16
      nanosec: 760000000
    frame_id: map
  pose:
    position:
      x: 0.17473520265810644
      y: 0.0005349211883774238
      z: 0.0
    orientation:
      x: 0.0
      y: 0.0
      z: 0.002035143637460965
      w: 0.9999979290930433
navigation_time:
  sec: 1
  nanosec: 224000000
estimated_time_remaining:
  sec: 22
  nanosec: 570557957
number_of_recoveries: 0
distance_remaining: 4.349999904632568

Feedback:
    current_pose:
  header:
    stamp:
      sec: 16
      nanosec: 780000000
    frame_id: map
  pose:
    position:
      x: 0.17890006370200526
      y: 0.0005522100602857664
      z: 0.0
    orientation:
      x: 0.0
      y: 0.0
      z: 0.0021128088983923595
      w: 0.9999977680167886
navigation_time:
  sec: 1
  nanosec: 232000000
estimated_time_remaining:
  sec: 22
  nanosec: 153665572
number_of_recoveries: 0
distance_remaining: 4.299999713897705

Feedback:
    current_pose:
  header:
    stamp:
      sec: 16
      nanosec: 780000000
    frame_id: map
  pose:
    position:
      x: 0.17890006370200526
      y: 0.0005522100602857664
      z: 0.0
    orientation:
      x: 0.0
      y: 0.0
      z: 0.0021128088983923595
      w: 0.9999977680167886
navigation_time:
  sec: 1
  nanosec: 244000000
estimated_time_remaining:
  sec: 22
  nanosec: 153665572
number_of_recoveries: 0
distance_remaining: 4.299999713897705

Feedback:
    current_pose:
  header:
    stamp:
      sec: 16
      nanosec: 800000000
    frame_id: map
  pose:
    position:
      x: 0.1831726733952579
      y: 0.0005705342669293592
      z: 0.0
    orientation:
      x: 0.0
      y: 0.0
      z: 0.0021759236461695404
      w: 0.9999976326753409
navigation_time:
  sec: 1
  nanosec: 252000000
estimated_time_remaining:
  sec: 21
  nanosec: 977730455
number_of_recoveries: 0
distance_remaining: 4.299999713897705

Feedback:
    current_pose:
  header:
    stamp:
      sec: 16
      nanosec: 800000000
    frame_id: map
  pose:
    position:
      x: 0.1831726733952579
      y: 0.0005705342669293592
      z: 0.0
    orientation:
      x: 0.0
      y: 0.0
      z: 0.0021759236461695404
      w: 0.9999976326753409
navigation_time:
  sec: 1
  nanosec: 264000000
estimated_time_remaining:
  sec: 21
  nanosec: 977730455
number_of_recoveries: 0
distance_remaining: 4.299999713897705

Feedback:
    current_pose:
  header:
    stamp:
      sec: 16
      nanosec: 820000000
    frame_id: map
  pose:
    position:
      x: 0.18744528074157385
      y: 0.0005893978040297775
      z: 0.0
    orientation:
      x: 0.0
      y: 0.0
      z: 0.0022390383850748605
      w: 0.9999974933504133
navigation_time:
  sec: 1
  nanosec: 272000000
estimated_time_remaining:
  sec: 21
  nanosec: 809522822
number_of_recoveries: 0
distance_remaining: 4.299999713897705

Feedback:
    current_pose:
  header:
    stamp:
      sec: 16
      nanosec: 820000000
    frame_id: map
  pose:
    position:
      x: 0.18744528074157385
      y: 0.0005893978040297775
      z: 0.0
    orientation:
      x: 0.0
      y: 0.0
      z: 0.0022390383850748605
      w: 0.9999974933504133
navigation_time:
  sec: 1
  nanosec: 284000000
estimated_time_remaining:
  sec: 21
  nanosec: 809522822
number_of_recoveries: 0
distance_remaining: 4.299999713897705

Feedback:
    current_pose:
  header:
    stamp:
      sec: 16
      nanosec: 840000000
    frame_id: map
  pose:
    position:
      x: 0.1917019451709106
      y: 0.0006087282902797483
      z: 0.0
    orientation:
      x: 0.0
      y: 0.0
      z: 0.002302155094076083
      w: 0.9999973500374503
navigation_time:
  sec: 1
  nanosec: 292000000
estimated_time_remaining:
  sec: 21
  nanosec: 662454834
number_of_recoveries: 0
distance_remaining: 4.299999713897705

Feedback:
    current_pose:
  header:
    stamp:
      sec: 16
      nanosec: 840000000
    frame_id: map
  pose:
    position:
      x: 0.1917019451709106
      y: 0.0006087282902797483
      z: 0.0
    orientation:
      x: 0.0
      y: 0.0
      z: 0.002302155094076083
      w: 0.9999973500374503
navigation_time:
  sec: 1
  nanosec: 304000000
estimated_time_remaining:
  sec: 21
  nanosec: 662454834
number_of_recoveries: 0
distance_remaining: 4.299999713897705

Feedback:
    current_pose:
  header:
    stamp:
      sec: 16
      nanosec: 860000000
    frame_id: map
  pose:
    position:
      x: 0.19595860712611318
      y: 0.0006285961110579459
      z: 0.0
    orientation:
      x: 0.0
      y: 0.0
      z: 0.0023652717939461917
      w: 0.999997202740758
navigation_time:
  sec: 1
  nanosec: 312000000
estimated_time_remaining:
  sec: 21
  nanosec: 515310829
number_of_recoveries: 0
distance_remaining: 4.299999713897705

Feedback:
    current_pose:
  header:
    stamp:
      sec: 16
      nanosec: 860000000
    frame_id: map
  pose:
    position:
      x: 0.19595860712611318
      y: 0.0006285961110579459
      z: 0.0
    orientation:
      x: 0.0
      y: 0.0
      z: 0.0023652717939461917
      w: 0.999997202740758
navigation_time:
  sec: 1
  nanosec: 324000000
estimated_time_remaining:
  sec: 21
  nanosec: 515310829
number_of_recoveries: 0
distance_remaining: 4.299999713897705

Feedback:
    current_pose:
  header:
    stamp:
      sec: 16
      nanosec: 880000000
    frame_id: map
  pose:
    position:
      x: 0.2002296227220579
      y: 0.0006490262493992379
      z: 0.0
    orientation:
      x: 0.0
      y: 0.0
      z: 0.0024025422843505302
      w: 0.9999971138911211
navigation_time:
  sec: 1
  nanosec: 328000000
estimated_time_remaining:
  sec: 21
  nanosec: 361943426
number_of_recoveries: 0
distance_remaining: 4.299999713897705

Feedback:
    current_pose:
  header:
    stamp:
      sec: 16
      nanosec: 880000000
    frame_id: map
  pose:
    position:
      x: 0.2002296227220579
      y: 0.0006490262493992379
      z: 0.0
    orientation:
      x: 0.0
      y: 0.0
      z: 0.0024025422843505302
      w: 0.9999971138911211
navigation_time:
  sec: 1
  nanosec: 344000000
estimated_time_remaining:
  sec: 21
  nanosec: 361943426
number_of_recoveries: 0
distance_remaining: 4.299999713897705

Feedback:
    current_pose:
  header:
    stamp:
      sec: 16
      nanosec: 900000000
    frame_id: map
  pose:
    position:
      x: 0.20452217186217111
      y: 0.00066964605551002
      z: 0.0
    orientation:
      x: 0.0
      y: 0.0
      z: 0.002401043420884035
      w: 0.9999971174910911
navigation_time:
  sec: 1
  nanosec: 352000000
estimated_time_remaining:
  sec: 21
  nanosec: 205431843
number_of_recoveries: 0
distance_remaining: 4.299999713897705

Feedback:
    current_pose:
  header:
    stamp:
      sec: 16
      nanosec: 900000000
    frame_id: map
  pose:
    position:
      x: 0.20452217186217111
      y: 0.00066964605551002
      z: 0.0
    orientation:
      x: 0.0
      y: 0.0
      z: 0.002401043420884035
      w: 0.9999971174910911
navigation_time:
  sec: 1
  nanosec: 364000000
estimated_time_remaining:
  sec: 21
  nanosec: 205431843
number_of_recoveries: 0
distance_remaining: 4.299999713897705

Feedback:
    current_pose:
  header:
    stamp:
      sec: 16
      nanosec: 920000000
    frame_id: map
  pose:
    position:
      x: 0.20881472106407778
      y: 0.0006902529936923258
      z: 0.0
    orientation:
      x: 0.0
      y: 0.0
      z: 0.0023995445572693786
      w: 0.9999971210888147
navigation_time:
  sec: 1
  nanosec: 376000000
estimated_time_remaining:
  sec: 21
  nanosec: 51914245
number_of_recoveries: 0
distance_remaining: 4.299999713897705

Feedback:
    current_pose:
  header:
    stamp:
      sec: 16
      nanosec: 920000000
    frame_id: map
  pose:
    position:
      x: 0.20881472106407778
      y: 0.0006902529936923258
      z: 0.0
    orientation:
      x: 0.0
      y: 0.0
      z: 0.0023995445572693786
      w: 0.9999971210888147
navigation_time:
  sec: 1
  nanosec: 384000000
estimated_time_remaining:
  sec: 21
  nanosec: 51914245
number_of_recoveries: 0
distance_remaining: 4.299999713897705

Feedback:
    current_pose:
  header:
    stamp:
      sec: 16
      nanosec: 940000000
    frame_id: map
  pose:
    position:
      x: 0.21306290338564313
      y: 0.0007105135872060627
      z: 0.0
    orientation:
      x: 0.0
      y: 0.0
      z: 0.0023624579702748805
      w: 0.9999972093922755
navigation_time:
  sec: 1
  nanosec: 392000000
estimated_time_remaining:
  sec: 20
  nanosec: 788555122
number_of_recoveries: 0
distance_remaining: 4.274999618530273

Feedback:
    current_pose:
  header:
    stamp:
      sec: 16
      nanosec: 940000000
    frame_id: map
  pose:
    position:
      x: 0.21306290338564313
      y: 0.0007105135872060627
      z: 0.0
    orientation:
      x: 0.0
      y: 0.0
      z: 0.0023624579702748805
      w: 0.9999972093922755
navigation_time:
  sec: 1
  nanosec: 404000000
estimated_time_remaining:
  sec: 20
  nanosec: 788555122
number_of_recoveries: 0
distance_remaining: 4.274999618530273

Feedback:
    current_pose:
  header:
    stamp:
      sec: 16
      nanosec: 960000000
    frame_id: map
  pose:
    position:
      x: 0.2172999956325249
      y: 0.000730338818167008
      z: 0.0
    orientation:
      x: 0.0
      y: 0.0
      z: 0.0023164744304905904
      w: 0.9999973169695071
navigation_time:
  sec: 1
  nanosec: 412000000
estimated_time_remaining:
  sec: 20
  nanosec: 663441098
number_of_recoveries: 0
distance_remaining: 4.274999618530273

Feedback:
    current_pose:
  header:
    stamp:
      sec: 16
      nanosec: 960000000
    frame_id: map
  pose:
    position:
      x: 0.2172999956325249
      y: 0.000730338818167008
      z: 0.0
    orientation:
      x: 0.0
      y: 0.0
      z: 0.0023164744304905904
      w: 0.9999973169695071
navigation_time:
  sec: 1
  nanosec: 424000000
estimated_time_remaining:
  sec: 20
  nanosec: 663441098
number_of_recoveries: 0
distance_remaining: 4.274999618530273

Feedback:
    current_pose:
  header:
    stamp:
      sec: 16
      nanosec: 980000000
    frame_id: map
  pose:
    position:
      x: 0.22153708968476157
      y: 0.0007497743749821616
      z: 0.0
    orientation:
      x: 0.0
      y: 0.0
      z: 0.0022704908858081204
      w: 0.9999974224322469
navigation_time:
  sec: 1
  nanosec: 432000000
estimated_time_remaining:
  sec: 20
  nanosec: 548106558
number_of_recoveries: 0
distance_remaining: 4.274999618530273

Feedback:
    current_pose:
  header:
    stamp:
      sec: 16
      nanosec: 980000000
    frame_id: map
  pose:
    position:
      x: 0.22153708968476157
      y: 0.0007497743749821616
      z: 0.0
    orientation:
      x: 0.0
      y: 0.0
      z: 0.0022704908858081204
      w: 0.9999974224322469
navigation_time:
  sec: 1
  nanosec: 444000000
estimated_time_remaining:
  sec: 20
  nanosec: 548106558
number_of_recoveries: 0
distance_remaining: 4.274999618530273

Feedback:
    current_pose:
  header:
    stamp:
      sec: 17
      nanosec: 0
    frame_id: map
  pose:
    position:
      x: 0.22570461344158851
      y: 0.000768472326406041
      z: 0.0
    orientation:
      x: 0.0
      y: 0.0
      z: 0.0022160606876488365
      w: 0.9999975445344996
navigation_time:
  sec: 1
  nanosec: 452000000
estimated_time_remaining:
  sec: 20
  nanosec: 447822104
number_of_recoveries: 0
distance_remaining: 4.274999618530273

Feedback:
    current_pose:
  header:
    stamp:
      sec: 17
      nanosec: 0
    frame_id: map
  pose:
    position:
      x: 0.22570461344158851
      y: 0.000768472326406041
      z: 0.0
    orientation:
      x: 0.0
      y: 0.0
      z: 0.0022160606876488365
      w: 0.9999975445344996
navigation_time:
  sec: 1
  nanosec: 464000000
estimated_time_remaining:
  sec: 20
  nanosec: 447822104
number_of_recoveries: 0
distance_remaining: 4.274999618530273

Feedback:
    current_pose:
  header:
    stamp:
      sec: 17
      nanosec: 20000000
    frame_id: map
  pose:
    position:
      x: 0.2298838243061059
      y: 0.0007721321700343935
      z: 0.0
    orientation:
      x: 0.0
      y: 0.0
      z: 0.002143530778536584
      w: 0.9999977026352617
navigation_time:
  sec: 1
  nanosec: 472000000
estimated_time_remaining:
  sec: 20
  nanosec: 368195013
number_of_recoveries: 0
distance_remaining: 4.274999618530273

Feedback:
    current_pose:
  header:
    stamp:
      sec: 17
      nanosec: 20000000
    frame_id: map
  pose:
    position:
      x: 0.2298838243061059
      y: 0.0007721321700343935
      z: 0.0
    orientation:
      x: 0.0
      y: 0.0
      z: 0.002143530778536584
      w: 0.9999977026352617
navigation_time:
  sec: 1
  nanosec: 484000000
estimated_time_remaining:
  sec: 20
  nanosec: 368195013
number_of_recoveries: 0
distance_remaining: 4.274999618530273

Feedback:
    current_pose:
  header:
    stamp:
      sec: 17
      nanosec: 40000000
    frame_id: map
  pose:
    position:
      x: 0.234007052568779
      y: 0.0007749964264207142
      z: 0.0
    orientation:
      x: 0.0
      y: 0.0
      z: 0.002130227166445246
      w: 0.9999977310635357
navigation_time:
  sec: 1
  nanosec: 492000000
estimated_time_remaining:
  sec: 20
  nanosec: 304886785
number_of_recoveries: 0
distance_remaining: 4.274999618530273

Feedback:
    current_pose:
  header:
    stamp:
      sec: 17
      nanosec: 40000000
    frame_id: map
  pose:
    position:
      x: 0.234007052568779
      y: 0.0007749964264207142
      z: 0.0
    orientation:
      x: 0.0
      y: 0.0
      z: 0.002130227166445246
      w: 0.9999977310635357
navigation_time:
  sec: 1
  nanosec: 504000000
estimated_time_remaining:
  sec: 20
  nanosec: 304886785
number_of_recoveries: 0
distance_remaining: 4.274999618530273

Feedback:
    current_pose:
  header:
    stamp:
      sec: 17
      nanosec: 60000000
    frame_id: map
  pose:
    position:
      x: 0.2381162849807459
      y: 0.0007776526851185198
      z: 0.0
    orientation:
      x: 0.0
      y: 0.0
      z: 0.002131730159865865
      w: 0.9999977278606816
navigation_time:
  sec: 1
  nanosec: 512000000
estimated_time_remaining:
  sec: 20
  nanosec: 154234776
number_of_recoveries: 0
distance_remaining: 4.25

Feedback:
    current_pose:
  header:
    stamp:
      sec: 17
      nanosec: 60000000
    frame_id: map
  pose:
    position:
      x: 0.2381162849807459
      y: 0.0007776526851185198
      z: 0.0
    orientation:
      x: 0.0
      y: 0.0
      z: 0.002131730159865865
      w: 0.9999977278606816
navigation_time:
  sec: 1
  nanosec: 520000000
estimated_time_remaining:
  sec: 20
  nanosec: 154234776
number_of_recoveries: 0
distance_remaining: 4.25

Feedback:
    current_pose:
  header:
    stamp:
      sec: 17
      nanosec: 80000000
    frame_id: map
  pose:
    position:
      x: 0.24224151744703504
      y: 0.0007802570239919849
      z: 0.0
    orientation:
      x: 0.0
      y: 0.0
      z: 0.002152254491826531
      w: 0.999997683897619
navigation_time:
  sec: 1
  nanosec: 532000000
estimated_time_remaining:
  sec: 20
  nanosec: 154740504
number_of_recoveries: 0
distance_remaining: 4.25

Feedback:
    current_pose:
  header:
    stamp:
      sec: 17
      nanosec: 80000000
    frame_id: map
  pose:
    position:
      x: 0.24224151744703504
      y: 0.0007802570239919849
      z: 0.0
    orientation:
      x: 0.0
      y: 0.0
      z: 0.002152254491826531
      w: 0.999997683897619
navigation_time:
  sec: 1
  nanosec: 540000000
estimated_time_remaining:
  sec: 20
  nanosec: 154740504
number_of_recoveries: 0
distance_remaining: 4.25

Feedback:
    current_pose:
  header:
    stamp:
      sec: 17
      nanosec: 80000000
    frame_id: map
  pose:
    position:
      x: 0.24224151744703504
      y: 0.0007802570239919849
      z: 0.0
    orientation:
      x: 0.0
      y: 0.0
      z: 0.002152254491826531
      w: 0.999997683897619
navigation_time:
  sec: 1
  nanosec: 548000000
estimated_time_remaining:
  sec: 20
  nanosec: 154740504
number_of_recoveries: 0
distance_remaining: 4.25

Feedback:
    current_pose:
  header:
    stamp:
      sec: 17
      nanosec: 100000000
    frame_id: map
  pose:
    position:
      x: 0.24643197139224135
      y: 0.0007835422706534477
      z: 0.0
    orientation:
      x: 0.0
      y: 0.0
      z: 0.002248864190969462
      w: 0.999997471301728
navigation_time:
  sec: 1
  nanosec: 560000000
estimated_time_remaining:
  sec: 20
  nanosec: 157937157
number_of_recoveries: 0
distance_remaining: 4.25

Feedback:
    current_pose:
  header:
    stamp:
      sec: 17
      nanosec: 100000000
    frame_id: map
  pose:
    position:
      x: 0.24643197139224135
      y: 0.0007835422706534477
      z: 0.0
    orientation:
      x: 0.0
      y: 0.0
      z: 0.002248864190969462
      w: 0.999997471301728
navigation_time:
  sec: 1
  nanosec: 568000000
estimated_time_remaining:
  sec: 20
  nanosec: 157937157
number_of_recoveries: 0
distance_remaining: 4.25

Feedback:
    current_pose:
  header:
    stamp:
      sec: 17
      nanosec: 120000000
    frame_id: map
  pose:
    position:
      x: 0.25062242206342217
      y: 0.0007874836678119902
      z: 0.0
    orientation:
      x: 0.0
      y: 0.0
      z: 0.0023454738898803108
      w: 0.9999972493723328
navigation_time:
  sec: 1
  nanosec: 580000000
estimated_time_remaining:
  sec: 20
  nanosec: 169884915
number_of_recoveries: 0
distance_remaining: 4.25

Feedback:
    current_pose:
  header:
    stamp:
      sec: 17
      nanosec: 120000000
    frame_id: map
  pose:
    position:
      x: 0.25062242206342217
      y: 0.0007874836678119902
      z: 0.0
    orientation:
      x: 0.0
      y: 0.0
      z: 0.0023454738898803108
      w: 0.9999972493723328
navigation_time:
  sec: 1
  nanosec: 588000000
estimated_time_remaining:
  sec: 20
  nanosec: 169884915
number_of_recoveries: 0
distance_remaining: 4.25

Feedback:
    current_pose:
  header:
    stamp:
      sec: 17
      nanosec: 140000000
    frame_id: map
  pose:
    position:
      x: 0.2547683937744744
      y: 0.0007914218144208068
      z: 0.0
    orientation:
      x: 0.0
      y: 0.0
      z: 0.002333899631233589
      w: 0.999997276452547
navigation_time:
  sec: 1
  nanosec: 596000000
estimated_time_remaining:
  sec: 20
  nanosec: 204668370
number_of_recoveries: 0
distance_remaining: 4.25

Feedback:
    current_pose:
  header:
    stamp:
      sec: 17
      nanosec: 140000000
    frame_id: map
  pose:
    position:
      x: 0.2547683937744744
      y: 0.0007914218144208068
      z: 0.0
    orientation:
      x: 0.0
      y: 0.0
      z: 0.002333899631233589
      w: 0.999997276452547
navigation_time:
  sec: 1
  nanosec: 608000000
estimated_time_remaining:
  sec: 20
  nanosec: 243870752
number_of_recoveries: 0
distance_remaining: 4.25

Feedback:
    current_pose:
  header:
    stamp:
      sec: 17
      nanosec: 160000000
    frame_id: map
  pose:
    position:
      x: 0.2589143662969342
      y: 0.0007951145978945509
      z: 0.0
    orientation:
      x: 0.0
      y: 0.0
      z: 0.0023223253380881058
      w: 0.9999973033988762
navigation_time:
  sec: 1
  nanosec: 616000000
estimated_time_remaining:
  sec: 20
  nanosec: 243870752
number_of_recoveries: 0
distance_remaining: 4.25

Feedback:
    current_pose:
  header:
    stamp:
      sec: 17
      nanosec: 160000000
    frame_id: map
  pose:
    position:
      x: 0.2589143662969342
      y: 0.0007951145978945509
      z: 0.0
    orientation:
      x: 0.0
      y: 0.0
      z: 0.0023223253380881058
      w: 0.9999973033988762
navigation_time:
  sec: 1
  nanosec: 628000000
estimated_time_remaining:
  sec: 20
  nanosec: 243870752
number_of_recoveries: 0
distance_remaining: 4.25

Feedback:
    current_pose:
  header:
    stamp:
      sec: 17
      nanosec: 180000000
    frame_id: map
  pose:
    position:
      x: 0.2631225720465811
      y: 0.000798919466218593
      z: 0.0
    orientation:
      x: 0.0
      y: 0.0
      z: 0.002338252756768327
      w: 0.9999972662832862
navigation_time:
  sec: 1
  nanosec: 640000000
estimated_time_remaining:
  sec: 20
  nanosec: 152164760
number_of_recoveries: 0
distance_remaining: 4.224999904632568

Feedback:
    current_pose:
  header:
    stamp:
      sec: 17
      nanosec: 180000000
    frame_id: map
  pose:
    position:
      x: 0.2631225720465811
      y: 0.000798919466218593
      z: 0.0
    orientation:
      x: 0.0
      y: 0.0
      z: 0.002338252756768327
      w: 0.9999972662832862
navigation_time:
  sec: 1
  nanosec: 648000000
estimated_time_remaining:
  sec: 20
  nanosec: 164381817
number_of_recoveries: 0
distance_remaining: 4.224999904632568

Feedback:
    current_pose:
  header:
    stamp:
      sec: 17
      nanosec: 200000000
    frame_id: map
  pose:
    position:
      x: 0.26738412650086624
      y: 0.0008030785649868063
      z: 0.0
    orientation:
      x: 0.0
      y: 0.0
      z: 0.0023725146716806326
      w: 0.9999971855831058
navigation_time:
  sec: 1
  nanosec: 660000000
estimated_time_remaining:
  sec: 20
  nanosec: 164381817
number_of_recoveries: 0
distance_remaining: 4.224999904632568

Feedback:
    current_pose:
  header:
    stamp:
      sec: 17
      nanosec: 200000000
    frame_id: map
  pose:
    position:
      x: 0.26738412650086624
      y: 0.0008030785649868063
      z: 0.0
    orientation:
      x: 0.0
      y: 0.0
      z: 0.0023725146716806326
      w: 0.9999971855831058
navigation_time:
  sec: 1
  nanosec: 668000000
estimated_time_remaining:
  sec: 20
  nanosec: 173985412
number_of_recoveries: 0
distance_remaining: 4.224999904632568

Feedback:
    current_pose:
  header:
    stamp:
      sec: 17
      nanosec: 220000000
    frame_id: map
  pose:
    position:
      x: 0.27163399128560206
      y: 0.0008234670037977465
      z: 0.0
    orientation:
      x: 0.0
      y: 0.0
      z: 0.002424876274809111
      w: 0.9999970599832042
navigation_time:
  sec: 1
  nanosec: 680000000
estimated_time_remaining:
  sec: 20
  nanosec: 173985412
number_of_recoveries: 0
distance_remaining: 4.224999904632568

Feedback:
    current_pose:
  header:
    stamp:
      sec: 17
      nanosec: 240000000
    frame_id: map
  pose:
    position:
      x: 0.2759304926159322
      y: 0.0008442600973765007
      z: 0.0
    orientation:
      x: 0.0
      y: 0.0
      z: 0.002414622029019648
      w: 0.9999970847959793
navigation_time:
  sec: 1
  nanosec: 688000000
estimated_time_remaining:
  sec: 20
  nanosec: 179816802
number_of_recoveries: 0
distance_remaining: 4.224999904632568

Feedback:
    current_pose:
  header:
    stamp:
      sec: 17
      nanosec: 240000000
    frame_id: map
  pose:
    position:
      x: 0.2759304926159322
      y: 0.0008442600973765007
      z: 0.0
    orientation:
      x: 0.0
      y: 0.0
      z: 0.002414622029019648
      w: 0.9999970847959793
navigation_time:
  sec: 1
  nanosec: 700000000
estimated_time_remaining:
  sec: 20
  nanosec: 179816802
number_of_recoveries: 0
distance_remaining: 4.224999904632568

Feedback:
    current_pose:
  header:
    stamp:
      sec: 17
      nanosec: 260000000
    frame_id: map
  pose:
    position:
      x: 0.28022699437197424
      y: 0.000864965075778065
      z: 0.0
    orientation:
      x: 0.0
      y: 0.0
      z: 0.0024043677630103725
      w: 0.9999971095036525
navigation_time:
  sec: 1
  nanosec: 708000000
estimated_time_remaining:
  sec: 20
  nanosec: 171947359
number_of_recoveries: 0
distance_remaining: 4.224999904632568

Feedback:
    current_pose:
  header:
    stamp:
      sec: 17
      nanosec: 260000000
    frame_id: map
  pose:
    position:
      x: 0.28022699437197424
      y: 0.000864965075778065
      z: 0.0
    orientation:
      x: 0.0
      y: 0.0
      z: 0.0024043677630103725
      w: 0.9999971095036525
navigation_time:
  sec: 1
  nanosec: 720000000
estimated_time_remaining:
  sec: 20
  nanosec: 171947359
number_of_recoveries: 0
distance_remaining: 4.224999904632568

Feedback:
    current_pose:
  header:
    stamp:
      sec: 17
      nanosec: 260000000
    frame_id: map
  pose:
    position:
      x: 0.28022699437197424
      y: 0.000864965075778065
      z: 0.0
    orientation:
      x: 0.0
      y: 0.0
      z: 0.0024043677630103725
      w: 0.9999971095036525
navigation_time:
  sec: 1
  nanosec: 728000000
estimated_time_remaining:
  sec: 20
  nanosec: 171947359
number_of_recoveries: 0
distance_remaining: 4.224999904632568

Feedback:
    current_pose:
  header:
    stamp:
      sec: 17
      nanosec: 280000000
    frame_id: map
  pose:
    position:
      x: 0.2845714961825872
      y: 0.0008857737336333025
      z: 0.0
    orientation:
      x: 0.0
      y: 0.0
      z: 0.002372585521695114
      w: 0.99999718541501
navigation_time:
  sec: 1
  nanosec: 740000000
estimated_time_remaining:
  sec: 20
  nanosec: 148539147
number_of_recoveries: 0
distance_remaining: 4.224999904632568

Feedback:
    current_pose:
  header:
    stamp:
      sec: 17
      nanosec: 300000000
    frame_id: map
  pose:
    position:
      x: 0.28910335217722644
      y: 0.0009069879645165083
      z: 0.0
    orientation:
      x: 0.0
      y: 0.0
      z: 0.002308511267803951
      w: 0.9999973353843131
navigation_time:
  sec: 1
  nanosec: 748000000
estimated_time_remaining:
  sec: 19
  nanosec: 969472547
number_of_recoveries: 0
distance_remaining: 4.199999809265137

Feedback:
    current_pose:
  header:
    stamp:
      sec: 17
      nanosec: 300000000
    frame_id: map
  pose:
    position:
      x: 0.28910335217722644
      y: 0.0009069879645165083
      z: 0.0
    orientation:
      x: 0.0
      y: 0.0
      z: 0.002308511267803951
      w: 0.9999973353843131
navigation_time:
  sec: 1
  nanosec: 760000000
estimated_time_remaining:
  sec: 19
  nanosec: 969472547
number_of_recoveries: 0
distance_remaining: 4.199999809265137

Feedback:
    current_pose:
  header:
    stamp:
      sec: 17
      nanosec: 300000000
    frame_id: map
  pose:
    position:
      x: 0.28910335217722644
      y: 0.0009069879645165083
      z: 0.0
    orientation:
      x: 0.0
      y: 0.0
      z: 0.002308511267803951
      w: 0.9999973353843131
navigation_time:
  sec: 1
  nanosec: 768000000
estimated_time_remaining:
  sec: 19
  nanosec: 872166802
number_of_recoveries: 0
distance_remaining: 4.199999809265137

Feedback:
    current_pose:
  header:
    stamp:
      sec: 17
      nanosec: 320000000
    frame_id: map
  pose:
    position:
      x: 0.29363521085351596
      y: 0.0009276214430485297
      z: 0.0
    orientation:
      x: 0.0
      y: 0.0
      z: 0.0022444370041551378
      w: 0.9999974812480953
navigation_time:
  sec: 1
  nanosec: 780000000
estimated_time_remaining:
  sec: 19
  nanosec: 872166802
number_of_recoveries: 0
distance_remaining: 4.199999809265137

Feedback:
    current_pose:
  header:
    stamp:
      sec: 17
      nanosec: 320000000
    frame_id: map
  pose:
    position:
      x: 0.29363521085351596
      y: 0.0009276214430485297
      z: 0.0
    orientation:
      x: 0.0
      y: 0.0
      z: 0.0022444370041551378
      w: 0.9999974812480953
navigation_time:
  sec: 1
  nanosec: 788000000
estimated_time_remaining:
  sec: 19
  nanosec: 872166802
number_of_recoveries: 0
distance_remaining: 4.199999809265137

Feedback:
    current_pose:
  header:
    stamp:
      sec: 17
      nanosec: 340000000
    frame_id: map
  pose:
    position:
      x: 0.2981927702618356
      y: 0.0009479599136678948
      z: 0.0
    orientation:
      x: 0.0
      y: 0.0
      z: 0.002218109052893494
      w: 0.9999975399930889
navigation_time:
  sec: 1
  nanosec: 800000000
estimated_time_remaining:
  sec: 19
  nanosec: 761953133
number_of_recoveries: 0
distance_remaining: 4.199999809265137

Feedback:
    current_pose:
  header:
    stamp:
      sec: 17
      nanosec: 340000000
    frame_id: map
  pose:
    position:
      x: 0.2981927702618356
      y: 0.0009479599136678948
      z: 0.0
    orientation:
      x: 0.0
      y: 0.0
      z: 0.002218109052893494
      w: 0.9999975399930889
navigation_time:
  sec: 1
  nanosec: 808000000
estimated_time_remaining:
  sec: 19
  nanosec: 761953133
number_of_recoveries: 0
distance_remaining: 4.199999809265137

Feedback:
    current_pose:
  header:
    stamp:
      sec: 17
      nanosec: 360000000
    frame_id: map
  pose:
    position:
      x: 0.3027503307348736
      y: 0.0009680584013431221
      z: 0.0
    orientation:
      x: 0.0
      y: 0.0
      z: 0.002191781111997111
      w: 0.9999975980448939
navigation_time:
  sec: 1
  nanosec: 820000000
estimated_time_remaining:
  sec: 19
  nanosec: 641225024
number_of_recoveries: 0
distance_remaining: 4.199999809265137

Feedback:
    current_pose:
  header:
    stamp:
      sec: 17
      nanosec: 360000000
    frame_id: map
  pose:
    position:
      x: 0.3027503307348736
      y: 0.0009680584013431221
      z: 0.0
    orientation:
      x: 0.0
      y: 0.0
      z: 0.002191781111997111
      w: 0.9999975980448939
navigation_time:
  sec: 1
  nanosec: 828000000
estimated_time_remaining:
  sec: 19
  nanosec: 641225024
number_of_recoveries: 0
distance_remaining: 4.199999809265137

Feedback:
    current_pose:
  header:
    stamp:
      sec: 17
      nanosec: 380000000
    frame_id: map
  pose:
    position:
      x: 0.3073375304927999
      y: 0.0009880493430778213
      z: 0.0
    orientation:
      x: 0.0
      y: 0.0
      z: 0.002167484570707669
      w: 0.999997651002559
navigation_time:
  sec: 1
  nanosec: 840000000
estimated_time_remaining:
  sec: 19
  nanosec: 507849034
number_of_recoveries: 0
distance_remaining: 4.199999809265137

Feedback:
    current_pose:
  header:
    stamp:
      sec: 17
      nanosec: 380000000
    frame_id: map
  pose:
    position:
      x: 0.3073375304927999
      y: 0.0009880493430778213
      z: 0.0
    orientation:
      x: 0.0
      y: 0.0
      z: 0.002167484570707669
      w: 0.999997651002559
navigation_time:
  sec: 1
  nanosec: 848000000
estimated_time_remaining:
  sec: 19
  nanosec: 366208102
number_of_recoveries: 0
distance_remaining: 4.199999809265137

Feedback:
    current_pose:
  header:
    stamp:
      sec: 17
      nanosec: 400000000
    frame_id: map
  pose:
    position:
      x: 0.31196918851048605
      y: 0.001008029156947462
      z: 0.0
    orientation:
      x: 0.0
      y: 0.0
      z: 0.0021462351335345513
      w: 0.9999976968347234
navigation_time:
  sec: 1
  nanosec: 856000000
estimated_time_remaining:
  sec: 19
  nanosec: 366208102
number_of_recoveries: 0
distance_remaining: 4.199999809265137

Feedback:
    current_pose:
  header:
    stamp:
      sec: 17
      nanosec: 420000000
    frame_id: map
  pose:
    position:
      x: 0.31703337280317034
      y: 0.0009131029475490145
      z: 0.0
    orientation:
      x: 0.0
      y: 0.0
      z: 0.001907083416204381
      w: 0.9999981815147685
navigation_time:
  sec: 1
  nanosec: 872000000
estimated_time_remaining:
  sec: 19
  nanosec: 117192516
number_of_recoveries: 0
distance_remaining: 4.174999713897705

Feedback:
    current_pose:
  header:
    stamp:
      sec: 17
      nanosec: 420000000
    frame_id: map
  pose:
    position:
      x: 0.31703337280317034
      y: 0.0009131029475490145
      z: 0.0
    orientation:
      x: 0.0
      y: 0.0
      z: 0.001907083416204381
      w: 0.9999981815147685
navigation_time:
  sec: 1
  nanosec: 880000000
estimated_time_remaining:
  sec: 19
  nanosec: 117192516
number_of_recoveries: 0
distance_remaining: 4.174999713897705

Feedback:
    current_pose:
  header:
    stamp:
      sec: 17
      nanosec: 420000000
    frame_id: map
  pose:
    position:
      x: 0.31703337280317034
      y: 0.0009131029475490145
      z: 0.0
    orientation:
      x: 0.0
      y: 0.0
      z: 0.001907083416204381
      w: 0.9999981815147685
navigation_time:
  sec: 1
  nanosec: 888000000
estimated_time_remaining:
  sec: 19
  nanosec: 117192516
number_of_recoveries: 0
distance_remaining: 4.174999713897705

Feedback:
    current_pose:
  header:
    stamp:
      sec: 17
      nanosec: 440000000
    frame_id: map
  pose:
    position:
      x: 0.3221792256624176
      y: 0.0008145506540001054
      z: 0.0
    orientation:
      x: 0.0
      y: 0.0
      z: 0.0017387106045210269
      w: 0.9999984884415745
navigation_time:
  sec: 1
  nanosec: 896000000
estimated_time_remaining:
  sec: 18
  nanosec: 983073249
number_of_recoveries: 0
distance_remaining: 4.174999713897705

Feedback:
    current_pose:
  header:
    stamp:
      sec: 17
      nanosec: 440000000
    frame_id: map
  pose:
    position:
      x: 0.3221792256624176
      y: 0.0008145506540001054
      z: 0.0
    orientation:
      x: 0.0
      y: 0.0
      z: 0.0017387106045210269
      w: 0.9999984884415745
navigation_time:
  sec: 1
  nanosec: 908000000
estimated_time_remaining:
  sec: 18
  nanosec: 983073249
number_of_recoveries: 0
distance_remaining: 4.174999713897705

Feedback:
    current_pose:
  header:
    stamp:
      sec: 17
      nanosec: 460000000
    frame_id: map
  pose:
    position:
      x: 0.327325458708615
      y: 0.0007123581759945407
      z: 0.0
    orientation:
      x: 0.0
      y: 0.0
      z: 0.0015703377657810649
      w: 0.9999987670188905
navigation_time:
  sec: 1
  nanosec: 916000000
estimated_time_remaining:
  sec: 18
  nanosec: 833998259
number_of_recoveries: 0
distance_remaining: 4.174999713897705

Feedback:
    current_pose:
  header:
    stamp:
      sec: 17
      nanosec: 460000000
    frame_id: map
  pose:
    position:
      x: 0.327325458708615
      y: 0.0007123581759945407
      z: 0.0
    orientation:
      x: 0.0
      y: 0.0
      z: 0.0015703377657810649
      w: 0.9999987670188905
navigation_time:
  sec: 1
  nanosec: 928000000
estimated_time_remaining:
  sec: 18
  nanosec: 833998259
number_of_recoveries: 0
distance_remaining: 4.174999713897705

Feedback:
    current_pose:
  header:
    stamp:
      sec: 17
      nanosec: 480000000
    frame_id: map
  pose:
    position:
      x: 0.3324713442900201
      y: 0.0006066480114351548
      z: 0.0
    orientation:
      x: 0.0
      y: 0.0
      z: 0.0014461444290424662
      w: 0.9999989543325986
navigation_time:
  sec: 1
  nanosec: 940000000
estimated_time_remaining:
  sec: 18
  nanosec: 681417982
number_of_recoveries: 0
distance_remaining: 4.174999713897705

Feedback:
    current_pose:
  header:
    stamp:
      sec: 17
      nanosec: 500000000
    frame_id: map
  pose:
    position:
      x: 0.33761697800764356
      y: 0.000497934403513708
      z: 0.0
    orientation:
      x: 0.0
      y: 0.0
      z: 0.0013514041433969727
      w: 0.9999990868530036
navigation_time:
  sec: 1
  nanosec: 948000000
estimated_time_remaining:
  sec: 18
  nanosec: 428341298
number_of_recoveries: 0
distance_remaining: 4.149999618530273

Feedback:
    current_pose:
  header:
    stamp:
      sec: 17
      nanosec: 500000000
    frame_id: map
  pose:
    position:
      x: 0.33761697800764356
      y: 0.000497934403513708
      z: 0.0
    orientation:
      x: 0.0
      y: 0.0
      z: 0.0013514041433969727
      w: 0.9999990868530036
navigation_time:
  sec: 1
  nanosec: 960000000
estimated_time_remaining:
  sec: 18
  nanosec: 428341298
number_of_recoveries: 0
distance_remaining: 4.149999618530273

Feedback:
    current_pose:
  header:
    stamp:
      sec: 17
      nanosec: 500000000
    frame_id: map
  pose:
    position:
      x: 0.33761697800764356
      y: 0.000497934403513708
      z: 0.0
    orientation:
      x: 0.0
      y: 0.0
      z: 0.0013514041433969727
      w: 0.9999990868530036
navigation_time:
  sec: 1
  nanosec: 968000000
estimated_time_remaining:
  sec: 18
  nanosec: 428341298
number_of_recoveries: 0
distance_remaining: 4.149999618530273

Feedback:
    current_pose:
  header:
    stamp:
      sec: 17
      nanosec: 520000000
    frame_id: map
  pose:
    position:
      x: 0.3427625560010115
      y: 0.0003862735296845403
      z: 0.0
    orientation:
      x: 0.0
      y: 0.0
      z: 0.001256663845650771
      w: 0.9999992103976778
navigation_time:
  sec: 1
  nanosec: 980000000
estimated_time_remaining:
  sec: 18
  nanosec: 303854030
number_of_recoveries: 0
distance_remaining: 4.149999618530273

Feedback:
    current_pose:
  header:
    stamp:
      sec: 17
      nanosec: 540000000
    frame_id: map
  pose:
    position:
      x: 0.3478356705898267
      y: 0.0002711761315154974
      z: 0.0
    orientation:
      x: 0.0
      y: 0.0
      z: 0.0010908306296976546
      w: 0.9999994050440917
navigation_time:
  sec: 1
  nanosec: 988000000
estimated_time_remaining:
  sec: 18
  nanosec: 196701844
number_of_recoveries: 0
distance_remaining: 4.149999618530273

Feedback:
    current_pose:
  header:
    stamp:
      sec: 17
      nanosec: 540000000
    frame_id: map
  pose:
    position:
      x: 0.3478356705898267
      y: 0.0002711761315154974
      z: 0.0
    orientation:
      x: 0.0
      y: 0.0
      z: 0.0010908306296976546
      w: 0.9999994050440917
navigation_time:
  sec: 2
  nanosec: 0
estimated_time_remaining:
  sec: 18
  nanosec: 196701844
number_of_recoveries: 0
distance_remaining: 4.149999618530273

Feedback:
    current_pose:
  header:
    stamp:
      sec: 17
      nanosec: 560000000
    frame_id: map
  pose:
    position:
      x: 0.352908727482382
      y: 0.00015251691552267742
      z: 0.0
    orientation:
      x: 0.0
      y: 0.0
      z: 0.0009249973613879658
      w: 0.9999995721898493
navigation_time:
  sec: 2
  nanosec: 8000000
estimated_time_remaining:
  sec: 18
  nanosec: 105477757
number_of_recoveries: 0
distance_remaining: 4.149999618530273

Feedback:
    current_pose:
  header:
    stamp:
      sec: 17
      nanosec: 560000000
    frame_id: map
  pose:
    position:
      x: 0.352908727482382
      y: 0.00015251691552267742
      z: 0.0
    orientation:
      x: 0.0
      y: 0.0
      z: 0.0009249973613879658
      w: 0.9999995721898493
navigation_time:
  sec: 2
  nanosec: 20000000
estimated_time_remaining:
  sec: 18
  nanosec: 105477757
number_of_recoveries: 0
distance_remaining: 4.149999618530273

Feedback:
    current_pose:
  header:
    stamp:
      sec: 17
      nanosec: 580000000
    frame_id: map
  pose:
    position:
      x: 0.35795171048999325
      y: 3.0047014803799007e-05
      z: 0.0
    orientation:
      x: 0.0
      y: 0.0
      z: 0.0006850113264344044
      w: 0.9999997653797139
navigation_time:
  sec: 2
  nanosec: 28000000
estimated_time_remaining:
  sec: 18
  nanosec: 24535065
number_of_recoveries: 0
distance_remaining: 4.149999618530273

Feedback:
    current_pose:
  header:
    stamp:
      sec: 17
      nanosec: 580000000
    frame_id: map
  pose:
    position:
      x: 0.35795171048999325
      y: 3.0047014803799007e-05
      z: 0.0
    orientation:
      x: 0.0
      y: 0.0
      z: 0.0006850113264344044
      w: 0.9999997653797139
navigation_time:
  sec: 2
  nanosec: 40000000
estimated_time_remaining:
  sec: 18
  nanosec: 24535065
number_of_recoveries: 0
distance_remaining: 4.149999618530273

Feedback:
    current_pose:
  header:
    stamp:
      sec: 17
      nanosec: 600000000
    frame_id: map
  pose:
    position:
      x: 0.3629746228813903
      y: -9.702767889897281e-05
      z: 0.0
    orientation:
      x: 0.0
      y: 0.0
      z: 0.0003955900382275251
      w: 0.9999999217542578
navigation_time:
  sec: 2
  nanosec: 48000000
estimated_time_remaining:
  sec: 17
  nanosec: 848034725
number_of_recoveries: 0
distance_remaining: 4.125

Feedback:
    current_pose:
  header:
    stamp:
      sec: 17
      nanosec: 600000000
    frame_id: map
  pose:
    position:
      x: 0.3629746228813903
      y: -9.702767889897281e-05
      z: 0.0
    orientation:
      x: 0.0
      y: 0.0
      z: 0.0003955900382275251
      w: 0.9999999217542578
navigation_time:
  sec: 2
  nanosec: 60000000
estimated_time_remaining:
  sec: 17
  nanosec: 848034725
number_of_recoveries: 0
distance_remaining: 4.125

Feedback:
    current_pose:
  header:
    stamp:
      sec: 17
      nanosec: 620000000
    frame_id: map
  pose:
    position:
      x: 0.36756553981235146
      y: -9.372377225061164e-05
      z: 0.0
    orientation:
      x: 0.0
      y: 0.0
      z: 0.00032407142611779556
      w: 0.999999947488854
navigation_time:
  sec: 2
  nanosec: 68000000
estimated_time_remaining:
  sec: 17
  nanosec: 919209520
number_of_recoveries: 0
distance_remaining: 4.149999618530273

Feedback:
    current_pose:
  header:
    stamp:
      sec: 17
      nanosec: 620000000
    frame_id: map
  pose:
    position:
      x: 0.36756553981235146
      y: -9.372377225061164e-05
      z: 0.0
    orientation:
      x: 0.0
      y: 0.0
      z: 0.00032407142611779556
      w: 0.999999947488854
navigation_time:
  sec: 2
  nanosec: 80000000
estimated_time_remaining:
  sec: 17
  nanosec: 919209520
number_of_recoveries: 0
distance_remaining: 4.149999618530273

Feedback:
    current_pose:
  header:
    stamp:
      sec: 17
      nanosec: 640000000
    frame_id: map
  pose:
    position:
      x: 0.3722678226299929
      y: -9.093396542296441e-05
      z: 0.0
    orientation:
      x: 0.0
      y: 0.0
      z: 0.0002692893393336509
      w: 0.9999999637416253
navigation_time:
  sec: 2
  nanosec: 88000000
estimated_time_remaining:
  sec: 17
  nanosec: 891520128
number_of_recoveries: 0
distance_remaining: 4.149999618530273

Feedback:
    current_pose:
  header:
    stamp:
      sec: 17
      nanosec: 640000000
    frame_id: map
  pose:
    position:
      x: 0.3722678226299929
      y: -9.093396542296441e-05
      z: 0.0
    orientation:
      x: 0.0
      y: 0.0
      z: 0.0002692893393336509
      w: 0.9999999637416253
navigation_time:
  sec: 2
  nanosec: 100000000
estimated_time_remaining:
  sec: 17
  nanosec: 891520128
number_of_recoveries: 0
distance_remaining: 4.149999618530273

Feedback:
    current_pose:
  header:
    stamp:
      sec: 17
      nanosec: 660000000
    frame_id: map
  pose:
    position:
      x: 0.3769779471055003
      y: -8.865522303322978e-05
      z: 0.0
    orientation:
      x: 0.0
      y: 0.0
      z: 0.00021450725675070973
      w: 0.9999999769933182
navigation_time:
  sec: 2
  nanosec: 108000000
estimated_time_remaining:
  sec: 17
  nanosec: 637595597
number_of_recoveries: 0
distance_remaining: 4.099999904632568

Feedback:
    current_pose:
  header:
    stamp:
      sec: 17
      nanosec: 660000000
    frame_id: map
  pose:
    position:
      x: 0.3769779471055003
      y: -8.865522303322978e-05
      z: 0.0
    orientation:
      x: 0.0
      y: 0.0
      z: 0.00021450725675070973
      w: 0.9999999769933182
navigation_time:
  sec: 2
  nanosec: 120000000
estimated_time_remaining:
  sec: 17
  nanosec: 637595597
number_of_recoveries: 0
distance_remaining: 4.099999904632568

Feedback:
    current_pose:
  header:
    stamp:
      sec: 17
      nanosec: 660000000
    frame_id: map
  pose:
    position:
      x: 0.3769779471055003
      y: -8.865522303322978e-05
      z: 0.0
    orientation:
      x: 0.0
      y: 0.0
      z: 0.00021450725675070973
      w: 0.9999999769933182
navigation_time:
  sec: 2
  nanosec: 128000000
estimated_time_remaining:
  sec: 17
  nanosec: 599136905
number_of_recoveries: 0
distance_remaining: 4.099999904632568

Feedback:
    current_pose:
  header:
    stamp:
      sec: 17
      nanosec: 680000000
    frame_id: map
  pose:
    position:
      x: 0.3817081392518834
      y: -8.687812349057126e-05
      z: 0.0
    orientation:
      x: 0.0
      y: 0.0
      z: 0.00016369958953514271
      w: 0.9999999866012221
navigation_time:
  sec: 2
  nanosec: 140000000
estimated_time_remaining:
  sec: 17
  nanosec: 599136905
number_of_recoveries: 0
distance_remaining: 4.099999904632568

Feedback:
    current_pose:
  header:
    stamp:
      sec: 17
      nanosec: 680000000
    frame_id: map
  pose:
    position:
      x: 0.3817081392518834
      y: -8.687812349057126e-05
      z: 0.0
    orientation:
      x: 0.0
      y: 0.0
      z: 0.00016369958953514271
      w: 0.9999999866012221
navigation_time:
  sec: 2
  nanosec: 148000000
estimated_time_remaining:
  sec: 17
  nanosec: 599136905
number_of_recoveries: 0
distance_remaining: 4.099999904632568

Feedback:
    current_pose:
  header:
    stamp:
      sec: 17
      nanosec: 700000000
    frame_id: map
  pose:
    position:
      x: 0.3864684327228137
      y: -8.553308756715518e-05
      z: 0.0
    orientation:
      x: 0.0
      y: 0.0
      z: 0.00011885355351127887
      w: 0.9999999929369163
navigation_time:
  sec: 2
  nanosec: 160000000
estimated_time_remaining:
  sec: 17
  nanosec: 558433115
number_of_recoveries: 0
distance_remaining: 4.099999904632568

Feedback:
    current_pose:
  header:
    stamp:
      sec: 17
      nanosec: 720000000
    frame_id: map
  pose:
    position:
      x: 0.39122872629523553
      y: -8.461501223968248e-05
      z: 0.0
    orientation:
      x: 0.0
      y: 0.0
      z: 7.400751724924784e-05
      w: 0.9999999972614437
navigation_time:
  sec: 2
  nanosec: 168000000
estimated_time_remaining:
  sec: 17
  nanosec: 523063926
number_of_recoveries: 0
distance_remaining: 4.099999904632568

Feedback:
    current_pose:
  header:
    stamp:
      sec: 17
      nanosec: 720000000
    frame_id: map
  pose:
    position:
      x: 0.39122872629523553
      y: -8.461501223968248e-05
      z: 0.0
    orientation:
      x: 0.0
      y: 0.0
      z: 7.400751724924784e-05
      w: 0.9999999972614437
navigation_time:
  sec: 2
  nanosec: 180000000
estimated_time_remaining:
  sec: 17
  nanosec: 523063926
number_of_recoveries: 0
distance_remaining: 4.099999904632568

Feedback:
    current_pose:
  header:
    stamp:
      sec: 17
      nanosec: 740000000
    frame_id: map
  pose:
    position:
      x: 0.39603833231269486
      y: -8.387059356328164e-05
      z: 0.0
    orientation:
      x: 0.0
      y: 0.0
      z: 8.076996808261804e-05
      w: 0.9999999967381061
navigation_time:
  sec: 2
  nanosec: 188000000
estimated_time_remaining:
  sec: 17
  nanosec: 487271162
number_of_recoveries: 0
distance_remaining: 4.099999904632568

Feedback:
    current_pose:
  header:
    stamp:
      sec: 17
      nanosec: 740000000
    frame_id: map
  pose:
    position:
      x: 0.39603833231269486
      y: -8.387059356328164e-05
      z: 0.0
    orientation:
      x: 0.0
      y: 0.0
      z: 8.076996808261804e-05
      w: 0.9999999967381061
navigation_time:
  sec: 2
  nanosec: 200000000
estimated_time_remaining:
  sec: 17
  nanosec: 487271162
number_of_recoveries: 0
distance_remaining: 4.099999904632568

Feedback:
    current_pose:
  header:
    stamp:
      sec: 17
      nanosec: 740000000
    frame_id: map
  pose:
    position:
      x: 0.39603833231269486
      y: -8.387059356328164e-05
      z: 0.0
    orientation:
      x: 0.0
      y: 0.0
      z: 8.076996808261804e-05
      w: 0.9999999967381061
navigation_time:
  sec: 2
  nanosec: 208000000
estimated_time_remaining:
  sec: 17
  nanosec: 487271162
number_of_recoveries: 0
distance_remaining: 4.099999904632568

Feedback:
    current_pose:
  header:
    stamp:
      sec: 17
      nanosec: 760000000
    frame_id: map
  pose:
    position:
      x: 0.40084793831982735
      y: -8.306112530571995e-05
      z: 0.0
    orientation:
      x: 0.0
      y: 0.0
      z: 8.753243515034673e-05
      w: 0.9999999961690362
navigation_time:
  sec: 2
  nanosec: 220000000
estimated_time_remaining:
  sec: 17
  nanosec: 455385893
number_of_recoveries: 0
distance_remaining: 4.099999904632568

Feedback:
    current_pose:
  header:
    stamp:
      sec: 17
      nanosec: 780000000
    frame_id: map
  pose:
    position:
      x: 0.4056663765309547
      y: -8.21815333854715e-05
      z: 0.0
    orientation:
      x: 0.0
      y: 0.0
      z: 9.607082357362921e-05
      w: 0.9999999953851983
navigation_time:
  sec: 2
  nanosec: 228000000
estimated_time_remaining:
  sec: 17
  nanosec: 432102435
number_of_recoveries: 0
distance_remaining: 4.099999904632568

Feedback:
    current_pose:
  header:
    stamp:
      sec: 17
      nanosec: 780000000
    frame_id: map
  pose:
    position:
      x: 0.4056663765309547
      y: -8.21815333854715e-05
      z: 0.0
    orientation:
      x: 0.0
      y: 0.0
      z: 9.607082357362921e-05
      w: 0.9999999953851983
navigation_time:
  sec: 2
  nanosec: 240000000
estimated_time_remaining:
  sec: 17
  nanosec: 432102435
number_of_recoveries: 0
distance_remaining: 4.099999904632568

Feedback:
    current_pose:
  header:
    stamp:
      sec: 17
      nanosec: 800000000
    frame_id: map
  pose:
    position:
      x: 0.4104980630469054
      y: -8.119903930262757e-05
      z: 0.0
    orientation:
      x: 0.0
      y: 0.0
      z: 0.00010727309740664545
      w: 0.9999999942462412
navigation_time:
  sec: 2
  nanosec: 248000000
estimated_time_remaining:
  sec: 17
  nanosec: 406346331
number_of_recoveries: 0
distance_remaining: 4.099999904632568

Feedback:
    current_pose:
  header:
    stamp:
      sec: 17
      nanosec: 800000000
    frame_id: map
  pose:
    position:
      x: 0.4104980630469054
      y: -8.119903930262757e-05
      z: 0.0
    orientation:
      x: 0.0
      y: 0.0
      z: 0.00010727309740664545
      w: 0.9999999942462412
navigation_time:
  sec: 2
  nanosec: 260000000
estimated_time_remaining:
  sec: 17
  nanosec: 406346331
number_of_recoveries: 0
distance_remaining: 4.099999904632568

Feedback:
    current_pose:
  header:
    stamp:
      sec: 17
      nanosec: 820000000
    frame_id: map
  pose:
    position:
      x: 0.41535167599200196
      y: -0.00011475325099749104
      z: 0.0
    orientation:
      x: 0.0
      y: 0.0
      z: 6.207213629349153e-05
      w: 0.9999999980735248
navigation_time:
  sec: 2
  nanosec: 268000000
estimated_time_remaining:
  sec: 17
  nanosec: 273114204
number_of_recoveries: 0
distance_remaining: 4.074999809265137

Feedback:
    current_pose:
  header:
    stamp:
      sec: 17
      nanosec: 820000000
    frame_id: map
  pose:
    position:
      x: 0.41535167599200196
      y: -0.00011475325099749104
      z: 0.0
    orientation:
      x: 0.0
      y: 0.0
      z: 6.207213629349153e-05
      w: 0.9999999980735248
navigation_time:
  sec: 2
  nanosec: 280000000
estimated_time_remaining:
  sec: 17
  nanosec: 273114204
number_of_recoveries: 0
distance_remaining: 4.074999809265137

Feedback:
    current_pose:
  header:
    stamp:
      sec: 17
      nanosec: 840000000
    frame_id: map
  pose:
    position:
      x: 0.42019148236516807
      y: -0.0001491039128658164
      z: 0.0
    orientation:
      x: 0.0
      y: 0.0
      z: 5.541432005399042e-05
      w: 0.9999999984646264
navigation_time:
  sec: 2
  nanosec: 288000000
estimated_time_remaining:
  sec: 17
  nanosec: 247654651
number_of_recoveries: 0
distance_remaining: 4.074999809265137

Feedback:
    current_pose:
  header:
    stamp:
      sec: 17
      nanosec: 840000000
    frame_id: map
  pose:
    position:
      x: 0.42019148236516807
      y: -0.0001491039128658164
      z: 0.0
    orientation:
      x: 0.0
      y: 0.0
      z: 5.541432005399042e-05
      w: 0.9999999984646264
navigation_time:
  sec: 2
  nanosec: 300000000
estimated_time_remaining:
  sec: 17
  nanosec: 247654651
number_of_recoveries: 0
distance_remaining: 4.074999809265137

Feedback:
    current_pose:
  header:
    stamp:
      sec: 17
      nanosec: 840000000
    frame_id: map
  pose:
    position:
      x: 0.42019148236516807
      y: -0.0001491039128658164
      z: 0.0
    orientation:
      x: 0.0
      y: 0.0
      z: 5.541432005399042e-05
      w: 0.9999999984646264
navigation_time:
  sec: 2
  nanosec: 308000000
estimated_time_remaining:
  sec: 17
  nanosec: 247654651
number_of_recoveries: 0
distance_remaining: 4.074999809265137

Feedback:
    current_pose:
  header:
    stamp:
      sec: 17
      nanosec: 860000000
    frame_id: map
  pose:
    position:
      x: 0.42503128351558483
      y: -0.00018406221208530697
      z: 0.0
    orientation:
      x: 0.0
      y: 0.0
      z: 4.875651606507878e-05
      w: 0.999999998811401
navigation_time:
  sec: 2
  nanosec: 320000000
estimated_time_remaining:
  sec: 17
  nanosec: 215607423
number_of_recoveries: 0
distance_remaining: 4.074999809265137

Feedback:
    current_pose:
  header:
    stamp:
      sec: 17
      nanosec: 880000000
    frame_id: map
  pose:
    position:
      x: 0.42980162160937474
      y: -0.0002197527452528462
      z: 0.0
    orientation:
      x: 0.0
      y: 0.0
      z: -7.266943969231472e-07
      w: 0.999999999999736
navigation_time:
  sec: 2
  nanosec: 332000000
estimated_time_remaining:
  sec: 17
  nanosec: 183345145
number_of_recoveries: 0
distance_remaining: 4.074999809265137

Feedback:
    current_pose:
  header:
    stamp:
      sec: 17
      nanosec: 880000000
    frame_id: map
  pose:
    position:
      x: 0.42980162160937474
      y: -0.0002197527452528462
      z: 0.0
    orientation:
      x: 0.0
      y: 0.0
      z: -7.266943969231472e-07
      w: 0.999999999999736
navigation_time:
  sec: 2
  nanosec: 340000000
estimated_time_remaining:
  sec: 17
  nanosec: 183345145
number_of_recoveries: 0
distance_remaining: 4.074999809265137

Feedback:
    current_pose:
  header:
    stamp:
      sec: 17
      nanosec: 900000000
    frame_id: map
  pose:
    position:
      x: 0.4345256491028819
      y: -0.00025665928678924135
      z: 0.0
    orientation:
      x: 0.0
      y: 0.0
      z: -7.876021288030129e-05
      w: 0.9999999968984143
navigation_time:
  sec: 2
  nanosec: 348000000
estimated_time_remaining:
  sec: 17
  nanosec: 160880836
number_of_recoveries: 0
distance_remaining: 4.074999809265137

Feedback:
    current_pose:
  header:
    stamp:
      sec: 17
      nanosec: 900000000
    frame_id: map
  pose:
    position:
      x: 0.4345256491028819
      y: -0.00025665928678924135
      z: 0.0
    orientation:
      x: 0.0
      y: 0.0
      z: -7.876021288030129e-05
      w: 0.9999999968984143
navigation_time:
  sec: 2
  nanosec: 360000000
estimated_time_remaining:
  sec: 17
  nanosec: 160880836
number_of_recoveries: 0
distance_remaining: 4.074999809265137

Feedback:
    current_pose:
  header:
    stamp:
      sec: 17
      nanosec: 900000000
    frame_id: map
  pose:
    position:
      x: 0.4345256491028819
      y: -0.00025665928678924135
      z: 0.0
    orientation:
      x: 0.0
      y: 0.0
      z: -7.876021288030129e-05
      w: 0.9999999968984143
navigation_time:
  sec: 2
  nanosec: 368000000
estimated_time_remaining:
  sec: 17
  nanosec: 160880836
number_of_recoveries: 0
distance_remaining: 4.074999809265137

Feedback:
    current_pose:
  header:
    stamp:
      sec: 17
      nanosec: 920000000
    frame_id: map
  pose:
    position:
      x: 0.4392496709256325
      y: -0.0002948300982334829
      z: 0.0
    orientation:
      x: 0.0
      y: 0.0
      z: -0.0001567937309363034
      w: 0.9999999877078628
navigation_time:
  sec: 2
  nanosec: 380000000
estimated_time_remaining:
  sec: 17
  nanosec: 32914895
number_of_recoveries: 0
distance_remaining: 4.049999713897705

Feedback:
    current_pose:
  header:
    stamp:
      sec: 17
      nanosec: 940000000
    frame_id: map
  pose:
    position:
      x: 0.4440282913164873
      y: -0.0003340767386458246
      z: 0.0
    orientation:
      x: 0.0
      y: 0.0
      z: -0.00019006865220915932
      w: 0.9999999819369537
navigation_time:
  sec: 2
  nanosec: 388000000
estimated_time_remaining:
  sec: 17
  nanosec: 1965466
number_of_recoveries: 0
distance_remaining: 4.049999713897705

Feedback:
    current_pose:
  header:
    stamp:
      sec: 17
      nanosec: 940000000
    frame_id: map
  pose:
    position:
      x: 0.4440282913164873
      y: -0.0003340767386458246
      z: 0.0
    orientation:
      x: 0.0
      y: 0.0
      z: -0.00019006865220915932
      w: 0.9999999819369537
navigation_time:
  sec: 2
  nanosec: 400000000
estimated_time_remaining:
  sec: 17
  nanosec: 1965466
number_of_recoveries: 0
distance_remaining: 4.049999713897705

Feedback:
    current_pose:
  header:
    stamp:
      sec: 17
      nanosec: 940000000
    frame_id: map
  pose:
    position:
      x: 0.4440282913164873
      y: -0.0003340767386458246
      z: 0.0
    orientation:
      x: 0.0
      y: 0.0
      z: -0.00019006865220915932
      w: 0.9999999819369537
navigation_time:
  sec: 2
  nanosec: 408000000
estimated_time_remaining:
  sec: 16
  nanosec: 977437862
number_of_recoveries: 0
distance_remaining: 4.049999713897705

Feedback:
    current_pose:
  header:
    stamp:
      sec: 17
      nanosec: 960000000
    frame_id: map
  pose:
    position:
      x: 0.44880690579125754
      y: -0.00037417652040317443
      z: 0.0
    orientation:
      x: 0.0
      y: 0.0
      z: -0.00022334355921805422
      w: 0.9999999750588271
navigation_time:
  sec: 2
  nanosec: 420000000
estimated_time_remaining:
  sec: 16
  nanosec: 977437862
number_of_recoveries: 0
distance_remaining: 4.049999713897705

Feedback:
    current_pose:
  header:
    stamp:
      sec: 17
      nanosec: 980000000
    frame_id: map
  pose:
    position:
      x: 0.45360640409713754
      y: -0.0004151603471228662
      z: 0.0
    orientation:
      x: 0.0
      y: 0.0
      z: -0.00026701034663262655
      w: 0.9999999643527367
navigation_time:
  sec: 2
  nanosec: 428000000
estimated_time_remaining:
  sec: 16
  nanosec: 963889431
number_of_recoveries: 0
distance_remaining: 4.049999713897705

Feedback:
    current_pose:
  header:
    stamp:
      sec: 17
      nanosec: 980000000
    frame_id: map
  pose:
    position:
      x: 0.45360640409713754
      y: -0.0004151603471228662
      z: 0.0
    orientation:
      x: 0.0
      y: 0.0
      z: -0.00026701034663262655
      w: 0.9999999643527367
navigation_time:
  sec: 2
  nanosec: 440000000
estimated_time_remaining:
  sec: 16
  nanosec: 963889431
number_of_recoveries: 0
distance_remaining: 4.049999713897705

Feedback:
    current_pose:
  header:
    stamp:
      sec: 18
      nanosec: 0
    frame_id: map
  pose:
    position:
      x: 0.4584372309295609
      y: -0.0004572251362723062
      z: 0.0
    orientation:
      x: 0.0
      y: 0.0
      z: -0.0003262649751703331
      w: 0.9999999467755816
navigation_time:
  sec: 2
  nanosec: 448000000
estimated_time_remaining:
  sec: 16
  nanosec: 947667700
number_of_recoveries: 0
distance_remaining: 4.049999713897705

Feedback:
    current_pose:
  header:
    stamp:
      sec: 18
      nanosec: 0
    frame_id: map
  pose:
    position:
      x: 0.4584372309295609
      y: -0.0004572251362723062
      z: 0.0
    orientation:
      x: 0.0
      y: 0.0
      z: -0.0003262649751703331
      w: 0.9999999467755816
navigation_time:
  sec: 2
  nanosec: 460000000
estimated_time_remaining:
  sec: 16
  nanosec: 947667700
number_of_recoveries: 0
distance_remaining: 4.049999713897705

Feedback:
    current_pose:
  header:
    stamp:
      sec: 18
      nanosec: 20000000
    frame_id: map
  pose:
    position:
      x: 0.46324618121503724
      y: -0.0004603768330496874
      z: 0.0
    orientation:
      x: 0.0
      y: 0.0
      z: -0.0003291163710021894
      w: 0.9999999458412057
navigation_time:
  sec: 2
  nanosec: 468000000
estimated_time_remaining:
  sec: 16
  nanosec: 829032081
number_of_recoveries: 0
distance_remaining: 4.024999618530273

Feedback:
    current_pose:
  header:
    stamp:
      sec: 18
      nanosec: 20000000
    frame_id: map
  pose:
    position:
      x: 0.46324618121503724
      y: -0.0004603768330496874
      z: 0.0
    orientation:
      x: 0.0
      y: 0.0
      z: -0.0003291163710021894
      w: 0.9999999458412057
navigation_time:
  sec: 2
  nanosec: 480000000
estimated_time_remaining:
  sec: 16
  nanosec: 829032081
number_of_recoveries: 0
distance_remaining: 4.024999618530273

Feedback:
    current_pose:
  header:
    stamp:
      sec: 18
      nanosec: 20000000
    frame_id: map
  pose:
    position:
      x: 0.46324618121503724
      y: -0.0004603768330496874
      z: 0.0
    orientation:
      x: 0.0
      y: 0.0
      z: -0.0003291163710021894
      w: 0.9999999458412057
navigation_time:
  sec: 2
  nanosec: 488000000
estimated_time_remaining:
  sec: 16
  nanosec: 829032081
number_of_recoveries: 0
distance_remaining: 4.024999618530273

Feedback:
    current_pose:
  header:
    stamp:
      sec: 18
      nanosec: 40000000
    frame_id: map
  pose:
    position:
      x: 0.46816684261177116
      y: -0.00046337255238333865
      z: 0.0
    orientation:
      x: 0.0
      y: 0.0
      z: -0.00027975136174005795
      w: 0.9999999608695871
navigation_time:
  sec: 2
  nanosec: 496000000
estimated_time_remaining:
  sec: 16
  nanosec: 806082184
number_of_recoveries: 0
distance_remaining: 4.024999618530273

Feedback:
    current_pose:
  header:
    stamp:
      sec: 18
      nanosec: 60000000
    frame_id: map
  pose:
    position:
      x: 0.4730954320277405
      y: -0.0004658868118834737
      z: 0.0
    orientation:
      x: 0.0
      y: 0.0
      z: -0.00023038633553975956
      w: 0.9999999734610678
navigation_time:
  sec: 2
  nanosec: 508000000
estimated_time_remaining:
  sec: 16
  nanosec: 775508406
number_of_recoveries: 0
distance_remaining: 4.024999618530273

Feedback:
    current_pose:
  header:
    stamp:
      sec: 18
      nanosec: 60000000
    frame_id: map
  pose:
    position:
      x: 0.4730954320277405
      y: -0.0004658868118834737
      z: 0.0
    orientation:
      x: 0.0
      y: 0.0
      z: -0.00023038633553975956
      w: 0.9999999734610678
navigation_time:
  sec: 2
  nanosec: 520000000
estimated_time_remaining:
  sec: 16
  nanosec: 775508406
number_of_recoveries: 0
distance_remaining: 4.024999618530273

Feedback:
    current_pose:
  header:
    stamp:
      sec: 18
      nanosec: 80000000
    frame_id: map
  pose:
    position:
      x: 0.47802311780854256
      y: -0.0004679518042049352
      z: 0.0
    orientation:
      x: 0.0
      y: 0.0
      z: -0.00020014194191466042
      w: 0.9999999799716013
navigation_time:
  sec: 2
  nanosec: 528000000
estimated_time_remaining:
  sec: 16
  nanosec: 749650019
number_of_recoveries: 0
distance_remaining: 4.024999618530273

Feedback:
    current_pose:
  header:
    stamp:
      sec: 18
      nanosec: 80000000
    frame_id: map
  pose:
    position:
      x: 0.47802311780854256
      y: -0.0004679518042049352
      z: 0.0
    orientation:
      x: 0.0
      y: 0.0
      z: -0.00020014194191466042
      w: 0.9999999799716013
navigation_time:
  sec: 2
  nanosec: 540000000
estimated_time_remaining:
  sec: 16
  nanosec: 749650019
number_of_recoveries: 0
distance_remaining: 4.024999618530273

Feedback:
    current_pose:
  header:
    stamp:
      sec: 18
      nanosec: 100000000
    frame_id: map
  pose:
    position:
      x: 0.4829494478641485
      y: -0.0004699160329932989
      z: 0.0
    orientation:
      x: 0.0
      y: 0.0
      z: -0.0001985785354721766
      w: 0.9999999802832824
navigation_time:
  sec: 2
  nanosec: 548000000
estimated_time_remaining:
  sec: 16
  nanosec: 725075604
number_of_recoveries: 0
distance_remaining: 4.024999618530273

Feedback:
    current_pose:
  header:
    stamp:
      sec: 18
      nanosec: 100000000
    frame_id: map
  pose:
    position:
      x: 0.4829494478641485
      y: -0.0004699160329932989
      z: 0.0
    orientation:
      x: 0.0
      y: 0.0
      z: -0.0001985785354721766
      w: 0.9999999802832824
navigation_time:
  sec: 2
  nanosec: 556000000
estimated_time_remaining:
  sec: 16
  nanosec: 725075604
number_of_recoveries: 0
distance_remaining: 4.024999618530273

Feedback:
    current_pose:
  header:
    stamp:
      sec: 18
      nanosec: 120000000
    frame_id: map
  pose:
    position:
      x: 0.48787577792587206
      y: -0.00047186485806966844
      z: 0.0
    orientation:
      x: 0.0
      y: 0.0
      z: -0.00019701512909877034
      w: 0.9999999805925192
navigation_time:
  sec: 2
  nanosec: 568000000
estimated_time_remaining:
  sec: 16
  nanosec: 599365039
number_of_recoveries: 0
distance_remaining: 3.999999761581421

Feedback:
    current_pose:
  header:
    stamp:
      sec: 18
      nanosec: 120000000
    frame_id: map
  pose:
    position:
      x: 0.48787577792587206
      y: -0.00047186485806966844
      z: 0.0
    orientation:
      x: 0.0
      y: 0.0
      z: -0.00019701512909877034
      w: 0.9999999805925192
navigation_time:
  sec: 2
  nanosec: 580000000
estimated_time_remaining:
  sec: 16
  nanosec: 599365039
number_of_recoveries: 0
distance_remaining: 3.999999761581421

Feedback:
    current_pose:
  header:
    stamp:
      sec: 18
      nanosec: 120000000
    frame_id: map
  pose:
    position:
      x: 0.48787577792587206
      y: -0.00047186485806966844
      z: 0.0
    orientation:
      x: 0.0
      y: 0.0
      z: -0.00019701512909877034
      w: 0.9999999805925192
navigation_time:
  sec: 2
  nanosec: 588000000
estimated_time_remaining:
  sec: 16
  nanosec: 592043914
number_of_recoveries: 0
distance_remaining: 3.999999761581421

Feedback:
    current_pose:
  header:
    stamp:
      sec: 18
      nanosec: 140000000
    frame_id: map
  pose:
    position:
      x: 0.49268087012541856
      y: -0.00047360090932339086
      z: 0.0
    orientation:
      x: 0.0
      y: 0.0
      z: -0.00016427890218941423
      w: 0.999999986506221
navigation_time:
  sec: 2
  nanosec: 600000000
estimated_time_remaining:
  sec: 16
  nanosec: 592043914
number_of_recoveries: 0
distance_remaining: 3.999999761581421

Feedback:
    current_pose:
  header:
    stamp:
      sec: 18
      nanosec: 140000000
    frame_id: map
  pose:
    position:
      x: 0.49268087012541856
      y: -0.00047360090932339086
      z: 0.0
    orientation:
      x: 0.0
      y: 0.0
      z: -0.00016427890218941423
      w: 0.999999986506221
navigation_time:
  sec: 2
  nanosec: 608000000
estimated_time_remaining:
  sec: 16
  nanosec: 592043914
number_of_recoveries: 0
distance_remaining: 3.999999761581421

Feedback:
    current_pose:
  header:
    stamp:
      sec: 18
      nanosec: 160000000
    frame_id: map
  pose:
    position:
      x: 0.4974859624278738
      y: -0.00047502235930478885
      z: 0.0
    orientation:
      x: 0.0
      y: 0.0
      z: -0.00013154266492066034
      w: 0.9999999913482637
navigation_time:
  sec: 2
  nanosec: 620000000
estimated_time_remaining:
  sec: 16
  nanosec: 596280547
number_of_recoveries: 0
distance_remaining: 3.999999761581421

Feedback:
    current_pose:
  header:
    stamp:
      sec: 18
      nanosec: 180000000
    frame_id: map
  pose:
    position:
      x: 0.5023002531175977
      y: -0.00047614626032489407
      z: 0.0
    orientation:
      x: 0.0
      y: 0.0
      z: -0.00010663260420355628
      w: 0.9999999943147437
navigation_time:
  sec: 2
  nanosec: 628000000
estimated_time_remaining:
  sec: 16
  nanosec: 598043850
number_of_recoveries: 0
distance_remaining: 3.999999761581421

Feedback:
    current_pose:
  header:
    stamp:
      sec: 18
      nanosec: 180000000
    frame_id: map
  pose:
    position:
      x: 0.5023002531175977
      y: -0.00047614626032489407
      z: 0.0
    orientation:
      x: 0.0
      y: 0.0
      z: -0.00010663260420355628
      w: 0.9999999943147437
navigation_time:
  sec: 2
  nanosec: 640000000
estimated_time_remaining:
  sec: 16
  nanosec: 598043850
number_of_recoveries: 0
distance_remaining: 3.999999761581421

Feedback:
    current_pose:
  header:
    stamp:
      sec: 18
      nanosec: 200000000
    frame_id: map
  pose:
    position:
      x: 0.5071283413043441
      y: -0.0004771123338762932
      z: 0.0
    orientation:
      x: 0.0
      y: 0.0
      z: -9.346182411816557e-05
      w: 0.9999999956324437
navigation_time:
  sec: 2
  nanosec: 648000000
estimated_time_remaining:
  sec: 16
  nanosec: 589861963
number_of_recoveries: 0
distance_remaining: 3.999999761581421

Feedback:
    current_pose:
  header:
    stamp:
      sec: 18
      nanosec: 200000000
    frame_id: map
  pose:
    position:
      x: 0.5071283413043441
      y: -0.0004771123338762932
      z: 0.0
    orientation:
      x: 0.0
      y: 0.0
      z: -9.346182411816557e-05
      w: 0.9999999956324437
navigation_time:
  sec: 2
  nanosec: 660000000
estimated_time_remaining:
  sec: 16
  nanosec: 589861963
number_of_recoveries: 0
distance_remaining: 3.999999761581421

Feedback:
    current_pose:
  header:
    stamp:
      sec: 18
      nanosec: 200000000
    frame_id: map
  pose:
    position:
      x: 0.5071283413043441
      y: -0.0004771123338762932
      z: 0.0
    orientation:
      x: 0.0
      y: 0.0
      z: -9.346182411816557e-05
      w: 0.9999999956324437
navigation_time:
  sec: 2
  nanosec: 668000000
estimated_time_remaining:
  sec: 16
  nanosec: 589861963
number_of_recoveries: 0
distance_remaining: 3.999999761581421

Feedback:
    current_pose:
  header:
    stamp:
      sec: 18
      nanosec: 220000000
    frame_id: map
  pose:
    position:
      x: 0.5115523656491024
      y: -0.0006045723182128864
      z: 0.0
    orientation:
      x: 0.0
      y: 0.0
      z: -0.0003583399272821236
      w: 0.999999935796246
navigation_time:
  sec: 2
  nanosec: 680000000
estimated_time_remaining:
  sec: 16
  nanosec: 567784593
number_of_recoveries: 0
distance_remaining: 3.999999761581421

Feedback:
    current_pose:
  header:
    stamp:
      sec: 18
      nanosec: 240000000
    frame_id: map
  pose:
    position:
      x: 0.5159420586416742
      y: -0.0007373219417982247
      z: 0.0
    orientation:
      x: 0.0
      y: 0.0
      z: -0.0006547364067572765
      w: 0.999999785660096
navigation_time:
  sec: 2
  nanosec: 688000000
estimated_time_remaining:
  sec: 16
  nanosec: 441065421
number_of_recoveries: 0
distance_remaining: 3.9749996662139893

Feedback:
    current_pose:
  header:
    stamp:
      sec: 18
      nanosec: 240000000
    frame_id: map
  pose:
    position:
      x: 0.5159420586416742
      y: -0.0007373219417982247
      z: 0.0
    orientation:
      x: 0.0
      y: 0.0
      z: -0.0006547364067572765
      w: 0.999999785660096
navigation_time:
  sec: 2
  nanosec: 696000000
estimated_time_remaining:
  sec: 16
  nanosec: 441065421
number_of_recoveries: 0
distance_remaining: 3.9749996662139893

Feedback:
    current_pose:
  header:
    stamp:
      sec: 18
      nanosec: 240000000
    frame_id: map
  pose:
    position:
      x: 0.5159420586416742
      y: -0.0007373219417982247
      z: 0.0
    orientation:
      x: 0.0
      y: 0.0
      z: -0.0006547364067572765
      w: 0.999999785660096
navigation_time:
  sec: 2
  nanosec: 708000000
estimated_time_remaining:
  sec: 16
  nanosec: 429788407
number_of_recoveries: 0
distance_remaining: 3.9749996662139893

Feedback:
    current_pose:
  header:
    stamp:
      sec: 18
      nanosec: 260000000
    frame_id: map
  pose:
    position:
      x: 0.5203088054471161
      y: -0.0008756968609576199
      z: 0.0
    orientation:
      x: 0.0
      y: 0.0
      z: -0.0009721451184369458
      w: 0.9999995274668226
navigation_time:
  sec: 2
  nanosec: 720000000
estimated_time_remaining:
  sec: 16
  nanosec: 429788407
number_of_recoveries: 0
distance_remaining: 3.9749996662139893

Feedback:
    current_pose:
  header:
    stamp:
      sec: 18
      nanosec: 280000000
    frame_id: map
  pose:
    position:
      x: 0.5246694131991139
      y: -0.0010197747917600657
      z: 0.0
    orientation:
      x: 0.0
      y: 0.0
      z: -0.0013024206176944757
      w: 0.9999991518499075
navigation_time:
  sec: 2
  nanosec: 728000000
estimated_time_remaining:
  sec: 16
  nanosec: 427363871
number_of_recoveries: 0
distance_remaining: 3.9749996662139893

Feedback:
    current_pose:
  header:
    stamp:
      sec: 18
      nanosec: 280000000
    frame_id: map
  pose:
    position:
      x: 0.5246694131991139
      y: -0.0010197747917600657
      z: 0.0
    orientation:
      x: 0.0
      y: 0.0
      z: -0.0013024206176944757
      w: 0.9999991518499075
navigation_time:
  sec: 2
  nanosec: 740000000
estimated_time_remaining:
  sec: 16
  nanosec: 427363871
number_of_recoveries: 0
distance_remaining: 3.9749996662139893

Feedback:
    current_pose:
  header:
    stamp:
      sec: 18
      nanosec: 300000000
    frame_id: map
  pose:
    position:
      x: 0.5290258656491347
      y: -0.0011697023520075146
      z: 0.0
    orientation:
      x: 0.0
      y: 0.0
      z: -0.0016412739055595286
      w: 0.9999986531090763
navigation_time:
  sec: 2
  nanosec: 748000000
estimated_time_remaining:
  sec: 16
  nanosec: 428210782
number_of_recoveries: 0
distance_remaining: 3.9749996662139893

Feedback:
    current_pose:
  header:
    stamp:
      sec: 18
      nanosec: 300000000
    frame_id: map
  pose:
    position:
      x: 0.5290258656491347
      y: -0.0011697023520075146
      z: 0.0
    orientation:
      x: 0.0
      y: 0.0
      z: -0.0016412739055595286
      w: 0.9999986531090763
navigation_time:
  sec: 2
  nanosec: 760000000
estimated_time_remaining:
  sec: 16
  nanosec: 428210782
number_of_recoveries: 0
distance_remaining: 3.9749996662139893

Feedback:
    current_pose:
  header:
    stamp:
      sec: 18
      nanosec: 320000000
    frame_id: map
  pose:
    position:
      x: 0.5333821360338753
      y: -0.001325503570448842
      z: 0.0
    orientation:
      x: 0.0
      y: 0.0
      z: -0.001980127004970903
      w: 0.9999980395466004
navigation_time:
  sec: 2
  nanosec: 768000000
estimated_time_remaining:
  sec: 16
  nanosec: 435023031
number_of_recoveries: 0
distance_remaining: 3.9749996662139893

Feedback:
    current_pose:
  header:
    stamp:
      sec: 18
      nanosec: 320000000
    frame_id: map
  pose:
    position:
      x: 0.5333821360338753
      y: -0.001325503570448842
      z: 0.0
    orientation:
      x: 0.0
      y: 0.0
      z: -0.001980127004970903
      w: 0.9999980395466004
navigation_time:
  sec: 2
  nanosec: 780000000
estimated_time_remaining:
  sec: 16
  nanosec: 435023031
number_of_recoveries: 0
distance_remaining: 3.9749996662139893

Feedback:
    current_pose:
  header:
    stamp:
      sec: 18
      nanosec: 340000000
    frame_id: map
  pose:
    position:
      x: 0.5376917819063578
      y: -0.0014868570657075608
      z: 0.0
    orientation:
      x: 0.0
      y: 0.0
      z: -0.002295920701565686
      w: 0.9999973643705927
navigation_time:
  sec: 2
  nanosec: 792000000
estimated_time_remaining:
  sec: 16
  nanosec: 346649676
number_of_recoveries: 0
distance_remaining: 3.9499998092651367

Feedback:
    current_pose:
  header:
    stamp:
      sec: 18
      nanosec: 340000000
    frame_id: map
  pose:
    position:
      x: 0.5376917819063578
      y: -0.0014868570657075608
      z: 0.0
    orientation:
      x: 0.0
      y: 0.0
      z: -0.002295920701565686
      w: 0.9999973643705927
navigation_time:
  sec: 2
  nanosec: 800000000
estimated_time_remaining:
  sec: 16
  nanosec: 346649676
number_of_recoveries: 0
distance_remaining: 3.9499998092651367

Feedback:
    current_pose:
  header:
    stamp:
      sec: 18
      nanosec: 360000000
    frame_id: map
  pose:
    position:
      x: 0.5420012363541802
      y: -0.0016538092649103601
      z: 0.0
    orientation:
      x: 0.0
      y: 0.0
      z: -0.002611714161771583
      w: 0.9999965894687528
navigation_time:
  sec: 2
  nanosec: 808000000
estimated_time_remaining:
  sec: 16
  nanosec: 378433251
number_of_recoveries: 0
distance_remaining: 3.9499998092651367

Feedback:
    current_pose:
  header:
    stamp:
      sec: 18
      nanosec: 360000000
    frame_id: map
  pose:
    position:
      x: 0.5420012363541802
      y: -0.0016538092649103601
      z: 0.0
    orientation:
      x: 0.0
      y: 0.0
      z: -0.002611714161771583
      w: 0.9999965894687528
navigation_time:
  sec: 2
  nanosec: 820000000
estimated_time_remaining:
  sec: 16
  nanosec: 378433251
number_of_recoveries: 0
distance_remaining: 3.9499998092651367

Feedback:
    current_pose:
  header:
    stamp:
      sec: 18
      nanosec: 360000000
    frame_id: map
  pose:
    position:
      x: 0.5420012363541802
      y: -0.0016538092649103601
      z: 0.0
    orientation:
      x: 0.0
      y: 0.0
      z: -0.002611714161771583
      w: 0.9999965894687528
navigation_time:
  sec: 2
  nanosec: 828000000
estimated_time_remaining:
  sec: 16
  nanosec: 418101235
number_of_recoveries: 0
distance_remaining: 3.9499998092651367

Feedback:
    current_pose:
  header:
    stamp:
      sec: 18
      nanosec: 380000000
    frame_id: map
  pose:
    position:
      x: 0.5463573158249144
      y: -0.0018266193356084746
      z: 0.0
    orientation:
      x: 0.0
      y: 0.0
      z: -0.0029201554048083516
      w: 0.9999957363371165
navigation_time:
  sec: 2
  nanosec: 840000000
estimated_time_remaining:
  sec: 16
  nanosec: 418101235
number_of_recoveries: 0
distance_remaining: 3.9499998092651367

Feedback:
    current_pose:
  header:
    stamp:
      sec: 18
      nanosec: 380000000
    frame_id: map
  pose:
    position:
      x: 0.5463573158249144
      y: -0.0018266193356084746
      z: 0.0
    orientation:
      x: 0.0
      y: 0.0
      z: -0.0029201554048083516
      w: 0.9999957363371165
navigation_time:
  sec: 2
  nanosec: 848000000
estimated_time_remaining:
  sec: 16
  nanosec: 418101235
number_of_recoveries: 0
distance_remaining: 3.9499998092651367

Feedback:
    current_pose:
  header:
    stamp:
      sec: 18
      nanosec: 400000000
    frame_id: map
  pose:
    position:
      x: 0.550820480911765
      y: -0.0020056273798311893
      z: 0.0
    orientation:
      x: 0.0
      y: 0.0
      z: -0.003217568431488662
      w: 0.9999948236132968
navigation_time:
  sec: 2
  nanosec: 860000000
estimated_time_remaining:
  sec: 16
  nanosec: 442217173
number_of_recoveries: 0
distance_remaining: 3.9499998092651367

Feedback:
    current_pose:
  header:
    stamp:
      sec: 18
      nanosec: 420000000
    frame_id: map
  pose:
    position:
      x: 0.5556892427165623
      y: -0.0020370533050608425
      z: 0.0
    orientation:
      x: 0.0
      y: 0.0
      z: -0.0032369338680875094
      w: 0.9999947611158437
navigation_time:
  sec: 2
  nanosec: 872000000
estimated_time_remaining:
  sec: 16
  nanosec: 454662763
number_of_recoveries: 0
distance_remaining: 3.9499998092651367

Feedback:
    current_pose:
  header:
    stamp:
      sec: 18
      nanosec: 420000000
    frame_id: map
  pose:
    position:
      x: 0.5556892427165623
      y: -0.0020370533050608425
      z: 0.0
    orientation:
      x: 0.0
      y: 0.0
      z: -0.0032369338680875094
      w: 0.9999947611158437
navigation_time:
  sec: 2
  nanosec: 880000000
estimated_time_remaining:
  sec: 16
  nanosec: 454662763
number_of_recoveries: 0
distance_remaining: 3.9499998092651367

Feedback:
    current_pose:
  header:
    stamp:
      sec: 18
      nanosec: 440000000
    frame_id: map
  pose:
    position:
      x: 0.560481867347486
      y: -0.0020678429183264564
      z: 0.0
    orientation:
      x: 0.0
      y: 0.0
      z: -0.003169834598795955
      w: 0.9999949760616882
navigation_time:
  sec: 2
  nanosec: 888000000
estimated_time_remaining:
  sec: 16
  nanosec: 475152826
number_of_recoveries: 0
distance_remaining: 3.9499998092651367

Feedback:
    current_pose:
  header:
    stamp:
      sec: 18
      nanosec: 440000000
    frame_id: map
  pose:
    position:
      x: 0.560481867347486
      y: -0.0020678429183264564
      z: 0.0
    orientation:
      x: 0.0
      y: 0.0
      z: -0.003169834598795955
      w: 0.9999949760616882
navigation_time:
  sec: 2
  nanosec: 900000000
estimated_time_remaining:
  sec: 16
  nanosec: 475152826
number_of_recoveries: 0
distance_remaining: 3.9499998092651367

Feedback:
    current_pose:
  header:
    stamp:
      sec: 18
      nanosec: 440000000
    frame_id: map
  pose:
    position:
      x: 0.560481867347486
      y: -0.0020678429183264564
      z: 0.0
    orientation:
      x: 0.0
      y: 0.0
      z: -0.003169834598795955
      w: 0.9999949760616882
navigation_time:
  sec: 2
  nanosec: 908000000
estimated_time_remaining:
  sec: 16
  nanosec: 475152826
number_of_recoveries: 0
distance_remaining: 3.9499998092651367

Feedback:
    current_pose:
  header:
    stamp:
      sec: 18
      nanosec: 460000000
    frame_id: map
  pose:
    position:
      x: 0.5652554626910308
      y: -0.00209768287901048
      z: 0.0
    orientation:
      x: 0.0
      y: 0.0
      z: -0.0030811190877148087
      w: 0.9999952533413181
navigation_time:
  sec: 2
  nanosec: 920000000
estimated_time_remaining:
  sec: 16
  nanosec: 388503684
number_of_recoveries: 0
distance_remaining: 3.924999713897705

Feedback:
    current_pose:
  header:
    stamp:
      sec: 18
      nanosec: 460000000
    frame_id: map
  pose:
    position:
      x: 0.5652554626910308
      y: -0.00209768287901048
      z: 0.0
    orientation:
      x: 0.0
      y: 0.0
      z: -0.0030811190877148087
      w: 0.9999952533413181
navigation_time:
  sec: 2
  nanosec: 928000000
estimated_time_remaining:
  sec: 16
  nanosec: 388503684
number_of_recoveries: 0
distance_remaining: 3.924999713897705

Feedback:
    current_pose:
  header:
    stamp:
      sec: 18
      nanosec: 480000000
    frame_id: map
  pose:
    position:
      x: 0.5700238003664041
      y: -0.002126606416032519
      z: 0.0
    orientation:
      x: 0.0
      y: 0.0
      z: -0.0029725792109610593
      w: 0.9999955818766575
navigation_time:
  sec: 2
  nanosec: 940000000
estimated_time_remaining:
  sec: 16
  nanosec: 395785071
number_of_recoveries: 0
distance_remaining: 3.924999713897705

Feedback:
    current_pose:
  header:
    stamp:
      sec: 18
      nanosec: 500000000
    frame_id: map
  pose:
    position:
      x: 0.5747842506799892
      y: -0.0021542501386418444
      z: 0.0
    orientation:
      x: 0.0
      y: 0.0
      z: -0.002834302736415348
      w: 0.9999959833559324
navigation_time:
  sec: 2
  nanosec: 948000000
estimated_time_remaining:
  sec: 16
  nanosec: 405467871
number_of_recoveries: 0
distance_remaining: 3.924999713897705

Feedback:
    current_pose:
  header:
    stamp:
      sec: 18
      nanosec: 500000000
    frame_id: map
  pose:
    position:
      x: 0.5747842506799892
      y: -0.0021542501386418444
      z: 0.0
    orientation:
      x: 0.0
      y: 0.0
      z: -0.002834302736415348
      w: 0.9999959833559324
navigation_time:
  sec: 2
  nanosec: 960000000
estimated_time_remaining:
  sec: 16
  nanosec: 405467871
number_of_recoveries: 0
distance_remaining: 3.924999713897705

Feedback:
    current_pose:
  header:
    stamp:
      sec: 18
      nanosec: 520000000
    frame_id: map
  pose:
    position:
      x: 0.5795447084565143
      y: -0.002180577338085794
      z: 0.0
    orientation:
      x: 0.0
      y: 0.0
      z: -0.0026960262076019775
      w: 0.9999963657147399
navigation_time:
  sec: 2
  nanosec: 972000000
estimated_time_remaining:
  sec: 16
  nanosec: 418476359
number_of_recoveries: 0
distance_remaining: 3.924999713897705

Feedback:
    current_pose:
  header:
    stamp:
      sec: 18
      nanosec: 520000000
    frame_id: map
  pose:
    position:
      x: 0.5795447084565143
      y: -0.002180577338085794
      z: 0.0
    orientation:
      x: 0.0
      y: 0.0
      z: -0.0026960262076019775
      w: 0.9999963657147399
navigation_time:
  sec: 2
  nanosec: 976000000
estimated_time_remaining:
  sec: 16
  nanosec: 418476359
number_of_recoveries: 0
distance_remaining: 3.924999713897705

Feedback:
    current_pose:
  header:
    stamp:
      sec: 18
      nanosec: 540000000
    frame_id: map
  pose:
    position:
      x: 0.5843015848253721
      y: -0.0022053501778242584
      z: 0.0
    orientation:
      x: 0.0
      y: 0.0
      z: -0.002511716377503631
      w: 0.9999968456354444
navigation_time:
  sec: 2
  nanosec: 988000000
estimated_time_remaining:
  sec: 16
  nanosec: 433374509
number_of_recoveries: 0
distance_remaining: 3.924999713897705

Feedback:
    current_pose:
  header:
    stamp:
      sec: 18
      nanosec: 540000000
    frame_id: map
  pose:
    position:
      x: 0.5843015848253721
      y: -0.0022053501778242584
      z: 0.0
    orientation:
      x: 0.0
      y: 0.0
      z: -0.002511716377503631
      w: 0.9999968456354444
navigation_time:
  sec: 3
  nanosec: 0
estimated_time_remaining:
  sec: 16
  nanosec: 433374509
number_of_recoveries: 0
distance_remaining: 3.924999713897705

Feedback:
    current_pose:
  header:
    stamp:
      sec: 18
      nanosec: 540000000
    frame_id: map
  pose:
    position:
      x: 0.5843015848253721
      y: -0.0022053501778242584
      z: 0.0
    orientation:
      x: 0.0
      y: 0.0
      z: -0.002511716377503631
      w: 0.9999968456354444
navigation_time:
  sec: 3
  nanosec: 8000000
estimated_time_remaining:
  sec: 16
  nanosec: 445006763
number_of_recoveries: 0
distance_remaining: 3.924999713897705

Feedback:
    current_pose:
  header:
    stamp:
      sec: 18
      nanosec: 560000000
    frame_id: map
  pose:
    position:
      x: 0.5890584700028156
      y: -0.0022283695317026246
      z: 0.0
    orientation:
      x: 0.0
      y: 0.0
      z: -0.0023274064474792457
      w: 0.9999972915859464
navigation_time:
  sec: 3
  nanosec: 20000000
estimated_time_remaining:
  sec: 16
  nanosec: 340261489
number_of_recoveries: 0
distance_remaining: 3.8999998569488525

Feedback:
    current_pose:
  header:
    stamp:
      sec: 18
      nanosec: 580000000
    frame_id: map
  pose:
    position:
      x: 0.5938103503282658
      y: -0.0022496303267857086
      z: 0.0
    orientation:
      x: 0.0
      y: 0.0
      z: -0.002151941852061947
      w: 0.9999976845704521
navigation_time:
  sec: 3
  nanosec: 28000000
estimated_time_remaining:
  sec: 16
  nanosec: 346274084
number_of_recoveries: 0
distance_remaining: 3.8999998569488525

Feedback:
    current_pose:
  header:
    stamp:
      sec: 18
      nanosec: 580000000
    frame_id: map
  pose:
    position:
      x: 0.5938103503282658
      y: -0.0022496303267857086
      z: 0.0
    orientation:
      x: 0.0
      y: 0.0
      z: -0.002151941852061947
      w: 0.9999976845704521
navigation_time:
  sec: 3
  nanosec: 40000000
estimated_time_remaining:
  sec: 16
  nanosec: 346274084
number_of_recoveries: 0
distance_remaining: 3.8999998569488525

Feedback:
    current_pose:
  header:
    stamp:
      sec: 18
      nanosec: 600000000
    frame_id: map
  pose:
    position:
      x: 0.5985547180443549
      y: -0.002269280140220882
      z: 0.0
    orientation:
      x: 0.0
      y: 0.0
      z: -0.00198974533284285
      w: 0.999998020454796
navigation_time:
  sec: 3
  nanosec: 48000000
estimated_time_remaining:
  sec: 16
  nanosec: 350554059
number_of_recoveries: 0
distance_remaining: 3.8999998569488525

Feedback:
    current_pose:
  header:
    stamp:
      sec: 18
      nanosec: 600000000
    frame_id: map
  pose:
    position:
      x: 0.5985547180443549
      y: -0.002269280140220882
      z: 0.0
    orientation:
      x: 0.0
      y: 0.0
      z: -0.00198974533284285
      w: 0.999998020454796
navigation_time:
  sec: 3
  nanosec: 60000000
estimated_time_remaining:
  sec: 16
  nanosec: 350554059
number_of_recoveries: 0
distance_remaining: 3.8999998569488525

Feedback:
    current_pose:
  header:
    stamp:
      sec: 18
      nanosec: 620000000
    frame_id: map
  pose:
    position:
      x: 0.6031413415362756
      y: -0.002417114695499242
      z: 0.0
    orientation:
      x: 0.0
      y: 0.0
      z: -0.0020791538118550027
      w: 0.9999978385573773
navigation_time:
  sec: 3
  nanosec: 72000000
estimated_time_remaining:
  sec: 16
  nanosec: 354576158
number_of_recoveries: 0
distance_remaining: 3.8999998569488525

Feedback:
    current_pose:
  header:
    stamp:
      sec: 18
      nanosec: 620000000
    frame_id: map
  pose:
    position:
      x: 0.6031413415362756
      y: -0.002417114695499242
      z: 0.0
    orientation:
      x: 0.0
      y: 0.0
      z: -0.0020791538118550027
      w: 0.9999978385573773
navigation_time:
  sec: 3
  nanosec: 80000000
estimated_time_remaining:
  sec: 16
  nanosec: 354576158
number_of_recoveries: 0
distance_remaining: 3.8999998569488525

Feedback:
    current_pose:
  header:
    stamp:
      sec: 18
      nanosec: 640000000
    frame_id: map
  pose:
    position:
      x: 0.6077438448573691
      y: -0.0025683473763636264
      z: 0.0
    orientation:
      x: 0.0
      y: 0.0
      z: -0.002187732166062026
      w: 0.9999976069111213
navigation_time:
  sec: 3
  nanosec: 92000000
estimated_time_remaining:
  sec: 16
  nanosec: 356453555
number_of_recoveries: 0
distance_remaining: 3.8999998569488525

Feedback:
    current_pose:
  header:
    stamp:
      sec: 18
      nanosec: 640000000
    frame_id: map
  pose:
    position:
      x: 0.6077438448573691
      y: -0.0025683473763636264
      z: 0.0
    orientation:
      x: 0.0
      y: 0.0
      z: -0.002187732166062026
      w: 0.9999976069111213
navigation_time:
  sec: 3
  nanosec: 100000000
estimated_time_remaining:
  sec: 16
  nanosec: 356453555
number_of_recoveries: 0
distance_remaining: 3.8999998569488525

Feedback:
    current_pose:
  header:
    stamp:
      sec: 18
      nanosec: 640000000
    frame_id: map
  pose:
    position:
      x: 0.6077438448573691
      y: -0.0025683473763636264
      z: 0.0
    orientation:
      x: 0.0
      y: 0.0
      z: -0.002187732166062026
      w: 0.9999976069111213
navigation_time:
  sec: 3
  nanosec: 108000000
estimated_time_remaining:
  sec: 16
  nanosec: 351635197
number_of_recoveries: 0
distance_remaining: 3.8999998569488525

Feedback:
    current_pose:
  header:
    stamp:
      sec: 18
      nanosec: 660000000
    frame_id: map
  pose:
    position:
      x: 0.6123461793586341
      y: -0.002723008100449245
      z: 0.0
    orientation:
      x: 0.0
      y: 0.0
      z: -0.002296310500594851
      w: 0.9999973634755668
navigation_time:
  sec: 3
  nanosec: 120000000
estimated_time_remaining:
  sec: 16
  nanosec: 351635197
number_of_recoveries: 0
distance_remaining: 3.8999998569488525

Feedback:
    current_pose:
  header:
    stamp:
      sec: 18
      nanosec: 680000000
    frame_id: map
  pose:
    position:
      x: 0.6169118013387052
      y: -0.002881017998861086
      z: 0.0
    orientation:
      x: 0.0
      y: 0.0
      z: -0.0024403926333674115
      w: 0.9999970222374641
navigation_time:
  sec: 3
  nanosec: 128000000
estimated_time_remaining:
  sec: 16
  nanosec: 345760263
number_of_recoveries: 0
distance_remaining: 3.8999998569488525

Feedback:
    current_pose:
  header:
    stamp:
      sec: 18
      nanosec: 680000000
    frame_id: map
  pose:
    position:
      x: 0.6169118013387052
      y: -0.002881017998861086
      z: 0.0
    orientation:
      x: 0.0
      y: 0.0
      z: -0.0024403926333674115
      w: 0.9999970222374641
navigation_time:
  sec: 3
  nanosec: 140000000
estimated_time_remaining:
  sec: 16
  nanosec: 345760263
number_of_recoveries: 0
distance_remaining: 3.8999998569488525

Feedback:
    current_pose:
  header:
    stamp:
      sec: 18
      nanosec: 700000000
    frame_id: map
  pose:
    position:
      x: 0.6214528871839686
      y: -0.0030428130811736994
      z: 0.0
    orientation:
      x: 0.0
      y: 0.0
      z: -0.0026081439530458938
      w: 0.999996598786776
navigation_time:
  sec: 3
  nanosec: 148000000
estimated_time_remaining:
  sec: 16
  nanosec: 351420803
number_of_recoveries: 0
distance_remaining: 3.8999998569488525

Feedback:
    current_pose:
  header:
    stamp:
      sec: 18
      nanosec: 700000000
    frame_id: map
  pose:
    position:
      x: 0.6214528871839686
      y: -0.0030428130811736994
      z: 0.0
    orientation:
      x: 0.0
      y: 0.0
      z: -0.0026081439530458938
      w: 0.999996598786776
navigation_time:
  sec: 3
  nanosec: 160000000
estimated_time_remaining:
  sec: 16
  nanosec: 351420803
number_of_recoveries: 0
distance_remaining: 3.8999998569488525

Feedback:
    current_pose:
  header:
    stamp:
      sec: 18
      nanosec: 720000000
    frame_id: map
  pose:
    position:
      x: 0.6259937950640135
      y: -0.003208548236932734
      z: 0.0
    orientation:
      x: 0.0
      y: 0.0
      z: -0.002775895199331849
      w: 0.999996147195499
navigation_time:
  sec: 3
  nanosec: 172000000
estimated_time_remaining:
  sec: 16
  nanosec: 166286850
number_of_recoveries: 0
distance_remaining: 3.8499996662139893

Feedback:
    current_pose:
  header:
    stamp:
      sec: 18
      nanosec: 720000000
    frame_id: map
  pose:
    position:
      x: 0.6259937950640135
      y: -0.003208548236932734
      z: 0.0
    orientation:
      x: 0.0
      y: 0.0
      z: -0.002775895199331849
      w: 0.999996147195499
navigation_time:
  sec: 3
  nanosec: 180000000
estimated_time_remaining:
  sec: 16
  nanosec: 166286850
number_of_recoveries: 0
distance_remaining: 3.8499996662139893

Feedback:
    current_pose:
  header:
    stamp:
      sec: 18
      nanosec: 740000000
    frame_id: map
  pose:
    position:
      x: 0.6306207569352248
      y: -0.003378611146827551
      z: 0.0
    orientation:
      x: 0.0
      y: 0.0
      z: -0.0029171070931499547
      w: 0.999995745234052
navigation_time:
  sec: 3
  nanosec: 188000000
estimated_time_remaining:
  sec: 16
  nanosec: 193101168
number_of_recoveries: 0
distance_remaining: 3.8499996662139893

Feedback:
    current_pose:
  header:
    stamp:
      sec: 18
      nanosec: 740000000
    frame_id: map
  pose:
    position:
      x: 0.6306207569352248
      y: -0.003378611146827551
      z: 0.0
    orientation:
      x: 0.0
      y: 0.0
      z: -0.0029171070931499547
      w: 0.999995745234052
navigation_time:
  sec: 3
  nanosec: 200000000
estimated_time_remaining:
  sec: 16
  nanosec: 193101168
number_of_recoveries: 0
distance_remaining: 3.8499996662139893

Feedback:
    current_pose:
  header:
    stamp:
      sec: 18
      nanosec: 760000000
    frame_id: map
  pose:
    position:
      x: 0.6352490958478357
      y: -0.0035524420942631635
      z: 0.0
    orientation:
      x: 0.0
      y: 0.0
      z: -0.003058318920604388
      w: 0.9999953233317543
navigation_time:
  sec: 3
  nanosec: 208000000
estimated_time_remaining:
  sec: 16
  nanosec: 202519762
number_of_recoveries: 0
distance_remaining: 3.8499996662139893

Feedback:
    current_pose:
  header:
    stamp:
      sec: 18
      nanosec: 760000000
    frame_id: map
  pose:
    position:
      x: 0.6352490958478357
      y: -0.0035524420942631635
      z: 0.0
    orientation:
      x: 0.0
      y: 0.0
      z: -0.003058318920604388
      w: 0.9999953233317543
navigation_time:
  sec: 3
  nanosec: 220000000
estimated_time_remaining:
  sec: 16
  nanosec: 202519762
number_of_recoveries: 0
distance_remaining: 3.8499996662139893

Feedback:
    current_pose:
  header:
    stamp:
      sec: 18
      nanosec: 780000000
    frame_id: map
  pose:
    position:
      x: 0.6398942237336218
      y: -0.003730118433468298
      z: 0.0
    orientation:
      x: 0.0
      y: 0.0
      z: -0.0031913392221149407
      w: 0.9999949076640188
navigation_time:
  sec: 3
  nanosec: 228000000
estimated_time_remaining:
  sec: 16
  nanosec: 199829650
number_of_recoveries: 0
distance_remaining: 3.8499996662139893

Feedback:
    current_pose:
  header:
    stamp:
      sec: 18
      nanosec: 780000000
    frame_id: map
  pose:
    position:
      x: 0.6398942237336218
      y: -0.003730118433468298
      z: 0.0
    orientation:
      x: 0.0
      y: 0.0
      z: -0.0031913392221149407
      w: 0.9999949076640188
navigation_time:
  sec: 3
  nanosec: 240000000
estimated_time_remaining:
  sec: 16
  nanosec: 199829650
number_of_recoveries: 0
distance_remaining: 3.8499996662139893

Feedback:
    current_pose:
  header:
    stamp:
      sec: 18
      nanosec: 800000000
    frame_id: map
  pose:
    position:
      x: 0.6445504812711546
      y: -0.003911523968432116
      z: 0.0
    orientation:
      x: 0.0
      y: 0.0
      z: -0.0033188984856666335
      w: 0.9999944924412544
navigation_time:
  sec: 3
  nanosec: 248000000
estimated_time_remaining:
  sec: 16
  nanosec: 191543337
number_of_recoveries: 0
distance_remaining: 3.8499996662139893

Feedback:
    current_pose:
  header:
    stamp:
      sec: 18
      nanosec: 800000000
    frame_id: map
  pose:
    position:
      x: 0.6445504812711546
      y: -0.003911523968432116
      z: 0.0
    orientation:
      x: 0.0
      y: 0.0
      z: -0.0033188984856666335
      w: 0.9999944924412544
navigation_time:
  sec: 3
  nanosec: 260000000
estimated_time_remaining:
  sec: 16
  nanosec: 191543337
number_of_recoveries: 0
distance_remaining: 3.8499996662139893

Feedback:
    current_pose:
  header:
    stamp:
      sec: 18
      nanosec: 820000000
    frame_id: map
  pose:
    position:
      x: 0.6493660138846858
      y: -0.0039428916529527375
      z: 0.0
    orientation:
      x: 0.0
      y: 0.0
      z: -0.0031948535518288804
      w: 0.999994896442368
navigation_time:
  sec: 3
  nanosec: 272000000
estimated_time_remaining:
  sec: 16
  nanosec: 180664632
number_of_recoveries: 0
distance_remaining: 3.8499996662139893

Feedback:
    current_pose:
  header:
    stamp:
      sec: 18
      nanosec: 820000000
    frame_id: map
  pose:
    position:
      x: 0.6493660138846858
      y: -0.0039428916529527375
      z: 0.0
    orientation:
      x: 0.0
      y: 0.0
      z: -0.0031948535518288804
      w: 0.999994896442368
navigation_time:
  sec: 3
  nanosec: 280000000
estimated_time_remaining:
  sec: 16
  nanosec: 180664632
number_of_recoveries: 0
distance_remaining: 3.8499996662139893

Feedback:
    current_pose:
  header:
    stamp:
      sec: 18
      nanosec: 840000000
    frame_id: map
  pose:
    position:
      x: 0.6542805434593872
      y: -0.003973235390628365
      z: 0.0
    orientation:
      x: 0.0
      y: 0.0
      z: -0.0029795159336405584
      w: 0.9999955612325494
navigation_time:
  sec: 3
  nanosec: 288000000
estimated_time_remaining:
  sec: 16
  nanosec: 158466774
number_of_recoveries: 0
distance_remaining: 3.8499996662139893

Feedback:
    current_pose:
  header:
    stamp:
      sec: 18
      nanosec: 840000000
    frame_id: map
  pose:
    position:
      x: 0.6542805434593872
      y: -0.003973235390628365
      z: 0.0
    orientation:
      x: 0.0
      y: 0.0
      z: -0.0029795159336405584
      w: 0.9999955612325494
navigation_time:
  sec: 3
  nanosec: 300000000
estimated_time_remaining:
  sec: 16
  nanosec: 158466774
number_of_recoveries: 0
distance_remaining: 3.8499996662139893

Feedback:
    current_pose:
  header:
    stamp:
      sec: 18
      nanosec: 860000000
    frame_id: map
  pose:
    position:
      x: 0.659199832689126
      y: -0.004001490632785117
      z: 0.0
    orientation:
      x: 0.0
      y: 0.0
      z: -0.0027641781486042786
      w: 0.9999961796522839
navigation_time:
  sec: 3
  nanosec: 308000000
estimated_time_remaining:
  sec: 16
  nanosec: 124996191
number_of_recoveries: 0
distance_remaining: 3.8499996662139893

Feedback:
    current_pose:
  header:
    stamp:
      sec: 18
      nanosec: 860000000
    frame_id: map
  pose:
    position:
      x: 0.659199832689126
      y: -0.004001490632785117
      z: 0.0
    orientation:
      x: 0.0
      y: 0.0
      z: -0.0027641781486042786
      w: 0.9999961796522839
navigation_time:
  sec: 3
  nanosec: 320000000
estimated_time_remaining:
  sec: 16
  nanosec: 124996191
number_of_recoveries: 0
distance_remaining: 3.8499996662139893

Feedback:
    current_pose:
  header:
    stamp:
      sec: 18
      nanosec: 860000000
    frame_id: map
  pose:
    position:
      x: 0.659199832689126
      y: -0.004001490632785117
      z: 0.0
    orientation:
      x: 0.0
      y: 0.0
      z: -0.0027641781486042786
      w: 0.9999961796522839
navigation_time:
  sec: 3
  nanosec: 328000000
estimated_time_remaining:
  sec: 16
  nanosec: 90589650
number_of_recoveries: 0
distance_remaining: 3.8499996662139893

Feedback:
    current_pose:
  header:
    stamp:
      sec: 18
      nanosec: 880000000
    frame_id: map
  pose:
    position:
      x: 0.6641210202073717
      y: -0.0040276838900819515
      z: 0.0
    orientation:
      x: 0.0
      y: 0.0
      z: -0.0025646798152944694
      w: 0.9999967112033146
navigation_time:
  sec: 3
  nanosec: 340000000
estimated_time_remaining:
  sec: 15
  nanosec: 986105294
number_of_recoveries: 0
distance_remaining: 3.8249998092651367

Feedback:
    current_pose:
  header:
    stamp:
      sec: 18
      nanosec: 900000000
    frame_id: map
  pose:
    position:
      x: 0.6690434752581875
      y: -0.004052003112762555
      z: 0.0
    orientation:
      x: 0.0
      y: 0.0
      z: -0.0023757411186542962
      w: 0.9999971779230866
navigation_time:
  sec: 3
  nanosec: 348000000
estimated_time_remaining:
  sec: 15
  nanosec: 951219791
number_of_recoveries: 0
distance_remaining: 3.8249998092651367

Feedback:
    current_pose:
  header:
    stamp:
      sec: 18
      nanosec: 900000000
    frame_id: map
  pose:
    position:
      x: 0.6690434752581875
      y: -0.004052003112762555
      z: 0.0
    orientation:
      x: 0.0
      y: 0.0
      z: -0.0023757411186542962
      w: 0.9999971779230866
navigation_time:
  sec: 3
  nanosec: 360000000
estimated_time_remaining:
  sec: 15
  nanosec: 951219791
number_of_recoveries: 0
distance_remaining: 3.8249998092651367

Feedback:
    current_pose:
  header:
    stamp:
      sec: 18
      nanosec: 920000000
    frame_id: map
  pose:
    position:
      x: 0.6739659391472715
      y: -0.0040744622435892885
      z: 0.0
    orientation:
      x: 0.0
      y: 0.0
      z: -0.002186802337205152
      w: 0.9999976089449105
navigation_time:
  sec: 3
  nanosec: 368000000
estimated_time_remaining:
  sec: 15
  nanosec: 915059226
number_of_recoveries: 0
distance_remaining: 3.8249998092651367

Feedback:
    current_pose:
  header:
    stamp:
      sec: 18
      nanosec: 920000000
    frame_id: map
  pose:
    position:
      x: 0.6739659391472715
      y: -0.0040744622435892885
      z: 0.0
    orientation:
      x: 0.0
      y: 0.0
      z: -0.002186802337205152
      w: 0.9999976089449105
navigation_time:
  sec: 3
  nanosec: 380000000
estimated_time_remaining:
  sec: 15
  nanosec: 915059226
number_of_recoveries: 0
distance_remaining: 3.8249998092651367

Feedback:
    current_pose:
  header:
    stamp:
      sec: 18
      nanosec: 920000000
    frame_id: map
  pose:
    position:
      x: 0.6739659391472715
      y: -0.0040744622435892885
      z: 0.0
    orientation:
      x: 0.0
      y: 0.0
      z: -0.002186802337205152
      w: 0.9999976089449105
navigation_time:
  sec: 3
  nanosec: 388000000
estimated_time_remaining:
  sec: 15
  nanosec: 876603304
number_of_recoveries: 0
distance_remaining: 3.8249998092651367

Feedback:
    current_pose:
  header:
    stamp:
      sec: 18
      nanosec: 940000000
    frame_id: map
  pose:
    position:
      x: 0.678904767168369
      y: -0.004095409249295065
      z: 0.0
    orientation:
      x: 0.0
      y: 0.0
      z: -0.0020544598257027785
      w: 0.9999978895951853
navigation_time:
  sec: 3
  nanosec: 400000000
estimated_time_remaining:
  sec: 15
  nanosec: 876603304
number_of_recoveries: 0
distance_remaining: 3.8249998092651367

Feedback:
    current_pose:
  header:
    stamp:
      sec: 18
      nanosec: 960000000
    frame_id: map
  pose:
    position:
      x: 0.6838436005608987
      y: -0.004115049017678117
      z: 0.0
    orientation:
      x: 0.0
      y: 0.0
      z: -0.0019221172962001303
      w: 0.9999981527308435
navigation_time:
  sec: 3
  nanosec: 412000000
estimated_time_remaining:
  sec: 15
  nanosec: 838300926
number_of_recoveries: 0
distance_remaining: 3.8249998092651367

Feedback:
    current_pose:
  header:
    stamp:
      sec: 18
      nanosec: 960000000
    frame_id: map
  pose:
    position:
      x: 0.6838436005608987
      y: -0.004115049017678117
      z: 0.0
    orientation:
      x: 0.0
      y: 0.0
      z: -0.0019221172962001303
      w: 0.9999981527308435
navigation_time:
  sec: 3
  nanosec: 420000000
estimated_time_remaining:
  sec: 15
  nanosec: 838300926
number_of_recoveries: 0
distance_remaining: 3.8249998092651367

Feedback:
    current_pose:
  header:
    stamp:
      sec: 18
      nanosec: 960000000
    frame_id: map
  pose:
    position:
      x: 0.6838436005608987
      y: -0.004115049017678117
      z: 0.0
    orientation:
      x: 0.0
      y: 0.0
      z: -0.0019221172962001303
      w: 0.9999981527308435
navigation_time:
  sec: 3
  nanosec: 432000000
estimated_time_remaining:
  sec: 15
  nanosec: 804076396
number_of_recoveries: 0
distance_remaining: 3.8249998092651367

Feedback:
    current_pose:
  header:
    stamp:
      sec: 18
      nanosec: 980000000
    frame_id: map
  pose:
    position:
      x: 0.6887603157385701
      y: -0.004133347506309913
      z: 0.0
    orientation:
      x: 0.0
      y: 0.0
      z: -0.0018057229460922213
      w: 0.9999983696809921
navigation_time:
  sec: 3
  nanosec: 440000000
estimated_time_remaining:
  sec: 15
  nanosec: 700781771
number_of_recoveries: 0
distance_remaining: 3.799999713897705

Feedback:
    current_pose:
  header:
    stamp:
      sec: 18
      nanosec: 980000000
    frame_id: map
  pose:
    position:
      x: 0.6887603157385701
      y: -0.004133347506309913
      z: 0.0
    orientation:
      x: 0.0
      y: 0.0
      z: -0.0018057229460922213
      w: 0.9999983696809921
navigation_time:
  sec: 3
  nanosec: 448000000
estimated_time_remaining:
  sec: 15
  nanosec: 700781771
number_of_recoveries: 0
distance_remaining: 3.799999713897705

Feedback:
    current_pose:
  header:
    stamp:
      sec: 19
      nanosec: 0
    frame_id: map
  pose:
    position:
      x: 0.6936622860343308
      y: -0.00415053234277689
      z: 0.0
    orientation:
      x: 0.0
      y: 0.0
      z: -0.0016999607293653972
      w: 0.9999985550657153
navigation_time:
  sec: 3
  nanosec: 460000000
estimated_time_remaining:
  sec: 15
  nanosec: 666960896
number_of_recoveries: 0
distance_remaining: 3.799999713897705

Feedback:
    current_pose:
  header:
    stamp:
      sec: 19
      nanosec: 20000000
    frame_id: map
  pose:
    position:
      x: 0.6981510464522396
      y: -0.004137757904665487
      z: 0.0
    orientation:
      x: 0.0
      y: 0.0
      z: -0.0015333088500225568
      w: 0.9999988244812944
navigation_time:
  sec: 3
  nanosec: 468000000
estimated_time_remaining:
  sec: 15
  nanosec: 628648621
number_of_recoveries: 0
distance_remaining: 3.799999713897705

Feedback:
    current_pose:
  header:
    stamp:
      sec: 19
      nanosec: 20000000
    frame_id: map
  pose:
    position:
      x: 0.6981510464522396
      y: -0.004137757904665487
      z: 0.0
    orientation:
      x: 0.0
      y: 0.0
      z: -0.0015333088500225568
      w: 0.9999988244812944
navigation_time:
  sec: 3
  nanosec: 480000000
estimated_time_remaining:
  sec: 15
  nanosec: 628648621
number_of_recoveries: 0
distance_remaining: 3.799999713897705

Feedback:
    current_pose:
  header:
    stamp:
      sec: 19
      nanosec: 40000000
    frame_id: map
  pose:
    position:
      x: 0.7026129102928013
      y: -0.004122617353428913
      z: 0.0
    orientation:
      x: 0.0
      y: 0.0
      z: -0.0013545878594082624
      w: 0.9999990825454448
navigation_time:
  sec: 3
  nanosec: 488000000
estimated_time_remaining:
  sec: 15
  nanosec: 590776350
number_of_recoveries: 0
distance_remaining: 3.799999713897705

Feedback:
    current_pose:
  header:
    stamp:
      sec: 19
      nanosec: 40000000
    frame_id: map
  pose:
    position:
      x: 0.7026129102928013
      y: -0.004122617353428913
      z: 0.0
    orientation:
      x: 0.0
      y: 0.0
      z: -0.0013545878594082624
      w: 0.9999990825454448
navigation_time:
  sec: 3
  nanosec: 500000000
estimated_time_remaining:
  sec: 15
  nanosec: 590776350
number_of_recoveries: 0
distance_remaining: 3.799999713897705

Feedback:
    current_pose:
  header:
    stamp:
      sec: 19
      nanosec: 60000000
    frame_id: map
  pose:
    position:
      x: 0.7070747700165292
      y: -0.0041051404406821715
      z: 0.0
    orientation:
      x: 0.0
      y: 0.0
      z: -0.0011758668216336572
      w: 0.99999930866837
navigation_time:
  sec: 3
  nanosec: 508000000
estimated_time_remaining:
  sec: 15
  nanosec: 564347647
number_of_recoveries: 0
distance_remaining: 3.799999713897705

Feedback:
    current_pose:
  header:
    stamp:
      sec: 19
      nanosec: 60000000
    frame_id: map
  pose:
    position:
      x: 0.7070747700165292
      y: -0.0041051404406821715
      z: 0.0
    orientation:
      x: 0.0
      y: 0.0
      z: -0.0011758668216336572
      w: 0.99999930866837
navigation_time:
  sec: 3
  nanosec: 520000000
estimated_time_remaining:
  sec: 15
  nanosec: 564347647
number_of_recoveries: 0
distance_remaining: 3.799999713897705

Feedback:
    current_pose:
  header:
    stamp:
      sec: 19
      nanosec: 60000000
    frame_id: map
  pose:
    position:
      x: 0.7070747700165292
      y: -0.0041051404406821715
      z: 0.0
    orientation:
      x: 0.0
      y: 0.0
      z: -0.0011758668216336572
      w: 0.99999930866837
navigation_time:
  sec: 3
  nanosec: 528000000
estimated_time_remaining:
  sec: 15
  nanosec: 564347647
number_of_recoveries: 0
distance_remaining: 3.799999713897705

Feedback:
    current_pose:
  header:
    stamp:
      sec: 19
      nanosec: 80000000
    frame_id: map
  pose:
    position:
      x: 0.7115322995015636
      y: -0.004085353756599781
      z: 0.0
    orientation:
      x: 0.0
      y: 0.0
      z: -0.0010153501957024847
      w: 0.999999484531857
navigation_time:
  sec: 3
  nanosec: 540000000
estimated_time_remaining:
  sec: 15
  nanosec: 547158647
number_of_recoveries: 0
distance_remaining: 3.799999713897705

Feedback:
    current_pose:
  header:
    stamp:
      sec: 19
      nanosec: 80000000
    frame_id: map
  pose:
    position:
      x: 0.7115322995015636
      y: -0.004085353756599781
      z: 0.0
    orientation:
      x: 0.0
      y: 0.0
      z: -0.0010153501957024847
      w: 0.999999484531857
navigation_time:
  sec: 3
  nanosec: 548000000
estimated_time_remaining:
  sec: 15
  nanosec: 547158647
number_of_recoveries: 0
distance_remaining: 3.799999713897705

Feedback:
    current_pose:
  header:
    stamp:
      sec: 19
      nanosec: 100000000
    frame_id: map
  pose:
    position:
      x: 0.7159833347024808
      y: -0.004063584154519359
      z: 0.0
    orientation:
      x: 0.0
      y: 0.0
      z: -0.0008821402570338476
      w: 0.9999996109142077
navigation_time:
  sec: 3
  nanosec: 560000000
estimated_time_remaining:
  sec: 15
  nanosec: 430727986
number_of_recoveries: 0
distance_remaining: 3.7749998569488525

Feedback:
    current_pose:
  header:
    stamp:
      sec: 19
      nanosec: 120000000
    frame_id: map
  pose:
    position:
      x: 0.7204343625721451
      y: -0.004039926129989257
      z: 0.0
    orientation:
      x: 0.0
      y: 0.0
      z: -0.0007489303027713864
      w: 0.9999997195516614
navigation_time:
  sec: 3
  nanosec: 568000000
estimated_time_remaining:
  sec: 15
  nanosec: 420029018
number_of_recoveries: 0
distance_remaining: 3.7749998569488525

Feedback:
    current_pose:
  header:
    stamp:
      sec: 19
      nanosec: 120000000
    frame_id: map
  pose:
    position:
      x: 0.7204343625721451
      y: -0.004039926129989257
      z: 0.0
    orientation:
      x: 0.0
      y: 0.0
      z: -0.0007489303027713864
      w: 0.9999997195516614
navigation_time:
  sec: 3
  nanosec: 580000000
estimated_time_remaining:
  sec: 15
  nanosec: 420029018
number_of_recoveries: 0
distance_remaining: 3.7749998569488525

Feedback:
    current_pose:
  header:
    stamp:
      sec: 19
      nanosec: 140000000
    frame_id: map
  pose:
    position:
      x: 0.7247893680308665
      y: -0.004014367543432026
      z: 0.0
    orientation:
      x: 0.0
      y: 0.0
      z: -0.0006394269997137521
      w: 0.9999997955665352
navigation_time:
  sec: 3
  nanosec: 588000000
estimated_time_remaining:
  sec: 15
  nanosec: 419900638
number_of_recoveries: 0
distance_remaining: 3.7749998569488525

Feedback:
    current_pose:
  header:
    stamp:
      sec: 19
      nanosec: 140000000
    frame_id: map
  pose:
    position:
      x: 0.7247893680308665
      y: -0.004014367543432026
      z: 0.0
    orientation:
      x: 0.0
      y: 0.0
      z: -0.0006394269997137521
      w: 0.9999997955665352
navigation_time:
  sec: 3
  nanosec: 600000000
estimated_time_remaining:
  sec: 15
  nanosec: 419900638
number_of_recoveries: 0
distance_remaining: 3.7749998569488525

Feedback:
    current_pose:
  header:
    stamp:
      sec: 19
      nanosec: 160000000
    frame_id: map
  pose:
    position:
      x: 0.7291443647616694
      y: -0.003987183888083198
      z: 0.0
    orientation:
      x: 0.0
      y: 0.0
      z: -0.0005299236962655835
      w: 0.9999998595904283
navigation_time:
  sec: 3
  nanosec: 608000000
estimated_time_remaining:
  sec: 15
  nanosec: 438987289
number_of_recoveries: 0
distance_remaining: 3.7749998569488525

Feedback:
    current_pose:
  header:
    stamp:
      sec: 19
      nanosec: 160000000
    frame_id: map
  pose:
    position:
      x: 0.7291443647616694
      y: -0.003987183888083198
      z: 0.0
    orientation:
      x: 0.0
      y: 0.0
      z: -0.0005299236962655835
      w: 0.9999998595904283
navigation_time:
  sec: 3
  nanosec: 620000000
estimated_time_remaining:
  sec: 15
  nanosec: 438987289
number_of_recoveries: 0
distance_remaining: 3.7749998569488525

Feedback:
    current_pose:
  header:
    stamp:
      sec: 19
      nanosec: 180000000
    frame_id: map
  pose:
    position:
      x: 0.7334984141441797
      y: -0.003958324598351749
      z: 0.0
    orientation:
      x: 0.0
      y: 0.0
      z: -0.0004030253999518975
      w: 0.9999999187852601
navigation_time:
  sec: 3
  nanosec: 628000000
estimated_time_remaining:
  sec: 15
  nanosec: 468480914
number_of_recoveries: 0
distance_remaining: 3.7749998569488525

Feedback:
    current_pose:
  header:
    stamp:
      sec: 19
      nanosec: 180000000
    frame_id: map
  pose:
    position:
      x: 0.7334984141441797
      y: -0.003958324598351749
      z: 0.0
    orientation:
      x: 0.0
      y: 0.0
      z: -0.0004030253999518975
      w: 0.9999999187852601
navigation_time:
  sec: 3
  nanosec: 640000000
estimated_time_remaining:
  sec: 15
  nanosec: 468480914
number_of_recoveries: 0
distance_remaining: 3.7749998569488525

Feedback:
    current_pose:
  header:
    stamp:
      sec: 19
      nanosec: 200000000
    frame_id: map
  pose:
    position:
      x: 0.7378518285976259
      y: -0.003927585844959761
      z: 0.0
    orientation:
      x: 0.0
      y: 0.0
      z: -0.00026453042358911324
      w: 0.9999999650118269
navigation_time:
  sec: 3
  nanosec: 648000000
estimated_time_remaining:
  sec: 15
  nanosec: 366040635
number_of_recoveries: 0
distance_remaining: 3.749999761581421

Feedback:
    current_pose:
  header:
    stamp:
      sec: 19
      nanosec: 200000000
    frame_id: map
  pose:
    position:
      x: 0.7378518285976259
      y: -0.003927585844959761
      z: 0.0
    orientation:
      x: 0.0
      y: 0.0
      z: -0.00026453042358911324
      w: 0.9999999650118269
navigation_time:
  sec: 3
  nanosec: 660000000
estimated_time_remaining:
  sec: 15
  nanosec: 396260724
number_of_recoveries: 0
distance_remaining: 3.749999761581421

Feedback:
    current_pose:
  header:
    stamp:
      sec: 19
      nanosec: 200000000
    frame_id: map
  pose:
    position:
      x: 0.7378518285976259
      y: -0.003927585844959761
      z: 0.0
    orientation:
      x: 0.0
      y: 0.0
      z: -0.00026453042358911324
      w: 0.9999999650118269
navigation_time:
  sec: 3
  nanosec: 668000000
estimated_time_remaining:
  sec: 15
  nanosec: 396260724
number_of_recoveries: 0
distance_remaining: 3.749999761581421

Feedback:
    current_pose:
  header:
    stamp:
      sec: 19
      nanosec: 220000000
    frame_id: map
  pose:
    position:
      x: 0.7426185441701066
      y: -0.003929737805482537
      z: 0.0
    orientation:
      x: 0.0
      y: 0.0
      z: -0.00018692515945467267
      w: 0.9999999825294924
navigation_time:
  sec: 3
  nanosec: 680000000
estimated_time_remaining:
  sec: 15
  nanosec: 426973774
number_of_recoveries: 0
distance_remaining: 3.749999761581421

Feedback:
    current_pose:
  header:
    stamp:
      sec: 19
      nanosec: 220000000
    frame_id: map
  pose:
    position:
      x: 0.7426185441701066
      y: -0.003929737805482537
      z: 0.0
    orientation:
      x: 0.0
      y: 0.0
      z: -0.00018692515945467267
      w: 0.9999999825294924
navigation_time:
  sec: 3
  nanosec: 688000000
estimated_time_remaining:
  sec: 15
  nanosec: 426973774
number_of_recoveries: 0
distance_remaining: 3.749999761581421

Feedback:
    current_pose:
  header:
    stamp:
      sec: 19
      nanosec: 240000000
    frame_id: map
  pose:
    position:
      x: 0.7473391442524796
      y: -0.003930944309821771
      z: 0.0
    orientation:
      x: 0.0
      y: 0.0
      z: -6.865765595029123e-05
      w: 0.9999999976430631
navigation_time:
  sec: 3
  nanosec: 700000000
estimated_time_remaining:
  sec: 15
  nanosec: 462527568
number_of_recoveries: 0
distance_remaining: 3.749999761581421

Feedback:
    current_pose:
  header:
    stamp:
      sec: 19
      nanosec: 260000000
    frame_id: map
  pose:
    position:
      x: 0.752059744488002
      y: -0.003931034226843575
      z: 0.0
    orientation:
      x: 0.0
      y: 0.0
      z: 4.960986152068113e-05
      w: 0.9999999987694308
navigation_time:
  sec: 3
  nanosec: 708000000
estimated_time_remaining:
  sec: 15
  nanosec: 504500546
number_of_recoveries: 0
distance_remaining: 3.749999761581421

Feedback:
    current_pose:
  header:
    stamp:
      sec: 19
      nanosec: 260000000
    frame_id: map
  pose:
    position:
      x: 0.752059744488002
      y: -0.003931034226843575
      z: 0.0
    orientation:
      x: 0.0
      y: 0.0
      z: 4.960986152068113e-05
      w: 0.9999999987694308
navigation_time:
  sec: 3
  nanosec: 720000000
estimated_time_remaining:
  sec: 15
  nanosec: 504500546
number_of_recoveries: 0
distance_remaining: 3.749999761581421

Feedback:
    current_pose:
  header:
    stamp:
      sec: 19
      nanosec: 260000000
    frame_id: map
  pose:
    position:
      x: 0.752059744488002
      y: -0.003931034226843575
      z: 0.0
    orientation:
      x: 0.0
      y: 0.0
      z: 4.960986152068113e-05
      w: 0.9999999987694308
navigation_time:
  sec: 3
  nanosec: 728000000
estimated_time_remaining:
  sec: 15
  nanosec: 541756757
number_of_recoveries: 0
distance_remaining: 3.749999761581421

Feedback:
    current_pose:
  header:
    stamp:
      sec: 19
      nanosec: 280000000
    frame_id: map
  pose:
    position:
      x: 0.7568458223086321
      y: -0.003929998169820483
      z: 0.0
    orientation:
      x: 0.0
      y: 0.0
      z: 0.0001649965982780093
      w: 0.9999999863880613
navigation_time:
  sec: 3
  nanosec: 740000000
estimated_time_remaining:
  sec: 15
  nanosec: 541756757
number_of_recoveries: 0
distance_remaining: 3.749999761581421

Feedback:
    current_pose:
  header:
    stamp:
      sec: 19
      nanosec: 300000000
    frame_id: map
  pose:
    position:
      x: 0.7616901163103371
      y: -0.003927849921907757
      z: 0.0
    orientation:
      x: 0.0
      y: 0.0
      z: 0.0002784628098243675
      w: 0.999999961229231
navigation_time:
  sec: 3
  nanosec: 748000000
estimated_time_remaining:
  sec: 15
  nanosec: 564459918
number_of_recoveries: 0
distance_remaining: 3.749999761581421

Feedback:
    current_pose:
  header:
    stamp:
      sec: 19
      nanosec: 300000000
    frame_id: map
  pose:
    position:
      x: 0.7616901163103371
      y: -0.003927849921907757
      z: 0.0
    orientation:
      x: 0.0
      y: 0.0
      z: 0.0002784628098243675
      w: 0.999999961229231
navigation_time:
  sec: 3
  nanosec: 760000000
estimated_time_remaining:
  sec: 15
  nanosec: 564459918
number_of_recoveries: 0
distance_remaining: 3.749999761581421

Feedback:
    current_pose:
  header:
    stamp:
      sec: 19
      nanosec: 300000000
    frame_id: map
  pose:
    position:
      x: 0.7616901163103371
      y: -0.003927849921907757
      z: 0.0
    orientation:
      x: 0.0
      y: 0.0
      z: 0.0002784628098243675
      w: 0.999999961229231
navigation_time:
  sec: 3
  nanosec: 768000000
estimated_time_remaining:
  sec: 15
  nanosec: 577609243
number_of_recoveries: 0
distance_remaining: 3.749999761581421

Feedback:
    current_pose:
  header:
    stamp:
      sec: 19
      nanosec: 320000000
    frame_id: map
  pose:
    position:
      x: 0.7665344096997987
      y: -0.003924602346657138
      z: 0.0
    orientation:
      x: 0.0
      y: 0.0
      z: 0.0003919290177852794
      w: 0.9999999231958195
navigation_time:
  sec: 3
  nanosec: 780000000
estimated_time_remaining:
  sec: 15
  nanosec: 473758507
number_of_recoveries: 0
distance_remaining: 3.7249996662139893

Feedback:
    current_pose:
  header:
    stamp:
      sec: 19
      nanosec: 320000000
    frame_id: map
  pose:
    position:
      x: 0.7665344096997987
      y: -0.003924602346657138
      z: 0.0
    orientation:
      x: 0.0
      y: 0.0
      z: 0.0003919290177852794
      w: 0.9999999231958195
navigation_time:
  sec: 3
  nanosec: 788000000
estimated_time_remaining:
  sec: 15
  nanosec: 483885134
number_of_recoveries: 0
distance_remaining: 3.7249996662139893

Feedback:
    current_pose:
  header:
    stamp:
      sec: 19
      nanosec: 340000000
    frame_id: map
  pose:
    position:
      x: 0.7713933524549802
      y: -0.003920250630195269
      z: 0.0
    orientation:
      x: 0.0
      y: 0.0
      z: 0.0005036804517488142
      w: 0.9999998731529932
navigation_time:
  sec: 3
  nanosec: 800000000
estimated_time_remaining:
  sec: 15
  nanosec: 483885134
number_of_recoveries: 0
distance_remaining: 3.7249996662139893

Feedback:
    current_pose:
  header:
    stamp:
      sec: 19
      nanosec: 360000000
    frame_id: map
  pose:
    position:
      x: 0.7762522941162349
      y: -0.003914812926104398
      z: 0.0
    orientation:
      x: 0.0
      y: 0.0
      z: 0.0006154318788424465
      w: 0.9999998106217832
navigation_time:
  sec: 3
  nanosec: 808000000
estimated_time_remaining:
  sec: 15
  nanosec: 489842788
number_of_recoveries: 0
distance_remaining: 3.7249996662139893

Feedback:
    current_pose:
  header:
    stamp:
      sec: 19
      nanosec: 360000000
    frame_id: map
  pose:
    position:
      x: 0.7762522941162349
      y: -0.003914812926104398
      z: 0.0
    orientation:
      x: 0.0
      y: 0.0
      z: 0.0006154318788424465
      w: 0.9999998106217832
navigation_time:
  sec: 3
  nanosec: 820000000
estimated_time_remaining:
  sec: 15
  nanosec: 489842788
number_of_recoveries: 0
distance_remaining: 3.7249996662139893

Feedback:
    current_pose:
  header:
    stamp:
      sec: 19
      nanosec: 380000000
    frame_id: map
  pose:
    position:
      x: 0.7811146215231133
      y: -0.003908278978338295
      z: 0.0
    orientation:
      x: 0.0
      y: 0.0
      z: 0.0007299987877446741
      w: 0.9999997335508494
navigation_time:
  sec: 3
  nanosec: 828000000
estimated_time_remaining:
  sec: 15
  nanosec: 492755740
number_of_recoveries: 0
distance_remaining: 3.7249996662139893

Feedback:
    current_pose:
  header:
    stamp:
      sec: 19
      nanosec: 380000000
    frame_id: map
  pose:
    position:
      x: 0.7811146215231133
      y: -0.003908278978338295
      z: 0.0
    orientation:
      x: 0.0
      y: 0.0
      z: 0.0007299987877446741
      w: 0.9999997335508494
navigation_time:
  sec: 3
  nanosec: 840000000
estimated_time_remaining:
  sec: 15
  nanosec: 492755740
number_of_recoveries: 0
distance_remaining: 3.7249996662139893

Feedback:
    current_pose:
  header:
    stamp:
      sec: 19
      nanosec: 380000000
    frame_id: map
  pose:
    position:
      x: 0.7811146215231133
      y: -0.003908278978338295
      z: 0.0
    orientation:
      x: 0.0
      y: 0.0
      z: 0.0007299987877446741
      w: 0.9999997335508494
navigation_time:
  sec: 3
  nanosec: 848000000
estimated_time_remaining:
  sec: 15
  nanosec: 492755740
number_of_recoveries: 0
distance_remaining: 3.7249996662139893

Feedback:
    current_pose:
  header:
    stamp:
      sec: 19
      nanosec: 400000000
    frame_id: map
  pose:
    position:
      x: 0.7859820278934104
      y: -0.003900594369764758
      z: 0.0
    orientation:
      x: 0.0
      y: 0.0
      z: 0.0008487889264366303
      w: 0.9999996397786143
navigation_time:
  sec: 3
  nanosec: 860000000
estimated_time_remaining:
  sec: 15
  nanosec: 494381400
number_of_recoveries: 0
distance_remaining: 3.7249996662139893

Feedback:
    current_pose:
  header:
    stamp:
      sec: 19
      nanosec: 420000000
    frame_id: map
  pose:
    position:
      x: 0.790808818922902
      y: -0.004326522756450378
      z: 0.0
    orientation:
      x: 0.0
      y: 0.0
      z: 0.0002883132215295899
      w: 0.9999999584377424
navigation_time:
  sec: 3
  nanosec: 872000000
estimated_time_remaining:
  sec: 15
  nanosec: 390417391
number_of_recoveries: 0
distance_remaining: 3.6999998092651367

Feedback:
    current_pose:
  header:
    stamp:
      sec: 19
      nanosec: 420000000
    frame_id: map
  pose:
    position:
      x: 0.790808818922902
      y: -0.004326522756450378
      z: 0.0
    orientation:
      x: 0.0
      y: 0.0
      z: 0.0002883132215295899
      w: 0.9999999584377424
navigation_time:
  sec: 3
  nanosec: 880000000
estimated_time_remaining:
  sec: 15
  nanosec: 390417391
number_of_recoveries: 0
distance_remaining: 3.6999998092651367

Feedback:
    current_pose:
  header:
    stamp:
      sec: 19
      nanosec: 440000000
    frame_id: map
  pose:
    position:
      x: 0.7956011021535973
      y: -0.004764649295633921
      z: 0.0
    orientation:
      x: 0.0
      y: 0.0
      z: -0.0003065296871769594
      w: 0.9999999530197743
navigation_time:
  sec: 3
  nanosec: 888000000
estimated_time_remaining:
  sec: 15
  nanosec: 393099521
number_of_recoveries: 0
distance_remaining: 3.6999998092651367

Feedback:
    current_pose:
  header:
    stamp:
      sec: 19
      nanosec: 440000000
    frame_id: map
  pose:
    position:
      x: 0.7956011021535973
      y: -0.004764649295633921
      z: 0.0
    orientation:
      x: 0.0
      y: 0.0
      z: -0.0003065296871769594
      w: 0.9999999530197743
navigation_time:
  sec: 3
  nanosec: 900000000
estimated_time_remaining:
  sec: 15
  nanosec: 393099521
number_of_recoveries: 0
distance_remaining: 3.6999998092651367

Feedback:
    current_pose:
  header:
    stamp:
      sec: 19
      nanosec: 440000000
    frame_id: map
  pose:
    position:
      x: 0.7956011021535973
      y: -0.004764649295633921
      z: 0.0
    orientation:
      x: 0.0
      y: 0.0
      z: -0.0003065296871769594
      w: 0.9999999530197743
navigation_time:
  sec: 3
  nanosec: 908000000
estimated_time_remaining:
  sec: 15
  nanosec: 393099521
number_of_recoveries: 0
distance_remaining: 3.6999998092651367

Feedback:
    current_pose:
  header:
    stamp:
      sec: 19
      nanosec: 460000000
    frame_id: map
  pose:
    position:
      x: 0.8003918999820786
      y: -0.005215078105180928
      z: 0.0
    orientation:
      x: 0.0
      y: 0.0
      z: -0.0009013724982341585
      w: 0.9999995937637272
navigation_time:
  sec: 3
  nanosec: 920000000
estimated_time_remaining:
  sec: 15
  nanosec: 389482173
number_of_recoveries: 0
distance_remaining: 3.6999998092651367

Feedback:
    current_pose:
  header:
    stamp:
      sec: 19
      nanosec: 460000000
    frame_id: map
  pose:
    position:
      x: 0.8003918999820786
      y: -0.005215078105180928
      z: 0.0
    orientation:
      x: 0.0
      y: 0.0
      z: -0.0009013724982341585
      w: 0.9999995937637272
navigation_time:
  sec: 3
  nanosec: 928000000
estimated_time_remaining:
  sec: 15
  nanosec: 389482173
number_of_recoveries: 0
distance_remaining: 3.6999998092651367

Feedback:
    current_pose:
  header:
    stamp:
      sec: 19
      nanosec: 480000000
    frame_id: map
  pose:
    position:
      x: 0.8051758491058559
      y: -0.005677801397286199
      z: 0.0
    orientation:
      x: 0.0
      y: 0.0
      z: -0.0015016150695876392
      w: 0.9999988725754559
navigation_time:
  sec: 3
  nanosec: 940000000
estimated_time_remaining:
  sec: 15
  nanosec: 376807268
number_of_recoveries: 0
distance_remaining: 3.6999998092651367

Feedback:
    current_pose:
  header:
    stamp:
      sec: 19
      nanosec: 500000000
    frame_id: map
  pose:
    position:
      x: 0.8099502557514656
      y: -0.0061528815227252145
      z: 0.0
    orientation:
      x: 0.0
      y: 0.0
      z: -0.0021099572205260514
      w: 0.9999977740377863
navigation_time:
  sec: 3
  nanosec: 948000000
estimated_time_remaining:
  sec: 15
  nanosec: 365390542
number_of_recoveries: 0
distance_remaining: 3.6999998092651367

Feedback:
    current_pose:
  header:
    stamp:
      sec: 19
      nanosec: 500000000
    frame_id: map
  pose:
    position:
      x: 0.8099502557514656
      y: -0.0061528815227252145
      z: 0.0
    orientation:
      x: 0.0
      y: 0.0
      z: -0.0021099572205260514
      w: 0.9999977740377863
navigation_time:
  sec: 3
  nanosec: 960000000
estimated_time_remaining:
  sec: 15
  nanosec: 365390542
number_of_recoveries: 0
distance_remaining: 3.6999998092651367

Feedback:
    current_pose:
  header:
    stamp:
      sec: 19
      nanosec: 520000000
    frame_id: map
  pose:
    position:
      x: 0.8147231055046587
      y: -0.00664035382101468
      z: 0.0
    orientation:
      x: 0.0
      y: 0.0
      z: -0.002718298590609277
      w: 0.9999963054195611
navigation_time:
  sec: 3
  nanosec: 968000000
estimated_time_remaining:
  sec: 15
  nanosec: 250884975
number_of_recoveries: 0
distance_remaining: 3.674999713897705

Feedback:
    current_pose:
  header:
    stamp:
      sec: 19
      nanosec: 520000000
    frame_id: map
  pose:
    position:
      x: 0.8147231055046587
      y: -0.00664035382101468
      z: 0.0
    orientation:
      x: 0.0
      y: 0.0
      z: -0.002718298590609277
      w: 0.9999963054195611
navigation_time:
  sec: 3
  nanosec: 980000000
estimated_time_remaining:
  sec: 15
  nanosec: 250884975
number_of_recoveries: 0
distance_remaining: 3.674999713897705

Feedback:
    current_pose:
  header:
    stamp:
      sec: 19
      nanosec: 540000000
    frame_id: map
  pose:
    position:
      x: 0.8195256449808057
      y: -0.007140645725428645
      z: 0.0
    orientation:
      x: 0.0
      y: 0.0
      z: -0.0033718381718123858
      w: 0.9999943153375138
navigation_time:
  sec: 3
  nanosec: 988000000
estimated_time_remaining:
  sec: 15
  nanosec: 237065216
number_of_recoveries: 0
distance_remaining: 3.674999713897705

Feedback:
    current_pose:
  header:
    stamp:
      sec: 19
      nanosec: 540000000
    frame_id: map
  pose:
    position:
      x: 0.8195256449808057
      y: -0.007140645725428645
      z: 0.0
    orientation:
      x: 0.0
      y: 0.0
      z: -0.0033718381718123858
      w: 0.9999943153375138
navigation_time:
  sec: 4
  nanosec: 0
estimated_time_remaining:
  sec: 15
  nanosec: 237065216
number_of_recoveries: 0
distance_remaining: 3.674999713897705

Feedback:
    current_pose:
  header:
    stamp:
      sec: 19
      nanosec: 540000000
    frame_id: map
  pose:
    position:
      x: 0.8195256449808057
      y: -0.007140645725428645
      z: 0.0
    orientation:
      x: 0.0
      y: 0.0
      z: -0.0033718381718123858
      w: 0.9999943153375138
navigation_time:
  sec: 4
  nanosec: 8000000
estimated_time_remaining:
  sec: 15
  nanosec: 237065216
number_of_recoveries: 0
distance_remaining: 3.674999713897705

Feedback:
    current_pose:
  header:
    stamp:
      sec: 19
      nanosec: 560000000
    frame_id: map
  pose:
    position:
      x: 0.8243265749459605
      y: -0.007653844585497211
      z: 0.0
    orientation:
      x: 0.0
      y: 0.0
      z: -0.004025376327250355
      w: 0.999991898139892
navigation_time:
  sec: 4
  nanosec: 20000000
estimated_time_remaining:
  sec: 15
  nanosec: 215649023
number_of_recoveries: 0
distance_remaining: 3.674999713897705

Feedback:
    current_pose:
  header:
    stamp:
      sec: 19
      nanosec: 580000000
    frame_id: map
  pose:
    position:
      x: 0.8290972709658148
      y: -0.008179617314244266
      z: 0.0
    orientation:
      x: 0.0
      y: 0.0
      z: -0.0046460237174633595
      w: 0.9999892071735659
navigation_time:
  sec: 4
  nanosec: 28000000
estimated_time_remaining:
  sec: 15
  nanosec: 192573877
number_of_recoveries: 0
distance_remaining: 3.674999713897705

Feedback:
    current_pose:
  header:
    stamp:
      sec: 19
      nanosec: 580000000
    frame_id: map
  pose:
    position:
      x: 0.8290972709658148
      y: -0.008179617314244266
      z: 0.0
    orientation:
      x: 0.0
      y: 0.0
      z: -0.0046460237174633595
      w: 0.9999892071735659
navigation_time:
  sec: 4
  nanosec: 40000000
estimated_time_remaining:
  sec: 15
  nanosec: 192573877
number_of_recoveries: 0
distance_remaining: 3.674999713897705

Feedback:
    current_pose:
  header:
    stamp:
      sec: 19
      nanosec: 600000000
    frame_id: map
  pose:
    position:
      x: 0.8338234153727108
      y: -0.008717112482971561
      z: 0.0
    orientation:
      x: 0.0
      y: 0.0
      z: -0.005217335835447566
      w: 0.9999863896107687
navigation_time:
  sec: 4
  nanosec: 48000000
estimated_time_remaining:
  sec: 15
  nanosec: 182982248
number_of_recoveries: 0
distance_remaining: 3.674999713897705

Feedback:
    current_pose:
  header:
    stamp:
      sec: 19
      nanosec: 600000000
    frame_id: map
  pose:
    position:
      x: 0.8338234153727108
      y: -0.008717112482971561
      z: 0.0
    orientation:
      x: 0.0
      y: 0.0
      z: -0.005217335835447566
      w: 0.9999863896107687
navigation_time:
  sec: 4
  nanosec: 60000000
estimated_time_remaining:
  sec: 15
  nanosec: 182982248
number_of_recoveries: 0
distance_remaining: 3.674999713897705

Feedback:
    current_pose:
  header:
    stamp:
      sec: 19
      nanosec: 600000000
    frame_id: map
  pose:
    position:
      x: 0.8338234153727108
      y: -0.008717112482971561
      z: 0.0
    orientation:
      x: 0.0
      y: 0.0
      z: -0.005217335835447566
      w: 0.9999863896107687
navigation_time:
  sec: 4
  nanosec: 68000000
estimated_time_remaining:
  sec: 15
  nanosec: 182982248
number_of_recoveries: 0
distance_remaining: 3.674999713897705

Feedback:
    current_pose:
  header:
    stamp:
      sec: 19
      nanosec: 620000000
    frame_id: map
  pose:
    position:
      x: 0.838603949466387
      y: -0.008766481724049383
      z: 0.0
    orientation:
      x: 0.0
      y: 0.0
      z: -0.005109390366350986
      w: 0.9999869469798516
navigation_time:
  sec: 4
  nanosec: 80000000
estimated_time_remaining:
  sec: 15
  nanosec: 86396393
number_of_recoveries: 0
distance_remaining: 3.6499998569488525

Feedback:
    current_pose:
  header:
    stamp:
      sec: 19
      nanosec: 640000000
    frame_id: map
  pose:
    position:
      x: 0.843327244235396
      y: -0.008814077343588664
      z: 0.0
    orientation:
      x: 0.0
      y: 0.0
      z: -0.0049670095777495146
      w: 0.9999876643318429
navigation_time:
  sec: 4
  nanosec: 88000000
estimated_time_remaining:
  sec: 15
  nanosec: 104370987
number_of_recoveries: 0
distance_remaining: 3.6499998569488525

Feedback:
    current_pose:
  header:
    stamp:
      sec: 19
      nanosec: 640000000
    frame_id: map
  pose:
    position:
      x: 0.843327244235396
      y: -0.008814077343588664
      z: 0.0
    orientation:
      x: 0.0
      y: 0.0
      z: -0.0049670095777495146
      w: 0.9999876643318429
navigation_time:
  sec: 4
  nanosec: 100000000
estimated_time_remaining:
  sec: 15
  nanosec: 104370987
number_of_recoveries: 0
distance_remaining: 3.6499998569488525

Feedback:
    current_pose:
  header:
    stamp:
      sec: 19
      nanosec: 660000000
    frame_id: map
  pose:
    position:
      x: 0.8480505523662555
      y: -0.00886032793118019
      z: 0.0
    orientation:
      x: 0.0
      y: 0.0
      z: -0.004824628677393758
      w: 0.9999883614113343
navigation_time:
  sec: 4
  nanosec: 108000000
estimated_time_remaining:
  sec: 15
  nanosec: 129430969
number_of_recoveries: 0
distance_remaining: 3.6499998569488525

Feedback:
    current_pose:
  header:
    stamp:
      sec: 19
      nanosec: 660000000
    frame_id: map
  pose:
    position:
      x: 0.8480505523662555
      y: -0.00886032793118019
      z: 0.0
    orientation:
      x: 0.0
      y: 0.0
      z: -0.004824628677393758
      w: 0.9999883614113343
navigation_time:
  sec: 4
  nanosec: 120000000
estimated_time_remaining:
  sec: 15
  nanosec: 129430969
number_of_recoveries: 0
distance_remaining: 3.6499998569488525

Feedback:
    current_pose:
  header:
    stamp:
      sec: 19
      nanosec: 680000000
    frame_id: map
  pose:
    position:
      x: 0.8528218719821533
      y: -0.008905617803359377
      z: 0.0
    orientation:
      x: 0.0
      y: 0.0
      z: -0.004647575978431961
      w: 0.9999891999604419
navigation_time:
  sec: 4
  nanosec: 128000000
estimated_time_remaining:
  sec: 15
  nanosec: 151296209
number_of_recoveries: 0
distance_remaining: 3.6499998569488525

Feedback:
    current_pose:
  header:
    stamp:
      sec: 19
      nanosec: 680000000
    frame_id: map
  pose:
    position:
      x: 0.8528218719821533
      y: -0.008905617803359377
      z: 0.0
    orientation:
      x: 0.0
      y: 0.0
      z: -0.004647575978431961
      w: 0.9999891999604419
navigation_time:
  sec: 4
  nanosec: 136000000
estimated_time_remaining:
  sec: 15
  nanosec: 151296209
number_of_recoveries: 0
distance_remaining: 3.6499998569488525

Feedback:
    current_pose:
  header:
    stamp:
      sec: 19
      nanosec: 680000000
    frame_id: map
  pose:
    position:
      x: 0.8528218719821533
      y: -0.008905617803359377
      z: 0.0
    orientation:
      x: 0.0
      y: 0.0
      z: -0.004647575978431961
      w: 0.9999891999604419
navigation_time:
  sec: 4
  nanosec: 148000000
estimated_time_remaining:
  sec: 15
  nanosec: 157634308
number_of_recoveries: 0
distance_remaining: 3.6499998569488525

Feedback:
    current_pose:
  header:
    stamp:
      sec: 19
      nanosec: 700000000
    frame_id: map
  pose:
    position:
      x: 0.8577069441490475
      y: -0.008949907679943421
      z: 0.0
    orientation:
      x: 0.0
      y: 0.0
      z: -0.004418515493348531
      w: 0.9999902383127722
navigation_time:
  sec: 4
  nanosec: 160000000
estimated_time_remaining:
  sec: 15
  nanosec: 157634308
number_of_recoveries: 0
distance_remaining: 3.6499998569488525

Feedback:
    current_pose:
  header:
    stamp:
      sec: 19
      nanosec: 700000000
    frame_id: map
  pose:
    position:
      x: 0.8577069441490475
      y: -0.008949907679943421
      z: 0.0
    orientation:
      x: 0.0
      y: 0.0
      z: -0.004418515493348531
      w: 0.9999902383127722
navigation_time:
  sec: 4
  nanosec: 172000000
estimated_time_remaining:
  sec: 15
  nanosec: 153622378
number_of_recoveries: 0
distance_remaining: 3.6499998569488525

Feedback:
    current_pose:
  header:
    stamp:
      sec: 19
      nanosec: 720000000
    frame_id: map
  pose:
    position:
      x: 0.8625920360936542
      y: -0.008991959574882077
      z: 0.0
    orientation:
      x: 0.0
      y: 0.0
      z: -0.00418945476766384
      w: 0.9999912241958674
navigation_time:
  sec: 4
  nanosec: 180000000
estimated_time_remaining:
  sec: 15
  nanosec: 153622378
number_of_recoveries: 0
distance_remaining: 3.6499998569488525

Feedback:
    current_pose:
  header:
    stamp:
      sec: 19
      nanosec: 720000000
    frame_id: map
  pose:
    position:
      x: 0.8625920360936542
      y: -0.008991959574882077
      z: 0.0
    orientation:
      x: 0.0
      y: 0.0
      z: -0.00418945476766384
      w: 0.9999912241958674
navigation_time:
  sec: 4
  nanosec: 188000000
estimated_time_remaining:
  sec: 15
  nanosec: 156469588
number_of_recoveries: 0
distance_remaining: 3.6499998569488525

Feedback:
    current_pose:
  header:
    stamp:
      sec: 19
      nanosec: 740000000
    frame_id: map
  pose:
    position:
      x: 0.8674124704189057
      y: -0.009031102115199738
      z: 0.0
    orientation:
      x: 0.0
      y: 0.0
      z: -0.003930471676204816
      w: 0.9999922756663686
navigation_time:
  sec: 4
  nanosec: 200000000
estimated_time_remaining:
  sec: 15
  nanosec: 156469588
number_of_recoveries: 0
distance_remaining: 3.6499998569488525

Feedback:
    current_pose:
  header:
    stamp:
      sec: 19
      nanosec: 760000000
    frame_id: map
  pose:
    position:
      x: 0.8722329243719465
      y: -0.009067747807739536
      z: 0.0
    orientation:
      x: 0.0
      y: 0.0
      z: -0.0036714883114681357
      w: 0.999993260064076
navigation_time:
  sec: 4
  nanosec: 208000000
estimated_time_remaining:
  sec: 15
  nanosec: 162430513
number_of_recoveries: 0
distance_remaining: 3.6499998569488525

Feedback:
    current_pose:
  header:
    stamp:
      sec: 19
      nanosec: 760000000
    frame_id: map
  pose:
    position:
      x: 0.8722329243719465
      y: -0.009067747807739536
      z: 0.0
    orientation:
      x: 0.0
      y: 0.0
      z: -0.0036714883114681357
      w: 0.999993260064076
navigation_time:
  sec: 4
  nanosec: 220000000
estimated_time_remaining:
  sec: 15
  nanosec: 162430513
number_of_recoveries: 0
distance_remaining: 3.6499998569488525

Feedback:
    current_pose:
  header:
    stamp:
      sec: 19
      nanosec: 760000000
    frame_id: map
  pose:
    position:
      x: 0.8722329243719465
      y: -0.009067747807739536
      z: 0.0
    orientation:
      x: 0.0
      y: 0.0
      z: -0.0036714883114681357
      w: 0.999993260064076
navigation_time:
  sec: 4
  nanosec: 228000000
estimated_time_remaining:
  sec: 15
  nanosec: 162430513
number_of_recoveries: 0
distance_remaining: 3.6499998569488525

Feedback:
    current_pose:
  header:
    stamp:
      sec: 19
      nanosec: 780000000
    frame_id: map
  pose:
    position:
      x: 0.8770488965728943
      y: -0.00910178509717417
      z: 0.0
    orientation:
      x: 0.0
      y: 0.0
      z: -0.0033707301536587764
      w: 0.9999943190729792
navigation_time:
  sec: 4
  nanosec: 240000000
estimated_time_remaining:
  sec: 14
  nanosec: 957837403
number_of_recoveries: 0
distance_remaining: 3.5999996662139893

Feedback:
    current_pose:
  header:
    stamp:
      sec: 19
      nanosec: 800000000
    frame_id: map
  pose:
    position:
      x: 0.8818581400771287
      y: -0.009132459112648712
      z: 0.0
    orientation:
      x: 0.0
      y: 0.0
      z: -0.0030073097547878413
      w: 0.9999954780337954
navigation_time:
  sec: 4
  nanosec: 248000000
estimated_time_remaining:
  sec: 14
  nanosec: 961524509
number_of_recoveries: 0
distance_remaining: 3.5999996662139893

Feedback:
    current_pose:
  header:
    stamp:
      sec: 19
      nanosec: 800000000
    frame_id: map
  pose:
    position:
      x: 0.8818581400771287
      y: -0.009132459112648712
      z: 0.0
    orientation:
      x: 0.0
      y: 0.0
      z: -0.0030073097547878413
      w: 0.9999954780337954
navigation_time:
  sec: 4
  nanosec: 260000000
estimated_time_remaining:
  sec: 14
  nanosec: 961524509
number_of_recoveries: 0
distance_remaining: 3.5999996662139893

Feedback:
    current_pose:
  header:
    stamp:
      sec: 19
      nanosec: 800000000
    frame_id: map
  pose:
    position:
      x: 0.8818581400771287
      y: -0.009132459112648712
      z: 0.0
    orientation:
      x: 0.0
      y: 0.0
      z: -0.0030073097547878413
      w: 0.9999954780337954
navigation_time:
  sec: 4
  nanosec: 268000000
estimated_time_remaining:
  sec: 14
  nanosec: 961524509
number_of_recoveries: 0
distance_remaining: 3.5999996662139893

Feedback:
    current_pose:
  header:
    stamp:
      sec: 19
      nanosec: 820000000
    frame_id: map
  pose:
    position:
      x: 0.8860432841860397
      y: -0.009845726357952722
      z: 0.0
    orientation:
      x: 0.0
      y: 0.0
      z: -0.0031496539712763953
      w: 0.9999950398276289
navigation_time:
  sec: 4
  nanosec: 280000000
estimated_time_remaining:
  sec: 14
  nanosec: 964572087
number_of_recoveries: 0
distance_remaining: 3.5999996662139893

Feedback:
    current_pose:
  header:
    stamp:
      sec: 19
      nanosec: 840000000
    frame_id: map
  pose:
    position:
      x: 0.8902541618677485
      y: -0.010565779643239532
      z: 0.0
    orientation:
      x: 0.0
      y: 0.0
      z: -0.003371973714051391
      w: 0.9999943148804757
navigation_time:
  sec: 4
  nanosec: 292000000
estimated_time_remaining:
  sec: 14
  nanosec: 964247756
number_of_recoveries: 0
distance_remaining: 3.5999996662139893

Feedback:
    current_pose:
  header:
    stamp:
      sec: 19
      nanosec: 840000000
    frame_id: map
  pose:
    position:
      x: 0.8902541618677485
      y: -0.010565779643239532
      z: 0.0
    orientation:
      x: 0.0
      y: 0.0
      z: -0.003371973714051391
      w: 0.9999943148804757
navigation_time:
  sec: 4
  nanosec: 300000000
estimated_time_remaining:
  sec: 14
  nanosec: 964247756
number_of_recoveries: 0
distance_remaining: 3.5999996662139893

Feedback:
    current_pose:
  header:
    stamp:
      sec: 19
      nanosec: 860000000
    frame_id: map
  pose:
    position:
      x: 0.8944640744049647
      y: -0.011292853926996227
      z: 0.0
    orientation:
      x: 0.0
      y: 0.0
      z: -0.0035942933155820194
      w: 0.9999935405069182
navigation_time:
  sec: 4
  nanosec: 308000000
estimated_time_remaining:
  sec: 14
  nanosec: 964368947
number_of_recoveries: 0
distance_remaining: 3.5999996662139893

Feedback:
    current_pose:
  header:
    stamp:
      sec: 19
      nanosec: 860000000
    frame_id: map
  pose:
    position:
      x: 0.8944640744049647
      y: -0.011292853926996227
      z: 0.0
    orientation:
      x: 0.0
      y: 0.0
      z: -0.0035942933155820194
      w: 0.9999935405069182
navigation_time:
  sec: 4
  nanosec: 320000000
estimated_time_remaining:
  sec: 14
  nanosec: 964368947
number_of_recoveries: 0
distance_remaining: 3.5999996662139893

Feedback:
    current_pose:
  header:
    stamp:
      sec: 19
      nanosec: 880000000
    frame_id: map
  pose:
    position:
      x: 0.8986963154827441
      y: -0.012027112440647506
      z: 0.0
    orientation:
      x: 0.0
      y: 0.0
      z: -0.003808289546745588
      w: 0.9999927484390714
navigation_time:
  sec: 4
  nanosec: 328000000
estimated_time_remaining:
  sec: 14
  nanosec: 965264865
number_of_recoveries: 0
distance_remaining: 3.5999996662139893

Feedback:
    current_pose:
  header:
    stamp:
      sec: 19
      nanosec: 880000000
    frame_id: map
  pose:
    position:
      x: 0.8986963154827441
      y: -0.012027112440647506
      z: 0.0
    orientation:
      x: 0.0
      y: 0.0
      z: -0.003808289546745588
      w: 0.9999927484390714
navigation_time:
  sec: 4
  nanosec: 340000000
estimated_time_remaining:
  sec: 14
  nanosec: 965264865
number_of_recoveries: 0
distance_remaining: 3.5999996662139893

Feedback:
    current_pose:
  header:
    stamp:
      sec: 19
      nanosec: 900000000
    frame_id: map
  pose:
    position:
      x: 0.9029625286548469
      y: -0.01276855310510836
      z: 0.0
    orientation:
      x: 0.0
      y: 0.0
      z: -0.004009800808263781
      w: 0.9999919607164239
navigation_time:
  sec: 4
  nanosec: 352000000
estimated_time_remaining:
  sec: 14
  nanosec: 957721822
number_of_recoveries: 0
distance_remaining: 3.5999996662139893

Feedback:
    current_pose:
  header:
    stamp:
      sec: 19
      nanosec: 900000000
    frame_id: map
  pose:
    position:
      x: 0.9029625286548469
      y: -0.01276855310510836
      z: 0.0
    orientation:
      x: 0.0
      y: 0.0
      z: -0.004009800808263781
      w: 0.9999919607164239
navigation_time:
  sec: 4
  nanosec: 360000000
estimated_time_remaining:
  sec: 14
  nanosec: 957721822
number_of_recoveries: 0
distance_remaining: 3.5999996662139893

Feedback:
    current_pose:
  header:
    stamp:
      sec: 19
      nanosec: 920000000
    frame_id: map
  pose:
    position:
      x: 0.907227753792622
      y: -0.013516892936614627
      z: 0.0
    orientation:
      x: 0.0
      y: 0.0
      z: -0.004211311906951917
      w: 0.9999911323866938
navigation_time:
  sec: 4
  nanosec: 368000000
estimated_time_remaining:
  sec: 14
  nanosec: 939866482
number_of_recoveries: 0
distance_remaining: 3.5999996662139893

Feedback:
    current_pose:
  header:
    stamp:
      sec: 19
      nanosec: 920000000
    frame_id: map
  pose:
    position:
      x: 0.907227753792622
      y: -0.013516892936614627
      z: 0.0
    orientation:
      x: 0.0
      y: 0.0
      z: -0.004211311906951917
      w: 0.9999911323866938
navigation_time:
  sec: 4
  nanosec: 380000000
estimated_time_remaining:
  sec: 14
  nanosec: 939866482
number_of_recoveries: 0
distance_remaining: 3.5999996662139893

Feedback:
    current_pose:
  header:
    stamp:
      sec: 19
      nanosec: 940000000
    frame_id: map
  pose:
    position:
      x: 0.911548077231825
      y: -0.014272296501741255
      z: 0.0
    orientation:
      x: 0.0
      y: 0.0
      z: -0.0043428170340666875
      w: 0.9999905699256411
navigation_time:
  sec: 4
  nanosec: 388000000
estimated_time_remaining:
  sec: 14
  nanosec: 912492675
number_of_recoveries: 0
distance_remaining: 3.5999996662139893

Feedback:
    current_pose:
  header:
    stamp:
      sec: 19
      nanosec: 940000000
    frame_id: map
  pose:
    position:
      x: 0.911548077231825
      y: -0.014272296501741255
      z: 0.0
    orientation:
      x: 0.0
      y: 0.0
      z: -0.0043428170340666875
      w: 0.9999905699256411
navigation_time:
  sec: 4
  nanosec: 400000000
estimated_time_remaining:
  sec: 14
  nanosec: 912492675
number_of_recoveries: 0
distance_remaining: 3.5999996662139893

Feedback:
    current_pose:
  header:
    stamp:
      sec: 19
      nanosec: 960000000
    frame_id: map
  pose:
    position:
      x: 0.9158674033344085
      y: -0.015033983467537374
      z: 0.0
    orientation:
      x: 0.0
      y: 0.0
      z: -0.004474322064024179
      w: 0.9999899901709353
navigation_time:
  sec: 4
  nanosec: 408000000
estimated_time_remaining:
  sec: 14
  nanosec: 771032667
number_of_recoveries: 0
distance_remaining: 3.5749998092651367

Feedback:
    current_pose:
  header:
    stamp:
      sec: 19
      nanosec: 960000000
    frame_id: map
  pose:
    position:
      x: 0.9158674033344085
      y: -0.015033983467537374
      z: 0.0
    orientation:
      x: 0.0
      y: 0.0
      z: -0.004474322064024179
      w: 0.9999899901709353
navigation_time:
  sec: 4
  nanosec: 420000000
estimated_time_remaining:
  sec: 14
  nanosec: 771032667
number_of_recoveries: 0
distance_remaining: 3.5749998092651367

Feedback:
    current_pose:
  header:
    stamp:
      sec: 19
      nanosec: 980000000
    frame_id: map
  pose:
    position:
      x: 0.9201945698541972
      y: -0.015801985708571935
      z: 0.0
    orientation:
      x: 0.0
      y: 0.0
      z: -0.00458073586149696
      w: 0.9999895083744464
navigation_time:
  sec: 4
  nanosec: 428000000
estimated_time_remaining:
  sec: 14
  nanosec: 727056785
number_of_recoveries: 0
distance_remaining: 3.5749998092651367

Feedback:
    current_pose:
  header:
    stamp:
      sec: 19
      nanosec: 980000000
    frame_id: map
  pose:
    position:
      x: 0.9201945698541972
      y: -0.015801985708571935
      z: 0.0
    orientation:
      x: 0.0
      y: 0.0
      z: -0.00458073586149696
      w: 0.9999895083744464
navigation_time:
  sec: 4
  nanosec: 440000000
estimated_time_remaining:
  sec: 14
  nanosec: 727056785
number_of_recoveries: 0
distance_remaining: 3.5749998092651367

Feedback:
    current_pose:
  header:
    stamp:
      sec: 20
      nanosec: 0
    frame_id: map
  pose:
    position:
      x: 0.9245339964748518
      y: -0.01657590171115968
      z: 0.0
    orientation:
      x: 0.0
      y: 0.0
      z: -0.004649512838445851
      w: 0.9999891909567648
navigation_time:
  sec: 4
  nanosec: 448000000
estimated_time_remaining:
  sec: 14
  nanosec: 685781931
number_of_recoveries: 0
distance_remaining: 3.5749998092651367

Feedback:
    current_pose:
  header:
    stamp:
      sec: 20
      nanosec: 0
    frame_id: map
  pose:
    position:
      x: 0.9245339964748518
      y: -0.01657590171115968
      z: 0.0
    orientation:
      x: 0.0
      y: 0.0
      z: -0.004649512838445851
      w: 0.9999891909567648
navigation_time:
  sec: 4
  nanosec: 460000000
estimated_time_remaining:
  sec: 14
  nanosec: 685781931
number_of_recoveries: 0
distance_remaining: 3.5749998092651367

Feedback:
    current_pose:
  header:
    stamp:
      sec: 20
      nanosec: 20000000
    frame_id: map
  pose:
    position:
      x: 0.9295062914277038
      y: -0.01661996768939849
      z: 0.0
    orientation:
      x: 0.0
      y: 0.0
      z: -0.004212527690312259
      w: 0.9999911272658666
navigation_time:
  sec: 4
  nanosec: 468000000
estimated_time_remaining:
  sec: 14
  nanosec: 658668208
number_of_recoveries: 0
distance_remaining: 3.5749998092651367

Feedback:
    current_pose:
  header:
    stamp:
      sec: 20
      nanosec: 20000000
    frame_id: map
  pose:
    position:
      x: 0.9295062914277038
      y: -0.01661996768939849
      z: 0.0
    orientation:
      x: 0.0
      y: 0.0
      z: -0.004212527690312259
      w: 0.9999911272658666
navigation_time:
  sec: 4
  nanosec: 480000000
estimated_time_remaining:
  sec: 14
  nanosec: 658668208
number_of_recoveries: 0
distance_remaining: 3.5749998092651367

Feedback:
    current_pose:
  header:
    stamp:
      sec: 20
      nanosec: 40000000
    frame_id: map
  pose:
    position:
      x: 0.9344963712057253
      y: -0.016659446559054217
      z: 0.0
    orientation:
      x: 0.0
      y: 0.0
      z: -0.0036987569871703083
      w: 0.9999931595749791
navigation_time:
  sec: 4
  nanosec: 488000000
estimated_time_remaining:
  sec: 14
  nanosec: 640641844
number_of_recoveries: 0
distance_remaining: 3.5749998092651367

Feedback:
    current_pose:
  header:
    stamp:
      sec: 20
      nanosec: 40000000
    frame_id: map
  pose:
    position:
      x: 0.9344963712057253
      y: -0.016659446559054217
      z: 0.0
    orientation:
      x: 0.0
      y: 0.0
      z: -0.0036987569871703083
      w: 0.9999931595749791
navigation_time:
  sec: 4
  nanosec: 500000000
estimated_time_remaining:
  sec: 14
  nanosec: 640641844
number_of_recoveries: 0
distance_remaining: 3.5749998092651367

Feedback:
    current_pose:
  header:
    stamp:
      sec: 20
      nanosec: 60000000
    frame_id: map
  pose:
    position:
      x: 0.9394864889158862
      y: -0.016693797854820055
      z: 0.0
    orientation:
      x: 0.0
      y: 0.0
      z: -0.0031849852833873713
      w: 0.9999949279215092
navigation_time:
  sec: 4
  nanosec: 508000000
estimated_time_remaining:
  sec: 14
  nanosec: 512758315
number_of_recoveries: 0
distance_remaining: 3.549999713897705

Feedback:
    current_pose:
  header:
    stamp:
      sec: 20
      nanosec: 60000000
    frame_id: map
  pose:
    position:
      x: 0.9394864889158862
      y: -0.016693797854820055
      z: 0.0
    orientation:
      x: 0.0
      y: 0.0
      z: -0.0031849852833873713
      w: 0.9999949279215092
navigation_time:
  sec: 4
  nanosec: 520000000
estimated_time_remaining:
  sec: 14
  nanosec: 512758315
number_of_recoveries: 0
distance_remaining: 3.549999713897705

Feedback:
    current_pose:
  header:
    stamp:
      sec: 20
      nanosec: 80000000
    frame_id: map
  pose:
    position:
      x: 0.9444634218839887
      y: -0.016722933836266853
      z: 0.0
    orientation:
      x: 0.0
      y: 0.0
      z: -0.002663963832415698
      w: 0.9999964516420544
navigation_time:
  sec: 4
  nanosec: 528000000
estimated_time_remaining:
  sec: 14
  nanosec: 482593807
number_of_recoveries: 0
distance_remaining: 3.549999713897705

Feedback:
    current_pose:
  header:
    stamp:
      sec: 20
      nanosec: 80000000
    frame_id: map
  pose:
    position:
      x: 0.9444634218839887
      y: -0.016722933836266853
      z: 0.0
    orientation:
      x: 0.0
      y: 0.0
      z: -0.002663963832415698
      w: 0.9999964516420544
navigation_time:
  sec: 4
  nanosec: 540000000
estimated_time_remaining:
  sec: 14
  nanosec: 482593807
number_of_recoveries: 0
distance_remaining: 3.549999713897705

Feedback:
    current_pose:
  header:
    stamp:
      sec: 20
      nanosec: 100000000
    frame_id: map
  pose:
    position:
      x: 0.9494205565818902
      y: -0.016746708619330617
      z: 0.0
    orientation:
      x: 0.0
      y: 0.0
      z: -0.00213206827016009
      w: 0.9999977271398628
navigation_time:
  sec: 4
  nanosec: 548000000
estimated_time_remaining:
  sec: 14
  nanosec: 455179052
number_of_recoveries: 0
distance_remaining: 3.549999713897705

Feedback:
    current_pose:
  header:
    stamp:
      sec: 20
      nanosec: 100000000
    frame_id: map
  pose:
    position:
      x: 0.9494205565818902
      y: -0.016746708619330617
      z: 0.0
    orientation:
      x: 0.0
      y: 0.0
      z: -0.00213206827016009
      w: 0.9999977271398628
navigation_time:
  sec: 4
  nanosec: 560000000
estimated_time_remaining:
  sec: 14
  nanosec: 455179052
number_of_recoveries: 0
distance_remaining: 3.549999713897705

Feedback:
    current_pose:
  header:
    stamp:
      sec: 20
      nanosec: 120000000
    frame_id: map
  pose:
    position:
      x: 0.9543777137663721
      y: -0.0167652100188178
      z: 0.0
    orientation:
      x: 0.0
      y: 0.0
      z: -0.0016001721047107275
      w: 0.9999987197237981
navigation_time:
  sec: 4
  nanosec: 568000000
estimated_time_remaining:
  sec: 14
  nanosec: 428653554
number_of_recoveries: 0
distance_remaining: 3.549999713897705

Feedback:
    current_pose:
  header:
    stamp:
      sec: 20
      nanosec: 120000000
    frame_id: map
  pose:
    position:
      x: 0.9543777137663721
      y: -0.0167652100188178
      z: 0.0
    orientation:
      x: 0.0
      y: 0.0
      z: -0.0016001721047107275
      w: 0.9999987197237981
navigation_time:
  sec: 4
  nanosec: 576000000
estimated_time_remaining:
  sec: 14
  nanosec: 428653554
number_of_recoveries: 0
distance_remaining: 3.549999713897705

Feedback:
    current_pose:
  header:
    stamp:
      sec: 20
      nanosec: 140000000
    frame_id: map
  pose:
    position:
      x: 0.9593085022074367
      y: -0.016778096793384257
      z: 0.0
    orientation:
      x: 0.0
      y: 0.0
      z: -0.0010133533181366126
      w: 0.9999994865573946
navigation_time:
  sec: 4
  nanosec: 588000000
estimated_time_remaining:
  sec: 14
  nanosec: 404018068
number_of_recoveries: 0
distance_remaining: 3.549999713897705

Feedback:
    current_pose:
  header:
    stamp:
      sec: 20
      nanosec: 140000000
    frame_id: map
  pose:
    position:
      x: 0.9593085022074367
      y: -0.016778096793384257
      z: 0.0
    orientation:
      x: 0.0
      y: 0.0
      z: -0.0010133533181366126
      w: 0.9999994865573946
navigation_time:
  sec: 4
  nanosec: 600000000
estimated_time_remaining:
  sec: 14
  nanosec: 404018068
number_of_recoveries: 0
distance_remaining: 3.549999713897705

Feedback:
    current_pose:
  header:
    stamp:
      sec: 20
      nanosec: 140000000
    frame_id: map
  pose:
    position:
      x: 0.9593085022074367
      y: -0.016778096793384257
      z: 0.0
    orientation:
      x: 0.0
      y: 0.0
      z: -0.0010133533181366126
      w: 0.9999994865573946
navigation_time:
  sec: 4
  nanosec: 608000000
estimated_time_remaining:
  sec: 14
  nanosec: 404018068
number_of_recoveries: 0
distance_remaining: 3.549999713897705

Feedback:
    current_pose:
  header:
    stamp:
      sec: 20
      nanosec: 160000000
    frame_id: map
  pose:
    position:
      x: 0.9642393023769099
      y: -0.016785196596656296
      z: 0.0
    orientation:
      x: 0.0
      y: 0.0
      z: -0.0004265341651299715
      w: 0.9999999090342989
navigation_time:
  sec: 4
  nanosec: 616000000
estimated_time_remaining:
  sec: 14
  nanosec: 283000548
number_of_recoveries: 0
distance_remaining: 3.5249998569488525

Feedback:
    current_pose:
  header:
    stamp:
      sec: 20
      nanosec: 180000000
    frame_id: map
  pose:
    position:
      x: 0.969181534410806
      y: -0.01678652305832082
      z: 0.0
    orientation:
      x: 0.0
      y: 0.0
      z: 0.00015291504133203154
      w: 0.999999988308495
navigation_time:
  sec: 4
  nanosec: 628000000
estimated_time_remaining:
  sec: 14
  nanosec: 264849784
number_of_recoveries: 0
distance_remaining: 3.5249998569488525

Feedback:
    current_pose:
  header:
    stamp:
      sec: 20
      nanosec: 180000000
    frame_id: map
  pose:
    position:
      x: 0.969181534410806
      y: -0.01678652305832082
      z: 0.0
    orientation:
      x: 0.0
      y: 0.0
      z: 0.00015291504133203154
      w: 0.999999988308495
navigation_time:
  sec: 4
  nanosec: 640000000
estimated_time_remaining:
  sec: 14
  nanosec: 264849784
number_of_recoveries: 0
distance_remaining: 3.5249998569488525

Feedback:
    current_pose:
  header:
    stamp:
      sec: 20
      nanosec: 200000000
    frame_id: map
  pose:
    position:
      x: 0.9741409051266972
      y: -0.016782187455573413
      z: 0.0
    orientation:
      x: 0.0
      y: 0.0
      z: 0.0007213090443229586
      w: 0.9999997398565974
navigation_time:
  sec: 4
  nanosec: 648000000
estimated_time_remaining:
  sec: 14
  nanosec: 246271424
number_of_recoveries: 0
distance_remaining: 3.5249998569488525

Feedback:
    current_pose:
  header:
    stamp:
      sec: 20
      nanosec: 200000000
    frame_id: map
  pose:
    position:
      x: 0.9741409051266972
      y: -0.016782187455573413
      z: 0.0
    orientation:
      x: 0.0
      y: 0.0
      z: 0.0007213090443229586
      w: 0.9999997398565974
navigation_time:
  sec: 4
  nanosec: 660000000
estimated_time_remaining:
  sec: 14
  nanosec: 246271424
number_of_recoveries: 0
distance_remaining: 3.5249998569488525

Feedback:
    current_pose:
  header:
    stamp:
      sec: 20
      nanosec: 220000000
    frame_id: map
  pose:
    position:
      x: 0.9788670374915365
      y: -0.01725171353355981
      z: 0.0
    orientation:
      x: 0.0
      y: 0.0
      z: 0.0006198083837810171
      w: 0.9999998079187653
navigation_time:
  sec: 4
  nanosec: 668000000
estimated_time_remaining:
  sec: 14
  nanosec: 231431593
number_of_recoveries: 0
distance_remaining: 3.5249998569488525

Feedback:
    current_pose:
  header:
    stamp:
      sec: 20
      nanosec: 220000000
    frame_id: map
  pose:
    position:
      x: 0.9788670374915365
      y: -0.01725171353355981
      z: 0.0
    orientation:
      x: 0.0
      y: 0.0
      z: 0.0006198083837810171
      w: 0.9999998079187653
navigation_time:
  sec: 4
  nanosec: 680000000
estimated_time_remaining:
  sec: 14
  nanosec: 231431593
number_of_recoveries: 0
distance_remaining: 3.5249998569488525

Feedback:
    current_pose:
  header:
    stamp:
      sec: 20
      nanosec: 240000000
    frame_id: map
  pose:
    position:
      x: 0.9836232225384877
      y: -0.01772887968505463
      z: 0.0
    orientation:
      x: 0.0
      y: 0.0
      z: 0.0005068693299587584
      w: 0.999999871541733
navigation_time:
  sec: 4
  nanosec: 688000000
estimated_time_remaining:
  sec: 14
  nanosec: 216903276
number_of_recoveries: 0
distance_remaining: 3.5249998569488525

Feedback:
    current_pose:
  header:
    stamp:
      sec: 20
      nanosec: 240000000
    frame_id: map
  pose:
    position:
      x: 0.9836232225384877
      y: -0.01772887968505463
      z: 0.0
    orientation:
      x: 0.0
      y: 0.0
      z: 0.0005068693299587584
      w: 0.999999871541733
navigation_time:
  sec: 4
  nanosec: 700000000
estimated_time_remaining:
  sec: 14
  nanosec: 216903276
number_of_recoveries: 0
distance_remaining: 3.5249998569488525

Feedback:
    current_pose:
  header:
    stamp:
      sec: 20
      nanosec: 260000000
    frame_id: map
  pose:
    position:
      x: 0.9883776286551886
      y: -0.018213804617893202
      z: 0.0
    orientation:
      x: 0.0
      y: 0.0
      z: 0.00039393026596588887
      w: 0.9999999224094698
navigation_time:
  sec: 4
  nanosec: 708000000
estimated_time_remaining:
  sec: 14
  nanosec: 103833417
number_of_recoveries: 0
distance_remaining: 3.499999761581421

Feedback:
    current_pose:
  header:
    stamp:
      sec: 20
      nanosec: 260000000
    frame_id: map
  pose:
    position:
      x: 0.9883776286551886
      y: -0.018213804617893202
      z: 0.0
    orientation:
      x: 0.0
      y: 0.0
      z: 0.00039393026596588887
      w: 0.9999999224094698
navigation_time:
  sec: 4
  nanosec: 720000000
estimated_time_remaining:
  sec: 14
  nanosec: 103833417
number_of_recoveries: 0
distance_remaining: 3.499999761581421

Feedback:
    current_pose:
  header:
    stamp:
      sec: 20
      nanosec: 260000000
    frame_id: map
  pose:
    position:
      x: 0.9883776286551886
      y: -0.018213804617893202
      z: 0.0
    orientation:
      x: 0.0
      y: 0.0
      z: 0.00039393026596588887
      w: 0.9999999224094698
navigation_time:
  sec: 4
  nanosec: 728000000
estimated_time_remaining:
  sec: 14
  nanosec: 102602804
number_of_recoveries: 0
distance_remaining: 3.499999761581421

Feedback:
    current_pose:
  header:
    stamp:
      sec: 20
      nanosec: 280000000
    frame_id: map
  pose:
    position:
      x: 0.9930624750599525
      y: -0.018706463037603694
      z: 0.0
    orientation:
      x: 0.0
      y: 0.0
      z: 0.0002940911427368429
      w: 0.999999956755199
navigation_time:
  sec: 4
  nanosec: 740000000
estimated_time_remaining:
  sec: 14
  nanosec: 102602804
number_of_recoveries: 0
distance_remaining: 3.499999761581421

Feedback:
    current_pose:
  header:
    stamp:
      sec: 20
      nanosec: 300000000
    frame_id: map
  pose:
    position:
      x: 0.9977003412948232
      y: -0.01920654828765317
      z: 0.0
    orientation:
      x: 0.0
      y: 0.0
      z: 0.00020298532596152094
      w: 0.9999999793984786
navigation_time:
  sec: 4
  nanosec: 752000000
estimated_time_remaining:
  sec: 14
  nanosec: 112192620
number_of_recoveries: 0
distance_remaining: 3.499999761581421

Feedback:
    current_pose:
  header:
    stamp:
      sec: 20
      nanosec: 300000000
    frame_id: map
  pose:
    position:
      x: 0.9977003412948232
      y: -0.01920654828765317
      z: 0.0
    orientation:
      x: 0.0
      y: 0.0
      z: 0.00020298532596152094
      w: 0.9999999793984786
navigation_time:
  sec: 4
  nanosec: 760000000
estimated_time_remaining:
  sec: 14
  nanosec: 112192620
number_of_recoveries: 0
distance_remaining: 3.499999761581421

Feedback:
    current_pose:
  header:
    stamp:
      sec: 20
      nanosec: 300000000
    frame_id: map
  pose:
    position:
      x: 0.9977003412948232
      y: -0.01920654828765317
      z: 0.0
    orientation:
      x: 0.0
      y: 0.0
      z: 0.00020298532596152094
      w: 0.9999999793984786
navigation_time:
  sec: 4
  nanosec: 768000000
estimated_time_remaining:
  sec: 14
  nanosec: 112192620
number_of_recoveries: 0
distance_remaining: 3.499999761581421

Feedback:
    current_pose:
  header:
    stamp:
      sec: 20
      nanosec: 320000000
    frame_id: map
  pose:
    position:
      x: 1.0023363973765136
      y: -0.019713995247397004
      z: 0.0
    orientation:
      x: 0.0
      y: 0.0
      z: 0.00011187950750135571
      w: 0.9999999937414878
navigation_time:
  sec: 4
  nanosec: 780000000
estimated_time_remaining:
  sec: 14
  nanosec: 127788887
number_of_recoveries: 0
distance_remaining: 3.499999761581421

Feedback:
    current_pose:
  header:
    stamp:
      sec: 20
      nanosec: 340000000
    frame_id: map
  pose:
    position:
      x: 1.0069913035788953
      y: -0.020228792684028687
      z: 0.0
    orientation:
      x: 0.0
      y: 0.0
      z: 2.483701001477351e-05
      w: 0.9999999996915614
navigation_time:
  sec: 4
  nanosec: 788000000
estimated_time_remaining:
  sec: 14
  nanosec: 142758529
number_of_recoveries: 0
distance_remaining: 3.499999761581421

Feedback:
    current_pose:
  header:
    stamp:
      sec: 20
      nanosec: 340000000
    frame_id: map
  pose:
    position:
      x: 1.0069913035788953
      y: -0.020228792684028687
      z: 0.0
    orientation:
      x: 0.0
      y: 0.0
      z: 2.483701001477351e-05
      w: 0.9999999996915614
navigation_time:
  sec: 4
  nanosec: 800000000
estimated_time_remaining:
  sec: 14
  nanosec: 142758529
number_of_recoveries: 0
distance_remaining: 3.499999761581421

Feedback:
    current_pose:
  header:
    stamp:
      sec: 20
      nanosec: 360000000
    frame_id: map
  pose:
    position:
      x: 1.0116443796073071
      y: -0.02075093860160885
      z: 0.0
    orientation:
      x: 0.0
      y: 0.0
      z: -6.220548642349097e-05
      w: 0.9999999980652388
navigation_time:
  sec: 4
  nanosec: 808000000
estimated_time_remaining:
  sec: 14
  nanosec: 157498238
number_of_recoveries: 0
distance_remaining: 3.499999761581421

Feedback:
    current_pose:
  header:
    stamp:
      sec: 20
      nanosec: 360000000
    frame_id: map
  pose:
    position:
      x: 1.0116443796073071
      y: -0.02075093860160885
      z: 0.0
    orientation:
      x: 0.0
      y: 0.0
      z: -6.220548642349097e-05
      w: 0.9999999980652388
navigation_time:
  sec: 4
  nanosec: 820000000
estimated_time_remaining:
  sec: 14
  nanosec: 157498238
number_of_recoveries: 0
distance_remaining: 3.499999761581421

Feedback:
    current_pose:
  header:
    stamp:
      sec: 20
      nanosec: 360000000
    frame_id: map
  pose:
    position:
      x: 1.0116443796073071
      y: -0.02075093860160885
      z: 0.0
    orientation:
      x: 0.0
      y: 0.0
      z: -6.220548642349097e-05
      w: 0.9999999980652388
navigation_time:
  sec: 4
  nanosec: 828000000
estimated_time_remaining:
  sec: 14
  nanosec: 157498238
number_of_recoveries: 0
distance_remaining: 3.499999761581421

Feedback:
    current_pose:
  header:
    stamp:
      sec: 20
      nanosec: 380000000
    frame_id: map
  pose:
    position:
      x: 1.0163260453129987
      y: -0.021280428101365916
      z: 0.0
    orientation:
      x: 0.0
      y: 0.0
      z: -0.0001398923552611806
      w: 0.9999999902150646
navigation_time:
  sec: 4
  nanosec: 840000000
estimated_time_remaining:
  sec: 14
  nanosec: 69909083
number_of_recoveries: 0
distance_remaining: 3.4749996662139893

Feedback:
    current_pose:
  header:
    stamp:
      sec: 20
      nanosec: 400000000
    frame_id: map
  pose:
    position:
      x: 1.021051505743
      y: -0.02181717520378358
      z: 0.0
    orientation:
      x: 0.0
      y: 0.0
      z: -0.00020354576466458801
      w: 0.9999999792845606
navigation_time:
  sec: 4
  nanosec: 848000000
estimated_time_remaining:
  sec: 14
  nanosec: 75512118
number_of_recoveries: 0
distance_remaining: 3.4749996662139893

Feedback:
    current_pose:
  header:
    stamp:
      sec: 20
      nanosec: 400000000
    frame_id: map
  pose:
    position:
      x: 1.021051505743
      y: -0.02181717520378358
      z: 0.0
    orientation:
      x: 0.0
      y: 0.0
      z: -0.00020354576466458801
      w: 0.9999999792845606
navigation_time:
  sec: 4
  nanosec: 860000000
estimated_time_remaining:
  sec: 14
  nanosec: 75512118
number_of_recoveries: 0
distance_remaining: 3.4749996662139893

Feedback:
    current_pose:
  header:
    stamp:
      sec: 20
      nanosec: 420000000
    frame_id: map
  pose:
    position:
      x: 1.0260264940385617
      y: -0.021816184435817003
      z: 0.0
    orientation:
      x: 0.0
      y: 0.0
      z: 0.000402695561043158
      w: 0.9999999189181391
navigation_time:
  sec: 4
  nanosec: 872000000
estimated_time_remaining:
  sec: 14
  nanosec: 74107692
number_of_recoveries: 0
distance_remaining: 3.4749996662139893

Feedback:
    current_pose:
  header:
    stamp:
      sec: 20
      nanosec: 420000000
    frame_id: map
  pose:
    position:
      x: 1.0260264940385617
      y: -0.021816184435817003
      z: 0.0
    orientation:
      x: 0.0
      y: 0.0
      z: 0.000402695561043158
      w: 0.9999999189181391
navigation_time:
  sec: 4
  nanosec: 880000000
estimated_time_remaining:
  sec: 14
  nanosec: 74107692
number_of_recoveries: 0
distance_remaining: 3.4749996662139893

Feedback:
    current_pose:
  header:
    stamp:
      sec: 20
      nanosec: 440000000
    frame_id: map
  pose:
    position:
      x: 1.030999277022719
      y: -0.021809072387551705
      z: 0.0
    orientation:
      x: 0.0
      y: 0.0
      z: 0.0010274980566550888
      w: 0.9999994721237324
navigation_time:
  sec: 4
  nanosec: 888000000
estimated_time_remaining:
  sec: 14
  nanosec: 71134155
number_of_recoveries: 0
distance_remaining: 3.4749996662139893

Feedback:
    current_pose:
  header:
    stamp:
      sec: 20
      nanosec: 440000000
    frame_id: map
  pose:
    position:
      x: 1.030999277022719
      y: -0.021809072387551705
      z: 0.0
    orientation:
      x: 0.0
      y: 0.0
      z: 0.0010274980566550888
      w: 0.9999994721237324
navigation_time:
  sec: 4
  nanosec: 900000000
estimated_time_remaining:
  sec: 14
  nanosec: 71134155
number_of_recoveries: 0
distance_remaining: 3.4749996662139893

Feedback:
    current_pose:
  header:
    stamp:
      sec: 20
      nanosec: 440000000
    frame_id: map
  pose:
    position:
      x: 1.030999277022719
      y: -0.021809072387551705
      z: 0.0
    orientation:
      x: 0.0
      y: 0.0
      z: 0.0010274980566550888
      w: 0.9999994721237324
navigation_time:
  sec: 4
  nanosec: 908000000
estimated_time_remaining:
  sec: 14
  nanosec: 71134155
number_of_recoveries: 0
distance_remaining: 3.4749996662139893

Feedback:
    current_pose:
  header:
    stamp:
      sec: 20
      nanosec: 460000000
    frame_id: map
  pose:
    position:
      x: 1.0359720472370828
      y: -0.021795746330277074
      z: 0.0
    orientation:
      x: 0.0
      y: 0.0
      z: 0.001652300157044432
      w: 0.9999986349511638
navigation_time:
  sec: 4
  nanosec: 920000000
estimated_time_remaining:
  sec: 14
  nanosec: 66009891
number_of_recoveries: 0
distance_remaining: 3.4749996662139893

Feedback:
    current_pose:
  header:
    stamp:
      sec: 20
      nanosec: 480000000
    frame_id: map
  pose:
    position:
      x: 1.040983123312527
      y: -0.021776092265444386
      z: 0.0
    orientation:
      x: 0.0
      y: 0.0
      z: 0.0022516218151275753
      w: 0.9999974650963879
navigation_time:
  sec: 4
  nanosec: 928000000
estimated_time_remaining:
  sec: 13
  nanosec: 964815567
number_of_recoveries: 0
distance_remaining: 3.4499998092651367

Feedback:
    current_pose:
  header:
    stamp:
      sec: 20
      nanosec: 480000000
    frame_id: map
  pose:
    position:
      x: 1.040983123312527
      y: -0.021776092265444386
      z: 0.0
    orientation:
      x: 0.0
      y: 0.0
      z: 0.0022516218151275753
      w: 0.9999974650963879
navigation_time:
  sec: 4
  nanosec: 940000000
estimated_time_remaining:
  sec: 13
  nanosec: 954022762
number_of_recoveries: 0
distance_remaining: 3.4499998092651367

Feedback:
    current_pose:
  header:
    stamp:
      sec: 20
      nanosec: 500000000
    frame_id: map
  pose:
    position:
      x: 1.0460674788827906
      y: -0.02175034308714499
      z: 0.0
    orientation:
      x: 0.0
      y: 0.0
      z: 0.0028127229730411664
      w: 0.9999960442869145
navigation_time:
  sec: 4
  nanosec: 948000000
estimated_time_remaining:
  sec: 13
  nanosec: 934429105
number_of_recoveries: 0
distance_remaining: 3.4499998092651367

Feedback:
    current_pose:
  header:
    stamp:
      sec: 20
      nanosec: 500000000
    frame_id: map
  pose:
    position:
      x: 1.0460674788827906
      y: -0.02175034308714499
      z: 0.0
    orientation:
      x: 0.0
      y: 0.0
      z: 0.0028127229730411664
      w: 0.9999960442869145
navigation_time:
  sec: 4
  nanosec: 960000000
estimated_time_remaining:
  sec: 13
  nanosec: 934429105
number_of_recoveries: 0
distance_remaining: 3.4499998092651367

Feedback:
    current_pose:
  header:
    stamp:
      sec: 20
      nanosec: 520000000
    frame_id: map
  pose:
    position:
      x: 1.0511518023556983
      y: -0.02171888823229534
      z: 0.0
    orientation:
      x: 0.0
      y: 0.0
      z: 0.0033738232452833134
      w: 0.9999943086421591
navigation_time:
  sec: 4
  nanosec: 968000000
estimated_time_remaining:
  sec: 13
  nanosec: 910968262
number_of_recoveries: 0
distance_remaining: 3.4499998092651367

Feedback:
    current_pose:
  header:
    stamp:
      sec: 20
      nanosec: 520000000
    frame_id: map
  pose:
    position:
      x: 1.0511518023556983
      y: -0.02171888823229534
      z: 0.0
    orientation:
      x: 0.0
      y: 0.0
      z: 0.0033738232452833134
      w: 0.9999943086421591
navigation_time:
  sec: 4
  nanosec: 980000000
estimated_time_remaining:
  sec: 13
  nanosec: 910968262
number_of_recoveries: 0
distance_remaining: 3.4499998092651367

Feedback:
    current_pose:
  header:
    stamp:
      sec: 20
      nanosec: 540000000
    frame_id: map
  pose:
    position:
      x: 1.0563557944987887
      y: -0.021680879332798136
      z: 0.0
    orientation:
      x: 0.0
      y: 0.0
      z: 0.003928979622363996
      w: 0.9999922815297762
navigation_time:
  sec: 4
  nanosec: 988000000
estimated_time_remaining:
  sec: 13
  nanosec: 878632765
number_of_recoveries: 0
distance_remaining: 3.4499998092651367

Feedback:
    current_pose:
  header:
    stamp:
      sec: 20
      nanosec: 540000000
    frame_id: map
  pose:
    position:
      x: 1.0563557944987887
      y: -0.021680879332798136
      z: 0.0
    orientation:
      x: 0.0
      y: 0.0
      z: 0.003928979622363996
      w: 0.9999922815297762
navigation_time:
  sec: 5
  nanosec: 0
estimated_time_remaining:
  sec: 13
  nanosec: 878632765
number_of_recoveries: 0
distance_remaining: 3.4499998092651367

Feedback:
    current_pose:
  header:
    stamp:
      sec: 20
      nanosec: 560000000
    frame_id: map
  pose:
    position:
      x: 1.061569668460954
      y: -0.02163701324861969
      z: 0.0
    orientation:
      x: 0.0
      y: 0.0
      z: 0.004484134786317342
      w: 0.9999899462170698
navigation_time:
  sec: 5
  nanosec: 12000000
estimated_time_remaining:
  sec: 13
  nanosec: 837958883
number_of_recoveries: 0
distance_remaining: 3.4499998092651367

Feedback:
    current_pose:
  header:
    stamp:
      sec: 20
      nanosec: 560000000
    frame_id: map
  pose:
    position:
      x: 1.061569668460954
      y: -0.02163701324861969
      z: 0.0
    orientation:
      x: 0.0
      y: 0.0
      z: 0.004484134786317342
      w: 0.9999899462170698
navigation_time:
  sec: 5
  nanosec: 20000000
estimated_time_remaining:
  sec: 13
  nanosec: 837958883
number_of_recoveries: 0
distance_remaining: 3.4499998092651367

Feedback:
    current_pose:
  header:
    stamp:
      sec: 20
      nanosec: 580000000
    frame_id: map
  pose:
    position:
      x: 1.0668401186799545
      y: -0.02158683543443015
      z: 0.0
    orientation:
      x: 0.0
      y: 0.0
      z: 0.00502982905627831
      w: 0.9999873503298253
navigation_time:
  sec: 5
  nanosec: 28000000
estimated_time_remaining:
  sec: 13
  nanosec: 694568010
number_of_recoveries: 0
distance_remaining: 3.424999713897705

Feedback:
    current_pose:
  header:
    stamp:
      sec: 20
      nanosec: 580000000
    frame_id: map
  pose:
    position:
      x: 1.0668401186799545
      y: -0.02158683543443015
      z: 0.0
    orientation:
      x: 0.0
      y: 0.0
      z: 0.00502982905627831
      w: 0.9999873503298253
navigation_time:
  sec: 5
  nanosec: 40000000
estimated_time_remaining:
  sec: 13
  nanosec: 694568010
number_of_recoveries: 0
distance_remaining: 3.424999713897705

Feedback:
    current_pose:
  header:
    stamp:
      sec: 20
      nanosec: 600000000
    frame_id: map
  pose:
    position:
      x: 1.0721554550479493
      y: -0.021530495571924706
      z: 0.0
    orientation:
      x: 0.0
      y: 0.0
      z: 0.005569215496333767
      w: 0.9999844917991256
navigation_time:
  sec: 5
  nanosec: 52000000
estimated_time_remaining:
  sec: 13
  nanosec: 637338886
number_of_recoveries: 0
distance_remaining: 3.424999713897705

Feedback:
    current_pose:
  header:
    stamp:
      sec: 20
      nanosec: 600000000
    frame_id: map
  pose:
    position:
      x: 1.0721554550479493
      y: -0.021530495571924706
      z: 0.0
    orientation:
      x: 0.0
      y: 0.0
      z: 0.005569215496333767
      w: 0.9999844917991256
navigation_time:
  sec: 5
  nanosec: 60000000
estimated_time_remaining:
  sec: 13
  nanosec: 637338886
number_of_recoveries: 0
distance_remaining: 3.424999713897705

Feedback:
    current_pose:
  header:
    stamp:
      sec: 20
      nanosec: 620000000
    frame_id: map
  pose:
    position:
      x: 1.0770473634460958
      y: -0.02213618036503852
      z: 0.0
    orientation:
      x: 0.0
      y: 0.0
      z: 0.005359492034516904
      w: 0.9999856378194298
navigation_time:
  sec: 5
  nanosec: 68000000
estimated_time_remaining:
  sec: 13
  nanosec: 567313881
number_of_recoveries: 0
distance_remaining: 3.424999713897705

Feedback:
    current_pose:
  header:
    stamp:
      sec: 20
      nanosec: 620000000
    frame_id: map
  pose:
    position:
      x: 1.0770473634460958
      y: -0.02213618036503852
      z: 0.0
    orientation:
      x: 0.0
      y: 0.0
      z: 0.005359492034516904
      w: 0.9999856378194298
navigation_time:
  sec: 5
  nanosec: 80000000
estimated_time_remaining:
  sec: 13
  nanosec: 567313881
number_of_recoveries: 0
distance_remaining: 3.424999713897705

Feedback:
    current_pose:
  header:
    stamp:
      sec: 20
      nanosec: 620000000
    frame_id: map
  pose:
    position:
      x: 1.0770473634460958
      y: -0.02213618036503852
      z: 0.0
    orientation:
      x: 0.0
      y: 0.0
      z: 0.005359492034516904
      w: 0.9999856378194298
navigation_time:
  sec: 5
  nanosec: 88000000
estimated_time_remaining:
  sec: 13
  nanosec: 567313881
number_of_recoveries: 0
distance_remaining: 3.424999713897705

Feedback:
    current_pose:
  header:
    stamp:
      sec: 20
      nanosec: 640000000
    frame_id: map
  pose:
    position:
      x: 1.082009087491142
      y: -0.022751411924153697
      z: 0.0
    orientation:
      x: 0.0
      y: 0.0
      z: 0.005121024497097209
      w: 0.999986887468081
navigation_time:
  sec: 5
  nanosec: 100000000
estimated_time_remaining:
  sec: 13
  nanosec: 488258487
number_of_recoveries: 0
distance_remaining: 3.424999713897705

Feedback:
    current_pose:
  header:
    stamp:
      sec: 20
      nanosec: 660000000
    frame_id: map
  pose:
    position:
      x: 1.0869684600831742
      y: -0.02337718422883477
      z: 0.0
    orientation:
      x: 0.0
      y: 0.0
      z: 0.0048825566591623225
      w: 0.9999880802491947
navigation_time:
  sec: 5
  nanosec: 108000000
estimated_time_remaining:
  sec: 13
  nanosec: 405896439
number_of_recoveries: 0
distance_remaining: 3.424999713897705

Feedback:
    current_pose:
  header:
    stamp:
      sec: 20
      nanosec: 660000000
    frame_id: map
  pose:
    position:
      x: 1.0869684600831742
      y: -0.02337718422883477
      z: 0.0
    orientation:
      x: 0.0
      y: 0.0
      z: 0.0048825566591623225
      w: 0.9999880802491947
navigation_time:
  sec: 5
  nanosec: 120000000
estimated_time_remaining:
  sec: 13
  nanosec: 405896439
number_of_recoveries: 0
distance_remaining: 3.424999713897705

Feedback:
    current_pose:
  header:
    stamp:
      sec: 20
      nanosec: 680000000
    frame_id: map
  pose:
    position:
      x: 1.0918979453902329
      y: -0.024013794755441832
      z: 0.0
    orientation:
      x: 0.0
      y: 0.0
      z: 0.004620112761720528
      w: 0.9999893272220804
navigation_time:
  sec: 5
  nanosec: 128000000
estimated_time_remaining:
  sec: 13
  nanosec: 231150642
number_of_recoveries: 0
distance_remaining: 3.3999998569488525

Feedback:
    current_pose:
  header:
    stamp:
      sec: 20
      nanosec: 680000000
    frame_id: map
  pose:
    position:
      x: 1.0918979453902329
      y: -0.024013794755441832
      z: 0.0
    orientation:
      x: 0.0
      y: 0.0
      z: 0.004620112761720528
      w: 0.9999893272220804
navigation_time:
  sec: 5
  nanosec: 140000000
estimated_time_remaining:
  sec: 13
  nanosec: 231150642
number_of_recoveries: 0
distance_remaining: 3.3999998569488525

Feedback:
    current_pose:
  header:
    stamp:
      sec: 20
      nanosec: 680000000
    frame_id: map
  pose:
    position:
      x: 1.0918979453902329
      y: -0.024013794755441832
      z: 0.0
    orientation:
      x: 0.0
      y: 0.0
      z: 0.004620112761720528
      w: 0.9999893272220804
navigation_time:
  sec: 5
  nanosec: 148000000
estimated_time_remaining:
  sec: 13
  nanosec: 231150642
number_of_recoveries: 0
distance_remaining: 3.3999998569488525

Feedback:
    current_pose:
  header:
    stamp:
      sec: 20
      nanosec: 700000000
    frame_id: map
  pose:
    position:
      x: 1.0967837697258922
      y: -0.024661741666944716
      z: 0.0
    orientation:
      x: 0.0
      y: 0.0
      z: 0.00432170477947967
      w: 0.9999906613902947
navigation_time:
  sec: 5
  nanosec: 160000000
estimated_time_remaining:
  sec: 13
  nanosec: 163038154
number_of_recoveries: 0
distance_remaining: 3.3999998569488525

Feedback:
    current_pose:
  header:
    stamp:
      sec: 20
      nanosec: 720000000
    frame_id: map
  pose:
    position:
      x: 1.101667194344782
      y: -0.02532072041621156
      z: 0.0
    orientation:
      x: 0.0
      y: 0.0
      z: 0.004023296412265123
      w: 0.9999919065102374
navigation_time:
  sec: 5
  nanosec: 168000000
estimated_time_remaining:
  sec: 13
  nanosec: 104878908
number_of_recoveries: 0
distance_remaining: 3.3999998569488525

Feedback:
    current_pose:
  header:
    stamp:
      sec: 20
      nanosec: 720000000
    frame_id: map
  pose:
    position:
      x: 1.101667194344782
      y: -0.02532072041621156
      z: 0.0
    orientation:
      x: 0.0
      y: 0.0
      z: 0.004023296412265123
      w: 0.9999919065102374
navigation_time:
  sec: 5
  nanosec: 180000000
estimated_time_remaining:
  sec: 13
  nanosec: 104878908
number_of_recoveries: 0
distance_remaining: 3.3999998569488525

Feedback:
    current_pose:
  header:
    stamp:
      sec: 20
      nanosec: 740000000
    frame_id: map
  pose:
    position:
      x: 1.106531442818275
      y: -0.02599098054770661
      z: 0.0
    orientation:
      x: 0.0
      y: 0.0
      z: 0.00369319430972289
      w: 0.9999931801346401
navigation_time:
  sec: 5
  nanosec: 188000000
estimated_time_remaining:
  sec: 13
  nanosec: 52115094
number_of_recoveries: 0
distance_remaining: 3.3999998569488525

Feedback:
    current_pose:
  header:
    stamp:
      sec: 20
      nanosec: 740000000
    frame_id: map
  pose:
    position:
      x: 1.106531442818275
      y: -0.02599098054770661
      z: 0.0
    orientation:
      x: 0.0
      y: 0.0
      z: 0.00369319430972289
      w: 0.9999931801346401
navigation_time:
  sec: 5
  nanosec: 200000000
estimated_time_remaining:
  sec: 13
  nanosec: 52115094
number_of_recoveries: 0
distance_remaining: 3.3999998569488525

Feedback:
    current_pose:
  header:
    stamp:
      sec: 20
      nanosec: 760000000
    frame_id: map
  pose:
    position:
      x: 1.1113890670693667
      y: -0.026672666886872563
      z: 0.0
    orientation:
      x: 0.0
      y: 0.0
      z: 0.0033551684350403774
      w: 0.9999943714065457
navigation_time:
  sec: 5
  nanosec: 212000000
estimated_time_remaining:
  sec: 13
  nanosec: 1230718
number_of_recoveries: 0
distance_remaining: 3.3999998569488525

Feedback:
    current_pose:
  header:
    stamp:
      sec: 20
      nanosec: 760000000
    frame_id: map
  pose:
    position:
      x: 1.1113890670693667
      y: -0.026672666886872563
      z: 0.0
    orientation:
      x: 0.0
      y: 0.0
      z: 0.0033551684350403774
      w: 0.9999943714065457
navigation_time:
  sec: 5
  nanosec: 220000000
estimated_time_remaining:
  sec: 13
  nanosec: 1230718
number_of_recoveries: 0
distance_remaining: 3.3999998569488525

Feedback:
    current_pose:
  header:
    stamp:
      sec: 20
      nanosec: 780000000
    frame_id: map
  pose:
    position:
      x: 1.1162740438267498
      y: -0.027365553698788247
      z: 0.0
    orientation:
      x: 0.0
      y: 0.0
      z: 0.0030271150834842147
      w: 0.9999954182766397
navigation_time:
  sec: 5
  nanosec: 232000000
estimated_time_remaining:
  sec: 12
  nanosec: 948597785
number_of_recoveries: 0
distance_remaining: 3.3999998569488525

Feedback:
    current_pose:
  header:
    stamp:
      sec: 20
      nanosec: 780000000
    frame_id: map
  pose:
    position:
      x: 1.1162740438267498
      y: -0.027365553698788247
      z: 0.0
    orientation:
      x: 0.0
      y: 0.0
      z: 0.0030271150834842147
      w: 0.9999954182766397
navigation_time:
  sec: 5
  nanosec: 240000000
estimated_time_remaining:
  sec: 12
  nanosec: 948597785
number_of_recoveries: 0
distance_remaining: 3.3999998569488525

Feedback:
    current_pose:
  header:
    stamp:
      sec: 20
      nanosec: 780000000
    frame_id: map
  pose:
    position:
      x: 1.1162740438267498
      y: -0.027365553698788247
      z: 0.0
    orientation:
      x: 0.0
      y: 0.0
      z: 0.0030271150834842147
      w: 0.9999954182766397
navigation_time:
  sec: 5
  nanosec: 248000000
estimated_time_remaining:
  sec: 12
  nanosec: 948597785
number_of_recoveries: 0
distance_remaining: 3.3999998569488525

Feedback:
    current_pose:
  header:
    stamp:
      sec: 20
      nanosec: 800000000
    frame_id: map
  pose:
    position:
      x: 1.1212012565536218
      y: -0.02806946499650641
      z: 0.0
    orientation:
      x: 0.0
      y: 0.0
      z: 0.0027140207987079936
      w: 0.99999631703877
navigation_time:
  sec: 5
  nanosec: 260000000
estimated_time_remaining:
  sec: 12
  nanosec: 893623696
number_of_recoveries: 0
distance_remaining: 3.3999998569488525

Feedback:
    current_pose:
  header:
    stamp:
      sec: 20
      nanosec: 820000000
    frame_id: map
  pose:
    position:
      x: 1.1265737234378121
      y: -0.028037960095774004
      z: 0.0
    orientation:
      x: 0.0
      y: 0.0
      z: 0.003150043959428507
      w: 0.9999950385992191
navigation_time:
  sec: 5
  nanosec: 268000000
estimated_time_remaining:
  sec: 12
  nanosec: 655300999
number_of_recoveries: 0
distance_remaining: 3.3499996662139893

Feedback:
    current_pose:
  header:
    stamp:
      sec: 20
      nanosec: 820000000
    frame_id: map
  pose:
    position:
      x: 1.1265737234378121
      y: -0.028037960095774004
      z: 0.0
    orientation:
      x: 0.0
      y: 0.0
      z: 0.003150043959428507
      w: 0.9999950385992191
navigation_time:
  sec: 5
  nanosec: 280000000
estimated_time_remaining:
  sec: 12
  nanosec: 655300999
number_of_recoveries: 0
distance_remaining: 3.3499996662139893

Feedback:
    current_pose:
  header:
    stamp:
      sec: 20
      nanosec: 840000000
    frame_id: map
  pose:
    position:
      x: 1.1319124831412688
      y: -0.028001821871339542
      z: 0.0
    orientation:
      x: 0.0
      y: 0.0
      z: 0.0036188695279169565
      w: 0.999993451870231
navigation_time:
  sec: 5
  nanosec: 292000000
estimated_time_remaining:
  sec: 12
  nanosec: 614898249
number_of_recoveries: 0
distance_remaining: 3.3499996662139893

Feedback:
    current_pose:
  header:
    stamp:
      sec: 20
      nanosec: 840000000
    frame_id: map
  pose:
    position:
      x: 1.1319124831412688
      y: -0.028001821871339542
      z: 0.0
    orientation:
      x: 0.0
      y: 0.0
      z: 0.0036188695279169565
      w: 0.999993451870231
navigation_time:
  sec: 5
  nanosec: 300000000
estimated_time_remaining:
  sec: 12
  nanosec: 614898249
number_of_recoveries: 0
distance_remaining: 3.3499996662139893

Feedback:
    current_pose:
  header:
    stamp:
      sec: 20
      nanosec: 860000000
    frame_id: map
  pose:
    position:
      x: 1.1372512066124418
      y: -0.027960677740603367
      z: 0.0
    orientation:
      x: 0.0
      y: 0.0
      z: 0.004087694311460589
      w: 0.9999916453427078
navigation_time:
  sec: 5
  nanosec: 308000000
estimated_time_remaining:
  sec: 12
  nanosec: 586075478
number_of_recoveries: 0
distance_remaining: 3.3499996662139893

Feedback:
    current_pose:
  header:
    stamp:
      sec: 20
      nanosec: 860000000
    frame_id: map
  pose:
    position:
      x: 1.1372512066124418
      y: -0.027960677740603367
      z: 0.0
    orientation:
      x: 0.0
      y: 0.0
      z: 0.004087694311460589
      w: 0.9999916453427078
navigation_time:
  sec: 5
  nanosec: 320000000
estimated_time_remaining:
  sec: 12
  nanosec: 586075478
number_of_recoveries: 0
distance_remaining: 3.3499996662139893

Feedback:
    current_pose:
  header:
    stamp:
      sec: 20
      nanosec: 880000000
    frame_id: map
  pose:
    position:
      x: 1.1425922051667678
      y: -0.027914439143144107
      z: 0.0
    orientation:
      x: 0.0
      y: 0.0
      z: 0.0045882886072999545
      w: 0.9999894737484272
navigation_time:
  sec: 5
  nanosec: 328000000
estimated_time_remaining:
  sec: 12
  nanosec: 566755368
number_of_recoveries: 0
distance_remaining: 3.3499996662139893

Feedback:
    current_pose:
  header:
    stamp:
      sec: 20
      nanosec: 880000000
    frame_id: map
  pose:
    position:
      x: 1.1425922051667678
      y: -0.027914439143144107
      z: 0.0
    orientation:
      x: 0.0
      y: 0.0
      z: 0.0045882886072999545
      w: 0.9999894737484272
navigation_time:
  sec: 5
  nanosec: 340000000
estimated_time_remaining:
  sec: 12
  nanosec: 566755368
number_of_recoveries: 0
distance_remaining: 3.3499996662139893

Feedback:
    current_pose:
  header:
    stamp:
      sec: 20
      nanosec: 900000000
    frame_id: map
  pose:
    position:
      x: 1.1479366261613149
      y: -0.027862463734149957
      z: 0.0
    orientation:
      x: 0.0
      y: 0.0
      z: 0.005136537299753837
      w: 0.9999868079052685
navigation_time:
  sec: 5
  nanosec: 352000000
estimated_time_remaining:
  sec: 12
  nanosec: 551958304
number_of_recoveries: 0
distance_remaining: 3.3499996662139893

Feedback:
    current_pose:
  header:
    stamp:
      sec: 20
      nanosec: 900000000
    frame_id: map
  pose:
    position:
      x: 1.1479366261613149
      y: -0.027862463734149957
      z: 0.0
    orientation:
      x: 0.0
      y: 0.0
      z: 0.005136537299753837
      w: 0.9999868079052685
navigation_time:
  sec: 5
  nanosec: 360000000
estimated_time_remaining:
  sec: 12
  nanosec: 551958304
number_of_recoveries: 0
distance_remaining: 3.3499996662139893

Feedback:
    current_pose:
  header:
    stamp:
      sec: 20
      nanosec: 920000000
    frame_id: map
  pose:
    position:
      x: 1.1532809869514107
      y: -0.027804628144559772
      z: 0.0
    orientation:
      x: 0.0
      y: 0.0
      z: 0.00568478445051504
      w: 0.9999838414823269
navigation_time:
  sec: 5
  nanosec: 372000000
estimated_time_remaining:
  sec: 12
  nanosec: 544392198
number_of_recoveries: 0
distance_remaining: 3.3499996662139893

Feedback:
    current_pose:
  header:
    stamp:
      sec: 20
      nanosec: 920000000
    frame_id: map
  pose:
    position:
      x: 1.1532809869514107
      y: -0.027804628144559772
      z: 0.0
    orientation:
      x: 0.0
      y: 0.0
      z: 0.00568478445051504
      w: 0.9999838414823269
navigation_time:
  sec: 5
  nanosec: 380000000
estimated_time_remaining:
  sec: 12
  nanosec: 544392198
number_of_recoveries: 0
distance_remaining: 3.3499996662139893

Feedback:
    current_pose:
  header:
    stamp:
      sec: 20
      nanosec: 940000000
    frame_id: map
  pose:
    position:
      x: 1.1587047703070696
      y: -0.02773984827705743
      z: 0.0
    orientation:
      x: 0.0
      y: 0.0
      z: 0.006258244169334121
      w: 0.9999804169982114
navigation_time:
  sec: 5
  nanosec: 388000000
estimated_time_remaining:
  sec: 12
  nanosec: 534302883
number_of_recoveries: 0
distance_remaining: 3.3499996662139893

Feedback:
    current_pose:
  header:
    stamp:
      sec: 20
      nanosec: 940000000
    frame_id: map
  pose:
    position:
      x: 1.1587047703070696
      y: -0.02773984827705743
      z: 0.0
    orientation:
      x: 0.0
      y: 0.0
      z: 0.006258244169334121
      w: 0.9999804169982114
navigation_time:
  sec: 5
  nanosec: 400000000
estimated_time_remaining:
  sec: 12
  nanosec: 534302883
number_of_recoveries: 0
distance_remaining: 3.3499996662139893

Feedback:
    current_pose:
  header:
    stamp:
      sec: 20
      nanosec: 940000000
    frame_id: map
  pose:
    position:
      x: 1.1587047703070696
      y: -0.02773984827705743
      z: 0.0
    orientation:
      x: 0.0
      y: 0.0
      z: 0.006258244169334121
      w: 0.9999804169982114
navigation_time:
  sec: 5
  nanosec: 408000000
estimated_time_remaining:
  sec: 12
  nanosec: 534302883
number_of_recoveries: 0
distance_remaining: 3.3499996662139893

Feedback:
    current_pose:
  header:
    stamp:
      sec: 20
      nanosec: 960000000
    frame_id: map
  pose:
    position:
      x: 1.16412847579701
      y: -0.02766884769989268
      z: 0.0
    orientation:
      x: 0.0
      y: 0.0
      z: 0.006831701837815404
      w: 0.9999766636527071
navigation_time:
  sec: 5
  nanosec: 420000000
estimated_time_remaining:
  sec: 12
  nanosec: 430232427
number_of_recoveries: 0
distance_remaining: 3.3249998092651367

Feedback:
    current_pose:
  header:
    stamp:
      sec: 20
      nanosec: 980000000
    frame_id: map
  pose:
    position:
      x: 1.1695862672629533
      y: -0.027591084994582658
      z: 0.0
    orientation:
      x: 0.0
      y: 0.0
      z: 0.007424646384400721
      w: 0.999972436933172
navigation_time:
  sec: 5
  nanosec: 428000000
estimated_time_remaining:
  sec: 12
  nanosec: 422473094
number_of_recoveries: 0
distance_remaining: 3.3249998092651367

Feedback:
    current_pose:
  header:
    stamp:
      sec: 20
      nanosec: 980000000
    frame_id: map
  pose:
    position:
      x: 1.1695862672629533
      y: -0.027591084994582658
      z: 0.0
    orientation:
      x: 0.0
      y: 0.0
      z: 0.007424646384400721
      w: 0.999972436933172
navigation_time:
  sec: 5
  nanosec: 440000000
estimated_time_remaining:
  sec: 12
  nanosec: 422473094
number_of_recoveries: 0
distance_remaining: 3.3249998092651367

Feedback:
    current_pose:
  header:
    stamp:
      sec: 21
      nanosec: 0
    frame_id: map
  pose:
    position:
      x: 1.1751006535645827
      y: -0.027505761678632088
      z: 0.0
    orientation:
      x: 0.0
      y: 0.0
      z: 0.008046821906113505
      w: 0.9999676238044966
navigation_time:
  sec: 5
  nanosec: 448000000
estimated_time_remaining:
  sec: 12
  nanosec: 406154207
number_of_recoveries: 0
distance_remaining: 3.3249998092651367

Feedback:
    current_pose:
  header:
    stamp:
      sec: 21
      nanosec: 0
    frame_id: map
  pose:
    position:
      x: 1.1751006535645827
      y: -0.027505761678632088
      z: 0.0
    orientation:
      x: 0.0
      y: 0.0
      z: 0.008046821906113505
      w: 0.9999676238044966
navigation_time:
  sec: 5
  nanosec: 460000000
estimated_time_remaining:
  sec: 12
  nanosec: 406154207
number_of_recoveries: 0
distance_remaining: 3.3249998092651367

Feedback:
    current_pose:
  header:
    stamp:
      sec: 21
      nanosec: 0
    frame_id: map
  pose:
    position:
      x: 1.1751006535645827
      y: -0.027505761678632088
      z: 0.0
    orientation:
      x: 0.0
      y: 0.0
      z: 0.008046821906113505
      w: 0.9999676238044966
navigation_time:
  sec: 5
  nanosec: 468000000
estimated_time_remaining:
  sec: 12
  nanosec: 380831319
number_of_recoveries: 0
distance_remaining: 3.3249998092651367

Feedback:
    current_pose:
  header:
    stamp:
      sec: 21
      nanosec: 20000000
    frame_id: map
  pose:
    position:
      x: 1.179985735575979
      y: -0.028531408558742696
      z: 0.0
    orientation:
      x: 0.0
      y: 0.0
      z: 0.007965960388888627
      w: 0.9999682712341841
navigation_time:
  sec: 5
  nanosec: 480000000
estimated_time_remaining:
  sec: 12
  nanosec: 380831319
number_of_recoveries: 0
distance_remaining: 3.3249998092651367

Feedback:
    current_pose:
  header:
    stamp:
      sec: 21
      nanosec: 40000000
    frame_id: map
  pose:
    position:
      x: 1.1847650750065823
      y: -0.02956706010934278
      z: 0.0
    orientation:
      x: 0.0
      y: 0.0
      z: 0.00790222615922292
      w: 0.9999687769234239
navigation_time:
  sec: 5
  nanosec: 492000000
estimated_time_remaining:
  sec: 12
  nanosec: 360078441
number_of_recoveries: 0
distance_remaining: 3.3249998092651367

Feedback:
    current_pose:
  header:
    stamp:
      sec: 21
      nanosec: 40000000
    frame_id: map
  pose:
    position:
      x: 1.1847650750065823
      y: -0.02956706010934278
      z: 0.0
    orientation:
      x: 0.0
      y: 0.0
      z: 0.00790222615922292
      w: 0.9999687769234239
navigation_time:
  sec: 5
  nanosec: 496000000
estimated_time_remaining:
  sec: 12
  nanosec: 360078441
number_of_recoveries: 0
distance_remaining: 3.3249998092651367

Feedback:
    current_pose:
  header:
    stamp:
      sec: 21
      nanosec: 60000000
    frame_id: map
  pose:
    position:
      x: 1.1895421674019886
      y: -0.030610890091809187
      z: 0.0
    orientation:
      x: 0.0
      y: 0.0
      z: 0.00783849190314358
      w: 0.9999692785504385
navigation_time:
  sec: 5
  nanosec: 512000000
estimated_time_remaining:
  sec: 12
  nanosec: 252782068
number_of_recoveries: 0
distance_remaining: 3.299999713897705

Feedback:
    current_pose:
  header:
    stamp:
      sec: 21
      nanosec: 60000000
    frame_id: map
  pose:
    position:
      x: 1.1895421674019886
      y: -0.030610890091809187
      z: 0.0
    orientation:
      x: 0.0
      y: 0.0
      z: 0.00783849190314358
      w: 0.9999692785504385
navigation_time:
  sec: 5
  nanosec: 520000000
estimated_time_remaining:
  sec: 12
  nanosec: 252782068
number_of_recoveries: 0
distance_remaining: 3.299999713897705

Feedback:
    current_pose:
  header:
    stamp:
      sec: 21
      nanosec: 80000000
    frame_id: map
  pose:
    position:
      x: 1.1943134455091615
      y: -0.031662952861134484
      z: 0.0
    orientation:
      x: 0.0
      y: 0.0
      z: 0.007772271599348556
      w: 0.9999697954409353
navigation_time:
  sec: 5
  nanosec: 528000000
estimated_time_remaining:
  sec: 12
  nanosec: 237218853
number_of_recoveries: 0
distance_remaining: 3.299999713897705

Feedback:
    current_pose:
  header:
    stamp:
      sec: 21
      nanosec: 80000000
    frame_id: map
  pose:
    position:
      x: 1.1943134455091615
      y: -0.031662952861134484
      z: 0.0
    orientation:
      x: 0.0
      y: 0.0
      z: 0.007772271599348556
      w: 0.9999697954409353
navigation_time:
  sec: 5
  nanosec: 540000000
estimated_time_remaining:
  sec: 12
  nanosec: 237218853
number_of_recoveries: 0
distance_remaining: 3.299999713897705

Feedback:
    current_pose:
  header:
    stamp:
      sec: 21
      nanosec: 80000000
    frame_id: map
  pose:
    position:
      x: 1.1943134455091615
      y: -0.031662952861134484
      z: 0.0
    orientation:
      x: 0.0
      y: 0.0
      z: 0.007772271599348556
      w: 0.9999697954409353
navigation_time:
  sec: 5
  nanosec: 548000000
estimated_time_remaining:
  sec: 12
  nanosec: 224765183
number_of_recoveries: 0
distance_remaining: 3.299999713897705

Feedback:
    current_pose:
  header:
    stamp:
      sec: 21
      nanosec: 100000000
    frame_id: map
  pose:
    position:
      x: 1.199068231688784
      y: -0.032723481886950886
      z: 0.0
    orientation:
      x: 0.0
      y: 0.0
      z: 0.007696107173233436
      w: 0.999970384528651
navigation_time:
  sec: 5
  nanosec: 560000000
estimated_time_remaining:
  sec: 12
  nanosec: 224765183
number_of_recoveries: 0
distance_remaining: 3.299999713897705

Feedback:
    current_pose:
  header:
    stamp:
      sec: 21
      nanosec: 120000000
    frame_id: map
  pose:
    position:
      x: 1.203820737529286
      y: -0.033792286612333085
      z: 0.0
    orientation:
      x: 0.0
      y: 0.0
      z: 0.007619942702419017
      w: 0.999970967815172
navigation_time:
  sec: 5
  nanosec: 568000000
estimated_time_remaining:
  sec: 12
  nanosec: 218606684
number_of_recoveries: 0
distance_remaining: 3.299999713897705

Feedback:
    current_pose:
  header:
    stamp:
      sec: 21
      nanosec: 120000000
    frame_id: map
  pose:
    position:
      x: 1.203820737529286
      y: -0.033792286612333085
      z: 0.0
    orientation:
      x: 0.0
      y: 0.0
      z: 0.007619942702419017
      w: 0.999970967815172
navigation_time:
  sec: 5
  nanosec: 580000000
estimated_time_remaining:
  sec: 12
  nanosec: 218606684
number_of_recoveries: 0
distance_remaining: 3.299999713897705

Feedback:
    current_pose:
  header:
    stamp:
      sec: 21
      nanosec: 120000000
    frame_id: map
  pose:
    position:
      x: 1.203820737529286
      y: -0.033792286612333085
      z: 0.0
    orientation:
      x: 0.0
      y: 0.0
      z: 0.007619942702419017
      w: 0.999970967815172
navigation_time:
  sec: 5
  nanosec: 588000000
estimated_time_remaining:
  sec: 12
  nanosec: 218606684
number_of_recoveries: 0
distance_remaining: 3.299999713897705

Feedback:
    current_pose:
  header:
    stamp:
      sec: 21
      nanosec: 140000000
    frame_id: map
  pose:
    position:
      x: 1.2084773278978216
      y: -0.034870418231090126
      z: 0.0
    orientation:
      x: 0.0
      y: 0.0
      z: 0.007600289724479063
      w: 0.9999711173809491
navigation_time:
  sec: 5
  nanosec: 600000000
estimated_time_remaining:
  sec: 12
  nanosec: 222231384
number_of_recoveries: 0
distance_remaining: 3.299999713897705

Feedback:
    current_pose:
  header:
    stamp:
      sec: 21
      nanosec: 140000000
    frame_id: map
  pose:
    position:
      x: 1.2084773278978216
      y: -0.034870418231090126
      z: 0.0
    orientation:
      x: 0.0
      y: 0.0
      z: 0.007600289724479063
      w: 0.9999711173809491
navigation_time:
  sec: 5
  nanosec: 608000000
estimated_time_remaining:
  sec: 12
  nanosec: 222231384
number_of_recoveries: 0
distance_remaining: 3.299999713897705

Feedback:
    current_pose:
  header:
    stamp:
      sec: 21
      nanosec: 160000000
    frame_id: map
  pose:
    position:
      x: 1.2131316042238958
      y: -0.035956074208781524
      z: 0.0
    orientation:
      x: 0.0
      y: 0.0
      z: 0.007580636761751537
      w: 0.999971266560338
navigation_time:
  sec: 5
  nanosec: 620000000
estimated_time_remaining:
  sec: 12
  nanosec: 137450330
number_of_recoveries: 0
distance_remaining: 3.2749998569488525

Feedback:
    current_pose:
  header:
    stamp:
      sec: 21
      nanosec: 160000000
    frame_id: map
  pose:
    position:
      x: 1.2131316042238958
      y: -0.035956074208781524
      z: 0.0
    orientation:
      x: 0.0
      y: 0.0
      z: 0.007580636761751537
      w: 0.999971266560338
navigation_time:
  sec: 5
  nanosec: 628000000
estimated_time_remaining:
  sec: 12
  nanosec: 144875081
number_of_recoveries: 0
distance_remaining: 3.2749998569488525

Feedback:
    current_pose:
  header:
    stamp:
      sec: 21
      nanosec: 180000000
    frame_id: map
  pose:
    position:
      x: 1.2177555219150475
      y: -0.037049649824821014
      z: 0.0
    orientation:
      x: 0.0
      y: 0.0
      z: 0.007569472052360544
      w: 0.9999713511360454
navigation_time:
  sec: 5
  nanosec: 640000000
estimated_time_remaining:
  sec: 12
  nanosec: 144875081
number_of_recoveries: 0
distance_remaining: 3.2749998569488525

Feedback:
    current_pose:
  header:
    stamp:
      sec: 21
      nanosec: 200000000
    frame_id: map
  pose:
    position:
      x: 1.222335050154533
      y: -0.03815111479492081
      z: 0.0
    orientation:
      x: 0.0
      y: 0.0
      z: 0.007571039743726847
      w: 0.9999713392678806
navigation_time:
  sec: 5
  nanosec: 652000000
estimated_time_remaining:
  sec: 12
  nanosec: 157412796
number_of_recoveries: 0
distance_remaining: 3.2749998569488525

Feedback:
    current_pose:
  header:
    stamp:
      sec: 21
      nanosec: 200000000
    frame_id: map
  pose:
    position:
      x: 1.222335050154533
      y: -0.03815111479492081
      z: 0.0
    orientation:
      x: 0.0
      y: 0.0
      z: 0.007571039743726847
      w: 0.9999713392678806
navigation_time:
  sec: 5
  nanosec: 660000000
estimated_time_remaining:
  sec: 12
  nanosec: 157412796
number_of_recoveries: 0
distance_remaining: 3.2749998569488525

Feedback:
    current_pose:
  header:
    stamp:
      sec: 21
      nanosec: 200000000
    frame_id: map
  pose:
    position:
      x: 1.222335050154533
      y: -0.03815111479492081
      z: 0.0
    orientation:
      x: 0.0
      y: 0.0
      z: 0.007571039743726847
      w: 0.9999713392678806
navigation_time:
  sec: 5
  nanosec: 664000000
estimated_time_remaining:
  sec: 12
  nanosec: 157412796
number_of_recoveries: 0
distance_remaining: 3.2749998569488525

Feedback:
    current_pose:
  header:
    stamp:
      sec: 21
      nanosec: 220000000
    frame_id: map
  pose:
    position:
      x: 1.2275577325772873
      y: -0.03806832121257421
      z: 0.0
    orientation:
      x: 0.0
      y: 0.0
      z: 0.008301960165173927
      w: 0.999965538134898
navigation_time:
  sec: 5
  nanosec: 680000000
estimated_time_remaining:
  sec: 12
  nanosec: 173830866
number_of_recoveries: 0
distance_remaining: 3.2749998569488525

Feedback:
    current_pose:
  header:
    stamp:
      sec: 21
      nanosec: 220000000
    frame_id: map
  pose:
    position:
      x: 1.2275577325772873
      y: -0.03806832121257421
      z: 0.0
    orientation:
      x: 0.0
      y: 0.0
      z: 0.008301960165173927
      w: 0.999965538134898
navigation_time:
  sec: 5
  nanosec: 688000000
estimated_time_remaining:
  sec: 12
  nanosec: 173830866
number_of_recoveries: 0
distance_remaining: 3.2749998569488525

Feedback:
    current_pose:
  header:
    stamp:
      sec: 21
      nanosec: 240000000
    frame_id: map
  pose:
    position:
      x: 1.2327535487918448
      y: -0.03797769530365368
      z: 0.0
    orientation:
      x: 0.0
      y: 0.0
      z: 0.009138141698839392
      w: 0.9999582463114606
navigation_time:
  sec: 5
  nanosec: 700000000
estimated_time_remaining:
  sec: 12
  nanosec: 192909349
number_of_recoveries: 0
distance_remaining: 3.2749998569488525

Feedback:
    current_pose:
  header:
    stamp:
      sec: 21
      nanosec: 260000000
    frame_id: map
  pose:
    position:
      x: 1.237949206174949
      y: -0.03787837990352329
      z: 0.0
    orientation:
      x: 0.0
      y: 0.0
      z: 0.00997431687162013
      w: 0.9999502552642028
navigation_time:
  sec: 5
  nanosec: 708000000
estimated_time_remaining:
  sec: 12
  nanosec: 126331270
number_of_recoveries: 0
distance_remaining: 3.249999761581421

Feedback:
    current_pose:
  header:
    stamp:
      sec: 21
      nanosec: 260000000
    frame_id: map
  pose:
    position:
      x: 1.237949206174949
      y: -0.03787837990352329
      z: 0.0
    orientation:
      x: 0.0
      y: 0.0
      z: 0.00997431687162013
      w: 0.9999502552642028
navigation_time:
  sec: 5
  nanosec: 720000000
estimated_time_remaining:
  sec: 12
  nanosec: 126331270
number_of_recoveries: 0
distance_remaining: 3.249999761581421

Feedback:
    current_pose:
  header:
    stamp:
      sec: 21
      nanosec: 280000000
    frame_id: map
  pose:
    position:
      x: 1.2431390303314862
      y: -0.03777047835319035
      z: 0.0
    orientation:
      x: 0.0
      y: 0.0
      z: 0.010818893684057144
      w: 0.9999414740570834
navigation_time:
  sec: 5
  nanosec: 728000000
estimated_time_remaining:
  sec: 12
  nanosec: 158994906
number_of_recoveries: 0
distance_remaining: 3.249999761581421

Feedback:
    current_pose:
  header:
    stamp:
      sec: 21
      nanosec: 280000000
    frame_id: map
  pose:
    position:
      x: 1.2431390303314862
      y: -0.03777047835319035
      z: 0.0
    orientation:
      x: 0.0
      y: 0.0
      z: 0.010818893684057144
      w: 0.9999414740570834
navigation_time:
  sec: 5
  nanosec: 740000000
estimated_time_remaining:
  sec: 12
  nanosec: 158994906
number_of_recoveries: 0
distance_remaining: 3.249999761581421

Feedback:
    current_pose:
  header:
    stamp:
      sec: 21
      nanosec: 300000000
    frame_id: map
  pose:
    position:
      x: 1.2483201736563314
      y: -0.03765390656085911
      z: 0.0
    orientation:
      x: 0.0
      y: 0.0
      z: 0.011676075595252758
      w: 0.9999318323059299
navigation_time:
  sec: 5
  nanosec: 748000000
estimated_time_remaining:
  sec: 12
  nanosec: 195289516
number_of_recoveries: 0
distance_remaining: 3.249999761581421

Feedback:
    current_pose:
  header:
    stamp:
      sec: 21
      nanosec: 300000000
    frame_id: map
  pose:
    position:
      x: 1.2483201736563314
      y: -0.03765390656085911
      z: 0.0
    orientation:
      x: 0.0
      y: 0.0
      z: 0.011676075595252758
      w: 0.9999318323059299
navigation_time:
  sec: 5
  nanosec: 760000000
estimated_time_remaining:
  sec: 12
  nanosec: 195289516
number_of_recoveries: 0
distance_remaining: 3.249999761581421

Feedback:
    current_pose:
  header:
    stamp:
      sec: 21
      nanosec: 320000000
    frame_id: map
  pose:
    position:
      x: 1.2535011095073982
      y: -0.0375284520173699
      z: 0.0
    orientation:
      x: 0.0
      y: 0.0
      z: 0.01253324892624133
      w: 0.9999214557510769
navigation_time:
  sec: 5
  nanosec: 768000000
estimated_time_remaining:
  sec: 12
  nanosec: 238953251
number_of_recoveries: 0
distance_remaining: 3.249999761581421

Feedback:
    current_pose:
  header:
    stamp:
      sec: 21
      nanosec: 320000000
    frame_id: map
  pose:
    position:
      x: 1.2535011095073982
      y: -0.0375284520173699
      z: 0.0
    orientation:
      x: 0.0
      y: 0.0
      z: 0.01253324892624133
      w: 0.9999214557510769
navigation_time:
  sec: 5
  nanosec: 780000000
estimated_time_remaining:
  sec: 12
  nanosec: 238953251
number_of_recoveries: 0
distance_remaining: 3.249999761581421

Feedback:
    current_pose:
  header:
    stamp:
      sec: 21
      nanosec: 340000000
    frame_id: map
  pose:
    position:
      x: 1.258670559324259
      y: -0.03739413258038933
      z: 0.0
    orientation:
      x: 0.0
      y: 0.0
      z: 0.01344348678481911
      w: 0.999909632248368
navigation_time:
  sec: 5
  nanosec: 792000000
estimated_time_remaining:
  sec: 12
  nanosec: 287862220
number_of_recoveries: 0
distance_remaining: 3.249999761581421

Feedback:
    current_pose:
  header:
    stamp:
      sec: 21
      nanosec: 340000000
    frame_id: map
  pose:
    position:
      x: 1.258670559324259
      y: -0.03739413258038933
      z: 0.0
    orientation:
      x: 0.0
      y: 0.0
      z: 0.01344348678481911
      w: 0.999909632248368
navigation_time:
  sec: 5
  nanosec: 800000000
estimated_time_remaining:
  sec: 12
  nanosec: 287862220
number_of_recoveries: 0
distance_remaining: 3.249999761581421

Feedback:
    current_pose:
  header:
    stamp:
      sec: 21
      nanosec: 340000000
    frame_id: map
  pose:
    position:
      x: 1.258670559324259
      y: -0.03739413258038933
      z: 0.0
    orientation:
      x: 0.0
      y: 0.0
      z: 0.01344348678481911
      w: 0.999909632248368
navigation_time:
  sec: 5
  nanosec: 808000000
estimated_time_remaining:
  sec: 12
  nanosec: 287862220
number_of_recoveries: 0
distance_remaining: 3.249999761581421

Feedback:
    current_pose:
  header:
    stamp:
      sec: 21
      nanosec: 360000000
    frame_id: map
  pose:
    position:
      x: 1.263839756027733
      y: -0.03725040171899277
      z: 0.0
    orientation:
      x: 0.0
      y: 0.0
      z: 0.014353713519999877
      w: 0.9998969801475478
navigation_time:
  sec: 5
  nanosec: 816000000
estimated_time_remaining:
  sec: 12
  nanosec: 235566551
number_of_recoveries: 0
distance_remaining: 3.2249996662139893

Feedback:
    current_pose:
  header:
    stamp:
      sec: 21
      nanosec: 360000000
    frame_id: map
  pose:
    position:
      x: 1.263839756027733
      y: -0.03725040171899277
      z: 0.0
    orientation:
      x: 0.0
      y: 0.0
      z: 0.014353713519999877
      w: 0.9998969801475478
navigation_time:
  sec: 5
  nanosec: 828000000
estimated_time_remaining:
  sec: 12
  nanosec: 235566551
number_of_recoveries: 0
distance_remaining: 3.2249996662139893

Feedback:
    current_pose:
  header:
    stamp:
      sec: 21
      nanosec: 380000000
    frame_id: map
  pose:
    position:
      x: 1.269003616515976
      y: -0.03709735863577475
      z: 0.0
    orientation:
      x: 0.0
      y: 0.0
      z: 0.015290148879557729
      w: 0.99988309884068
navigation_time:
  sec: 5
  nanosec: 840000000
estimated_time_remaining:
  sec: 12
  nanosec: 270899487
number_of_recoveries: 0
distance_remaining: 3.2249996662139893

Feedback:
    current_pose:
  header:
    stamp:
      sec: 21
      nanosec: 400000000
    frame_id: map
  pose:
    position:
      x: 1.2741595759916655
      y: -0.036934596116766374
      z: 0.0
    orientation:
      x: 0.0
      y: 0.0
      z: 0.016265901057056713
      w: 0.9998677014799519
navigation_time:
  sec: 5
  nanosec: 848000000
estimated_time_remaining:
  sec: 12
  nanosec: 307105603
number_of_recoveries: 0
distance_remaining: 3.2249996662139893

Feedback:
    current_pose:
  header:
    stamp:
      sec: 21
      nanosec: 400000000
    frame_id: map
  pose:
    position:
      x: 1.2741595759916655
      y: -0.036934596116766374
      z: 0.0
    orientation:
      x: 0.0
      y: 0.0
      z: 0.016265901057056713
      w: 0.9998677014799519
navigation_time:
  sec: 5
  nanosec: 856000000
estimated_time_remaining:
  sec: 12
  nanosec: 307105603
number_of_recoveries: 0
distance_remaining: 3.2249996662139893

Feedback:
    current_pose:
  header:
    stamp:
      sec: 21
      nanosec: 420000000
    frame_id: map
  pose:
    position:
      x: 1.2789069199087262
      y: -0.036796426592534376
      z: 0.0
    orientation:
      x: 0.0
      y: 0.0
      z: 0.016985623212012458
      w: 0.9998557338956953
navigation_time:
  sec: 5
  nanosec: 868000000
estimated_time_remaining:
  sec: 12
  nanosec: 342774524
number_of_recoveries: 0
distance_remaining: 3.2249996662139893

Feedback:
    current_pose:
  header:
    stamp:
      sec: 21
      nanosec: 420000000
    frame_id: map
  pose:
    position:
      x: 1.2789069199087262
      y: -0.036796426592534376
      z: 0.0
    orientation:
      x: 0.0
      y: 0.0
      z: 0.016985623212012458
      w: 0.9998557338956953
navigation_time:
  sec: 5
  nanosec: 880000000
estimated_time_remaining:
  sec: 12
  nanosec: 342774524
number_of_recoveries: 0
distance_remaining: 3.2249996662139893

Feedback:
    current_pose:
  header:
    stamp:
      sec: 21
      nanosec: 420000000
    frame_id: map
  pose:
    position:
      x: 1.2789069199087262
      y: -0.036796426592534376
      z: 0.0
    orientation:
      x: 0.0
      y: 0.0
      z: 0.016985623212012458
      w: 0.9998557338956953
navigation_time:
  sec: 5
  nanosec: 888000000
estimated_time_remaining:
  sec: 12
  nanosec: 342774524
number_of_recoveries: 0
distance_remaining: 3.2249996662139893

Feedback:
    current_pose:
  header:
    stamp:
      sec: 21
      nanosec: 440000000
    frame_id: map
  pose:
    position:
      x: 1.2835518708082343
      y: -0.036656969654352
      z: 0.0
    orientation:
      x: 0.0
      y: 0.0
      z: 0.01770939440799956
      w: 0.9998431763780268
navigation_time:
  sec: 5
  nanosec: 900000000
estimated_time_remaining:
  sec: 12
  nanosec: 385166929
number_of_recoveries: 0
distance_remaining: 3.2249996662139893

Feedback:
    current_pose:
  header:
    stamp:
      sec: 21
      nanosec: 460000000
    frame_id: map
  pose:
    position:
      x: 1.2881708394373719
      y: -0.03651365056144972
      z: 0.0
    orientation:
      x: 0.0
      y: 0.0
      z: 0.01843417077381259
      w: 0.9998300762368983
navigation_time:
  sec: 5
  nanosec: 908000000
estimated_time_remaining:
  sec: 12
  nanosec: 334022412
number_of_recoveries: 0
distance_remaining: 3.1999998092651367

Feedback:
    current_pose:
  header:
    stamp:
      sec: 21
      nanosec: 460000000
    frame_id: map
  pose:
    position:
      x: 1.2881708394373719
      y: -0.03651365056144972
      z: 0.0
    orientation:
      x: 0.0
      y: 0.0
      z: 0.01843417077381259
      w: 0.9998300762368983
navigation_time:
  sec: 5
  nanosec: 920000000
estimated_time_remaining:
  sec: 12
  nanosec: 334022412
number_of_recoveries: 0
distance_remaining: 3.1999998092651367

Feedback:
    current_pose:
  header:
    stamp:
      sec: 21
      nanosec: 480000000
    frame_id: map
  pose:
    position:
      x: 1.2928065118937786
      y: -0.03636500162782737
      z: 0.0
    orientation:
      x: 0.0
      y: 0.0
      z: 0.01913068349651724
      w: 0.9998169917284644
navigation_time:
  sec: 5
  nanosec: 928000000
estimated_time_remaining:
  sec: 12
  nanosec: 372830826
number_of_recoveries: 0
distance_remaining: 3.1999998092651367

Feedback:
    current_pose:
  header:
    stamp:
      sec: 21
      nanosec: 480000000
    frame_id: map
  pose:
    position:
      x: 1.2928065118937786
      y: -0.03636500162782737
      z: 0.0
    orientation:
      x: 0.0
      y: 0.0
      z: 0.01913068349651724
      w: 0.9998169917284644
navigation_time:
  sec: 5
  nanosec: 940000000
estimated_time_remaining:
  sec: 12
  nanosec: 372830826
number_of_recoveries: 0
distance_remaining: 3.1999998092651367

Feedback:
    current_pose:
  header:
    stamp:
      sec: 21
      nanosec: 480000000
    frame_id: map
  pose:
    position:
      x: 1.2928065118937786
      y: -0.03636500162782737
      z: 0.0
    orientation:
      x: 0.0
      y: 0.0
      z: 0.01913068349651724
      w: 0.9998169917284644
navigation_time:
  sec: 5
  nanosec: 948000000
estimated_time_remaining:
  sec: 12
  nanosec: 372830826
number_of_recoveries: 0
distance_remaining: 3.1999998092651367

Feedback:
    current_pose:
  header:
    stamp:
      sec: 21
      nanosec: 500000000
    frame_id: map
  pose:
    position:
      x: 1.297467509415168
      y: -0.0362111981667628
      z: 0.0
    orientation:
      x: 0.0
      y: 0.0
      z: 0.019784806490520553
      w: 0.9998042615592977
navigation_time:
  sec: 5
  nanosec: 960000000
estimated_time_remaining:
  sec: 12
  nanosec: 406536986
number_of_recoveries: 0
distance_remaining: 3.1999998092651367

Feedback:
    current_pose:
  header:
    stamp:
      sec: 21
      nanosec: 520000000
    frame_id: map
  pose:
    position:
      x: 1.302128000431582
      y: -0.03605333723208252
      z: 0.0
    orientation:
      x: 0.0
      y: 0.0
      z: 0.020438921015728403
      w: 0.9997911034349689
navigation_time:
  sec: 5
  nanosec: 968000000
estimated_time_remaining:
  sec: 12
  nanosec: 433181477
number_of_recoveries: 0
distance_remaining: 3.1999998092651367

Feedback:
    current_pose:
  header:
    stamp:
      sec: 21
      nanosec: 520000000
    frame_id: map
  pose:
    position:
      x: 1.302128000431582
      y: -0.03605333723208252
      z: 0.0
    orientation:
      x: 0.0
      y: 0.0
      z: 0.020438921015728403
      w: 0.9997911034349689
navigation_time:
  sec: 5
  nanosec: 980000000
estimated_time_remaining:
  sec: 12
  nanosec: 433181477
number_of_recoveries: 0
distance_remaining: 3.1999998092651367

Feedback:
    current_pose:
  header:
    stamp:
      sec: 21
      nanosec: 540000000
    frame_id: map
  pose:
    position:
      x: 1.3069071570601631
      y: -0.03588653759259326
      z: 0.0
    orientation:
      x: 0.0
      y: 0.0
      z: 0.021083770167035137
      w: 0.9997777126119304
navigation_time:
  sec: 5
  nanosec: 988000000
estimated_time_remaining:
  sec: 12
  nanosec: 447217022
number_of_recoveries: 0
distance_remaining: 3.1999998092651367

Feedback:
    current_pose:
  header:
    stamp:
      sec: 21
      nanosec: 540000000
    frame_id: map
  pose:
    position:
      x: 1.3069071570601631
      y: -0.03588653759259326
      z: 0.0
    orientation:
      x: 0.0
      y: 0.0
      z: 0.021083770167035137
      w: 0.9997777126119304
navigation_time:
  sec: 6
  nanosec: 0
estimated_time_remaining:
  sec: 12
  nanosec: 447217022
number_of_recoveries: 0
distance_remaining: 3.1999998092651367

Feedback:
    current_pose:
  header:
    stamp:
      sec: 21
      nanosec: 560000000
    frame_id: map
  pose:
    position:
      x: 1.311695605132317
      y: -0.03571527111554226
      z: 0.0
    orientation:
      x: 0.0
      y: 0.0
      z: 0.021728610544032453
      w: 0.9997639058716942
navigation_time:
  sec: 6
  nanosec: 8000000
estimated_time_remaining:
  sec: 12
  nanosec: 448974371
number_of_recoveries: 0
distance_remaining: 3.1999998092651367

Feedback:
    current_pose:
  header:
    stamp:
      sec: 21
      nanosec: 560000000
    frame_id: map
  pose:
    position:
      x: 1.311695605132317
      y: -0.03571527111554226
      z: 0.0
    orientation:
      x: 0.0
      y: 0.0
      z: 0.021728610544032453
      w: 0.9997639058716942
navigation_time:
  sec: 6
  nanosec: 20000000
estimated_time_remaining:
  sec: 12
  nanosec: 448974371
number_of_recoveries: 0
distance_remaining: 3.1999998092651367

Feedback:
    current_pose:
  header:
    stamp:
      sec: 21
      nanosec: 580000000
    frame_id: map
  pose:
    position:
      x: 1.3164532116631036
      y: -0.03554135810031329
      z: 0.0
    orientation:
      x: 0.0
      y: 0.0
      z: 0.022339095088659618
      w: 0.9997504512780278
navigation_time:
  sec: 6
  nanosec: 28000000
estimated_time_remaining:
  sec: 12
  nanosec: 352994977
number_of_recoveries: 0
distance_remaining: 3.174999713897705

Feedback:
    current_pose:
  header:
    stamp:
      sec: 21
      nanosec: 580000000
    frame_id: map
  pose:
    position:
      x: 1.3164532116631036
      y: -0.03554135810031329
      z: 0.0
    orientation:
      x: 0.0
      y: 0.0
      z: 0.022339095088659618
      w: 0.9997504512780278
navigation_time:
  sec: 6
  nanosec: 40000000
estimated_time_remaining:
  sec: 12
  nanosec: 352994977
number_of_recoveries: 0
distance_remaining: 3.174999713897705

Feedback:
    current_pose:
  header:
    stamp:
      sec: 21
      nanosec: 600000000
    frame_id: map
  pose:
    position:
      x: 1.3211648423977764
      y: -0.0353661643840927
      z: 0.0
    orientation:
      x: 0.0
      y: 0.0
      z: 0.02289805172503127
      w: 0.999737805240553
navigation_time:
  sec: 6
  nanosec: 52000000
estimated_time_remaining:
  sec: 12
  nanosec: 359549306
number_of_recoveries: 0
distance_remaining: 3.174999713897705

Feedback:
    current_pose:
  header:
    stamp:
      sec: 21
      nanosec: 600000000
    frame_id: map
  pose:
    position:
      x: 1.3211648423977764
      y: -0.0353661643840927
      z: 0.0
    orientation:
      x: 0.0
      y: 0.0
      z: 0.02289805172503127
      w: 0.999737805240553
navigation_time:
  sec: 6
  nanosec: 60000000
estimated_time_remaining:
  sec: 12
  nanosec: 359549306
number_of_recoveries: 0
distance_remaining: 3.174999713897705

Feedback:
    current_pose:
  header:
    stamp:
      sec: 21
      nanosec: 620000000
    frame_id: map
  pose:
    position:
      x: 1.3258627967230856
      y: -0.034862807800742725
      z: 0.0
    orientation:
      x: 0.0
      y: 0.0
      z: 0.02383598553142209
      w: 0.9997158825355063
navigation_time:
  sec: 6
  nanosec: 68000000
estimated_time_remaining:
  sec: 12
  nanosec: 368471845
number_of_recoveries: 0
distance_remaining: 3.174999713897705

Feedback:
    current_pose:
  header:
    stamp:
      sec: 21
      nanosec: 620000000
    frame_id: map
  pose:
    position:
      x: 1.3258627967230856
      y: -0.034862807800742725
      z: 0.0
    orientation:
      x: 0.0
      y: 0.0
      z: 0.02383598553142209
      w: 0.9997158825355063
navigation_time:
  sec: 6
  nanosec: 80000000
estimated_time_remaining:
  sec: 12
  nanosec: 368471845
number_of_recoveries: 0
distance_remaining: 3.174999713897705

Feedback:
    current_pose:
  header:
    stamp:
      sec: 21
      nanosec: 640000000
    frame_id: map
  pose:
    position:
      x: 1.330560959473756
      y: -0.03434840114831769
      z: 0.0
    orientation:
      x: 0.0
      y: 0.0
      z: 0.02480031259728762
      w: 0.9996924249463317
navigation_time:
  sec: 6
  nanosec: 88000000
estimated_time_remaining:
  sec: 12
  nanosec: 376705570
number_of_recoveries: 0
distance_remaining: 3.174999713897705

Feedback:
    current_pose:
  header:
    stamp:
      sec: 21
      nanosec: 640000000
    frame_id: map
  pose:
    position:
      x: 1.330560959473756
      y: -0.03434840114831769
      z: 0.0
    orientation:
      x: 0.0
      y: 0.0
      z: 0.02480031259728762
      w: 0.9996924249463317
navigation_time:
  sec: 6
  nanosec: 100000000
estimated_time_remaining:
  sec: 12
  nanosec: 376705570
number_of_recoveries: 0
distance_remaining: 3.174999713897705

Feedback:
    current_pose:
  header:
    stamp:
      sec: 21
      nanosec: 660000000
    frame_id: map
  pose:
    position:
      x: 1.3352584868712527
      y: -0.033822848205689475
      z: 0.0
    orientation:
      x: 0.0
      y: 0.0
      z: 0.02576461659540433
      w: 0.9996680371661844
navigation_time:
  sec: 6
  nanosec: 108000000
estimated_time_remaining:
  sec: 12
  nanosec: 384038728
number_of_recoveries: 0
distance_remaining: 3.174999713897705

Feedback:
    current_pose:
  header:
    stamp:
      sec: 21
      nanosec: 660000000
    frame_id: map
  pose:
    position:
      x: 1.3352584868712527
      y: -0.033822848205689475
      z: 0.0
    orientation:
      x: 0.0
      y: 0.0
      z: 0.02576461659540433
      w: 0.9996680371661844
navigation_time:
  sec: 6
  nanosec: 120000000
estimated_time_remaining:
  sec: 12
  nanosec: 384038728
number_of_recoveries: 0
distance_remaining: 3.174999713897705

Feedback:
    current_pose:
  header:
    stamp:
      sec: 21
      nanosec: 680000000
    frame_id: map
  pose:
    position:
      x: 1.3399035731895472
      y: -0.03328895583888559
      z: 0.0
    orientation:
      x: 0.0
      y: 0.0
      z: 0.02670293562974582
      w: 0.9996434130372458
navigation_time:
  sec: 6
  nanosec: 132000000
estimated_time_remaining:
  sec: 12
  nanosec: 296855143
number_of_recoveries: 0
distance_remaining: 3.1499998569488525

Feedback:
    current_pose:
  header:
    stamp:
      sec: 21
      nanosec: 680000000
    frame_id: map
  pose:
    position:
      x: 1.3399035731895472
      y: -0.03328895583888559
      z: 0.0
    orientation:
      x: 0.0
      y: 0.0
      z: 0.02670293562974582
      w: 0.9996434130372458
navigation_time:
  sec: 6
  nanosec: 140000000
estimated_time_remaining:
  sec: 12
  nanosec: 296855143
number_of_recoveries: 0
distance_remaining: 3.1499998569488525

Feedback:
    current_pose:
  header:
    stamp:
      sec: 21
      nanosec: 700000000
    frame_id: map
  pose:
    position:
      x: 1.3444703403049314
      y: -0.0327487788782652
      z: 0.0
    orientation:
      x: 0.0
      y: 0.0
      z: 0.027602290560860672
      w: 0.9996189841913737
navigation_time:
  sec: 6
  nanosec: 148000000
estimated_time_remaining:
  sec: 12
  nanosec: 316568426
number_of_recoveries: 0
distance_remaining: 3.1499998569488525

Feedback:
    current_pose:
  header:
    stamp:
      sec: 21
      nanosec: 700000000
    frame_id: map
  pose:
    position:
      x: 1.3444703403049314
      y: -0.0327487788782652
      z: 0.0
    orientation:
      x: 0.0
      y: 0.0
      z: 0.027602290560860672
      w: 0.9996189841913737
navigation_time:
  sec: 6
  nanosec: 160000000
estimated_time_remaining:
  sec: 12
  nanosec: 316568426
number_of_recoveries: 0
distance_remaining: 3.1499998569488525

Feedback:
    current_pose:
  header:
    stamp:
      sec: 21
      nanosec: 720000000
    frame_id: map
  pose:
    position:
      x: 1.3490364600757085
      y: -0.03219838869104981
      z: 0.0
    orientation:
      x: 0.0
      y: 0.0
      z: 0.028501623149539176
      w: 0.9995937462178531
navigation_time:
  sec: 6
  nanosec: 172000000
estimated_time_remaining:
  sec: 12
  nanosec: 422404734
number_of_recoveries: 0
distance_remaining: 3.170710563659668

Feedback:
    current_pose:
  header:
    stamp:
      sec: 21
      nanosec: 720000000
    frame_id: map
  pose:
    position:
      x: 1.3490364600757085
      y: -0.03219838869104981
      z: 0.0
    orientation:
      x: 0.0
      y: 0.0
      z: 0.028501623149539176
      w: 0.9995937462178531
navigation_time:
  sec: 6
  nanosec: 180000000
estimated_time_remaining:
  sec: 12
  nanosec: 422404734
number_of_recoveries: 0
distance_remaining: 3.170710563659668

Feedback:
    current_pose:
  header:
    stamp:
      sec: 21
      nanosec: 740000000
    frame_id: map
  pose:
    position:
      x: 1.3536641639602573
      y: -0.031633960204025424
      z: 0.0
    orientation:
      x: 0.0
      y: 0.0
      z: 0.02944223598474379
      w: 0.999566483401789
navigation_time:
  sec: 6
  nanosec: 188000000
estimated_time_remaining:
  sec: 12
  nanosec: 442021774
number_of_recoveries: 0
distance_remaining: 3.170710563659668

Feedback:
    current_pose:
  header:
    stamp:
      sec: 21
      nanosec: 740000000
    frame_id: map
  pose:
    position:
      x: 1.3536641639602573
      y: -0.031633960204025424
      z: 0.0
    orientation:
      x: 0.0
      y: 0.0
      z: 0.02944223598474379
      w: 0.999566483401789
navigation_time:
  sec: 6
  nanosec: 200000000
estimated_time_remaining:
  sec: 12
  nanosec: 442021774
number_of_recoveries: 0
distance_remaining: 3.170710563659668

Feedback:
    current_pose:
  header:
    stamp:
      sec: 21
      nanosec: 760000000
    frame_id: map
  pose:
    position:
      x: 1.3582911501854769
      y: -0.0310587758420302
      z: 0.0
    orientation:
      x: 0.0
      y: 0.0
      z: 0.030382822761912252
      w: 0.9995383354734416
navigation_time:
  sec: 6
  nanosec: 208000000
estimated_time_remaining:
  sec: 12
  nanosec: 449138760
number_of_recoveries: 0
distance_remaining: 3.170710563659668

Feedback:
    current_pose:
  header:
    stamp:
      sec: 21
      nanosec: 760000000
    frame_id: map
  pose:
    position:
      x: 1.3582911501854769
      y: -0.0310587758420302
      z: 0.0
    orientation:
      x: 0.0
      y: 0.0
      z: 0.030382822761912252
      w: 0.9995383354734416
navigation_time:
  sec: 6
  nanosec: 220000000
estimated_time_remaining:
  sec: 12
  nanosec: 449138760
number_of_recoveries: 0
distance_remaining: 3.170710563659668

Feedback:
    current_pose:
  header:
    stamp:
      sec: 21
      nanosec: 780000000
    frame_id: map
  pose:
    position:
      x: 1.362936430067085
      y: -0.03047185449019739
      z: 0.0
    orientation:
      x: 0.0
      y: 0.0
      z: 0.031223097420980513
      w: 0.9995124402364585
navigation_time:
  sec: 6
  nanosec: 228000000
estimated_time_remaining:
  sec: 12
  nanosec: 445072963
number_of_recoveries: 0
distance_remaining: 3.170710563659668

Feedback:
    current_pose:
  header:
    stamp:
      sec: 21
      nanosec: 780000000
    frame_id: map
  pose:
    position:
      x: 1.362936430067085
      y: -0.03047185449019739
      z: 0.0
    orientation:
      x: 0.0
      y: 0.0
      z: 0.031223097420980513
      w: 0.9995124402364585
navigation_time:
  sec: 6
  nanosec: 240000000
estimated_time_remaining:
  sec: 12
  nanosec: 445072963
number_of_recoveries: 0
distance_remaining: 3.170710563659668

Feedback:
    current_pose:
  header:
    stamp:
      sec: 21
      nanosec: 800000000
    frame_id: map
  pose:
    position:
      x: 1.3676096092773187
      y: -0.029874425732991025
      z: 0.0
    orientation:
      x: 0.0
      y: 0.0
      z: 0.03191292558605768
      w: 0.9994906528730215
navigation_time:
  sec: 6
  nanosec: 252000000
estimated_time_remaining:
  sec: 12
  nanosec: 436747912
number_of_recoveries: 0
distance_remaining: 3.170710563659668

Feedback:
    current_pose:
  header:
    stamp:
      sec: 21
      nanosec: 800000000
    frame_id: map
  pose:
    position:
      x: 1.3676096092773187
      y: -0.029874425732991025
      z: 0.0
    orientation:
      x: 0.0
      y: 0.0
      z: 0.03191292558605768
      w: 0.9994906528730215
navigation_time:
  sec: 6
  nanosec: 260000000
estimated_time_remaining:
  sec: 12
  nanosec: 436747912
number_of_recoveries: 0
distance_remaining: 3.170710563659668

Feedback:
    current_pose:
  header:
    stamp:
      sec: 21
      nanosec: 800000000
    frame_id: map
  pose:
    position:
      x: 1.3676096092773187
      y: -0.029874425732991025
      z: 0.0
    orientation:
      x: 0.0
      y: 0.0
      z: 0.03191292558605768
      w: 0.9994906528730215
navigation_time:
  sec: 6
  nanosec: 268000000
estimated_time_remaining:
  sec: 12
  nanosec: 436747912
number_of_recoveries: 0
distance_remaining: 3.170710563659668

Feedback:
    current_pose:
  header:
    stamp:
      sec: 21
      nanosec: 820000000
    frame_id: map
  pose:
    position:
      x: 1.3724996727607506
      y: -0.030099620312387304
      z: 0.0
    orientation:
      x: 0.0
      y: 0.0
      z: 0.032132200075942405
      w: 0.9994836275388806
navigation_time:
  sec: 6
  nanosec: 280000000
estimated_time_remaining:
  sec: 12
  nanosec: 429537497
number_of_recoveries: 0
distance_remaining: 3.170710563659668

Feedback:
    current_pose:
  header:
    stamp:
      sec: 21
      nanosec: 840000000
    frame_id: map
  pose:
    position:
      x: 1.3773958139646834
      y: -0.03032635901171435
      z: 0.0
    orientation:
      x: 0.0
      y: 0.0
      z: 0.03221525495284714
      w: 0.9994809539697708
navigation_time:
  sec: 6
  nanosec: 288000000
estimated_time_remaining:
  sec: 12
  nanosec: 227881161
number_of_recoveries: 0
distance_remaining: 3.1207103729248047

Feedback:
    current_pose:
  header:
    stamp:
      sec: 21
      nanosec: 840000000
    frame_id: map
  pose:
    position:
      x: 1.3773958139646834
      y: -0.03032635901171435
      z: 0.0
    orientation:
      x: 0.0
      y: 0.0
      z: 0.03221525495284714
      w: 0.9994809539697708
navigation_time:
  sec: 6
  nanosec: 300000000
estimated_time_remaining:
  sec: 12
  nanosec: 227881161
number_of_recoveries: 0
distance_remaining: 3.1207103729248047

Feedback:
    current_pose:
  header:
    stamp:
      sec: 21
      nanosec: 860000000
    frame_id: map
  pose:
    position:
      x: 1.382291448312269
      y: -0.03055576461551033
      z: 0.0
    orientation:
      x: 0.0
      y: 0.0
      z: 0.0322983095640939
      w: 0.9994782735003808
navigation_time:
  sec: 6
  nanosec: 308000000
estimated_time_remaining:
  sec: 12
  nanosec: 230666045
number_of_recoveries: 0
distance_remaining: 3.1207103729248047

Feedback:
    current_pose:
  header:
    stamp:
      sec: 21
      nanosec: 860000000
    frame_id: map
  pose:
    position:
      x: 1.382291448312269
      y: -0.03055576461551033
      z: 0.0
    orientation:
      x: 0.0
      y: 0.0
      z: 0.0322983095640939
      w: 0.9994782735003808
navigation_time:
  sec: 6
  nanosec: 320000000
estimated_time_remaining:
  sec: 12
  nanosec: 230666045
number_of_recoveries: 0
distance_remaining: 3.1207103729248047

Feedback:
    current_pose:
  header:
    stamp:
      sec: 21
      nanosec: 880000000
    frame_id: map
  pose:
    position:
      x: 1.3871865510947554
      y: -0.030787962068884248
      z: 0.0
    orientation:
      x: 0.0
      y: 0.0
      z: 0.03232100549492854
      w: 0.9994775398195783
navigation_time:
  sec: 6
  nanosec: 328000000
estimated_time_remaining:
  sec: 12
  nanosec: 243135695
number_of_recoveries: 0
distance_remaining: 3.1207103729248047

Feedback:
    current_pose:
  header:
    stamp:
      sec: 21
      nanosec: 880000000
    frame_id: map
  pose:
    position:
      x: 1.3871865510947554
      y: -0.030787962068884248
      z: 0.0
    orientation:
      x: 0.0
      y: 0.0
      z: 0.03232100549492854
      w: 0.9994775398195783
navigation_time:
  sec: 6
  nanosec: 340000000
estimated_time_remaining:
  sec: 12
  nanosec: 243135695
number_of_recoveries: 0
distance_remaining: 3.1207103729248047

Feedback:
    current_pose:
  header:
    stamp:
      sec: 21
      nanosec: 880000000
    frame_id: map
  pose:
    position:
      x: 1.3871865510947554
      y: -0.030787962068884248
      z: 0.0
    orientation:
      x: 0.0
      y: 0.0
      z: 0.03232100549492854
      w: 0.9994775398195783
navigation_time:
  sec: 6
  nanosec: 348000000
estimated_time_remaining:
  sec: 12
  nanosec: 243135695
number_of_recoveries: 0
distance_remaining: 3.1207103729248047

Feedback:
    current_pose:
  header:
    stamp:
      sec: 21
      nanosec: 900000000
    frame_id: map
  pose:
    position:
      x: 1.3920811784385687
      y: -0.031024092570119594
      z: 0.0
    orientation:
      x: 0.0
      y: 0.0
      z: 0.03225316353001988
      w: 0.9994797313814352
navigation_time:
  sec: 6
  nanosec: 360000000
estimated_time_remaining:
  sec: 12
  nanosec: 254092965
number_of_recoveries: 0
distance_remaining: 3.1207103729248047

Feedback:
    current_pose:
  header:
    stamp:
      sec: 21
      nanosec: 900000000
    frame_id: map
  pose:
    position:
      x: 1.3920811784385687
      y: -0.031024092570119594
      z: 0.0
    orientation:
      x: 0.0
      y: 0.0
      z: 0.03225316353001988
      w: 0.9994797313814352
navigation_time:
  sec: 6
  nanosec: 368000000
estimated_time_remaining:
  sec: 12
  nanosec: 254092965
number_of_recoveries: 0
distance_remaining: 3.1207103729248047

Feedback:
    current_pose:
  header:
    stamp:
      sec: 21
      nanosec: 920000000
    frame_id: map
  pose:
    position:
      x: 1.3969753913742444
      y: -0.031264430277121
      z: 0.0
    orientation:
      x: 0.0
      y: 0.0
      z: 0.032185321393331544
      w: 0.9994819183391003
navigation_time:
  sec: 6
  nanosec: 376000000
estimated_time_remaining:
  sec: 12
  nanosec: 259361507
number_of_recoveries: 0
distance_remaining: 3.1207103729248047

Feedback:
    current_pose:
  header:
    stamp:
      sec: 21
      nanosec: 920000000
    frame_id: map
  pose:
    position:
      x: 1.3969753913742444
      y: -0.031264430277121
      z: 0.0
    orientation:
      x: 0.0
      y: 0.0
      z: 0.032185321393331544
      w: 0.9994819183391003
navigation_time:
  sec: 6
  nanosec: 388000000
estimated_time_remaining:
  sec: 12
  nanosec: 259361507
number_of_recoveries: 0
distance_remaining: 3.1207103729248047

Feedback:
    current_pose:
  header:
    stamp:
      sec: 21
      nanosec: 940000000
    frame_id: map
  pose:
    position:
      x: 1.4018074194978962
      y: -0.031513587125739526
      z: 0.0
    orientation:
      x: 0.0
      y: 0.0
      z: 0.03195603243628493
      w: 0.9994892755757466
navigation_time:
  sec: 6
  nanosec: 396000000
estimated_time_remaining:
  sec: 12
  nanosec: 265870896
number_of_recoveries: 0
distance_remaining: 3.1207103729248047

Feedback:
    current_pose:
  header:
    stamp:
      sec: 21
      nanosec: 940000000
    frame_id: map
  pose:
    position:
      x: 1.4018074194978962
      y: -0.031513587125739526
      z: 0.0
    orientation:
      x: 0.0
      y: 0.0
      z: 0.03195603243628493
      w: 0.9994892755757466
navigation_time:
  sec: 6
  nanosec: 404000000
estimated_time_remaining:
  sec: 12
  nanosec: 265870896
number_of_recoveries: 0
distance_remaining: 3.1207103729248047

Feedback:
    current_pose:
  header:
    stamp:
      sec: 21
      nanosec: 960000000
    frame_id: map
  pose:
    position:
      x: 1.4066236972142176
      y: -0.03176987312956343
      z: 0.0
    orientation:
      x: 0.0
      y: 0.0
      z: 0.03168637966143851
      w: 0.999497860599987
navigation_time:
  sec: 6
  nanosec: 416000000
estimated_time_remaining:
  sec: 12
  nanosec: 278289792
number_of_recoveries: 0
distance_remaining: 3.1207103729248047

Feedback:
    current_pose:
  header:
    stamp:
      sec: 21
      nanosec: 960000000
    frame_id: map
  pose:
    position:
      x: 1.4066236972142176
      y: -0.03176987312956343
      z: 0.0
    orientation:
      x: 0.0
      y: 0.0
      z: 0.03168637966143851
      w: 0.999497860599987
navigation_time:
  sec: 6
  nanosec: 424000000
estimated_time_remaining:
  sec: 12
  nanosec: 278289792
number_of_recoveries: 0
distance_remaining: 3.1207103729248047

Feedback:
    current_pose:
  header:
    stamp:
      sec: 21
      nanosec: 980000000
    frame_id: map
  pose:
    position:
      x: 1.411383914045644
      y: -0.0320359267452964
      z: 0.0
    orientation:
      x: 0.0
      y: 0.0
      z: 0.03138682958940121
      w: 0.9995073120934763
navigation_time:
  sec: 6
  nanosec: 436000000
estimated_time_remaining:
  sec: 12
  nanosec: 296195268
number_of_recoveries: 0
distance_remaining: 3.1207103729248047

Feedback:
    current_pose:
  header:
    stamp:
      sec: 21
      nanosec: 980000000
    frame_id: map
  pose:
    position:
      x: 1.411383914045644
      y: -0.0320359267452964
      z: 0.0
    orientation:
      x: 0.0
      y: 0.0
      z: 0.03138682958940121
      w: 0.9995073120934763
navigation_time:
  sec: 6
  nanosec: 444000000
estimated_time_remaining:
  sec: 12
  nanosec: 296195268
number_of_recoveries: 0
distance_remaining: 3.1207103729248047

Feedback:
    current_pose:
  header:
    stamp:
      sec: 22
      nanosec: 0
    frame_id: map
  pose:
    position:
      x: 1.4161066692373085
      y: -0.032310851301810724
      z: 0.0
    orientation:
      x: 0.0
      y: 0.0
      z: 0.031067346487106923
      w: 0.9995172934883368
navigation_time:
  sec: 6
  nanosec: 456000000
estimated_time_remaining:
  sec: 12
  nanosec: 218613076
number_of_recoveries: 0
distance_remaining: 3.095710515975952

Feedback:
    current_pose:
  header:
    stamp:
      sec: 22
      nanosec: 0
    frame_id: map
  pose:
    position:
      x: 1.4161066692373085
      y: -0.032310851301810724
      z: 0.0
    orientation:
      x: 0.0
      y: 0.0
      z: 0.031067346487106923
      w: 0.9995172934883368
navigation_time:
  sec: 6
  nanosec: 464000000
estimated_time_remaining:
  sec: 12
  nanosec: 218613076
number_of_recoveries: 0
distance_remaining: 3.095710515975952

Feedback:
    current_pose:
  header:
    stamp:
      sec: 22
      nanosec: 20000000
    frame_id: map
  pose:
    position:
      x: 1.4198399657345897
      y: -0.03362152816878254
      z: 0.0
    orientation:
      x: 0.0
      y: 0.0
      z: 0.029925098643405736
      w: 0.9995521439480695
navigation_time:
  sec: 6
  nanosec: 476000000
estimated_time_remaining:
  sec: 12
  nanosec: 234262668
number_of_recoveries: 0
distance_remaining: 3.095710515975952

Feedback:
    current_pose:
  header:
    stamp:
      sec: 22
      nanosec: 20000000
    frame_id: map
  pose:
    position:
      x: 1.4198399657345897
      y: -0.03362152816878254
      z: 0.0
    orientation:
      x: 0.0
      y: 0.0
      z: 0.029925098643405736
      w: 0.9995521439480695
navigation_time:
  sec: 6
  nanosec: 484000000
estimated_time_remaining:
  sec: 12
  nanosec: 234262668
number_of_recoveries: 0
distance_remaining: 3.095710515975952

Feedback:
    current_pose:
  header:
    stamp:
      sec: 22
      nanosec: 40000000
    frame_id: map
  pose:
    position:
      x: 1.423480400872271
      y: -0.0349598144380769
      z: 0.0
    orientation:
      x: 0.0
      y: 0.0
      z: 0.028691691358006387
      w: 0.9995883086786365
navigation_time:
  sec: 6
  nanosec: 496000000
estimated_time_remaining:
  sec: 12
  nanosec: 252271679
number_of_recoveries: 0
distance_remaining: 3.095710515975952

Feedback:
    current_pose:
  header:
    stamp:
      sec: 22
      nanosec: 40000000
    frame_id: map
  pose:
    position:
      x: 1.423480400872271
      y: -0.0349598144380769
      z: 0.0
    orientation:
      x: 0.0
      y: 0.0
      z: 0.028691691358006387
      w: 0.9995883086786365
navigation_time:
  sec: 6
  nanosec: 504000000
estimated_time_remaining:
  sec: 12
  nanosec: 252271679
number_of_recoveries: 0
distance_remaining: 3.095710515975952

Feedback:
    current_pose:
  header:
    stamp:
      sec: 22
      nanosec: 60000000
    frame_id: map
  pose:
    position:
      x: 1.427114472109651
      y: -0.03632066138776707
      z: 0.0
    orientation:
      x: 0.0
      y: 0.0
      z: 0.02745824036092731
      w: 0.9996229514353308
navigation_time:
  sec: 6
  nanosec: 512000000
estimated_time_remaining:
  sec: 12
  nanosec: 281674146
number_of_recoveries: 0
distance_remaining: 3.095710515975952

Feedback:
    current_pose:
  header:
    stamp:
      sec: 22
      nanosec: 60000000
    frame_id: map
  pose:
    position:
      x: 1.427114472109651
      y: -0.03632066138776707
      z: 0.0
    orientation:
      x: 0.0
      y: 0.0
      z: 0.02745824036092731
      w: 0.9996229514353308
navigation_time:
  sec: 6
  nanosec: 524000000
estimated_time_remaining:
  sec: 12
  nanosec: 281674146
number_of_recoveries: 0
distance_remaining: 3.095710515975952

Feedback:
    current_pose:
  header:
    stamp:
      sec: 22
      nanosec: 80000000
    frame_id: map
  pose:
    position:
      x: 1.4307290502992986
      y: -0.03770519397762271
      z: 0.0
    orientation:
      x: 0.0
      y: 0.0
      z: 0.02610771255768397
      w: 0.9996591355782257
navigation_time:
  sec: 6
  nanosec: 536000000
estimated_time_remaining:
  sec: 12
  nanosec: 316993242
number_of_recoveries: 0
distance_remaining: 3.095710515975952

Feedback:
    current_pose:
  header:
    stamp:
      sec: 22
      nanosec: 80000000
    frame_id: map
  pose:
    position:
      x: 1.4307290502992986
      y: -0.03770519397762271
      z: 0.0
    orientation:
      x: 0.0
      y: 0.0
      z: 0.02610771255768397
      w: 0.9996591355782257
navigation_time:
  sec: 6
  nanosec: 544000000
estimated_time_remaining:
  sec: 12
  nanosec: 316993242
number_of_recoveries: 0
distance_remaining: 3.095710515975952

Feedback:
    current_pose:
  header:
    stamp:
      sec: 22
      nanosec: 100000000
    frame_id: map
  pose:
    position:
      x: 1.4343338974374322
      y: -0.03911374350660815
      z: 0.0
    orientation:
      x: 0.0
      y: 0.0
      z: 0.02472787723350304
      w: 0.999694219292842
navigation_time:
  sec: 6
  nanosec: 556000000
estimated_time_remaining:
  sec: 12
  nanosec: 355244362
number_of_recoveries: 0
distance_remaining: 3.095710515975952

Feedback:
    current_pose:
  header:
    stamp:
      sec: 22
      nanosec: 100000000
    frame_id: map
  pose:
    position:
      x: 1.4343338974374322
      y: -0.03911374350660815
      z: 0.0
    orientation:
      x: 0.0
      y: 0.0
      z: 0.02472787723350304
      w: 0.999694219292842
navigation_time:
  sec: 6
  nanosec: 564000000
estimated_time_remaining:
  sec: 12
  nanosec: 355244362
number_of_recoveries: 0
distance_remaining: 3.095710515975952

Feedback:
    current_pose:
  header:
    stamp:
      sec: 22
      nanosec: 120000000
    frame_id: map
  pose:
    position:
      x: 1.4379165034120744
      y: -0.04054688272267307
      z: 0.0
    orientation:
      x: 0.0
      y: 0.0
      z: 0.02334445947599719
      w: 0.9997274809725765
navigation_time:
  sec: 6
  nanosec: 576000000
estimated_time_remaining:
  sec: 12
  nanosec: 298771065
number_of_recoveries: 0
distance_remaining: 3.0707104206085205

Feedback:
    current_pose:
  header:
    stamp:
      sec: 22
      nanosec: 120000000
    frame_id: map
  pose:
    position:
      x: 1.4379165034120744
      y: -0.04054688272267307
      z: 0.0
    orientation:
      x: 0.0
      y: 0.0
      z: 0.02334445947599719
      w: 0.9997274809725765
navigation_time:
  sec: 6
  nanosec: 584000000
estimated_time_remaining:
  sec: 12
  nanosec: 298771065
number_of_recoveries: 0
distance_remaining: 3.0707104206085205

Feedback:
    current_pose:
  header:
    stamp:
      sec: 22
      nanosec: 140000000
    frame_id: map
  pose:
    position:
      x: 1.4414297073036446
      y: -0.042006672454520354
      z: 0.0
    orientation:
      x: 0.0
      y: 0.0
      z: 0.021946855253247542
      w: 0.9997591387651794
navigation_time:
  sec: 6
  nanosec: 596000000
estimated_time_remaining:
  sec: 12
  nanosec: 350690028
number_of_recoveries: 0
distance_remaining: 3.0707104206085205

Feedback:
    current_pose:
  header:
    stamp:
      sec: 22
      nanosec: 140000000
    frame_id: map
  pose:
    position:
      x: 1.4414297073036446
      y: -0.042006672454520354
      z: 0.0
    orientation:
      x: 0.0
      y: 0.0
      z: 0.021946855253247542
      w: 0.9997591387651794
navigation_time:
  sec: 6
  nanosec: 604000000
estimated_time_remaining:
  sec: 12
  nanosec: 350690028
number_of_recoveries: 0
distance_remaining: 3.0707104206085205

Feedback:
    current_pose:
  header:
    stamp:
      sec: 22
      nanosec: 160000000
    frame_id: map
  pose:
    position:
      x: 1.4449361642444547
      y: -0.04349005837671711
      z: 0.0
    orientation:
      x: 0.0
      y: 0.0
      z: 0.020549208139699054
      w: 0.999788842728719
navigation_time:
  sec: 6
  nanosec: 616000000
estimated_time_remaining:
  sec: 12
  nanosec: 408488841
number_of_recoveries: 0
distance_remaining: 3.0707104206085205

Feedback:
    current_pose:
  header:
    stamp:
      sec: 22
      nanosec: 160000000
    frame_id: map
  pose:
    position:
      x: 1.4449361642444547
      y: -0.04349005837671711
      z: 0.0
    orientation:
      x: 0.0
      y: 0.0
      z: 0.020549208139699054
      w: 0.999788842728719
navigation_time:
  sec: 6
  nanosec: 624000000
estimated_time_remaining:
  sec: 12
  nanosec: 408488841
number_of_recoveries: 0
distance_remaining: 3.0707104206085205

Feedback:
    current_pose:
  header:
    stamp:
      sec: 22
      nanosec: 180000000
    frame_id: map
  pose:
    position:
      x: 1.4484913695035222
      y: -0.04499516562793356
      z: 0.0
    orientation:
      x: 0.0
      y: 0.0
      z: 0.019056040650789505
      w: 0.9998184171711958
navigation_time:
  sec: 6
  nanosec: 632000000
estimated_time_remaining:
  sec: 12
  nanosec: 462959131
number_of_recoveries: 0
distance_remaining: 3.0707104206085205

Feedback:
    current_pose:
  header:
    stamp:
      sec: 22
      nanosec: 180000000
    frame_id: map
  pose:
    position:
      x: 1.4484913695035222
      y: -0.04499516562793356
      z: 0.0
    orientation:
      x: 0.0
      y: 0.0
      z: 0.019056040650789505
      w: 0.9998184171711958
navigation_time:
  sec: 6
  nanosec: 644000000
estimated_time_remaining:
  sec: 12
  nanosec: 462959131
number_of_recoveries: 0
distance_remaining: 3.0707104206085205

Feedback:
    current_pose:
  header:
    stamp:
      sec: 22
      nanosec: 200000000
    frame_id: map
  pose:
    position:
      x: 1.452083102362055
      y: -0.04652398207572972
      z: 0.0
    orientation:
      x: 0.0
      y: 0.0
      z: 0.017499175294051757
      w: 0.9998468777087961
navigation_time:
  sec: 6
  nanosec: 656000000
estimated_time_remaining:
  sec: 12
  nanosec: 510015216
number_of_recoveries: 0
distance_remaining: 3.0707104206085205

Feedback:
    current_pose:
  header:
    stamp:
      sec: 22
      nanosec: 200000000
    frame_id: map
  pose:
    position:
      x: 1.452083102362055
      y: -0.04652398207572972
      z: 0.0
    orientation:
      x: 0.0
      y: 0.0
      z: 0.017499175294051757
      w: 0.9998468777087961
navigation_time:
  sec: 6
  nanosec: 660000000
estimated_time_remaining:
  sec: 12
  nanosec: 510015216
number_of_recoveries: 0
distance_remaining: 3.0707104206085205

Feedback:
    current_pose:
  header:
    stamp:
      sec: 22
      nanosec: 200000000
    frame_id: map
  pose:
    position:
      x: 1.452083102362055
      y: -0.04652398207572972
      z: 0.0
    orientation:
      x: 0.0
      y: 0.0
      z: 0.017499175294051757
      w: 0.9998468777087961
navigation_time:
  sec: 6
  nanosec: 668000000
estimated_time_remaining:
  sec: 12
  nanosec: 510015216
number_of_recoveries: 0
distance_remaining: 3.0707104206085205

Feedback:
    current_pose:
  header:
    stamp:
      sec: 22
      nanosec: 220000000
    frame_id: map
  pose:
    position:
      x: 1.4565247486256834
      y: -0.04688052933360244
      z: 0.0
    orientation:
      x: 0.0
      y: 0.0
      z: 0.016612161585445817
      w: 0.9998620085229057
navigation_time:
  sec: 6
  nanosec: 676000000
estimated_time_remaining:
  sec: 12
  nanosec: 555342820
number_of_recoveries: 0
distance_remaining: 3.0707104206085205

Feedback:
    current_pose:
  header:
    stamp:
      sec: 22
      nanosec: 220000000
    frame_id: map
  pose:
    position:
      x: 1.4565247486256834
      y: -0.04688052933360244
      z: 0.0
    orientation:
      x: 0.0
      y: 0.0
      z: 0.016612161585445817
      w: 0.9998620085229057
navigation_time:
  sec: 6
  nanosec: 684000000
estimated_time_remaining:
  sec: 12
  nanosec: 555342820
number_of_recoveries: 0
distance_remaining: 3.0707104206085205

Feedback:
    current_pose:
  header:
    stamp:
      sec: 22
      nanosec: 240000000
    frame_id: map
  pose:
    position:
      x: 1.4609393263967279
      y: -0.04725099702430777
      z: 0.0
    orientation:
      x: 0.0
      y: 0.0
      z: 0.015693756589934594
      w: 0.9998768454185225
navigation_time:
  sec: 6
  nanosec: 696000000
estimated_time_remaining:
  sec: 12
  nanosec: 604534390
number_of_recoveries: 0
distance_remaining: 3.0707104206085205

Feedback:
    current_pose:
  header:
    stamp:
      sec: 22
      nanosec: 240000000
    frame_id: map
  pose:
    position:
      x: 1.4609393263967279
      y: -0.04725099702430777
      z: 0.0
    orientation:
      x: 0.0
      y: 0.0
      z: 0.015693756589934594
      w: 0.9998768454185225
navigation_time:
  sec: 6
  nanosec: 704000000
estimated_time_remaining:
  sec: 12
  nanosec: 604534390
number_of_recoveries: 0
distance_remaining: 3.0707104206085205

Feedback:
    current_pose:
  header:
    stamp:
      sec: 22
      nanosec: 260000000
    frame_id: map
  pose:
    position:
      x: 1.4653573829404278
      y: -0.04763443355786445
      z: 0.0
    orientation:
      x: 0.0
      y: 0.0
      z: 0.014776134293119667
      w: 0.9998908269683003
navigation_time:
  sec: 6
  nanosec: 716000000
estimated_time_remaining:
  sec: 12
  nanosec: 547859014
number_of_recoveries: 0
distance_remaining: 3.045710563659668

Feedback:
    current_pose:
  header:
    stamp:
      sec: 22
      nanosec: 260000000
    frame_id: map
  pose:
    position:
      x: 1.4653573829404278
      y: -0.04763443355786445
      z: 0.0
    orientation:
      x: 0.0
      y: 0.0
      z: 0.014776134293119667
      w: 0.9998908269683003
navigation_time:
  sec: 6
  nanosec: 724000000
estimated_time_remaining:
  sec: 12
  nanosec: 547859014
number_of_recoveries: 0
distance_remaining: 3.045710563659668

Feedback:
    current_pose:
  header:
    stamp:
      sec: 22
      nanosec: 280000000
    frame_id: map
  pose:
    position:
      x: 1.4697918558894394
      y: -0.048030464553232094
      z: 0.0
    orientation:
      x: 0.0
      y: 0.0
      z: 0.013861683356709122
      w: 0.9999039222517923
navigation_time:
  sec: 6
  nanosec: 736000000
estimated_time_remaining:
  sec: 12
  nanosec: 586087918
number_of_recoveries: 0
distance_remaining: 3.045710563659668

Feedback:
    current_pose:
  header:
    stamp:
      sec: 22
      nanosec: 280000000
    frame_id: map
  pose:
    position:
      x: 1.4697918558894394
      y: -0.048030464553232094
      z: 0.0
    orientation:
      x: 0.0
      y: 0.0
      z: 0.013861683356709122
      w: 0.9999039222517923
navigation_time:
  sec: 6
  nanosec: 744000000
estimated_time_remaining:
  sec: 12
  nanosec: 586087918
number_of_recoveries: 0
distance_remaining: 3.045710563659668

Feedback:
    current_pose:
  header:
    stamp:
      sec: 22
      nanosec: 300000000
    frame_id: map
  pose:
    position:
      x: 1.4742254301900537
      y: -0.048439613792463934
      z: 0.0
    orientation:
      x: 0.0
      y: 0.0
      z: 0.01294722082650998
      w: 0.9999161812236411
navigation_time:
  sec: 6
  nanosec: 756000000
estimated_time_remaining:
  sec: 12
  nanosec: 617305930
number_of_recoveries: 0
distance_remaining: 3.045710563659668

Feedback:
    current_pose:
  header:
    stamp:
      sec: 22
      nanosec: 300000000
    frame_id: map
  pose:
    position:
      x: 1.4742254301900537
      y: -0.048439613792463934
      z: 0.0
    orientation:
      x: 0.0
      y: 0.0
      z: 0.01294722082650998
      w: 0.9999161812236411
navigation_time:
  sec: 6
  nanosec: 764000000
estimated_time_remaining:
  sec: 12
  nanosec: 617305930
number_of_recoveries: 0
distance_remaining: 3.045710563659668

Feedback:
    current_pose:
  header:
    stamp:
      sec: 22
      nanosec: 320000000
    frame_id: map
  pose:
    position:
      x: 1.4786133324710125
      y: -0.04886284650222669
      z: 0.0
    orientation:
      x: 0.0
      y: 0.0
      z: 0.012076196207249304
      w: 0.999927080083925
navigation_time:
  sec: 6
  nanosec: 776000000
estimated_time_remaining:
  sec: 12
  nanosec: 644710427
number_of_recoveries: 0
distance_remaining: 3.045710563659668

Feedback:
    current_pose:
  header:
    stamp:
      sec: 22
      nanosec: 320000000
    frame_id: map
  pose:
    position:
      x: 1.4786133324710125
      y: -0.04886284650222669
      z: 0.0
    orientation:
      x: 0.0
      y: 0.0
      z: 0.012076196207249304
      w: 0.999927080083925
navigation_time:
  sec: 6
  nanosec: 784000000
estimated_time_remaining:
  sec: 12
  nanosec: 644710427
number_of_recoveries: 0
distance_remaining: 3.045710563659668

Feedback:
    current_pose:
  header:
    stamp:
      sec: 22
      nanosec: 340000000
    frame_id: map
  pose:
    position:
      x: 1.4829704338017176
      y: -0.049299127162853715
      z: 0.0
    orientation:
      x: 0.0
      y: 0.0
      z: 0.011234128571143595
      w: 0.9999368951865149
navigation_time:
  sec: 6
  nanosec: 796000000
estimated_time_remaining:
  sec: 12
  nanosec: 673524605
number_of_recoveries: 0
distance_remaining: 3.045710563659668

Feedback:
    current_pose:
  header:
    stamp:
      sec: 22
      nanosec: 340000000
    frame_id: map
  pose:
    position:
      x: 1.4829704338017176
      y: -0.049299127162853715
      z: 0.0
    orientation:
      x: 0.0
      y: 0.0
      z: 0.011234128571143595
      w: 0.9999368951865149
navigation_time:
  sec: 6
  nanosec: 804000000
estimated_time_remaining:
  sec: 12
  nanosec: 673524605
number_of_recoveries: 0
distance_remaining: 3.045710563659668

Feedback:
    current_pose:
  header:
    stamp:
      sec: 22
      nanosec: 360000000
    frame_id: map
  pose:
    position:
      x: 1.4873329919155036
      y: -0.04974749802007132
      z: 0.0
    orientation:
      x: 0.0
      y: 0.0
      z: 0.01039248463081633
      w: 0.9999459966734194
navigation_time:
  sec: 6
  nanosec: 812000000
estimated_time_remaining:
  sec: 12
  nanosec: 695436102
number_of_recoveries: 0
distance_remaining: 3.045710563659668

Feedback:
    current_pose:
  header:
    stamp:
      sec: 22
      nanosec: 360000000
    frame_id: map
  pose:
    position:
      x: 1.4873329919155036
      y: -0.04974749802007132
      z: 0.0
    orientation:
      x: 0.0
      y: 0.0
      z: 0.01039248463081633
      w: 0.9999459966734194
navigation_time:
  sec: 6
  nanosec: 824000000
estimated_time_remaining:
  sec: 12
  nanosec: 695436102
number_of_recoveries: 0
distance_remaining: 3.045710563659668

Feedback:
    current_pose:
  header:
    stamp:
      sec: 22
      nanosec: 380000000
    frame_id: map
  pose:
    position:
      x: 1.4917203528515568
      y: -0.05020759102734956
      z: 0.0
    orientation:
      x: 0.0
      y: 0.0
      z: 0.009552559996337905
      w: 0.9999543732578583
navigation_time:
  sec: 6
  nanosec: 832000000
estimated_time_remaining:
  sec: 12
  nanosec: 603249332
number_of_recoveries: 0
distance_remaining: 3.0207104682922363

Feedback:
    current_pose:
  header:
    stamp:
      sec: 22
      nanosec: 380000000
    frame_id: map
  pose:
    position:
      x: 1.4917203528515568
      y: -0.05020759102734956
      z: 0.0
    orientation:
      x: 0.0
      y: 0.0
      z: 0.009552559996337905
      w: 0.9999543732578583
navigation_time:
  sec: 6
  nanosec: 848000000
estimated_time_remaining:
  sec: 12
  nanosec: 603249332
number_of_recoveries: 0
distance_remaining: 3.0207104682922363

Feedback:
    current_pose:
  header:
    stamp:
      sec: 22
      nanosec: 400000000
    frame_id: map
  pose:
    position:
      x: 1.4961066659185907
      y: -0.05067997132531299
      z: 0.0
    orientation:
      x: 0.0
      y: 0.0
      z: 0.008712628622119911
      w: 0.9999620443309302
navigation_time:
  sec: 6
  nanosec: 856000000
estimated_time_remaining:
  sec: 12
  nanosec: 612089814
number_of_recoveries: 0
distance_remaining: 3.0207104682922363

Feedback:
    current_pose:
  header:
    stamp:
      sec: 22
      nanosec: 400000000
    frame_id: map
  pose:
    position:
      x: 1.4961066659185907
      y: -0.05067997132531299
      z: 0.0
    orientation:
      x: 0.0
      y: 0.0
      z: 0.008712628622119911
      w: 0.9999620443309302
navigation_time:
  sec: 6
  nanosec: 864000000
estimated_time_remaining:
  sec: 12
  nanosec: 612089814
number_of_recoveries: 0
distance_remaining: 3.0207104682922363

Feedback:
    current_pose:
  header:
    stamp:
      sec: 22
      nanosec: 420000000
    frame_id: map
  pose:
    position:
      x: 1.4999352149843814
      y: -0.051306418051693406
      z: 0.0
    orientation:
      x: 0.0
      y: 0.0
      z: 0.00795980780170477
      w: 0.9999683202280759
navigation_time:
  sec: 6
  nanosec: 876000000
estimated_time_remaining:
  sec: 12
  nanosec: 621872684
number_of_recoveries: 0
distance_remaining: 3.0207104682922363

Feedback:
    current_pose:
  header:
    stamp:
      sec: 22
      nanosec: 420000000
    frame_id: map
  pose:
    position:
      x: 1.4999352149843814
      y: -0.051306418051693406
      z: 0.0
    orientation:
      x: 0.0
      y: 0.0
      z: 0.00795980780170477
      w: 0.9999683202280759
navigation_time:
  sec: 6
  nanosec: 884000000
estimated_time_remaining:
  sec: 12
  nanosec: 621872684
number_of_recoveries: 0
distance_remaining: 3.0207104682922363

Feedback:
    current_pose:
  header:
    stamp:
      sec: 22
      nanosec: 440000000
    frame_id: map
  pose:
    position:
      x: 1.5037445222418242
      y: -0.051943853058831826
      z: 0.0
    orientation:
      x: 0.0
      y: 0.0
      z: 0.007226169197521371
      w: 0.999973890898522
navigation_time:
  sec: 6
  nanosec: 896000000
estimated_time_remaining:
  sec: 12
  nanosec: 633908051
number_of_recoveries: 0
distance_remaining: 3.0207104682922363

Feedback:
    current_pose:
  header:
    stamp:
      sec: 22
      nanosec: 440000000
    frame_id: map
  pose:
    position:
      x: 1.5037445222418242
      y: -0.051943853058831826
      z: 0.0
    orientation:
      x: 0.0
      y: 0.0
      z: 0.007226169197521371
      w: 0.999973890898522
navigation_time:
  sec: 6
  nanosec: 904000000
estimated_time_remaining:
  sec: 12
  nanosec: 633908051
number_of_recoveries: 0
distance_remaining: 3.0207104682922363

Feedback:
    current_pose:
  header:
    stamp:
      sec: 22
      nanosec: 460000000
    frame_id: map
  pose:
    position:
      x: 1.5075689963757497
      y: -0.05259170852428727
      z: 0.0
    orientation:
      x: 0.0
      y: 0.0
      z: 0.006496526174458326
      w: 0.9999788973511715
navigation_time:
  sec: 6
  nanosec: 916000000
estimated_time_remaining:
  sec: 12
  nanosec: 639675062
number_of_recoveries: 0
distance_remaining: 3.0207104682922363

Feedback:
    current_pose:
  header:
    stamp:
      sec: 22
      nanosec: 460000000
    frame_id: map
  pose:
    position:
      x: 1.5075689963757497
      y: -0.05259170852428727
      z: 0.0
    orientation:
      x: 0.0
      y: 0.0
      z: 0.006496526174458326
      w: 0.9999788973511715
navigation_time:
  sec: 6
  nanosec: 924000000
estimated_time_remaining:
  sec: 12
  nanosec: 639675062
number_of_recoveries: 0
distance_remaining: 3.0207104682922363

Feedback:
    current_pose:
  header:
    stamp:
      sec: 22
      nanosec: 480000000
    frame_id: map
  pose:
    position:
      x: 1.5115030359571144
      y: -0.05324878764847897
      z: 0.0
    orientation:
      x: 0.0
      y: 0.0
      z: 0.005782877676250452
      w: 0.9999832790230953
navigation_time:
  sec: 6
  nanosec: 936000000
estimated_time_remaining:
  sec: 12
  nanosec: 629813497
number_of_recoveries: 0
distance_remaining: 3.0207104682922363

Feedback:
    current_pose:
  header:
    stamp:
      sec: 22
      nanosec: 480000000
    frame_id: map
  pose:
    position:
      x: 1.5115030359571144
      y: -0.05324878764847897
      z: 0.0
    orientation:
      x: 0.0
      y: 0.0
      z: 0.005782877676250452
      w: 0.9999832790230953
navigation_time:
  sec: 6
  nanosec: 944000000
estimated_time_remaining:
  sec: 12
  nanosec: 629813497
number_of_recoveries: 0
distance_remaining: 3.0207104682922363

Feedback:
    current_pose:
  header:
    stamp:
      sec: 22
      nanosec: 500000000
    frame_id: map
  pose:
    position:
      x: 1.5154362079889498
      y: -0.053916590930691816
      z: 0.0
    orientation:
      x: 0.0
      y: 0.0
      z: 0.0050692262327026155
      w: 0.9999871513901576
navigation_time:
  sec: 6
  nanosec: 956000000
estimated_time_remaining:
  sec: 12
  nanosec: 511045796
number_of_recoveries: 0
distance_remaining: 2.9957103729248047

Feedback:
    current_pose:
  header:
    stamp:
      sec: 22
      nanosec: 500000000
    frame_id: map
  pose:
    position:
      x: 1.5154362079889498
      y: -0.053916590930691816
      z: 0.0
    orientation:
      x: 0.0
      y: 0.0
      z: 0.0050692262327026155
      w: 0.9999871513901576
navigation_time:
  sec: 6
  nanosec: 964000000
estimated_time_remaining:
  sec: 12
  nanosec: 511045796
number_of_recoveries: 0
distance_remaining: 2.9957103729248047

Feedback:
    current_pose:
  header:
    stamp:
      sec: 22
      nanosec: 520000000
    frame_id: map
  pose:
    position:
      x: 1.5194207492655718
      y: -0.05459441354872721
      z: 0.0
    orientation:
      x: 0.0
      y: 0.0
      z: 0.0044154723385652905
      w: 0.9999902517544995
navigation_time:
  sec: 6
  nanosec: 976000000
estimated_time_remaining:
  sec: 12
  nanosec: 500649175
number_of_recoveries: 0
distance_remaining: 2.9957103729248047

Feedback:
    current_pose:
  header:
    stamp:
      sec: 22
      nanosec: 520000000
    frame_id: map
  pose:
    position:
      x: 1.5194207492655718
      y: -0.05459441354872721
      z: 0.0
    orientation:
      x: 0.0
      y: 0.0
      z: 0.0044154723385652905
      w: 0.9999902517544995
navigation_time:
  sec: 6
  nanosec: 984000000
estimated_time_remaining:
  sec: 12
  nanosec: 500649175
number_of_recoveries: 0
distance_remaining: 2.9957103729248047

Feedback:
    current_pose:
  header:
    stamp:
      sec: 22
      nanosec: 540000000
    frame_id: map
  pose:
    position:
      x: 1.5234174464815695
      y: -0.05528225056830978
      z: 0.0
    orientation:
      x: 0.0
      y: 0.0
      z: 0.003776691657149833
      w: 0.9999928682746327
navigation_time:
  sec: 6
  nanosec: 996000000
estimated_time_remaining:
  sec: 12
  nanosec: 487063873
number_of_recoveries: 0
distance_remaining: 2.9957103729248047

Feedback:
    current_pose:
  header:
    stamp:
      sec: 22
      nanosec: 540000000
    frame_id: map
  pose:
    position:
      x: 1.5234174464815695
      y: -0.05528225056830978
      z: 0.0
    orientation:
      x: 0.0
      y: 0.0
      z: 0.003776691657149833
      w: 0.9999928682746327
navigation_time:
  sec: 7
  nanosec: 4000000
estimated_time_remaining:
  sec: 12
  nanosec: 487063873
number_of_recoveries: 0
distance_remaining: 2.9957103729248047

Feedback:
    current_pose:
  header:
    stamp:
      sec: 22
      nanosec: 560000000
    frame_id: map
  pose:
    position:
      x: 1.527429218650031
      y: -0.055980084572737204
      z: 0.0
    orientation:
      x: 0.0
      y: 0.0
      z: 0.0031703645792367364
      w: 0.9999949743815889
navigation_time:
  sec: 7
  nanosec: 16000000
estimated_time_remaining:
  sec: 12
  nanosec: 467599610
number_of_recoveries: 0
distance_remaining: 2.9957103729248047

Feedback:
    current_pose:
  header:
    stamp:
      sec: 22
      nanosec: 560000000
    frame_id: map
  pose:
    position:
      x: 1.527429218650031
      y: -0.055980084572737204
      z: 0.0
    orientation:
      x: 0.0
      y: 0.0
      z: 0.0031703645792367364
      w: 0.9999949743815889
navigation_time:
  sec: 7
  nanosec: 24000000
estimated_time_remaining:
  sec: 12
  nanosec: 467599610
number_of_recoveries: 0
distance_remaining: 2.9957103729248047

Feedback:
    current_pose:
  header:
    stamp:
      sec: 22
      nanosec: 580000000
    frame_id: map
  pose:
    position:
      x: 1.5315745157384304
      y: -0.056686254441419864
      z: 0.0
    orientation:
      x: 0.0
      y: 0.0
      z: 0.002693857124441811
      w: 0.9999963715603138
navigation_time:
  sec: 7
  nanosec: 36000000
estimated_time_remaining:
  sec: 12
  nanosec: 434276420
number_of_recoveries: 0
distance_remaining: 2.9957103729248047

Feedback:
    current_pose:
  header:
    stamp:
      sec: 22
      nanosec: 580000000
    frame_id: map
  pose:
    position:
      x: 1.5315745157384304
      y: -0.056686254441419864
      z: 0.0
    orientation:
      x: 0.0
      y: 0.0
      z: 0.002693857124441811
      w: 0.9999963715603138
navigation_time:
  sec: 7
  nanosec: 44000000
estimated_time_remaining:
  sec: 12
  nanosec: 434276420
number_of_recoveries: 0
distance_remaining: 2.9957103729248047

Feedback:
    current_pose:
  header:
    stamp:
      sec: 22
      nanosec: 600000000
    frame_id: map
  pose:
    position:
      x: 1.5357188527636492
      y: -0.05740121967364499
      z: 0.0
    orientation:
      x: 0.0
      y: 0.0
      z: 0.002217349098319554
      w: 0.9999975416784666
navigation_time:
  sec: 7
  nanosec: 56000000
estimated_time_remaining:
  sec: 12
  nanosec: 392085132
number_of_recoveries: 0
distance_remaining: 2.9957103729248047

Feedback:
    current_pose:
  header:
    stamp:
      sec: 22
      nanosec: 600000000
    frame_id: map
  pose:
    position:
      x: 1.5357188527636492
      y: -0.05740121967364499
      z: 0.0
    orientation:
      x: 0.0
      y: 0.0
      z: 0.002217349098319554
      w: 0.9999975416784666
navigation_time:
  sec: 7
  nanosec: 64000000
estimated_time_remaining:
  sec: 12
  nanosec: 392085132
number_of_recoveries: 0
distance_remaining: 2.9957103729248047

Feedback:
    current_pose:
  header:
    stamp:
      sec: 22
      nanosec: 620000000
    frame_id: map
  pose:
    position:
      x: 1.5401041724478444
      y: -0.057337390936854776
      z: 0.0
    orientation:
      x: 0.0
      y: 0.0
      z: 0.0021340902007162123
      w: 0.9999977228269149
navigation_time:
  sec: 7
  nanosec: 76000000
estimated_time_remaining:
  sec: 12
  nanosec: 250014826
number_of_recoveries: 0
distance_remaining: 2.970710515975952

Feedback:
    current_pose:
  header:
    stamp:
      sec: 22
      nanosec: 620000000
    frame_id: map
  pose:
    position:
      x: 1.5401041724478444
      y: -0.057337390936854776
      z: 0.0
    orientation:
      x: 0.0
      y: 0.0
      z: 0.0021340902007162123
      w: 0.9999977228269149
navigation_time:
  sec: 7
  nanosec: 88000000
estimated_time_remaining:
  sec: 12
  nanosec: 250014826
number_of_recoveries: 0
distance_remaining: 2.970710515975952

Feedback:
    current_pose:
  header:
    stamp:
      sec: 22
      nanosec: 640000000
    frame_id: map
  pose:
    position:
      x: 1.5444765055050989
      y: -0.05727468165902083
      z: 0.0
    orientation:
      x: 0.0
      y: 0.0
      z: 0.002074578683162506
      w: 0.9999978480593282
navigation_time:
  sec: 7
  nanosec: 96000000
estimated_time_remaining:
  sec: 12
  nanosec: 210637184
number_of_recoveries: 0
distance_remaining: 2.970710515975952

Feedback:
    current_pose:
  header:
    stamp:
      sec: 22
      nanosec: 640000000
    frame_id: map
  pose:
    position:
      x: 1.5444765055050989
      y: -0.05727468165902083
      z: 0.0
    orientation:
      x: 0.0
      y: 0.0
      z: 0.002074578683162506
      w: 0.9999978480593282
navigation_time:
  sec: 7
  nanosec: 104000000
estimated_time_remaining:
  sec: 12
  nanosec: 210637184
number_of_recoveries: 0
distance_remaining: 2.970710515975952

Feedback:
    current_pose:
  header:
    stamp:
      sec: 22
      nanosec: 660000000
    frame_id: map
  pose:
    position:
      x: 1.548848831905217
      y: -0.05721298680841497
      z: 0.0
    orientation:
      x: 0.0
      y: 0.0
      z: 0.0020150671582620516
      w: 0.999997969750113
navigation_time:
  sec: 7
  nanosec: 116000000
estimated_time_remaining:
  sec: 12
  nanosec: 166712972
number_of_recoveries: 0
distance_remaining: 2.970710515975952

Feedback:
    current_pose:
  header:
    stamp:
      sec: 22
      nanosec: 660000000
    frame_id: map
  pose:
    position:
      x: 1.548848831905217
      y: -0.05721298680841497
      z: 0.0
    orientation:
      x: 0.0
      y: 0.0
      z: 0.0020150671582620516
      w: 0.999997969750113
navigation_time:
  sec: 7
  nanosec: 124000000
estimated_time_remaining:
  sec: 12
  nanosec: 166712972
number_of_recoveries: 0
distance_remaining: 2.970710515975952

Feedback:
    current_pose:
  header:
    stamp:
      sec: 22
      nanosec: 680000000
    frame_id: map
  pose:
    position:
      x: 1.5532550685708149
      y: -0.0571517024650382
      z: 0.0
    orientation:
      x: 0.0
      y: 0.0
      z: 0.00204832028264032
      w: 0.9999979021898094
navigation_time:
  sec: 7
  nanosec: 136000000
estimated_time_remaining:
  sec: 12
  nanosec: 118676024
number_of_recoveries: 0
distance_remaining: 2.970710515975952

Feedback:
    current_pose:
  header:
    stamp:
      sec: 22
      nanosec: 680000000
    frame_id: map
  pose:
    position:
      x: 1.5532550685708149
      y: -0.0571517024650382
      z: 0.0
    orientation:
      x: 0.0
      y: 0.0
      z: 0.00204832028264032
      w: 0.9999979021898094
navigation_time:
  sec: 7
  nanosec: 144000000
estimated_time_remaining:
  sec: 12
  nanosec: 118676024
number_of_recoveries: 0
distance_remaining: 2.970710515975952

Feedback:
    current_pose:
  header:
    stamp:
      sec: 22
      nanosec: 700000000
    frame_id: map
  pose:
    position:
      x: 1.55766129462938
      y: -0.05709049810560536
      z: 0.0
    orientation:
      x: 0.0
      y: 0.0
      z: 0.002081573434079401
      w: 0.9999978335236723
navigation_time:
  sec: 7
  nanosec: 156000000
estimated_time_remaining:
  sec: 12
  nanosec: 70892063
number_of_recoveries: 0
distance_remaining: 2.970710515975952

Feedback:
    current_pose:
  header:
    stamp:
      sec: 22
      nanosec: 700000000
    frame_id: map
  pose:
    position:
      x: 1.55766129462938
      y: -0.05709049810560536
      z: 0.0
    orientation:
      x: 0.0
      y: 0.0
      z: 0.002081573434079401
      w: 0.9999978335236723
navigation_time:
  sec: 7
  nanosec: 164000000
estimated_time_remaining:
  sec: 12
  nanosec: 70892063
number_of_recoveries: 0
distance_remaining: 2.970710515975952

Feedback:
    current_pose:
  header:
    stamp:
      sec: 22
      nanosec: 720000000
    frame_id: map
  pose:
    position:
      x: 1.5620937238794028
      y: -0.0570292484653889
      z: 0.0
    orientation:
      x: 0.0
      y: 0.0
      z: 0.002119894150598572
      w: 0.9999977530218708
navigation_time:
  sec: 7
  nanosec: 176000000
estimated_time_remaining:
  sec: 12
  nanosec: 102057000
number_of_recoveries: 0
distance_remaining: 2.990131378173828

Feedback:
    current_pose:
  header:
    stamp:
      sec: 22
      nanosec: 720000000
    frame_id: map
  pose:
    position:
      x: 1.5620937238794028
      y: -0.0570292484653889
      z: 0.0
    orientation:
      x: 0.0
      y: 0.0
      z: 0.002119894150598572
      w: 0.9999977530218708
navigation_time:
  sec: 7
  nanosec: 184000000
estimated_time_remaining:
  sec: 12
  nanosec: 102057000
number_of_recoveries: 0
distance_remaining: 2.990131378173828

Feedback:
    current_pose:
  header:
    stamp:
      sec: 22
      nanosec: 740000000
    frame_id: map
  pose:
    position:
      x: 1.5665436180586088
      y: -0.05696792670484879
      z: 0.0
    orientation:
      x: 0.0
      y: 0.0
      z: 0.002161593246235632
      w: 0.99999766375459
navigation_time:
  sec: 7
  nanosec: 196000000
estimated_time_remaining:
  sec: 12
  nanosec: 49268401
number_of_recoveries: 0
distance_remaining: 2.990131378173828

Feedback:
    current_pose:
  header:
    stamp:
      sec: 22
      nanosec: 740000000
    frame_id: map
  pose:
    position:
      x: 1.5665436180586088
      y: -0.05696792670484879
      z: 0.0
    orientation:
      x: 0.0
      y: 0.0
      z: 0.002161593246235632
      w: 0.99999766375459
navigation_time:
  sec: 7
  nanosec: 204000000
estimated_time_remaining:
  sec: 12
  nanosec: 49268401
number_of_recoveries: 0
distance_remaining: 2.990131378173828

Feedback:
    current_pose:
  header:
    stamp:
      sec: 22
      nanosec: 760000000
    frame_id: map
  pose:
    position:
      x: 1.5709943821040846
      y: -0.05690659107671239
      z: 0.0
    orientation:
      x: 0.0
      y: 0.0
      z: 0.002207431726323442
      w: 0.9999975636196188
navigation_time:
  sec: 7
  nanosec: 216000000
estimated_time_remaining:
  sec: 11
  nanosec: 992094001
number_of_recoveries: 0
distance_remaining: 2.990131378173828

Feedback:
    current_pose:
  header:
    stamp:
      sec: 22
      nanosec: 760000000
    frame_id: map
  pose:
    position:
      x: 1.5709943821040846
      y: -0.05690659107671239
      z: 0.0
    orientation:
      x: 0.0
      y: 0.0
      z: 0.002207431726323442
      w: 0.9999975636196188
navigation_time:
  sec: 7
  nanosec: 224000000
estimated_time_remaining:
  sec: 11
  nanosec: 992094001
number_of_recoveries: 0
distance_remaining: 2.990131378173828

Feedback:
    current_pose:
  header:
    stamp:
      sec: 22
      nanosec: 780000000
    frame_id: map
  pose:
    position:
      x: 1.5754486582033898
      y: -0.05684509005484656
      z: 0.0
    orientation:
      x: 0.0
      y: 0.0
      z: 0.0022698277847930655
      w: 0.9999974239375958
navigation_time:
  sec: 7
  nanosec: 236000000
estimated_time_remaining:
  sec: 11
  nanosec: 757645038
number_of_recoveries: 0
distance_remaining: 2.9457099437713623

Feedback:
    current_pose:
  header:
    stamp:
      sec: 22
      nanosec: 780000000
    frame_id: map
  pose:
    position:
      x: 1.5754486582033898
      y: -0.05684509005484656
      z: 0.0
    orientation:
      x: 0.0
      y: 0.0
      z: 0.0022698277847930655
      w: 0.9999974239375958
navigation_time:
  sec: 7
  nanosec: 244000000
estimated_time_remaining:
  sec: 11
  nanosec: 757645038
number_of_recoveries: 0
distance_remaining: 2.9457099437713623

Feedback:
    current_pose:
  header:
    stamp:
      sec: 22
      nanosec: 800000000
    frame_id: map
  pose:
    position:
      x: 1.5799029222065188
      y: -0.05678337126604989
      z: 0.0
    orientation:
      x: 0.0
      y: 0.0
      z: 0.0023322238345088596
      w: 0.9999972803622946
navigation_time:
  sec: 7
  nanosec: 256000000
estimated_time_remaining:
  sec: 11
  nanosec: 710818251
number_of_recoveries: 0
distance_remaining: 2.9457099437713623

Feedback:
    current_pose:
  header:
    stamp:
      sec: 22
      nanosec: 800000000
    frame_id: map
  pose:
    position:
      x: 1.5799029222065188
      y: -0.05678337126604989
      z: 0.0
    orientation:
      x: 0.0
      y: 0.0
      z: 0.0023322238345088596
      w: 0.9999972803622946
navigation_time:
  sec: 7
  nanosec: 264000000
estimated_time_remaining:
  sec: 11
  nanosec: 710818251
number_of_recoveries: 0
distance_remaining: 2.9457099437713623

Feedback:
    current_pose:
  header:
    stamp:
      sec: 22
      nanosec: 820000000
    frame_id: map
  pose:
    position:
      x: 1.5843243950362156
      y: -0.05759978762632992
      z: 0.0
    orientation:
      x: 0.0
      y: 0.0
      z: 0.0019405023109204391
      w: 0.9999981172236182
navigation_time:
  sec: 7
  nanosec: 276000000
estimated_time_remaining:
  sec: 11
  nanosec: 668869861
number_of_recoveries: 0
distance_remaining: 2.9457099437713623

Feedback:
    current_pose:
  header:
    stamp:
      sec: 22
      nanosec: 820000000
    frame_id: map
  pose:
    position:
      x: 1.5843243950362156
      y: -0.05759978762632992
      z: 0.0
    orientation:
      x: 0.0
      y: 0.0
      z: 0.0019405023109204391
      w: 0.9999981172236182
navigation_time:
  sec: 7
  nanosec: 284000000
estimated_time_remaining:
  sec: 11
  nanosec: 668869861
number_of_recoveries: 0
distance_remaining: 2.9457099437713623

Feedback:
    current_pose:
  header:
    stamp:
      sec: 22
      nanosec: 840000000
    frame_id: map
  pose:
    position:
      x: 1.5888564548071908
      y: -0.05842488149348529
      z: 0.0
    orientation:
      x: 0.0
      y: 0.0
      z: 0.0015860018350049997
      w: 0.9999987422982988
navigation_time:
  sec: 7
  nanosec: 296000000
estimated_time_remaining:
  sec: 11
  nanosec: 619476179
number_of_recoveries: 0
distance_remaining: 2.9457099437713623

Feedback:
    current_pose:
  header:
    stamp:
      sec: 22
      nanosec: 840000000
    frame_id: map
  pose:
    position:
      x: 1.5888564548071908
      y: -0.05842488149348529
      z: 0.0
    orientation:
      x: 0.0
      y: 0.0
      z: 0.0015860018350049997
      w: 0.9999987422982988
navigation_time:
  sec: 7
  nanosec: 308000000
estimated_time_remaining:
  sec: 11
  nanosec: 619476179
number_of_recoveries: 0
distance_remaining: 2.9457099437713623

Feedback:
    current_pose:
  header:
    stamp:
      sec: 22
      nanosec: 860000000
    frame_id: map
  pose:
    position:
      x: 1.5933683982280251
      y: -0.0592591269103005
      z: 0.0
    orientation:
      x: 0.0
      y: 0.0
      z: 0.0012154029734873228
      w: 0.9999992613975333
navigation_time:
  sec: 7
  nanosec: 316000000
estimated_time_remaining:
  sec: 11
  nanosec: 568464949
number_of_recoveries: 0
distance_remaining: 2.9457099437713623

Feedback:
    current_pose:
  header:
    stamp:
      sec: 22
      nanosec: 860000000
    frame_id: map
  pose:
    position:
      x: 1.5933683982280251
      y: -0.0592591269103005
      z: 0.0
    orientation:
      x: 0.0
      y: 0.0
      z: 0.0012154029734873228
      w: 0.9999992613975333
navigation_time:
  sec: 7
  nanosec: 324000000
estimated_time_remaining:
  sec: 11
  nanosec: 568464949
number_of_recoveries: 0
distance_remaining: 2.9457099437713623

Feedback:
    current_pose:
  header:
    stamp:
      sec: 22
      nanosec: 880000000
    frame_id: map
  pose:
    position:
      x: 1.5978051332019703
      y: -0.0601031109761439
      z: 0.0
    orientation:
      x: 0.0
      y: 0.0
      z: 0.0007804111361581769
      w: 0.9999996954791829
navigation_time:
  sec: 7
  nanosec: 336000000
estimated_time_remaining:
  sec: 11
  nanosec: 526411077
number_of_recoveries: 0
distance_remaining: 2.9457099437713623

Feedback:
    current_pose:
  header:
    stamp:
      sec: 22
      nanosec: 880000000
    frame_id: map
  pose:
    position:
      x: 1.5978051332019703
      y: -0.0601031109761439
      z: 0.0
    orientation:
      x: 0.0
      y: 0.0
      z: 0.0007804111361581769
      w: 0.9999996954791829
navigation_time:
  sec: 7
  nanosec: 344000000
estimated_time_remaining:
  sec: 11
  nanosec: 526411077
number_of_recoveries: 0
distance_remaining: 2.9457099437713623

Feedback:
    current_pose:
  header:
    stamp:
      sec: 22
      nanosec: 900000000
    frame_id: map
  pose:
    position:
      x: 1.6022400871556242
      y: -0.0609568565295239
      z: 0.0
    orientation:
      x: 0.0
      y: 0.0
      z: 0.00034541913613983516
      w: 0.9999999403428084
navigation_time:
  sec: 7
  nanosec: 356000000
estimated_time_remaining:
  sec: 11
  nanosec: 500348881
number_of_recoveries: 0
distance_remaining: 2.9457099437713623

Feedback:
    current_pose:
  header:
    stamp:
      sec: 22
      nanosec: 900000000
    frame_id: map
  pose:
    position:
      x: 1.6022400871556242
      y: -0.0609568565295239
      z: 0.0
    orientation:
      x: 0.0
      y: 0.0
      z: 0.00034541913613983516
      w: 0.9999999403428084
navigation_time:
  sec: 7
  nanosec: 364000000
estimated_time_remaining:
  sec: 11
  nanosec: 500348881
number_of_recoveries: 0
distance_remaining: 2.9457099437713623

Feedback:
    current_pose:
  header:
    stamp:
      sec: 22
      nanosec: 920000000
    frame_id: map
  pose:
    position:
      x: 1.6066254093718766
      y: -0.06182021489895975
      z: 0.0
    orientation:
      x: 0.0
      y: 0.0
      z: -4.528354654992351e-05
      w: 0.9999999989747002
navigation_time:
  sec: 7
  nanosec: 376000000
estimated_time_remaining:
  sec: 11
  nanosec: 487150528
number_of_recoveries: 0
distance_remaining: 2.9457099437713623

Feedback:
    current_pose:
  header:
    stamp:
      sec: 22
      nanosec: 920000000
    frame_id: map
  pose:
    position:
      x: 1.6066254093718766
      y: -0.06182021489895975
      z: 0.0
    orientation:
      x: 0.0
      y: 0.0
      z: -4.528354654992351e-05
      w: 0.9999999989747002
navigation_time:
  sec: 7
  nanosec: 384000000
estimated_time_remaining:
  sec: 11
  nanosec: 487150528
number_of_recoveries: 0
distance_remaining: 2.9457099437713623

Feedback:
    current_pose:
  header:
    stamp:
      sec: 22
      nanosec: 940000000
    frame_id: map
  pose:
    position:
      x: 1.6109770323596624
      y: -0.06269250774360088
      z: 0.0
    orientation:
      x: 0.0
      y: 0.0
      z: -0.000406459930424416
      w: 0.9999999173951589
navigation_time:
  sec: 7
  nanosec: 396000000
estimated_time_remaining:
  sec: 11
  nanosec: 380777387
number_of_recoveries: 0
distance_remaining: 2.9207098484039307

Feedback:
    current_pose:
  header:
    stamp:
      sec: 22
      nanosec: 940000000
    frame_id: map
  pose:
    position:
      x: 1.6109770323596624
      y: -0.06269250774360088
      z: 0.0
    orientation:
      x: 0.0
      y: 0.0
      z: -0.000406459930424416
      w: 0.9999999173951589
navigation_time:
  sec: 7
  nanosec: 404000000
estimated_time_remaining:
  sec: 11
  nanosec: 380777387
number_of_recoveries: 0
distance_remaining: 2.9207098484039307

Feedback:
    current_pose:
  header:
    stamp:
      sec: 22
      nanosec: 960000000
    frame_id: map
  pose:
    position:
      x: 1.6153244055724463
      y: -0.06357365229148576
      z: 0.0
    orientation:
      x: 0.0
      y: 0.0
      z: -0.0007739114545708273
      w: 0.9999997005304855
navigation_time:
  sec: 7
  nanosec: 416000000
estimated_time_remaining:
  sec: 11
  nanosec: 372037973
number_of_recoveries: 0
distance_remaining: 2.9207098484039307

Feedback:
    current_pose:
  header:
    stamp:
      sec: 22
      nanosec: 960000000
    frame_id: map
  pose:
    position:
      x: 1.6153244055724463
      y: -0.06357365229148576
      z: 0.0
    orientation:
      x: 0.0
      y: 0.0
      z: -0.0007739114545708273
      w: 0.9999997005304855
navigation_time:
  sec: 7
  nanosec: 424000000
estimated_time_remaining:
  sec: 11
  nanosec: 372037973
number_of_recoveries: 0
distance_remaining: 2.9207098484039307

Feedback:
    current_pose:
  header:
    stamp:
      sec: 22
      nanosec: 980000000
    frame_id: map
  pose:
    position:
      x: 1.619660227477139
      y: -0.06446383351872405
      z: 0.0
    orientation:
      x: 0.0
      y: 0.0
      z: -0.001166463686925676
      w: 0.9999993196810023
navigation_time:
  sec: 7
  nanosec: 436000000
estimated_time_remaining:
  sec: 11
  nanosec: 363254510
number_of_recoveries: 0
distance_remaining: 2.9207098484039307

Feedback:
    current_pose:
  header:
    stamp:
      sec: 22
      nanosec: 980000000
    frame_id: map
  pose:
    position:
      x: 1.619660227477139
      y: -0.06446383351872405
      z: 0.0
    orientation:
      x: 0.0
      y: 0.0
      z: -0.001166463686925676
      w: 0.9999993196810023
navigation_time:
  sec: 7
  nanosec: 444000000
estimated_time_remaining:
  sec: 11
  nanosec: 363254510
number_of_recoveries: 0
distance_remaining: 2.9207098484039307

Feedback:
    current_pose:
  header:
    stamp:
      sec: 23
      nanosec: 0
    frame_id: map
  pose:
    position:
      x: 1.6239942042376567
      y: -0.0653631585469436
      z: 0.0
    orientation:
      x: 0.0
      y: 0.0
      z: -0.0015590157396654643
      w: 0.9999987847342233
navigation_time:
  sec: 7
  nanosec: 456000000
estimated_time_remaining:
  sec: 11
  nanosec: 357495166
number_of_recoveries: 0
distance_remaining: 2.9207098484039307

Feedback:
    current_pose:
  header:
    stamp:
      sec: 23
      nanosec: 0
    frame_id: map
  pose:
    position:
      x: 1.6239942042376567
      y: -0.0653631585469436
      z: 0.0
    orientation:
      x: 0.0
      y: 0.0
      z: -0.0015590157396654643
      w: 0.9999987847342233
navigation_time:
  sec: 7
  nanosec: 464000000
estimated_time_remaining:
  sec: 11
  nanosec: 357495166
number_of_recoveries: 0
distance_remaining: 2.9207098484039307

Feedback:
    current_pose:
  header:
    stamp:
      sec: 23
      nanosec: 20000000
    frame_id: map
  pose:
    position:
      x: 1.6290306981892633
      y: -0.06537803575872617
      z: 0.0
    orientation:
      x: 0.0
      y: 0.0
      z: -0.0013851864079848786
      w: 0.9999990406288473
navigation_time:
  sec: 7
  nanosec: 472000000
estimated_time_remaining:
  sec: 11
  nanosec: 358339021
number_of_recoveries: 0
distance_remaining: 2.9207098484039307

Feedback:
    current_pose:
  header:
    stamp:
      sec: 23
      nanosec: 20000000
    frame_id: map
  pose:
    position:
      x: 1.6290306981892633
      y: -0.06537803575872617
      z: 0.0
    orientation:
      x: 0.0
      y: 0.0
      z: -0.0013851864079848786
      w: 0.9999990406288473
navigation_time:
  sec: 7
  nanosec: 484000000
estimated_time_remaining:
  sec: 11
  nanosec: 358339021
number_of_recoveries: 0
distance_remaining: 2.9207098484039307

Feedback:
    current_pose:
  header:
    stamp:
      sec: 23
      nanosec: 40000000
    frame_id: map
  pose:
    position:
      x: 1.6340517659316984
      y: -0.06539101518900275
      z: 0.0
    orientation:
      x: 0.0
      y: 0.0
      z: -0.0011998011607902287
      w: 0.9999992802383282
navigation_time:
  sec: 7
  nanosec: 496000000
estimated_time_remaining:
  sec: 11
  nanosec: 269032204
number_of_recoveries: 0
distance_remaining: 2.895709991455078

Feedback:
    current_pose:
  header:
    stamp:
      sec: 23
      nanosec: 40000000
    frame_id: map
  pose:
    position:
      x: 1.6340517659316984
      y: -0.06539101518900275
      z: 0.0
    orientation:
      x: 0.0
      y: 0.0
      z: -0.0011998011607902287
      w: 0.9999992802383282
navigation_time:
  sec: 7
  nanosec: 504000000
estimated_time_remaining:
  sec: 11
  nanosec: 269032204
number_of_recoveries: 0
distance_remaining: 2.895709991455078

Feedback:
    current_pose:
  header:
    stamp:
      sec: 23
      nanosec: 60000000
    frame_id: map
  pose:
    position:
      x: 1.6390776721953215
      y: -0.06540213883154392
      z: 0.0
    orientation:
      x: 0.0
      y: 0.0
      z: -0.001010344443939562
      w: 0.999999489601922
navigation_time:
  sec: 7
  nanosec: 516000000
estimated_time_remaining:
  sec: 11
  nanosec: 280685405
number_of_recoveries: 0
distance_remaining: 2.895709991455078

Feedback:
    current_pose:
  header:
    stamp:
      sec: 23
      nanosec: 60000000
    frame_id: map
  pose:
    position:
      x: 1.6390776721953215
      y: -0.06540213883154392
      z: 0.0
    orientation:
      x: 0.0
      y: 0.0
      z: -0.001010344443939562
      w: 0.999999489601922
navigation_time:
  sec: 7
  nanosec: 524000000
estimated_time_remaining:
  sec: 11
  nanosec: 280685405
number_of_recoveries: 0
distance_remaining: 2.895709991455078

Feedback:
    current_pose:
  header:
    stamp:
      sec: 23
      nanosec: 80000000
    frame_id: map
  pose:
    position:
      x: 1.6441229186766615
      y: -0.06541129569477383
      z: 0.0
    orientation:
      x: 0.0
      y: 0.0
      z: -0.0008046019426812405
      w: 0.9999996763078045
navigation_time:
  sec: 7
  nanosec: 536000000
estimated_time_remaining:
  sec: 11
  nanosec: 291962754
number_of_recoveries: 0
distance_remaining: 2.895709991455078

Feedback:
    current_pose:
  header:
    stamp:
      sec: 23
      nanosec: 80000000
    frame_id: map
  pose:
    position:
      x: 1.6441229186766615
      y: -0.06541129569477383
      z: 0.0
    orientation:
      x: 0.0
      y: 0.0
      z: -0.0008046019426812405
      w: 0.9999996763078045
navigation_time:
  sec: 7
  nanosec: 544000000
estimated_time_remaining:
  sec: 11
  nanosec: 291962754
number_of_recoveries: 0
distance_remaining: 2.895709991455078

Feedback:
    current_pose:
  header:
    stamp:
      sec: 23
      nanosec: 100000000
    frame_id: map
  pose:
    position:
      x: 1.6491681684987844
      y: -0.06541837651316776
      z: 0.0
    orientation:
      x: 0.0
      y: 0.0
      z: -0.0005988594072863507
      w: 0.9999998206836891
navigation_time:
  sec: 7
  nanosec: 556000000
estimated_time_remaining:
  sec: 11
  nanosec: 302233390
number_of_recoveries: 0
distance_remaining: 2.895709991455078

Feedback:
    current_pose:
  header:
    stamp:
      sec: 23
      nanosec: 100000000
    frame_id: map
  pose:
    position:
      x: 1.6491681684987844
      y: -0.06541837651316776
      z: 0.0
    orientation:
      x: 0.0
      y: 0.0
      z: -0.0005988594072863507
      w: 0.9999998206836891
navigation_time:
  sec: 7
  nanosec: 564000000
estimated_time_remaining:
  sec: 11
  nanosec: 302233390
number_of_recoveries: 0
distance_remaining: 2.895709991455078

Feedback:
    current_pose:
  header:
    stamp:
      sec: 23
      nanosec: 120000000
    frame_id: map
  pose:
    position:
      x: 1.65424003832386
      y: -0.06542340472616334
      z: 0.0
    orientation:
      x: 0.0
      y: 0.0
      z: -0.0003928637913373361
      w: 0.9999999228290177
navigation_time:
  sec: 7
  nanosec: 576000000
estimated_time_remaining:
  sec: 11
  nanosec: 310928257
number_of_recoveries: 0
distance_remaining: 2.895709991455078

Feedback:
    current_pose:
  header:
    stamp:
      sec: 23
      nanosec: 120000000
    frame_id: map
  pose:
    position:
      x: 1.65424003832386
      y: -0.06542340472616334
      z: 0.0
    orientation:
      x: 0.0
      y: 0.0
      z: -0.0003928637913373361
      w: 0.9999999228290177
navigation_time:
  sec: 7
  nanosec: 584000000
estimated_time_remaining:
  sec: 11
  nanosec: 310928257
number_of_recoveries: 0
distance_remaining: 2.895709991455078

Feedback:
    current_pose:
  header:
    stamp:
      sec: 23
      nanosec: 140000000
    frame_id: map
  pose:
    position:
      x: 1.6593296548045804
      y: -0.06542635448120132
      z: 0.0
    orientation:
      x: 0.0
      y: 0.0
      z: -0.00018669945519839137
      w: 0.9999999825716567
navigation_time:
  sec: 7
  nanosec: 596000000
estimated_time_remaining:
  sec: 11
  nanosec: 222158136
number_of_recoveries: 0
distance_remaining: 2.8707098960876465

Feedback:
    current_pose:
  header:
    stamp:
      sec: 23
      nanosec: 140000000
    frame_id: map
  pose:
    position:
      x: 1.6593296548045804
      y: -0.06542635448120132
      z: 0.0
    orientation:
      x: 0.0
      y: 0.0
      z: -0.00018669945519839137
      w: 0.9999999825716567
navigation_time:
  sec: 7
  nanosec: 604000000
estimated_time_remaining:
  sec: 11
  nanosec: 222158136
number_of_recoveries: 0
distance_remaining: 2.8707098960876465

Feedback:
    current_pose:
  header:
    stamp:
      sec: 23
      nanosec: 160000000
    frame_id: map
  pose:
    position:
      x: 1.6644123686584709
      y: -0.06542718143807927
      z: 0.0
    orientation:
      x: 0.0
      y: 0.0
      z: 4.338842173498559e-05
      w: 0.9999999990587223
navigation_time:
  sec: 7
  nanosec: 616000000
estimated_time_remaining:
  sec: 11
  nanosec: 241327243
number_of_recoveries: 0
distance_remaining: 2.8707098960876465

Feedback:
    current_pose:
  header:
    stamp:
      sec: 23
      nanosec: 160000000
    frame_id: map
  pose:
    position:
      x: 1.6644123686584709
      y: -0.06542718143807927
      z: 0.0
    orientation:
      x: 0.0
      y: 0.0
      z: 4.338842173498559e-05
      w: 0.9999999990587223
navigation_time:
  sec: 7
  nanosec: 624000000
estimated_time_remaining:
  sec: 11
  nanosec: 241327243
number_of_recoveries: 0
distance_remaining: 2.8707098960876465

Feedback:
    current_pose:
  header:
    stamp:
      sec: 23
      nanosec: 180000000
    frame_id: map
  pose:
    position:
      x: 1.6694674684605806
      y: -0.06542509591164936
      z: 0.0
    orientation:
      x: 0.0
      y: 0.0
      z: 0.00036917046410772647
      w: 0.999999931856582
navigation_time:
  sec: 7
  nanosec: 636000000
estimated_time_remaining:
  sec: 11
  nanosec: 269436724
number_of_recoveries: 0
distance_remaining: 2.8707098960876465

Feedback:
    current_pose:
  header:
    stamp:
      sec: 23
      nanosec: 180000000
    frame_id: map
  pose:
    position:
      x: 1.6694674684605806
      y: -0.06542509591164936
      z: 0.0
    orientation:
      x: 0.0
      y: 0.0
      z: 0.00036917046410772647
      w: 0.999999931856582
navigation_time:
  sec: 7
  nanosec: 644000000
estimated_time_remaining:
  sec: 11
  nanosec: 269436724
number_of_recoveries: 0
distance_remaining: 2.8707098960876465

Feedback:
    current_pose:
  header:
    stamp:
      sec: 23
      nanosec: 200000000
    frame_id: map
  pose:
    position:
      x: 1.6745225658308398
      y: -0.06541971666413623
      z: 0.0
    orientation:
      x: 0.0
      y: 0.0
      z: 0.000694952492099221
      w: 0.9999997585204877
navigation_time:
  sec: 7
  nanosec: 656000000
estimated_time_remaining:
  sec: 11
  nanosec: 293229650
number_of_recoveries: 0
distance_remaining: 2.8707098960876465

Feedback:
    current_pose:
  header:
    stamp:
      sec: 23
      nanosec: 200000000
    frame_id: map
  pose:
    position:
      x: 1.6745225658308398
      y: -0.06541971666413623
      z: 0.0
    orientation:
      x: 0.0
      y: 0.0
      z: 0.000694952492099221
      w: 0.9999997585204877
navigation_time:
  sec: 7
  nanosec: 664000000
estimated_time_remaining:
  sec: 11
  nanosec: 293229650
number_of_recoveries: 0
distance_remaining: 2.8707098960876465

Feedback:
    current_pose:
  header:
    stamp:
      sec: 23
      nanosec: 220000000
    frame_id: map
  pose:
    position:
      x: 1.678373546466356
      y: -0.06508686700010055
      z: 0.0
    orientation:
      x: 0.0
      y: 0.0
      z: 0.0012063693608019982
      w: 0.9999992723362178
navigation_time:
  sec: 7
  nanosec: 672000000
estimated_time_remaining:
  sec: 11
  nanosec: 314547618
number_of_recoveries: 0
distance_remaining: 2.8707098960876465

Feedback:
    current_pose:
  header:
    stamp:
      sec: 23
      nanosec: 220000000
    frame_id: map
  pose:
    position:
      x: 1.678373546466356
      y: -0.06508686700010055
      z: 0.0
    orientation:
      x: 0.0
      y: 0.0
      z: 0.0012063693608019982
      w: 0.9999992723362178
navigation_time:
  sec: 7
  nanosec: 684000000
estimated_time_remaining:
  sec: 11
  nanosec: 314547618
number_of_recoveries: 0
distance_remaining: 2.8707098960876465

Feedback:
    current_pose:
  header:
    stamp:
      sec: 23
      nanosec: 240000000
    frame_id: map
  pose:
    position:
      x: 1.6822000794408216
      y: -0.06474736815973847
      z: 0.0
    orientation:
      x: 0.0
      y: 0.0
      z: 0.001758656193484864
      w: 0.9999984535630009
navigation_time:
  sec: 7
  nanosec: 696000000
estimated_time_remaining:
  sec: 11
  nanosec: 238124868
number_of_recoveries: 0
distance_remaining: 2.845709800720215

Feedback:
    current_pose:
  header:
    stamp:
      sec: 23
      nanosec: 240000000
    frame_id: map
  pose:
    position:
      x: 1.6822000794408216
      y: -0.06474736815973847
      z: 0.0
    orientation:
      x: 0.0
      y: 0.0
      z: 0.001758656193484864
      w: 0.9999984535630009
navigation_time:
  sec: 7
  nanosec: 708000000
estimated_time_remaining:
  sec: 11
  nanosec: 238124868
number_of_recoveries: 0
distance_remaining: 2.845709800720215

Feedback:
    current_pose:
  header:
    stamp:
      sec: 23
      nanosec: 260000000
    frame_id: map
  pose:
    position:
      x: 1.6860327584244907
      y: -0.06440106811894876
      z: 0.0
    orientation:
      x: 0.0
      y: 0.0
      z: 0.002315887382028703
      w: 0.9999973183292212
navigation_time:
  sec: 7
  nanosec: 716000000
estimated_time_remaining:
  sec: 11
  nanosec: 256031315
number_of_recoveries: 0
distance_remaining: 2.845709800720215

Feedback:
    current_pose:
  header:
    stamp:
      sec: 23
      nanosec: 260000000
    frame_id: map
  pose:
    position:
      x: 1.6860327584244907
      y: -0.06440106811894876
      z: 0.0
    orientation:
      x: 0.0
      y: 0.0
      z: 0.002315887382028703
      w: 0.9999973183292212
navigation_time:
  sec: 7
  nanosec: 724000000
estimated_time_remaining:
  sec: 11
  nanosec: 256031315
number_of_recoveries: 0
distance_remaining: 2.845709800720215

Feedback:
    current_pose:
  header:
    stamp:
      sec: 23
      nanosec: 280000000
    frame_id: map
  pose:
    position:
      x: 1.6898904087157582
      y: -0.06404769199398935
      z: 0.0
    orientation:
      x: 0.0
      y: 0.0
      z: 0.0028928974291839715
      w: 0.9999958155634774
navigation_time:
  sec: 7
  nanosec: 732000000
estimated_time_remaining:
  sec: 11
  nanosec: 269410873
number_of_recoveries: 0
distance_remaining: 2.845709800720215

Feedback:
    current_pose:
  header:
    stamp:
      sec: 23
      nanosec: 280000000
    frame_id: map
  pose:
    position:
      x: 1.6898904087157582
      y: -0.06404769199398935
      z: 0.0
    orientation:
      x: 0.0
      y: 0.0
      z: 0.0028928974291839715
      w: 0.9999958155634774
navigation_time:
  sec: 7
  nanosec: 744000000
estimated_time_remaining:
  sec: 11
  nanosec: 269410873
number_of_recoveries: 0
distance_remaining: 2.845709800720215

Feedback:
    current_pose:
  header:
    stamp:
      sec: 23
      nanosec: 300000000
    frame_id: map
  pose:
    position:
      x: 1.6937479093665495
      y: -0.06368725725693455
      z: 0.0
    orientation:
      x: 0.0
      y: 0.0
      z: 0.0034699065132731003
      w: 0.9999939798562734
navigation_time:
  sec: 7
  nanosec: 756000000
estimated_time_remaining:
  sec: 11
  nanosec: 280218406
number_of_recoveries: 0
distance_remaining: 2.845709800720215

Feedback:
    current_pose:
  header:
    stamp:
      sec: 23
      nanosec: 300000000
    frame_id: map
  pose:
    position:
      x: 1.6937479093665495
      y: -0.06368725725693455
      z: 0.0
    orientation:
      x: 0.0
      y: 0.0
      z: 0.0034699065132731003
      w: 0.9999939798562734
navigation_time:
  sec: 7
  nanosec: 764000000
estimated_time_remaining:
  sec: 11
  nanosec: 280218406
number_of_recoveries: 0
distance_remaining: 2.845709800720215

Feedback:
    current_pose:
  header:
    stamp:
      sec: 23
      nanosec: 320000000
    frame_id: map
  pose:
    position:
      x: 1.697683313451145
      y: -0.06331925735969632
      z: 0.0
    orientation:
      x: 0.0
      y: 0.0
      z: 0.004022975305391463
      w: 0.9999919078021041
navigation_time:
  sec: 7
  nanosec: 776000000
estimated_time_remaining:
  sec: 11
  nanosec: 284905295
number_of_recoveries: 0
distance_remaining: 2.845709800720215

Feedback:
    current_pose:
  header:
    stamp:
      sec: 23
      nanosec: 320000000
    frame_id: map
  pose:
    position:
      x: 1.697683313451145
      y: -0.06331925735969632
      z: 0.0
    orientation:
      x: 0.0
      y: 0.0
      z: 0.004022975305391463
      w: 0.9999919078021041
navigation_time:
  sec: 7
  nanosec: 784000000
estimated_time_remaining:
  sec: 11
  nanosec: 284905295
number_of_recoveries: 0
distance_remaining: 2.845709800720215

Feedback:
    current_pose:
  header:
    stamp:
      sec: 23
      nanosec: 340000000
    frame_id: map
  pose:
    position:
      x: 1.7016439273573136
      y: -0.06294417553500004
      z: 0.0
    orientation:
      x: 0.0
      y: 0.0
      z: 0.0045700580844357545
      w: 0.9999895572300266
navigation_time:
  sec: 7
  nanosec: 796000000
estimated_time_remaining:
  sec: 11
  nanosec: 278049390
number_of_recoveries: 0
distance_remaining: 2.845709800720215

Feedback:
    current_pose:
  header:
    stamp:
      sec: 23
      nanosec: 340000000
    frame_id: map
  pose:
    position:
      x: 1.7016439273573136
      y: -0.06294417553500004
      z: 0.0
    orientation:
      x: 0.0
      y: 0.0
      z: 0.0045700580844357545
      w: 0.9999895572300266
navigation_time:
  sec: 7
  nanosec: 804000000
estimated_time_remaining:
  sec: 11
  nanosec: 278049390
number_of_recoveries: 0
distance_remaining: 2.845709800720215

Feedback:
    current_pose:
  header:
    stamp:
      sec: 23
      nanosec: 360000000
    frame_id: map
  pose:
    position:
      x: 1.7056043685066633
      y: -0.06256219723440838
      z: 0.0
    orientation:
      x: 0.0
      y: 0.0
      z: 0.005117139495638438
      w: 0.9999869073559824
navigation_time:
  sec: 7
  nanosec: 816000000
estimated_time_remaining:
  sec: 11
  nanosec: 264054287
number_of_recoveries: 0
distance_remaining: 2.845709800720215

Feedback:
    current_pose:
  header:
    stamp:
      sec: 23
      nanosec: 360000000
    frame_id: map
  pose:
    position:
      x: 1.7056043685066633
      y: -0.06256219723440838
      z: 0.0
    orientation:
      x: 0.0
      y: 0.0
      z: 0.005117139495638438
      w: 0.9999869073559824
navigation_time:
  sec: 7
  nanosec: 824000000
estimated_time_remaining:
  sec: 11
  nanosec: 264054287
number_of_recoveries: 0
distance_remaining: 2.845709800720215

Feedback:
    current_pose:
  header:
    stamp:
      sec: 23
      nanosec: 380000000
    frame_id: map
  pose:
    position:
      x: 1.7096178036368495
      y: -0.062172552663184374
      z: 0.0
    orientation:
      x: 0.0
      y: 0.0
      z: 0.00570087346781482
      w: 0.999983749888819
navigation_time:
  sec: 7
  nanosec: 836000000
estimated_time_remaining:
  sec: 11
  nanosec: 146868524
number_of_recoveries: 0
distance_remaining: 2.820709705352783

Feedback:
    current_pose:
  header:
    stamp:
      sec: 23
      nanosec: 380000000
    frame_id: map
  pose:
    position:
      x: 1.7096178036368495
      y: -0.062172552663184374
      z: 0.0
    orientation:
      x: 0.0
      y: 0.0
      z: 0.00570087346781482
      w: 0.999983749888819
navigation_time:
  sec: 7
  nanosec: 844000000
estimated_time_remaining:
  sec: 11
  nanosec: 146868524
number_of_recoveries: 0
distance_remaining: 2.820709705352783

Feedback:
    current_pose:
  header:
    stamp:
      sec: 23
      nanosec: 400000000
    frame_id: map
  pose:
    position:
      x: 1.7136310446460283
      y: -0.06177556054381135
      z: 0.0
    orientation:
      x: 0.0
      y: 0.0
      z: 0.006284605508878855
      w: 0.9999802516718007
navigation_time:
  sec: 7
  nanosec: 856000000
estimated_time_remaining:
  sec: 11
  nanosec: 126708953
number_of_recoveries: 0
distance_remaining: 2.820709705352783

Feedback:
    current_pose:
  header:
    stamp:
      sec: 23
      nanosec: 400000000
    frame_id: map
  pose:
    position:
      x: 1.7136310446460283
      y: -0.06177556054381135
      z: 0.0
    orientation:
      x: 0.0
      y: 0.0
      z: 0.006284605508878855
      w: 0.9999802516718007
navigation_time:
  sec: 7
  nanosec: 864000000
estimated_time_remaining:
  sec: 11
  nanosec: 126708953
number_of_recoveries: 0
distance_remaining: 2.820709705352783

Feedback:
    current_pose:
  header:
    stamp:
      sec: 23
      nanosec: 420000000
    frame_id: map
  pose:
    position:
      x: 1.7187790889948418
      y: -0.061708593034141265
      z: 0.0
    orientation:
      x: 0.0
      y: 0.0
      z: 0.0067183457558910725
      w: 0.9999774316604872
navigation_time:
  sec: 7
  nanosec: 876000000
estimated_time_remaining:
  sec: 11
  nanosec: 110255652
number_of_recoveries: 0
distance_remaining: 2.820709705352783

Feedback:
    current_pose:
  header:
    stamp:
      sec: 23
      nanosec: 420000000
    frame_id: map
  pose:
    position:
      x: 1.7187790889948418
      y: -0.061708593034141265
      z: 0.0
    orientation:
      x: 0.0
      y: 0.0
      z: 0.0067183457558910725
      w: 0.9999774316604872
navigation_time:
  sec: 7
  nanosec: 884000000
estimated_time_remaining:
  sec: 11
  nanosec: 110255652
number_of_recoveries: 0
distance_remaining: 2.820709705352783

Feedback:
    current_pose:
  header:
    stamp:
      sec: 23
      nanosec: 440000000
    frame_id: map
  pose:
    position:
      x: 1.7239186198736087
      y: -0.06163733336407844
      z: 0.0
    orientation:
      x: 0.0
      y: 0.0
      z: 0.007145669011589375
      w: 0.9999744693812823
navigation_time:
  sec: 7
  nanosec: 896000000
estimated_time_remaining:
  sec: 11
  nanosec: 98549700
number_of_recoveries: 0
distance_remaining: 2.820709705352783

Feedback:
    current_pose:
  header:
    stamp:
      sec: 23
      nanosec: 440000000
    frame_id: map
  pose:
    position:
      x: 1.7239186198736087
      y: -0.06163733336407844
      z: 0.0
    orientation:
      x: 0.0
      y: 0.0
      z: 0.007145669011589375
      w: 0.9999744693812823
navigation_time:
  sec: 7
  nanosec: 904000000
estimated_time_remaining:
  sec: 11
  nanosec: 98549700
number_of_recoveries: 0
distance_remaining: 2.820709705352783

Feedback:
    current_pose:
  header:
    stamp:
      sec: 23
      nanosec: 460000000
    frame_id: map
  pose:
    position:
      x: 1.7290691733648549
      y: -0.061561526533883124
      z: 0.0
    orientation:
      x: 0.0
      y: 0.0
      z: 0.007561090936345439
      w: 0.999971414543362
navigation_time:
  sec: 7
  nanosec: 916000000
estimated_time_remaining:
  sec: 11
  nanosec: 89710565
number_of_recoveries: 0
distance_remaining: 2.820709705352783

Feedback:
    current_pose:
  header:
    stamp:
      sec: 23
      nanosec: 460000000
    frame_id: map
  pose:
    position:
      x: 1.7290691733648549
      y: -0.061561526533883124
      z: 0.0
    orientation:
      x: 0.0
      y: 0.0
      z: 0.007561090936345439
      w: 0.999971414543362
navigation_time:
  sec: 7
  nanosec: 924000000
estimated_time_remaining:
  sec: 11
  nanosec: 89710565
number_of_recoveries: 0
distance_remaining: 2.820709705352783

Feedback:
    current_pose:
  header:
    stamp:
      sec: 23
      nanosec: 480000000
    frame_id: map
  pose:
    position:
      x: 1.734264007287509
      y: -0.061481051301065584
      z: 0.0
    orientation:
      x: 0.0
      y: 0.0
      z: 0.007928911532482293
      w: 0.9999685656868971
navigation_time:
  sec: 7
  nanosec: 936000000
estimated_time_remaining:
  sec: 10
  nanosec: 979670053
number_of_recoveries: 0
distance_remaining: 2.7957098484039307

Feedback:
    current_pose:
  header:
    stamp:
      sec: 23
      nanosec: 480000000
    frame_id: map
  pose:
    position:
      x: 1.734264007287509
      y: -0.061481051301065584
      z: 0.0
    orientation:
      x: 0.0
      y: 0.0
      z: 0.007928911532482293
      w: 0.9999685656868971
navigation_time:
  sec: 7
  nanosec: 944000000
estimated_time_remaining:
  sec: 10
  nanosec: 979670053
number_of_recoveries: 0
distance_remaining: 2.7957098484039307

Feedback:
    current_pose:
  header:
    stamp:
      sec: 23
      nanosec: 500000000
    frame_id: map
  pose:
    position:
      x: 1.7394587806017665
      y: -0.0613967544419559
      z: 0.0
    orientation:
      x: 0.0
      y: 0.0
      z: 0.00829673105033213
      w: 0.9999655815346239
navigation_time:
  sec: 7
  nanosec: 952000000
estimated_time_remaining:
  sec: 10
  nanosec: 962643554
number_of_recoveries: 0
distance_remaining: 2.7957098484039307

Feedback:
    current_pose:
  header:
    stamp:
      sec: 23
      nanosec: 500000000
    frame_id: map
  pose:
    position:
      x: 1.7394587806017665
      y: -0.0613967544419559
      z: 0.0
    orientation:
      x: 0.0
      y: 0.0
      z: 0.00829673105033213
      w: 0.9999655815346239
navigation_time:
  sec: 7
  nanosec: 964000000
estimated_time_remaining:
  sec: 10
  nanosec: 962643554
number_of_recoveries: 0
distance_remaining: 2.7957098484039307

Feedback:
    current_pose:
  header:
    stamp:
      sec: 23
      nanosec: 520000000
    frame_id: map
  pose:
    position:
      x: 1.7445740041377162
      y: -0.06131040462158442
      z: 0.0
    orientation:
      x: 0.0
      y: 0.0
      z: 0.00856291271901101
      w: 0.9999633375908173
navigation_time:
  sec: 7
  nanosec: 976000000
estimated_time_remaining:
  sec: 10
  nanosec: 949145505
number_of_recoveries: 0
distance_remaining: 2.7957098484039307

Feedback:
    current_pose:
  header:
    stamp:
      sec: 23
      nanosec: 520000000
    frame_id: map
  pose:
    position:
      x: 1.7445740041377162
      y: -0.06131040462158442
      z: 0.0
    orientation:
      x: 0.0
      y: 0.0
      z: 0.00856291271901101
      w: 0.9999633375908173
navigation_time:
  sec: 7
  nanosec: 984000000
estimated_time_remaining:
  sec: 10
  nanosec: 949145505
number_of_recoveries: 0
distance_remaining: 2.7957098484039307

Feedback:
    current_pose:
  header:
    stamp:
      sec: 23
      nanosec: 540000000
    frame_id: map
  pose:
    position:
      x: 1.749669311734365
      y: -0.061221906456310496
      z: 0.0
    orientation:
      x: 0.0
      y: 0.0
      z: 0.008803684594248828
      w: 0.9999612468178778
navigation_time:
  sec: 7
  nanosec: 996000000
estimated_time_remaining:
  sec: 10
  nanosec: 939886065
number_of_recoveries: 0
distance_remaining: 2.7957098484039307

Feedback:
    current_pose:
  header:
    stamp:
      sec: 23
      nanosec: 540000000
    frame_id: map
  pose:
    position:
      x: 1.749669311734365
      y: -0.061221906456310496
      z: 0.0
    orientation:
      x: 0.0
      y: 0.0
      z: 0.008803684594248828
      w: 0.9999612468178778
navigation_time:
  sec: 8
  nanosec: 4000000
estimated_time_remaining:
  sec: 10
  nanosec: 939886065
number_of_recoveries: 0
distance_remaining: 2.7957098484039307

Feedback:
    current_pose:
  header:
    stamp:
      sec: 23
      nanosec: 560000000
    frame_id: map
  pose:
    position:
      x: 1.7547662808745599
      y: -0.061130916058333803
      z: 0.0
    orientation:
      x: 0.0
      y: 0.0
      z: 0.009052073269096851
      w: 0.99995902914546
navigation_time:
  sec: 8
  nanosec: 16000000
estimated_time_remaining:
  sec: 10
  nanosec: 927795834
number_of_recoveries: 0
distance_remaining: 2.7957098484039307

Feedback:
    current_pose:
  header:
    stamp:
      sec: 23
      nanosec: 560000000
    frame_id: map
  pose:
    position:
      x: 1.7547662808745599
      y: -0.061130916058333803
      z: 0.0
    orientation:
      x: 0.0
      y: 0.0
      z: 0.009052073269096851
      w: 0.99995902914546
navigation_time:
  sec: 8
  nanosec: 24000000
estimated_time_remaining:
  sec: 10
  nanosec: 927795834
number_of_recoveries: 0
distance_remaining: 2.7957098484039307

Feedback:
    current_pose:
  header:
    stamp:
      sec: 23
      nanosec: 580000000
    frame_id: map
  pose:
    position:
      x: 1.7598700202762427
      y: -0.061037082104623566
      z: 0.0
    orientation:
      x: 0.0
      y: 0.0
      z: 0.009330930610113615
      w: 0.9999564659193666
navigation_time:
  sec: 8
  nanosec: 36000000
estimated_time_remaining:
  sec: 10
  nanosec: 816367210
number_of_recoveries: 0
distance_remaining: 2.770709753036499

Feedback:
    current_pose:
  header:
    stamp:
      sec: 23
      nanosec: 580000000
    frame_id: map
  pose:
    position:
      x: 1.7598700202762427
      y: -0.061037082104623566
      z: 0.0
    orientation:
      x: 0.0
      y: 0.0
      z: 0.009330930610113615
      w: 0.9999564659193666
navigation_time:
  sec: 8
  nanosec: 44000000
estimated_time_remaining:
  sec: 10
  nanosec: 816367210
number_of_recoveries: 0
distance_remaining: 2.770709753036499

Feedback:
    current_pose:
  header:
    stamp:
      sec: 23
      nanosec: 600000000
    frame_id: map
  pose:
    position:
      x: 1.7649737065493287
      y: -0.0609404016150014
      z: 0.0
    orientation:
      x: 0.0
      y: 0.0
      z: 0.009609787225650573
      w: 0.9999538249286704
navigation_time:
  sec: 8
  nanosec: 52000000
estimated_time_remaining:
  sec: 10
  nanosec: 804310019
number_of_recoveries: 0
distance_remaining: 2.770709753036499

Feedback:
    current_pose:
  header:
    stamp:
      sec: 23
      nanosec: 600000000
    frame_id: map
  pose:
    position:
      x: 1.7649737065493287
      y: -0.0609404016150014
      z: 0.0
    orientation:
      x: 0.0
      y: 0.0
      z: 0.009609787225650573
      w: 0.9999538249286704
navigation_time:
  sec: 8
  nanosec: 64000000
estimated_time_remaining:
  sec: 10
  nanosec: 804310019
number_of_recoveries: 0
distance_remaining: 2.770709753036499

Feedback:
    current_pose:
  header:
    stamp:
      sec: 23
      nanosec: 620000000
    frame_id: map
  pose:
    position:
      x: 1.7700133928156265
      y: -0.06099465860750346
      z: 0.0
    orientation:
      x: 0.0
      y: 0.0
      z: 0.009635440479878674
      w: 0.9999535780658814
navigation_time:
  sec: 8
  nanosec: 76000000
estimated_time_remaining:
  sec: 10
  nanosec: 797338252
number_of_recoveries: 0
distance_remaining: 2.770709753036499

Feedback:
    current_pose:
  header:
    stamp:
      sec: 23
      nanosec: 620000000
    frame_id: map
  pose:
    position:
      x: 1.7700133928156265
      y: -0.06099465860750346
      z: 0.0
    orientation:
      x: 0.0
      y: 0.0
      z: 0.009635440479878674
      w: 0.9999535780658814
navigation_time:
  sec: 8
  nanosec: 84000000
estimated_time_remaining:
  sec: 10
  nanosec: 797338252
number_of_recoveries: 0
distance_remaining: 2.770709753036499

Feedback:
    current_pose:
  header:
    stamp:
      sec: 23
      nanosec: 640000000
    frame_id: map
  pose:
    position:
      x: 1.7750396094406324
      y: -0.0610515729607978
      z: 0.0
    orientation:
      x: 0.0
      y: 0.0
      z: 0.009666159398752457
      w: 0.9999532815899339
navigation_time:
  sec: 8
  nanosec: 96000000
estimated_time_remaining:
  sec: 10
  nanosec: 799766198
number_of_recoveries: 0
distance_remaining: 2.770709753036499

Feedback:
    current_pose:
  header:
    stamp:
      sec: 23
      nanosec: 640000000
    frame_id: map
  pose:
    position:
      x: 1.7750396094406324
      y: -0.0610515729607978
      z: 0.0
    orientation:
      x: 0.0
      y: 0.0
      z: 0.009666159398752457
      w: 0.9999532815899339
navigation_time:
  sec: 8
  nanosec: 108000000
estimated_time_remaining:
  sec: 10
  nanosec: 799766198
number_of_recoveries: 0
distance_remaining: 2.770709753036499

Feedback:
    current_pose:
  header:
    stamp:
      sec: 23
      nanosec: 660000000
    frame_id: map
  pose:
    position:
      x: 1.7800685610772011
      y: -0.061110825297451
      z: 0.0
    orientation:
      x: 0.0
      y: 0.0
      z: 0.00969825009121334
      w: 0.9999529708667143
navigation_time:
  sec: 8
  nanosec: 116000000
estimated_time_remaining:
  sec: 10
  nanosec: 809646924
number_of_recoveries: 0
distance_remaining: 2.770709753036499

Feedback:
    current_pose:
  header:
    stamp:
      sec: 23
      nanosec: 660000000
    frame_id: map
  pose:
    position:
      x: 1.7800685610772011
      y: -0.061110825297451
      z: 0.0
    orientation:
      x: 0.0
      y: 0.0
      z: 0.00969825009121334
      w: 0.9999529708667143
navigation_time:
  sec: 8
  nanosec: 124000000
estimated_time_remaining:
  sec: 10
  nanosec: 809646924
number_of_recoveries: 0
distance_remaining: 2.770709753036499

Feedback:
    current_pose:
  header:
    stamp:
      sec: 23
      nanosec: 680000000
    frame_id: map
  pose:
    position:
      x: 1.7851099716215875
      y: -0.06117218623420931
      z: 0.0
    orientation:
      x: 0.0
      y: 0.0
      z: 0.009735827913161865
      w: 0.999952605704313
navigation_time:
  sec: 8
  nanosec: 136000000
estimated_time_remaining:
  sec: 10
  nanosec: 722526472
number_of_recoveries: 0
distance_remaining: 2.745711088180542

Feedback:
    current_pose:
  header:
    stamp:
      sec: 23
      nanosec: 680000000
    frame_id: map
  pose:
    position:
      x: 1.7851099716215875
      y: -0.06117218623420931
      z: 0.0
    orientation:
      x: 0.0
      y: 0.0
      z: 0.009735827913161865
      w: 0.999952605704313
navigation_time:
  sec: 8
  nanosec: 144000000
estimated_time_remaining:
  sec: 10
  nanosec: 722526472
number_of_recoveries: 0
distance_remaining: 2.745711088180542

Feedback:
    current_pose:
  header:
    stamp:
      sec: 23
      nanosec: 700000000
    frame_id: map
  pose:
    position:
      x: 1.7901508713703873
      y: -0.06123588719443704
      z: 0.0
    orientation:
      x: 0.0
      y: 0.0
      z: 0.009773405721386205
      w: 0.9999522391297522
navigation_time:
  sec: 8
  nanosec: 156000000
estimated_time_remaining:
  sec: 10
  nanosec: 735592230
number_of_recoveries: 0
distance_remaining: 2.745711088180542

Feedback:
    current_pose:
  header:
    stamp:
      sec: 23
      nanosec: 700000000
    frame_id: map
  pose:
    position:
      x: 1.7901508713703873
      y: -0.06123588719443704
      z: 0.0
    orientation:
      x: 0.0
      y: 0.0
      z: 0.009773405721386205
      w: 0.9999522391297522
navigation_time:
  sec: 8
  nanosec: 164000000
estimated_time_remaining:
  sec: 10
  nanosec: 735592230
number_of_recoveries: 0
distance_remaining: 2.745711088180542

Feedback:
    current_pose:
  header:
    stamp:
      sec: 23
      nanosec: 720000000
    frame_id: map
  pose:
    position:
      x: 1.7952414887359347
      y: -0.06130099624225324
      z: 0.0
    orientation:
      x: 0.0
      y: 0.0
      z: 0.009796446001311467
      w: 0.9999520136715276
navigation_time:
  sec: 8
  nanosec: 176000000
estimated_time_remaining:
  sec: 10
  nanosec: 748883268
number_of_recoveries: 0
distance_remaining: 2.745711088180542

Feedback:
    current_pose:
  header:
    stamp:
      sec: 23
      nanosec: 720000000
    frame_id: map
  pose:
    position:
      x: 1.7952414887359347
      y: -0.06130099624225324
      z: 0.0
    orientation:
      x: 0.0
      y: 0.0
      z: 0.009796446001311467
      w: 0.9999520136715276
navigation_time:
  sec: 8
  nanosec: 184000000
estimated_time_remaining:
  sec: 10
  nanosec: 748883268
number_of_recoveries: 0
distance_remaining: 2.745711088180542

Feedback:
    current_pose:
  header:
    stamp:
      sec: 23
      nanosec: 740000000
    frame_id: map
  pose:
    position:
      x: 1.800366948549361
      y: -0.06136801862431909
      z: 0.0
    orientation:
      x: 0.0
      y: 0.0
      z: 0.009809794587585283
      w: 0.9999518828074427
navigation_time:
  sec: 8
  nanosec: 196000000
estimated_time_remaining:
  sec: 10
  nanosec: 754342000
number_of_recoveries: 0
distance_remaining: 2.745711088180542

Feedback:
    current_pose:
  header:
    stamp:
      sec: 23
      nanosec: 740000000
    frame_id: map
  pose:
    position:
      x: 1.800366948549361
      y: -0.06136801862431909
      z: 0.0
    orientation:
      x: 0.0
      y: 0.0
      z: 0.009809794587585283
      w: 0.9999518828074427
navigation_time:
  sec: 8
  nanosec: 208000000
estimated_time_remaining:
  sec: 10
  nanosec: 782128220
number_of_recoveries: 0
distance_remaining: 2.752805233001709

Feedback:
    current_pose:
  header:
    stamp:
      sec: 23
      nanosec: 760000000
    frame_id: map
  pose:
    position:
      x: 1.8054858018751276
      y: -0.06143778899115275
      z: 0.0
    orientation:
      x: 0.0
      y: 0.0
      z: 0.009823291226323371
      w: 0.9999517503107253
navigation_time:
  sec: 8
  nanosec: 216000000
estimated_time_remaining:
  sec: 10
  nanosec: 782883606
number_of_recoveries: 0
distance_remaining: 2.752805233001709

Feedback:
    current_pose:
  header:
    stamp:
      sec: 23
      nanosec: 760000000
    frame_id: map
  pose:
    position:
      x: 1.8054858018751276
      y: -0.06143778899115275
      z: 0.0
    orientation:
      x: 0.0
      y: 0.0
      z: 0.009823291226323371
      w: 0.9999517503107253
navigation_time:
  sec: 8
  nanosec: 224000000
estimated_time_remaining:
  sec: 10
  nanosec: 782883606
number_of_recoveries: 0
distance_remaining: 2.752805233001709

Feedback:
    current_pose:
  header:
    stamp:
      sec: 23
      nanosec: 780000000
    frame_id: map
  pose:
    position:
      x: 1.8105797553314054
      y: -0.061510650919298346
      z: 0.0
    orientation:
      x: 0.0
      y: 0.0
      z: 0.009837380081570809
      w: 0.9999516118058568
navigation_time:
  sec: 8
  nanosec: 236000000
estimated_time_remaining:
  sec: 10
  nanosec: 785825842
number_of_recoveries: 0
distance_remaining: 2.752805233001709

Feedback:
    current_pose:
  header:
    stamp:
      sec: 23
      nanosec: 780000000
    frame_id: map
  pose:
    position:
      x: 1.8105797553314054
      y: -0.061510650919298346
      z: 0.0
    orientation:
      x: 0.0
      y: 0.0
      z: 0.009837380081570809
      w: 0.9999516118058568
navigation_time:
  sec: 8
  nanosec: 244000000
estimated_time_remaining:
  sec: 10
  nanosec: 785825842
number_of_recoveries: 0
distance_remaining: 2.752805233001709

Feedback:
    current_pose:
  header:
    stamp:
      sec: 23
      nanosec: 800000000
    frame_id: map
  pose:
    position:
      x: 1.8156731961945867
      y: -0.06158611754284356
      z: 0.0
    orientation:
      x: 0.0
      y: 0.0
      z: 0.009851468934870237
      w: 0.9999514731024829
navigation_time:
  sec: 8
  nanosec: 256000000
estimated_time_remaining:
  sec: 10
  nanosec: 794046166
number_of_recoveries: 0
distance_remaining: 2.752805233001709

Feedback:
    current_pose:
  header:
    stamp:
      sec: 23
      nanosec: 800000000
    frame_id: map
  pose:
    position:
      x: 1.8156731961945867
      y: -0.06158611754284356
      z: 0.0
    orientation:
      x: 0.0
      y: 0.0
      z: 0.009851468934870237
      w: 0.9999514731024829
navigation_time:
  sec: 8
  nanosec: 264000000
estimated_time_remaining:
  sec: 10
  nanosec: 794046166
number_of_recoveries: 0
distance_remaining: 2.752805233001709

Feedback:
    current_pose:
  header:
    stamp:
      sec: 23
      nanosec: 820000000
    frame_id: map
  pose:
    position:
      x: 1.8203659726123573
      y: -0.06222284349938165
      z: 0.0
    orientation:
      x: 0.0
      y: 0.0
      z: 0.009657844360390926
      w: 0.9999533619336005
navigation_time:
  sec: 8
  nanosec: 276000000
estimated_time_remaining:
  sec: 10
  nanosec: 674534028
number_of_recoveries: 0
distance_remaining: 2.720709800720215

Feedback:
    current_pose:
  header:
    stamp:
      sec: 23
      nanosec: 820000000
    frame_id: map
  pose:
    position:
      x: 1.8203659726123573
      y: -0.06222284349938165
      z: 0.0
    orientation:
      x: 0.0
      y: 0.0
      z: 0.009657844360390926
      w: 0.9999533619336005
navigation_time:
  sec: 8
  nanosec: 284000000
estimated_time_remaining:
  sec: 10
  nanosec: 674534028
number_of_recoveries: 0
distance_remaining: 2.720709800720215

Feedback:
    current_pose:
  header:
    stamp:
      sec: 23
      nanosec: 840000000
    frame_id: map
  pose:
    position:
      x: 1.8251248933756448
      y: -0.06286515345119084
      z: 0.0
    orientation:
      x: 0.0
      y: 0.0
      z: 0.00946255893344186
      w: 0.9999552289869938
navigation_time:
  sec: 8
  nanosec: 296000000
estimated_time_remaining:
  sec: 10
  nanosec: 666543076
number_of_recoveries: 0
distance_remaining: 2.720709800720215

Feedback:
    current_pose:
  header:
    stamp:
      sec: 23
      nanosec: 840000000
    frame_id: map
  pose:
    position:
      x: 1.8251248933756448
      y: -0.06286515345119084
      z: 0.0
    orientation:
      x: 0.0
      y: 0.0
      z: 0.00946255893344186
      w: 0.9999552289869938
navigation_time:
  sec: 8
  nanosec: 304000000
estimated_time_remaining:
  sec: 10
  nanosec: 666543076
number_of_recoveries: 0
distance_remaining: 2.720709800720215

Feedback:
    current_pose:
  header:
    stamp:
      sec: 23
      nanosec: 860000000
    frame_id: map
  pose:
    position:
      x: 1.82988568844031
      y: -0.06351433566176126
      z: 0.0
    orientation:
      x: 0.0
      y: 0.0
      z: 0.009261733650683614
      w: 0.9999571092250825
navigation_time:
  sec: 8
  nanosec: 316000000
estimated_time_remaining:
  sec: 10
  nanosec: 647443435
number_of_recoveries: 0
distance_remaining: 2.720709800720215

Feedback:
    current_pose:
  header:
    stamp:
      sec: 23
      nanosec: 860000000
    frame_id: map
  pose:
    position:
      x: 1.82988568844031
      y: -0.06351433566176126
      z: 0.0
    orientation:
      x: 0.0
      y: 0.0
      z: 0.009261733650683614
      w: 0.9999571092250825
navigation_time:
  sec: 8
  nanosec: 324000000
estimated_time_remaining:
  sec: 10
  nanosec: 647443435
number_of_recoveries: 0
distance_remaining: 2.720709800720215

Feedback:
    current_pose:
  header:
    stamp:
      sec: 23
      nanosec: 880000000
    frame_id: map
  pose:
    position:
      x: 1.8346588078855484
      y: -0.0641704020871525
      z: 0.0
    orientation:
      x: 0.0
      y: 0.0
      z: 0.009038749927711783
      w: 0.9999591496654971
navigation_time:
  sec: 8
  nanosec: 336000000
estimated_time_remaining:
  sec: 10
  nanosec: 626103228
number_of_recoveries: 0
distance_remaining: 2.720709800720215

Feedback:
    current_pose:
  header:
    stamp:
      sec: 23
      nanosec: 880000000
    frame_id: map
  pose:
    position:
      x: 1.8346588078855484
      y: -0.0641704020871525
      z: 0.0
    orientation:
      x: 0.0
      y: 0.0
      z: 0.009038749927711783
      w: 0.9999591496654971
navigation_time:
  sec: 8
  nanosec: 344000000
estimated_time_remaining:
  sec: 10
  nanosec: 626103228
number_of_recoveries: 0
distance_remaining: 2.720709800720215

Feedback:
    current_pose:
  header:
    stamp:
      sec: 23
      nanosec: 900000000
    frame_id: map
  pose:
    position:
      x: 1.8394303072567153
      y: -0.06483371155103933
      z: 0.0
    orientation:
      x: 0.0
      y: 0.0
      z: 0.008815765755168887
      w: 0.99996114038204
navigation_time:
  sec: 8
  nanosec: 356000000
estimated_time_remaining:
  sec: 10
  nanosec: 604498665
number_of_recoveries: 0
distance_remaining: 2.720709800720215

Feedback:
    current_pose:
  header:
    stamp:
      sec: 23
      nanosec: 900000000
    frame_id: map
  pose:
    position:
      x: 1.8394303072567153
      y: -0.06483371155103933
      z: 0.0
    orientation:
      x: 0.0
      y: 0.0
      z: 0.008815765755168887
      w: 0.99996114038204
navigation_time:
  sec: 8
  nanosec: 364000000
estimated_time_remaining:
  sec: 10
  nanosec: 604498665
number_of_recoveries: 0
distance_remaining: 2.720709800720215

Feedback:
    current_pose:
  header:
    stamp:
      sec: 23
      nanosec: 920000000
    frame_id: map
  pose:
    position:
      x: 1.8441691254530377
      y: -0.06550486666334504
      z: 0.0
    orientation:
      x: 0.0
      y: 0.0
      z: 0.008568762445871988
      w: 0.9999632874811686
navigation_time:
  sec: 8
  nanosec: 376000000
estimated_time_remaining:
  sec: 10
  nanosec: 585418796
number_of_recoveries: 0
distance_remaining: 2.720709800720215

Feedback:
    current_pose:
  header:
    stamp:
      sec: 23
      nanosec: 920000000
    frame_id: map
  pose:
    position:
      x: 1.8441691254530377
      y: -0.06550486666334504
      z: 0.0
    orientation:
      x: 0.0
      y: 0.0
      z: 0.008568762445871988
      w: 0.9999632874811686
navigation_time:
  sec: 8
  nanosec: 384000000
estimated_time_remaining:
  sec: 10
  nanosec: 585418796
number_of_recoveries: 0
distance_remaining: 2.720709800720215

Feedback:
    current_pose:
  header:
    stamp:
      sec: 23
      nanosec: 940000000
    frame_id: map
  pose:
    position:
      x: 1.8488856099248618
      y: -0.06618394046398529
      z: 0.0
    orientation:
      x: 0.0
      y: 0.0
      z: 0.00830574609110324
      w: 0.999965506696041
navigation_time:
  sec: 8
  nanosec: 396000000
estimated_time_remaining:
  sec: 10
  nanosec: 469308589
number_of_recoveries: 0
distance_remaining: 2.6957099437713623

Feedback:
    current_pose:
  header:
    stamp:
      sec: 23
      nanosec: 940000000
    frame_id: map
  pose:
    position:
      x: 1.8488856099248618
      y: -0.06618394046398529
      z: 0.0
    orientation:
      x: 0.0
      y: 0.0
      z: 0.00830574609110324
      w: 0.999965506696041
navigation_time:
  sec: 8
  nanosec: 404000000
estimated_time_remaining:
  sec: 10
  nanosec: 469308589
number_of_recoveries: 0
distance_remaining: 2.6957099437713623

Feedback:
    current_pose:
  header:
    stamp:
      sec: 23
      nanosec: 960000000
    frame_id: map
  pose:
    position:
      x: 1.8536029231478197
      y: -0.06687054290063829
      z: 0.0
    orientation:
      x: 0.0
      y: 0.0
      z: 0.008057207125440224
      w: 0.999967540179849
navigation_time:
  sec: 8
  nanosec: 416000000
estimated_time_remaining:
  sec: 10
  nanosec: 447584328
number_of_recoveries: 0
distance_remaining: 2.6957099437713623

Feedback:
    current_pose:
  header:
    stamp:
      sec: 23
      nanosec: 960000000
    frame_id: map
  pose:
    position:
      x: 1.8536029231478197
      y: -0.06687054290063829
      z: 0.0
    orientation:
      x: 0.0
      y: 0.0
      z: 0.008057207125440224
      w: 0.999967540179849
navigation_time:
  sec: 8
  nanosec: 424000000
estimated_time_remaining:
  sec: 10
  nanosec: 447584328
number_of_recoveries: 0
distance_remaining: 2.6957099437713623

Feedback:
    current_pose:
  header:
    stamp:
      sec: 23
      nanosec: 980000000
    frame_id: map
  pose:
    position:
      x: 1.8583284533498314
      y: -0.0675640650292045
      z: 0.0
    orientation:
      x: 0.0
      y: 0.0
      z: 0.007866579664952338
      w: 0.9999690579834833
navigation_time:
  sec: 8
  nanosec: 436000000
estimated_time_remaining:
  sec: 10
  nanosec: 424559930
number_of_recoveries: 0
distance_remaining: 2.6957099437713623

Feedback:
    current_pose:
  header:
    stamp:
      sec: 23
      nanosec: 980000000
    frame_id: map
  pose:
    position:
      x: 1.8583284533498314
      y: -0.0675640650292045
      z: 0.0
    orientation:
      x: 0.0
      y: 0.0
      z: 0.007866579664952338
      w: 0.9999690579834833
navigation_time:
  sec: 8
  nanosec: 444000000
estimated_time_remaining:
  sec: 10
  nanosec: 424559930
number_of_recoveries: 0
distance_remaining: 2.6957099437713623

Feedback:
    current_pose:
  header:
    stamp:
      sec: 24
      nanosec: 0
    frame_id: map
  pose:
    position:
      x: 1.863052316701114
      y: -0.06826442876980855
      z: 0.0
    orientation:
      x: 0.0
      y: 0.0
      z: 0.007675951929291769
      w: 0.9999705394470275
navigation_time:
  sec: 8
  nanosec: 456000000
estimated_time_remaining:
  sec: 10
  nanosec: 402034349
number_of_recoveries: 0
distance_remaining: 2.6957099437713623

Feedback:
    current_pose:
  header:
    stamp:
      sec: 24
      nanosec: 0
    frame_id: map
  pose:
    position:
      x: 1.863052316701114
      y: -0.06826442876980855
      z: 0.0
    orientation:
      x: 0.0
      y: 0.0
      z: 0.007675951929291769
      w: 0.9999705394470275
navigation_time:
  sec: 8
  nanosec: 464000000
estimated_time_remaining:
  sec: 10
  nanosec: 402034349
number_of_recoveries: 0
distance_remaining: 2.6957099437713623

Feedback:
    current_pose:
  header:
    stamp:
      sec: 24
      nanosec: 20000000
    frame_id: map
  pose:
    position:
      x: 1.8680182128590581
      y: -0.06829437498987402
      z: 0.0
    orientation:
      x: 0.0
      y: 0.0
      z: 0.008088372278061405
      w: 0.9999672885819274
navigation_time:
  sec: 8
  nanosec: 476000000
estimated_time_remaining:
  sec: 10
  nanosec: 380576081
number_of_recoveries: 0
distance_remaining: 2.6957099437713623

Feedback:
    current_pose:
  header:
    stamp:
      sec: 24
      nanosec: 20000000
    frame_id: map
  pose:
    position:
      x: 1.8680182128590581
      y: -0.06829437498987402
      z: 0.0
    orientation:
      x: 0.0
      y: 0.0
      z: 0.008088372278061405
      w: 0.9999672885819274
navigation_time:
  sec: 8
  nanosec: 484000000
estimated_time_remaining:
  sec: 10
  nanosec: 380576081
number_of_recoveries: 0
distance_remaining: 2.6957099437713623

Feedback:
    current_pose:
  header:
    stamp:
      sec: 24
      nanosec: 40000000
    frame_id: map
  pose:
    position:
      x: 1.872982162954238
      y: -0.0683186677618036
      z: 0.0
    orientation:
      x: 0.0
      y: 0.0
      z: 0.00849273067048603
      w: 0.9999639361125774
navigation_time:
  sec: 8
  nanosec: 496000000
estimated_time_remaining:
  sec: 10
  nanosec: 266495190
number_of_recoveries: 0
distance_remaining: 2.6707098484039307

Feedback:
    current_pose:
  header:
    stamp:
      sec: 24
      nanosec: 40000000
    frame_id: map
  pose:
    position:
      x: 1.872982162954238
      y: -0.0683186677618036
      z: 0.0
    orientation:
      x: 0.0
      y: 0.0
      z: 0.00849273067048603
      w: 0.9999639361125774
navigation_time:
  sec: 8
  nanosec: 504000000
estimated_time_remaining:
  sec: 10
  nanosec: 266495190
number_of_recoveries: 0
distance_remaining: 2.6707098484039307

Feedback:
    current_pose:
  header:
    stamp:
      sec: 24
      nanosec: 60000000
    frame_id: map
  pose:
    position:
      x: 1.8779579799758648
      y: -0.06833707538703766
      z: 0.0
    orientation:
      x: 0.0
      y: 0.0
      z: 0.008904075904545587
      w: 0.9999603579303964
navigation_time:
  sec: 8
  nanosec: 516000000
estimated_time_remaining:
  sec: 10
  nanosec: 253368363
number_of_recoveries: 0
distance_remaining: 2.6707098484039307

Feedback:
    current_pose:
  header:
    stamp:
      sec: 24
      nanosec: 60000000
    frame_id: map
  pose:
    position:
      x: 1.8779579799758648
      y: -0.06833707538703766
      z: 0.0
    orientation:
      x: 0.0
      y: 0.0
      z: 0.008904075904545587
      w: 0.9999603579303964
navigation_time:
  sec: 8
  nanosec: 524000000
estimated_time_remaining:
  sec: 10
  nanosec: 253368363
number_of_recoveries: 0
distance_remaining: 2.6707098484039307

Feedback:
    current_pose:
  header:
    stamp:
      sec: 24
      nanosec: 80000000
    frame_id: map
  pose:
    position:
      x: 1.8829819794477478
      y: -0.0683486704616181
      z: 0.0
    orientation:
      x: 0.0
      y: 0.0
      z: 0.009343372497713831
      w: 0.999956349742512
navigation_time:
  sec: 8
  nanosec: 532000000
estimated_time_remaining:
  sec: 10
  nanosec: 238355572
number_of_recoveries: 0
distance_remaining: 2.6707098484039307

Feedback:
    current_pose:
  header:
    stamp:
      sec: 24
      nanosec: 80000000
    frame_id: map
  pose:
    position:
      x: 1.8829819794477478
      y: -0.0683486704616181
      z: 0.0
    orientation:
      x: 0.0
      y: 0.0
      z: 0.009343372497713831
      w: 0.999956349742512
navigation_time:
  sec: 8
  nanosec: 544000000
estimated_time_remaining:
  sec: 10
  nanosec: 238355572
number_of_recoveries: 0
distance_remaining: 2.6707098484039307

Feedback:
    current_pose:
  header:
    stamp:
      sec: 24
      nanosec: 100000000
    frame_id: map
  pose:
    position:
      x: 1.8880057188831347
      y: -0.06835416811786871
      z: 0.0
    orientation:
      x: 0.0
      y: 0.0
      z: 0.009782667287781748
      w: 0.9999521485654885
navigation_time:
  sec: 8
  nanosec: 556000000
estimated_time_remaining:
  sec: 10
  nanosec: 218562304
number_of_recoveries: 0
distance_remaining: 2.6707098484039307

Feedback:
    current_pose:
  header:
    stamp:
      sec: 24
      nanosec: 100000000
    frame_id: map
  pose:
    position:
      x: 1.8880057188831347
      y: -0.06835416811786871
      z: 0.0
    orientation:
      x: 0.0
      y: 0.0
      z: 0.009782667287781748
      w: 0.9999521485654885
navigation_time:
  sec: 8
  nanosec: 564000000
estimated_time_remaining:
  sec: 10
  nanosec: 218562304
number_of_recoveries: 0
distance_remaining: 2.6707098484039307

Feedback:
    current_pose:
  header:
    stamp:
      sec: 24
      nanosec: 120000000
    frame_id: map
  pose:
    position:
      x: 1.8930061735454626
      y: -0.06835396487600762
      z: 0.0
    orientation:
      x: 0.0
      y: 0.0
      z: 0.01024422826464019
      w: 0.9999475265168978
navigation_time:
  sec: 8
  nanosec: 576000000
estimated_time_remaining:
  sec: 10
  nanosec: 198761971
number_of_recoveries: 0
distance_remaining: 2.6707098484039307

Feedback:
    current_pose:
  header:
    stamp:
      sec: 24
      nanosec: 120000000
    frame_id: map
  pose:
    position:
      x: 1.8930061735454626
      y: -0.06835396487600762
      z: 0.0
    orientation:
      x: 0.0
      y: 0.0
      z: 0.01024422826464019
      w: 0.9999475265168978
navigation_time:
  sec: 8
  nanosec: 584000000
estimated_time_remaining:
  sec: 10
  nanosec: 198761971
number_of_recoveries: 0
distance_remaining: 2.6707098484039307

Feedback:
    current_pose:
  header:
    stamp:
      sec: 24
      nanosec: 140000000
    frame_id: map
  pose:
    position:
      x: 1.8979910047318758
      y: -0.0683476526117304
      z: 0.0
    orientation:
      x: 0.0
      y: 0.0
      z: 0.010720632387195866
      w: 0.9999425323693449
navigation_time:
  sec: 8
  nanosec: 596000000
estimated_time_remaining:
  sec: 10
  nanosec: 90376684
number_of_recoveries: 0
distance_remaining: 2.645709753036499

Feedback:
    current_pose:
  header:
    stamp:
      sec: 24
      nanosec: 140000000
    frame_id: map
  pose:
    position:
      x: 1.8979910047318758
      y: -0.0683476526117304
      z: 0.0
    orientation:
      x: 0.0
      y: 0.0
      z: 0.010720632387195866
      w: 0.9999425323693449
navigation_time:
  sec: 8
  nanosec: 604000000
estimated_time_remaining:
  sec: 10
  nanosec: 90376684
number_of_recoveries: 0
distance_remaining: 2.645709753036499

Feedback:
    current_pose:
  header:
    stamp:
      sec: 24
      nanosec: 160000000
    frame_id: map
  pose:
    position:
      x: 1.9029638861558713
      y: -0.06833517323613383
      z: 0.0
    orientation:
      x: 0.0
      y: 0.0
      z: 0.011183012674826022
      w: 0.9999374681586417
navigation_time:
  sec: 8
  nanosec: 616000000
estimated_time_remaining:
  sec: 10
  nanosec: 87496274
number_of_recoveries: 0
distance_remaining: 2.645709753036499

Feedback:
    current_pose:
  header:
    stamp:
      sec: 24
      nanosec: 160000000
    frame_id: map
  pose:
    position:
      x: 1.9029638861558713
      y: -0.06833517323613383
      z: 0.0
    orientation:
      x: 0.0
      y: 0.0
      z: 0.011183012674826022
      w: 0.9999374681586417
navigation_time:
  sec: 8
  nanosec: 624000000
estimated_time_remaining:
  sec: 10
  nanosec: 87496274
number_of_recoveries: 0
distance_remaining: 2.645709753036499

Feedback:
    current_pose:
  header:
    stamp:
      sec: 24
      nanosec: 180000000
    frame_id: map
  pose:
    position:
      x: 1.9078898292470987
      y: -0.06831783128389246
      z: 0.0
    orientation:
      x: 0.0
      y: 0.0
      z: 0.011589305193100806
      w: 0.9999328417474552
navigation_time:
  sec: 8
  nanosec: 636000000
estimated_time_remaining:
  sec: 10
  nanosec: 92406537
number_of_recoveries: 0
distance_remaining: 2.645709753036499

Feedback:
    current_pose:
  header:
    stamp:
      sec: 24
      nanosec: 180000000
    frame_id: map
  pose:
    position:
      x: 1.9078898292470987
      y: -0.06831783128389246
      z: 0.0
    orientation:
      x: 0.0
      y: 0.0
      z: 0.011589305193100806
      w: 0.9999328417474552
navigation_time:
  sec: 8
  nanosec: 644000000
estimated_time_remaining:
  sec: 10
  nanosec: 92406537
number_of_recoveries: 0
distance_remaining: 2.645709753036499

Feedback:
    current_pose:
  header:
    stamp:
      sec: 24
      nanosec: 200000000
    frame_id: map
  pose:
    position:
      x: 1.9128154935172212
      y: -0.06829484635174954
      z: 0.0
    orientation:
      x: 0.0
      y: 0.0
      z: 0.011995595787232539
      w: 0.9999280502524717
navigation_time:
  sec: 8
  nanosec: 656000000
estimated_time_remaining:
  sec: 10
  nanosec: 101182498
number_of_recoveries: 0
distance_remaining: 2.645709753036499

Feedback:
    current_pose:
  header:
    stamp:
      sec: 24
      nanosec: 200000000
    frame_id: map
  pose:
    position:
      x: 1.9128154935172212
      y: -0.06829484635174954
      z: 0.0
    orientation:
      x: 0.0
      y: 0.0
      z: 0.011995595787232539
      w: 0.9999280502524717
navigation_time:
  sec: 8
  nanosec: 664000000
estimated_time_remaining:
  sec: 10
  nanosec: 101182498
number_of_recoveries: 0
distance_remaining: 2.645709753036499

Feedback:
    current_pose:
  header:
    stamp:
      sec: 24
      nanosec: 220000000
    frame_id: map
  pose:
    position:
      x: 1.9181286012047067
      y: -0.0687470405835881
      z: 0.0
    orientation:
      x: 0.0
      y: 0.0
      z: 0.01214635297280603
      w: 0.9999262303337481
navigation_time:
  sec: 8
  nanosec: 676000000
estimated_time_remaining:
  sec: 10
  nanosec: 112098367
number_of_recoveries: 0
distance_remaining: 2.645709753036499

Feedback:
    current_pose:
  header:
    stamp:
      sec: 24
      nanosec: 220000000
    frame_id: map
  pose:
    position:
      x: 1.9181286012047067
      y: -0.0687470405835881
      z: 0.0
    orientation:
      x: 0.0
      y: 0.0
      z: 0.01214635297280603
      w: 0.9999262303337481
navigation_time:
  sec: 8
  nanosec: 684000000
estimated_time_remaining:
  sec: 10
  nanosec: 112098367
number_of_recoveries: 0
distance_remaining: 2.645709753036499

Feedback:
    current_pose:
  header:
    stamp:
      sec: 24
      nanosec: 240000000
    frame_id: map
  pose:
    position:
      x: 1.9234362996557757
      y: -0.06919891355778623
      z: 0.0
    orientation:
      x: 0.0
      y: 0.0
      z: 0.01229352002617266
      w: 0.9999244318274086
navigation_time:
  sec: 8
  nanosec: 696000000
estimated_time_remaining:
  sec: 10
  nanosec: 27112706
number_of_recoveries: 0
distance_remaining: 2.6207096576690674

Feedback:
    current_pose:
  header:
    stamp:
      sec: 24
      nanosec: 240000000
    frame_id: map
  pose:
    position:
      x: 1.9234362996557757
      y: -0.06919891355778623
      z: 0.0
    orientation:
      x: 0.0
      y: 0.0
      z: 0.01229352002617266
      w: 0.9999244318274086
navigation_time:
  sec: 8
  nanosec: 704000000
estimated_time_remaining:
  sec: 10
  nanosec: 27112706
number_of_recoveries: 0
distance_remaining: 2.6207096576690674

Feedback:
    current_pose:
  header:
    stamp:
      sec: 24
      nanosec: 260000000
    frame_id: map
  pose:
    position:
      x: 1.9287455637825612
      y: -0.06965030092433916
      z: 0.0
    orientation:
      x: 0.0
      y: 0.0
      z: 0.012439701615096836
      w: 0.9999226239183346
navigation_time:
  sec: 8
  nanosec: 716000000
estimated_time_remaining:
  sec: 10
  nanosec: 34811832
number_of_recoveries: 0
distance_remaining: 2.6207096576690674

Feedback:
    current_pose:
  header:
    stamp:
      sec: 24
      nanosec: 260000000
    frame_id: map
  pose:
    position:
      x: 1.9287455637825612
      y: -0.06965030092433916
      z: 0.0
    orientation:
      x: 0.0
      y: 0.0
      z: 0.012439701615096836
      w: 0.9999226239183346
navigation_time:
  sec: 8
  nanosec: 724000000
estimated_time_remaining:
  sec: 10
  nanosec: 34811832
number_of_recoveries: 0
distance_remaining: 2.6207096576690674

Feedback:
    current_pose:
  header:
    stamp:
      sec: 24
      nanosec: 280000000
    frame_id: map
  pose:
    position:
      x: 1.9340613875089694
      y: -0.0701011118380557
      z: 0.0
    orientation:
      x: 0.0
      y: 0.0
      z: 0.012581942144847647
      w: 0.999920844233114
navigation_time:
  sec: 8
  nanosec: 736000000
estimated_time_remaining:
  sec: 10
  nanosec: 40925861
number_of_recoveries: 0
distance_remaining: 2.6207096576690674

Feedback:
    current_pose:
  header:
    stamp:
      sec: 24
      nanosec: 280000000
    frame_id: map
  pose:
    position:
      x: 1.9340613875089694
      y: -0.0701011118380557
      z: 0.0
    orientation:
      x: 0.0
      y: 0.0
      z: 0.012581942144847647
      w: 0.999920844233114
navigation_time:
  sec: 8
  nanosec: 744000000
estimated_time_remaining:
  sec: 10
  nanosec: 40925861
number_of_recoveries: 0
distance_remaining: 2.6207096576690674

Feedback:
    current_pose:
  header:
    stamp:
      sec: 24
      nanosec: 300000000
    frame_id: map
  pose:
    position:
      x: 1.9393771129640185
      y: -0.0705515276631293
      z: 0.0
    orientation:
      x: 0.0
      y: 0.0
      z: 0.012724182419980785
      w: 0.9999190443139601
navigation_time:
  sec: 8
  nanosec: 756000000
estimated_time_remaining:
  sec: 10
  nanosec: 47389340
number_of_recoveries: 0
distance_remaining: 2.6207096576690674

Feedback:
    current_pose:
  header:
    stamp:
      sec: 24
      nanosec: 300000000
    frame_id: map
  pose:
    position:
      x: 1.9393771129640185
      y: -0.0705515276631293
      z: 0.0
    orientation:
      x: 0.0
      y: 0.0
      z: 0.012724182419980785
      w: 0.9999190443139601
navigation_time:
  sec: 8
  nanosec: 764000000
estimated_time_remaining:
  sec: 10
  nanosec: 47389340
number_of_recoveries: 0
distance_remaining: 2.6207096576690674

Feedback:
    current_pose:
  header:
    stamp:
      sec: 24
      nanosec: 320000000
    frame_id: map
  pose:
    position:
      x: 1.9446961725756273
      y: -0.07100150495821761
      z: 0.0
    orientation:
      x: 0.0
      y: 0.0
      z: 0.012855737792360414
      w: 0.9999173615883536
navigation_time:
  sec: 8
  nanosec: 776000000
estimated_time_remaining:
  sec: 9
  nanosec: 958343247
number_of_recoveries: 0
distance_remaining: 2.5957112312316895

Feedback:
    current_pose:
  header:
    stamp:
      sec: 24
      nanosec: 320000000
    frame_id: map
  pose:
    position:
      x: 1.9446961725756273
      y: -0.07100150495821761
      z: 0.0
    orientation:
      x: 0.0
      y: 0.0
      z: 0.012855737792360414
      w: 0.9999173615883536
navigation_time:
  sec: 8
  nanosec: 784000000
estimated_time_remaining:
  sec: 9
  nanosec: 958343247
number_of_recoveries: 0
distance_remaining: 2.5957112312316895

Feedback:
    current_pose:
  header:
    stamp:
      sec: 24
      nanosec: 340000000
    frame_id: map
  pose:
    position:
      x: 1.9500159946365705
      y: -0.07145120035905654
      z: 0.0
    orientation:
      x: 0.0
      y: 0.0
      z: 0.01298462177990216
      w: 0.9999156962450549
navigation_time:
  sec: 8
  nanosec: 796000000
estimated_time_remaining:
  sec: 9
  nanosec: 964737332
number_of_recoveries: 0
distance_remaining: 2.5957112312316895

Feedback:
    current_pose:
  header:
    stamp:
      sec: 24
      nanosec: 340000000
    frame_id: map
  pose:
    position:
      x: 1.9500159946365705
      y: -0.07145120035905654
      z: 0.0
    orientation:
      x: 0.0
      y: 0.0
      z: 0.01298462177990216
      w: 0.9999156962450549
navigation_time:
  sec: 8
  nanosec: 804000000
estimated_time_remaining:
  sec: 9
  nanosec: 964737332
number_of_recoveries: 0
distance_remaining: 2.5957112312316895

Feedback:
    current_pose:
  header:
    stamp:
      sec: 24
      nanosec: 360000000
    frame_id: map
  pose:
    position:
      x: 1.9553329652695897
      y: -0.0719007023608748
      z: 0.0
    orientation:
      x: 0.0
      y: 0.0
      z: 0.013121546054008561
      w: 0.9999139088087295
navigation_time:
  sec: 8
  nanosec: 816000000
estimated_time_remaining:
  sec: 9
  nanosec: 970997473
number_of_recoveries: 0
distance_remaining: 2.5957112312316895

Feedback:
    current_pose:
  header:
    stamp:
      sec: 24
      nanosec: 360000000
    frame_id: map
  pose:
    position:
      x: 1.9553329652695897
      y: -0.0719007023608748
      z: 0.0
    orientation:
      x: 0.0
      y: 0.0
      z: 0.013121546054008561
      w: 0.9999139088087295
navigation_time:
  sec: 8
  nanosec: 824000000
estimated_time_remaining:
  sec: 9
  nanosec: 970997473
number_of_recoveries: 0
distance_remaining: 2.5957112312316895

Feedback:
    current_pose:
  header:
    stamp:
      sec: 24
      nanosec: 380000000
    frame_id: map
  pose:
    position:
      x: 1.9606388103863148
      y: -0.07234995404482367
      z: 0.0
    orientation:
      x: 0.0
      y: 0.0
      z: 0.013290632087417584
      w: 0.999911675648763
navigation_time:
  sec: 8
  nanosec: 836000000
estimated_time_remaining:
  sec: 9
  nanosec: 978714814
number_of_recoveries: 0
distance_remaining: 2.5957112312316895

Feedback:
    current_pose:
  header:
    stamp:
      sec: 24
      nanosec: 380000000
    frame_id: map
  pose:
    position:
      x: 1.9606388103863148
      y: -0.07234995404482367
      z: 0.0
    orientation:
      x: 0.0
      y: 0.0
      z: 0.013290632087417584
      w: 0.999911675648763
navigation_time:
  sec: 8
  nanosec: 844000000
estimated_time_remaining:
  sec: 9
  nanosec: 978714814
number_of_recoveries: 0
distance_remaining: 2.5957112312316895

Feedback:
    current_pose:
  header:
    stamp:
      sec: 24
      nanosec: 400000000
    frame_id: map
  pose:
    position:
      x: 1.9659445482094273
      y: -0.07279853428849298
      z: 0.0
    orientation:
      x: 0.0
      y: 0.0
      z: 0.013459717740954825
      w: 0.9999094138962459
navigation_time:
  sec: 8
  nanosec: 856000000
estimated_time_remaining:
  sec: 9
  nanosec: 990742972
number_of_recoveries: 0
distance_remaining: 2.5957112312316895

Feedback:
    current_pose:
  header:
    stamp:
      sec: 24
      nanosec: 400000000
    frame_id: map
  pose:
    position:
      x: 1.9659445482094273
      y: -0.07279853428849298
      z: 0.0
    orientation:
      x: 0.0
      y: 0.0
      z: 0.013459717740954825
      w: 0.9999094138962459
navigation_time:
  sec: 8
  nanosec: 864000000
estimated_time_remaining:
  sec: 9
  nanosec: 990742972
number_of_recoveries: 0
distance_remaining: 2.5957112312316895

Feedback:
    current_pose:
  header:
    stamp:
      sec: 24
      nanosec: 420000000
    frame_id: map
  pose:
    position:
      x: 1.9709526020519685
      y: -0.07282406338354543
      z: 0.0
    orientation:
      x: 0.0
      y: 0.0
      z: 0.013823927409774919
      w: 0.9999044449501009
navigation_time:
  sec: 8
  nanosec: 876000000
estimated_time_remaining:
  sec: 9
  nanosec: 912212495
number_of_recoveries: 0
distance_remaining: 2.5707108974456787

Feedback:
    current_pose:
  header:
    stamp:
      sec: 24
      nanosec: 420000000
    frame_id: map
  pose:
    position:
      x: 1.9709526020519685
      y: -0.07282406338354543
      z: 0.0
    orientation:
      x: 0.0
      y: 0.0
      z: 0.013823927409774919
      w: 0.9999044449501009
navigation_time:
  sec: 8
  nanosec: 884000000
estimated_time_remaining:
  sec: 9
  nanosec: 912212495
number_of_recoveries: 0
distance_remaining: 2.5707108974456787

Feedback:
    current_pose:
  header:
    stamp:
      sec: 24
      nanosec: 440000000
    frame_id: map
  pose:
    position:
      x: 1.9759285085120657
      y: -0.07284582799592586
      z: 0.0
    orientation:
      x: 0.0
      y: 0.0
      z: 0.014187475971435102
      w: 0.9998993526978402
navigation_time:
  sec: 8
  nanosec: 896000000
estimated_time_remaining:
  sec: 9
  nanosec: 933380008
number_of_recoveries: 0
distance_remaining: 2.5707108974456787

Feedback:
    current_pose:
  header:
    stamp:
      sec: 24
      nanosec: 440000000
    frame_id: map
  pose:
    position:
      x: 1.9759285085120657
      y: -0.07284582799592586
      z: 0.0
    orientation:
      x: 0.0
      y: 0.0
      z: 0.014187475971435102
      w: 0.9998993526978402
navigation_time:
  sec: 8
  nanosec: 904000000
estimated_time_remaining:
  sec: 9
  nanosec: 933380008
number_of_recoveries: 0
distance_remaining: 2.5707108974456787

Feedback:
    current_pose:
  header:
    stamp:
      sec: 24
      nanosec: 460000000
    frame_id: map
  pose:
    position:
      x: 1.9809017921129903
      y: -0.07286303339176843
      z: 0.0
    orientation:
      x: 0.0
      y: 0.0
      z: 0.014553733796398073
      w: 0.9998940888077014
navigation_time:
  sec: 8
  nanosec: 916000000
estimated_time_remaining:
  sec: 9
  nanosec: 954398169
number_of_recoveries: 0
distance_remaining: 2.5707108974456787

Feedback:
    current_pose:
  header:
    stamp:
      sec: 24
      nanosec: 460000000
    frame_id: map
  pose:
    position:
      x: 1.9809017921129903
      y: -0.07286303339176843
      z: 0.0
    orientation:
      x: 0.0
      y: 0.0
      z: 0.014553733796398073
      w: 0.9998940888077014
navigation_time:
  sec: 8
  nanosec: 924000000
estimated_time_remaining:
  sec: 9
  nanosec: 954398169
number_of_recoveries: 0
distance_remaining: 2.5707108974456787

Feedback:
    current_pose:
  header:
    stamp:
      sec: 24
      nanosec: 480000000
    frame_id: map
  pose:
    position:
      x: 1.9858651782467338
      y: -0.0728758068376103
      z: 0.0
    orientation:
      x: 0.0
      y: 0.0
      z: 0.014930834185547222
      w: 0.9998885288823568
navigation_time:
  sec: 8
  nanosec: 936000000
estimated_time_remaining:
  sec: 9
  nanosec: 974604560
number_of_recoveries: 0
distance_remaining: 2.5707108974456787

Feedback:
    current_pose:
  header:
    stamp:
      sec: 24
      nanosec: 480000000
    frame_id: map
  pose:
    position:
      x: 1.9858651782467338
      y: -0.0728758068376103
      z: 0.0
    orientation:
      x: 0.0
      y: 0.0
      z: 0.014930834185547222
      w: 0.9998885288823568
navigation_time:
  sec: 8
  nanosec: 944000000
estimated_time_remaining:
  sec: 9
  nanosec: 974604560
number_of_recoveries: 0
distance_remaining: 2.5707108974456787

Feedback:
    current_pose:
  header:
    stamp:
      sec: 24
      nanosec: 500000000
    frame_id: map
  pose:
    position:
      x: 1.9908283534749764
      y: -0.07288382730429896
      z: 0.0
    orientation:
      x: 0.0
      y: 0.0
      z: 0.015307932451044351
      w: 0.9998828267372504
navigation_time:
  sec: 8
  nanosec: 956000000
estimated_time_remaining:
  sec: 9
  nanosec: 991940510
number_of_recoveries: 0
distance_remaining: 2.5707108974456787

Feedback:
    current_pose:
  header:
    stamp:
      sec: 24
      nanosec: 500000000
    frame_id: map
  pose:
    position:
      x: 1.9908283534749764
      y: -0.07288382730429896
      z: 0.0
    orientation:
      x: 0.0
      y: 0.0
      z: 0.015307932451044351
      w: 0.9998828267372504
navigation_time:
  sec: 8
  nanosec: 964000000
estimated_time_remaining:
  sec: 9
  nanosec: 991940510
number_of_recoveries: 0
distance_remaining: 2.5707108974456787

Feedback:
    current_pose:
  header:
    stamp:
      sec: 24
      nanosec: 520000000
    frame_id: map
  pose:
    position:
      x: 1.9957733916339513
      y: -0.07288753879019136
      z: 0.0
    orientation:
      x: 0.0
      y: 0.0
      z: 0.015723205648131473
      w: 0.9998763827614624
navigation_time:
  sec: 8
  nanosec: 976000000
estimated_time_remaining:
  sec: 9
  nanosec: 910262821
number_of_recoveries: 0
distance_remaining: 2.545710802078247

Feedback:
    current_pose:
  header:
    stamp:
      sec: 24
      nanosec: 520000000
    frame_id: map
  pose:
    position:
      x: 1.9957733916339513
      y: -0.07288753879019136
      z: 0.0
    orientation:
      x: 0.0
      y: 0.0
      z: 0.015723205648131473
      w: 0.9998763827614624
navigation_time:
  sec: 8
  nanosec: 984000000
estimated_time_remaining:
  sec: 9
  nanosec: 910262821
number_of_recoveries: 0
distance_remaining: 2.545710802078247

Feedback:
    current_pose:
  header:
    stamp:
      sec: 24
      nanosec: 540000000
    frame_id: map
  pose:
    position:
      x: 2.0007062472720127
      y: -0.07288630309713025
      z: 0.0
    orientation:
      x: 0.0
      y: 0.0
      z: 0.016163927391479167
      w: 0.9998693551916085
navigation_time:
  sec: 8
  nanosec: 996000000
estimated_time_remaining:
  sec: 9
  nanosec: 926327509
number_of_recoveries: 0
distance_remaining: 2.545710802078247

Feedback:
    current_pose:
  header:
    stamp:
      sec: 24
      nanosec: 540000000
    frame_id: map
  pose:
    position:
      x: 2.0007062472720127
      y: -0.07288630309713025
      z: 0.0
    orientation:
      x: 0.0
      y: 0.0
      z: 0.016163927391479167
      w: 0.9998693551916085
navigation_time:
  sec: 9
  nanosec: 4000000
estimated_time_remaining:
  sec: 9
  nanosec: 926327509
number_of_recoveries: 0
distance_remaining: 2.545710802078247

Feedback:
    current_pose:
  header:
    stamp:
      sec: 24
      nanosec: 560000000
    frame_id: map
  pose:
    position:
      x: 2.0056264952630776
      y: -0.07288011681056851
      z: 0.0
    orientation:
      x: 0.0
      y: 0.0
      z: 0.016599625174263652
      w: 0.9998622167299221
navigation_time:
  sec: 9
  nanosec: 16000000
estimated_time_remaining:
  sec: 9
  nanosec: 942308599
number_of_recoveries: 0
distance_remaining: 2.545710802078247

Feedback:
    current_pose:
  header:
    stamp:
      sec: 24
      nanosec: 560000000
    frame_id: map
  pose:
    position:
      x: 2.0056264952630776
      y: -0.07288011681056851
      z: 0.0
    orientation:
      x: 0.0
      y: 0.0
      z: 0.016599625174263652
      w: 0.9998622167299221
navigation_time:
  sec: 9
  nanosec: 24000000
estimated_time_remaining:
  sec: 9
  nanosec: 942308599
number_of_recoveries: 0
distance_remaining: 2.545710802078247

Feedback:
    current_pose:
  header:
    stamp:
      sec: 24
      nanosec: 580000000
    frame_id: map
  pose:
    position:
      x: 2.0104970430185447
      y: -0.0728704142301038
      z: 0.0
    orientation:
      x: 0.0
      y: 0.0
      z: 0.017015236628880673
      w: 0.9998552303821105
navigation_time:
  sec: 9
  nanosec: 36000000
estimated_time_remaining:
  sec: 9
  nanosec: 961885650
number_of_recoveries: 0
distance_remaining: 2.545710802078247

Feedback:
    current_pose:
  header:
    stamp:
      sec: 24
      nanosec: 580000000
    frame_id: map
  pose:
    position:
      x: 2.0104970430185447
      y: -0.0728704142301038
      z: 0.0
    orientation:
      x: 0.0
      y: 0.0
      z: 0.017015236628880673
      w: 0.9998552303821105
navigation_time:
  sec: 9
  nanosec: 44000000
estimated_time_remaining:
  sec: 9
  nanosec: 961885650
number_of_recoveries: 0
distance_remaining: 2.545710802078247

Feedback:
    current_pose:
  header:
    stamp:
      sec: 24
      nanosec: 600000000
    frame_id: map
  pose:
    position:
      x: 2.0153673491073962
      y: -0.07285566203134392
      z: 0.0
    orientation:
      x: 0.0
      y: 0.0
      z: 0.017430845143484672
      w: 0.9998480712776237
navigation_time:
  sec: 9
  nanosec: 56000000
estimated_time_remaining:
  sec: 9
  nanosec: 985076462
number_of_recoveries: 0
distance_remaining: 2.545710802078247

Feedback:
    current_pose:
  header:
    stamp:
      sec: 24
      nanosec: 600000000
    frame_id: map
  pose:
    position:
      x: 2.0153673491073962
      y: -0.07285566203134392
      z: 0.0
    orientation:
      x: 0.0
      y: 0.0
      z: 0.017430845143484672
      w: 0.9998480712776237
navigation_time:
  sec: 9
  nanosec: 64000000
estimated_time_remaining:
  sec: 9
  nanosec: 985076462
number_of_recoveries: 0
distance_remaining: 2.545710802078247

Feedback:
    current_pose:
  header:
    stamp:
      sec: 24
      nanosec: 620000000
    frame_id: map
  pose:
    position:
      x: 2.020249363385755
      y: -0.07288810050527582
      z: 0.0
    orientation:
      x: 0.0
      y: 0.0
      z: 0.01795409018986735
      w: 0.9998388123319949
navigation_time:
  sec: 9
  nanosec: 76000000
estimated_time_remaining:
  sec: 9
  nanosec: 911512446
number_of_recoveries: 0
distance_remaining: 2.5207104682922363

Feedback:
    current_pose:
  header:
    stamp:
      sec: 24
      nanosec: 620000000
    frame_id: map
  pose:
    position:
      x: 2.020249363385755
      y: -0.07288810050527582
      z: 0.0
    orientation:
      x: 0.0
      y: 0.0
      z: 0.01795409018986735
      w: 0.9998388123319949
navigation_time:
  sec: 9
  nanosec: 88000000
estimated_time_remaining:
  sec: 9
  nanosec: 911512446
number_of_recoveries: 0
distance_remaining: 2.5207104682922363

Feedback:
    current_pose:
  header:
    stamp:
      sec: 24
      nanosec: 640000000
    frame_id: map
  pose:
    position:
      x: 2.0251195936483786
      y: -0.0729137050725912
      z: 0.0
    orientation:
      x: 0.0
      y: 0.0
      z: 0.018470057165577054
      w: 0.9998294139443489
navigation_time:
  sec: 9
  nanosec: 96000000
estimated_time_remaining:
  sec: 9
  nanosec: 938047270
number_of_recoveries: 0
distance_remaining: 2.5207104682922363

Feedback:
    current_pose:
  header:
    stamp:
      sec: 24
      nanosec: 640000000
    frame_id: map
  pose:
    position:
      x: 2.0251195936483786
      y: -0.0729137050725912
      z: 0.0
    orientation:
      x: 0.0
      y: 0.0
      z: 0.018470057165577054
      w: 0.9998294139443489
navigation_time:
  sec: 9
  nanosec: 104000000
estimated_time_remaining:
  sec: 9
  nanosec: 938047270
number_of_recoveries: 0
distance_remaining: 2.5207104682922363

Feedback:
    current_pose:
  header:
    stamp:
      sec: 24
      nanosec: 660000000
    frame_id: map
  pose:
    position:
      x: 2.0299857576789777
      y: -0.07293223003882675
      z: 0.0
    orientation:
      x: 0.0
      y: 0.0
      z: 0.018986137322509027
      w: 0.9998197470492223
navigation_time:
  sec: 9
  nanosec: 116000000
estimated_time_remaining:
  sec: 9
  nanosec: 965886990
number_of_recoveries: 0
distance_remaining: 2.5207104682922363

Feedback:
    current_pose:
  header:
    stamp:
      sec: 24
      nanosec: 660000000
    frame_id: map
  pose:
    position:
      x: 2.0299857576789777
      y: -0.07293223003882675
      z: 0.0
    orientation:
      x: 0.0
      y: 0.0
      z: 0.018986137322509027
      w: 0.9998197470492223
navigation_time:
  sec: 9
  nanosec: 124000000
estimated_time_remaining:
  sec: 9
  nanosec: 965886990
number_of_recoveries: 0
distance_remaining: 2.5207104682922363

Feedback:
    current_pose:
  header:
    stamp:
      sec: 24
      nanosec: 680000000
    frame_id: map
  pose:
    position:
      x: 2.034837560506041
      y: -0.0729440771685056
      z: 0.0
    orientation:
      x: 0.0
      y: 0.0
      z: 0.01950268481730096
      w: 0.999809804555305
navigation_time:
  sec: 9
  nanosec: 136000000
estimated_time_remaining:
  sec: 9
  nanosec: 994827922
number_of_recoveries: 0
distance_remaining: 2.5207104682922363

Feedback:
    current_pose:
  header:
    stamp:
      sec: 24
      nanosec: 680000000
    frame_id: map
  pose:
    position:
      x: 2.034837560506041
      y: -0.0729440771685056
      z: 0.0
    orientation:
      x: 0.0
      y: 0.0
      z: 0.01950268481730096
      w: 0.999809804555305
navigation_time:
  sec: 9
  nanosec: 144000000
estimated_time_remaining:
  sec: 9
  nanosec: 994827922
number_of_recoveries: 0
distance_remaining: 2.5207104682922363

Feedback:
    current_pose:
  header:
    stamp:
      sec: 24
      nanosec: 700000000
    frame_id: map
  pose:
    position:
      x: 2.039688710286074
      y: -0.07294873476165914
      z: 0.0
    orientation:
      x: 0.0
      y: 0.0
      z: 0.020019227106435757
      w: 0.9997995951919868
navigation_time:
  sec: 9
  nanosec: 156000000
estimated_time_remaining:
  sec: 10
  nanosec: 23933921
number_of_recoveries: 0
distance_remaining: 2.5207104682922363

Feedback:
    current_pose:
  header:
    stamp:
      sec: 24
      nanosec: 700000000
    frame_id: map
  pose:
    position:
      x: 2.039688710286074
      y: -0.07294873476165914
      z: 0.0
    orientation:
      x: 0.0
      y: 0.0
      z: 0.020019227106435757
      w: 0.9997995951919868
navigation_time:
  sec: 9
  nanosec: 164000000
estimated_time_remaining:
  sec: 10
  nanosec: 23933921
number_of_recoveries: 0
distance_remaining: 2.5207104682922363

Feedback:
    current_pose:
  header:
    stamp:
      sec: 24
      nanosec: 720000000
    frame_id: map
  pose:
    position:
      x: 2.044666607997497
      y: -0.07294096522756761
      z: 0.0
    orientation:
      x: 0.0
      y: 0.0
      z: 0.020542678845552532
      w: 0.9997889769075515
navigation_time:
  sec: 9
  nanosec: 176000000
estimated_time_remaining:
  sec: 9
  nanosec: 944916227
number_of_recoveries: 0
distance_remaining: 2.4957098960876465

Feedback:
    current_pose:
  header:
    stamp:
      sec: 24
      nanosec: 720000000
    frame_id: map
  pose:
    position:
      x: 2.044666607997497
      y: -0.07294096522756761
      z: 0.0
    orientation:
      x: 0.0
      y: 0.0
      z: 0.020542678845552532
      w: 0.9997889769075515
navigation_time:
  sec: 9
  nanosec: 184000000
estimated_time_remaining:
  sec: 9
  nanosec: 944916227
number_of_recoveries: 0
distance_remaining: 2.4957098960876465

Feedback:
    current_pose:
  header:
    stamp:
      sec: 24
      nanosec: 740000000
    frame_id: map
  pose:
    position:
      x: 2.049715038371271
      y: -0.07292276918982282
      z: 0.0
    orientation:
      x: 0.0
      y: 0.0
      z: 0.021067853635817906
      w: 0.9997780481402758
navigation_time:
  sec: 9
  nanosec: 196000000
estimated_time_remaining:
  sec: 9
  nanosec: 950082767
number_of_recoveries: 0
distance_remaining: 2.4957098960876465

Feedback:
    current_pose:
  header:
    stamp:
      sec: 24
      nanosec: 740000000
    frame_id: map
  pose:
    position:
      x: 2.049715038371271
      y: -0.07292276918982282
      z: 0.0
    orientation:
      x: 0.0
      y: 0.0
      z: 0.021067853635817906
      w: 0.9997780481402758
navigation_time:
  sec: 9
  nanosec: 208000000
estimated_time_remaining:
  sec: 9
  nanosec: 950082767
number_of_recoveries: 0
distance_remaining: 2.4957098960876465

Feedback:
    current_pose:
  header:
    stamp:
      sec: 24
      nanosec: 760000000
    frame_id: map
  pose:
    position:
      x: 2.0547568081870287
      y: -0.07289727615425817
      z: 0.0
    orientation:
      x: 0.0
      y: 0.0
      z: 0.021582413548754058
      w: 0.999767072585115
navigation_time:
  sec: 9
  nanosec: 216000000
estimated_time_remaining:
  sec: 9
  nanosec: 946252813
number_of_recoveries: 0
distance_remaining: 2.4957098960876465

Feedback:
    current_pose:
  header:
    stamp:
      sec: 24
      nanosec: 760000000
    frame_id: map
  pose:
    position:
      x: 2.0547568081870287
      y: -0.07289727615425817
      z: 0.0
    orientation:
      x: 0.0
      y: 0.0
      z: 0.021582413548754058
      w: 0.999767072585115
navigation_time:
  sec: 9
  nanosec: 228000000
estimated_time_remaining:
  sec: 10
  nanosec: 102003323
number_of_recoveries: 0
distance_remaining: 2.5347907543182373

Feedback:
    current_pose:
  header:
    stamp:
      sec: 24
      nanosec: 780000000
    frame_id: map
  pose:
    position:
      x: 2.059774024622299
      y: -0.07286564233882342
      z: 0.0
    orientation:
      x: 0.0
      y: 0.0
      z: 0.022054531885510514
      w: 0.999756769231052
navigation_time:
  sec: 9
  nanosec: 236000000
estimated_time_remaining:
  sec: 10
  nanosec: 97832028
number_of_recoveries: 0
distance_remaining: 2.5347907543182373

Feedback:
    current_pose:
  header:
    stamp:
      sec: 24
      nanosec: 780000000
    frame_id: map
  pose:
    position:
      x: 2.059774024622299
      y: -0.07286564233882342
      z: 0.0
    orientation:
      x: 0.0
      y: 0.0
      z: 0.022054531885510514
      w: 0.999756769231052
navigation_time:
  sec: 9
  nanosec: 244000000
estimated_time_remaining:
  sec: 10
  nanosec: 97832028
number_of_recoveries: 0
distance_remaining: 2.5347907543182373

Feedback:
    current_pose:
  header:
    stamp:
      sec: 24
      nanosec: 800000000
    frame_id: map
  pose:
    position:
      x: 2.0647905560872952
      y: -0.07282702885457241
      z: 0.0
    orientation:
      x: 0.0
      y: 0.0
      z: 0.022526645299287894
      w: 0.9997462429294547
navigation_time:
  sec: 9
  nanosec: 256000000
estimated_time_remaining:
  sec: 10
  nanosec: 94403452
number_of_recoveries: 0
distance_remaining: 2.5347907543182373

Feedback:
    current_pose:
  header:
    stamp:
      sec: 24
      nanosec: 800000000
    frame_id: map
  pose:
    position:
      x: 2.0647905560872952
      y: -0.07282702885457241
      z: 0.0
    orientation:
      x: 0.0
      y: 0.0
      z: 0.022526645299287894
      w: 0.9997462429294547
navigation_time:
  sec: 9
  nanosec: 264000000
estimated_time_remaining:
  sec: 10
  nanosec: 94403452
number_of_recoveries: 0
distance_remaining: 2.5347907543182373

Feedback:
    current_pose:
  header:
    stamp:
      sec: 24
      nanosec: 820000000
    frame_id: map
  pose:
    position:
      x: 2.069956665430868
      y: -0.07150659892506366
      z: 0.0
    orientation:
      x: 0.0
      y: 0.0
      z: 0.023231163185294803
      w: 0.9997301201109517
navigation_time:
  sec: 9
  nanosec: 276000000
estimated_time_remaining:
  sec: 9
  nanosec: 940923915
number_of_recoveries: 0
distance_remaining: 2.4957096576690674

Feedback:
    current_pose:
  header:
    stamp:
      sec: 24
      nanosec: 820000000
    frame_id: map
  pose:
    position:
      x: 2.069956665430868
      y: -0.07150659892506366
      z: 0.0
    orientation:
      x: 0.0
      y: 0.0
      z: 0.023231163185294803
      w: 0.9997301201109517
navigation_time:
  sec: 9
  nanosec: 284000000
estimated_time_remaining:
  sec: 9
  nanosec: 940923915
number_of_recoveries: 0
distance_remaining: 2.4957096576690674

Feedback:
    current_pose:
  header:
    stamp:
      sec: 24
      nanosec: 840000000
    frame_id: map
  pose:
    position:
      x: 2.0750544126181096
      y: -0.07017762610910422
      z: 0.0
    orientation:
      x: 0.0
      y: 0.0
      z: 0.02392321888712385
      w: 0.9997137988434884
navigation_time:
  sec: 9
  nanosec: 296000000
estimated_time_remaining:
  sec: 9
  nanosec: 952201918
number_of_recoveries: 0
distance_remaining: 2.4957096576690674

Feedback:
    current_pose:
  header:
    stamp:
      sec: 24
      nanosec: 840000000
    frame_id: map
  pose:
    position:
      x: 2.0750544126181096
      y: -0.07017762610910422
      z: 0.0
    orientation:
      x: 0.0
      y: 0.0
      z: 0.02392321888712385
      w: 0.9997137988434884
navigation_time:
  sec: 9
  nanosec: 304000000
estimated_time_remaining:
  sec: 9
  nanosec: 952201918
number_of_recoveries: 0
distance_remaining: 2.4957096576690674

Feedback:
    current_pose:
  header:
    stamp:
      sec: 24
      nanosec: 860000000
    frame_id: map
  pose:
    position:
      x: 2.080155936527608
      y: -0.06883688046626164
      z: 0.0
    orientation:
      x: 0.0
      y: 0.0
      z: 0.024586382099046122
      w: 0.9996977092177812
navigation_time:
  sec: 9
  nanosec: 316000000
estimated_time_remaining:
  sec: 9
  nanosec: 965371920
number_of_recoveries: 0
distance_remaining: 2.4957096576690674

Feedback:
    current_pose:
  header:
    stamp:
      sec: 24
      nanosec: 860000000
    frame_id: map
  pose:
    position:
      x: 2.080155936527608
      y: -0.06883688046626164
      z: 0.0
    orientation:
      x: 0.0
      y: 0.0
      z: 0.024586382099046122
      w: 0.9996977092177812
navigation_time:
  sec: 9
  nanosec: 324000000
estimated_time_remaining:
  sec: 9
  nanosec: 965371920
number_of_recoveries: 0
distance_remaining: 2.4957096576690674

Feedback:
    current_pose:
  header:
    stamp:
      sec: 24
      nanosec: 880000000
    frame_id: map
  pose:
    position:
      x: 2.0852797323879377
      y: -0.06748435854607242
      z: 0.0
    orientation:
      x: 0.0
      y: 0.0
      z: 0.02513401205382799
      w: 0.999684090819734
navigation_time:
  sec: 9
  nanosec: 336000000
estimated_time_remaining:
  sec: 9
  nanosec: 975140397
number_of_recoveries: 0
distance_remaining: 2.4957096576690674

Feedback:
    current_pose:
  header:
    stamp:
      sec: 24
      nanosec: 880000000
    frame_id: map
  pose:
    position:
      x: 2.0852797323879377
      y: -0.06748435854607242
      z: 0.0
    orientation:
      x: 0.0
      y: 0.0
      z: 0.02513401205382799
      w: 0.999684090819734
navigation_time:
  sec: 9
  nanosec: 344000000
estimated_time_remaining:
  sec: 9
  nanosec: 975140397
number_of_recoveries: 0
distance_remaining: 2.4957096576690674

Feedback:
    current_pose:
  header:
    stamp:
      sec: 24
      nanosec: 900000000
    frame_id: map
  pose:
    position:
      x: 2.0904011793370056
      y: -0.0661217053153485
      z: 0.0
    orientation:
      x: 0.0
      y: 0.0
      z: 0.025681634434055647
      w: 0.9996701724332858
navigation_time:
  sec: 9
  nanosec: 356000000
estimated_time_remaining:
  sec: 9
  nanosec: 979530835
number_of_recoveries: 0
distance_remaining: 2.4957096576690674

Feedback:
    current_pose:
  header:
    stamp:
      sec: 24
      nanosec: 900000000
    frame_id: map
  pose:
    position:
      x: 2.0904011793370056
      y: -0.0661217053153485
      z: 0.0
    orientation:
      x: 0.0
      y: 0.0
      z: 0.025681634434055647
      w: 0.9996701724332858
navigation_time:
  sec: 9
  nanosec: 364000000
estimated_time_remaining:
  sec: 9
  nanosec: 979530835
number_of_recoveries: 0
distance_remaining: 2.4957096576690674

Feedback:
    current_pose:
  header:
    stamp:
      sec: 24
      nanosec: 920000000
    frame_id: map
  pose:
    position:
      x: 2.095483502686941
      y: -0.0647509787642156
      z: 0.0
    orientation:
      x: 0.0
      y: 0.0
      z: 0.026196853508663055
      w: 0.9996568035412181
navigation_time:
  sec: 9
  nanosec: 376000000
estimated_time_remaining:
  sec: 9
  nanosec: 983134511
number_of_recoveries: 0
distance_remaining: 2.4957096576690674

Feedback:
    current_pose:
  header:
    stamp:
      sec: 24
      nanosec: 920000000
    frame_id: map
  pose:
    position:
      x: 2.095483502686941
      y: -0.0647509787642156
      z: 0.0
    orientation:
      x: 0.0
      y: 0.0
      z: 0.026196853508663055
      w: 0.9996568035412181
navigation_time:
  sec: 9
  nanosec: 384000000
estimated_time_remaining:
  sec: 9
  nanosec: 983134511
number_of_recoveries: 0
distance_remaining: 2.4957096576690674

Feedback:
    current_pose:
  header:
    stamp:
      sec: 24
      nanosec: 940000000
    frame_id: map
  pose:
    position:
      x: 2.100554280549169
      y: -0.06337108144786668
      z: 0.0
    orientation:
      x: 0.0
      y: 0.0
      z: 0.026703966815112872
      w: 0.9996433854912147
navigation_time:
  sec: 9
  nanosec: 396000000
estimated_time_remaining:
  sec: 9
  nanosec: 988569325
number_of_recoveries: 0
distance_remaining: 2.4957096576690674

Feedback:
    current_pose:
  header:
    stamp:
      sec: 24
      nanosec: 940000000
    frame_id: map
  pose:
    position:
      x: 2.100554280549169
      y: -0.06337108144786668
      z: 0.0
    orientation:
      x: 0.0
      y: 0.0
      z: 0.026703966815112872
      w: 0.9996433854912147
navigation_time:
  sec: 9
  nanosec: 404000000
estimated_time_remaining:
  sec: 9
  nanosec: 988569325
number_of_recoveries: 0
distance_remaining: 2.4957096576690674

Feedback:
    current_pose:
  header:
    stamp:
      sec: 24
      nanosec: 960000000
    frame_id: map
  pose:
    position:
      x: 2.1056021505593105
      y: -0.06198267225291529
      z: 0.0
    orientation:
      x: 0.0
      y: 0.0
      z: 0.027208680430218273
      w: 0.9996297753214668
navigation_time:
  sec: 9
  nanosec: 416000000
estimated_time_remaining:
  sec: 9
  nanosec: 894013540
number_of_recoveries: 0
distance_remaining: 2.4707095623016357

Feedback:
    current_pose:
  header:
    stamp:
      sec: 24
      nanosec: 960000000
    frame_id: map
  pose:
    position:
      x: 2.1056021505593105
      y: -0.06198267225291529
      z: 0.0
    orientation:
      x: 0.0
      y: 0.0
      z: 0.027208680430218273
      w: 0.9996297753214668
navigation_time:
  sec: 9
  nanosec: 424000000
estimated_time_remaining:
  sec: 9
  nanosec: 894013540
number_of_recoveries: 0
distance_remaining: 2.4707095623016357

Feedback:
    current_pose:
  header:
    stamp:
      sec: 24
      nanosec: 980000000
    frame_id: map
  pose:
    position:
      x: 2.1105654866851857
      y: -0.06058930578862448
      z: 0.0
    orientation:
      x: 0.0
      y: 0.0
      z: 0.027703815945995382
      w: 0.9996161756304418
navigation_time:
  sec: 9
  nanosec: 436000000
estimated_time_remaining:
  sec: 9
  nanosec: 904995107
number_of_recoveries: 0
distance_remaining: 2.4707095623016357

Feedback:
    current_pose:
  header:
    stamp:
      sec: 24
      nanosec: 980000000
    frame_id: map
  pose:
    position:
      x: 2.1105654866851857
      y: -0.06058930578862448
      z: 0.0
    orientation:
      x: 0.0
      y: 0.0
      z: 0.027703815945995382
      w: 0.9996161756304418
navigation_time:
  sec: 9
  nanosec: 444000000
estimated_time_remaining:
  sec: 9
  nanosec: 904995107
number_of_recoveries: 0
distance_remaining: 2.4707095623016357

Feedback:
    current_pose:
  header:
    stamp:
      sec: 25
      nanosec: 0
    frame_id: map
  pose:
    position:
      x: 2.115526445711174
      y: -0.059186625174075025
      z: 0.0
    orientation:
      x: 0.0
      y: 0.0
      z: 0.028198944664769198
      w: 0.9996023306894563
navigation_time:
  sec: 9
  nanosec: 456000000
estimated_time_remaining:
  sec: 9
  nanosec: 920052595
number_of_recoveries: 0
distance_remaining: 2.4707095623016357

Feedback:
    current_pose:
  header:
    stamp:
      sec: 25
      nanosec: 0
    frame_id: map
  pose:
    position:
      x: 2.115526445711174
      y: -0.059186625174075025
      z: 0.0
    orientation:
      x: 0.0
      y: 0.0
      z: 0.028198944664769198
      w: 0.9996023306894563
navigation_time:
  sec: 9
  nanosec: 464000000
estimated_time_remaining:
  sec: 9
  nanosec: 920052595
number_of_recoveries: 0
distance_remaining: 2.4707095623016357

Feedback:
    current_pose:
  header:
    stamp:
      sec: 25
      nanosec: 20000000
    frame_id: map
  pose:
    position:
      x: 2.1209344643247983
      y: -0.059281536914970415
      z: 0.0
    orientation:
      x: 0.0
      y: 0.0
      z: 0.028253067905144615
      w: 0.9996008023976107
navigation_time:
  sec: 9
  nanosec: 476000000
estimated_time_remaining:
  sec: 9
  nanosec: 933472377
number_of_recoveries: 0
distance_remaining: 2.4707095623016357

Feedback:
    current_pose:
  header:
    stamp:
      sec: 25
      nanosec: 20000000
    frame_id: map
  pose:
    position:
      x: 2.1209344643247983
      y: -0.059281536914970415
      z: 0.0
    orientation:
      x: 0.0
      y: 0.0
      z: 0.028253067905144615
      w: 0.9996008023976107
navigation_time:
  sec: 9
  nanosec: 484000000
estimated_time_remaining:
  sec: 9
  nanosec: 933472377
number_of_recoveries: 0
distance_remaining: 2.4707095623016357

Feedback:
    current_pose:
  header:
    stamp:
      sec: 25
      nanosec: 40000000
    frame_id: map
  pose:
    position:
      x: 2.126351195171884
      y: -0.059374977999161485
      z: 0.0
    orientation:
      x: 0.0
      y: 0.0
      z: 0.028269696199731582
      w: 0.9996003322712408
navigation_time:
  sec: 9
  nanosec: 496000000
estimated_time_remaining:
  sec: 9
  nanosec: 953530184
number_of_recoveries: 0
distance_remaining: 2.4707095623016357

Feedback:
    current_pose:
  header:
    stamp:
      sec: 25
      nanosec: 40000000
    frame_id: map
  pose:
    position:
      x: 2.126351195171884
      y: -0.059374977999161485
      z: 0.0
    orientation:
      x: 0.0
      y: 0.0
      z: 0.028269696199731582
      w: 0.9996003322712408
navigation_time:
  sec: 9
  nanosec: 504000000
estimated_time_remaining:
  sec: 9
  nanosec: 953530184
number_of_recoveries: 0
distance_remaining: 2.4707095623016357

Feedback:
    current_pose:
  header:
    stamp:
      sec: 25
      nanosec: 60000000
    frame_id: map
  pose:
    position:
      x: 2.1317671504117595
      y: -0.059467570028030645
      z: 0.0
    orientation:
      x: 0.0
      y: 0.0
      z: 0.028273028839280453
      w: 0.9996002380153044
navigation_time:
  sec: 9
  nanosec: 516000000
estimated_time_remaining:
  sec: 9
  nanosec: 884640831
number_of_recoveries: 0
distance_remaining: 2.4457108974456787

Feedback:
    current_pose:
  header:
    stamp:
      sec: 25
      nanosec: 60000000
    frame_id: map
  pose:
    position:
      x: 2.1317671504117595
      y: -0.059467570028030645
      z: 0.0
    orientation:
      x: 0.0
      y: 0.0
      z: 0.028273028839280453
      w: 0.9996002380153044
navigation_time:
  sec: 9
  nanosec: 524000000
estimated_time_remaining:
  sec: 9
  nanosec: 884640831
number_of_recoveries: 0
distance_remaining: 2.4457108974456787

Feedback:
    current_pose:
  header:
    stamp:
      sec: 25
      nanosec: 80000000
    frame_id: map
  pose:
    position:
      x: 2.13718033122563
      y: -0.059559851850640305
      z: 0.0
    orientation:
      x: 0.0
      y: 0.0
      z: 0.028223178790242297
      w: 0.9996016467468298
navigation_time:
  sec: 9
  nanosec: 536000000
estimated_time_remaining:
  sec: 9
  nanosec: 920984536
number_of_recoveries: 0
distance_remaining: 2.4457108974456787

Feedback:
    current_pose:
  header:
    stamp:
      sec: 25
      nanosec: 80000000
    frame_id: map
  pose:
    position:
      x: 2.13718033122563
      y: -0.059559851850640305
      z: 0.0
    orientation:
      x: 0.0
      y: 0.0
      z: 0.028223178790242297
      w: 0.9996016467468298
navigation_time:
  sec: 9
  nanosec: 544000000
estimated_time_remaining:
  sec: 9
  nanosec: 920984536
number_of_recoveries: 0
distance_remaining: 2.4457108974456787

Feedback:
    current_pose:
  header:
    stamp:
      sec: 25
      nanosec: 100000000
    frame_id: map
  pose:
    position:
      x: 2.1425934461326066
      y: -0.059651876451857905
      z: 0.0
    orientation:
      x: 0.0
      y: 0.0
      z: 0.02817332866255765
      w: 0.9996030529925723
navigation_time:
  sec: 9
  nanosec: 556000000
estimated_time_remaining:
  sec: 9
  nanosec: 955876207
number_of_recoveries: 0
distance_remaining: 2.4457108974456787

Feedback:
    current_pose:
  header:
    stamp:
      sec: 25
      nanosec: 100000000
    frame_id: map
  pose:
    position:
      x: 2.1425934461326066
      y: -0.059651876451857905
      z: 0.0
    orientation:
      x: 0.0
      y: 0.0
      z: 0.02817332866255765
      w: 0.9996030529925723
navigation_time:
  sec: 9
  nanosec: 564000000
estimated_time_remaining:
  sec: 9
  nanosec: 955876207
number_of_recoveries: 0
distance_remaining: 2.4457108974456787

Feedback:
    current_pose:
  header:
    stamp:
      sec: 25
      nanosec: 120000000
    frame_id: map
  pose:
    position:
      x: 2.1480152157590324
      y: -0.05974322169752469
      z: 0.0
    orientation:
      x: 0.0
      y: 0.0
      z: 0.028105505242266987
      w: 0.9996049622601305
navigation_time:
  sec: 9
  nanosec: 576000000
estimated_time_remaining:
  sec: 9
  nanosec: 988934296
number_of_recoveries: 0
distance_remaining: 2.4457108974456787

Feedback:
    current_pose:
  header:
    stamp:
      sec: 25
      nanosec: 120000000
    frame_id: map
  pose:
    position:
      x: 2.1480152157590324
      y: -0.05974322169752469
      z: 0.0
    orientation:
      x: 0.0
      y: 0.0
      z: 0.028105505242266987
      w: 0.9996049622601305
navigation_time:
  sec: 9
  nanosec: 584000000
estimated_time_remaining:
  sec: 9
  nanosec: 988934296
number_of_recoveries: 0
distance_remaining: 2.4457108974456787

Feedback:
    current_pose:
  header:
    stamp:
      sec: 25
      nanosec: 140000000
    frame_id: map
  pose:
    position:
      x: 2.1534391104784105
      y: -0.05983439947436646
      z: 0.0
    orientation:
      x: 0.0
      y: 0.0
      z: 0.028033188368038784
      w: 0.9996069929476894
navigation_time:
  sec: 9
  nanosec: 596000000
estimated_time_remaining:
  sec: 9
  nanosec: 912781736
number_of_recoveries: 0
distance_remaining: 2.420710563659668

Feedback:
    current_pose:
  header:
    stamp:
      sec: 25
      nanosec: 140000000
    frame_id: map
  pose:
    position:
      x: 2.1534391104784105
      y: -0.05983439947436646
      z: 0.0
    orientation:
      x: 0.0
      y: 0.0
      z: 0.028033188368038784
      w: 0.9996069929476894
navigation_time:
  sec: 9
  nanosec: 604000000
estimated_time_remaining:
  sec: 9
  nanosec: 912781736
number_of_recoveries: 0
distance_remaining: 2.420710563659668

Feedback:
    current_pose:
  header:
    stamp:
      sec: 25
      nanosec: 160000000
    frame_id: map
  pose:
    position:
      x: 2.1588502041463884
      y: -0.05992627046638656
      z: 0.0
    orientation:
      x: 0.0
      y: 0.0
      z: 0.02794065111412985
      w: 0.9996095837952527
navigation_time:
  sec: 9
  nanosec: 616000000
estimated_time_remaining:
  sec: 9
  nanosec: 929027377
number_of_recoveries: 0
distance_remaining: 2.420710563659668

Feedback:
    current_pose:
  header:
    stamp:
      sec: 25
      nanosec: 160000000
    frame_id: map
  pose:
    position:
      x: 2.1588502041463884
      y: -0.05992627046638656
      z: 0.0
    orientation:
      x: 0.0
      y: 0.0
      z: 0.02794065111412985
      w: 0.9996095837952527
navigation_time:
  sec: 9
  nanosec: 624000000
estimated_time_remaining:
  sec: 9
  nanosec: 929027377
number_of_recoveries: 0
distance_remaining: 2.420710563659668

Feedback:
    current_pose:
  header:
    stamp:
      sec: 25
      nanosec: 180000000
    frame_id: map
  pose:
    position:
      x: 2.164210287803275
      y: -0.06002161492119737
      z: 0.0
    orientation:
      x: 0.0
      y: 0.0
      z: 0.027767232329340873
      w: 0.9996144160668994
navigation_time:
  sec: 9
  nanosec: 636000000
estimated_time_remaining:
  sec: 9
  nanosec: 945577747
number_of_recoveries: 0
distance_remaining: 2.420710563659668

Feedback:
    current_pose:
  header:
    stamp:
      sec: 25
      nanosec: 180000000
    frame_id: map
  pose:
    position:
      x: 2.164210287803275
      y: -0.06002161492119737
      z: 0.0
    orientation:
      x: 0.0
      y: 0.0
      z: 0.027767232329340873
      w: 0.9996144160668994
navigation_time:
  sec: 9
  nanosec: 644000000
estimated_time_remaining:
  sec: 9
  nanosec: 945577747
number_of_recoveries: 0
distance_remaining: 2.420710563659668

Feedback:
    current_pose:
  header:
    stamp:
      sec: 25
      nanosec: 200000000
    frame_id: map
  pose:
    position:
      x: 2.169570371025238
      y: -0.06011788573067353
      z: 0.0
    orientation:
      x: 0.0
      y: 0.0
      z: 0.027593812688374575
      w: 0.9996192182532903
navigation_time:
  sec: 9
  nanosec: 652000000
estimated_time_remaining:
  sec: 9
  nanosec: 967432182
number_of_recoveries: 0
distance_remaining: 2.420710563659668

Feedback:
    current_pose:
  header:
    stamp:
      sec: 25
      nanosec: 200000000
    frame_id: map
  pose:
    position:
      x: 2.169570371025238
      y: -0.06011788573067353
      z: 0.0
    orientation:
      x: 0.0
      y: 0.0
      z: 0.027593812688374575
      w: 0.9996192182532903
navigation_time:
  sec: 9
  nanosec: 664000000
estimated_time_remaining:
  sec: 9
  nanosec: 967432182
number_of_recoveries: 0
distance_remaining: 2.420710563659668

Feedback:
    current_pose:
  header:
    stamp:
      sec: 25
      nanosec: 220000000
    frame_id: map
  pose:
    position:
      x: 2.1747667381283904
      y: -0.058423360179377506
      z: 0.0
    orientation:
      x: 0.0
      y: 0.0
      z: 0.02766112084415081
      w: 0.9996173579893686
navigation_time:
  sec: 9
  nanosec: 672000000
estimated_time_remaining:
  sec: 9
  nanosec: 987347256
number_of_recoveries: 0
distance_remaining: 2.420710563659668

Feedback:
    current_pose:
  header:
    stamp:
      sec: 25
      nanosec: 220000000
    frame_id: map
  pose:
    position:
      x: 2.1747667381283904
      y: -0.058423360179377506
      z: 0.0
    orientation:
      x: 0.0
      y: 0.0
      z: 0.02766112084415081
      w: 0.9996173579893686
navigation_time:
  sec: 9
  nanosec: 684000000
estimated_time_remaining:
  sec: 9
  nanosec: 987347256
number_of_recoveries: 0
distance_remaining: 2.420710563659668

Feedback:
    current_pose:
  header:
    stamp:
      sec: 25
      nanosec: 240000000
    frame_id: map
  pose:
    position:
      x: 2.1800060494007583
      y: -0.056722381221579535
      z: 0.0
    orientation:
      x: 0.0
      y: 0.0
      z: 0.02769960492853674
      w: 0.9996162923276125
navigation_time:
  sec: 9
  nanosec: 696000000
estimated_time_remaining:
  sec: 9
  nanosec: 895200936
number_of_recoveries: 0
distance_remaining: 2.395709991455078

Feedback:
    current_pose:
  header:
    stamp:
      sec: 25
      nanosec: 240000000
    frame_id: map
  pose:
    position:
      x: 2.1800060494007583
      y: -0.056722381221579535
      z: 0.0
    orientation:
      x: 0.0
      y: 0.0
      z: 0.02769960492853674
      w: 0.9996162923276125
navigation_time:
  sec: 9
  nanosec: 704000000
estimated_time_remaining:
  sec: 9
  nanosec: 895200936
number_of_recoveries: 0
distance_remaining: 2.395709991455078

Feedback:
    current_pose:
  header:
    stamp:
      sec: 25
      nanosec: 260000000
    frame_id: map
  pose:
    position:
      x: 2.185241023939503
      y: -0.05501763877401719
      z: 0.0
    orientation:
      x: 0.0
      y: 0.0
      z: 0.027713050372636442
      w: 0.9996159196606683
navigation_time:
  sec: 9
  nanosec: 716000000
estimated_time_remaining:
  sec: 9
  nanosec: 900631241
number_of_recoveries: 0
distance_remaining: 2.395709991455078

Feedback:
    current_pose:
  header:
    stamp:
      sec: 25
      nanosec: 260000000
    frame_id: map
  pose:
    position:
      x: 2.185241023939503
      y: -0.05501763877401719
      z: 0.0
    orientation:
      x: 0.0
      y: 0.0
      z: 0.027713050372636442
      w: 0.9996159196606683
navigation_time:
  sec: 9
  nanosec: 724000000
estimated_time_remaining:
  sec: 9
  nanosec: 900631241
number_of_recoveries: 0
distance_remaining: 2.395709991455078

Feedback:
    current_pose:
  header:
    stamp:
      sec: 25
      nanosec: 280000000
    frame_id: map
  pose:
    position:
      x: 2.1904628539692523
      y: -0.05331043670682491
      z: 0.0
    orientation:
      x: 0.0
      y: 0.0
      z: 0.027626341242689235
      w: 0.9996183197948818
navigation_time:
  sec: 9
  nanosec: 736000000
estimated_time_remaining:
  sec: 9
  nanosec: 905107420
number_of_recoveries: 0
distance_remaining: 2.395709991455078

Feedback:
    current_pose:
  header:
    stamp:
      sec: 25
      nanosec: 280000000
    frame_id: map
  pose:
    position:
      x: 2.1904628539692523
      y: -0.05331043670682491
      z: 0.0
    orientation:
      x: 0.0
      y: 0.0
      z: 0.027626341242689235
      w: 0.9996183197948818
navigation_time:
  sec: 9
  nanosec: 744000000
estimated_time_remaining:
  sec: 9
  nanosec: 905107420
number_of_recoveries: 0
distance_remaining: 2.395709991455078

Feedback:
    current_pose:
  header:
    stamp:
      sec: 25
      nanosec: 300000000
    frame_id: map
  pose:
    position:
      x: 2.195683359396218
      y: -0.05160051422202347
      z: 0.0
    orientation:
      x: 0.0
      y: 0.0
      z: 0.027539631877773668
      w: 0.9996207124084798
navigation_time:
  sec: 9
  nanosec: 756000000
estimated_time_remaining:
  sec: 9
  nanosec: 903760350
number_of_recoveries: 0
distance_remaining: 2.395709991455078

Feedback:
    current_pose:
  header:
    stamp:
      sec: 25
      nanosec: 300000000
    frame_id: map
  pose:
    position:
      x: 2.195683359396218
      y: -0.05160051422202347
      z: 0.0
    orientation:
      x: 0.0
      y: 0.0
      z: 0.027539631877773668
      w: 0.9996207124084798
navigation_time:
  sec: 9
  nanosec: 764000000
estimated_time_remaining:
  sec: 9
  nanosec: 903760350
number_of_recoveries: 0
distance_remaining: 2.395709991455078

Feedback:
    current_pose:
  header:
    stamp:
      sec: 25
      nanosec: 320000000
    frame_id: map
  pose:
    position:
      x: 2.200807662054064
      y: -0.049893141467686836
      z: 0.0
    orientation:
      x: 0.0
      y: 0.0
      z: 0.02744285336023617
      w: 0.9996233739761433
navigation_time:
  sec: 9
  nanosec: 772000000
estimated_time_remaining:
  sec: 9
  nanosec: 903228271
number_of_recoveries: 0
distance_remaining: 2.395709991455078

Feedback:
    current_pose:
  header:
    stamp:
      sec: 25
      nanosec: 320000000
    frame_id: map
  pose:
    position:
      x: 2.200807662054064
      y: -0.049893141467686836
      z: 0.0
    orientation:
      x: 0.0
      y: 0.0
      z: 0.02744285336023617
      w: 0.9996233739761433
navigation_time:
  sec: 9
  nanosec: 784000000
estimated_time_remaining:
  sec: 9
  nanosec: 903228271
number_of_recoveries: 0
distance_remaining: 2.395709991455078

Feedback:
    current_pose:
  header:
    stamp:
      sec: 25
      nanosec: 340000000
    frame_id: map
  pose:
    position:
      x: 2.2058673960298343
      y: -0.048186758556141546
      z: 0.0
    orientation:
      x: 0.0
      y: 0.0
      z: 0.02733936192763741
      w: 0.9996262097851326
navigation_time:
  sec: 9
  nanosec: 796000000
estimated_time_remaining:
  sec: 9
  nanosec: 810235350
number_of_recoveries: 0
distance_remaining: 2.370710611343384

Feedback:
    current_pose:
  header:
    stamp:
      sec: 25
      nanosec: 340000000
    frame_id: map
  pose:
    position:
      x: 2.2058673960298343
      y: -0.048186758556141546
      z: 0.0
    orientation:
      x: 0.0
      y: 0.0
      z: 0.02733936192763741
      w: 0.9996262097851326
navigation_time:
  sec: 9
  nanosec: 804000000
estimated_time_remaining:
  sec: 9
  nanosec: 810235350
number_of_recoveries: 0
distance_remaining: 2.370710611343384

Feedback:
    current_pose:
  header:
    stamp:
      sec: 25
      nanosec: 360000000
    frame_id: map
  pose:
    position:
      x: 2.2109311311152147
      y: -0.0464776333918991
      z: 0.0
    orientation:
      x: 0.0
      y: 0.0
      z: 0.027213360329468424
      w: 0.9996296479294612
navigation_time:
  sec: 9
  nanosec: 816000000
estimated_time_remaining:
  sec: 9
  nanosec: 825699061
number_of_recoveries: 0
distance_remaining: 2.370710611343384

Feedback:
    current_pose:
  header:
    stamp:
      sec: 25
      nanosec: 360000000
    frame_id: map
  pose:
    position:
      x: 2.2109311311152147
      y: -0.0464776333918991
      z: 0.0
    orientation:
      x: 0.0
      y: 0.0
      z: 0.027213360329468424
      w: 0.9996296479294612
navigation_time:
  sec: 9
  nanosec: 824000000
estimated_time_remaining:
  sec: 9
  nanosec: 825699061
number_of_recoveries: 0
distance_remaining: 2.370710611343384

Feedback:
    current_pose:
  header:
    stamp:
      sec: 25
      nanosec: 380000000
    frame_id: map
  pose:
    position:
      x: 2.2160148549022716
      y: -0.04476559039661891
      z: 0.0
    orientation:
      x: 0.0
      y: 0.0
      z: 0.02699731831878105
      w: 0.9996355059738498
navigation_time:
  sec: 9
  nanosec: 836000000
estimated_time_remaining:
  sec: 9
  nanosec: 840032847
number_of_recoveries: 0
distance_remaining: 2.370710611343384

Feedback:
    current_pose:
  header:
    stamp:
      sec: 25
      nanosec: 380000000
    frame_id: map
  pose:
    position:
      x: 2.2160148549022716
      y: -0.04476559039661891
      z: 0.0
    orientation:
      x: 0.0
      y: 0.0
      z: 0.02699731831878105
      w: 0.9996355059738498
navigation_time:
  sec: 9
  nanosec: 844000000
estimated_time_remaining:
  sec: 9
  nanosec: 840032847
number_of_recoveries: 0
distance_remaining: 2.370710611343384

Feedback:
    current_pose:
  header:
    stamp:
      sec: 25
      nanosec: 400000000
    frame_id: map
  pose:
    position:
      x: 2.2210973149358058
      y: -0.043052127746486826
      z: 0.0
    orientation:
      x: 0.0
      y: 0.0
      z: 0.026781275024700978
      w: 0.9996413173273958
navigation_time:
  sec: 9
  nanosec: 856000000
estimated_time_remaining:
  sec: 9
  nanosec: 852829347
number_of_recoveries: 0
distance_remaining: 2.370710611343384

Feedback:
    current_pose:
  header:
    stamp:
      sec: 25
      nanosec: 400000000
    frame_id: map
  pose:
    position:
      x: 2.2210973149358058
      y: -0.043052127746486826
      z: 0.0
    orientation:
      x: 0.0
      y: 0.0
      z: 0.026781275024700978
      w: 0.9996413173273958
navigation_time:
  sec: 9
  nanosec: 864000000
estimated_time_remaining:
  sec: 9
  nanosec: 852829347
number_of_recoveries: 0
distance_remaining: 2.370710611343384

Feedback:
    current_pose:
  header:
    stamp:
      sec: 25
      nanosec: 420000000
    frame_id: map
  pose:
    position:
      x: 2.225807599960634
      y: -0.042802416136898835
      z: 0.0
    orientation:
      x: 0.0
      y: 0.0
      z: 0.026156586347721625
      w: 0.9996578579647311
navigation_time:
  sec: 9
  nanosec: 876000000
estimated_time_remaining:
  sec: 9
  nanosec: 866797146
number_of_recoveries: 0
distance_remaining: 2.370710611343384

Feedback:
    current_pose:
  header:
    stamp:
      sec: 25
      nanosec: 420000000
    frame_id: map
  pose:
    position:
      x: 2.225807599960634
      y: -0.042802416136898835
      z: 0.0
    orientation:
      x: 0.0
      y: 0.0
      z: 0.026156586347721625
      w: 0.9996578579647311
navigation_time:
  sec: 9
  nanosec: 884000000
estimated_time_remaining:
  sec: 9
  nanosec: 866797146
number_of_recoveries: 0
distance_remaining: 2.370710611343384

Feedback:
    current_pose:
  header:
    stamp:
      sec: 25
      nanosec: 440000000
    frame_id: map
  pose:
    position:
      x: 2.2305045986863203
      y: -0.04255954420637369
      z: 0.0
    orientation:
      x: 0.0
      y: 0.0
      z: 0.025499553694671023
      w: 0.9996748335140645
navigation_time:
  sec: 9
  nanosec: 896000000
estimated_time_remaining:
  sec: 9
  nanosec: 779328528
number_of_recoveries: 0
distance_remaining: 2.3457095623016357

Feedback:
    current_pose:
  header:
    stamp:
      sec: 25
      nanosec: 440000000
    frame_id: map
  pose:
    position:
      x: 2.2305045986863203
      y: -0.04255954420637369
      z: 0.0
    orientation:
      x: 0.0
      y: 0.0
      z: 0.025499553694671023
      w: 0.9996748335140645
navigation_time:
  sec: 9
  nanosec: 904000000
estimated_time_remaining:
  sec: 9
  nanosec: 779328528
number_of_recoveries: 0
distance_remaining: 2.3457095623016357

Feedback:
    current_pose:
  header:
    stamp:
      sec: 25
      nanosec: 460000000
    frame_id: map
  pose:
    position:
      x: 2.235196405005237
      y: -0.04232312723166885
      z: 0.0
    orientation:
      x: 0.0
      y: 0.0
      z: 0.024836210562411688
      w: 0.9996915337467351
navigation_time:
  sec: 9
  nanosec: 916000000
estimated_time_remaining:
  sec: 9
  nanosec: 797891580
number_of_recoveries: 0
distance_remaining: 2.3457095623016357

Feedback:
    current_pose:
  header:
    stamp:
      sec: 25
      nanosec: 460000000
    frame_id: map
  pose:
    position:
      x: 2.235196405005237
      y: -0.04232312723166885
      z: 0.0
    orientation:
      x: 0.0
      y: 0.0
      z: 0.024836210562411688
      w: 0.9996915337467351
navigation_time:
  sec: 9
  nanosec: 924000000
estimated_time_remaining:
  sec: 9
  nanosec: 797891580
number_of_recoveries: 0
distance_remaining: 2.3457095623016357

Feedback:
    current_pose:
  header:
    stamp:
      sec: 25
      nanosec: 480000000
    frame_id: map
  pose:
    position:
      x: 2.2398664955187537
      y: -0.04209416204706433
      z: 0.0
    orientation:
      x: 0.0
      y: 0.0
      z: 0.024147658170827865
      w: 0.9997084027879654
navigation_time:
  sec: 9
  nanosec: 936000000
estimated_time_remaining:
  sec: 9
  nanosec: 817615818
number_of_recoveries: 0
distance_remaining: 2.3457095623016357

Feedback:
    current_pose:
  header:
    stamp:
      sec: 25
      nanosec: 480000000
    frame_id: map
  pose:
    position:
      x: 2.2398664955187537
      y: -0.04209416204706433
      z: 0.0
    orientation:
      x: 0.0
      y: 0.0
      z: 0.024147658170827865
      w: 0.9997084027879654
navigation_time:
  sec: 9
  nanosec: 944000000
estimated_time_remaining:
  sec: 9
  nanosec: 817615818
number_of_recoveries: 0
distance_remaining: 2.3457095623016357

Feedback:
    current_pose:
  header:
    stamp:
      sec: 25
      nanosec: 500000000
    frame_id: map
  pose:
    position:
      x: 2.2445368970049624
      y: -0.04187163021153752
      z: 0.0
    orientation:
      x: 0.0
      y: 0.0
      z: 0.023459094323725622
      w: 0.999724797578569
navigation_time:
  sec: 9
  nanosec: 956000000
estimated_time_remaining:
  sec: 9
  nanosec: 834727003
number_of_recoveries: 0
distance_remaining: 2.3457095623016357

Feedback:
    current_pose:
  header:
    stamp:
      sec: 25
      nanosec: 500000000
    frame_id: map
  pose:
    position:
      x: 2.2445368970049624
      y: -0.04187163021153752
      z: 0.0
    orientation:
      x: 0.0
      y: 0.0
      z: 0.023459094323725622
      w: 0.999724797578569
navigation_time:
  sec: 9
  nanosec: 964000000
estimated_time_remaining:
  sec: 9
  nanosec: 834727003
number_of_recoveries: 0
distance_remaining: 2.3457095623016357

Feedback:
    current_pose:
  header:
    stamp:
      sec: 25
      nanosec: 520000000
    frame_id: map
  pose:
    position:
      x: 2.2492100269983046
      y: -0.041655482013548004
      z: 0.0
    orientation:
      x: 0.0
      y: 0.0
      z: 0.022748660281100674
      w: 0.9997412157430616
navigation_time:
  sec: 9
  nanosec: 976000000
estimated_time_remaining:
  sec: 9
  nanosec: 848440323
number_of_recoveries: 0
distance_remaining: 2.3457095623016357

Feedback:
    current_pose:
  header:
    stamp:
      sec: 25
      nanosec: 520000000
    frame_id: map
  pose:
    position:
      x: 2.2492100269983046
      y: -0.041655482013548004
      z: 0.0
    orientation:
      x: 0.0
      y: 0.0
      z: 0.022748660281100674
      w: 0.9997412157430616
navigation_time:
  sec: 9
  nanosec: 984000000
estimated_time_remaining:
  sec: 9
  nanosec: 848440323
number_of_recoveries: 0
distance_remaining: 2.3457095623016357

Feedback:
    current_pose:
  header:
    stamp:
      sec: 25
      nanosec: 540000000
    frame_id: map
  pose:
    position:
      x: 2.253885080122008
      y: -0.04144601161534216
      z: 0.0
    orientation:
      x: 0.0
      y: 0.0
      z: 0.02202364178232763
      w: 0.9997574501861158
navigation_time:
  sec: 9
  nanosec: 996000000
estimated_time_remaining:
  sec: 9
  nanosec: 760431347
number_of_recoveries: 0
distance_remaining: 2.320709466934204

Feedback:
    current_pose:
  header:
    stamp:
      sec: 25
      nanosec: 540000000
    frame_id: map
  pose:
    position:
      x: 2.253885080122008
      y: -0.04144601161534216
      z: 0.0
    orientation:
      x: 0.0
      y: 0.0
      z: 0.02202364178232763
      w: 0.9997574501861158
navigation_time:
  sec: 10
  nanosec: 4000000
estimated_time_remaining:
  sec: 9
  nanosec: 760431347
number_of_recoveries: 0
distance_remaining: 2.320709466934204

Feedback:
    current_pose:
  header:
    stamp:
      sec: 25
      nanosec: 560000000
    frame_id: map
  pose:
    position:
      x: 2.2585688263519836
      y: -0.04124298293775243
      z: 0.0
    orientation:
      x: 0.0
      y: 0.0
      z: 0.02127763024120778
      w: 0.9997736055984467
navigation_time:
  sec: 10
  nanosec: 16000000
estimated_time_remaining:
  sec: 9
  nanosec: 783282028
number_of_recoveries: 0
distance_remaining: 2.320709466934204

Feedback:
    current_pose:
  header:
    stamp:
      sec: 25
      nanosec: 560000000
    frame_id: map
  pose:
    position:
      x: 2.2585688263519836
      y: -0.04124298293775243
      z: 0.0
    orientation:
      x: 0.0
      y: 0.0
      z: 0.02127763024120778
      w: 0.9997736055984467
navigation_time:
  sec: 10
  nanosec: 24000000
estimated_time_remaining:
  sec: 9
  nanosec: 783282028
number_of_recoveries: 0
distance_remaining: 2.320709466934204

Feedback:
    current_pose:
  header:
    stamp:
      sec: 25
      nanosec: 580000000
    frame_id: map
  pose:
    position:
      x: 2.263286464650274
      y: -0.04104600937861137
      z: 0.0
    orientation:
      x: 0.0
      y: 0.0
      z: 0.020447679565338467
      w: 0.9997909243438816
navigation_time:
  sec: 10
  nanosec: 36000000
estimated_time_remaining:
  sec: 9
  nanosec: 806203698
number_of_recoveries: 0
distance_remaining: 2.320709466934204

Feedback:
    current_pose:
  header:
    stamp:
      sec: 25
      nanosec: 580000000
    frame_id: map
  pose:
    position:
      x: 2.263286464650274
      y: -0.04104600937861137
      z: 0.0
    orientation:
      x: 0.0
      y: 0.0
      z: 0.020447679565338467
      w: 0.9997909243438816
navigation_time:
  sec: 10
  nanosec: 44000000
estimated_time_remaining:
  sec: 9
  nanosec: 806203698
number_of_recoveries: 0
distance_remaining: 2.320709466934204

Feedback:
    current_pose:
  header:
    stamp:
      sec: 25
      nanosec: 600000000
    frame_id: map
  pose:
    position:
      x: 2.268004423474235
      y: -0.04085686860665565
      z: 0.0
    orientation:
      x: 0.0
      y: 0.0
      z: 0.019617714778791536
      w: 0.9998075541157199
navigation_time:
  sec: 10
  nanosec: 56000000
estimated_time_remaining:
  sec: 9
  nanosec: 826087164
number_of_recoveries: 0
distance_remaining: 2.320709466934204

Feedback:
    current_pose:
  header:
    stamp:
      sec: 25
      nanosec: 600000000
    frame_id: map
  pose:
    position:
      x: 2.268004423474235
      y: -0.04085686860665565
      z: 0.0
    orientation:
      x: 0.0
      y: 0.0
      z: 0.019617714778791536
      w: 0.9998075541157199
navigation_time:
  sec: 10
  nanosec: 64000000
estimated_time_remaining:
  sec: 9
  nanosec: 826087164
number_of_recoveries: 0
distance_remaining: 2.320709466934204

Feedback:
    current_pose:
  header:
    stamp:
      sec: 25
      nanosec: 620000000
    frame_id: map
  pose:
    position:
      x: 2.2736393677344706
      y: -0.03802527717308936
      z: 0.0
    orientation:
      x: 0.0
      y: 0.0
      z: 0.01975298546662435
      w: 0.9998048907487675
navigation_time:
  sec: 10
  nanosec: 76000000
estimated_time_remaining:
  sec: 9
  nanosec: 843802791
number_of_recoveries: 0
distance_remaining: 2.320709466934204

Feedback:
    current_pose:
  header:
    stamp:
      sec: 25
      nanosec: 620000000
    frame_id: map
  pose:
    position:
      x: 2.2736393677344706
      y: -0.03802527717308936
      z: 0.0
    orientation:
      x: 0.0
      y: 0.0
      z: 0.01975298546662435
      w: 0.9998048907487675
navigation_time:
  sec: 10
  nanosec: 84000000
estimated_time_remaining:
  sec: 9
  nanosec: 843802791
number_of_recoveries: 0
distance_remaining: 2.320709466934204

Feedback:
    current_pose:
  header:
    stamp:
      sec: 25
      nanosec: 640000000
    frame_id: map
  pose:
    position:
      x: 2.279279345303594
      y: -0.03518201720004831
      z: 0.0
    orientation:
      x: 0.0
      y: 0.0
      z: 0.019857058153601715
      w: 0.9998028291825765
navigation_time:
  sec: 10
  nanosec: 96000000
estimated_time_remaining:
  sec: 9
  nanosec: 746760131
number_of_recoveries: 0
distance_remaining: 2.295710325241089

Feedback:
    current_pose:
  header:
    stamp:
      sec: 25
      nanosec: 640000000
    frame_id: map
  pose:
    position:
      x: 2.279279345303594
      y: -0.03518201720004831
      z: 0.0
    orientation:
      x: 0.0
      y: 0.0
      z: 0.019857058153601715
      w: 0.9998028291825765
navigation_time:
  sec: 10
  nanosec: 104000000
estimated_time_remaining:
  sec: 9
  nanosec: 746760131
number_of_recoveries: 0
distance_remaining: 2.295710325241089

Feedback:
    current_pose:
  header:
    stamp:
      sec: 25
      nanosec: 660000000
    frame_id: map
  pose:
    position:
      x: 2.284891488239808
      y: -0.03232847957458644
      z: 0.0
    orientation:
      x: 0.0
      y: 0.0
      z: 0.01994917754669778
      w: 0.9998009953561812
navigation_time:
  sec: 10
  nanosec: 116000000
estimated_time_remaining:
  sec: 9
  nanosec: 745699164
number_of_recoveries: 0
distance_remaining: 2.295710325241089

Feedback:
    current_pose:
  header:
    stamp:
      sec: 25
      nanosec: 660000000
    frame_id: map
  pose:
    position:
      x: 2.284891488239808
      y: -0.03232847957458644
      z: 0.0
    orientation:
      x: 0.0
      y: 0.0
      z: 0.01994917754669778
      w: 0.9998009953561812
navigation_time:
  sec: 10
  nanosec: 124000000
estimated_time_remaining:
  sec: 9
  nanosec: 745699164
number_of_recoveries: 0
distance_remaining: 2.295710325241089

Feedback:
    current_pose:
  header:
    stamp:
      sec: 25
      nanosec: 680000000
    frame_id: map
  pose:
    position:
      x: 2.290422495098516
      y: -0.02946731071699986
      z: 0.0
    orientation:
      x: 0.0
      y: 0.0
      z: 0.01999348447074402
      w: 0.9998001103114154
navigation_time:
  sec: 10
  nanosec: 136000000
estimated_time_remaining:
  sec: 9
  nanosec: 746634610
number_of_recoveries: 0
distance_remaining: 2.295710325241089

Feedback:
    current_pose:
  header:
    stamp:
      sec: 25
      nanosec: 680000000
    frame_id: map
  pose:
    position:
      x: 2.290422495098516
      y: -0.02946731071699986
      z: 0.0
    orientation:
      x: 0.0
      y: 0.0
      z: 0.01999348447074402
      w: 0.9998001103114154
navigation_time:
  sec: 10
  nanosec: 144000000
estimated_time_remaining:
  sec: 9
  nanosec: 746634610
number_of_recoveries: 0
distance_remaining: 2.295710325241089

Feedback:
    current_pose:
  header:
    stamp:
      sec: 25
      nanosec: 700000000
    frame_id: map
  pose:
    position:
      x: 2.2959434205248606
      y: -0.026595937189351618
      z: 0.0
    orientation:
      x: 0.0
      y: 0.0
      z: 0.020037791347309982
      w: 0.9997992233033199
navigation_time:
  sec: 10
  nanosec: 156000000
estimated_time_remaining:
  sec: 9
  nanosec: 753895604
number_of_recoveries: 0
distance_remaining: 2.295710325241089

Feedback:
    current_pose:
  header:
    stamp:
      sec: 25
      nanosec: 700000000
    frame_id: map
  pose:
    position:
      x: 2.2959434205248606
      y: -0.026595937189351618
      z: 0.0
    orientation:
      x: 0.0
      y: 0.0
      z: 0.020037791347309982
      w: 0.9997992233033199
navigation_time:
  sec: 10
  nanosec: 164000000
estimated_time_remaining:
  sec: 9
  nanosec: 753895604
number_of_recoveries: 0
distance_remaining: 2.295710325241089

Feedback:
    current_pose:
  header:
    stamp:
      sec: 25
      nanosec: 720000000
    frame_id: map
  pose:
    position:
      x: 2.3014610917506793
      y: -0.023714159268703364
      z: 0.0
    orientation:
      x: 0.0
      y: 0.0
      z: 0.02006598922923031
      w: 0.9997986577687792
navigation_time:
  sec: 10
  nanosec: 176000000
estimated_time_remaining:
  sec: 9
  nanosec: 762104547
number_of_recoveries: 0
distance_remaining: 2.295710325241089

Feedback:
    current_pose:
  header:
    stamp:
      sec: 25
      nanosec: 720000000
    frame_id: map
  pose:
    position:
      x: 2.3014610917506793
      y: -0.023714159268703364
      z: 0.0
    orientation:
      x: 0.0
      y: 0.0
      z: 0.02006598922923031
      w: 0.9997986577687792
navigation_time:
  sec: 10
  nanosec: 184000000
estimated_time_remaining:
  sec: 9
  nanosec: 762104547
number_of_recoveries: 0
distance_remaining: 2.295710325241089

Feedback:
    current_pose:
  header:
    stamp:
      sec: 25
      nanosec: 740000000
    frame_id: map
  pose:
    position:
      x: 2.306970358647983
      y: -0.020822315753414214
      z: 0.0
    orientation:
      x: 0.0
      y: 0.0
      z: 0.02009015984982511
      w: 0.9997981723714084
navigation_time:
  sec: 10
  nanosec: 196000000
estimated_time_remaining:
  sec: 9
  nanosec: 662066936
number_of_recoveries: 0
distance_remaining: 2.2707104682922363

Feedback:
    current_pose:
  header:
    stamp:
      sec: 25
      nanosec: 740000000
    frame_id: map
  pose:
    position:
      x: 2.306970358647983
      y: -0.020822315753414214
      z: 0.0
    orientation:
      x: 0.0
      y: 0.0
      z: 0.02009015984982511
      w: 0.9997981723714084
navigation_time:
  sec: 10
  nanosec: 204000000
estimated_time_remaining:
  sec: 9
  nanosec: 662066936
number_of_recoveries: 0
distance_remaining: 2.2707104682922363

Feedback:
    current_pose:
  header:
    stamp:
      sec: 25
      nanosec: 760000000
    frame_id: map
  pose:
    position:
      x: 2.3124635887347615
      y: -0.01792074399227417
      z: 0.0
    orientation:
      x: 0.0
      y: 0.0
      z: 0.02010779274456799
      w: 0.9997978178966692
navigation_time:
  sec: 10
  nanosec: 216000000
estimated_time_remaining:
  sec: 9
  nanosec: 666423855
number_of_recoveries: 0
distance_remaining: 2.2707104682922363

Feedback:
    current_pose:
  header:
    stamp:
      sec: 25
      nanosec: 760000000
    frame_id: map
  pose:
    position:
      x: 2.3124635887347615
      y: -0.01792074399227417
      z: 0.0
    orientation:
      x: 0.0
      y: 0.0
      z: 0.02010779274456799
      w: 0.9997978178966692
navigation_time:
  sec: 10
  nanosec: 224000000
estimated_time_remaining:
  sec: 9
  nanosec: 666423855
number_of_recoveries: 0
distance_remaining: 2.2707104682922363

Feedback:
    current_pose:
  header:
    stamp:
      sec: 25
      nanosec: 780000000
    frame_id: map
  pose:
    position:
      x: 2.317923067930406
      y: -0.01501041784939268
      z: 0.0
    orientation:
      x: 0.0
      y: 0.0
      z: 0.020099274726707386
      w: 0.9997979891735433
navigation_time:
  sec: 10
  nanosec: 236000000
estimated_time_remaining:
  sec: 9
  nanosec: 671453382
number_of_recoveries: 0
distance_remaining: 2.2707104682922363

Feedback:
    current_pose:
  header:
    stamp:
      sec: 25
      nanosec: 780000000
    frame_id: map
  pose:
    position:
      x: 2.317923067930406
      y: -0.01501041784939268
      z: 0.0
    orientation:
      x: 0.0
      y: 0.0
      z: 0.020099274726707386
      w: 0.9997979891735433
navigation_time:
  sec: 10
  nanosec: 244000000
estimated_time_remaining:
  sec: 9
  nanosec: 671453382
number_of_recoveries: 0
distance_remaining: 2.2707104682922363

Feedback:
    current_pose:
  header:
    stamp:
      sec: 25
      nanosec: 800000000
    frame_id: map
  pose:
    position:
      x: 2.3233723865556906
      y: -0.012090524714770512
      z: 0.0
    orientation:
      x: 0.0
      y: 0.0
      z: 0.020090756707239407
      w: 0.9997981603778486
navigation_time:
  sec: 10
  nanosec: 256000000
estimated_time_remaining:
  sec: 9
  nanosec: 463165133
number_of_recoveries: 0
distance_remaining: 2.220710039138794

Feedback:
    current_pose:
  header:
    stamp:
      sec: 25
      nanosec: 800000000
    frame_id: map
  pose:
    position:
      x: 2.3233723865556906
      y: -0.012090524714770512
      z: 0.0
    orientation:
      x: 0.0
      y: 0.0
      z: 0.020090756707239407
      w: 0.9997981603778486
navigation_time:
  sec: 10
  nanosec: 264000000
estimated_time_remaining:
  sec: 9
  nanosec: 463165133
number_of_recoveries: 0
distance_remaining: 2.220710039138794

Feedback:
    current_pose:
  header:
    stamp:
      sec: 25
      nanosec: 820000000
    frame_id: map
  pose:
    position:
      x: 2.328083727109125
      y: -0.011906126602866815
      z: 0.0
    orientation:
      x: 0.0
      y: 0.0
      z: 0.019018714479503412
      w: 0.9998191278924138
navigation_time:
  sec: 10
  nanosec: 276000000
estimated_time_remaining:
  sec: 9
  nanosec: 462335938
number_of_recoveries: 0
distance_remaining: 2.220710039138794

Feedback:
    current_pose:
  header:
    stamp:
      sec: 25
      nanosec: 820000000
    frame_id: map
  pose:
    position:
      x: 2.328083727109125
      y: -0.011906126602866815
      z: 0.0
    orientation:
      x: 0.0
      y: 0.0
      z: 0.019018714479503412
      w: 0.9998191278924138
navigation_time:
  sec: 10
  nanosec: 284000000
estimated_time_remaining:
  sec: 9
  nanosec: 462335938
number_of_recoveries: 0
distance_remaining: 2.220710039138794

Feedback:
    current_pose:
  header:
    stamp:
      sec: 25
      nanosec: 840000000
    frame_id: map
  pose:
    position:
      x: 2.3328123345495824
      y: -0.011731303209016497
      z: 0.0
    orientation:
      x: 0.0
      y: 0.0
      z: 0.017933779025723934
      w: 0.999839176852886
navigation_time:
  sec: 10
  nanosec: 296000000
estimated_time_remaining:
  sec: 9
  nanosec: 456483240
number_of_recoveries: 0
distance_remaining: 2.220710039138794

Feedback:
    current_pose:
  header:
    stamp:
      sec: 25
      nanosec: 840000000
    frame_id: map
  pose:
    position:
      x: 2.3328123345495824
      y: -0.011731303209016497
      z: 0.0
    orientation:
      x: 0.0
      y: 0.0
      z: 0.017933779025723934
      w: 0.999839176852886
navigation_time:
  sec: 10
  nanosec: 304000000
estimated_time_remaining:
  sec: 9
  nanosec: 456483240
number_of_recoveries: 0
distance_remaining: 2.220710039138794

Feedback:
    current_pose:
  header:
    stamp:
      sec: 25
      nanosec: 860000000
    frame_id: map
  pose:
    position:
      x: 2.337536501249062
      y: -0.011566885717357533
      z: 0.0
    orientation:
      x: 0.0
      y: 0.0
      z: 0.01686992955930403
      w: 0.9998576926126358
navigation_time:
  sec: 10
  nanosec: 316000000
estimated_time_remaining:
  sec: 9
  nanosec: 450132830
number_of_recoveries: 0
distance_remaining: 2.220710039138794

Feedback:
    current_pose:
  header:
    stamp:
      sec: 25
      nanosec: 860000000
    frame_id: map
  pose:
    position:
      x: 2.337536501249062
      y: -0.011566885717357533
      z: 0.0
    orientation:
      x: 0.0
      y: 0.0
      z: 0.01686992955930403
      w: 0.9998576926126358
navigation_time:
  sec: 10
  nanosec: 324000000
estimated_time_remaining:
  sec: 9
  nanosec: 450132830
number_of_recoveries: 0
distance_remaining: 2.220710039138794

Feedback:
    current_pose:
  header:
    stamp:
      sec: 25
      nanosec: 880000000
    frame_id: map
  pose:
    position:
      x: 2.342241757653675
      y: -0.011412677450292993
      z: 0.0
    orientation:
      x: 0.0
      y: 0.0
      z: 0.01589049085113707
      w: 0.9998737381792313
navigation_time:
  sec: 10
  nanosec: 336000000
estimated_time_remaining:
  sec: 9
  nanosec: 445929606
number_of_recoveries: 0
distance_remaining: 2.220710039138794

Feedback:
    current_pose:
  header:
    stamp:
      sec: 25
      nanosec: 880000000
    frame_id: map
  pose:
    position:
      x: 2.342241757653675
      y: -0.011412677450292993
      z: 0.0
    orientation:
      x: 0.0
      y: 0.0
      z: 0.01589049085113707
      w: 0.9998737381792313
navigation_time:
  sec: 10
  nanosec: 344000000
estimated_time_remaining:
  sec: 9
  nanosec: 445929606
number_of_recoveries: 0
distance_remaining: 2.220710039138794

Feedback:
    current_pose:
  header:
    stamp:
      sec: 25
      nanosec: 900000000
    frame_id: map
  pose:
    position:
      x: 2.346947307143832
      y: -0.011267687730758244
      z: 0.0
    orientation:
      x: 0.0
      y: 0.0
      z: 0.014911036915728884
      w: 0.9998888243090318
navigation_time:
  sec: 10
  nanosec: 356000000
estimated_time_remaining:
  sec: 9
  nanosec: 445573484
number_of_recoveries: 0
distance_remaining: 2.220710039138794

Feedback:
    current_pose:
  header:
    stamp:
      sec: 25
      nanosec: 900000000
    frame_id: map
  pose:
    position:
      x: 2.346947307143832
      y: -0.011267687730758244
      z: 0.0
    orientation:
      x: 0.0
      y: 0.0
      z: 0.014911036915728884
      w: 0.9998888243090318
navigation_time:
  sec: 10
  nanosec: 364000000
estimated_time_remaining:
  sec: 9
  nanosec: 445573484
number_of_recoveries: 0
distance_remaining: 2.220710039138794

Feedback:
    current_pose:
  header:
    stamp:
      sec: 25
      nanosec: 920000000
    frame_id: map
  pose:
    position:
      x: 2.351699062583709
      y: -0.011130530052494786
      z: 0.0
    orientation:
      x: 0.0
      y: 0.0
      z: 0.013959386092628402
      w: 0.9999025630229762
navigation_time:
  sec: 10
  nanosec: 376000000
estimated_time_remaining:
  sec: 9
  nanosec: 444442390
number_of_recoveries: 0
distance_remaining: 2.220710039138794

Feedback:
    current_pose:
  header:
    stamp:
      sec: 25
      nanosec: 920000000
    frame_id: map
  pose:
    position:
      x: 2.351699062583709
      y: -0.011130530052494786
      z: 0.0
    orientation:
      x: 0.0
      y: 0.0
      z: 0.013959386092628402
      w: 0.9999025630229762
navigation_time:
  sec: 10
  nanosec: 384000000
estimated_time_remaining:
  sec: 9
  nanosec: 444442390
number_of_recoveries: 0
distance_remaining: 2.220710039138794

Feedback:
    current_pose:
  header:
    stamp:
      sec: 25
      nanosec: 940000000
    frame_id: map
  pose:
    position:
      x: 2.3564816896057934
      y: -0.011001432463554395
      z: 0.0
    orientation:
      x: 0.0
      y: 0.0
      z: 0.013026267827945992
      w: 0.9999151545738642
navigation_time:
  sec: 10
  nanosec: 396000000
estimated_time_remaining:
  sec: 9
  nanosec: 439927937
number_of_recoveries: 0
distance_remaining: 2.220710039138794

Feedback:
    current_pose:
  header:
    stamp:
      sec: 25
      nanosec: 940000000
    frame_id: map
  pose:
    position:
      x: 2.3564816896057934
      y: -0.011001432463554395
      z: 0.0
    orientation:
      x: 0.0
      y: 0.0
      z: 0.013026267827945992
      w: 0.9999151545738642
navigation_time:
  sec: 10
  nanosec: 404000000
estimated_time_remaining:
  sec: 9
  nanosec: 439927937
number_of_recoveries: 0
distance_remaining: 2.220710039138794

Feedback:
    current_pose:
  header:
    stamp:
      sec: 25
      nanosec: 960000000
    frame_id: map
  pose:
    position:
      x: 2.3612663935912255
      y: -0.010881211967622803
      z: 0.0
    orientation:
      x: 0.0
      y: 0.0
      z: 0.012097820618742242
      w: 0.9999268186903864
navigation_time:
  sec: 10
  nanosec: 416000000
estimated_time_remaining:
  sec: 9
  nanosec: 329526272
number_of_recoveries: 0
distance_remaining: 2.1957108974456787

Feedback:
    current_pose:
  header:
    stamp:
      sec: 25
      nanosec: 960000000
    frame_id: map
  pose:
    position:
      x: 2.3612663935912255
      y: -0.010881211967622803
      z: 0.0
    orientation:
      x: 0.0
      y: 0.0
      z: 0.012097820618742242
      w: 0.9999268186903864
navigation_time:
  sec: 10
  nanosec: 424000000
estimated_time_remaining:
  sec: 9
  nanosec: 329526272
number_of_recoveries: 0
distance_remaining: 2.1957108974456787

Feedback:
    current_pose:
  header:
    stamp:
      sec: 25
      nanosec: 980000000
    frame_id: map
  pose:
    position:
      x: 2.3660586880829584
      y: -0.010769596304442255
      z: 0.0
    orientation:
      x: 0.0
      y: 0.0
      z: 0.011188092814275529
      w: 0.999937411330919
navigation_time:
  sec: 10
  nanosec: 436000000
estimated_time_remaining:
  sec: 9
  nanosec: 324658844
number_of_recoveries: 0
distance_remaining: 2.1957108974456787

Feedback:
    current_pose:
  header:
    stamp:
      sec: 25
      nanosec: 980000000
    frame_id: map
  pose:
    position:
      x: 2.3660586880829584
      y: -0.010769596304442255
      z: 0.0
    orientation:
      x: 0.0
      y: 0.0
      z: 0.011188092814275529
      w: 0.999937411330919
navigation_time:
  sec: 10
  nanosec: 444000000
estimated_time_remaining:
  sec: 9
  nanosec: 324658844
number_of_recoveries: 0
distance_remaining: 2.1957108974456787

Feedback:
    current_pose:
  header:
    stamp:
      sec: 26
      nanosec: 0
    frame_id: map
  pose:
    position:
      x: 2.370851177734773
      y: -0.010666700779667485
      z: 0.0
    orientation:
      x: 0.0
      y: 0.0
      z: 0.010278355749328498
      w: 0.9999471763063739
navigation_time:
  sec: 10
  nanosec: 456000000
estimated_time_remaining:
  sec: 9
  nanosec: 313849051
number_of_recoveries: 0
distance_remaining: 2.1957108974456787

Feedback:
    current_pose:
  header:
    stamp:
      sec: 26
      nanosec: 0
    frame_id: map
  pose:
    position:
      x: 2.370851177734773
      y: -0.010666700779667485
      z: 0.0
    orientation:
      x: 0.0
      y: 0.0
      z: 0.010278355749328498
      w: 0.9999471763063739
navigation_time:
  sec: 10
  nanosec: 464000000
estimated_time_remaining:
  sec: 9
  nanosec: 313849051
number_of_recoveries: 0
distance_remaining: 2.1957108974456787

Feedback:
    current_pose:
  header:
    stamp:
      sec: 26
      nanosec: 20000000
    frame_id: map
  pose:
    position:
      x: 2.3763307125459563
      y: -0.0068246809693007365
      z: 0.0
    orientation:
      x: 0.0
      y: 0.0
      z: 0.01078348208296853
      w: 0.9999418565667537
navigation_time:
  sec: 10
  nanosec: 476000000
estimated_time_remaining:
  sec: 9
  nanosec: 299683702
number_of_recoveries: 0
distance_remaining: 2.1957108974456787

Feedback:
    current_pose:
  header:
    stamp:
      sec: 26
      nanosec: 20000000
    frame_id: map
  pose:
    position:
      x: 2.3763307125459563
      y: -0.0068246809693007365
      z: 0.0
    orientation:
      x: 0.0
      y: 0.0
      z: 0.01078348208296853
      w: 0.9999418565667537
navigation_time:
  sec: 10
  nanosec: 484000000
estimated_time_remaining:
  sec: 9
  nanosec: 299683702
number_of_recoveries: 0
distance_remaining: 2.1957108974456787

Feedback:
    current_pose:
  header:
    stamp:
      sec: 26
      nanosec: 40000000
    frame_id: map
  pose:
    position:
      x: 2.381779896523901
      y: -0.0029642926489879193
      z: 0.0
    orientation:
      x: 0.0
      y: 0.0
      z: 0.011298934916492392
      w: 0.9999361649974227
navigation_time:
  sec: 10
  nanosec: 496000000
estimated_time_remaining:
  sec: 9
  nanosec: 287640079
number_of_recoveries: 0
distance_remaining: 2.1957108974456787

Feedback:
    current_pose:
  header:
    stamp:
      sec: 26
      nanosec: 40000000
    frame_id: map
  pose:
    position:
      x: 2.381779896523901
      y: -0.0029642926489879193
      z: 0.0
    orientation:
      x: 0.0
      y: 0.0
      z: 0.011298934916492392
      w: 0.9999361649974227
navigation_time:
  sec: 10
  nanosec: 504000000
estimated_time_remaining:
  sec: 9
  nanosec: 287640079
number_of_recoveries: 0
distance_remaining: 2.1957108974456787

Feedback:
    current_pose:
  header:
    stamp:
      sec: 26
      nanosec: 60000000
    frame_id: map
  pose:
    position:
      x: 2.3872254738978356
      y: 0.0009150144914447378
      z: 0.0
    orientation:
      x: 0.0
      y: 0.0
      z: 0.011800371046439755
      w: 0.9999303731976372
navigation_time:
  sec: 10
  nanosec: 516000000
estimated_time_remaining:
  sec: 9
  nanosec: 170222741
number_of_recoveries: 0
distance_remaining: 2.1707112789154053

Feedback:
    current_pose:
  header:
    stamp:
      sec: 26
      nanosec: 60000000
    frame_id: map
  pose:
    position:
      x: 2.3872254738978356
      y: 0.0009150144914447378
      z: 0.0
    orientation:
      x: 0.0
      y: 0.0
      z: 0.011800371046439755
      w: 0.9999303731976372
navigation_time:
  sec: 10
  nanosec: 524000000
estimated_time_remaining:
  sec: 9
  nanosec: 170222741
number_of_recoveries: 0
distance_remaining: 2.1707112789154053

Feedback:
    current_pose:
  header:
    stamp:
      sec: 26
      nanosec: 80000000
    frame_id: map
  pose:
    position:
      x: 2.3927501122603916
      y: 0.00481494757209934
      z: 0.0
    orientation:
      x: 0.0
      y: 0.0
      z: 0.0122457496636666
      w: 0.999925017996437
navigation_time:
  sec: 10
  nanosec: 536000000
estimated_time_remaining:
  sec: 9
  nanosec: 151405384
number_of_recoveries: 0
distance_remaining: 2.1707112789154053

Feedback:
    current_pose:
  header:
    stamp:
      sec: 26
      nanosec: 80000000
    frame_id: map
  pose:
    position:
      x: 2.3927501122603916
      y: 0.00481494757209934
      z: 0.0
    orientation:
      x: 0.0
      y: 0.0
      z: 0.0122457496636666
      w: 0.999925017996437
navigation_time:
  sec: 10
  nanosec: 544000000
estimated_time_remaining:
  sec: 9
  nanosec: 151405384
number_of_recoveries: 0
distance_remaining: 2.1707112789154053

Feedback:
    current_pose:
  header:
    stamp:
      sec: 26
      nanosec: 100000000
    frame_id: map
  pose:
    position:
      x: 2.398255042598046
      y: 0.008733077377841732
      z: 0.0
    orientation:
      x: 0.0
      y: 0.0
      z: 0.012691125841928672
      w: 0.9999194644194423
navigation_time:
  sec: 10
  nanosec: 556000000
estimated_time_remaining:
  sec: 9
  nanosec: 124970579
number_of_recoveries: 0
distance_remaining: 2.1707112789154053

Feedback:
    current_pose:
  header:
    stamp:
      sec: 26
      nanosec: 100000000
    frame_id: map
  pose:
    position:
      x: 2.398255042598046
      y: 0.008733077377841732
      z: 0.0
    orientation:
      x: 0.0
      y: 0.0
      z: 0.012691125841928672
      w: 0.9999194644194423
navigation_time:
  sec: 10
  nanosec: 564000000
estimated_time_remaining:
  sec: 9
  nanosec: 124970579
number_of_recoveries: 0
distance_remaining: 2.1707112789154053

Feedback:
    current_pose:
  header:
    stamp:
      sec: 26
      nanosec: 120000000
    frame_id: map
  pose:
    position:
      x: 2.4038023820429824
      y: 0.01267090483340656
      z: 0.0
    orientation:
      x: 0.0
      y: 0.0
      z: 0.013104982874887493
      w: 0.9999141260247547
navigation_time:
  sec: 10
  nanosec: 576000000
estimated_time_remaining:
  sec: 9
  nanosec: 93577159
number_of_recoveries: 0
distance_remaining: 2.1707112789154053

Feedback:
    current_pose:
  header:
    stamp:
      sec: 26
      nanosec: 120000000
    frame_id: map
  pose:
    position:
      x: 2.4038023820429824
      y: 0.01267090483340656
      z: 0.0
    orientation:
      x: 0.0
      y: 0.0
      z: 0.013104982874887493
      w: 0.9999141260247547
navigation_time:
  sec: 10
  nanosec: 584000000
estimated_time_remaining:
  sec: 9
  nanosec: 93577159
number_of_recoveries: 0
distance_remaining: 2.1707112789154053

Feedback:
    current_pose:
  header:
    stamp:
      sec: 26
      nanosec: 140000000
    frame_id: map
  pose:
    position:
      x: 2.4093454502195306
      y: 0.016627113766884256
      z: 0.0
    orientation:
      x: 0.0
      y: 0.0
      z: 0.013510958531520866
      w: 0.9999087228340191
navigation_time:
  sec: 10
  nanosec: 596000000
estimated_time_remaining:
  sec: 8
  nanosec: 957302251
number_of_recoveries: 0
distance_remaining: 2.1457111835479736

Feedback:
    current_pose:
  header:
    stamp:
      sec: 26
      nanosec: 140000000
    frame_id: map
  pose:
    position:
      x: 2.4093454502195306
      y: 0.016627113766884256
      z: 0.0
    orientation:
      x: 0.0
      y: 0.0
      z: 0.013510958531520866
      w: 0.9999087228340191
navigation_time:
  sec: 10
  nanosec: 604000000
estimated_time_remaining:
  sec: 8
  nanosec: 957302251
number_of_recoveries: 0
distance_remaining: 2.1457111835479736

Feedback:
    current_pose:
  header:
    stamp:
      sec: 26
      nanosec: 160000000
    frame_id: map
  pose:
    position:
      x: 2.4148585030603544
      y: 0.020600923689366765
      z: 0.0
    orientation:
      x: 0.0
      y: 0.0
      z: 0.013875327209324127
      w: 0.9999037330137508
navigation_time:
  sec: 10
  nanosec: 616000000
estimated_time_remaining:
  sec: 8
  nanosec: 930438834
number_of_recoveries: 0
distance_remaining: 2.1457111835479736

Feedback:
    current_pose:
  header:
    stamp:
      sec: 26
      nanosec: 160000000
    frame_id: map
  pose:
    position:
      x: 2.4148585030603544
      y: 0.020600923689366765
      z: 0.0
    orientation:
      x: 0.0
      y: 0.0
      z: 0.013875327209324127
      w: 0.9999037330137508
navigation_time:
  sec: 10
  nanosec: 624000000
estimated_time_remaining:
  sec: 8
  nanosec: 930438834
number_of_recoveries: 0
distance_remaining: 2.1457111835479736

Feedback:
    current_pose:
  header:
    stamp:
      sec: 26
      nanosec: 180000000
    frame_id: map
  pose:
    position:
      x: 2.4203110829957506
      y: 0.024589967810316398
      z: 0.0
    orientation:
      x: 0.0
      y: 0.0
      z: 0.014073275643306415
      w: 0.9999009665525218
navigation_time:
  sec: 10
  nanosec: 636000000
estimated_time_remaining:
  sec: 8
  nanosec: 907365470
number_of_recoveries: 0
distance_remaining: 2.1457111835479736

Feedback:
    current_pose:
  header:
    stamp:
      sec: 26
      nanosec: 180000000
    frame_id: map
  pose:
    position:
      x: 2.4203110829957506
      y: 0.024589967810316398
      z: 0.0
    orientation:
      x: 0.0
      y: 0.0
      z: 0.014073275643306415
      w: 0.9999009665525218
navigation_time:
  sec: 10
  nanosec: 644000000
estimated_time_remaining:
  sec: 8
  nanosec: 907365470
number_of_recoveries: 0
distance_remaining: 2.1457111835479736

Feedback:
    current_pose:
  header:
    stamp:
      sec: 26
      nanosec: 200000000
    frame_id: map
  pose:
    position:
      x: 2.4257437609375394
      y: 0.02859460221675853
      z: 0.0
    orientation:
      x: 0.0
      y: 0.0
      z: 0.01427122347156625
      w: 0.9998981609047116
navigation_time:
  sec: 10
  nanosec: 656000000
estimated_time_remaining:
  sec: 8
  nanosec: 885362770
number_of_recoveries: 0
distance_remaining: 2.1457111835479736

Feedback:
    current_pose:
  header:
    stamp:
      sec: 26
      nanosec: 200000000
    frame_id: map
  pose:
    position:
      x: 2.4257437609375394
      y: 0.02859460221675853
      z: 0.0
    orientation:
      x: 0.0
      y: 0.0
      z: 0.01427122347156625
      w: 0.9998981609047116
navigation_time:
  sec: 10
  nanosec: 664000000
estimated_time_remaining:
  sec: 8
  nanosec: 885362770
number_of_recoveries: 0
distance_remaining: 2.1457111835479736

Feedback:
    current_pose:
  header:
    stamp:
      sec: 26
      nanosec: 220000000
    frame_id: map
  pose:
    position:
      x: 2.430601758009047
      y: 0.028727393040647357
      z: 0.0
    orientation:
      x: 0.0
      y: 0.0
      z: 0.013037888860704361
      w: 0.9999150031147926
navigation_time:
  sec: 10
  nanosec: 676000000
estimated_time_remaining:
  sec: 8
  nanosec: 865141225
number_of_recoveries: 0
distance_remaining: 2.1457111835479736

Feedback:
    current_pose:
  header:
    stamp:
      sec: 26
      nanosec: 220000000
    frame_id: map
  pose:
    position:
      x: 2.430601758009047
      y: 0.028727393040647357
      z: 0.0
    orientation:
      x: 0.0
      y: 0.0
      z: 0.013037888860704361
      w: 0.9999150031147926
navigation_time:
  sec: 10
  nanosec: 684000000
estimated_time_remaining:
  sec: 8
  nanosec: 865141225
number_of_recoveries: 0
distance_remaining: 2.1457111835479736

Feedback:
    current_pose:
  header:
    stamp:
      sec: 26
      nanosec: 240000000
    frame_id: map
  pose:
    position:
      x: 2.4354277636876613
      y: 0.02884720757685206
      z: 0.0
    orientation:
      x: 0.0
      y: 0.0
      z: 0.01178322361301841
      w: 0.9999305754107558
navigation_time:
  sec: 10
  nanosec: 696000000
estimated_time_remaining:
  sec: 8
  nanosec: 749094786
number_of_recoveries: 0
distance_remaining: 2.1207098960876465

Feedback:
    current_pose:
  header:
    stamp:
      sec: 26
      nanosec: 240000000
    frame_id: map
  pose:
    position:
      x: 2.4354277636876613
      y: 0.02884720757685206
      z: 0.0
    orientation:
      x: 0.0
      y: 0.0
      z: 0.01178322361301841
      w: 0.9999305754107558
navigation_time:
  sec: 10
  nanosec: 704000000
estimated_time_remaining:
  sec: 8
  nanosec: 749094786
number_of_recoveries: 0
distance_remaining: 2.1207098960876465

Feedback:
    current_pose:
  header:
    stamp:
      sec: 26
      nanosec: 260000000
    frame_id: map
  pose:
    position:
      x: 2.4402573919630726
      y: 0.028954958754044448
      z: 0.0
    orientation:
      x: 0.0
      y: 0.0
      z: 0.010504665164742508
      w: 0.9999448244827195
navigation_time:
  sec: 10
  nanosec: 716000000
estimated_time_remaining:
  sec: 8
  nanosec: 742319825
number_of_recoveries: 0
distance_remaining: 2.1207098960876465

Feedback:
    current_pose:
  header:
    stamp:
      sec: 26
      nanosec: 260000000
    frame_id: map
  pose:
    position:
      x: 2.4402573919630726
      y: 0.028954958754044448
      z: 0.0
    orientation:
      x: 0.0
      y: 0.0
      z: 0.010504665164742508
      w: 0.9999448244827195
navigation_time:
  sec: 10
  nanosec: 724000000
estimated_time_remaining:
  sec: 8
  nanosec: 742319825
number_of_recoveries: 0
distance_remaining: 2.1207098960876465

Feedback:
    current_pose:
  header:
    stamp:
      sec: 26
      nanosec: 280000000
    frame_id: map
  pose:
    position:
      x: 2.4451006375594413
      y: 0.029050070889730918
      z: 0.0
    orientation:
      x: 0.0
      y: 0.0
      z: 0.009130589651784694
      w: 0.9999583152974982
navigation_time:
  sec: 10
  nanosec: 736000000
estimated_time_remaining:
  sec: 8
  nanosec: 736443358
number_of_recoveries: 0
distance_remaining: 2.1207098960876465

Feedback:
    current_pose:
  header:
    stamp:
      sec: 26
      nanosec: 280000000
    frame_id: map
  pose:
    position:
      x: 2.4451006375594413
      y: 0.029050070889730918
      z: 0.0
    orientation:
      x: 0.0
      y: 0.0
      z: 0.009130589651784694
      w: 0.9999583152974982
navigation_time:
  sec: 10
  nanosec: 744000000
estimated_time_remaining:
  sec: 8
  nanosec: 736443358
number_of_recoveries: 0
distance_remaining: 2.1207098960876465

Feedback:
    current_pose:
  header:
    stamp:
      sec: 26
      nanosec: 300000000
    frame_id: map
  pose:
    position:
      x: 2.4499441262599175
      y: 0.029131872069893767
      z: 0.0
    orientation:
      x: 0.0
      y: 0.0
      z: 0.007756496872407891
      w: 0.9999699179256686
navigation_time:
  sec: 10
  nanosec: 756000000
estimated_time_remaining:
  sec: 8
  nanosec: 730343160
number_of_recoveries: 0
distance_remaining: 2.1207098960876465

Feedback:
    current_pose:
  header:
    stamp:
      sec: 26
      nanosec: 300000000
    frame_id: map
  pose:
    position:
      x: 2.4499441262599175
      y: 0.029131872069893767
      z: 0.0
    orientation:
      x: 0.0
      y: 0.0
      z: 0.007756496872407891
      w: 0.9999699179256686
navigation_time:
  sec: 10
  nanosec: 764000000
estimated_time_remaining:
  sec: 8
  nanosec: 730343160
number_of_recoveries: 0
distance_remaining: 2.1207098960876465

Feedback:
    current_pose:
  header:
    stamp:
      sec: 26
      nanosec: 320000000
    frame_id: map
  pose:
    position:
      x: 2.454773800458341
      y: 0.029199975646547645
      z: 0.0
    orientation:
      x: 0.0
      y: 0.0
      z: 0.0063148143752148975
      w: 0.9999800613609285
navigation_time:
  sec: 10
  nanosec: 776000000
estimated_time_remaining:
  sec: 8
  nanosec: 725451993
number_of_recoveries: 0
distance_remaining: 2.1207098960876465

Feedback:
    current_pose:
  header:
    stamp:
      sec: 26
      nanosec: 320000000
    frame_id: map
  pose:
    position:
      x: 2.454773800458341
      y: 0.029199975646547645
      z: 0.0
    orientation:
      x: 0.0
      y: 0.0
      z: 0.0063148143752148975
      w: 0.9999800613609285
navigation_time:
  sec: 10
  nanosec: 784000000
estimated_time_remaining:
  sec: 8
  nanosec: 725451993
number_of_recoveries: 0
distance_remaining: 2.1207098960876465

Feedback:
    current_pose:
  header:
    stamp:
      sec: 26
      nanosec: 340000000
    frame_id: map
  pose:
    position:
      x: 2.459594305483415
      y: 0.029253692484345555
      z: 0.0
    orientation:
      x: 0.0
      y: 0.0
      z: 0.004828068270032537
      w: 0.9999883448104682
navigation_time:
  sec: 10
  nanosec: 796000000
estimated_time_remaining:
  sec: 8
  nanosec: 618163531
number_of_recoveries: 0
distance_remaining: 2.0957107543945312

Feedback:
    current_pose:
  header:
    stamp:
      sec: 26
      nanosec: 340000000
    frame_id: map
  pose:
    position:
      x: 2.459594305483415
      y: 0.029253692484345555
      z: 0.0
    orientation:
      x: 0.0
      y: 0.0
      z: 0.004828068270032537
      w: 0.9999883448104682
navigation_time:
  sec: 10
  nanosec: 804000000
estimated_time_remaining:
  sec: 8
  nanosec: 618163531
number_of_recoveries: 0
distance_remaining: 2.0957107543945312

Feedback:
    current_pose:
  header:
    stamp:
      sec: 26
      nanosec: 360000000
    frame_id: map
  pose:
    position:
      x: 2.464387773538372
      y: 0.029292880878276896
      z: 0.0
    orientation:
      x: 0.0
      y: 0.0
      z: 0.0033364208755449977
      w: 0.9999944341323813
navigation_time:
  sec: 10
  nanosec: 816000000
estimated_time_remaining:
  sec: 8
  nanosec: 614262484
number_of_recoveries: 0
distance_remaining: 2.0957107543945312

Feedback:
    current_pose:
  header:
    stamp:
      sec: 26
      nanosec: 360000000
    frame_id: map
  pose:
    position:
      x: 2.464387773538372
      y: 0.029292880878276896
      z: 0.0
    orientation:
      x: 0.0
      y: 0.0
      z: 0.0033364208755449977
      w: 0.9999944341323813
navigation_time:
  sec: 10
  nanosec: 824000000
estimated_time_remaining:
  sec: 8
  nanosec: 614262484
number_of_recoveries: 0
distance_remaining: 2.0957107543945312

Feedback:
    current_pose:
  header:
    stamp:
      sec: 26
      nanosec: 380000000
    frame_id: map
  pose:
    position:
      x: 2.4690726350217655
      y: 0.029317062621918362
      z: 0.0
    orientation:
      x: 0.0
      y: 0.0
      z: 0.0018252034810619163
      w: 0.9999983343147393
navigation_time:
  sec: 10
  nanosec: 836000000
estimated_time_remaining:
  sec: 8
  nanosec: 618169863
number_of_recoveries: 0
distance_remaining: 2.0957107543945312

Feedback:
    current_pose:
  header:
    stamp:
      sec: 26
      nanosec: 380000000
    frame_id: map
  pose:
    position:
      x: 2.4690726350217655
      y: 0.029317062621918362
      z: 0.0
    orientation:
      x: 0.0
      y: 0.0
      z: 0.0018252034810619163
      w: 0.9999983343147393
navigation_time:
  sec: 10
  nanosec: 844000000
estimated_time_remaining:
  sec: 8
  nanosec: 618169863
number_of_recoveries: 0
distance_remaining: 2.0957107543945312

Feedback:
    current_pose:
  header:
    stamp:
      sec: 26
      nanosec: 400000000
    frame_id: map
  pose:
    position:
      x: 2.4737575481945444
      y: 0.02932708453983305
      z: 0.0
    orientation:
      x: 0.0
      y: 0.0
      z: 0.00031398191808187914
      w: 0.9999999507076764
navigation_time:
  sec: 10
  nanosec: 856000000
estimated_time_remaining:
  sec: 8
  nanosec: 634483349
number_of_recoveries: 0
distance_remaining: 2.0957107543945312

Feedback:
    current_pose:
  header:
    stamp:
      sec: 26
      nanosec: 400000000
    frame_id: map
  pose:
    position:
      x: 2.4737575481945444
      y: 0.02932708453983305
      z: 0.0
    orientation:
      x: 0.0
      y: 0.0
      z: 0.00031398191808187914
      w: 0.9999999507076764
navigation_time:
  sec: 10
  nanosec: 864000000
estimated_time_remaining:
  sec: 8
  nanosec: 634483349
number_of_recoveries: 0
distance_remaining: 2.0957107543945312

Feedback:
    current_pose:
  header:
    stamp:
      sec: 26
      nanosec: 420000000
    frame_id: map
  pose:
    position:
      x: 2.478316378919885
      y: 0.03377482825509846
      z: 0.0
    orientation:
      x: 0.0
      y: 0.0
      z: 0.00015014008423201033
      w: 0.9999999887289773
navigation_time:
  sec: 10
  nanosec: 876000000
estimated_time_remaining:
  sec: 8
  nanosec: 654842516
number_of_recoveries: 0
distance_remaining: 2.0957107543945312

Feedback:
    current_pose:
  header:
    stamp:
      sec: 26
      nanosec: 420000000
    frame_id: map
  pose:
    position:
      x: 2.478316378919885
      y: 0.03377482825509846
      z: 0.0
    orientation:
      x: 0.0
      y: 0.0
      z: 0.00015014008423201033
      w: 0.9999999887289773
navigation_time:
  sec: 10
  nanosec: 884000000
estimated_time_remaining:
  sec: 8
  nanosec: 654842516
number_of_recoveries: 0
distance_remaining: 2.0957107543945312

Feedback:
    current_pose:
  header:
    stamp:
      sec: 26
      nanosec: 440000000
    frame_id: map
  pose:
    position:
      x: 2.4828734093641653
      y: 0.038233817734515174
      z: 0.0
    orientation:
      x: 0.0
      y: 0.0
      z: -5.1607893891331156e-05
      w: 0.9999999986683126
navigation_time:
  sec: 10
  nanosec: 896000000
estimated_time_remaining:
  sec: 8
  nanosec: 676227439
number_of_recoveries: 0
distance_remaining: 2.0957107543945312

Feedback:
    current_pose:
  header:
    stamp:
      sec: 26
      nanosec: 440000000
    frame_id: map
  pose:
    position:
      x: 2.4828734093641653
      y: 0.038233817734515174
      z: 0.0
    orientation:
      x: 0.0
      y: 0.0
      z: -5.1607893891331156e-05
      w: 0.9999999986683126
navigation_time:
  sec: 10
  nanosec: 904000000
estimated_time_remaining:
  sec: 8
  nanosec: 676227439
number_of_recoveries: 0
distance_remaining: 2.0957107543945312

Feedback:
    current_pose:
  header:
    stamp:
      sec: 26
      nanosec: 460000000
    frame_id: map
  pose:
    position:
      x: 2.4874220359387924
      y: 0.04270389029492645
      z: 0.0
    orientation:
      x: 0.0
      y: 0.0
      z: -0.0002721350130375916
      w: 0.9999999629712666
navigation_time:
  sec: 10
  nanosec: 916000000
estimated_time_remaining:
  sec: 8
  nanosec: 596629285
number_of_recoveries: 0
distance_remaining: 2.070711135864258

Feedback:
    current_pose:
  header:
    stamp:
      sec: 26
      nanosec: 460000000
    frame_id: map
  pose:
    position:
      x: 2.4874220359387924
      y: 0.04270389029492645
      z: 0.0
    orientation:
      x: 0.0
      y: 0.0
      z: -0.0002721350130375916
      w: 0.9999999629712666
navigation_time:
  sec: 10
  nanosec: 924000000
estimated_time_remaining:
  sec: 8
  nanosec: 596629285
number_of_recoveries: 0
distance_remaining: 2.070711135864258

Feedback:
    current_pose:
  header:
    stamp:
      sec: 26
      nanosec: 480000000
    frame_id: map
  pose:
    position:
      x: 2.491968066675661
      y: 0.04718470871515444
      z: 0.0
    orientation:
      x: 0.0
      y: 0.0
      z: -0.0005208308680953247
      w: 0.9999998643675942
navigation_time:
  sec: 10
  nanosec: 936000000
estimated_time_remaining:
  sec: 8
  nanosec: 619327958
number_of_recoveries: 0
distance_remaining: 2.070711135864258

Feedback:
    current_pose:
  header:
    stamp:
      sec: 26
      nanosec: 480000000
    frame_id: map
  pose:
    position:
      x: 2.491968066675661
      y: 0.04718470871515444
      z: 0.0
    orientation:
      x: 0.0
      y: 0.0
      z: -0.0005208308680953247
      w: 0.9999998643675942
navigation_time:
  sec: 10
  nanosec: 944000000
estimated_time_remaining:
  sec: 8
  nanosec: 619327958
number_of_recoveries: 0
distance_remaining: 2.070711135864258

Feedback:
    current_pose:
  header:
    stamp:
      sec: 26
      nanosec: 500000000
    frame_id: map
  pose:
    position:
      x: 2.4964939511293815
      y: 0.05167615470327109
      z: 0.0
    orientation:
      x: 0.0
      y: 0.0
      z: -0.0007695266909800712
      w: 0.999999703914292
navigation_time:
  sec: 10
  nanosec: 956000000
estimated_time_remaining:
  sec: 8
  nanosec: 638300270
number_of_recoveries: 0
distance_remaining: 2.070711135864258

Feedback:
    current_pose:
  header:
    stamp:
      sec: 26
      nanosec: 500000000
    frame_id: map
  pose:
    position:
      x: 2.4964939511293815
      y: 0.05167615470327109
      z: 0.0
    orientation:
      x: 0.0
      y: 0.0
      z: -0.0007695266909800712
      w: 0.999999703914292
navigation_time:
  sec: 10
  nanosec: 964000000
estimated_time_remaining:
  sec: 8
  nanosec: 638300270
number_of_recoveries: 0
distance_remaining: 2.070711135864258

Feedback:
    current_pose:
  header:
    stamp:
      sec: 26
      nanosec: 520000000
    frame_id: map
  pose:
    position:
      x: 2.5010195611693176
      y: 0.056178110419719006
      z: 0.0
    orientation:
      x: 0.0
      y: 0.0
      z: -0.0010322796405976202
      w: 0.9999994671992299
navigation_time:
  sec: 10
  nanosec: 976000000
estimated_time_remaining:
  sec: 8
  nanosec: 653935220
number_of_recoveries: 0
distance_remaining: 2.070711135864258

Feedback:
    current_pose:
  header:
    stamp:
      sec: 26
      nanosec: 520000000
    frame_id: map
  pose:
    position:
      x: 2.5010195611693176
      y: 0.056178110419719006
      z: 0.0
    orientation:
      x: 0.0
      y: 0.0
      z: -0.0010322796405976202
      w: 0.9999994671992299
navigation_time:
  sec: 10
  nanosec: 984000000
estimated_time_remaining:
  sec: 8
  nanosec: 653935220
number_of_recoveries: 0
distance_remaining: 2.070711135864258

Feedback:
    current_pose:
  header:
    stamp:
      sec: 26
      nanosec: 540000000
    frame_id: map
  pose:
    position:
      x: 2.505538231633865
      y: 0.060690421224903875
      z: 0.0
    orientation:
      x: 0.0
      y: 0.0
      z: -0.0013044039780329628
      w: 0.9999991492647692
navigation_time:
  sec: 10
  nanosec: 996000000
estimated_time_remaining:
  sec: 8
  nanosec: 664998543
number_of_recoveries: 0
distance_remaining: 2.070711135864258

Feedback:
    current_pose:
  header:
    stamp:
      sec: 26
      nanosec: 540000000
    frame_id: map
  pose:
    position:
      x: 2.505538231633865
      y: 0.060690421224903875
      z: 0.0
    orientation:
      x: 0.0
      y: 0.0
      z: -0.0013044039780329628
      w: 0.9999991492647692
navigation_time:
  sec: 11
  nanosec: 4000000
estimated_time_remaining:
  sec: 8
  nanosec: 664998543
number_of_recoveries: 0
distance_remaining: 2.070711135864258

Feedback:
    current_pose:
  header:
    stamp:
      sec: 26
      nanosec: 560000000
    frame_id: map
  pose:
    position:
      x: 2.510019535842229
      y: 0.06521306596935372
      z: 0.0
    orientation:
      x: 0.0
      y: 0.0
      z: -0.0016018559489580123
      w: 0.9999987170279363
navigation_time:
  sec: 11
  nanosec: 16000000
estimated_time_remaining:
  sec: 8
  nanosec: 671722305
number_of_recoveries: 0
distance_remaining: 2.070711135864258

Feedback:
    current_pose:
  header:
    stamp:
      sec: 26
      nanosec: 560000000
    frame_id: map
  pose:
    position:
      x: 2.510019535842229
      y: 0.06521306596935372
      z: 0.0
    orientation:
      x: 0.0
      y: 0.0
      z: -0.0016018559489580123
      w: 0.9999987170279363
navigation_time:
  sec: 11
  nanosec: 24000000
estimated_time_remaining:
  sec: 8
  nanosec: 671722305
number_of_recoveries: 0
distance_remaining: 2.070711135864258

Feedback:
    current_pose:
  header:
    stamp:
      sec: 26
      nanosec: 580000000
    frame_id: map
  pose:
    position:
      x: 2.514412058712266
      y: 0.06974522933566926
      z: 0.0
    orientation:
      x: 0.0
      y: 0.0
      z: -0.002000618652845416
      w: 0.9999979987605006
navigation_time:
  sec: 11
  nanosec: 36000000
estimated_time_remaining:
  sec: 8
  nanosec: 576862394
number_of_recoveries: 0
distance_remaining: 2.0457112789154053

Feedback:
    current_pose:
  header:
    stamp:
      sec: 26
      nanosec: 580000000
    frame_id: map
  pose:
    position:
      x: 2.514412058712266
      y: 0.06974522933566926
      z: 0.0
    orientation:
      x: 0.0
      y: 0.0
      z: -0.002000618652845416
      w: 0.9999979987605006
navigation_time:
  sec: 11
  nanosec: 44000000
estimated_time_remaining:
  sec: 8
  nanosec: 576862394
number_of_recoveries: 0
distance_remaining: 2.0457112789154053

Feedback:
    current_pose:
  header:
    stamp:
      sec: 26
      nanosec: 600000000
    frame_id: map
  pose:
    position:
      x: 2.51878428109546
      y: 0.07428620223312668
      z: 0.0
    orientation:
      x: 0.0
      y: 0.0
      z: -0.002399381068705301
      w: 0.9999971214811006
navigation_time:
  sec: 11
  nanosec: 56000000
estimated_time_remaining:
  sec: 8
  nanosec: 591520716
number_of_recoveries: 0
distance_remaining: 2.0457112789154053

Feedback:
    current_pose:
  header:
    stamp:
      sec: 26
      nanosec: 600000000
    frame_id: map
  pose:
    position:
      x: 2.51878428109546
      y: 0.07428620223312668
      z: 0.0
    orientation:
      x: 0.0
      y: 0.0
      z: -0.002399381068705301
      w: 0.9999971214811006
navigation_time:
  sec: 11
  nanosec: 64000000
estimated_time_remaining:
  sec: 8
  nanosec: 591520716
number_of_recoveries: 0
distance_remaining: 2.0457112789154053

Feedback:
    current_pose:
  header:
    stamp:
      sec: 26
      nanosec: 620000000
    frame_id: map
  pose:
    position:
      x: 2.523486411130778
      y: 0.07425495306425292
      z: 0.0
    orientation:
      x: 0.0
      y: 0.0
      z: -0.004276850269502135
      w: 0.9999908542340636
navigation_time:
  sec: 11
  nanosec: 76000000
estimated_time_remaining:
  sec: 8
  nanosec: 607270184
number_of_recoveries: 0
distance_remaining: 2.0457112789154053

Feedback:
    current_pose:
  header:
    stamp:
      sec: 26
      nanosec: 620000000
    frame_id: map
  pose:
    position:
      x: 2.523486411130778
      y: 0.07425495306425292
      z: 0.0
    orientation:
      x: 0.0
      y: 0.0
      z: -0.004276850269502135
      w: 0.9999908542340636
navigation_time:
  sec: 11
  nanosec: 84000000
estimated_time_remaining:
  sec: 8
  nanosec: 607270184
number_of_recoveries: 0
distance_remaining: 2.0457112789154053

Feedback:
    current_pose:
  header:
    stamp:
      sec: 26
      nanosec: 640000000
    frame_id: map
  pose:
    position:
      x: 2.528185020921252
      y: 0.07420570580029028
      z: 0.0
    orientation:
      x: 0.0
      y: 0.0
      z: -0.006203954620608805
      w: 0.9999807552883534
navigation_time:
  sec: 11
  nanosec: 96000000
estimated_time_remaining:
  sec: 8
  nanosec: 622758887
number_of_recoveries: 0
distance_remaining: 2.0457112789154053

Feedback:
    current_pose:
  header:
    stamp:
      sec: 26
      nanosec: 640000000
    frame_id: map
  pose:
    position:
      x: 2.528185020921252
      y: 0.07420570580029028
      z: 0.0
    orientation:
      x: 0.0
      y: 0.0
      z: -0.006203954620608805
      w: 0.9999807552883534
navigation_time:
  sec: 11
  nanosec: 104000000
estimated_time_remaining:
  sec: 8
  nanosec: 622758887
number_of_recoveries: 0
distance_remaining: 2.0457112789154053

Feedback:
    current_pose:
  header:
    stamp:
      sec: 26
      nanosec: 660000000
    frame_id: map
  pose:
    position:
      x: 2.5328948737563546
      y: 0.07413816076201546
      z: 0.0
    orientation:
      x: 0.0
      y: 0.0
      z: -0.008137787955507306
      w: 0.9999668876553819
navigation_time:
  sec: 11
  nanosec: 116000000
estimated_time_remaining:
  sec: 8
  nanosec: 636509718
number_of_recoveries: 0
distance_remaining: 2.0457112789154053

Feedback:
    current_pose:
  header:
    stamp:
      sec: 26
      nanosec: 660000000
    frame_id: map
  pose:
    position:
      x: 2.5328948737563546
      y: 0.07413816076201546
      z: 0.0
    orientation:
      x: 0.0
      y: 0.0
      z: -0.008137787955507306
      w: 0.9999668876553819
navigation_time:
  sec: 11
  nanosec: 124000000
estimated_time_remaining:
  sec: 8
  nanosec: 636509718
number_of_recoveries: 0
distance_remaining: 2.0457112789154053

Feedback:
    current_pose:
  header:
    stamp:
      sec: 26
      nanosec: 680000000
    frame_id: map
  pose:
    position:
      x: 2.5376502971313877
      y: 0.0740514281648972
      z: 0.0
    orientation:
      x: 0.0
      y: 0.0
      z: -0.010098598503106428
      w: 0.999949007854037
navigation_time:
  sec: 11
  nanosec: 136000000
estimated_time_remaining:
  sec: 8
  nanosec: 539296095
number_of_recoveries: 0
distance_remaining: 2.0207111835479736

Feedback:
    current_pose:
  header:
    stamp:
      sec: 26
      nanosec: 680000000
    frame_id: map
  pose:
    position:
      x: 2.5376502971313877
      y: 0.0740514281648972
      z: 0.0
    orientation:
      x: 0.0
      y: 0.0
      z: -0.010098598503106428
      w: 0.999949007854037
navigation_time:
  sec: 11
  nanosec: 144000000
estimated_time_remaining:
  sec: 8
  nanosec: 539296095
number_of_recoveries: 0
distance_remaining: 2.0207111835479736

Feedback:
    current_pose:
  header:
    stamp:
      sec: 26
      nanosec: 700000000
    frame_id: map
  pose:
    position:
      x: 2.5424053437906147
      y: 0.07394604653566206
      z: 0.0
    orientation:
      x: 0.0
      y: 0.0
      z: -0.012059370220781225
      w: 0.999927283151069
navigation_time:
  sec: 11
  nanosec: 156000000
estimated_time_remaining:
  sec: 8
  nanosec: 537386275
number_of_recoveries: 0
distance_remaining: 2.0207111835479736

Feedback:
    current_pose:
  header:
    stamp:
      sec: 26
      nanosec: 700000000
    frame_id: map
  pose:
    position:
      x: 2.5424053437906147
      y: 0.07394604653566206
      z: 0.0
    orientation:
      x: 0.0
      y: 0.0
      z: -0.012059370220781225
      w: 0.999927283151069
navigation_time:
  sec: 11
  nanosec: 164000000
estimated_time_remaining:
  sec: 8
  nanosec: 537386275
number_of_recoveries: 0
distance_remaining: 2.0207111835479736

Feedback:
    current_pose:
  header:
    stamp:
      sec: 26
      nanosec: 720000000
    frame_id: map
  pose:
    position:
      x: 2.547088430543224
      y: 0.07382373306337477
      z: 0.0
    orientation:
      x: 0.0
      y: 0.0
      z: -0.014067729030114032
      w: 0.9999010446038824
navigation_time:
  sec: 11
  nanosec: 176000000
estimated_time_remaining:
  sec: 8
  nanosec: 533383660
number_of_recoveries: 0
distance_remaining: 2.0207111835479736

Feedback:
    current_pose:
  header:
    stamp:
      sec: 26
      nanosec: 720000000
    frame_id: map
  pose:
    position:
      x: 2.547088430543224
      y: 0.07382373306337477
      z: 0.0
    orientation:
      x: 0.0
      y: 0.0
      z: -0.014067729030114032
      w: 0.9999010446038824
navigation_time:
  sec: 11
  nanosec: 188000000
estimated_time_remaining:
  sec: 8
  nanosec: 533383660
number_of_recoveries: 0
distance_remaining: 2.0207111835479736

Feedback:
    current_pose:
  header:
    stamp:
      sec: 26
      nanosec: 740000000
    frame_id: map
  pose:
    position:
      x: 2.5517531098279487
      y: 0.07368301848120147
      z: 0.0
    orientation:
      x: 0.0
      y: 0.0
      z: -0.01608793911044177
      w: 0.999870580732916
navigation_time:
  sec: 11
  nanosec: 196000000
estimated_time_remaining:
  sec: 8
  nanosec: 535959705
number_of_recoveries: 0
distance_remaining: 2.0207111835479736

Feedback:
    current_pose:
  header:
    stamp:
      sec: 26
      nanosec: 740000000
    frame_id: map
  pose:
    position:
      x: 2.5517531098279487
      y: 0.07368301848120147
      z: 0.0
    orientation:
      x: 0.0
      y: 0.0
      z: -0.01608793911044177
      w: 0.999870580732916
navigation_time:
  sec: 11
  nanosec: 204000000
estimated_time_remaining:
  sec: 8
  nanosec: 535959705
number_of_recoveries: 0
distance_remaining: 2.0207111835479736

Feedback:
    current_pose:
  header:
    stamp:
      sec: 26
      nanosec: 760000000
    frame_id: map
  pose:
    position:
      x: 2.5564190878594424
      y: 0.0735233700011182
      z: 0.0
    orientation:
      x: 0.0
      y: 0.0
      z: -0.018126691137022328
      w: 0.9998356980366438
navigation_time:
  sec: 11
  nanosec: 216000000
estimated_time_remaining:
  sec: 8
  nanosec: 542011553
number_of_recoveries: 0
distance_remaining: 2.0207111835479736

Feedback:
    current_pose:
  header:
    stamp:
      sec: 26
      nanosec: 760000000
    frame_id: map
  pose:
    position:
      x: 2.5564190878594424
      y: 0.0735233700011182
      z: 0.0
    orientation:
      x: 0.0
      y: 0.0
      z: -0.018126691137022328
      w: 0.9998356980366438
navigation_time:
  sec: 11
  nanosec: 224000000
estimated_time_remaining:
  sec: 8
  nanosec: 542011553
number_of_recoveries: 0
distance_remaining: 2.0207111835479736

Feedback:
    current_pose:
  header:
    stamp:
      sec: 26
      nanosec: 780000000
    frame_id: map
  pose:
    position:
      x: 2.5610919834380623
      y: 0.07334398828288331
      z: 0.0
    orientation:
      x: 0.0
      y: 0.0
      z: -0.020239795341988068
      w: 0.9997951543613895
navigation_time:
  sec: 11
  nanosec: 236000000
estimated_time_remaining:
  sec: 8
  nanosec: 549224424
number_of_recoveries: 0
distance_remaining: 2.0207111835479736

Feedback:
    current_pose:
  header:
    stamp:
      sec: 26
      nanosec: 780000000
    frame_id: map
  pose:
    position:
      x: 2.5610919834380623
      y: 0.07334398828288331
      z: 0.0
    orientation:
      x: 0.0
      y: 0.0
      z: -0.020239795341988068
      w: 0.9997951543613895
navigation_time:
  sec: 11
  nanosec: 244000000
estimated_time_remaining:
  sec: 8
  nanosec: 549224424
number_of_recoveries: 0
distance_remaining: 2.0207111835479736

Feedback:
    current_pose:
  header:
    stamp:
      sec: 26
      nanosec: 800000000
    frame_id: map
  pose:
    position:
      x: 2.5657640790284786
      y: 0.07314485595687978
      z: 0.0
    orientation:
      x: 0.0
      y: 0.0
      z: -0.02235280915691576
      w: 0.9997501447475735
navigation_time:
  sec: 11
  nanosec: 256000000
estimated_time_remaining:
  sec: 8
  nanosec: 451796257
number_of_recoveries: 0
distance_remaining: 1.995711326599121

Feedback:
    current_pose:
  header:
    stamp:
      sec: 26
      nanosec: 800000000
    frame_id: map
  pose:
    position:
      x: 2.5657640790284786
      y: 0.07314485595687978
      z: 0.0
    orientation:
      x: 0.0
      y: 0.0
      z: -0.02235280915691576
      w: 0.9997501447475735
navigation_time:
  sec: 11
  nanosec: 264000000
estimated_time_remaining:
  sec: 8
  nanosec: 451796257
number_of_recoveries: 0
distance_remaining: 1.995711326599121

Feedback:
    current_pose:
  header:
    stamp:
      sec: 26
      nanosec: 820000000
    frame_id: map
  pose:
    position:
      x: 2.5713482942185815
      y: 0.07614984631207929
      z: 0.0
    orientation:
      x: 0.0
      y: 0.0
      z: -0.023289520338461024
      w: 0.9997287623362671
navigation_time:
  sec: 11
  nanosec: 276000000
estimated_time_remaining:
  sec: 8
  nanosec: 355279937
number_of_recoveries: 0
distance_remaining: 1.9707112312316895

Feedback:
    current_pose:
  header:
    stamp:
      sec: 26
      nanosec: 820000000
    frame_id: map
  pose:
    position:
      x: 2.5713482942185815
      y: 0.07614984631207929
      z: 0.0
    orientation:
      x: 0.0
      y: 0.0
      z: -0.023289520338461024
      w: 0.9997287623362671
navigation_time:
  sec: 11
  nanosec: 284000000
estimated_time_remaining:
  sec: 8
  nanosec: 355279937
number_of_recoveries: 0
distance_remaining: 1.9707112312316895

Feedback:
    current_pose:
  header:
    stamp:
      sec: 26
      nanosec: 840000000
    frame_id: map
  pose:
    position:
      x: 2.5769143135862342
      y: 0.07915689742046707
      z: 0.0
    orientation:
      x: 0.0
      y: 0.0
      z: -0.024280741705116477
      w: 0.9997051793315115
navigation_time:
  sec: 11
  nanosec: 296000000
estimated_time_remaining:
  sec: 8
  nanosec: 365990316
number_of_recoveries: 0
distance_remaining: 1.9707112312316895

Feedback:
    current_pose:
  header:
    stamp:
      sec: 26
      nanosec: 840000000
    frame_id: map
  pose:
    position:
      x: 2.5769143135862342
      y: 0.07915689742046707
      z: 0.0
    orientation:
      x: 0.0
      y: 0.0
      z: -0.024280741705116477
      w: 0.9997051793315115
navigation_time:
  sec: 11
  nanosec: 304000000
estimated_time_remaining:
  sec: 8
  nanosec: 365990316
number_of_recoveries: 0
distance_remaining: 1.9707112312316895

Feedback:
    current_pose:
  header:
    stamp:
      sec: 26
      nanosec: 860000000
    frame_id: map
  pose:
    position:
      x: 2.5824310297395754
      y: 0.08216746381588419
      z: 0.0
    orientation:
      x: 0.0
      y: 0.0
      z: -0.025237142523635733
      w: 0.9996814925951375
navigation_time:
  sec: 11
  nanosec: 316000000
estimated_time_remaining:
  sec: 8
  nanosec: 380488369
number_of_recoveries: 0
distance_remaining: 1.9707112312316895

Feedback:
    current_pose:
  header:
    stamp:
      sec: 26
      nanosec: 860000000
    frame_id: map
  pose:
    position:
      x: 2.5824310297395754
      y: 0.08216746381588419
      z: 0.0
    orientation:
      x: 0.0
      y: 0.0
      z: -0.025237142523635733
      w: 0.9996814925951375
navigation_time:
  sec: 11
  nanosec: 324000000
estimated_time_remaining:
  sec: 8
  nanosec: 380488369
number_of_recoveries: 0
distance_remaining: 1.9707112312316895

Feedback:
    current_pose:
  header:
    stamp:
      sec: 26
      nanosec: 880000000
    frame_id: map
  pose:
    position:
      x: 2.5878003342609266
      y: 0.08518740728340772
      z: 0.0
    orientation:
      x: 0.0
      y: 0.0
      z: -0.026054336591359983
      w: 0.9996605281518242
navigation_time:
  sec: 11
  nanosec: 336000000
estimated_time_remaining:
  sec: 8
  nanosec: 403981514
number_of_recoveries: 0
distance_remaining: 1.9707112312316895

Feedback:
    current_pose:
  header:
    stamp:
      sec: 26
      nanosec: 880000000
    frame_id: map
  pose:
    position:
      x: 2.5878003342609266
      y: 0.08518740728340772
      z: 0.0
    orientation:
      x: 0.0
      y: 0.0
      z: -0.026054336591359983
      w: 0.9996605281518242
navigation_time:
  sec: 11
  nanosec: 344000000
estimated_time_remaining:
  sec: 8
  nanosec: 403981514
number_of_recoveries: 0
distance_remaining: 1.9707112312316895

Feedback:
    current_pose:
  header:
    stamp:
      sec: 26
      nanosec: 900000000
    frame_id: map
  pose:
    position:
      x: 2.593153077449763
      y: 0.08821059257834746
      z: 0.0
    orientation:
      x: 0.0
      y: 0.0
      z: -0.026871513203260335
      w: 0.9996388956909225
navigation_time:
  sec: 11
  nanosec: 356000000
estimated_time_remaining:
  sec: 8
  nanosec: 430162624
number_of_recoveries: 0
distance_remaining: 1.9707112312316895

Feedback:
    current_pose:
  header:
    stamp:
      sec: 26
      nanosec: 900000000
    frame_id: map
  pose:
    position:
      x: 2.593153077449763
      y: 0.08821059257834746
      z: 0.0
    orientation:
      x: 0.0
      y: 0.0
      z: -0.026871513203260335
      w: 0.9996388956909225
navigation_time:
  sec: 11
  nanosec: 364000000
estimated_time_remaining:
  sec: 8
  nanosec: 430162624
number_of_recoveries: 0
distance_remaining: 1.9707112312316895

Feedback:
    current_pose:
  header:
    stamp:
      sec: 26
      nanosec: 920000000
    frame_id: map
  pose:
    position:
      x: 2.5985116050929364
      y: 0.09123595332608542
      z: 0.0
    orientation:
      x: 0.0
      y: 0.0
      z: -0.027620330496980323
      w: 0.9996184858951126
navigation_time:
  sec: 11
  nanosec: 376000000
estimated_time_remaining:
  sec: 8
  nanosec: 451356576
number_of_recoveries: 0
distance_remaining: 1.9707112312316895

Feedback:
    current_pose:
  header:
    stamp:
      sec: 26
      nanosec: 920000000
    frame_id: map
  pose:
    position:
      x: 2.5985116050929364
      y: 0.09123595332608542
      z: 0.0
    orientation:
      x: 0.0
      y: 0.0
      z: -0.027620330496980323
      w: 0.9996184858951126
navigation_time:
  sec: 11
  nanosec: 384000000
estimated_time_remaining:
  sec: 8
  nanosec: 451356576
number_of_recoveries: 0
distance_remaining: 1.9707112312316895

Feedback:
    current_pose:
  header:
    stamp:
      sec: 26
      nanosec: 940000000
    frame_id: map
  pose:
    position:
      x: 2.603868488552762
      y: 0.09426464400329018
      z: 0.0
    orientation:
      x: 0.0
      y: 0.0
      z: -0.028323572218969306
      w: 0.9995988071505271
navigation_time:
  sec: 11
  nanosec: 396000000
estimated_time_remaining:
  sec: 8
  nanosec: 362794050
number_of_recoveries: 0
distance_remaining: 1.9457108974456787

Feedback:
    current_pose:
  header:
    stamp:
      sec: 26
      nanosec: 940000000
    frame_id: map
  pose:
    position:
      x: 2.603868488552762
      y: 0.09426464400329018
      z: 0.0
    orientation:
      x: 0.0
      y: 0.0
      z: -0.028323572218969306
      w: 0.9995988071505271
navigation_time:
  sec: 11
  nanosec: 404000000
estimated_time_remaining:
  sec: 8
  nanosec: 362794050
number_of_recoveries: 0
distance_remaining: 1.9457108974456787

Feedback:
    current_pose:
  header:
    stamp:
      sec: 26
      nanosec: 960000000
    frame_id: map
  pose:
    position:
      x: 2.6092247827368285
      y: 0.0972965994330906
      z: 0.0
    orientation:
      x: 0.0
      y: 0.0
      z: -0.029025517560042936
      w: 0.9995786709060832
navigation_time:
  sec: 11
  nanosec: 416000000
estimated_time_remaining:
  sec: 8
  nanosec: 379309526
number_of_recoveries: 0
distance_remaining: 1.9457108974456787

Feedback:
    current_pose:
  header:
    stamp:
      sec: 26
      nanosec: 960000000
    frame_id: map
  pose:
    position:
      x: 2.6092247827368285
      y: 0.0972965994330906
      z: 0.0
    orientation:
      x: 0.0
      y: 0.0
      z: -0.029025517560042936
      w: 0.9995786709060832
navigation_time:
  sec: 11
  nanosec: 424000000
estimated_time_remaining:
  sec: 8
  nanosec: 379309526
number_of_recoveries: 0
distance_remaining: 1.9457108974456787

Feedback:
    current_pose:
  header:
    stamp:
      sec: 26
      nanosec: 980000000
    frame_id: map
  pose:
    position:
      x: 2.614677535707119
      y: 0.10032627542419398
      z: 0.0
    orientation:
      x: 0.0
      y: 0.0
      z: -0.02972231925106271
      w: 0.9995581942730187
navigation_time:
  sec: 11
  nanosec: 436000000
estimated_time_remaining:
  sec: 8
  nanosec: 389039635
number_of_recoveries: 0
distance_remaining: 1.9457108974456787

Feedback:
    current_pose:
  header:
    stamp:
      sec: 26
      nanosec: 980000000
    frame_id: map
  pose:
    position:
      x: 2.614677535707119
      y: 0.10032627542419398
      z: 0.0
    orientation:
      x: 0.0
      y: 0.0
      z: -0.02972231925106271
      w: 0.9995581942730187
navigation_time:
  sec: 11
  nanosec: 444000000
estimated_time_remaining:
  sec: 8
  nanosec: 389039635
number_of_recoveries: 0
distance_remaining: 1.9457108974456787

Feedback:
    current_pose:
  header:
    stamp:
      sec: 27
      nanosec: 0
    frame_id: map
  pose:
    position:
      x: 2.620113698190742
      y: 0.10336025783132285
      z: 0.0
    orientation:
      x: 0.0
      y: 0.0
      z: -0.030419106498562408
      w: 0.9995372319027588
navigation_time:
  sec: 11
  nanosec: 456000000
estimated_time_remaining:
  sec: 8
  nanosec: 395628309
number_of_recoveries: 0
distance_remaining: 1.9457108974456787

Feedback:
    current_pose:
  header:
    stamp:
      sec: 27
      nanosec: 0
    frame_id: map
  pose:
    position:
      x: 2.620113698190742
      y: 0.10336025783132285
      z: 0.0
    orientation:
      x: 0.0
      y: 0.0
      z: -0.030419106498562408
      w: 0.9995372319027588
navigation_time:
  sec: 11
  nanosec: 464000000
estimated_time_remaining:
  sec: 8
  nanosec: 395628309
number_of_recoveries: 0
distance_remaining: 1.9457108974456787

Feedback:
    current_pose:
  header:
    stamp:
      sec: 27
      nanosec: 20000000
    frame_id: map
  pose:
    position:
      x: 2.624768493446654
      y: 0.10306767006512152
      z: 0.0
    orientation:
      x: 0.0
      y: 0.0
      z: -0.03232936305440569
      w: 0.9994772695186702
navigation_time:
  sec: 11
  nanosec: 476000000
estimated_time_remaining:
  sec: 8
  nanosec: 405455893
number_of_recoveries: 0
distance_remaining: 1.9457108974456787

Feedback:
    current_pose:
  header:
    stamp:
      sec: 27
      nanosec: 20000000
    frame_id: map
  pose:
    position:
      x: 2.624768493446654
      y: 0.10306767006512152
      z: 0.0
    orientation:
      x: 0.0
      y: 0.0
      z: -0.03232936305440569
      w: 0.9994772695186702
navigation_time:
  sec: 11
  nanosec: 484000000
estimated_time_remaining:
  sec: 8
  nanosec: 405455893
number_of_recoveries: 0
distance_remaining: 1.9457108974456787

Feedback:
    current_pose:
  header:
    stamp:
      sec: 27
      nanosec: 40000000
    frame_id: map
  pose:
    position:
      x: 2.62941480096675
      y: 0.10275799314166972
      z: 0.0
    orientation:
      x: 0.0
      y: 0.0
      z: -0.034210010075614534
      w: 0.9994146662975415
navigation_time:
  sec: 11
  nanosec: 496000000
estimated_time_remaining:
  sec: 8
  nanosec: 304197188
number_of_recoveries: 0
distance_remaining: 1.9207104444503784

Feedback:
    current_pose:
  header:
    stamp:
      sec: 27
      nanosec: 40000000
    frame_id: map
  pose:
    position:
      x: 2.62941480096675
      y: 0.10275799314166972
      z: 0.0
    orientation:
      x: 0.0
      y: 0.0
      z: -0.034210010075614534
      w: 0.9994146662975415
navigation_time:
  sec: 11
  nanosec: 504000000
estimated_time_remaining:
  sec: 8
  nanosec: 304197188
number_of_recoveries: 0
distance_remaining: 1.9207104444503784

Feedback:
    current_pose:
  header:
    stamp:
      sec: 27
      nanosec: 60000000
    frame_id: map
  pose:
    position:
      x: 2.6340758688354593
      y: 0.10242968350745885
      z: 0.0
    orientation:
      x: 0.0
      y: 0.0
      z: -0.03609158807674437
      w: 0.9993484864000637
navigation_time:
  sec: 11
  nanosec: 516000000
estimated_time_remaining:
  sec: 8
  nanosec: 305445780
number_of_recoveries: 0
distance_remaining: 1.9207104444503784

Feedback:
    current_pose:
  header:
    stamp:
      sec: 27
      nanosec: 60000000
    frame_id: map
  pose:
    position:
      x: 2.6340758688354593
      y: 0.10242968350745885
      z: 0.0
    orientation:
      x: 0.0
      y: 0.0
      z: -0.03609158807674437
      w: 0.9993484864000637
navigation_time:
  sec: 11
  nanosec: 524000000
estimated_time_remaining:
  sec: 8
  nanosec: 305445780
number_of_recoveries: 0
distance_remaining: 1.9207104444503784

Feedback:
    current_pose:
  header:
    stamp:
      sec: 27
      nanosec: 80000000
    frame_id: map
  pose:
    position:
      x: 2.638820508904968
      y: 0.10207752848019247
      z: 0.0
    orientation:
      x: 0.0
      y: 0.0
      z: -0.03797724629498826
      w: 0.9992786041759576
navigation_time:
  sec: 11
  nanosec: 536000000
estimated_time_remaining:
  sec: 8
  nanosec: 300129617
number_of_recoveries: 0
distance_remaining: 1.9207104444503784

Feedback:
    current_pose:
  header:
    stamp:
      sec: 27
      nanosec: 80000000
    frame_id: map
  pose:
    position:
      x: 2.638820508904968
      y: 0.10207752848019247
      z: 0.0
    orientation:
      x: 0.0
      y: 0.0
      z: -0.03797724629498826
      w: 0.9992786041759576
navigation_time:
  sec: 11
  nanosec: 544000000
estimated_time_remaining:
  sec: 8
  nanosec: 300129617
number_of_recoveries: 0
distance_remaining: 1.9207104444503784

Feedback:
    current_pose:
  header:
    stamp:
      sec: 27
      nanosec: 100000000
    frame_id: map
  pose:
    position:
      x: 2.643563786190353
      y: 0.10170747017787202
      z: 0.0
    orientation:
      x: 0.0
      y: 0.0
      z: -0.039862769291893876
      w: 0.9992051639300016
navigation_time:
  sec: 11
  nanosec: 556000000
estimated_time_remaining:
  sec: 8
  nanosec: 290594359
number_of_recoveries: 0
distance_remaining: 1.9207104444503784

Feedback:
    current_pose:
  header:
    stamp:
      sec: 27
      nanosec: 100000000
    frame_id: map
  pose:
    position:
      x: 2.643563786190353
      y: 0.10170747017787202
      z: 0.0
    orientation:
      x: 0.0
      y: 0.0
      z: -0.039862769291893876
      w: 0.9992051639300016
navigation_time:
  sec: 11
  nanosec: 564000000
estimated_time_remaining:
  sec: 8
  nanosec: 290594359
number_of_recoveries: 0
distance_remaining: 1.9207104444503784

Feedback:
    current_pose:
  header:
    stamp:
      sec: 27
      nanosec: 120000000
    frame_id: map
  pose:
    position:
      x: 2.6482927453448717
      y: 0.10132078841959213
      z: 0.0
    orientation:
      x: 0.0
      y: 0.0
      z: -0.041691648871174936
      w: 0.9991305252139996
navigation_time:
  sec: 11
  nanosec: 576000000
estimated_time_remaining:
  sec: 8
  nanosec: 282229136
number_of_recoveries: 0
distance_remaining: 1.9207104444503784

Feedback:
    current_pose:
  header:
    stamp:
      sec: 27
      nanosec: 120000000
    frame_id: map
  pose:
    position:
      x: 2.6482927453448717
      y: 0.10132078841959213
      z: 0.0
    orientation:
      x: 0.0
      y: 0.0
      z: -0.041691648871174936
      w: 0.9991305252139996
navigation_time:
  sec: 11
  nanosec: 584000000
estimated_time_remaining:
  sec: 8
  nanosec: 282229136
number_of_recoveries: 0
distance_remaining: 1.9207104444503784

Feedback:
    current_pose:
  header:
    stamp:
      sec: 27
      nanosec: 140000000
    frame_id: map
  pose:
    position:
      x: 2.6530170416506182
      y: 0.10091718863251586
      z: 0.0
    orientation:
      x: 0.0
      y: 0.0
      z: -0.043506264450771326
      w: 0.9990531542183028
navigation_time:
  sec: 11
  nanosec: 596000000
estimated_time_remaining:
  sec: 8
  nanosec: 166946234
number_of_recoveries: 0
distance_remaining: 1.8957111835479736

Feedback:
    current_pose:
  header:
    stamp:
      sec: 27
      nanosec: 140000000
    frame_id: map
  pose:
    position:
      x: 2.6530170416506182
      y: 0.10091718863251586
      z: 0.0
    orientation:
      x: 0.0
      y: 0.0
      z: -0.043506264450771326
      w: 0.9990531542183028
navigation_time:
  sec: 11
  nanosec: 604000000
estimated_time_remaining:
  sec: 8
  nanosec: 166946234
number_of_recoveries: 0
distance_remaining: 1.8957111835479736

Feedback:
    current_pose:
  header:
    stamp:
      sec: 27
      nanosec: 160000000
    frame_id: map
  pose:
    position:
      x: 2.657737417576177
      y: 0.1004966652365119
      z: 0.0
    orientation:
      x: 0.0
      y: 0.0
      z: -0.04530453121493633
      w: 0.9989732225897724
navigation_time:
  sec: 11
  nanosec: 616000000
estimated_time_remaining:
  sec: 8
  nanosec: 159562717
number_of_recoveries: 0
distance_remaining: 1.8957111835479736

Feedback:
    current_pose:
  header:
    stamp:
      sec: 27
      nanosec: 160000000
    frame_id: map
  pose:
    position:
      x: 2.657737417576177
      y: 0.1004966652365119
      z: 0.0
    orientation:
      x: 0.0
      y: 0.0
      z: -0.04530453121493633
      w: 0.9989732225897724
navigation_time:
  sec: 11
  nanosec: 624000000
estimated_time_remaining:
  sec: 8
  nanosec: 159562717
number_of_recoveries: 0
distance_remaining: 1.8957111835479736

Feedback:
    current_pose:
  header:
    stamp:
      sec: 27
      nanosec: 180000000
    frame_id: map
  pose:
    position:
      x: 2.6624465867185725
      y: 0.10006041301879712
      z: 0.0
    orientation:
      x: 0.0
      y: 0.0
      z: -0.04703783522939537
      w: 0.9988931084239856
navigation_time:
  sec: 11
  nanosec: 636000000
estimated_time_remaining:
  sec: 8
  nanosec: 150975964
number_of_recoveries: 0
distance_remaining: 1.8957111835479736

Feedback:
    current_pose:
  header:
    stamp:
      sec: 27
      nanosec: 180000000
    frame_id: map
  pose:
    position:
      x: 2.6624465867185725
      y: 0.10006041301879712
      z: 0.0
    orientation:
      x: 0.0
      y: 0.0
      z: -0.04703783522939537
      w: 0.9988931084239856
navigation_time:
  sec: 11
  nanosec: 644000000
estimated_time_remaining:
  sec: 8
  nanosec: 150975964
number_of_recoveries: 0
distance_remaining: 1.8957111835479736

Feedback:
    current_pose:
  header:
    stamp:
      sec: 27
      nanosec: 200000000
    frame_id: map
  pose:
    position:
      x: 2.6671542135775197
      y: 0.09960782118693157
      z: 0.0
    orientation:
      x: 0.0
      y: 0.0
      z: -0.04877099761019419
      w: 0.9988099868303814
navigation_time:
  sec: 11
  nanosec: 656000000
estimated_time_remaining:
  sec: 8
  nanosec: 133999094
number_of_recoveries: 0
distance_remaining: 1.8957111835479736

Feedback:
    current_pose:
  header:
    stamp:
      sec: 27
      nanosec: 200000000
    frame_id: map
  pose:
    position:
      x: 2.6671542135775197
      y: 0.09960782118693157
      z: 0.0
    orientation:
      x: 0.0
      y: 0.0
      z: -0.04877099761019419
      w: 0.9988099868303814
navigation_time:
  sec: 11
  nanosec: 664000000
estimated_time_remaining:
  sec: 8
  nanosec: 133999094
number_of_recoveries: 0
distance_remaining: 1.8957111835479736

Feedback:
    current_pose:
  header:
    stamp:
      sec: 27
      nanosec: 220000000
    frame_id: map
  pose:
    position:
      x: 2.6728430612021814
      y: 0.10319932048376748
      z: 0.0
    orientation:
      x: 0.0
      y: 0.0
      z: -0.048925054740406565
      w: 0.998802452449256
navigation_time:
  sec: 11
  nanosec: 676000000
estimated_time_remaining:
  sec: 8
  nanosec: 107285275
number_of_recoveries: 0
distance_remaining: 1.8957111835479736

Feedback:
    current_pose:
  header:
    stamp:
      sec: 27
      nanosec: 220000000
    frame_id: map
  pose:
    position:
      x: 2.6728430612021814
      y: 0.10319932048376748
      z: 0.0
    orientation:
      x: 0.0
      y: 0.0
      z: -0.048925054740406565
      w: 0.998802452449256
navigation_time:
  sec: 11
  nanosec: 684000000
estimated_time_remaining:
  sec: 8
  nanosec: 107285275
number_of_recoveries: 0
distance_remaining: 1.8957111835479736

Feedback:
    current_pose:
  header:
    stamp:
      sec: 27
      nanosec: 240000000
    frame_id: map
  pose:
    position:
      x: 2.6785417373574676
      y: 0.10679941814807588
      z: 0.0
    orientation:
      x: 0.0
      y: 0.0
      z: -0.04905570719421284
      w: 0.9987960440408621
navigation_time:
  sec: 11
  nanosec: 696000000
estimated_time_remaining:
  sec: 7
  nanosec: 970877014
number_of_recoveries: 0
distance_remaining: 1.8707098960876465

Feedback:
    current_pose:
  header:
    stamp:
      sec: 27
      nanosec: 240000000
    frame_id: map
  pose:
    position:
      x: 2.6785417373574676
      y: 0.10679941814807588
      z: 0.0
    orientation:
      x: 0.0
      y: 0.0
      z: -0.04905570719421284
      w: 0.9987960440408621
navigation_time:
  sec: 11
  nanosec: 704000000
estimated_time_remaining:
  sec: 7
  nanosec: 970877014
number_of_recoveries: 0
distance_remaining: 1.8707098960876465

Feedback:
    current_pose:
  header:
    stamp:
      sec: 27
      nanosec: 260000000
    frame_id: map
  pose:
    position:
      x: 2.684215670998625
      y: 0.11041148879597404
      z: 0.0
    orientation:
      x: 0.0
      y: 0.0
      z: -0.04918635880861905
      w: 0.9987896185419378
navigation_time:
  sec: 11
  nanosec: 716000000
estimated_time_remaining:
  sec: 7
  nanosec: 941744147
number_of_recoveries: 0
distance_remaining: 1.8707098960876465

Feedback:
    current_pose:
  header:
    stamp:
      sec: 27
      nanosec: 260000000
    frame_id: map
  pose:
    position:
      x: 2.684215670998625
      y: 0.11041148879597404
      z: 0.0
    orientation:
      x: 0.0
      y: 0.0
      z: -0.04918635880861905
      w: 0.9987896185419378
navigation_time:
  sec: 11
  nanosec: 724000000
estimated_time_remaining:
  sec: 7
  nanosec: 941744147
number_of_recoveries: 0
distance_remaining: 1.8707098960876465

Feedback:
    current_pose:
  header:
    stamp:
      sec: 27
      nanosec: 280000000
    frame_id: map
  pose:
    position:
      x: 2.6899265170070636
      y: 0.11402996470517365
      z: 0.0
    orientation:
      x: 0.0
      y: 0.0
      z: -0.049212700445435124
      w: 0.9987883209744034
navigation_time:
  sec: 11
  nanosec: 736000000
estimated_time_remaining:
  sec: 7
  nanosec: 911202170
number_of_recoveries: 0
distance_remaining: 1.8707098960876465

Feedback:
    current_pose:
  header:
    stamp:
      sec: 27
      nanosec: 280000000
    frame_id: map
  pose:
    position:
      x: 2.6899265170070636
      y: 0.11402996470517365
      z: 0.0
    orientation:
      x: 0.0
      y: 0.0
      z: -0.049212700445435124
      w: 0.9987883209744034
navigation_time:
  sec: 11
  nanosec: 744000000
estimated_time_remaining:
  sec: 7
  nanosec: 911202170
number_of_recoveries: 0
distance_remaining: 1.8707098960876465

Feedback:
    current_pose:
  header:
    stamp:
      sec: 27
      nanosec: 300000000
    frame_id: map
  pose:
    position:
      x: 2.6956126602141257
      y: 0.11766144867815567
      z: 0.0
    orientation:
      x: 0.0
      y: 0.0
      z: -0.04923904201511462
      w: 0.9987870227137684
navigation_time:
  sec: 11
  nanosec: 756000000
estimated_time_remaining:
  sec: 7
  nanosec: 884386462
number_of_recoveries: 0
distance_remaining: 1.8707098960876465

Feedback:
    current_pose:
  header:
    stamp:
      sec: 27
      nanosec: 300000000
    frame_id: map
  pose:
    position:
      x: 2.6956126602141257
      y: 0.11766144867815567
      z: 0.0
    orientation:
      x: 0.0
      y: 0.0
      z: -0.04923904201511462
      w: 0.9987870227137684
navigation_time:
  sec: 11
  nanosec: 764000000
estimated_time_remaining:
  sec: 7
  nanosec: 884386462
number_of_recoveries: 0
distance_remaining: 1.8707098960876465

Feedback:
    current_pose:
  header:
    stamp:
      sec: 27
      nanosec: 320000000
    frame_id: map
  pose:
    position:
      x: 2.7012514734723023
      y: 0.12130804854397838
      z: 0.0
    orientation:
      x: 0.0
      y: 0.0
      z: -0.049274933114490715
      w: 0.9987852526777528
navigation_time:
  sec: 11
  nanosec: 776000000
estimated_time_remaining:
  sec: 7
  nanosec: 864767577
number_of_recoveries: 0
distance_remaining: 1.8707098960876465

Feedback:
    current_pose:
  header:
    stamp:
      sec: 27
      nanosec: 320000000
    frame_id: map
  pose:
    position:
      x: 2.7012514734723023
      y: 0.12130804854397838
      z: 0.0
    orientation:
      x: 0.0
      y: 0.0
      z: -0.049274933114490715
      w: 0.9987852526777528
navigation_time:
  sec: 11
  nanosec: 784000000
estimated_time_remaining:
  sec: 7
  nanosec: 864767577
number_of_recoveries: 0
distance_remaining: 1.8707098960876465

Feedback:
    current_pose:
  header:
    stamp:
      sec: 27
      nanosec: 340000000
    frame_id: map
  pose:
    position:
      x: 2.7068504252129175
      y: 0.12496874536674953
      z: 0.0
    orientation:
      x: 0.0
      y: 0.0
      z: -0.04931719052065948
      w: 0.9987831670183219
navigation_time:
  sec: 11
  nanosec: 796000000
estimated_time_remaining:
  sec: 7
  nanosec: 741766415
number_of_recoveries: 0
distance_remaining: 1.8457112312316895

Feedback:
    current_pose:
  header:
    stamp:
      sec: 27
      nanosec: 340000000
    frame_id: map
  pose:
    position:
      x: 2.7068504252129175
      y: 0.12496874536674953
      z: 0.0
    orientation:
      x: 0.0
      y: 0.0
      z: -0.04931719052065948
      w: 0.9987831670183219
navigation_time:
  sec: 11
  nanosec: 804000000
estimated_time_remaining:
  sec: 7
  nanosec: 741766415
number_of_recoveries: 0
distance_remaining: 1.8457112312316895

Feedback:
    current_pose:
  header:
    stamp:
      sec: 27
      nanosec: 360000000
    frame_id: map
  pose:
    position:
      x: 2.7124404513177516
      y: 0.12864037441745177
      z: 0.0
    orientation:
      x: 0.0
      y: 0.0
      z: -0.0493652836304432
      w: 0.998780791150934
navigation_time:
  sec: 11
  nanosec: 816000000
estimated_time_remaining:
  sec: 7
  nanosec: 722972402
number_of_recoveries: 0
distance_remaining: 1.8457112312316895

Feedback:
    current_pose:
  header:
    stamp:
      sec: 27
      nanosec: 360000000
    frame_id: map
  pose:
    position:
      x: 2.7124404513177516
      y: 0.12864037441745177
      z: 0.0
    orientation:
      x: 0.0
      y: 0.0
      z: -0.0493652836304432
      w: 0.998780791150934
navigation_time:
  sec: 11
  nanosec: 824000000
estimated_time_remaining:
  sec: 7
  nanosec: 722972402
number_of_recoveries: 0
distance_remaining: 1.8457112312316895

Feedback:
    current_pose:
  header:
    stamp:
      sec: 27
      nanosec: 380000000
    frame_id: map
  pose:
    position:
      x: 2.7181543975000513
      y: 0.1323097861451319
      z: 0.0
    orientation:
      x: 0.0
      y: 0.0
      z: -0.049436719767168326
      w: 0.9987772578201122
navigation_time:
  sec: 11
  nanosec: 836000000
estimated_time_remaining:
  sec: 7
  nanosec: 696393976
number_of_recoveries: 0
distance_remaining: 1.8457112312316895

Feedback:
    current_pose:
  header:
    stamp:
      sec: 27
      nanosec: 380000000
    frame_id: map
  pose:
    position:
      x: 2.7181543975000513
      y: 0.1323097861451319
      z: 0.0
    orientation:
      x: 0.0
      y: 0.0
      z: -0.049436719767168326
      w: 0.9987772578201122
navigation_time:
  sec: 11
  nanosec: 844000000
estimated_time_remaining:
  sec: 7
  nanosec: 696393976
number_of_recoveries: 0
distance_remaining: 1.8457112312316895

Feedback:
    current_pose:
  header:
    stamp:
      sec: 27
      nanosec: 400000000
    frame_id: map
  pose:
    position:
      x: 2.7238448137860765
      y: 0.13599162629395778
      z: 0.0
    orientation:
      x: 0.0
      y: 0.0
      z: -0.049508155651334304
      w: 0.998773719379922
navigation_time:
  sec: 11
  nanosec: 856000000
estimated_time_remaining:
  sec: 7
  nanosec: 667516908
number_of_recoveries: 0
distance_remaining: 1.8457112312316895

Feedback:
    current_pose:
  header:
    stamp:
      sec: 27
      nanosec: 400000000
    frame_id: map
  pose:
    position:
      x: 2.7238448137860765
      y: 0.13599162629395778
      z: 0.0
    orientation:
      x: 0.0
      y: 0.0
      z: -0.049508155651334304
      w: 0.998773719379922
navigation_time:
  sec: 11
  nanosec: 864000000
estimated_time_remaining:
  sec: 7
  nanosec: 667516908
number_of_recoveries: 0
distance_remaining: 1.8457112312316895

Feedback:
    current_pose:
  header:
    stamp:
      sec: 27
      nanosec: 420000000
    frame_id: map
  pose:
    position:
      x: 2.728731954766034
      y: 0.13549824036717
      z: 0.0
    orientation:
      x: 0.0
      y: 0.0
      z: -0.051056997256367434
      w: 0.9986957409697726
navigation_time:
  sec: 11
  nanosec: 876000000
estimated_time_remaining:
  sec: 7
  nanosec: 543997653
number_of_recoveries: 0
distance_remaining: 1.8207100629806519

Feedback:
    current_pose:
  header:
    stamp:
      sec: 27
      nanosec: 420000000
    frame_id: map
  pose:
    position:
      x: 2.728731954766034
      y: 0.13549824036717
      z: 0.0
    orientation:
      x: 0.0
      y: 0.0
      z: -0.051056997256367434
      w: 0.9986957409697726
navigation_time:
  sec: 11
  nanosec: 884000000
estimated_time_remaining:
  sec: 7
  nanosec: 543997653
number_of_recoveries: 0
distance_remaining: 1.8207100629806519

Feedback:
    current_pose:
  header:
    stamp:
      sec: 27
      nanosec: 440000000
    frame_id: map
  pose:
    position:
      x: 2.7335944589405257
      y: 0.13499221979073578
      z: 0.0
    orientation:
      x: 0.0
      y: 0.0
      z: -0.052589117580206374
      w: 0.9986162349532152
navigation_time:
  sec: 11
  nanosec: 896000000
estimated_time_remaining:
  sec: 7
  nanosec: 529455985
number_of_recoveries: 0
distance_remaining: 1.8207100629806519

Feedback:
    current_pose:
  header:
    stamp:
      sec: 27
      nanosec: 440000000
    frame_id: map
  pose:
    position:
      x: 2.7335944589405257
      y: 0.13499221979073578
      z: 0.0
    orientation:
      x: 0.0
      y: 0.0
      z: -0.052589117580206374
      w: 0.9986162349532152
navigation_time:
  sec: 11
  nanosec: 904000000
estimated_time_remaining:
  sec: 7
  nanosec: 529455985
number_of_recoveries: 0
distance_remaining: 1.8207100629806519

Feedback:
    current_pose:
  header:
    stamp:
      sec: 27
      nanosec: 460000000
    frame_id: map
  pose:
    position:
      x: 2.7384551848145806
      y: 0.1344713237588667
      z: 0.0
    orientation:
      x: 0.0
      y: 0.0
      z: -0.05410071159908662
      w: 0.9985354840988239
navigation_time:
  sec: 11
  nanosec: 916000000
estimated_time_remaining:
  sec: 7
  nanosec: 515321171
number_of_recoveries: 0
distance_remaining: 1.8207100629806519

Feedback:
    current_pose:
  header:
    stamp:
      sec: 27
      nanosec: 460000000
    frame_id: map
  pose:
    position:
      x: 2.7384551848145806
      y: 0.1344713237588667
      z: 0.0
    orientation:
      x: 0.0
      y: 0.0
      z: -0.05410071159908662
      w: 0.9985354840988239
navigation_time:
  sec: 11
  nanosec: 924000000
estimated_time_remaining:
  sec: 7
  nanosec: 515321171
number_of_recoveries: 0
distance_remaining: 1.8207100629806519

Feedback:
    current_pose:
  header:
    stamp:
      sec: 27
      nanosec: 480000000
    frame_id: map
  pose:
    position:
      x: 2.7433135446048564
      y: 0.13393628083676695
      z: 0.0
    orientation:
      x: 0.0
      y: 0.0
      z: -0.055530578064778194
      w: 0.9984569870053449
navigation_time:
  sec: 11
  nanosec: 936000000
estimated_time_remaining:
  sec: 7
  nanosec: 501015220
number_of_recoveries: 0
distance_remaining: 1.8207100629806519

Feedback:
    current_pose:
  header:
    stamp:
      sec: 27
      nanosec: 480000000
    frame_id: map
  pose:
    position:
      x: 2.7433135446048564
      y: 0.13393628083676695
      z: 0.0
    orientation:
      x: 0.0
      y: 0.0
      z: -0.055530578064778194
      w: 0.9984569870053449
navigation_time:
  sec: 11
  nanosec: 944000000
estimated_time_remaining:
  sec: 7
  nanosec: 501015220
number_of_recoveries: 0
distance_remaining: 1.8207100629806519

Feedback:
    current_pose:
  header:
    stamp:
      sec: 27
      nanosec: 500000000
    frame_id: map
  pose:
    position:
      x: 2.7481703520874587
      y: 0.13338732559495864
      z: 0.0
    orientation:
      x: 0.0
      y: 0.0
      z: -0.05696033063472166
      w: 0.998376442397347
navigation_time:
  sec: 11
  nanosec: 956000000
estimated_time_remaining:
  sec: 7
  nanosec: 486217818
number_of_recoveries: 0
distance_remaining: 1.8207100629806519

Feedback:
    current_pose:
  header:
    stamp:
      sec: 27
      nanosec: 500000000
    frame_id: map
  pose:
    position:
      x: 2.7481703520874587
      y: 0.13338732559495864
      z: 0.0
    orientation:
      x: 0.0
      y: 0.0
      z: -0.05696033063472166
      w: 0.998376442397347
navigation_time:
  sec: 11
  nanosec: 964000000
estimated_time_remaining:
  sec: 7
  nanosec: 486217818
number_of_recoveries: 0
distance_remaining: 1.8207100629806519

Feedback:
    current_pose:
  header:
    stamp:
      sec: 27
      nanosec: 520000000
    frame_id: map
  pose:
    position:
      x: 2.753042141373339
      y: 0.13282244596904147
      z: 0.0
    orientation:
      x: 0.0
      y: 0.0
      z: -0.05841278051812134
      w: 0.9982925157848983
navigation_time:
  sec: 11
  nanosec: 976000000
estimated_time_remaining:
  sec: 7
  nanosec: 367643887
number_of_recoveries: 0
distance_remaining: 1.7957111597061157

Feedback:
    current_pose:
  header:
    stamp:
      sec: 27
      nanosec: 520000000
    frame_id: map
  pose:
    position:
      x: 2.753042141373339
      y: 0.13282244596904147
      z: 0.0
    orientation:
      x: 0.0
      y: 0.0
      z: -0.05841278051812134
      w: 0.9982925157848983
navigation_time:
  sec: 11
  nanosec: 984000000
estimated_time_remaining:
  sec: 7
  nanosec: 367643887
number_of_recoveries: 0
distance_remaining: 1.7957111597061157

Feedback:
    current_pose:
  header:
    stamp:
      sec: 27
      nanosec: 540000000
    frame_id: map
  pose:
    position:
      x: 2.75791640578529
      y: 0.1322428549778883
      z: 0.0
    orientation:
      x: 0.0
      y: 0.0
      z: -0.059870809807078436
      w: 0.9982061340890692
navigation_time:
  sec: 11
  nanosec: 996000000
estimated_time_remaining:
  sec: 7
  nanosec: 353286777
number_of_recoveries: 0
distance_remaining: 1.7957111597061157

Feedback:
    current_pose:
  header:
    stamp:
      sec: 27
      nanosec: 540000000
    frame_id: map
  pose:
    position:
      x: 2.75791640578529
      y: 0.1322428549778883
      z: 0.0
    orientation:
      x: 0.0
      y: 0.0
      z: -0.059870809807078436
      w: 0.9982061340890692
navigation_time:
  sec: 12
  nanosec: 4000000
estimated_time_remaining:
  sec: 7
  nanosec: 353286777
number_of_recoveries: 0
distance_remaining: 1.7957111597061157

Feedback:
    current_pose:
  header:
    stamp:
      sec: 27
      nanosec: 560000000
    frame_id: map
  pose:
    position:
      x: 2.762797200543279
      y: 0.13164800680918937
      z: 0.0
    orientation:
      x: 0.0
      y: 0.0
      z: -0.06133530392741972
      w: 0.9981172178116812
navigation_time:
  sec: 12
  nanosec: 16000000
estimated_time_remaining:
  sec: 7
  nanosec: 342362714
number_of_recoveries: 0
distance_remaining: 1.7957111597061157

Feedback:
    current_pose:
  header:
    stamp:
      sec: 27
      nanosec: 560000000
    frame_id: map
  pose:
    position:
      x: 2.762797200543279
      y: 0.13164800680918937
      z: 0.0
    orientation:
      x: 0.0
      y: 0.0
      z: -0.06133530392741972
      w: 0.9981172178116812
navigation_time:
  sec: 12
  nanosec: 24000000
estimated_time_remaining:
  sec: 7
  nanosec: 342362714
number_of_recoveries: 0
distance_remaining: 1.7957111597061157

Feedback:
    current_pose:
  header:
    stamp:
      sec: 27
      nanosec: 580000000
    frame_id: map
  pose:
    position:
      x: 2.767709183336399
      y: 0.13103457632194382
      z: 0.0
    orientation:
      x: 0.0
      y: 0.0
      z: -0.06282603385090543
      w: 0.9980244934221629
navigation_time:
  sec: 12
  nanosec: 36000000
estimated_time_remaining:
  sec: 7
  nanosec: 331151612
number_of_recoveries: 0
distance_remaining: 1.7957111597061157

Feedback:
    current_pose:
  header:
    stamp:
      sec: 27
      nanosec: 580000000
    frame_id: map
  pose:
    position:
      x: 2.767709183336399
      y: 0.13103457632194382
      z: 0.0
    orientation:
      x: 0.0
      y: 0.0
      z: -0.06282603385090543
      w: 0.9980244934221629
navigation_time:
  sec: 12
  nanosec: 44000000
estimated_time_remaining:
  sec: 7
  nanosec: 331151612
number_of_recoveries: 0
distance_remaining: 1.7957111597061157

Feedback:
    current_pose:
  header:
    stamp:
      sec: 27
      nanosec: 600000000
    frame_id: map
  pose:
    position:
      x: 2.7726193117631377
      y: 0.1304064754100564
      z: 0.0
    orientation:
      x: 0.0
      y: 0.0
      z: -0.06431662361759312
      w: 0.9979295425662239
navigation_time:
  sec: 12
  nanosec: 56000000
estimated_time_remaining:
  sec: 7
  nanosec: 321313252
number_of_recoveries: 0
distance_remaining: 1.7957111597061157

Feedback:
    current_pose:
  header:
    stamp:
      sec: 27
      nanosec: 600000000
    frame_id: map
  pose:
    position:
      x: 2.7726193117631377
      y: 0.1304064754100564
      z: 0.0
    orientation:
      x: 0.0
      y: 0.0
      z: -0.06431662361759312
      w: 0.9979295425662239
navigation_time:
  sec: 12
  nanosec: 64000000
estimated_time_remaining:
  sec: 7
  nanosec: 321313252
number_of_recoveries: 0
distance_remaining: 1.7957111597061157

Feedback:
    current_pose:
  header:
    stamp:
      sec: 27
      nanosec: 620000000
    frame_id: map
  pose:
    position:
      x: 2.778075465305157
      y: 0.13200907386964134
      z: 0.0
    orientation:
      x: 0.0
      y: 0.0
      z: -0.06505385346082497
      w: 0.9978817545931471
navigation_time:
  sec: 12
  nanosec: 76000000
estimated_time_remaining:
  sec: 7
  nanosec: 210353972
number_of_recoveries: 0
distance_remaining: 1.7707107067108154

Feedback:
    current_pose:
  header:
    stamp:
      sec: 27
      nanosec: 620000000
    frame_id: map
  pose:
    position:
      x: 2.778075465305157
      y: 0.13200907386964134
      z: 0.0
    orientation:
      x: 0.0
      y: 0.0
      z: -0.06505385346082497
      w: 0.9978817545931471
navigation_time:
  sec: 12
  nanosec: 84000000
estimated_time_remaining:
  sec: 7
  nanosec: 210353972
number_of_recoveries: 0
distance_remaining: 1.7707107067108154

Feedback:
    current_pose:
  header:
    stamp:
      sec: 27
      nanosec: 640000000
    frame_id: map
  pose:
    position:
      x: 2.7835368969886525
      y: 0.13360984768475798
      z: 0.0
    orientation:
      x: 0.0
      y: 0.0
      z: -0.06579399924503468
      w: 0.9978332273798786
navigation_time:
  sec: 12
  nanosec: 96000000
estimated_time_remaining:
  sec: 7
  nanosec: 197572509
number_of_recoveries: 0
distance_remaining: 1.7707107067108154

Feedback:
    current_pose:
  header:
    stamp:
      sec: 27
      nanosec: 640000000
    frame_id: map
  pose:
    position:
      x: 2.7835368969886525
      y: 0.13360984768475798
      z: 0.0
    orientation:
      x: 0.0
      y: 0.0
      z: -0.06579399924503468
      w: 0.9978332273798786
navigation_time:
  sec: 12
  nanosec: 104000000
estimated_time_remaining:
  sec: 7
  nanosec: 197572509
number_of_recoveries: 0
distance_remaining: 1.7707107067108154

Feedback:
    current_pose:
  header:
    stamp:
      sec: 27
      nanosec: 660000000
    frame_id: map
  pose:
    position:
      x: 2.7889977721734054
      y: 0.1352095239904523
      z: 0.0
    orientation:
      x: 0.0
      y: 0.0
      z: -0.06652744999387006
      w: 0.9977845951894193
navigation_time:
  sec: 12
  nanosec: 116000000
estimated_time_remaining:
  sec: 7
  nanosec: 182291714
number_of_recoveries: 0
distance_remaining: 1.7707107067108154

Feedback:
    current_pose:
  header:
    stamp:
      sec: 27
      nanosec: 660000000
    frame_id: map
  pose:
    position:
      x: 2.7889977721734054
      y: 0.1352095239904523
      z: 0.0
    orientation:
      x: 0.0
      y: 0.0
      z: -0.06652744999387006
      w: 0.9977845951894193
navigation_time:
  sec: 12
  nanosec: 124000000
estimated_time_remaining:
  sec: 7
  nanosec: 182291714
number_of_recoveries: 0
distance_remaining: 1.7707107067108154

Feedback:
    current_pose:
  header:
    stamp:
      sec: 27
      nanosec: 680000000
    frame_id: map
  pose:
    position:
      x: 2.7944762333239805
      y: 0.13680589284064104
      z: 0.0
    orientation:
      x: 0.0
      y: 0.0
      z: -0.06723423067838682
      w: 0.9977372190236693
navigation_time:
  sec: 12
  nanosec: 136000000
estimated_time_remaining:
  sec: 7
  nanosec: 165734133
number_of_recoveries: 0
distance_remaining: 1.7707107067108154

Feedback:
    current_pose:
  header:
    stamp:
      sec: 27
      nanosec: 680000000
    frame_id: map
  pose:
    position:
      x: 2.7944762333239805
      y: 0.13680589284064104
      z: 0.0
    orientation:
      x: 0.0
      y: 0.0
      z: -0.06723423067838682
      w: 0.9977372190236693
navigation_time:
  sec: 12
  nanosec: 144000000
estimated_time_remaining:
  sec: 7
  nanosec: 165734133
number_of_recoveries: 0
distance_remaining: 1.7707107067108154

Feedback:
    current_pose:
  header:
    stamp:
      sec: 27
      nanosec: 700000000
    frame_id: map
  pose:
    position:
      x: 2.799948120298009
      y: 0.13840228243837993
      z: 0.0
    orientation:
      x: 0.0
      y: 0.0
      z: -0.0679409776257279
      w: 0.9976893422099189
navigation_time:
  sec: 12
  nanosec: 156000000
estimated_time_remaining:
  sec: 7
  nanosec: 155624355
number_of_recoveries: 0
distance_remaining: 1.7707107067108154

Feedback:
    current_pose:
  header:
    stamp:
      sec: 27
      nanosec: 700000000
    frame_id: map
  pose:
    position:
      x: 2.799948120298009
      y: 0.13840228243837993
      z: 0.0
    orientation:
      x: 0.0
      y: 0.0
      z: -0.0679409776257279
      w: 0.9976893422099189
navigation_time:
  sec: 12
  nanosec: 164000000
estimated_time_remaining:
  sec: 7
  nanosec: 155624355
number_of_recoveries: 0
distance_remaining: 1.7707107067108154

Feedback:
    current_pose:
  header:
    stamp:
      sec: 27
      nanosec: 720000000
    frame_id: map
  pose:
    position:
      x: 2.8053990732895695
      y: 0.14000095214363828
      z: 0.0
    orientation:
      x: 0.0
      y: 0.0
      z: -0.06857361157248998
      w: 0.9976460593797308
navigation_time:
  sec: 12
  nanosec: 176000000
estimated_time_remaining:
  sec: 7
  nanosec: 52012184
number_of_recoveries: 0
distance_remaining: 1.7457102537155151

Feedback:
    current_pose:
  header:
    stamp:
      sec: 27
      nanosec: 720000000
    frame_id: map
  pose:
    position:
      x: 2.8053990732895695
      y: 0.14000095214363828
      z: 0.0
    orientation:
      x: 0.0
      y: 0.0
      z: -0.06857361157248998
      w: 0.9976460593797308
navigation_time:
  sec: 12
  nanosec: 184000000
estimated_time_remaining:
  sec: 7
  nanosec: 52012184
number_of_recoveries: 0
distance_remaining: 1.7457102537155151

Feedback:
    current_pose:
  header:
    stamp:
      sec: 27
      nanosec: 740000000
    frame_id: map
  pose:
    position:
      x: 2.8108399591441375
      y: 0.1416010214665554
      z: 0.0
    orientation:
      x: 0.0
      y: 0.0
      z: -0.06918769893361017
      w: 0.9976036599352831
navigation_time:
  sec: 12
  nanosec: 196000000
estimated_time_remaining:
  sec: 7
  nanosec: 46170412
number_of_recoveries: 0
distance_remaining: 1.7457102537155151

Feedback:
    current_pose:
  header:
    stamp:
      sec: 27
      nanosec: 740000000
    frame_id: map
  pose:
    position:
      x: 2.8108399591441375
      y: 0.1416010214665554
      z: 0.0
    orientation:
      x: 0.0
      y: 0.0
      z: -0.06918769893361017
      w: 0.9976036599352831
navigation_time:
  sec: 12
  nanosec: 204000000
estimated_time_remaining:
  sec: 7
  nanosec: 46170412
number_of_recoveries: 0
distance_remaining: 1.7457102537155151

Feedback:
    current_pose:
  header:
    stamp:
      sec: 27
      nanosec: 760000000
    frame_id: map
  pose:
    position:
      x: 2.816249060004019
      y: 0.14320552951461052
      z: 0.0
    orientation:
      x: 0.0
      y: 0.0
      z: -0.06983133495690678
      w: 0.9975588126311833
navigation_time:
  sec: 12
  nanosec: 216000000
estimated_time_remaining:
  sec: 7
  nanosec: 36484451
number_of_recoveries: 0
distance_remaining: 1.7457102537155151

Feedback:
    current_pose:
  header:
    stamp:
      sec: 27
      nanosec: 760000000
    frame_id: map
  pose:
    position:
      x: 2.816249060004019
      y: 0.14320552951461052
      z: 0.0
    orientation:
      x: 0.0
      y: 0.0
      z: -0.06983133495690678
      w: 0.9975588126311833
navigation_time:
  sec: 12
  nanosec: 224000000
estimated_time_remaining:
  sec: 7
  nanosec: 36484451
number_of_recoveries: 0
distance_remaining: 1.7457102537155151

Feedback:
    current_pose:
  header:
    stamp:
      sec: 27
      nanosec: 780000000
    frame_id: map
  pose:
    position:
      x: 2.821550315237809
      y: 0.14482415087694867
      z: 0.0
    orientation:
      x: 0.0
      y: 0.0
      z: -0.07059323544726176
      w: 0.997505185504861
navigation_time:
  sec: 12
  nanosec: 236000000
estimated_time_remaining:
  sec: 7
  nanosec: 31439290
number_of_recoveries: 0
distance_remaining: 1.7457102537155151

Feedback:
    current_pose:
  header:
    stamp:
      sec: 27
      nanosec: 780000000
    frame_id: map
  pose:
    position:
      x: 2.821550315237809
      y: 0.14482415087694867
      z: 0.0
    orientation:
      x: 0.0
      y: 0.0
      z: -0.07059323544726176
      w: 0.997505185504861
navigation_time:
  sec: 12
  nanosec: 244000000
estimated_time_remaining:
  sec: 7
  nanosec: 31439290
number_of_recoveries: 0
distance_remaining: 1.7457102537155151

Feedback:
    current_pose:
  header:
    stamp:
      sec: 27
      nanosec: 800000000
    frame_id: map
  pose:
    position:
      x: 2.8268448677149984
      y: 0.14644219536684422
      z: 0.0
    orientation:
      x: 0.0
      y: 0.0
      z: -0.07135509479244714
      w: 0.9974509764630846
navigation_time:
  sec: 12
  nanosec: 256000000
estimated_time_remaining:
  sec: 7
  nanosec: 30875307
number_of_recoveries: 0
distance_remaining: 1.7457102537155151

Feedback:
    current_pose:
  header:
    stamp:
      sec: 27
      nanosec: 800000000
    frame_id: map
  pose:
    position:
      x: 2.8268448677149984
      y: 0.14644219536684422
      z: 0.0
    orientation:
      x: 0.0
      y: 0.0
      z: -0.07135509479244714
      w: 0.9974509764630846
navigation_time:
  sec: 12
  nanosec: 264000000
estimated_time_remaining:
  sec: 7
  nanosec: 30875307
number_of_recoveries: 0
distance_remaining: 1.7457102537155151

Feedback:
    current_pose:
  header:
    stamp:
      sec: 27
      nanosec: 820000000
    frame_id: map
  pose:
    position:
      x: 2.8316982810411977
      y: 0.14573664125635044
      z: 0.0
    orientation:
      x: 0.0
      y: 0.0
      z: -0.07287862517372648
      w: 0.9973408173702646
navigation_time:
  sec: 12
  nanosec: 276000000
estimated_time_remaining:
  sec: 6
  nanosec: 929165467
number_of_recoveries: 0
distance_remaining: 1.7207107543945312

Feedback:
    current_pose:
  header:
    stamp:
      sec: 27
      nanosec: 820000000
    frame_id: map
  pose:
    position:
      x: 2.8316982810411977
      y: 0.14573664125635044
      z: 0.0
    orientation:
      x: 0.0
      y: 0.0
      z: -0.07287862517372648
      w: 0.9973408173702646
navigation_time:
  sec: 12
  nanosec: 284000000
estimated_time_remaining:
  sec: 6
  nanosec: 929165467
number_of_recoveries: 0
distance_remaining: 1.7207107543945312

Feedback:
    current_pose:
  header:
    stamp:
      sec: 27
      nanosec: 840000000
    frame_id: map
  pose:
    position:
      x: 2.8365560556194054
      y: 0.14501531386751187
      z: 0.0
    orientation:
      x: 0.0
      y: 0.0
      z: -0.07440002893906814
      w: 0.9972284771775554
navigation_time:
  sec: 12
  nanosec: 296000000
estimated_time_remaining:
  sec: 7
  nanosec: 27461059
number_of_recoveries: 0
distance_remaining: 1.7453763484954834

Feedback:
    current_pose:
  header:
    stamp:
      sec: 27
      nanosec: 840000000
    frame_id: map
  pose:
    position:
      x: 2.8365560556194054
      y: 0.14501531386751187
      z: 0.0
    orientation:
      x: 0.0
      y: 0.0
      z: -0.07440002893906814
      w: 0.9972284771775554
navigation_time:
  sec: 12
  nanosec: 304000000
estimated_time_remaining:
  sec: 7
  nanosec: 27461059
number_of_recoveries: 0
distance_remaining: 1.7453763484954834

Feedback:
    current_pose:
  header:
    stamp:
      sec: 27
      nanosec: 860000000
    frame_id: map
  pose:
    position:
      x: 2.8414116067541113
      y: 0.14427916834329732
      z: 0.0
    orientation:
      x: 0.0
      y: 0.0
      z: -0.07592125955398611
      w: 0.9971138161452464
navigation_time:
  sec: 12
  nanosec: 316000000
estimated_time_remaining:
  sec: 7
  nanosec: 27061254
number_of_recoveries: 0
distance_remaining: 1.7453763484954834

Feedback:
    current_pose:
  header:
    stamp:
      sec: 27
      nanosec: 860000000
    frame_id: map
  pose:
    position:
      x: 2.8414116067541113
      y: 0.14427916834329732
      z: 0.0
    orientation:
      x: 0.0
      y: 0.0
      z: -0.07592125955398611
      w: 0.9971138161452464
navigation_time:
  sec: 12
  nanosec: 324000000
estimated_time_remaining:
  sec: 7
  nanosec: 27061254
number_of_recoveries: 0
distance_remaining: 1.7453763484954834

Feedback:
    current_pose:
  header:
    stamp:
      sec: 27
      nanosec: 880000000
    frame_id: map
  pose:
    position:
      x: 2.8462264796354555
      y: 0.14353438590330936
      z: 0.0
    orientation:
      x: 0.0
      y: 0.0
      z: -0.07739556251240644
      w: 0.9970004648461245
navigation_time:
  sec: 12
  nanosec: 336000000
estimated_time_remaining:
  sec: 7
  nanosec: 28933408
number_of_recoveries: 0
distance_remaining: 1.7453763484954834

Feedback:
    current_pose:
  header:
    stamp:
      sec: 27
      nanosec: 880000000
    frame_id: map
  pose:
    position:
      x: 2.8462264796354555
      y: 0.14353438590330936
      z: 0.0
    orientation:
      x: 0.0
      y: 0.0
      z: -0.07739556251240644
      w: 0.9970004648461245
navigation_time:
  sec: 12
  nanosec: 344000000
estimated_time_remaining:
  sec: 7
  nanosec: 28933408
number_of_recoveries: 0
distance_remaining: 1.7453763484954834

Feedback:
    current_pose:
  header:
    stamp:
      sec: 27
      nanosec: 900000000
    frame_id: map
  pose:
    position:
      x: 2.851039128913939
      y: 0.14277536767739119
      z: 0.0
    orientation:
      x: 0.0
      y: 0.0
      z: -0.07886969623688442
      w: 0.9968849336886887
navigation_time:
  sec: 12
  nanosec: 356000000
estimated_time_remaining:
  sec: 7
  nanosec: 34367986
number_of_recoveries: 0
distance_remaining: 1.7453763484954834

Feedback:
    current_pose:
  header:
    stamp:
      sec: 27
      nanosec: 900000000
    frame_id: map
  pose:
    position:
      x: 2.851039128913939
      y: 0.14277536767739119
      z: 0.0
    orientation:
      x: 0.0
      y: 0.0
      z: -0.07886969623688442
      w: 0.9968849336886887
navigation_time:
  sec: 12
  nanosec: 364000000
estimated_time_remaining:
  sec: 7
  nanosec: 34367986
number_of_recoveries: 0
distance_remaining: 1.7453763484954834

Feedback:
    current_pose:
  header:
    stamp:
      sec: 27
      nanosec: 920000000
    frame_id: map
  pose:
    position:
      x: 2.8558836062073536
      y: 0.14199686003791334
      z: 0.0
    orientation:
      x: 0.0
      y: 0.0
      z: -0.08026353367790712
      w: 0.9967736780039566
navigation_time:
  sec: 12
  nanosec: 376000000
estimated_time_remaining:
  sec: 7
  nanosec: 39754746
number_of_recoveries: 0
distance_remaining: 1.7453763484954834

Feedback:
    current_pose:
  header:
    stamp:
      sec: 27
      nanosec: 920000000
    frame_id: map
  pose:
    position:
      x: 2.8558836062073536
      y: 0.14199686003791334
      z: 0.0
    orientation:
      x: 0.0
      y: 0.0
      z: -0.08026353367790712
      w: 0.9967736780039566
navigation_time:
  sec: 12
  nanosec: 384000000
estimated_time_remaining:
  sec: 7
  nanosec: 39754746
number_of_recoveries: 0
distance_remaining: 1.7453763484954834

Feedback:
    current_pose:
  header:
    stamp:
      sec: 27
      nanosec: 940000000
    frame_id: map
  pose:
    position:
      x: 2.8607486547543606
      y: 0.14120153156333892
      z: 0.0
    orientation:
      x: 0.0
      y: 0.0
      z: -0.08160380401952733
      w: 0.9966648479652237
navigation_time:
  sec: 12
  nanosec: 396000000
estimated_time_remaining:
  sec: 7
  nanosec: 44721764
number_of_recoveries: 0
distance_remaining: 1.7453763484954834

Feedback:
    current_pose:
  header:
    stamp:
      sec: 27
      nanosec: 940000000
    frame_id: map
  pose:
    position:
      x: 2.8607486547543606
      y: 0.14120153156333892
      z: 0.0
    orientation:
      x: 0.0
      y: 0.0
      z: -0.08160380401952733
      w: 0.9966648479652237
navigation_time:
  sec: 12
  nanosec: 404000000
estimated_time_remaining:
  sec: 7
  nanosec: 44721764
number_of_recoveries: 0
distance_remaining: 1.7453763484954834

Feedback:
    current_pose:
  header:
    stamp:
      sec: 27
      nanosec: 960000000
    frame_id: map
  pose:
    position:
      x: 2.8656092663248307
      y: 0.14039351535703026
      z: 0.0
    orientation:
      x: 0.0
      y: 0.0
      z: -0.08293230163079959
      w: 0.9965551832920334
navigation_time:
  sec: 12
  nanosec: 416000000
estimated_time_remaining:
  sec: 6
  nanosec: 934457834
number_of_recoveries: 0
distance_remaining: 1.716421365737915

Feedback:
    current_pose:
  header:
    stamp:
      sec: 27
      nanosec: 960000000
    frame_id: map
  pose:
    position:
      x: 2.8656092663248307
      y: 0.14039351535703026
      z: 0.0
    orientation:
      x: 0.0
      y: 0.0
      z: -0.08293230163079959
      w: 0.9965551832920334
navigation_time:
  sec: 12
  nanosec: 424000000
estimated_time_remaining:
  sec: 6
  nanosec: 934457834
number_of_recoveries: 0
distance_remaining: 1.716421365737915

Feedback:
    current_pose:
  header:
    stamp:
      sec: 27
      nanosec: 980000000
    frame_id: map
  pose:
    position:
      x: 2.8704586250289266
      y: 0.1395743548359728
      z: 0.0
    orientation:
      x: 0.0
      y: 0.0
      z: -0.08421415622213407
      w: 0.9964476784517058
navigation_time:
  sec: 12
  nanosec: 436000000
estimated_time_remaining:
  sec: 6
  nanosec: 942374761
number_of_recoveries: 0
distance_remaining: 1.716421365737915

Feedback:
    current_pose:
  header:
    stamp:
      sec: 27
      nanosec: 980000000
    frame_id: map
  pose:
    position:
      x: 2.8704586250289266
      y: 0.1395743548359728
      z: 0.0
    orientation:
      x: 0.0
      y: 0.0
      z: -0.08421415622213407
      w: 0.9964476784517058
navigation_time:
  sec: 12
  nanosec: 444000000
estimated_time_remaining:
  sec: 6
  nanosec: 942374761
number_of_recoveries: 0
distance_remaining: 1.716421365737915

Feedback:
    current_pose:
  header:
    stamp:
      sec: 28
      nanosec: 0
    frame_id: map
  pose:
    position:
      x: 2.8753058602246595
      y: 0.13874272104782387
      z: 0.0
    orientation:
      x: 0.0
      y: 0.0
      z: -0.08549587145787776
      w: 0.9963385247814409
navigation_time:
  sec: 12
  nanosec: 456000000
estimated_time_remaining:
  sec: 6
  nanosec: 952057365
number_of_recoveries: 0
distance_remaining: 1.716421365737915

Feedback:
    current_pose:
  header:
    stamp:
      sec: 28
      nanosec: 0
    frame_id: map
  pose:
    position:
      x: 2.8753058602246595
      y: 0.13874272104782387
      z: 0.0
    orientation:
      x: 0.0
      y: 0.0
      z: -0.08549587145787776
      w: 0.9963385247814409
navigation_time:
  sec: 12
  nanosec: 464000000
estimated_time_remaining:
  sec: 6
  nanosec: 952057365
number_of_recoveries: 0
distance_remaining: 1.716421365737915

Feedback:
    current_pose:
  header:
    stamp:
      sec: 28
      nanosec: 20000000
    frame_id: map
  pose:
    position:
      x: 2.8806127241643975
      y: 0.1385749355966363
      z: 0.0
    orientation:
      x: 0.0
      y: 0.0
      z: -0.08630360517007565
      w: 0.9962688832512274
navigation_time:
  sec: 12
  nanosec: 476000000
estimated_time_remaining:
  sec: 6
  nanosec: 961364739
number_of_recoveries: 0
distance_remaining: 1.716421365737915

Feedback:
    current_pose:
  header:
    stamp:
      sec: 28
      nanosec: 20000000
    frame_id: map
  pose:
    position:
      x: 2.8806127241643975
      y: 0.1385749355966363
      z: 0.0
    orientation:
      x: 0.0
      y: 0.0
      z: -0.08630360517007565
      w: 0.9962688832512274
navigation_time:
  sec: 12
  nanosec: 484000000
estimated_time_remaining:
  sec: 6
  nanosec: 961364739
number_of_recoveries: 0
distance_remaining: 1.716421365737915

Feedback:
    current_pose:
  header:
    stamp:
      sec: 28
      nanosec: 40000000
    frame_id: map
  pose:
    position:
      x: 2.885925827891187
      y: 0.1384012111705787
      z: 0.0
    orientation:
      x: 0.0
      y: 0.0
      z: -0.08707422733976548
      w: 0.9962018264052636
navigation_time:
  sec: 12
  nanosec: 496000000
estimated_time_remaining:
  sec: 6
  nanosec: 968203344
number_of_recoveries: 0
distance_remaining: 1.716421365737915

Feedback:
    current_pose:
  header:
    stamp:
      sec: 28
      nanosec: 40000000
    frame_id: map
  pose:
    position:
      x: 2.885925827891187
      y: 0.1384012111705787
      z: 0.0
    orientation:
      x: 0.0
      y: 0.0
      z: -0.08707422733976548
      w: 0.9962018264052636
navigation_time:
  sec: 12
  nanosec: 504000000
estimated_time_remaining:
  sec: 6
  nanosec: 968203344
number_of_recoveries: 0
distance_remaining: 1.716421365737915

Feedback:
    current_pose:
  header:
    stamp:
      sec: 28
      nanosec: 60000000
    frame_id: map
  pose:
    position:
      x: 2.8912372902751486
      y: 0.1382229682177586
      z: 0.0
    orientation:
      x: 0.0
      y: 0.0
      z: -0.08782430941137535
      w: 0.9961359800129774
navigation_time:
  sec: 12
  nanosec: 516000000
estimated_time_remaining:
  sec: 6
  nanosec: 872285335
number_of_recoveries: 0
distance_remaining: 1.6914206743240356

Feedback:
    current_pose:
  header:
    stamp:
      sec: 28
      nanosec: 60000000
    frame_id: map
  pose:
    position:
      x: 2.8912372902751486
      y: 0.1382229682177586
      z: 0.0
    orientation:
      x: 0.0
      y: 0.0
      z: -0.08782430941137535
      w: 0.9961359800129774
navigation_time:
  sec: 12
  nanosec: 524000000
estimated_time_remaining:
  sec: 6
  nanosec: 872285335
number_of_recoveries: 0
distance_remaining: 1.6914206743240356

Feedback:
    current_pose:
  header:
    stamp:
      sec: 28
      nanosec: 80000000
    frame_id: map
  pose:
    position:
      x: 2.8965483288117246
      y: 0.13804067284526644
      z: 0.0
    orientation:
      x: 0.0
      y: 0.0
      z: -0.08849239478745324
      w: 0.9960768524891951
navigation_time:
  sec: 12
  nanosec: 536000000
estimated_time_remaining:
  sec: 6
  nanosec: 876515559
number_of_recoveries: 0
distance_remaining: 1.6914206743240356

Feedback:
    current_pose:
  header:
    stamp:
      sec: 28
      nanosec: 80000000
    frame_id: map
  pose:
    position:
      x: 2.8965483288117246
      y: 0.13804067284526644
      z: 0.0
    orientation:
      x: 0.0
      y: 0.0
      z: -0.08849239478745324
      w: 0.9960768524891951
navigation_time:
  sec: 12
  nanosec: 544000000
estimated_time_remaining:
  sec: 6
  nanosec: 876515559
number_of_recoveries: 0
distance_remaining: 1.6914206743240356

Feedback:
    current_pose:
  header:
    stamp:
      sec: 28
      nanosec: 100000000
    frame_id: map
  pose:
    position:
      x: 2.9018575162192213
      y: 0.13785490862776328
      z: 0.0
    orientation:
      x: 0.0
      y: 0.0
      z: -0.08916044033685969
      w: 0.9960172768978144
navigation_time:
  sec: 12
  nanosec: 556000000
estimated_time_remaining:
  sec: 6
  nanosec: 875102063
number_of_recoveries: 0
distance_remaining: 1.6914206743240356

Feedback:
    current_pose:
  header:
    stamp:
      sec: 28
      nanosec: 100000000
    frame_id: map
  pose:
    position:
      x: 2.9018575162192213
      y: 0.13785490862776328
      z: 0.0
    orientation:
      x: 0.0
      y: 0.0
      z: -0.08916044033685969
      w: 0.9960172768978144
navigation_time:
  sec: 12
  nanosec: 564000000
estimated_time_remaining:
  sec: 6
  nanosec: 875102063
number_of_recoveries: 0
distance_remaining: 1.6914206743240356

Feedback:
    current_pose:
  header:
    stamp:
      sec: 28
      nanosec: 120000000
    frame_id: map
  pose:
    position:
      x: 2.9071762374322256
      y: 0.13766367993655737
      z: 0.0
    orientation:
      x: 0.0
      y: 0.0
      z: -0.08980592713589396
      w: 0.9959592840328677
navigation_time:
  sec: 12
  nanosec: 576000000
estimated_time_remaining:
  sec: 6
  nanosec: 868726792
number_of_recoveries: 0
distance_remaining: 1.6914206743240356

Feedback:
    current_pose:
  header:
    stamp:
      sec: 28
      nanosec: 120000000
    frame_id: map
  pose:
    position:
      x: 2.9071762374322256
      y: 0.13766367993655737
      z: 0.0
    orientation:
      x: 0.0
      y: 0.0
      z: -0.08980592713589396
      w: 0.9959592840328677
navigation_time:
  sec: 12
  nanosec: 584000000
estimated_time_remaining:
  sec: 6
  nanosec: 868726792
number_of_recoveries: 0
distance_remaining: 1.6914206743240356

Feedback:
    current_pose:
  header:
    stamp:
      sec: 28
      nanosec: 140000000
    frame_id: map
  pose:
    position:
      x: 2.9125007408006858
      y: 0.13746793749284003
      z: 0.0
    orientation:
      x: 0.0
      y: 0.0
      z: -0.09043636462144136
      w: 0.9959022361427138
navigation_time:
  sec: 12
  nanosec: 596000000
estimated_time_remaining:
  sec: 6
  nanosec: 861956050
number_of_recoveries: 0
distance_remaining: 1.6914206743240356

Feedback:
    current_pose:
  header:
    stamp:
      sec: 28
      nanosec: 140000000
    frame_id: map
  pose:
    position:
      x: 2.9125007408006858
      y: 0.13746793749284003
      z: 0.0
    orientation:
      x: 0.0
      y: 0.0
      z: -0.09043636462144136
      w: 0.9959022361427138
navigation_time:
  sec: 12
  nanosec: 604000000
estimated_time_remaining:
  sec: 6
  nanosec: 861956050
number_of_recoveries: 0
distance_remaining: 1.6914206743240356

Feedback:
    current_pose:
  header:
    stamp:
      sec: 28
      nanosec: 160000000
    frame_id: map
  pose:
    position:
      x: 2.917826254668961
      y: 0.13726857534137338
      z: 0.0
    orientation:
      x: 0.0
      y: 0.0
      z: -0.09105638932705114
      w: 0.9958457380351239
navigation_time:
  sec: 12
  nanosec: 616000000
estimated_time_remaining:
  sec: 6
  nanosec: 754130717
number_of_recoveries: 0
distance_remaining: 1.666420817375183

Feedback:
    current_pose:
  header:
    stamp:
      sec: 28
      nanosec: 160000000
    frame_id: map
  pose:
    position:
      x: 2.917826254668961
      y: 0.13726857534137338
      z: 0.0
    orientation:
      x: 0.0
      y: 0.0
      z: -0.09105638932705114
      w: 0.9958457380351239
navigation_time:
  sec: 12
  nanosec: 624000000
estimated_time_remaining:
  sec: 6
  nanosec: 754130717
number_of_recoveries: 0
distance_remaining: 1.666420817375183

Feedback:
    current_pose:
  header:
    stamp:
      sec: 28
      nanosec: 180000000
    frame_id: map
  pose:
    position:
      x: 2.9231612757501346
      y: 0.1370643712345478
      z: 0.0
    orientation:
      x: 0.0
      y: 0.0
      z: -0.09163487478495062
      w: 0.995792674065815
navigation_time:
  sec: 12
  nanosec: 636000000
estimated_time_remaining:
  sec: 6
  nanosec: 747411150
number_of_recoveries: 0
distance_remaining: 1.666420817375183

Feedback:
    current_pose:
  header:
    stamp:
      sec: 28
      nanosec: 180000000
    frame_id: map
  pose:
    position:
      x: 2.9231612757501346
      y: 0.1370643712345478
      z: 0.0
    orientation:
      x: 0.0
      y: 0.0
      z: -0.09163487478495062
      w: 0.995792674065815
navigation_time:
  sec: 12
  nanosec: 644000000
estimated_time_remaining:
  sec: 6
  nanosec: 747411150
number_of_recoveries: 0
distance_remaining: 1.666420817375183

Feedback:
    current_pose:
  header:
    stamp:
      sec: 28
      nanosec: 200000000
    frame_id: map
  pose:
    position:
      x: 2.9284945739023147
      y: 0.13685755918278575
      z: 0.0
    orientation:
      x: 0.0
      y: 0.0
      z: -0.09221332931554137
      w: 0.9957392740554847
navigation_time:
  sec: 12
  nanosec: 656000000
estimated_time_remaining:
  sec: 6
  nanosec: 738560691
number_of_recoveries: 0
distance_remaining: 1.666420817375183

Feedback:
    current_pose:
  header:
    stamp:
      sec: 28
      nanosec: 200000000
    frame_id: map
  pose:
    position:
      x: 2.9284945739023147
      y: 0.13685755918278575
      z: 0.0
    orientation:
      x: 0.0
      y: 0.0
      z: -0.09221332931554137
      w: 0.9957392740554847
navigation_time:
  sec: 12
  nanosec: 664000000
estimated_time_remaining:
  sec: 6
  nanosec: 738560691
number_of_recoveries: 0
distance_remaining: 1.666420817375183

Feedback:
    current_pose:
  header:
    stamp:
      sec: 28
      nanosec: 220000000
    frame_id: map
  pose:
    position:
      x: 2.9334654611395523
      y: 0.13592433065315074
      z: 0.0
    orientation:
      x: 0.0
      y: 0.0
      z: -0.09309189834208115
      w: 0.9956575206681602
navigation_time:
  sec: 12
  nanosec: 676000000
estimated_time_remaining:
  sec: 6
  nanosec: 725436785
number_of_recoveries: 0
distance_remaining: 1.666420817375183

Feedback:
    current_pose:
  header:
    stamp:
      sec: 28
      nanosec: 220000000
    frame_id: map
  pose:
    position:
      x: 2.9334654611395523
      y: 0.13592433065315074
      z: 0.0
    orientation:
      x: 0.0
      y: 0.0
      z: -0.09309189834208115
      w: 0.9956575206681602
navigation_time:
  sec: 12
  nanosec: 684000000
estimated_time_remaining:
  sec: 6
  nanosec: 725436785
number_of_recoveries: 0
distance_remaining: 1.666420817375183

Feedback:
    current_pose:
  header:
    stamp:
      sec: 28
      nanosec: 240000000
    frame_id: map
  pose:
    position:
      x: 2.9384500196616115
      y: 0.1349794962619662
      z: 0.0
    orientation:
      x: 0.0
      y: 0.0
      z: -0.09396407556298754
      w: 0.995575588543428
navigation_time:
  sec: 12
  nanosec: 696000000
estimated_time_remaining:
  sec: 6
  nanosec: 710529542
number_of_recoveries: 0
distance_remaining: 1.666420817375183

Feedback:
    current_pose:
  header:
    stamp:
      sec: 28
      nanosec: 240000000
    frame_id: map
  pose:
    position:
      x: 2.9384500196616115
      y: 0.1349794962619662
      z: 0.0
    orientation:
      x: 0.0
      y: 0.0
      z: -0.09396407556298754
      w: 0.995575588543428
navigation_time:
  sec: 12
  nanosec: 708000000
estimated_time_remaining:
  sec: 6
  nanosec: 710529542
number_of_recoveries: 0
distance_remaining: 1.666420817375183

Feedback:
    current_pose:
  header:
    stamp:
      sec: 28
      nanosec: 260000000
    frame_id: map
  pose:
    position:
      x: 2.9434177423716283
      y: 0.13402884636721102
      z: 0.0
    orientation:
      x: 0.0
      y: 0.0
      z: -0.09483466172065821
      w: 0.9954930371109223
navigation_time:
  sec: 12
  nanosec: 716000000
estimated_time_remaining:
  sec: 6
  nanosec: 597613584
number_of_recoveries: 0
distance_remaining: 1.6414207220077515

Feedback:
    current_pose:
  header:
    stamp:
      sec: 28
      nanosec: 260000000
    frame_id: map
  pose:
    position:
      x: 2.9434177423716283
      y: 0.13402884636721102
      z: 0.0
    orientation:
      x: 0.0
      y: 0.0
      z: -0.09483466172065821
      w: 0.9954930371109223
navigation_time:
  sec: 12
  nanosec: 724000000
estimated_time_remaining:
  sec: 6
  nanosec: 597613584
number_of_recoveries: 0
distance_remaining: 1.6414207220077515

Feedback:
    current_pose:
  header:
    stamp:
      sec: 28
      nanosec: 280000000
    frame_id: map
  pose:
    position:
      x: 2.9483231196963855
      y: 0.13308125702036755
      z: 0.0
    orientation:
      x: 0.0
      y: 0.0
      z: -0.09569910002980689
      w: 0.9954103084926763
navigation_time:
  sec: 12
  nanosec: 736000000
estimated_time_remaining:
  sec: 6
  nanosec: 589461552
number_of_recoveries: 0
distance_remaining: 1.6414207220077515

Feedback:
    current_pose:
  header:
    stamp:
      sec: 28
      nanosec: 280000000
    frame_id: map
  pose:
    position:
      x: 2.9483231196963855
      y: 0.13308125702036755
      z: 0.0
    orientation:
      x: 0.0
      y: 0.0
      z: -0.09569910002980689
      w: 0.9954103084926763
navigation_time:
  sec: 12
  nanosec: 744000000
estimated_time_remaining:
  sec: 6
  nanosec: 589461552
number_of_recoveries: 0
distance_remaining: 1.6414207220077515

Feedback:
    current_pose:
  header:
    stamp:
      sec: 28
      nanosec: 300000000
    frame_id: map
  pose:
    position:
      x: 2.9532268438733302
      y: 0.132125149565668
      z: 0.0
    orientation:
      x: 0.0
      y: 0.0
      z: -0.09656346617246914
      w: 0.9953268292378932
navigation_time:
  sec: 12
  nanosec: 756000000
estimated_time_remaining:
  sec: 6
  nanosec: 583401402
number_of_recoveries: 0
distance_remaining: 1.6414207220077515

Feedback:
    current_pose:
  header:
    stamp:
      sec: 28
      nanosec: 300000000
    frame_id: map
  pose:
    position:
      x: 2.9532268438733302
      y: 0.132125149565668
      z: 0.0
    orientation:
      x: 0.0
      y: 0.0
      z: -0.09656346617246914
      w: 0.9953268292378932
navigation_time:
  sec: 12
  nanosec: 764000000
estimated_time_remaining:
  sec: 6
  nanosec: 583401402
number_of_recoveries: 0
distance_remaining: 1.6414207220077515

Feedback:
    current_pose:
  header:
    stamp:
      sec: 28
      nanosec: 320000000
    frame_id: map
  pose:
    position:
      x: 2.9581044207383664
      y: 0.13116556021211878
      z: 0.0
    orientation:
      x: 0.0
      y: 0.0
      z: -0.09735961295142649
      w: 0.9952492681564495
navigation_time:
  sec: 12
  nanosec: 776000000
estimated_time_remaining:
  sec: 6
  nanosec: 578000416
number_of_recoveries: 0
distance_remaining: 1.6414207220077515

Feedback:
    current_pose:
  header:
    stamp:
      sec: 28
      nanosec: 320000000
    frame_id: map
  pose:
    position:
      x: 2.9581044207383664
      y: 0.13116556021211878
      z: 0.0
    orientation:
      x: 0.0
      y: 0.0
      z: -0.09735961295142649
      w: 0.9952492681564495
navigation_time:
  sec: 12
  nanosec: 784000000
estimated_time_remaining:
  sec: 6
  nanosec: 578000416
number_of_recoveries: 0
distance_remaining: 1.6414207220077515

Feedback:
    current_pose:
  header:
    stamp:
      sec: 28
      nanosec: 340000000
    frame_id: map
  pose:
    position:
      x: 2.9629641831536855
      y: 0.13020175809234014
      z: 0.0
    orientation:
      x: 0.0
      y: 0.0
      z: -0.09811026965834194
      w: 0.995175549834082
navigation_time:
  sec: 12
  nanosec: 796000000
estimated_time_remaining:
  sec: 6
  nanosec: 575700012
number_of_recoveries: 0
distance_remaining: 1.6414207220077515

Feedback:
    current_pose:
  header:
    stamp:
      sec: 28
      nanosec: 340000000
    frame_id: map
  pose:
    position:
      x: 2.9629641831536855
      y: 0.13020175809234014
      z: 0.0
    orientation:
      x: 0.0
      y: 0.0
      z: -0.09811026965834194
      w: 0.995175549834082
navigation_time:
  sec: 12
  nanosec: 804000000
estimated_time_remaining:
  sec: 6
  nanosec: 575700012
number_of_recoveries: 0
distance_remaining: 1.6414207220077515

Feedback:
    current_pose:
  header:
    stamp:
      sec: 28
      nanosec: 360000000
    frame_id: map
  pose:
    position:
      x: 2.967820286371735
      y: 0.12923109913110037
      z: 0.0
    orientation:
      x: 0.0
      y: 0.0
      z: -0.0988291962847103
      w: 0.9951044115879089
navigation_time:
  sec: 12
  nanosec: 816000000
estimated_time_remaining:
  sec: 6
  nanosec: 475749078
number_of_recoveries: 0
distance_remaining: 1.6164213418960571

Feedback:
    current_pose:
  header:
    stamp:
      sec: 28
      nanosec: 360000000
    frame_id: map
  pose:
    position:
      x: 2.967820286371735
      y: 0.12923109913110037
      z: 0.0
    orientation:
      x: 0.0
      y: 0.0
      z: -0.0988291962847103
      w: 0.9951044115879089
navigation_time:
  sec: 12
  nanosec: 824000000
estimated_time_remaining:
  sec: 6
  nanosec: 475749078
number_of_recoveries: 0
distance_remaining: 1.6164213418960571

Feedback:
    current_pose:
  header:
    stamp:
      sec: 28
      nanosec: 380000000
    frame_id: map
  pose:
    position:
      x: 2.9726663087592806
      y: 0.1282559404897291
      z: 0.0
    orientation:
      x: 0.0
      y: 0.0
      z: -0.09942138236279281
      w: 0.9950454204352037
navigation_time:
  sec: 12
  nanosec: 836000000
estimated_time_remaining:
  sec: 6
  nanosec: 476759094
number_of_recoveries: 0
distance_remaining: 1.6164213418960571

Feedback:
    current_pose:
  header:
    stamp:
      sec: 28
      nanosec: 380000000
    frame_id: map
  pose:
    position:
      x: 2.9726663087592806
      y: 0.1282559404897291
      z: 0.0
    orientation:
      x: 0.0
      y: 0.0
      z: -0.09942138236279281
      w: 0.9950454204352037
navigation_time:
  sec: 12
  nanosec: 844000000
estimated_time_remaining:
  sec: 6
  nanosec: 476759094
number_of_recoveries: 0
distance_remaining: 1.6164213418960571

Feedback:
    current_pose:
  header:
    stamp:
      sec: 28
      nanosec: 400000000
    frame_id: map
  pose:
    position:
      x: 2.9775111670475427
      y: 0.127275014639481
      z: 0.0
    orientation:
      x: 0.0
      y: 0.0
      z: -0.1000135331925618
      w: 0.9949860768766267
navigation_time:
  sec: 12
  nanosec: 856000000
estimated_time_remaining:
  sec: 6
  nanosec: 478210568
number_of_recoveries: 0
distance_remaining: 1.6164213418960571

Feedback:
    current_pose:
  header:
    stamp:
      sec: 28
      nanosec: 400000000
    frame_id: map
  pose:
    position:
      x: 2.9775111670475427
      y: 0.127275014639481
      z: 0.0
    orientation:
      x: 0.0
      y: 0.0
      z: -0.1000135331925618
      w: 0.9949860768766267
navigation_time:
  sec: 12
  nanosec: 864000000
estimated_time_remaining:
  sec: 6
  nanosec: 478210568
number_of_recoveries: 0
distance_remaining: 1.6164213418960571

Feedback:
    current_pose:
  header:
    stamp:
      sec: 28
      nanosec: 420000000
    frame_id: map
  pose:
    position:
      x: 2.9839601872352985
      y: 0.12701384250252068
      z: 0.0
    orientation:
      x: 0.0
      y: 0.0
      z: -0.10056760259722622
      w: 0.9949302273565953
navigation_time:
  sec: 12
  nanosec: 876000000
estimated_time_remaining:
  sec: 6
  nanosec: 481047757
number_of_recoveries: 0
distance_remaining: 1.6164213418960571

Feedback:
    current_pose:
  header:
    stamp:
      sec: 28
      nanosec: 420000000
    frame_id: map
  pose:
    position:
      x: 2.9839601872352985
      y: 0.12701384250252068
      z: 0.0
    orientation:
      x: 0.0
      y: 0.0
      z: -0.10056760259722622
      w: 0.9949302273565953
navigation_time:
  sec: 12
  nanosec: 884000000
estimated_time_remaining:
  sec: 6
  nanosec: 481047757
number_of_recoveries: 0
distance_remaining: 1.6164213418960571

Feedback:
    current_pose:
  header:
    stamp:
      sec: 28
      nanosec: 440000000
    frame_id: map
  pose:
    position:
      x: 2.9904001427413327
      y: 0.12674903998958922
      z: 0.0
    orientation:
      x: 0.0
      y: 0.0
      z: -0.10111255181295367
      w: 0.9948749930849969
navigation_time:
  sec: 12
  nanosec: 896000000
estimated_time_remaining:
  sec: 6
  nanosec: 385701060
number_of_recoveries: 0
distance_remaining: 1.5914214849472046

Feedback:
    current_pose:
  header:
    stamp:
      sec: 28
      nanosec: 440000000
    frame_id: map
  pose:
    position:
      x: 2.9904001427413327
      y: 0.12674903998958922
      z: 0.0
    orientation:
      x: 0.0
      y: 0.0
      z: -0.10111255181295367
      w: 0.9948749930849969
navigation_time:
  sec: 12
  nanosec: 904000000
estimated_time_remaining:
  sec: 6
  nanosec: 385701060
number_of_recoveries: 0
distance_remaining: 1.5914214849472046

Feedback:
    current_pose:
  header:
    stamp:
      sec: 28
      nanosec: 460000000
    frame_id: map
  pose:
    position:
      x: 2.9968429408807453
      y: 0.12647818981310205
      z: 0.0
    orientation:
      x: 0.0
      y: 0.0
      z: -0.10165170961807006
      w: 0.9948200490197829
navigation_time:
  sec: 12
  nanosec: 916000000
estimated_time_remaining:
  sec: 6
  nanosec: 391538627
number_of_recoveries: 0
distance_remaining: 1.5914214849472046

Feedback:
    current_pose:
  header:
    stamp:
      sec: 28
      nanosec: 460000000
    frame_id: map
  pose:
    position:
      x: 2.9968429408807453
      y: 0.12647818981310205
      z: 0.0
    orientation:
      x: 0.0
      y: 0.0
      z: -0.10165170961807006
      w: 0.9948200490197829
navigation_time:
  sec: 12
  nanosec: 924000000
estimated_time_remaining:
  sec: 6
  nanosec: 391538627
number_of_recoveries: 0
distance_remaining: 1.5914214849472046

Feedback:
    current_pose:
  header:
    stamp:
      sec: 28
      nanosec: 480000000
    frame_id: map
  pose:
    position:
      x: 3.0033003673820082
      y: 0.12619903793058218
      z: 0.0
    orientation:
      x: 0.0
      y: 0.0
      z: -0.10216779446849383
      w: 0.9947671796824841
navigation_time:
  sec: 12
  nanosec: 936000000
estimated_time_remaining:
  sec: 6
  nanosec: 397007759
number_of_recoveries: 0
distance_remaining: 1.5914214849472046

Feedback:
    current_pose:
  header:
    stamp:
      sec: 28
      nanosec: 480000000
    frame_id: map
  pose:
    position:
      x: 3.0033003673820082
      y: 0.12619903793058218
      z: 0.0
    orientation:
      x: 0.0
      y: 0.0
      z: -0.10216779446849383
      w: 0.9947671796824841
navigation_time:
  sec: 12
  nanosec: 944000000
estimated_time_remaining:
  sec: 6
  nanosec: 397007759
number_of_recoveries: 0
distance_remaining: 1.5914214849472046

Feedback:
    current_pose:
  header:
    stamp:
      sec: 28
      nanosec: 500000000
    frame_id: map
  pose:
    position:
      x: 3.0097567590938095
      y: 0.1259149016851961
      z: 0.0
    orientation:
      x: 0.0
      y: 0.0
      z: -0.10268385182149446
      w: 0.9947140426148117
navigation_time:
  sec: 12
  nanosec: 956000000
estimated_time_remaining:
  sec: 6
  nanosec: 402417842
number_of_recoveries: 0
distance_remaining: 1.5914214849472046

Feedback:
    current_pose:
  header:
    stamp:
      sec: 28
      nanosec: 500000000
    frame_id: map
  pose:
    position:
      x: 3.0097567590938095
      y: 0.1259149016851961
      z: 0.0
    orientation:
      x: 0.0
      y: 0.0
      z: -0.10268385182149446
      w: 0.9947140426148117
navigation_time:
  sec: 12
  nanosec: 964000000
estimated_time_remaining:
  sec: 6
  nanosec: 402417842
number_of_recoveries: 0
distance_remaining: 1.5914214849472046

Feedback:
    current_pose:
  header:
    stamp:
      sec: 28
      nanosec: 520000000
    frame_id: map
  pose:
    position:
      x: 3.0161903258346494
      y: 0.12563062919873072
      z: 0.0
    orientation:
      x: 0.0
      y: 0.0
      z: -0.10312858140909517
      w: 0.9946680329117589
navigation_time:
  sec: 12
  nanosec: 976000000
estimated_time_remaining:
  sec: 6
  nanosec: 308515130
number_of_recoveries: 0
distance_remaining: 1.5664215087890625

Feedback:
    current_pose:
  header:
    stamp:
      sec: 28
      nanosec: 520000000
    frame_id: map
  pose:
    position:
      x: 3.0161903258346494
      y: 0.12563062919873072
      z: 0.0
    orientation:
      x: 0.0
      y: 0.0
      z: -0.10312858140909517
      w: 0.9946680329117589
navigation_time:
  sec: 12
  nanosec: 984000000
estimated_time_remaining:
  sec: 6
  nanosec: 308515130
number_of_recoveries: 0
distance_remaining: 1.5664215087890625

Feedback:
    current_pose:
  header:
    stamp:
      sec: 28
      nanosec: 540000000
    frame_id: map
  pose:
    position:
      x: 3.022617569214977
      y: 0.12534338414672133
      z: 0.0
    orientation:
      x: 0.0
      y: 0.0
      z: -0.10355546605865651
      w: 0.9946236803180257
navigation_time:
  sec: 12
  nanosec: 996000000
estimated_time_remaining:
  sec: 6
  nanosec: 318795194
number_of_recoveries: 0
distance_remaining: 1.5664215087890625

Feedback:
    current_pose:
  header:
    stamp:
      sec: 28
      nanosec: 540000000
    frame_id: map
  pose:
    position:
      x: 3.022617569214977
      y: 0.12534338414672133
      z: 0.0
    orientation:
      x: 0.0
      y: 0.0
      z: -0.10355546605865651
      w: 0.9946236803180257
navigation_time:
  sec: 13
  nanosec: 4000000
estimated_time_remaining:
  sec: 6
  nanosec: 318795194
number_of_recoveries: 0
distance_remaining: 1.5664215087890625

Feedback:
    current_pose:
  header:
    stamp:
      sec: 28
      nanosec: 560000000
    frame_id: map
  pose:
    position:
      x: 3.029052248446357
      y: 0.12505028386235884
      z: 0.0
    orientation:
      x: 0.0
      y: 0.0
      z: -0.10398904655877222
      w: 0.9945784424547907
navigation_time:
  sec: 13
  nanosec: 16000000
estimated_time_remaining:
  sec: 6
  nanosec: 332108049
number_of_recoveries: 0
distance_remaining: 1.5664215087890625

Feedback:
    current_pose:
  header:
    stamp:
      sec: 28
      nanosec: 560000000
    frame_id: map
  pose:
    position:
      x: 3.029052248446357
      y: 0.12505028386235884
      z: 0.0
    orientation:
      x: 0.0
      y: 0.0
      z: -0.10398904655877222
      w: 0.9945784424547907
navigation_time:
  sec: 13
  nanosec: 24000000
estimated_time_remaining:
  sec: 6
  nanosec: 332108049
number_of_recoveries: 0
distance_remaining: 1.5664215087890625

Feedback:
    current_pose:
  header:
    stamp:
      sec: 28
      nanosec: 580000000
    frame_id: map
  pose:
    position:
      x: 3.0355192077609026
      y: 0.12474583120239896
      z: 0.0
    orientation:
      x: 0.0
      y: 0.0
      z: -0.10444946577646674
      w: 0.99453019516705
navigation_time:
  sec: 13
  nanosec: 36000000
estimated_time_remaining:
  sec: 6
  nanosec: 343779525
number_of_recoveries: 0
distance_remaining: 1.5664215087890625

Feedback:
    current_pose:
  header:
    stamp:
      sec: 28
      nanosec: 580000000
    frame_id: map
  pose:
    position:
      x: 3.0355192077609026
      y: 0.12474583120239896
      z: 0.0
    orientation:
      x: 0.0
      y: 0.0
      z: -0.10444946577646674
      w: 0.99453019516705
navigation_time:
  sec: 13
  nanosec: 44000000
estimated_time_remaining:
  sec: 6
  nanosec: 343779525
number_of_recoveries: 0
distance_remaining: 1.5664215087890625

Feedback:
    current_pose:
  header:
    stamp:
      sec: 28
      nanosec: 600000000
    frame_id: map
  pose:
    position:
      x: 3.041985220868553
      y: 0.12443692367125835
      z: 0.0
    orientation:
      x: 0.0
      y: 0.0
      z: -0.10490986260934264
      w: 0.9944817347378929
navigation_time:
  sec: 13
  nanosec: 56000000
estimated_time_remaining:
  sec: 6
  nanosec: 249653372
number_of_recoveries: 0
distance_remaining: 1.5414209365844727

Feedback:
    current_pose:
  header:
    stamp:
      sec: 28
      nanosec: 600000000
    frame_id: map
  pose:
    position:
      x: 3.041985220868553
      y: 0.12443692367125835
      z: 0.0
    orientation:
      x: 0.0
      y: 0.0
      z: -0.10490986260934264
      w: 0.9944817347378929
navigation_time:
  sec: 13
  nanosec: 64000000
estimated_time_remaining:
  sec: 6
  nanosec: 249653372
number_of_recoveries: 0
distance_remaining: 1.5414209365844727

Feedback:
    current_pose:
  header:
    stamp:
      sec: 28
      nanosec: 620000000
    frame_id: map
  pose:
    position:
      x: 3.046783715846942
      y: 0.12341073409334692
      z: 0.0
    orientation:
      x: 0.0
      y: 0.0
      z: -0.10538733291418036
      w: 0.9944312495397736
navigation_time:
  sec: 13
  nanosec: 76000000
estimated_time_remaining:
  sec: 6
  nanosec: 255527151
number_of_recoveries: 0
distance_remaining: 1.5414209365844727

Feedback:
    current_pose:
  header:
    stamp:
      sec: 28
      nanosec: 620000000
    frame_id: map
  pose:
    position:
      x: 3.046783715846942
      y: 0.12341073409334692
      z: 0.0
    orientation:
      x: 0.0
      y: 0.0
      z: -0.10538733291418036
      w: 0.9944312495397736
navigation_time:
  sec: 13
  nanosec: 84000000
estimated_time_remaining:
  sec: 6
  nanosec: 255527151
number_of_recoveries: 0
distance_remaining: 1.5414209365844727

Feedback:
    current_pose:
  header:
    stamp:
      sec: 28
      nanosec: 640000000
    frame_id: map
  pose:
    position:
      x: 3.0515739030537734
      y: 0.1223814721050329
      z: 0.0
    orientation:
      x: 0.0
      y: 0.0
      z: -0.10586863090440217
      w: 0.9943801249976929
navigation_time:
  sec: 13
  nanosec: 96000000
estimated_time_remaining:
  sec: 6
  nanosec: 261905034
number_of_recoveries: 0
distance_remaining: 1.5414209365844727

Feedback:
    current_pose:
  header:
    stamp:
      sec: 28
      nanosec: 640000000
    frame_id: map
  pose:
    position:
      x: 3.0515739030537734
      y: 0.1223814721050329
      z: 0.0
    orientation:
      x: 0.0
      y: 0.0
      z: -0.10586863090440217
      w: 0.9943801249976929
navigation_time:
  sec: 13
  nanosec: 104000000
estimated_time_remaining:
  sec: 6
  nanosec: 261905034
number_of_recoveries: 0
distance_remaining: 1.5414209365844727

Feedback:
    current_pose:
  header:
    stamp:
      sec: 28
      nanosec: 660000000
    frame_id: map
  pose:
    position:
      x: 3.0563787315980857
      y: 0.12134419829465445
      z: 0.0
    orientation:
      x: 0.0
      y: 0.0
      z: -0.10634271964013156
      w: 0.9943295359082625
navigation_time:
  sec: 13
  nanosec: 116000000
estimated_time_remaining:
  sec: 6
  nanosec: 266298286
number_of_recoveries: 0
distance_remaining: 1.5414209365844727

Feedback:
    current_pose:
  header:
    stamp:
      sec: 28
      nanosec: 660000000
    frame_id: map
  pose:
    position:
      x: 3.0563787315980857
      y: 0.12134419829465445
      z: 0.0
    orientation:
      x: 0.0
      y: 0.0
      z: -0.10634271964013156
      w: 0.9943295359082625
navigation_time:
  sec: 13
  nanosec: 124000000
estimated_time_remaining:
  sec: 6
  nanosec: 266298286
number_of_recoveries: 0
distance_remaining: 1.5414209365844727

Feedback:
    current_pose:
  header:
    stamp:
      sec: 28
      nanosec: 680000000
    frame_id: map
  pose:
    position:
      x: 3.0612552104659323
      y: 0.1202867721868272
      z: 0.0
    orientation:
      x: 0.0
      y: 0.0
      z: -0.10678804774579112
      w: 0.9942818075669706
navigation_time:
  sec: 13
  nanosec: 136000000
estimated_time_remaining:
  sec: 6
  nanosec: 266348010
number_of_recoveries: 0
distance_remaining: 1.5414209365844727

Feedback:
    current_pose:
  header:
    stamp:
      sec: 28
      nanosec: 680000000
    frame_id: map
  pose:
    position:
      x: 3.0612552104659323
      y: 0.1202867721868272
      z: 0.0
    orientation:
      x: 0.0
      y: 0.0
      z: -0.10678804774579112
      w: 0.9942818075669706
navigation_time:
  sec: 13
  nanosec: 144000000
estimated_time_remaining:
  sec: 6
  nanosec: 266348010
number_of_recoveries: 0
distance_remaining: 1.5414209365844727

Feedback:
    current_pose:
  header:
    stamp:
      sec: 28
      nanosec: 700000000
    frame_id: map
  pose:
    position:
      x: 3.066130740180785
      y: 0.11922497836406483
      z: 0.0
    orientation:
      x: 0.0
      y: 0.0
      z: -0.1072333544301614
      w: 0.9942338797776183
navigation_time:
  sec: 13
  nanosec: 156000000
estimated_time_remaining:
  sec: 6
  nanosec: 161419921
number_of_recoveries: 0
distance_remaining: 1.5164217948913574

Feedback:
    current_pose:
  header:
    stamp:
      sec: 28
      nanosec: 700000000
    frame_id: map
  pose:
    position:
      x: 3.066130740180785
      y: 0.11922497836406483
      z: 0.0
    orientation:
      x: 0.0
      y: 0.0
      z: -0.1072333544301614
      w: 0.9942338797776183
navigation_time:
  sec: 13
  nanosec: 164000000
estimated_time_remaining:
  sec: 6
  nanosec: 161419921
number_of_recoveries: 0
distance_remaining: 1.5164217948913574

Feedback:
    current_pose:
  header:
    stamp:
      sec: 28
      nanosec: 720000000
    frame_id: map
  pose:
    position:
      x: 3.0710640038501684
      y: 0.11814596400545582
      z: 0.0
    orientation:
      x: 0.0
      y: 0.0
      z: -0.1076815686999213
      w: 0.9941854352998359
navigation_time:
  sec: 13
  nanosec: 176000000
estimated_time_remaining:
  sec: 6
  nanosec: 155426478
number_of_recoveries: 0
distance_remaining: 1.5164217948913574

Feedback:
    current_pose:
  header:
    stamp:
      sec: 28
      nanosec: 720000000
    frame_id: map
  pose:
    position:
      x: 3.0710640038501684
      y: 0.11814596400545582
      z: 0.0
    orientation:
      x: 0.0
      y: 0.0
      z: -0.1076815686999213
      w: 0.9941854352998359
navigation_time:
  sec: 13
  nanosec: 184000000
estimated_time_remaining:
  sec: 6
  nanosec: 155426478
number_of_recoveries: 0
distance_remaining: 1.5164217948913574

Feedback:
    current_pose:
  header:
    stamp:
      sec: 28
      nanosec: 740000000
    frame_id: map
  pose:
    position:
      x: 3.0760109621162317
      y: 0.11705927829275178
      z: 0.0
    orientation:
      x: 0.0
      y: 0.0
      z: -0.10813049332384822
      w: 0.9941367091167799
navigation_time:
  sec: 13
  nanosec: 196000000
estimated_time_remaining:
  sec: 6
  nanosec: 145250384
number_of_recoveries: 0
distance_remaining: 1.5164217948913574

Feedback:
    current_pose:
  header:
    stamp:
      sec: 28
      nanosec: 740000000
    frame_id: map
  pose:
    position:
      x: 3.0760109621162317
      y: 0.11705927829275178
      z: 0.0
    orientation:
      x: 0.0
      y: 0.0
      z: -0.10813049332384822
      w: 0.9941367091167799
navigation_time:
  sec: 13
  nanosec: 204000000
estimated_time_remaining:
  sec: 6
  nanosec: 145250384
number_of_recoveries: 0
distance_remaining: 1.5164217948913574

Feedback:
    current_pose:
  header:
    stamp:
      sec: 28
      nanosec: 760000000
    frame_id: map
  pose:
    position:
      x: 3.080953199188475
      y: 0.11596895841764805
      z: 0.0
    orientation:
      x: 0.0
      y: 0.0
      z: -0.10857258375771206
      w: 0.9940885242553475
navigation_time:
  sec: 13
  nanosec: 216000000
estimated_time_remaining:
  sec: 6
  nanosec: 133093205
number_of_recoveries: 0
distance_remaining: 1.5164217948913574

Feedback:
    current_pose:
  header:
    stamp:
      sec: 28
      nanosec: 760000000
    frame_id: map
  pose:
    position:
      x: 3.080953199188475
      y: 0.11596895841764805
      z: 0.0
    orientation:
      x: 0.0
      y: 0.0
      z: -0.10857258375771206
      w: 0.9940885242553475
navigation_time:
  sec: 13
  nanosec: 224000000
estimated_time_remaining:
  sec: 6
  nanosec: 133093205
number_of_recoveries: 0
distance_remaining: 1.5164217948913574

Feedback:
    current_pose:
  header:
    stamp:
      sec: 28
      nanosec: 780000000
    frame_id: map
  pose:
    position:
      x: 3.085879544889488
      y: 0.11487771725123776
      z: 0.0
    orientation:
      x: 0.0
      y: 0.0
      z: -0.10898740537548805
      w: 0.9940431305881647
navigation_time:
  sec: 13
  nanosec: 232000000
estimated_time_remaining:
  sec: 6
  nanosec: 121562923
number_of_recoveries: 0
distance_remaining: 1.5164217948913574

Feedback:
    current_pose:
  header:
    stamp:
      sec: 28
      nanosec: 780000000
    frame_id: map
  pose:
    position:
      x: 3.085879544889488
      y: 0.11487771725123776
      z: 0.0
    orientation:
      x: 0.0
      y: 0.0
      z: -0.10898740537548805
      w: 0.9940431305881647
navigation_time:
  sec: 13
  nanosec: 244000000
estimated_time_remaining:
  sec: 6
  nanosec: 121562923
number_of_recoveries: 0
distance_remaining: 1.5164217948913574

Feedback:
    current_pose:
  header:
    stamp:
      sec: 28
      nanosec: 800000000
    frame_id: map
  pose:
    position:
      x: 3.0908049781295244
      y: 0.11378236495763307
      z: 0.0
    orientation:
      x: 0.0
      y: 0.0
      z: -0.10940220801432533
      w: 0.9939975638207523
navigation_time:
  sec: 13
  nanosec: 256000000
estimated_time_remaining:
  sec: 6
  nanosec: 10678288
number_of_recoveries: 0
distance_remaining: 1.4914212226867676

Feedback:
    current_pose:
  header:
    stamp:
      sec: 28
      nanosec: 800000000
    frame_id: map
  pose:
    position:
      x: 3.0908049781295244
      y: 0.11378236495763307
      z: 0.0
    orientation:
      x: 0.0
      y: 0.0
      z: -0.10940220801432533
      w: 0.9939975638207523
navigation_time:
  sec: 13
  nanosec: 264000000
estimated_time_remaining:
  sec: 6
  nanosec: 10678288
number_of_recoveries: 0
distance_remaining: 1.4914212226867676

Feedback:
    current_pose:
  header:
    stamp:
      sec: 28
      nanosec: 820000000
    frame_id: map
  pose:
    position:
      x: 3.0958015472762144
      y: 0.11497675393024398
      z: 0.0
    orientation:
      x: 0.0
      y: 0.0
      z: -0.10887008857499883
      w: 0.9940559862571483
navigation_time:
  sec: 13
  nanosec: 276000000
estimated_time_remaining:
  sec: 6
  nanosec: 1770823
number_of_recoveries: 0
distance_remaining: 1.4914212226867676

Feedback:
    current_pose:
  header:
    stamp:
      sec: 28
      nanosec: 820000000
    frame_id: map
  pose:
    position:
      x: 3.0958015472762144
      y: 0.11497675393024398
      z: 0.0
    orientation:
      x: 0.0
      y: 0.0
      z: -0.10887008857499883
      w: 0.9940559862571483
navigation_time:
  sec: 13
  nanosec: 284000000
estimated_time_remaining:
  sec: 6
  nanosec: 1770823
number_of_recoveries: 0
distance_remaining: 1.4914212226867676

Feedback:
    current_pose:
  header:
    stamp:
      sec: 28
      nanosec: 840000000
    frame_id: map
  pose:
    position:
      x: 3.100782523494932
      y: 0.11618653219883676
      z: 0.0
    orientation:
      x: 0.0
      y: 0.0
      z: -0.10834902669912375
      w: 0.9941129153236832
navigation_time:
  sec: 13
  nanosec: 292000000
estimated_time_remaining:
  sec: 5
  nanosec: 992742513
number_of_recoveries: 0
distance_remaining: 1.4914212226867676

Feedback:
    current_pose:
  header:
    stamp:
      sec: 28
      nanosec: 840000000
    frame_id: map
  pose:
    position:
      x: 3.100782523494932
      y: 0.11618653219883676
      z: 0.0
    orientation:
      x: 0.0
      y: 0.0
      z: -0.10834902669912375
      w: 0.9941129153236832
navigation_time:
  sec: 13
  nanosec: 308000000
estimated_time_remaining:
  sec: 5
  nanosec: 992742513
number_of_recoveries: 0
distance_remaining: 1.4914212226867676

Feedback:
    current_pose:
  header:
    stamp:
      sec: 28
      nanosec: 860000000
    frame_id: map
  pose:
    position:
      x: 3.105739252608639
      y: 0.11741352744200761
      z: 0.0
    orientation:
      x: 0.0
      y: 0.0
      z: -0.10782811385562642
      w: 0.9941695518684619
navigation_time:
  sec: 13
  nanosec: 316000000
estimated_time_remaining:
  sec: 5
  nanosec: 983577945
number_of_recoveries: 0
distance_remaining: 1.4914212226867676

Feedback:
    current_pose:
  header:
    stamp:
      sec: 28
      nanosec: 860000000
    frame_id: map
  pose:
    position:
      x: 3.105739252608639
      y: 0.11741352744200761
      z: 0.0
    orientation:
      x: 0.0
      y: 0.0
      z: -0.10782811385562642
      w: 0.9941695518684619
navigation_time:
  sec: 13
  nanosec: 328000000
estimated_time_remaining:
  sec: 5
  nanosec: 939415070
number_of_recoveries: 0
distance_remaining: 1.4804134368896484

Feedback:
    current_pose:
  header:
    stamp:
      sec: 28
      nanosec: 880000000
    frame_id: map
  pose:
    position:
      x: 3.110624264004717
      y: 0.11866797848315475
      z: 0.0
    orientation:
      x: 0.0
      y: 0.0
      z: -0.10730788665151485
      w: 0.9942258382592889
navigation_time:
  sec: 13
  nanosec: 336000000
estimated_time_remaining:
  sec: 5
  nanosec: 933457898
number_of_recoveries: 0
distance_remaining: 1.4804134368896484

Feedback:
    current_pose:
  header:
    stamp:
      sec: 28
      nanosec: 880000000
    frame_id: map
  pose:
    position:
      x: 3.110624264004717
      y: 0.11866797848315475
      z: 0.0
    orientation:
      x: 0.0
      y: 0.0
      z: -0.10730788665151485
      w: 0.9942258382592889
navigation_time:
  sec: 13
  nanosec: 344000000
estimated_time_remaining:
  sec: 5
  nanosec: 933457898
number_of_recoveries: 0
distance_remaining: 1.4804134368896484

Feedback:
    current_pose:
  header:
    stamp:
      sec: 28
      nanosec: 900000000
    frame_id: map
  pose:
    position:
      x: 3.1155007133409556
      y: 0.11993590420738381
      z: 0.0
    orientation:
      x: 0.0
      y: 0.0
      z: -0.10678763006602361
      w: 0.9942818524266054
navigation_time:
  sec: 13
  nanosec: 356000000
estimated_time_remaining:
  sec: 5
  nanosec: 931487906
number_of_recoveries: 0
distance_remaining: 1.4804134368896484

Feedback:
    current_pose:
  header:
    stamp:
      sec: 28
      nanosec: 900000000
    frame_id: map
  pose:
    position:
      x: 3.1155007133409556
      y: 0.11993590420738381
      z: 0.0
    orientation:
      x: 0.0
      y: 0.0
      z: -0.10678763006602361
      w: 0.9942818524266054
navigation_time:
  sec: 13
  nanosec: 364000000
estimated_time_remaining:
  sec: 5
  nanosec: 931487906
number_of_recoveries: 0
distance_remaining: 1.4804134368896484

Feedback:
    current_pose:
  header:
    stamp:
      sec: 28
      nanosec: 920000000
    frame_id: map
  pose:
    position:
      x: 3.120511064325149
      y: 0.12118675146962679
      z: 0.0
    orientation:
      x: 0.0
      y: 0.0
      z: -0.10621340514200388
      w: 0.9943433574817807
navigation_time:
  sec: 13
  nanosec: 376000000
estimated_time_remaining:
  sec: 5
  nanosec: 786473709
number_of_recoveries: 0
distance_remaining: 1.445710301399231

Feedback:
    current_pose:
  header:
    stamp:
      sec: 28
      nanosec: 920000000
    frame_id: map
  pose:
    position:
      x: 3.120511064325149
      y: 0.12118675146962679
      z: 0.0
    orientation:
      x: 0.0
      y: 0.0
      z: -0.10621340514200388
      w: 0.9943433574817807
navigation_time:
  sec: 13
  nanosec: 384000000
estimated_time_remaining:
  sec: 5
  nanosec: 786473709
number_of_recoveries: 0
distance_remaining: 1.445710301399231

Feedback:
    current_pose:
  header:
    stamp:
      sec: 28
      nanosec: 940000000
    frame_id: map
  pose:
    position:
      x: 3.125613660815216
      y: 0.1224305667469103
      z: 0.0
    orientation:
      x: 0.0
      y: 0.0
      z: -0.10562565911475101
      w: 0.9944059634458025
navigation_time:
  sec: 13
  nanosec: 396000000
estimated_time_remaining:
  sec: 5
  nanosec: 770472121
number_of_recoveries: 0
distance_remaining: 1.445710301399231

Feedback:
    current_pose:
  header:
    stamp:
      sec: 28
      nanosec: 940000000
    frame_id: map
  pose:
    position:
      x: 3.125613660815216
      y: 0.1224305667469103
      z: 0.0
    orientation:
      x: 0.0
      y: 0.0
      z: -0.10562565911475101
      w: 0.9944059634458025
navigation_time:
  sec: 13
  nanosec: 404000000
estimated_time_remaining:
  sec: 5
  nanosec: 770472121
number_of_recoveries: 0
distance_remaining: 1.445710301399231

Feedback:
    current_pose:
  header:
    stamp:
      sec: 28
      nanosec: 960000000
    frame_id: map
  pose:
    position:
      x: 3.130723550207962
      y: 0.12368589793591284
      z: 0.0
    orientation:
      x: 0.0
      y: 0.0
      z: -0.10502467748818406
      w: 0.994469615985578
navigation_time:
  sec: 13
  nanosec: 416000000
estimated_time_remaining:
  sec: 5
  nanosec: 748969589
number_of_recoveries: 0
distance_remaining: 1.445710301399231

Feedback:
    current_pose:
  header:
    stamp:
      sec: 28
      nanosec: 960000000
    frame_id: map
  pose:
    position:
      x: 3.130723550207962
      y: 0.12368589793591284
      z: 0.0
    orientation:
      x: 0.0
      y: 0.0
      z: -0.10502467748818406
      w: 0.994469615985578
navigation_time:
  sec: 13
  nanosec: 424000000
estimated_time_remaining:
  sec: 5
  nanosec: 748969589
number_of_recoveries: 0
distance_remaining: 1.445710301399231

Feedback:
    current_pose:
  header:
    stamp:
      sec: 28
      nanosec: 980000000
    frame_id: map
  pose:
    position:
      x: 3.1359887565935614
      y: 0.12492190308274725
      z: 0.0
    orientation:
      x: 0.0
      y: 0.0
      z: -0.10437085912262528
      w: 0.994538447605725
navigation_time:
  sec: 13
  nanosec: 436000000
estimated_time_remaining:
  sec: 5
  nanosec: 721438790
number_of_recoveries: 0
distance_remaining: 1.445710301399231

Feedback:
    current_pose:
  header:
    stamp:
      sec: 28
      nanosec: 980000000
    frame_id: map
  pose:
    position:
      x: 3.1359887565935614
      y: 0.12492190308274725
      z: 0.0
    orientation:
      x: 0.0
      y: 0.0
      z: -0.10437085912262528
      w: 0.994538447605725
navigation_time:
  sec: 13
  nanosec: 444000000
estimated_time_remaining:
  sec: 5
  nanosec: 721438790
number_of_recoveries: 0
distance_remaining: 1.445710301399231

Feedback:
    current_pose:
  header:
    stamp:
      sec: 29
      nanosec: 0
    frame_id: map
  pose:
    position:
      x: 3.141251481956553
      y: 0.12617278551606023
      z: 0.0
    orientation:
      x: 0.0
      y: 0.0
      z: -0.10371699563707483
      w: 0.994606849371157
navigation_time:
  sec: 13
  nanosec: 456000000
estimated_time_remaining:
  sec: 5
  nanosec: 691272051
number_of_recoveries: 0
distance_remaining: 1.445710301399231

Feedback:
    current_pose:
  header:
    stamp:
      sec: 29
      nanosec: 0
    frame_id: map
  pose:
    position:
      x: 3.141251481956553
      y: 0.12617278551606023
      z: 0.0
    orientation:
      x: 0.0
      y: 0.0
      z: -0.10371699563707483
      w: 0.994606849371157
navigation_time:
  sec: 13
  nanosec: 464000000
estimated_time_remaining:
  sec: 5
  nanosec: 691272051
number_of_recoveries: 0
distance_remaining: 1.445710301399231

Feedback:
    current_pose:
  header:
    stamp:
      sec: 29
      nanosec: 20000000
    frame_id: map
  pose:
    position:
      x: 3.1466133721815965
      y: 0.12504040071460928
      z: 0.0
    orientation:
      x: 0.0
      y: 0.0
      z: -0.10404417230874308
      w: 0.9945726771878405
navigation_time:
  sec: 13
  nanosec: 476000000
estimated_time_remaining:
  sec: 5
  nanosec: 660468700
number_of_recoveries: 0
distance_remaining: 1.445710301399231

Feedback:
    current_pose:
  header:
    stamp:
      sec: 29
      nanosec: 20000000
    frame_id: map
  pose:
    position:
      x: 3.1466133721815965
      y: 0.12504040071460928
      z: 0.0
    orientation:
      x: 0.0
      y: 0.0
      z: -0.10404417230874308
      w: 0.9945726771878405
navigation_time:
  sec: 13
  nanosec: 484000000
estimated_time_remaining:
  sec: 5
  nanosec: 660468700
number_of_recoveries: 0
distance_remaining: 1.445710301399231

Feedback:
    current_pose:
  header:
    stamp:
      sec: 29
      nanosec: 40000000
    frame_id: map
  pose:
    position:
      x: 3.152204652226824
      y: 0.12385563871666758
      z: 0.0
    orientation:
      x: 0.0
      y: 0.0
      z: -0.10438263664071529
      w: 0.9945372115551697
navigation_time:
  sec: 13
  nanosec: 496000000
estimated_time_remaining:
  sec: 5
  nanosec: 523524866
number_of_recoveries: 0
distance_remaining: 1.4207102060317993

Feedback:
    current_pose:
  header:
    stamp:
      sec: 29
      nanosec: 40000000
    frame_id: map
  pose:
    position:
      x: 3.152204652226824
      y: 0.12385563871666758
      z: 0.0
    orientation:
      x: 0.0
      y: 0.0
      z: -0.10438263664071529
      w: 0.9945372115551697
navigation_time:
  sec: 13
  nanosec: 504000000
estimated_time_remaining:
  sec: 5
  nanosec: 523524866
number_of_recoveries: 0
distance_remaining: 1.4207102060317993

Feedback:
    current_pose:
  header:
    stamp:
      sec: 29
      nanosec: 60000000
    frame_id: map
  pose:
    position:
      x: 3.1578135285882407
      y: 0.12266315614035397
      z: 0.0
    orientation:
      x: 0.0
      y: 0.0
      z: -0.10472005495491543
      w: 0.9945017396114698
navigation_time:
  sec: 13
  nanosec: 516000000
estimated_time_remaining:
  sec: 5
  nanosec: 479094636
number_of_recoveries: 0
distance_remaining: 1.4207102060317993

Feedback:
    current_pose:
  header:
    stamp:
      sec: 29
      nanosec: 60000000
    frame_id: map
  pose:
    position:
      x: 3.1578135285882407
      y: 0.12266315614035397
      z: 0.0
    orientation:
      x: 0.0
      y: 0.0
      z: -0.10472005495491543
      w: 0.9945017396114698
navigation_time:
  sec: 13
  nanosec: 524000000
estimated_time_remaining:
  sec: 5
  nanosec: 479094636
number_of_recoveries: 0
distance_remaining: 1.4207102060317993

Feedback:
    current_pose:
  header:
    stamp:
      sec: 29
      nanosec: 80000000
    frame_id: map
  pose:
    position:
      x: 3.1635715926344807
      y: 0.12143490491313899
      z: 0.0
    orientation:
      x: 0.0
      y: 0.0
      z: -0.10505332563902371
      w: 0.9944665900733827
navigation_time:
  sec: 13
  nanosec: 536000000
estimated_time_remaining:
  sec: 5
  nanosec: 430147606
number_of_recoveries: 0
distance_remaining: 1.4207102060317993

Feedback:
    current_pose:
  header:
    stamp:
      sec: 29
      nanosec: 80000000
    frame_id: map
  pose:
    position:
      x: 3.1635715926344807
      y: 0.12143490491313899
      z: 0.0
    orientation:
      x: 0.0
      y: 0.0
      z: -0.10505332563902371
      w: 0.9944665900733827
navigation_time:
  sec: 13
  nanosec: 544000000
estimated_time_remaining:
  sec: 5
  nanosec: 430147606
number_of_recoveries: 0
distance_remaining: 1.4207102060317993

Feedback:
    current_pose:
  header:
    stamp:
      sec: 29
      nanosec: 100000000
    frame_id: map
  pose:
    position:
      x: 3.1693311219069873
      y: 0.12020230530059686
      z: 0.0
    orientation:
      x: 0.0
      y: 0.0
      z: -0.10538658452534487
      w: 0.9944313288518631
navigation_time:
  sec: 13
  nanosec: 556000000
estimated_time_remaining:
  sec: 5
  nanosec: 376502674
number_of_recoveries: 0
distance_remaining: 1.4207102060317993

Feedback:
    current_pose:
  header:
    stamp:
      sec: 29
      nanosec: 100000000
    frame_id: map
  pose:
    position:
      x: 3.1693311219069873
      y: 0.12020230530059686
      z: 0.0
    orientation:
      x: 0.0
      y: 0.0
      z: -0.10538658452534487
      w: 0.9944313288518631
navigation_time:
  sec: 13
  nanosec: 564000000
estimated_time_remaining:
  sec: 5
  nanosec: 376502674
number_of_recoveries: 0
distance_remaining: 1.4207102060317993

Feedback:
    current_pose:
  header:
    stamp:
      sec: 29
      nanosec: 120000000
    frame_id: map
  pose:
    position:
      x: 3.175218981057619
      y: 0.11893765324515923
      z: 0.0
    orientation:
      x: 0.0
      y: 0.0
      z: -0.10580889437671878
      w: 0.9943864831496738
navigation_time:
  sec: 13
  nanosec: 576000000
estimated_time_remaining:
  sec: 5
  nanosec: 225641082
number_of_recoveries: 0
distance_remaining: 1.3957109451293945

Feedback:
    current_pose:
  header:
    stamp:
      sec: 29
      nanosec: 120000000
    frame_id: map
  pose:
    position:
      x: 3.175218981057619
      y: 0.11893765324515923
      z: 0.0
    orientation:
      x: 0.0
      y: 0.0
      z: -0.10580889437671878
      w: 0.9943864831496738
navigation_time:
  sec: 13
  nanosec: 584000000
estimated_time_remaining:
  sec: 5
  nanosec: 225641082
number_of_recoveries: 0
distance_remaining: 1.3957109451293945

Feedback:
    current_pose:
  header:
    stamp:
      sec: 29
      nanosec: 140000000
    frame_id: map
  pose:
    position:
      x: 3.181182252896029
      y: 0.11765127195594696
      z: 0.0
    orientation:
      x: 0.0
      y: 0.0
      z: -0.10625344974875851
      w: 0.9943390791960698
navigation_time:
  sec: 13
  nanosec: 596000000
estimated_time_remaining:
  sec: 5
  nanosec: 163949602
number_of_recoveries: 0
distance_remaining: 1.3957109451293945

Feedback:
    current_pose:
  header:
    stamp:
      sec: 29
      nanosec: 140000000
    frame_id: map
  pose:
    position:
      x: 3.181182252896029
      y: 0.11765127195594696
      z: 0.0
    orientation:
      x: 0.0
      y: 0.0
      z: -0.10625344974875851
      w: 0.9943390791960698
navigation_time:
  sec: 13
  nanosec: 604000000
estimated_time_remaining:
  sec: 5
  nanosec: 163949602
number_of_recoveries: 0
distance_remaining: 1.3957109451293945

Feedback:
    current_pose:
  header:
    stamp:
      sec: 29
      nanosec: 160000000
    frame_id: map
  pose:
    position:
      x: 3.1871600066589525
      y: 0.11635615888293918
      z: 0.0
    orientation:
      x: 0.0
      y: 0.0
      z: -0.10670356891168019
      w: 0.9942908771488905
navigation_time:
  sec: 13
  nanosec: 616000000
estimated_time_remaining:
  sec: 5
  nanosec: 100413453
number_of_recoveries: 0
distance_remaining: 1.3957109451293945

Feedback:
    current_pose:
  header:
    stamp:
      sec: 29
      nanosec: 160000000
    frame_id: map
  pose:
    position:
      x: 3.1871600066589525
      y: 0.11635615888293918
      z: 0.0
    orientation:
      x: 0.0
      y: 0.0
      z: -0.10670356891168019
      w: 0.9942908771488905
navigation_time:
  sec: 13
  nanosec: 624000000
estimated_time_remaining:
  sec: 5
  nanosec: 100413453
number_of_recoveries: 0
distance_remaining: 1.3957109451293945

Feedback:
    current_pose:
  header:
    stamp:
      sec: 29
      nanosec: 180000000
    frame_id: map
  pose:
    position:
      x: 3.193245931971968
      y: 0.11503167414611606
      z: 0.0
    orientation:
      x: 0.0
      y: 0.0
      z: -0.10717600524477608
      w: 0.9942400635157345
navigation_time:
  sec: 13
  nanosec: 636000000
estimated_time_remaining:
  sec: 5
  nanosec: 34120485
number_of_recoveries: 0
distance_remaining: 1.3957109451293945

Feedback:
    current_pose:
  header:
    stamp:
      sec: 29
      nanosec: 180000000
    frame_id: map
  pose:
    position:
      x: 3.193245931971968
      y: 0.11503167414611606
      z: 0.0
    orientation:
      x: 0.0
      y: 0.0
      z: -0.10717600524477608
      w: 0.9942400635157345
navigation_time:
  sec: 13
  nanosec: 644000000
estimated_time_remaining:
  sec: 5
  nanosec: 34120485
number_of_recoveries: 0
distance_remaining: 1.3957109451293945

Feedback:
    current_pose:
  header:
    stamp:
      sec: 29
      nanosec: 200000000
    frame_id: map
  pose:
    position:
      x: 3.1993305958498297
      y: 0.113701406417662
      z: 0.0
    orientation:
      x: 0.0
      y: 0.0
      z: -0.10764841738009495
      w: 0.9941890254049081
navigation_time:
  sec: 13
  nanosec: 656000000
estimated_time_remaining:
  sec: 4
  nanosec: 875284444
number_of_recoveries: 0
distance_remaining: 1.3707109689712524

Feedback:
    current_pose:
  header:
    stamp:
      sec: 29
      nanosec: 200000000
    frame_id: map
  pose:
    position:
      x: 3.1993305958498297
      y: 0.113701406417662
      z: 0.0
    orientation:
      x: 0.0
      y: 0.0
      z: -0.10764841738009495
      w: 0.9941890254049081
navigation_time:
  sec: 13
  nanosec: 664000000
estimated_time_remaining:
  sec: 4
  nanosec: 875284444
number_of_recoveries: 0
distance_remaining: 1.3707109689712524

Feedback:
    current_pose:
  header:
    stamp:
      sec: 29
      nanosec: 220000000
    frame_id: map
  pose:
    position:
      x: 3.2059784972026666
      y: 0.11682306161195308
      z: 0.0
    orientation:
      x: 0.0
      y: 0.0
      z: -0.10699281279983575
      w: 0.9942597940222561
navigation_time:
  sec: 13
  nanosec: 676000000
estimated_time_remaining:
  sec: 4
  nanosec: 805221956
number_of_recoveries: 0
distance_remaining: 1.3707109689712524

Feedback:
    current_pose:
  header:
    stamp:
      sec: 29
      nanosec: 220000000
    frame_id: map
  pose:
    position:
      x: 3.2059784972026666
      y: 0.11682306161195308
      z: 0.0
    orientation:
      x: 0.0
      y: 0.0
      z: -0.10699281279983575
      w: 0.9942597940222561
navigation_time:
  sec: 13
  nanosec: 684000000
estimated_time_remaining:
  sec: 4
  nanosec: 805221956
number_of_recoveries: 0
distance_remaining: 1.3707109689712524

Feedback:
    current_pose:
  header:
    stamp:
      sec: 29
      nanosec: 240000000
    frame_id: map
  pose:
    position:
      x: 3.2126632854446333
      y: 0.11995486607370223
      z: 0.0
    orientation:
      x: 0.0
      y: 0.0
      z: -0.10633566998227428
      w: 0.99433028983805
navigation_time:
  sec: 13
  nanosec: 696000000
estimated_time_remaining:
  sec: 4
  nanosec: 738073600
number_of_recoveries: 0
distance_remaining: 1.3707109689712524

Feedback:
    current_pose:
  header:
    stamp:
      sec: 29
      nanosec: 240000000
    frame_id: map
  pose:
    position:
      x: 3.2126632854446333
      y: 0.11995486607370223
      z: 0.0
    orientation:
      x: 0.0
      y: 0.0
      z: -0.10633566998227428
      w: 0.99433028983805
navigation_time:
  sec: 13
  nanosec: 704000000
estimated_time_remaining:
  sec: 4
  nanosec: 738073600
number_of_recoveries: 0
distance_remaining: 1.3707109689712524

Feedback:
    current_pose:
  header:
    stamp:
      sec: 29
      nanosec: 260000000
    frame_id: map
  pose:
    position:
      x: 3.219352039242062
      y: 0.12310404774623743
      z: 0.0
    orientation:
      x: 0.0
      y: 0.0
      z: -0.10570189187036398
      w: 0.9943978630583563
navigation_time:
  sec: 13
  nanosec: 716000000
estimated_time_remaining:
  sec: 4
  nanosec: 677335304
number_of_recoveries: 0
distance_remaining: 1.3707109689712524

Feedback:
    current_pose:
  header:
    stamp:
      sec: 29
      nanosec: 260000000
    frame_id: map
  pose:
    position:
      x: 3.219352039242062
      y: 0.12310404774623743
      z: 0.0
    orientation:
      x: 0.0
      y: 0.0
      z: -0.10570189187036398
      w: 0.9943978630583563
navigation_time:
  sec: 13
  nanosec: 724000000
estimated_time_remaining:
  sec: 4
  nanosec: 677335304
number_of_recoveries: 0
distance_remaining: 1.3707109689712524

Feedback:
    current_pose:
  header:
    stamp:
      sec: 29
      nanosec: 280000000
    frame_id: map
  pose:
    position:
      x: 3.2261988113506663
      y: 0.12623679248478395
      z: 0.0
    orientation:
      x: 0.0
      y: 0.0
      z: -0.10516172122345067
      w: 0.9944551334219767
navigation_time:
  sec: 13
  nanosec: 736000000
estimated_time_remaining:
  sec: 4
  nanosec: 532213249
number_of_recoveries: 0
distance_remaining: 1.3457103967666626

Feedback:
    current_pose:
  header:
    stamp:
      sec: 29
      nanosec: 280000000
    frame_id: map
  pose:
    position:
      x: 3.2261988113506663
      y: 0.12623679248478395
      z: 0.0
    orientation:
      x: 0.0
      y: 0.0
      z: -0.10516172122345067
      w: 0.9944551334219767
navigation_time:
  sec: 13
  nanosec: 744000000
estimated_time_remaining:
  sec: 4
  nanosec: 532213249
number_of_recoveries: 0
distance_remaining: 1.3457103967666626

Feedback:
    current_pose:
  header:
    stamp:
      sec: 29
      nanosec: 300000000
    frame_id: map
  pose:
    position:
      x: 3.2330409038981527
      y: 0.12938787748202982
      z: 0.0
    orientation:
      x: 0.0
      y: 0.0
      z: -0.10462151957038539
      w: 0.9945121103550141
navigation_time:
  sec: 13
  nanosec: 756000000
estimated_time_remaining:
  sec: 4
  nanosec: 473986994
number_of_recoveries: 0
distance_remaining: 1.3457103967666626

Feedback:
    current_pose:
  header:
    stamp:
      sec: 29
      nanosec: 300000000
    frame_id: map
  pose:
    position:
      x: 3.2330409038981527
      y: 0.12938787748202982
      z: 0.0
    orientation:
      x: 0.0
      y: 0.0
      z: -0.10462151957038539
      w: 0.9945121103550141
navigation_time:
  sec: 13
  nanosec: 764000000
estimated_time_remaining:
  sec: 4
  nanosec: 473986994
number_of_recoveries: 0
distance_remaining: 1.3457103967666626

Feedback:
    current_pose:
  header:
    stamp:
      sec: 29
      nanosec: 320000000
    frame_id: map
  pose:
    position:
      x: 3.2399515633826055
      y: 0.13254153719079717
      z: 0.0
    orientation:
      x: 0.0
      y: 0.0
      z: -0.10414906629057871
      w: 0.994561698433436
navigation_time:
  sec: 13
  nanosec: 776000000
estimated_time_remaining:
  sec: 4
  nanosec: 419123322
number_of_recoveries: 0
distance_remaining: 1.3457103967666626

Feedback:
    current_pose:
  header:
    stamp:
      sec: 29
      nanosec: 320000000
    frame_id: map
  pose:
    position:
      x: 3.2399515633826055
      y: 0.13254153719079717
      z: 0.0
    orientation:
      x: 0.0
      y: 0.0
      z: -0.10414906629057871
      w: 0.994561698433436
navigation_time:
  sec: 13
  nanosec: 784000000
estimated_time_remaining:
  sec: 4
  nanosec: 419123322
number_of_recoveries: 0
distance_remaining: 1.3457103967666626

Feedback:
    current_pose:
  header:
    stamp:
      sec: 29
      nanosec: 340000000
    frame_id: map
  pose:
    position:
      x: 3.2469376726553
      y: 0.13569555943852835
      z: 0.0
    orientation:
      x: 0.0
      y: 0.0
      z: -0.10372177770426601
      w: 0.9946063506884857
navigation_time:
  sec: 13
  nanosec: 796000000
estimated_time_remaining:
  sec: 4
  nanosec: 364034924
number_of_recoveries: 0
distance_remaining: 1.3457103967666626

Feedback:
    current_pose:
  header:
    stamp:
      sec: 29
      nanosec: 340000000
    frame_id: map
  pose:
    position:
      x: 3.2469376726553
      y: 0.13569555943852835
      z: 0.0
    orientation:
      x: 0.0
      y: 0.0
      z: -0.10372177770426601
      w: 0.9946063506884857
navigation_time:
  sec: 13
  nanosec: 804000000
estimated_time_remaining:
  sec: 4
  nanosec: 364034924
number_of_recoveries: 0
distance_remaining: 1.3457103967666626

Feedback:
    current_pose:
  header:
    stamp:
      sec: 29
      nanosec: 360000000
    frame_id: map
  pose:
    position:
      x: 3.2539271339315734
      y: 0.13886517164906256
      z: 0.0
    orientation:
      x: 0.0
      y: 0.0
      z: -0.10331327999461434
      w: 0.9946488657696013
navigation_time:
  sec: 13
  nanosec: 816000000
estimated_time_remaining:
  sec: 4
  nanosec: 235013343
number_of_recoveries: 0
distance_remaining: 1.320711374282837

Feedback:
    current_pose:
  header:
    stamp:
      sec: 29
      nanosec: 360000000
    frame_id: map
  pose:
    position:
      x: 3.2539271339315734
      y: 0.13886517164906256
      z: 0.0
    orientation:
      x: 0.0
      y: 0.0
      z: -0.10331327999461434
      w: 0.9946488657696013
navigation_time:
  sec: 13
  nanosec: 824000000
estimated_time_remaining:
  sec: 4
  nanosec: 235013343
number_of_recoveries: 0
distance_remaining: 1.320711374282837

Feedback:
    current_pose:
  header:
    stamp:
      sec: 29
      nanosec: 380000000
    frame_id: map
  pose:
    position:
      x: 3.2610690792583332
      y: 0.14201846774193996
      z: 0.0
    orientation:
      x: 0.0
      y: 0.0
      z: -0.10298000783041539
      w: 0.9946834260141503
navigation_time:
  sec: 13
  nanosec: 836000000
estimated_time_remaining:
  sec: 4
  nanosec: 189566830
number_of_recoveries: 0
distance_remaining: 1.320711374282837

Feedback:
    current_pose:
  header:
    stamp:
      sec: 29
      nanosec: 380000000
    frame_id: map
  pose:
    position:
      x: 3.2610690792583332
      y: 0.14201846774193996
      z: 0.0
    orientation:
      x: 0.0
      y: 0.0
      z: -0.10298000783041539
      w: 0.9946834260141503
navigation_time:
  sec: 13
  nanosec: 844000000
estimated_time_remaining:
  sec: 4
  nanosec: 189566830
number_of_recoveries: 0
distance_remaining: 1.320711374282837

Feedback:
    current_pose:
  header:
    stamp:
      sec: 29
      nanosec: 400000000
    frame_id: map
  pose:
    position:
      x: 3.2682044913833055
      y: 0.14518865392353017
      z: 0.0
    orientation:
      x: 0.0
      y: 0.0
      z: -0.10264672412120521
      w: 0.9947178745891648
navigation_time:
  sec: 13
  nanosec: 856000000
estimated_time_remaining:
  sec: 4
  nanosec: 145034515
number_of_recoveries: 0
distance_remaining: 1.320711374282837

Feedback:
    current_pose:
  header:
    stamp:
      sec: 29
      nanosec: 400000000
    frame_id: map
  pose:
    position:
      x: 3.2682044913833055
      y: 0.14518865392353017
      z: 0.0
    orientation:
      x: 0.0
      y: 0.0
      z: -0.10264672412120521
      w: 0.9947178745891648
navigation_time:
  sec: 13
  nanosec: 864000000
estimated_time_remaining:
  sec: 4
  nanosec: 145034515
number_of_recoveries: 0
distance_remaining: 1.320711374282837

Feedback:
    current_pose:
  header:
    stamp:
      sec: 29
      nanosec: 420000000
    frame_id: map
  pose:
    position:
      x: 3.275056611744761
      y: 0.14375304631521543
      z: 0.0
    orientation:
      x: 0.0
      y: 0.0
      z: -0.10352561465605935
      w: 0.9946267878506415
navigation_time:
  sec: 13
  nanosec: 876000000
estimated_time_remaining:
  sec: 4
  nanosec: 102363246
number_of_recoveries: 0
distance_remaining: 1.320711374282837

Feedback:
    current_pose:
  header:
    stamp:
      sec: 29
      nanosec: 420000000
    frame_id: map
  pose:
    position:
      x: 3.275056611744761
      y: 0.14375304631521543
      z: 0.0
    orientation:
      x: 0.0
      y: 0.0
      z: -0.10352561465605935
      w: 0.9946267878506415
navigation_time:
  sec: 13
  nanosec: 884000000
estimated_time_remaining:
  sec: 4
  nanosec: 102363246
number_of_recoveries: 0
distance_remaining: 1.320711374282837

Feedback:
    current_pose:
  header:
    stamp:
      sec: 29
      nanosec: 440000000
    frame_id: map
  pose:
    position:
      x: 3.28194731466866
      y: 0.14229638505188566
      z: 0.0
    orientation:
      x: 0.0
      y: 0.0
      z: -0.10442588978254537
      w: 0.994532670927971
navigation_time:
  sec: 13
  nanosec: 896000000
estimated_time_remaining:
  sec: 3
  nanosec: 983491978
number_of_recoveries: 0
distance_remaining: 1.295710802078247

Feedback:
    current_pose:
  header:
    stamp:
      sec: 29
      nanosec: 440000000
    frame_id: map
  pose:
    position:
      x: 3.28194731466866
      y: 0.14229638505188566
      z: 0.0
    orientation:
      x: 0.0
      y: 0.0
      z: -0.10442588978254537
      w: 0.994532670927971
navigation_time:
  sec: 13
  nanosec: 904000000
estimated_time_remaining:
  sec: 3
  nanosec: 983491978
number_of_recoveries: 0
distance_remaining: 1.295710802078247

Feedback:
    current_pose:
  header:
    stamp:
      sec: 29
      nanosec: 460000000
    frame_id: map
  pose:
    position:
      x: 3.2888510129846176
      y: 0.14082389404455903
      z: 0.0
    orientation:
      x: 0.0
      y: 0.0
      z: -0.10533222637171803
      w: 0.9944370880491019
navigation_time:
  sec: 13
  nanosec: 916000000
estimated_time_remaining:
  sec: 3
  nanosec: 945972176
number_of_recoveries: 0
distance_remaining: 1.295710802078247

Feedback:
    current_pose:
  header:
    stamp:
      sec: 29
      nanosec: 460000000
    frame_id: map
  pose:
    position:
      x: 3.2888510129846176
      y: 0.14082389404455903
      z: 0.0
    orientation:
      x: 0.0
      y: 0.0
      z: -0.10533222637171803
      w: 0.9944370880491019
navigation_time:
  sec: 13
  nanosec: 924000000
estimated_time_remaining:
  sec: 3
  nanosec: 945972176
number_of_recoveries: 0
distance_remaining: 1.295710802078247

Feedback:
    current_pose:
  header:
    stamp:
      sec: 29
      nanosec: 480000000
    frame_id: map
  pose:
    position:
      x: 3.2958615547138543
      y: 0.13931504404294412
      z: 0.0
    orientation:
      x: 0.0
      y: 0.0
      z: -0.10626306119601328
      w: 0.994338052085533
navigation_time:
  sec: 13
  nanosec: 936000000
estimated_time_remaining:
  sec: 3
  nanosec: 908529925
number_of_recoveries: 0
distance_remaining: 1.295710802078247

Feedback:
    current_pose:
  header:
    stamp:
      sec: 29
      nanosec: 480000000
    frame_id: map
  pose:
    position:
      x: 3.2958615547138543
      y: 0.13931504404294412
      z: 0.0
    orientation:
      x: 0.0
      y: 0.0
      z: -0.10626306119601328
      w: 0.994338052085533
navigation_time:
  sec: 13
  nanosec: 944000000
estimated_time_remaining:
  sec: 3
  nanosec: 908529925
number_of_recoveries: 0
distance_remaining: 1.295710802078247

Feedback:
    current_pose:
  header:
    stamp:
      sec: 29
      nanosec: 500000000
    frame_id: map
  pose:
    position:
      x: 3.302869259324551
      y: 0.13779307171844332
      z: 0.0
    orientation:
      x: 0.0
      y: 0.0
      z: -0.10719380290629703
      w: 0.9942381448216951
navigation_time:
  sec: 13
  nanosec: 956000000
estimated_time_remaining:
  sec: 3
  nanosec: 872078119
number_of_recoveries: 0
distance_remaining: 1.295710802078247

Feedback:
    current_pose:
  header:
    stamp:
      sec: 29
      nanosec: 500000000
    frame_id: map
  pose:
    position:
      x: 3.302869259324551
      y: 0.13779307171844332
      z: 0.0
    orientation:
      x: 0.0
      y: 0.0
      z: -0.10719380290629703
      w: 0.9942381448216951
navigation_time:
  sec: 13
  nanosec: 964000000
estimated_time_remaining:
  sec: 3
  nanosec: 872078119
number_of_recoveries: 0
distance_remaining: 1.295710802078247

Feedback:
    current_pose:
  header:
    stamp:
      sec: 29
      nanosec: 520000000
    frame_id: map
  pose:
    position:
      x: 3.309860857869671
      y: 0.13626001241587346
      z: 0.0
    orientation:
      x: 0.0
      y: 0.0
      z: -0.10827291192095605
      w: 0.9941212081754199
navigation_time:
  sec: 13
  nanosec: 976000000
estimated_time_remaining:
  sec: 3
  nanosec: 764462463
number_of_recoveries: 0
distance_remaining: 1.2707105875015259

Feedback:
    current_pose:
  header:
    stamp:
      sec: 29
      nanosec: 520000000
    frame_id: map
  pose:
    position:
      x: 3.309860857869671
      y: 0.13626001241587346
      z: 0.0
    orientation:
      x: 0.0
      y: 0.0
      z: -0.10827291192095605
      w: 0.9941212081754199
navigation_time:
  sec: 13
  nanosec: 984000000
estimated_time_remaining:
  sec: 3
  nanosec: 764462463
number_of_recoveries: 0
distance_remaining: 1.2707105875015259

Feedback:
    current_pose:
  header:
    stamp:
      sec: 29
      nanosec: 540000000
    frame_id: map
  pose:
    position:
      x: 3.31684574348017
      y: 0.13471202985344521
      z: 0.0
    orientation:
      x: 0.0
      y: 0.0
      z: -0.1093890039543694
      w: 0.9939990170085033
navigation_time:
  sec: 13
  nanosec: 996000000
estimated_time_remaining:
  sec: 3
  nanosec: 733432732
number_of_recoveries: 0
distance_remaining: 1.2707105875015259

Feedback:
    current_pose:
  header:
    stamp:
      sec: 29
      nanosec: 540000000
    frame_id: map
  pose:
    position:
      x: 3.31684574348017
      y: 0.13471202985344521
      z: 0.0
    orientation:
      x: 0.0
      y: 0.0
      z: -0.1093890039543694
      w: 0.9939990170085033
navigation_time:
  sec: 14
  nanosec: 4000000
estimated_time_remaining:
  sec: 3
  nanosec: 733432732
number_of_recoveries: 0
distance_remaining: 1.2707105875015259

Feedback:
    current_pose:
  header:
    stamp:
      sec: 29
      nanosec: 560000000
    frame_id: map
  pose:
    position:
      x: 3.323842740433402
      y: 0.13314483306856148
      z: 0.0
    orientation:
      x: 0.0
      y: 0.0
      z: -0.11052074914159682
      w: 0.9938738169451795
navigation_time:
  sec: 14
  nanosec: 16000000
estimated_time_remaining:
  sec: 3
  nanosec: 704542569
number_of_recoveries: 0
distance_remaining: 1.2707105875015259

Feedback:
    current_pose:
  header:
    stamp:
      sec: 29
      nanosec: 560000000
    frame_id: map
  pose:
    position:
      x: 3.323842740433402
      y: 0.13314483306856148
      z: 0.0
    orientation:
      x: 0.0
      y: 0.0
      z: -0.11052074914159682
      w: 0.9938738169451795
navigation_time:
  sec: 14
  nanosec: 24000000
estimated_time_remaining:
  sec: 3
  nanosec: 704542569
number_of_recoveries: 0
distance_remaining: 1.2707105875015259

Feedback:
    current_pose:
  header:
    stamp:
      sec: 29
      nanosec: 580000000
    frame_id: map
  pose:
    position:
      x: 3.3309861155682694
      y: 0.13152719796427556
      z: 0.0
    orientation:
      x: 0.0
      y: 0.0
      z: -0.11171550694687507
      w: 0.993740230396054
navigation_time:
  sec: 14
  nanosec: 36000000
estimated_time_remaining:
  sec: 3
  nanosec: 674364944
number_of_recoveries: 0
distance_remaining: 1.2707105875015259

Feedback:
    current_pose:
  header:
    stamp:
      sec: 29
      nanosec: 580000000
    frame_id: map
  pose:
    position:
      x: 3.3309861155682694
      y: 0.13152719796427556
      z: 0.0
    orientation:
      x: 0.0
      y: 0.0
      z: -0.11171550694687507
      w: 0.993740230396054
navigation_time:
  sec: 14
  nanosec: 44000000
estimated_time_remaining:
  sec: 3
  nanosec: 674364944
number_of_recoveries: 0
distance_remaining: 1.2707105875015259

Feedback:
    current_pose:
  header:
    stamp:
      sec: 29
      nanosec: 600000000
    frame_id: map
  pose:
    position:
      x: 3.338127989715527
      y: 0.12989184277737806
      z: 0.0
    orientation:
      x: 0.0
      y: 0.0
      z: -0.11291010330173626
      w: 0.9936052076012843
navigation_time:
  sec: 14
  nanosec: 56000000
estimated_time_remaining:
  sec: 3
  nanosec: 573505495
number_of_recoveries: 0
distance_remaining: 1.245710849761963

Feedback:
    current_pose:
  header:
    stamp:
      sec: 29
      nanosec: 600000000
    frame_id: map
  pose:
    position:
      x: 3.338127989715527
      y: 0.12989184277737806
      z: 0.0
    orientation:
      x: 0.0
      y: 0.0
      z: -0.11291010330173626
      w: 0.9936052076012843
navigation_time:
  sec: 14
  nanosec: 64000000
estimated_time_remaining:
  sec: 3
  nanosec: 573505495
number_of_recoveries: 0
distance_remaining: 1.245710849761963

Feedback:
    current_pose:
  header:
    stamp:
      sec: 29
      nanosec: 620000000
    frame_id: map
  pose:
    position:
      x: 3.3459751591322964
      y: 0.12697716243353294
      z: 0.0
    orientation:
      x: 0.0
      y: 0.0
      z: -0.11420772285821482
      w: 0.9934568918878872
navigation_time:
  sec: 14
  nanosec: 72000000
estimated_time_remaining:
  sec: 3
  nanosec: 547510521
number_of_recoveries: 0
distance_remaining: 1.245710849761963

Feedback:
    current_pose:
  header:
    stamp:
      sec: 29
      nanosec: 620000000
    frame_id: map
  pose:
    position:
      x: 3.3459751591322964
      y: 0.12697716243353294
      z: 0.0
    orientation:
      x: 0.0
      y: 0.0
      z: -0.11420772285821482
      w: 0.9934568918878872
navigation_time:
  sec: 14
  nanosec: 84000000
estimated_time_remaining:
  sec: 3
  nanosec: 547510521
number_of_recoveries: 0
distance_remaining: 1.245710849761963

Feedback:
    current_pose:
  header:
    stamp:
      sec: 29
      nanosec: 640000000
    frame_id: map
  pose:
    position:
      x: 3.3538461998971583
      y: 0.12403590710009621
      z: 0.0
    orientation:
      x: 0.0
      y: 0.0
      z: -0.11553886088423412
      w: 0.9933029606447236
navigation_time:
  sec: 14
  nanosec: 96000000
estimated_time_remaining:
  sec: 3
  nanosec: 522148770
number_of_recoveries: 0
distance_remaining: 1.245710849761963

Feedback:
    current_pose:
  header:
    stamp:
      sec: 29
      nanosec: 640000000
    frame_id: map
  pose:
    position:
      x: 3.3538461998971583
      y: 0.12403590710009621
      z: 0.0
    orientation:
      x: 0.0
      y: 0.0
      z: -0.11553886088423412
      w: 0.9933029606447236
navigation_time:
  sec: 14
  nanosec: 104000000
estimated_time_remaining:
  sec: 3
  nanosec: 522148770
number_of_recoveries: 0
distance_remaining: 1.245710849761963

Feedback:
    current_pose:
  header:
    stamp:
      sec: 29
      nanosec: 660000000
    frame_id: map
  pose:
    position:
      x: 3.361728034821194
      y: 0.12107087157296209
      z: 0.0
    orientation:
      x: 0.0
      y: 0.0
      z: -0.11687051745627948
      w: 0.9931471603692482
navigation_time:
  sec: 14
  nanosec: 116000000
estimated_time_remaining:
  sec: 3
  nanosec: 428869535
number_of_recoveries: 0
distance_remaining: 1.2207107543945312

Feedback:
    current_pose:
  header:
    stamp:
      sec: 29
      nanosec: 660000000
    frame_id: map
  pose:
    position:
      x: 3.361728034821194
      y: 0.12107087157296209
      z: 0.0
    orientation:
      x: 0.0
      y: 0.0
      z: -0.11687051745627948
      w: 0.9931471603692482
navigation_time:
  sec: 14
  nanosec: 124000000
estimated_time_remaining:
  sec: 3
  nanosec: 428869535
number_of_recoveries: 0
distance_remaining: 1.2207107543945312

Feedback:
    current_pose:
  header:
    stamp:
      sec: 29
      nanosec: 680000000
    frame_id: map
  pose:
    position:
      x: 3.3697056373605507
      y: 0.11806155764250675
      z: 0.0
    orientation:
      x: 0.0
      y: 0.0
      z: -0.11820486753018139
      w: 0.9929892291924278
navigation_time:
  sec: 14
  nanosec: 136000000
estimated_time_remaining:
  sec: 3
  nanosec: 406364534
number_of_recoveries: 0
distance_remaining: 1.2207107543945312

Feedback:
    current_pose:
  header:
    stamp:
      sec: 29
      nanosec: 680000000
    frame_id: map
  pose:
    position:
      x: 3.3697056373605507
      y: 0.11806155764250675
      z: 0.0
    orientation:
      x: 0.0
      y: 0.0
      z: -0.11820486753018139
      w: 0.9929892291924278
navigation_time:
  sec: 14
  nanosec: 144000000
estimated_time_remaining:
  sec: 3
  nanosec: 406364534
number_of_recoveries: 0
distance_remaining: 1.2207107543945312

Feedback:
    current_pose:
  header:
    stamp:
      sec: 29
      nanosec: 700000000
    frame_id: map
  pose:
    position:
      x: 3.377678271573634
      y: 0.11503182356597402
      z: 0.0
    orientation:
      x: 0.0
      y: 0.0
      z: -0.11953900419330148
      w: 0.9928295052406901
navigation_time:
  sec: 14
  nanosec: 156000000
estimated_time_remaining:
  sec: 3
  nanosec: 385341998
number_of_recoveries: 0
distance_remaining: 1.2207107543945312

Feedback:
    current_pose:
  header:
    stamp:
      sec: 29
      nanosec: 700000000
    frame_id: map
  pose:
    position:
      x: 3.377678271573634
      y: 0.11503182356597402
      z: 0.0
    orientation:
      x: 0.0
      y: 0.0
      z: -0.11953900419330148
      w: 0.9928295052406901
navigation_time:
  sec: 14
  nanosec: 164000000
estimated_time_remaining:
  sec: 3
  nanosec: 385341998
number_of_recoveries: 0
distance_remaining: 1.2207107543945312

Feedback:
    current_pose:
  header:
    stamp:
      sec: 29
      nanosec: 720000000
    frame_id: map
  pose:
    position:
      x: 3.3857252843199435
      y: 0.11196214198452459
      z: 0.0
    orientation:
      x: 0.0
      y: 0.0
      z: -0.12086636213492875
      w: 0.9926687879168299
navigation_time:
  sec: 14
  nanosec: 176000000
estimated_time_remaining:
  sec: 3
  nanosec: 296991349
number_of_recoveries: 0
distance_remaining: 1.1957111358642578

Feedback:
    current_pose:
  header:
    stamp:
      sec: 29
      nanosec: 720000000
    frame_id: map
  pose:
    position:
      x: 3.3857252843199435
      y: 0.11196214198452459
      z: 0.0
    orientation:
      x: 0.0
      y: 0.0
      z: -0.12086636213492875
      w: 0.9926687879168299
navigation_time:
  sec: 14
  nanosec: 184000000
estimated_time_remaining:
  sec: 3
  nanosec: 296991349
number_of_recoveries: 0
distance_remaining: 1.1957111358642578

Feedback:
    current_pose:
  header:
    stamp:
      sec: 29
      nanosec: 740000000
    frame_id: map
  pose:
    position:
      x: 3.3938517238418506
      y: 0.10885103076998387
      z: 0.0
    orientation:
      x: 0.0
      y: 0.0
      z: -0.12218912944288751
      w: 0.9925068345588304
navigation_time:
  sec: 14
  nanosec: 196000000
estimated_time_remaining:
  sec: 3
  nanosec: 277351664
number_of_recoveries: 0
distance_remaining: 1.1957111358642578

Feedback:
    current_pose:
  header:
    stamp:
      sec: 29
      nanosec: 740000000
    frame_id: map
  pose:
    position:
      x: 3.3938517238418506
      y: 0.10885103076998387
      z: 0.0
    orientation:
      x: 0.0
      y: 0.0
      z: -0.12218912944288751
      w: 0.9925068345588304
navigation_time:
  sec: 14
  nanosec: 204000000
estimated_time_remaining:
  sec: 3
  nanosec: 277351664
number_of_recoveries: 0
distance_remaining: 1.1957111358642578

Feedback:
    current_pose:
  header:
    stamp:
      sec: 29
      nanosec: 760000000
    frame_id: map
  pose:
    position:
      x: 3.4019737369818364
      y: 0.10571904523615283
      z: 0.0
    orientation:
      x: 0.0
      y: 0.0
      z: -0.12351448103623176
      w: 0.9923427699007791
navigation_time:
  sec: 14
  nanosec: 216000000
estimated_time_remaining:
  sec: 3
  nanosec: 258740084
number_of_recoveries: 0
distance_remaining: 1.1957111358642578

Feedback:
    current_pose:
  header:
    stamp:
      sec: 29
      nanosec: 760000000
    frame_id: map
  pose:
    position:
      x: 3.4019737369818364
      y: 0.10571904523615283
      z: 0.0
    orientation:
      x: 0.0
      y: 0.0
      z: -0.12351448103623176
      w: 0.9923427699007791
navigation_time:
  sec: 14
  nanosec: 224000000
estimated_time_remaining:
  sec: 3
  nanosec: 258740084
number_of_recoveries: 0
distance_remaining: 1.1957111358642578

Feedback:
    current_pose:
  header:
    stamp:
      sec: 29
      nanosec: 780000000
    frame_id: map
  pose:
    position:
      x: 3.410093572389486
      y: 0.10256546265467953
      z: 0.0
    orientation:
      x: 0.0
      y: 0.0
      z: -0.12485081562913107
      w: 0.9921755257194872
navigation_time:
  sec: 14
  nanosec: 236000000
estimated_time_remaining:
  sec: 3
  nanosec: 173315428
number_of_recoveries: 0
distance_remaining: 1.1707109212875366

Feedback:
    current_pose:
  header:
    stamp:
      sec: 29
      nanosec: 780000000
    frame_id: map
  pose:
    position:
      x: 3.410093572389486
      y: 0.10256546265467953
      z: 0.0
    orientation:
      x: 0.0
      y: 0.0
      z: -0.12485081562913107
      w: 0.9921755257194872
navigation_time:
  sec: 14
  nanosec: 244000000
estimated_time_remaining:
  sec: 3
  nanosec: 173315428
number_of_recoveries: 0
distance_remaining: 1.1707109212875366

Feedback:
    current_pose:
  header:
    stamp:
      sec: 29
      nanosec: 800000000
    frame_id: map
  pose:
    position:
      x: 3.418208034665848
      y: 0.09939101393086103
      z: 0.0
    orientation:
      x: 0.0
      y: 0.0
      z: -0.12618692377256002
      w: 0.9920064819691544
navigation_time:
  sec: 14
  nanosec: 256000000
estimated_time_remaining:
  sec: 3
  nanosec: 157872743
number_of_recoveries: 0
distance_remaining: 1.1707109212875366

Feedback:
    current_pose:
  header:
    stamp:
      sec: 29
      nanosec: 800000000
    frame_id: map
  pose:
    position:
      x: 3.418208034665848
      y: 0.09939101393086103
      z: 0.0
    orientation:
      x: 0.0
      y: 0.0
      z: -0.12618692377256002
      w: 0.9920064819691544
navigation_time:
  sec: 14
  nanosec: 264000000
estimated_time_remaining:
  sec: 3
  nanosec: 157872743
number_of_recoveries: 0
distance_remaining: 1.1707109212875366

Feedback:
    current_pose:
  header:
    stamp:
      sec: 29
      nanosec: 820000000
    frame_id: map
  pose:
    position:
      x: 3.425625867541012
      y: 0.09746264899070001
      z: 0.0
    orientation:
      x: 0.0
      y: 0.0
      z: -0.1274593232685032
      w: 0.9918437986457015
navigation_time:
  sec: 14
  nanosec: 276000000
estimated_time_remaining:
  sec: 3
  nanosec: 144426681
number_of_recoveries: 0
distance_remaining: 1.1707109212875366

Feedback:
    current_pose:
  header:
    stamp:
      sec: 29
      nanosec: 820000000
    frame_id: map
  pose:
    position:
      x: 3.425625867541012
      y: 0.09746264899070001
      z: 0.0
    orientation:
      x: 0.0
      y: 0.0
      z: -0.1274593232685032
      w: 0.9918437986457015
navigation_time:
  sec: 14
  nanosec: 284000000
estimated_time_remaining:
  sec: 3
  nanosec: 144426681
number_of_recoveries: 0
distance_remaining: 1.1707109212875366

Feedback:
    current_pose:
  header:
    stamp:
      sec: 29
      nanosec: 840000000
    frame_id: map
  pose:
    position:
      x: 3.4330207201830616
      y: 0.09552006914196853
      z: 0.0
    orientation:
      x: 0.0
      y: 0.0
      z: -0.12872420937631188
      w: 0.991680431348952
navigation_time:
  sec: 14
  nanosec: 296000000
estimated_time_remaining:
  sec: 3
  nanosec: 131529470
number_of_recoveries: 0
distance_remaining: 1.1707109212875366

Feedback:
    current_pose:
  header:
    stamp:
      sec: 29
      nanosec: 840000000
    frame_id: map
  pose:
    position:
      x: 3.4330207201830616
      y: 0.09552006914196853
      z: 0.0
    orientation:
      x: 0.0
      y: 0.0
      z: -0.12872420937631188
      w: 0.991680431348952
navigation_time:
  sec: 14
  nanosec: 304000000
estimated_time_remaining:
  sec: 3
  nanosec: 131529470
number_of_recoveries: 0
distance_remaining: 1.1707109212875366

Feedback:
    current_pose:
  header:
    stamp:
      sec: 29
      nanosec: 860000000
    frame_id: map
  pose:
    position:
      x: 3.4404260541579115
      y: 0.09355451308901619
      z: 0.0
    orientation:
      x: 0.0
      y: 0.0
      z: -0.12998852583131754
      w: 0.9915154981906239
navigation_time:
  sec: 14
  nanosec: 316000000
estimated_time_remaining:
  sec: 3
  nanosec: 51958837
number_of_recoveries: 0
distance_remaining: 1.1457105875015259

Feedback:
    current_pose:
  header:
    stamp:
      sec: 29
      nanosec: 860000000
    frame_id: map
  pose:
    position:
      x: 3.4404260541579115
      y: 0.09355451308901619
      z: 0.0
    orientation:
      x: 0.0
      y: 0.0
      z: -0.12998852583131754
      w: 0.9915154981906239
navigation_time:
  sec: 14
  nanosec: 324000000
estimated_time_remaining:
  sec: 3
  nanosec: 51958837
number_of_recoveries: 0
distance_remaining: 1.1457105875015259

Feedback:
    current_pose:
  header:
    stamp:
      sec: 29
      nanosec: 880000000
    frame_id: map
  pose:
    position:
      x: 3.4479088609009128
      y: 0.09154798517834839
      z: 0.0
    orientation:
      x: 0.0
      y: 0.0
      z: -0.13125119013731498
      w: 0.9913491438880343
navigation_time:
  sec: 14
  nanosec: 336000000
estimated_time_remaining:
  sec: 3
  nanosec: 38248342
number_of_recoveries: 0
distance_remaining: 1.1457105875015259

Feedback:
    current_pose:
  header:
    stamp:
      sec: 29
      nanosec: 880000000
    frame_id: map
  pose:
    position:
      x: 3.4479088609009128
      y: 0.09154798517834839
      z: 0.0
    orientation:
      x: 0.0
      y: 0.0
      z: -0.13125119013731498
      w: 0.9913491438880343
navigation_time:
  sec: 14
  nanosec: 344000000
estimated_time_remaining:
  sec: 3
  nanosec: 38248342
number_of_recoveries: 0
distance_remaining: 1.1457105875015259

Feedback:
    current_pose:
  header:
    stamp:
      sec: 29
      nanosec: 900000000
    frame_id: map
  pose:
    position:
      x: 3.4553865324449093
      y: 0.08952240395540262
      z: 0.0
    orientation:
      x: 0.0
      y: 0.0
      z: -0.13251364155460052
      w: 0.9911811816221788
navigation_time:
  sec: 14
  nanosec: 356000000
estimated_time_remaining:
  sec: 3
  nanosec: 17524508
number_of_recoveries: 0
distance_remaining: 1.1426093578338623

Feedback:
    current_pose:
  header:
    stamp:
      sec: 29
      nanosec: 900000000
    frame_id: map
  pose:
    position:
      x: 3.4553865324449093
      y: 0.08952240395540262
      z: 0.0
    orientation:
      x: 0.0
      y: 0.0
      z: -0.13251364155460052
      w: 0.9911811816221788
navigation_time:
  sec: 14
  nanosec: 364000000
estimated_time_remaining:
  sec: 3
  nanosec: 17524508
number_of_recoveries: 0
distance_remaining: 1.1426093578338623

Feedback:
    current_pose:
  header:
    stamp:
      sec: 29
      nanosec: 920000000
    frame_id: map
  pose:
    position:
      x: 3.4629625676943934
      y: 0.0874498060324927
      z: 0.0
    orientation:
      x: 0.0
      y: 0.0
      z: -0.13371596665591795
      w: 0.9910196972115507
navigation_time:
  sec: 14
  nanosec: 376000000
estimated_time_remaining:
  sec: 3
  nanosec: 5733940
number_of_recoveries: 0
distance_remaining: 1.1426093578338623

Feedback:
    current_pose:
  header:
    stamp:
      sec: 29
      nanosec: 920000000
    frame_id: map
  pose:
    position:
      x: 3.4629625676943934
      y: 0.0874498060324927
      z: 0.0
    orientation:
      x: 0.0
      y: 0.0
      z: -0.13371596665591795
      w: 0.9910196972115507
navigation_time:
  sec: 14
  nanosec: 384000000
estimated_time_remaining:
  sec: 3
  nanosec: 5733940
number_of_recoveries: 0
distance_remaining: 1.1426093578338623

Feedback:
    current_pose:
  header:
    stamp:
      sec: 29
      nanosec: 940000000
    frame_id: map
  pose:
    position:
      x: 3.470576840523969
      y: 0.08534713831366625
      z: 0.0
    orientation:
      x: 0.0
      y: 0.0
      z: -0.13490311948448405
      w: 0.9908587933471424
navigation_time:
  sec: 14
  nanosec: 396000000
estimated_time_remaining:
  sec: 2
  nanosec: 992740537
number_of_recoveries: 0
distance_remaining: 1.1426093578338623

Feedback:
    current_pose:
  header:
    stamp:
      sec: 29
      nanosec: 940000000
    frame_id: map
  pose:
    position:
      x: 3.470576840523969
      y: 0.08534713831366625
      z: 0.0
    orientation:
      x: 0.0
      y: 0.0
      z: -0.13490311948448405
      w: 0.9908587933471424
navigation_time:
  sec: 14
  nanosec: 404000000
estimated_time_remaining:
  sec: 2
  nanosec: 992740537
number_of_recoveries: 0
distance_remaining: 1.1426093578338623

Feedback:
    current_pose:
  header:
    stamp:
      sec: 29
      nanosec: 960000000
    frame_id: map
  pose:
    position:
      x: 3.47819461329504
      y: 0.08322384952010059
      z: 0.0
    orientation:
      x: 0.0
      y: 0.0
      z: -0.13608317620420052
      w: 0.9906974155382543
navigation_time:
  sec: 14
  nanosec: 416000000
estimated_time_remaining:
  sec: 2
  nanosec: 857778190
number_of_recoveries: 0
distance_remaining: 1.0957108736038208

Feedback:
    current_pose:
  header:
    stamp:
      sec: 29
      nanosec: 960000000
    frame_id: map
  pose:
    position:
      x: 3.47819461329504
      y: 0.08322384952010059
      z: 0.0
    orientation:
      x: 0.0
      y: 0.0
      z: -0.13608317620420052
      w: 0.9906974155382543
navigation_time:
  sec: 14
  nanosec: 424000000
estimated_time_remaining:
  sec: 2
  nanosec: 857778190
number_of_recoveries: 0
distance_remaining: 1.0957108736038208

Feedback:
    current_pose:
  header:
    stamp:
      sec: 29
      nanosec: 980000000
    frame_id: map
  pose:
    position:
      x: 3.4858415946085066
      y: 0.08107306031193079
      z: 0.0
    orientation:
      x: 0.0
      y: 0.0
      z: -0.1372354343244858
      w: 0.9905384573885911
navigation_time:
  sec: 14
  nanosec: 436000000
estimated_time_remaining:
  sec: 2
  nanosec: 845765452
number_of_recoveries: 0
distance_remaining: 1.0957108736038208

Feedback:
    current_pose:
  header:
    stamp:
      sec: 29
      nanosec: 980000000
    frame_id: map
  pose:
    position:
      x: 3.4858415946085066
      y: 0.08107306031193079
      z: 0.0
    orientation:
      x: 0.0
      y: 0.0
      z: -0.1372354343244858
      w: 0.9905384573885911
navigation_time:
  sec: 14
  nanosec: 444000000
estimated_time_remaining:
  sec: 2
  nanosec: 845765452
number_of_recoveries: 0
distance_remaining: 1.0957108736038208

Feedback:
    current_pose:
  header:
    stamp:
      sec: 30
      nanosec: 0
    frame_id: map
  pose:
    position:
      x: 3.4934835517632905
      y: 0.0789044874469052
      z: 0.0
    orientation:
      x: 0.0
      y: 0.0
      z: -0.13838750676970785
      w: 0.9903781590736258
navigation_time:
  sec: 14
  nanosec: 452000000
estimated_time_remaining:
  sec: 2
  nanosec: 834814708
number_of_recoveries: 0
distance_remaining: 1.0957108736038208

Feedback:
    current_pose:
  header:
    stamp:
      sec: 30
      nanosec: 0
    frame_id: map
  pose:
    position:
      x: 3.4934835517632905
      y: 0.0789044874469052
      z: 0.0
    orientation:
      x: 0.0
      y: 0.0
      z: -0.13838750676970785
      w: 0.9903781590736258
navigation_time:
  sec: 14
  nanosec: 464000000
estimated_time_remaining:
  sec: 2
  nanosec: 834814708
number_of_recoveries: 0
distance_remaining: 1.0957108736038208

Feedback:
    current_pose:
  header:
    stamp:
      sec: 30
      nanosec: 20000000
    frame_id: map
  pose:
    position:
      x: 3.502267573451313
      y: 0.07950209549765413
      z: 0.0
    orientation:
      x: 0.0
      y: 0.0
      z: -0.1386393216830893
      w: 0.9903429398361222
navigation_time:
  sec: 14
  nanosec: 476000000
estimated_time_remaining:
  sec: 2
  nanosec: 824979390
number_of_recoveries: 0
distance_remaining: 1.0957108736038208

Feedback:
    current_pose:
  header:
    stamp:
      sec: 30
      nanosec: 20000000
    frame_id: map
  pose:
    position:
      x: 3.502267573451313
      y: 0.07950209549765413
      z: 0.0
    orientation:
      x: 0.0
      y: 0.0
      z: -0.1386393216830893
      w: 0.9903429398361222
navigation_time:
  sec: 14
  nanosec: 484000000
estimated_time_remaining:
  sec: 2
  nanosec: 824979390
number_of_recoveries: 0
distance_remaining: 1.0957108736038208

Feedback:
    current_pose:
  header:
    stamp:
      sec: 30
      nanosec: 40000000
    frame_id: map
  pose:
    position:
      x: 3.5110459373558713
      y: 0.0801079669181832
      z: 0.0
    orientation:
      x: 0.0
      y: 0.0
      z: -0.13889200830178652
      w: 0.9903075330572301
navigation_time:
  sec: 14
  nanosec: 496000000
estimated_time_remaining:
  sec: 2
  nanosec: 751705675
number_of_recoveries: 0
distance_remaining: 1.0707106590270996

Feedback:
    current_pose:
  header:
    stamp:
      sec: 30
      nanosec: 40000000
    frame_id: map
  pose:
    position:
      x: 3.5110459373558713
      y: 0.0801079669181832
      z: 0.0
    orientation:
      x: 0.0
      y: 0.0
      z: -0.13889200830178652
      w: 0.9903075330572301
navigation_time:
  sec: 14
  nanosec: 504000000
estimated_time_remaining:
  sec: 2
  nanosec: 751705675
number_of_recoveries: 0
distance_remaining: 1.0707106590270996

Feedback:
    current_pose:
  header:
    stamp:
      sec: 30
      nanosec: 60000000
    frame_id: map
  pose:
    position:
      x: 3.5198261213481516
      y: 0.08071992273077039
      z: 0.0
    orientation:
      x: 0.0
      y: 0.0
      z: -0.13915142366473107
      w: 0.9902711150448034
navigation_time:
  sec: 14
  nanosec: 516000000
estimated_time_remaining:
  sec: 2
  nanosec: 744643047
number_of_recoveries: 0
distance_remaining: 1.0707106590270996

Feedback:
    current_pose:
  header:
    stamp:
      sec: 30
      nanosec: 60000000
    frame_id: map
  pose:
    position:
      x: 3.5198261213481516
      y: 0.08071992273077039
      z: 0.0
    orientation:
      x: 0.0
      y: 0.0
      z: -0.13915142366473107
      w: 0.9902711150448034
navigation_time:
  sec: 14
  nanosec: 524000000
estimated_time_remaining:
  sec: 2
  nanosec: 744643047
number_of_recoveries: 0
distance_remaining: 1.0707106590270996

Feedback:
    current_pose:
  header:
    stamp:
      sec: 30
      nanosec: 80000000
    frame_id: map
  pose:
    position:
      x: 3.5286397488733985
      y: 0.08132855500750827
      z: 0.0
    orientation:
      x: 0.0
      y: 0.0
      z: -0.1394377796214292
      w: 0.9902308345099367
navigation_time:
  sec: 14
  nanosec: 536000000
estimated_time_remaining:
  sec: 2
  nanosec: 737976232
number_of_recoveries: 0
distance_remaining: 1.0707106590270996

Feedback:
    current_pose:
  header:
    stamp:
      sec: 30
      nanosec: 80000000
    frame_id: map
  pose:
    position:
      x: 3.5286397488733985
      y: 0.08132855500750827
      z: 0.0
    orientation:
      x: 0.0
      y: 0.0
      z: -0.1394377796214292
      w: 0.9902308345099367
navigation_time:
  sec: 14
  nanosec: 544000000
estimated_time_remaining:
  sec: 2
  nanosec: 737976232
number_of_recoveries: 0
distance_remaining: 1.0707106590270996

Feedback:
    current_pose:
  header:
    stamp:
      sec: 30
      nanosec: 100000000
    frame_id: map
  pose:
    position:
      x: 3.537444455848672
      y: 0.0819458259063025
      z: 0.0
    orientation:
      x: 0.0
      y: 0.0
      z: -0.13972412391813285
      w: 0.9901904711697189
navigation_time:
  sec: 14
  nanosec: 556000000
estimated_time_remaining:
  sec: 2
  nanosec: 667140668
number_of_recoveries: 0
distance_remaining: 1.0457098484039307

Feedback:
    current_pose:
  header:
    stamp:
      sec: 30
      nanosec: 100000000
    frame_id: map
  pose:
    position:
      x: 3.537444455848672
      y: 0.0819458259063025
      z: 0.0
    orientation:
      x: 0.0
      y: 0.0
      z: -0.13972412391813285
      w: 0.9901904711697189
navigation_time:
  sec: 14
  nanosec: 564000000
estimated_time_remaining:
  sec: 2
  nanosec: 667140668
number_of_recoveries: 0
distance_remaining: 1.0457098484039307

Feedback:
    current_pose:
  header:
    stamp:
      sec: 30
      nanosec: 120000000
    frame_id: map
  pose:
    position:
      x: 3.5462624126354236
      y: 0.08256516828157551
      z: 0.0
    orientation:
      x: 0.0
      y: 0.0
      z: -0.14003582599074732
      w: 0.9901464373713058
navigation_time:
  sec: 14
  nanosec: 576000000
estimated_time_remaining:
  sec: 2
  nanosec: 660061000
number_of_recoveries: 0
distance_remaining: 1.0457098484039307

Feedback:
    current_pose:
  header:
    stamp:
      sec: 30
      nanosec: 120000000
    frame_id: map
  pose:
    position:
      x: 3.5462624126354236
      y: 0.08256516828157551
      z: 0.0
    orientation:
      x: 0.0
      y: 0.0
      z: -0.14003582599074732
      w: 0.9901464373713058
navigation_time:
  sec: 14
  nanosec: 584000000
estimated_time_remaining:
  sec: 2
  nanosec: 660061000
number_of_recoveries: 0
distance_remaining: 1.0457098484039307

Feedback:
    current_pose:
  header:
    stamp:
      sec: 30
      nanosec: 140000000
    frame_id: map
  pose:
    position:
      x: 3.5550768402145074
      y: 0.08319106577780297
      z: 0.0
    orientation:
      x: 0.0
      y: 0.0
      z: -0.14035385626680325
      w: 0.9901014064382686
navigation_time:
  sec: 14
  nanosec: 596000000
estimated_time_remaining:
  sec: 2
  nanosec: 652420766
number_of_recoveries: 0
distance_remaining: 1.0457098484039307

Feedback:
    current_pose:
  header:
    stamp:
      sec: 30
      nanosec: 140000000
    frame_id: map
  pose:
    position:
      x: 3.5550768402145074
      y: 0.08319106577780297
      z: 0.0
    orientation:
      x: 0.0
      y: 0.0
      z: -0.14035385626680325
      w: 0.9901014064382686
navigation_time:
  sec: 14
  nanosec: 604000000
estimated_time_remaining:
  sec: 2
  nanosec: 652420766
number_of_recoveries: 0
distance_remaining: 1.0457098484039307

Feedback:
    current_pose:
  header:
    stamp:
      sec: 30
      nanosec: 160000000
    frame_id: map
  pose:
    position:
      x: 3.5638975303168867
      y: 0.08382064969422254
      z: 0.0
    orientation:
      x: 0.0
      y: 0.0
      z: -0.14066674708683488
      w: 0.990057001522644
navigation_time:
  sec: 14
  nanosec: 616000000
estimated_time_remaining:
  sec: 2
  nanosec: 644109748
number_of_recoveries: 0
distance_remaining: 1.0457098484039307

Feedback:
    current_pose:
  header:
    stamp:
      sec: 30
      nanosec: 160000000
    frame_id: map
  pose:
    position:
      x: 3.5638975303168867
      y: 0.08382064969422254
      z: 0.0
    orientation:
      x: 0.0
      y: 0.0
      z: -0.14066674708683488
      w: 0.990057001522644
navigation_time:
  sec: 14
  nanosec: 624000000
estimated_time_remaining:
  sec: 2
  nanosec: 644109748
number_of_recoveries: 0
distance_remaining: 1.0457098484039307

Feedback:
    current_pose:
  header:
    stamp:
      sec: 30
      nanosec: 180000000
    frame_id: map
  pose:
    position:
      x: 3.5727850563782044
      y: 0.08443670151228605
      z: 0.0
    orientation:
      x: 0.0
      y: 0.0
      z: -0.1409591248003914
      w: 0.9900154166150685
navigation_time:
  sec: 14
  nanosec: 636000000
estimated_time_remaining:
  sec: 2
  nanosec: 571848067
number_of_recoveries: 0
distance_remaining: 1.0207107067108154

Feedback:
    current_pose:
  header:
    stamp:
      sec: 30
      nanosec: 180000000
    frame_id: map
  pose:
    position:
      x: 3.5727850563782044
      y: 0.08443670151228605
      z: 0.0
    orientation:
      x: 0.0
      y: 0.0
      z: -0.1409591248003914
      w: 0.9900154166150685
navigation_time:
  sec: 14
  nanosec: 644000000
estimated_time_remaining:
  sec: 2
  nanosec: 571848067
number_of_recoveries: 0
distance_remaining: 1.0207107067108154

Feedback:
    current_pose:
  header:
    stamp:
      sec: 30
      nanosec: 200000000
    frame_id: map
  pose:
    position:
      x: 3.581663586770951
      y: 0.08506136583536841
      z: 0.0
    orientation:
      x: 0.0
      y: 0.0
      z: -0.14125149022029174
      w: 0.9899737453642631
navigation_time:
  sec: 14
  nanosec: 656000000
estimated_time_remaining:
  sec: 2
  nanosec: 563086359
number_of_recoveries: 0
distance_remaining: 1.0207107067108154

Feedback:
    current_pose:
  header:
    stamp:
      sec: 30
      nanosec: 200000000
    frame_id: map
  pose:
    position:
      x: 3.581663586770951
      y: 0.08506136583536841
      z: 0.0
    orientation:
      x: 0.0
      y: 0.0
      z: -0.14125149022029174
      w: 0.9899737453642631
navigation_time:
  sec: 14
  nanosec: 664000000
estimated_time_remaining:
  sec: 2
  nanosec: 563086359
number_of_recoveries: 0
distance_remaining: 1.0207107067108154

Feedback:
    current_pose:
  header:
    stamp:
      sec: 30
      nanosec: 220000000
    frame_id: map
  pose:
    position:
      x: 3.590326074738428
      y: 0.08263260691790536
      z: 0.0
    orientation:
      x: 0.0
      y: 0.0
      z: -0.14261882845496301
      w: 0.9897776870439816
navigation_time:
  sec: 14
  nanosec: 676000000
estimated_time_remaining:
  sec: 2
  nanosec: 554923595
number_of_recoveries: 0
distance_remaining: 1.0207107067108154

Feedback:
    current_pose:
  header:
    stamp:
      sec: 30
      nanosec: 220000000
    frame_id: map
  pose:
    position:
      x: 3.590326074738428
      y: 0.08263260691790536
      z: 0.0
    orientation:
      x: 0.0
      y: 0.0
      z: -0.14261882845496301
      w: 0.9897776870439816
navigation_time:
  sec: 14
  nanosec: 684000000
estimated_time_remaining:
  sec: 2
  nanosec: 554923595
number_of_recoveries: 0
distance_remaining: 1.0207107067108154

Feedback:
    current_pose:
  header:
    stamp:
      sec: 30
      nanosec: 240000000
    frame_id: map
  pose:
    position:
      x: 3.5989888519544846
      y: 0.08017778358045968
      z: 0.0
    orientation:
      x: 0.0
      y: 0.0
      z: -0.14399710526749163
      w: 0.9895781089305598
navigation_time:
  sec: 14
  nanosec: 696000000
estimated_time_remaining:
  sec: 2
  nanosec: 485091657
number_of_recoveries: 0
distance_remaining: 0.9957101941108704

Feedback:
    current_pose:
  header:
    stamp:
      sec: 30
      nanosec: 240000000
    frame_id: map
  pose:
    position:
      x: 3.5989888519544846
      y: 0.08017778358045968
      z: 0.0
    orientation:
      x: 0.0
      y: 0.0
      z: -0.14399710526749163
      w: 0.9895781089305598
navigation_time:
  sec: 14
  nanosec: 704000000
estimated_time_remaining:
  sec: 2
  nanosec: 485091657
number_of_recoveries: 0
distance_remaining: 0.9957101941108704

Feedback:
    current_pose:
  header:
    stamp:
      sec: 30
      nanosec: 260000000
    frame_id: map
  pose:
    position:
      x: 3.607629622094393
      y: 0.07770350476702997
      z: 0.0
    orientation:
      x: 0.0
      y: 0.0
      z: -0.1453738789389336
      w: 0.9893767913804369
navigation_time:
  sec: 14
  nanosec: 716000000
estimated_time_remaining:
  sec: 2
  nanosec: 479418605
number_of_recoveries: 0
distance_remaining: 0.9957101941108704

Feedback:
    current_pose:
  header:
    stamp:
      sec: 30
      nanosec: 260000000
    frame_id: map
  pose:
    position:
      x: 3.607629622094393
      y: 0.07770350476702997
      z: 0.0
    orientation:
      x: 0.0
      y: 0.0
      z: -0.1453738789389336
      w: 0.9893767913804369
navigation_time:
  sec: 14
  nanosec: 724000000
estimated_time_remaining:
  sec: 2
  nanosec: 479418605
number_of_recoveries: 0
distance_remaining: 0.9957101941108704

Feedback:
    current_pose:
  header:
    stamp:
      sec: 30
      nanosec: 280000000
    frame_id: map
  pose:
    position:
      x: 3.616204326026569
      y: 0.07522320688505676
      z: 0.0
    orientation:
      x: 0.0
      y: 0.0
      z: -0.14674547670711335
      w: 0.9891742844746835
navigation_time:
  sec: 14
  nanosec: 736000000
estimated_time_remaining:
  sec: 2
  nanosec: 412880513
number_of_recoveries: 0
distance_remaining: 0.9707096815109253

Feedback:
    current_pose:
  header:
    stamp:
      sec: 30
      nanosec: 280000000
    frame_id: map
  pose:
    position:
      x: 3.616204326026569
      y: 0.07522320688505676
      z: 0.0
    orientation:
      x: 0.0
      y: 0.0
      z: -0.14674547670711335
      w: 0.9891742844746835
navigation_time:
  sec: 14
  nanosec: 744000000
estimated_time_remaining:
  sec: 2
  nanosec: 412880513
number_of_recoveries: 0
distance_remaining: 0.9707096815109253

Feedback:
    current_pose:
  header:
    stamp:
      sec: 30
      nanosec: 300000000
    frame_id: map
  pose:
    position:
      x: 3.624771669602567
      y: 0.07271940444179889
      z: 0.0
    orientation:
      x: 0.0
      y: 0.0
      z: -0.14811679238798584
      w: 0.9889698760896077
navigation_time:
  sec: 14
  nanosec: 756000000
estimated_time_remaining:
  sec: 2
  nanosec: 409599387
number_of_recoveries: 0
distance_remaining: 0.9707096815109253

Feedback:
    current_pose:
  header:
    stamp:
      sec: 30
      nanosec: 300000000
    frame_id: map
  pose:
    position:
      x: 3.624771669602567
      y: 0.07271940444179889
      z: 0.0
    orientation:
      x: 0.0
      y: 0.0
      z: -0.14811679238798584
      w: 0.9889698760896077
navigation_time:
  sec: 14
  nanosec: 764000000
estimated_time_remaining:
  sec: 2
  nanosec: 409599387
number_of_recoveries: 0
distance_remaining: 0.9707096815109253

Feedback:
    current_pose:
  header:
    stamp:
      sec: 30
      nanosec: 320000000
    frame_id: map
  pose:
    position:
      x: 3.6334245321122647
      y: 0.07016392276295111
      z: 0.0
    orientation:
      x: 0.0
      y: 0.0
      z: -0.14941997268288426
      w: 0.9887738223494017
navigation_time:
  sec: 14
  nanosec: 776000000
estimated_time_remaining:
  sec: 2
  nanosec: 405753309
number_of_recoveries: 0
distance_remaining: 0.9707096815109253

Feedback:
    current_pose:
  header:
    stamp:
      sec: 30
      nanosec: 320000000
    frame_id: map
  pose:
    position:
      x: 3.6334245321122647
      y: 0.07016392276295111
      z: 0.0
    orientation:
      x: 0.0
      y: 0.0
      z: -0.14941997268288426
      w: 0.9887738223494017
navigation_time:
  sec: 14
  nanosec: 784000000
estimated_time_remaining:
  sec: 2
  nanosec: 405753309
number_of_recoveries: 0
distance_remaining: 0.9707096815109253

Feedback:
    current_pose:
  header:
    stamp:
      sec: 30
      nanosec: 340000000
    frame_id: map
  pose:
    position:
      x: 3.642106603173938
      y: 0.06757473576334866
      z: 0.0
    orientation:
      x: 0.0
      y: 0.0
      z: -0.15070593406157667
      w: 0.9885786369523812
navigation_time:
  sec: 14
  nanosec: 796000000
estimated_time_remaining:
  sec: 2
  nanosec: 338953719
number_of_recoveries: 0
distance_remaining: 0.9457101225852966

Feedback:
    current_pose:
  header:
    stamp:
      sec: 30
      nanosec: 340000000
    frame_id: map
  pose:
    position:
      x: 3.642106603173938
      y: 0.06757473576334866
      z: 0.0
    orientation:
      x: 0.0
      y: 0.0
      z: -0.15070593406157667
      w: 0.9885786369523812
navigation_time:
  sec: 14
  nanosec: 804000000
estimated_time_remaining:
  sec: 2
  nanosec: 338953719
number_of_recoveries: 0
distance_remaining: 0.9457101225852966

Feedback:
    current_pose:
  header:
    stamp:
      sec: 30
      nanosec: 360000000
    frame_id: map
  pose:
    position:
      x: 3.650784963362368
      y: 0.06496198336560002
      z: 0.0
    orientation:
      x: 0.0
      y: 0.0
      z: -0.15197047165768265
      w: 0.9883850341562956
navigation_time:
  sec: 14
  nanosec: 816000000
estimated_time_remaining:
  sec: 2
  nanosec: 333899515
number_of_recoveries: 0
distance_remaining: 0.9457101225852966

Feedback:
    current_pose:
  header:
    stamp:
      sec: 30
      nanosec: 360000000
    frame_id: map
  pose:
    position:
      x: 3.650784963362368
      y: 0.06496198336560002
      z: 0.0
    orientation:
      x: 0.0
      y: 0.0
      z: -0.15197047165768265
      w: 0.9883850341562956
navigation_time:
  sec: 14
  nanosec: 824000000
estimated_time_remaining:
  sec: 2
  nanosec: 333899515
number_of_recoveries: 0
distance_remaining: 0.9457101225852966

Feedback:
    current_pose:
  header:
    stamp:
      sec: 30
      nanosec: 380000000
    frame_id: map
  pose:
    position:
      x: 3.6594704846825143
      y: 0.06232343368133991
      z: 0.0
    orientation:
      x: 0.0
      y: 0.0
      z: -0.1531501012466689
      w: 0.988202937907055
navigation_time:
  sec: 14
  nanosec: 836000000
estimated_time_remaining:
  sec: 2
  nanosec: 328828584
number_of_recoveries: 0
distance_remaining: 0.9457101225852966

Feedback:
    current_pose:
  header:
    stamp:
      sec: 30
      nanosec: 380000000
    frame_id: map
  pose:
    position:
      x: 3.6594704846825143
      y: 0.06232343368133991
      z: 0.0
    orientation:
      x: 0.0
      y: 0.0
      z: -0.1531501012466689
      w: 0.988202937907055
navigation_time:
  sec: 14
  nanosec: 844000000
estimated_time_remaining:
  sec: 2
  nanosec: 328828584
number_of_recoveries: 0
distance_remaining: 0.9457101225852966

Feedback:
    current_pose:
  header:
    stamp:
      sec: 30
      nanosec: 400000000
    frame_id: map
  pose:
    position:
      x: 3.668149162249136
      y: 0.059664065810388606
      z: 0.0
    orientation:
      x: 0.0
      y: 0.0
      z: -0.1543295126250771
      w: 0.9880194337830133
navigation_time:
  sec: 14
  nanosec: 856000000
estimated_time_remaining:
  sec: 2
  nanosec: 262698622
number_of_recoveries: 0
distance_remaining: 0.9207097887992859

Feedback:
    current_pose:
  header:
    stamp:
      sec: 30
      nanosec: 400000000
    frame_id: map
  pose:
    position:
      x: 3.668149162249136
      y: 0.059664065810388606
      z: 0.0
    orientation:
      x: 0.0
      y: 0.0
      z: -0.1543295126250771
      w: 0.9880194337830133
navigation_time:
  sec: 14
  nanosec: 864000000
estimated_time_remaining:
  sec: 2
  nanosec: 262698622
number_of_recoveries: 0
distance_remaining: 0.9207097887992859

Feedback:
    current_pose:
  header:
    stamp:
      sec: 30
      nanosec: 420000000
    frame_id: map
  pose:
    position:
      x: 3.6766035708667797
      y: 0.05820802810519499
      z: 0.0
    orientation:
      x: 0.0
      y: 0.0
      z: -0.15520830825531914
      w: 0.9878817647110012
navigation_time:
  sec: 14
  nanosec: 876000000
estimated_time_remaining:
  sec: 2
  nanosec: 258708845
number_of_recoveries: 0
distance_remaining: 0.9207097887992859

Feedback:
    current_pose:
  header:
    stamp:
      sec: 30
      nanosec: 420000000
    frame_id: map
  pose:
    position:
      x: 3.6766035708667797
      y: 0.05820802810519499
      z: 0.0
    orientation:
      x: 0.0
      y: 0.0
      z: -0.15520830825531914
      w: 0.9878817647110012
navigation_time:
  sec: 14
  nanosec: 884000000
estimated_time_remaining:
  sec: 2
  nanosec: 258708845
number_of_recoveries: 0
distance_remaining: 0.9207097887992859

Feedback:
    current_pose:
  header:
    stamp:
      sec: 30
      nanosec: 440000000
    frame_id: map
  pose:
    position:
      x: 3.685049080485757
      y: 0.05674192041355536
      z: 0.0
    orientation:
      x: 0.0
      y: 0.0
      z: -0.15607825337304745
      w: 0.9877446931388795
navigation_time:
  sec: 14
  nanosec: 896000000
estimated_time_remaining:
  sec: 2
  nanosec: 255153468
number_of_recoveries: 0
distance_remaining: 0.9207097887992859

Feedback:
    current_pose:
  header:
    stamp:
      sec: 30
      nanosec: 440000000
    frame_id: map
  pose:
    position:
      x: 3.685049080485757
      y: 0.05674192041355536
      z: 0.0
    orientation:
      x: 0.0
      y: 0.0
      z: -0.15607825337304745
      w: 0.9877446931388795
navigation_time:
  sec: 14
  nanosec: 904000000
estimated_time_remaining:
  sec: 2
  nanosec: 255153468
number_of_recoveries: 0
distance_remaining: 0.9207097887992859

Feedback:
    current_pose:
  header:
    stamp:
      sec: 30
      nanosec: 460000000
    frame_id: map
  pose:
    position:
      x: 3.6934856614980873
      y: 0.055265846676081865
      z: 0.0
    orientation:
      x: 0.0
      y: 0.0
      z: -0.15691782835680096
      w: 0.9876116621141052
navigation_time:
  sec: 14
  nanosec: 916000000
estimated_time_remaining:
  sec: 2
  nanosec: 251946481
number_of_recoveries: 0
distance_remaining: 0.9207097887992859

Feedback:
    current_pose:
  header:
    stamp:
      sec: 30
      nanosec: 460000000
    frame_id: map
  pose:
    position:
      x: 3.6934856614980873
      y: 0.055265846676081865
      z: 0.0
    orientation:
      x: 0.0
      y: 0.0
      z: -0.15691782835680096
      w: 0.9876116621141052
navigation_time:
  sec: 14
  nanosec: 924000000
estimated_time_remaining:
  sec: 2
  nanosec: 251946481
number_of_recoveries: 0
distance_remaining: 0.9207097887992859

Feedback:
    current_pose:
  header:
    stamp:
      sec: 30
      nanosec: 480000000
    frame_id: map
  pose:
    position:
      x: 3.701899114928459
      y: 0.05378620168064174
      z: 0.0
    orientation:
      x: 0.0
      y: 0.0
      z: -0.1576363084981665
      w: 0.9874972375875645
navigation_time:
  sec: 14
  nanosec: 936000000
estimated_time_remaining:
  sec: 2
  nanosec: 188086920
number_of_recoveries: 0
distance_remaining: 0.8957103490829468

Feedback:
    current_pose:
  header:
    stamp:
      sec: 30
      nanosec: 480000000
    frame_id: map
  pose:
    position:
      x: 3.701899114928459
      y: 0.05378620168064174
      z: 0.0
    orientation:
      x: 0.0
      y: 0.0
      z: -0.1576363084981665
      w: 0.9874972375875645
navigation_time:
  sec: 14
  nanosec: 944000000
estimated_time_remaining:
  sec: 2
  nanosec: 188086920
number_of_recoveries: 0
distance_remaining: 0.8957103490829468

Feedback:
    current_pose:
  header:
    stamp:
      sec: 30
      nanosec: 500000000
    frame_id: map
  pose:
    position:
      x: 3.7103092807521545
      y: 0.05229738232622394
      z: 0.0
    orientation:
      x: 0.0
      y: 0.0
      z: -0.1583547051683511
      w: 0.987382290377463
navigation_time:
  sec: 14
  nanosec: 956000000
estimated_time_remaining:
  sec: 2
  nanosec: 186343179
number_of_recoveries: 0
distance_remaining: 0.8957103490829468

Feedback:
    current_pose:
  header:
    stamp:
      sec: 30
      nanosec: 500000000
    frame_id: map
  pose:
    position:
      x: 3.7103092807521545
      y: 0.05229738232622394
      z: 0.0
    orientation:
      x: 0.0
      y: 0.0
      z: -0.1583547051683511
      w: 0.987382290377463
navigation_time:
  sec: 14
  nanosec: 964000000
estimated_time_remaining:
  sec: 2
  nanosec: 186343179
number_of_recoveries: 0
distance_remaining: 0.8957103490829468

Feedback:
    current_pose:
  header:
    stamp:
      sec: 30
      nanosec: 520000000
    frame_id: map
  pose:
    position:
      x: 3.718706817960462
      y: 0.050802650660725784
      z: 0.0
    orientation:
      x: 0.0
      y: 0.0
      z: -0.15904741145235887
      w: 0.9872709460478942
navigation_time:
  sec: 14
  nanosec: 976000000
estimated_time_remaining:
  sec: 2
  nanosec: 124347993
number_of_recoveries: 0
distance_remaining: 0.8707104921340942

Feedback:
    current_pose:
  header:
    stamp:
      sec: 30
      nanosec: 520000000
    frame_id: map
  pose:
    position:
      x: 3.718706817960462
      y: 0.050802650660725784
      z: 0.0
    orientation:
      x: 0.0
      y: 0.0
      z: -0.15904741145235887
      w: 0.9872709460478942
navigation_time:
  sec: 14
  nanosec: 984000000
estimated_time_remaining:
  sec: 2
  nanosec: 124347993
number_of_recoveries: 0
distance_remaining: 0.8707104921340942

Feedback:
    current_pose:
  header:
    stamp:
      sec: 30
      nanosec: 540000000
    frame_id: map
  pose:
    position:
      x: 3.7270988626740182
      y: 0.049300034089348105
      z: 0.0
    orientation:
      x: 0.0
      y: 0.0
      z: -0.15973363850061745
      w: 0.9871601515110677
navigation_time:
  sec: 14
  nanosec: 996000000
estimated_time_remaining:
  sec: 2
  nanosec: 123730093
number_of_recoveries: 0
distance_remaining: 0.8707104921340942

Feedback:
    current_pose:
  header:
    stamp:
      sec: 30
      nanosec: 540000000
    frame_id: map
  pose:
    position:
      x: 3.7270988626740182
      y: 0.049300034089348105
      z: 0.0
    orientation:
      x: 0.0
      y: 0.0
      z: -0.15973363850061745
      w: 0.9871601515110677
navigation_time:
  sec: 15
  nanosec: 4000000
estimated_time_remaining:
  sec: 2
  nanosec: 123730093
number_of_recoveries: 0
distance_remaining: 0.8707104921340942

Feedback:
    current_pose:
  header:
    stamp:
      sec: 30
      nanosec: 560000000
    frame_id: map
  pose:
    position:
      x: 3.735483073813206
      y: 0.04779037319927021
      z: 0.0
    orientation:
      x: 0.0
      y: 0.0
      z: -0.16039782500872263
      w: 0.9870524493320867
navigation_time:
  sec: 15
  nanosec: 16000000
estimated_time_remaining:
  sec: 2
  nanosec: 62520324
number_of_recoveries: 0
distance_remaining: 0.8457105755805969

Feedback:
    current_pose:
  header:
    stamp:
      sec: 30
      nanosec: 560000000
    frame_id: map
  pose:
    position:
      x: 3.735483073813206
      y: 0.04779037319927021
      z: 0.0
    orientation:
      x: 0.0
      y: 0.0
      z: -0.16039782500872263
      w: 0.9870524493320867
navigation_time:
  sec: 15
  nanosec: 24000000
estimated_time_remaining:
  sec: 2
  nanosec: 62520324
number_of_recoveries: 0
distance_remaining: 0.8457105755805969

Feedback:
    current_pose:
  header:
    stamp:
      sec: 30
      nanosec: 580000000
    frame_id: map
  pose:
    position:
      x: 3.7438457580220623
      y: 0.04627951881782441
      z: 0.0
    orientation:
      x: 0.0
      y: 0.0
      z: -0.16097409423561493
      w: 0.9869586318509117
navigation_time:
  sec: 15
  nanosec: 36000000
estimated_time_remaining:
  sec: 2
  nanosec: 62422903
number_of_recoveries: 0
distance_remaining: 0.8457105755805969

Feedback:
    current_pose:
  header:
    stamp:
      sec: 30
      nanosec: 580000000
    frame_id: map
  pose:
    position:
      x: 3.7438457580220623
      y: 0.04627951881782441
      z: 0.0
    orientation:
      x: 0.0
      y: 0.0
      z: -0.16097409423561493
      w: 0.9869586318509117
navigation_time:
  sec: 15
  nanosec: 44000000
estimated_time_remaining:
  sec: 2
  nanosec: 62422903
number_of_recoveries: 0
distance_remaining: 0.8457105755805969

Feedback:
    current_pose:
  header:
    stamp:
      sec: 30
      nanosec: 600000000
    frame_id: map
  pose:
    position:
      x: 3.7522058492561055
      y: 0.04476177751769117
      z: 0.0
    orientation:
      x: 0.0
      y: 0.0
      z: -0.16155030856816358
      w: 0.9868644779307497
navigation_time:
  sec: 15
  nanosec: 56000000
estimated_time_remaining:
  sec: 2
  nanosec: 61878610
number_of_recoveries: 0
distance_remaining: 0.8457105755805969

Feedback:
    current_pose:
  header:
    stamp:
      sec: 30
      nanosec: 600000000
    frame_id: map
  pose:
    position:
      x: 3.7522058492561055
      y: 0.04476177751769117
      z: 0.0
    orientation:
      x: 0.0
      y: 0.0
      z: -0.16155030856816358
      w: 0.9868644779307497
navigation_time:
  sec: 15
  nanosec: 64000000
estimated_time_remaining:
  sec: 2
  nanosec: 61878610
number_of_recoveries: 0
distance_remaining: 0.8457105755805969

Feedback:
    current_pose:
  header:
    stamp:
      sec: 30
      nanosec: 620000000
    frame_id: map
  pose:
    position:
      x: 3.7600192944214346
      y: 0.04515511081199672
      z: 0.0
    orientation:
      x: 0.0
      y: 0.0
      z: -0.1614632452179926
      w: 0.9868787263102161
navigation_time:
  sec: 15
  nanosec: 76000000
estimated_time_remaining:
  sec: 1
  nanosec: 999755764
number_of_recoveries: 0
distance_remaining: 0.8207109570503235

Feedback:
    current_pose:
  header:
    stamp:
      sec: 30
      nanosec: 620000000
    frame_id: map
  pose:
    position:
      x: 3.7600192944214346
      y: 0.04515511081199672
      z: 0.0
    orientation:
      x: 0.0
      y: 0.0
      z: -0.1614632452179926
      w: 0.9868787263102161
navigation_time:
  sec: 15
  nanosec: 84000000
estimated_time_remaining:
  sec: 1
  nanosec: 999755764
number_of_recoveries: 0
distance_remaining: 0.8207109570503235

Feedback:
    current_pose:
  header:
    stamp:
      sec: 30
      nanosec: 640000000
    frame_id: map
  pose:
    position:
      x: 3.767835037635234
      y: 0.045558822331019405
      z: 0.0
    orientation:
      x: 0.0
      y: 0.0
      z: -0.16135136636023686
      w: 0.9868970243007548
navigation_time:
  sec: 15
  nanosec: 96000000
estimated_time_remaining:
  sec: 1
  nanosec: 999101251
number_of_recoveries: 0
distance_remaining: 0.8207109570503235

Feedback:
    current_pose:
  header:
    stamp:
      sec: 30
      nanosec: 640000000
    frame_id: map
  pose:
    position:
      x: 3.767835037635234
      y: 0.045558822331019405
      z: 0.0
    orientation:
      x: 0.0
      y: 0.0
      z: -0.16135136636023686
      w: 0.9868970243007548
navigation_time:
  sec: 15
  nanosec: 104000000
estimated_time_remaining:
  sec: 1
  nanosec: 999101251
number_of_recoveries: 0
distance_remaining: 0.8207109570503235

Feedback:
    current_pose:
  header:
    stamp:
      sec: 30
      nanosec: 660000000
    frame_id: map
  pose:
    position:
      x: 3.7756420160880038
      y: 0.04597669849579633
      z: 0.0
    orientation:
      x: 0.0
      y: 0.0
      z: -0.16121919268430357
      w: 0.9869186247661057
navigation_time:
  sec: 15
  nanosec: 116000000
estimated_time_remaining:
  sec: 1
  nanosec: 999475814
number_of_recoveries: 0
distance_remaining: 0.8207109570503235

Feedback:
    current_pose:
  header:
    stamp:
      sec: 30
      nanosec: 660000000
    frame_id: map
  pose:
    position:
      x: 3.7756420160880038
      y: 0.04597669849579633
      z: 0.0
    orientation:
      x: 0.0
      y: 0.0
      z: -0.16121919268430357
      w: 0.9869186247661057
navigation_time:
  sec: 15
  nanosec: 124000000
estimated_time_remaining:
  sec: 1
  nanosec: 999475814
number_of_recoveries: 0
distance_remaining: 0.8207109570503235

Feedback:
    current_pose:
  header:
    stamp:
      sec: 30
      nanosec: 680000000
    frame_id: map
  pose:
    position:
      x: 3.783423940593441
      y: 0.04641533365896905
      z: 0.0
    orientation:
      x: 0.0
      y: 0.0
      z: -0.16100584262597062
      w: 0.9869534531275024
navigation_time:
  sec: 15
  nanosec: 136000000
estimated_time_remaining:
  sec: 2
  nanosec: 391208
number_of_recoveries: 0
distance_remaining: 0.8207109570503235

Feedback:
    current_pose:
  header:
    stamp:
      sec: 30
      nanosec: 680000000
    frame_id: map
  pose:
    position:
      x: 3.783423940593441
      y: 0.04641533365896905
      z: 0.0
    orientation:
      x: 0.0
      y: 0.0
      z: -0.16100584262597062
      w: 0.9869534531275024
navigation_time:
  sec: 15
  nanosec: 144000000
estimated_time_remaining:
  sec: 2
  nanosec: 391208
number_of_recoveries: 0
distance_remaining: 0.8207109570503235

Feedback:
    current_pose:
  header:
    stamp:
      sec: 30
      nanosec: 700000000
    frame_id: map
  pose:
    position:
      x: 3.7912031071257397
      y: 0.046867781617019016
      z: 0.0
    orientation:
      x: 0.0
      y: 0.0
      z: -0.16079248502615515
      w: 0.9869882353701658
navigation_time:
  sec: 15
  nanosec: 156000000
estimated_time_remaining:
  sec: 2
  nanosec: 1626734
number_of_recoveries: 0
distance_remaining: 0.8207109570503235

Feedback:
    current_pose:
  header:
    stamp:
      sec: 30
      nanosec: 700000000
    frame_id: map
  pose:
    position:
      x: 3.7912031071257397
      y: 0.046867781617019016
      z: 0.0
    orientation:
      x: 0.0
      y: 0.0
      z: -0.16079248502615515
      w: 0.9869882353701658
navigation_time:
  sec: 15
  nanosec: 164000000
estimated_time_remaining:
  sec: 2
  nanosec: 1626734
number_of_recoveries: 0
distance_remaining: 0.8207109570503235

Feedback:
    current_pose:
  header:
    stamp:
      sec: 30
      nanosec: 720000000
    frame_id: map
  pose:
    position:
      x: 3.7988967566162746
      y: 0.04736217402603232
      z: 0.0
    orientation:
      x: 0.0
      y: 0.0
      z: -0.16050383263034648
      w: 0.9870352170571067
navigation_time:
  sec: 15
  nanosec: 176000000
estimated_time_remaining:
  sec: 2
  nanosec: 3644530
number_of_recoveries: 0
distance_remaining: 0.8207109570503235

Feedback:
    current_pose:
  header:
    stamp:
      sec: 30
      nanosec: 720000000
    frame_id: map
  pose:
    position:
      x: 3.7988967566162746
      y: 0.04736217402603232
      z: 0.0
    orientation:
      x: 0.0
      y: 0.0
      z: -0.16050383263034648
      w: 0.9870352170571067
navigation_time:
  sec: 15
  nanosec: 184000000
estimated_time_remaining:
  sec: 2
  nanosec: 3644530
number_of_recoveries: 0
distance_remaining: 0.8207109570503235

Feedback:
    current_pose:
  header:
    stamp:
      sec: 30
      nanosec: 740000000
    frame_id: map
  pose:
    position:
      x: 3.806567299706668
      y: 0.04787854519285892
      z: 0.0
    orientation:
      x: 0.0
      y: 0.0
      z: -0.16019634360876597
      w: 0.9870851693214633
navigation_time:
  sec: 15
  nanosec: 196000000
estimated_time_remaining:
  sec: 2
  nanosec: 6346512
number_of_recoveries: 0
distance_remaining: 0.8207109570503235

Feedback:
    current_pose:
  header:
    stamp:
      sec: 30
      nanosec: 740000000
    frame_id: map
  pose:
    position:
      x: 3.806567299706668
      y: 0.04787854519285892
      z: 0.0
    orientation:
      x: 0.0
      y: 0.0
      z: -0.16019634360876597
      w: 0.9870851693214633
navigation_time:
  sec: 15
  nanosec: 204000000
estimated_time_remaining:
  sec: 2
  nanosec: 6346512
number_of_recoveries: 0
distance_remaining: 0.8207109570503235

Feedback:
    current_pose:
  header:
    stamp:
      sec: 30
      nanosec: 760000000
    frame_id: map
  pose:
    position:
      x: 3.8142444037333503
      y: 0.0484070325905146
      z: 0.0
    orientation:
      x: 0.0
      y: 0.0
      z: -0.15987219942746753
      w: 0.987137720812159
navigation_time:
  sec: 15
  nanosec: 216000000
estimated_time_remaining:
  sec: 1
  nanosec: 947758012
number_of_recoveries: 0
distance_remaining: 0.7957105040550232

Feedback:
    current_pose:
  header:
    stamp:
      sec: 30
      nanosec: 760000000
    frame_id: map
  pose:
    position:
      x: 3.8142444037333503
      y: 0.0484070325905146
      z: 0.0
    orientation:
      x: 0.0
      y: 0.0
      z: -0.15987219942746753
      w: 0.987137720812159
navigation_time:
  sec: 15
  nanosec: 224000000
estimated_time_remaining:
  sec: 1
  nanosec: 947758012
number_of_recoveries: 0
distance_remaining: 0.7957105040550232

Feedback:
    current_pose:
  header:
    stamp:
      sec: 30
      nanosec: 780000000
    frame_id: map
  pose:
    position:
      x: 3.821955215408394
      y: 0.04893960836828162
      z: 0.0
    orientation:
      x: 0.0
      y: 0.0
      z: -0.15948147551141112
      w: 0.9872009212762635
navigation_time:
  sec: 15
  nanosec: 236000000
estimated_time_remaining:
  sec: 1
  nanosec: 949864131
number_of_recoveries: 0
distance_remaining: 0.7957105040550232

Feedback:
    current_pose:
  header:
    stamp:
      sec: 30
      nanosec: 780000000
    frame_id: map
  pose:
    position:
      x: 3.821955215408394
      y: 0.04893960836828162
      z: 0.0
    orientation:
      x: 0.0
      y: 0.0
      z: -0.15948147551141112
      w: 0.9872009212762635
navigation_time:
  sec: 15
  nanosec: 244000000
estimated_time_remaining:
  sec: 1
  nanosec: 949864131
number_of_recoveries: 0
distance_remaining: 0.7957105040550232

Feedback:
    current_pose:
  header:
    stamp:
      sec: 30
      nanosec: 800000000
    frame_id: map
  pose:
    position:
      x: 3.8296640314613093
      y: 0.04948863767367723
      z: 0.0
    orientation:
      x: 0.0
      y: 0.0
      z: -0.15909072659783366
      w: 0.9872639670881205
navigation_time:
  sec: 15
  nanosec: 260000000
estimated_time_remaining:
  sec: 1
  nanosec: 951499644
number_of_recoveries: 0
distance_remaining: 0.7957105040550232

Feedback:
    current_pose:
  header:
    stamp:
      sec: 30
      nanosec: 800000000
    frame_id: map
  pose:
    position:
      x: 3.8296640314613093
      y: 0.04948863767367723
      z: 0.0
    orientation:
      x: 0.0
      y: 0.0
      z: -0.15909072659783366
      w: 0.9872639670881205
navigation_time:
  sec: 15
  nanosec: 264000000
estimated_time_remaining:
  sec: 1
  nanosec: 951499644
number_of_recoveries: 0
distance_remaining: 0.7957105040550232

Feedback:
    current_pose:
  header:
    stamp:
      sec: 30
      nanosec: 820000000
    frame_id: map
  pose:
    position:
      x: 3.8387540698512943
      y: 0.044831262966797514
      z: 0.0
    orientation:
      x: 0.0
      y: 0.0
      z: -0.15960402131282195
      w: 0.9871811163007406
navigation_time:
  sec: 15
  nanosec: 276000000
estimated_time_remaining:
  sec: 1
  nanosec: 830272702
number_of_recoveries: 0
distance_remaining: 0.745710015296936

Feedback:
    current_pose:
  header:
    stamp:
      sec: 30
      nanosec: 820000000
    frame_id: map
  pose:
    position:
      x: 3.8387540698512943
      y: 0.044831262966797514
      z: 0.0
    orientation:
      x: 0.0
      y: 0.0
      z: -0.15960402131282195
      w: 0.9871811163007406
navigation_time:
  sec: 15
  nanosec: 284000000
estimated_time_remaining:
  sec: 1
  nanosec: 830272702
number_of_recoveries: 0
distance_remaining: 0.745710015296936

Feedback:
    current_pose:
  header:
    stamp:
      sec: 30
      nanosec: 840000000
    frame_id: map
  pose:
    position:
      x: 3.8478393756247002
      y: 0.04016273309502347
      z: 0.0
    orientation:
      x: 0.0
      y: 0.0
      z: -0.16011551235437943
      w: 0.9870982842166703
navigation_time:
  sec: 15
  nanosec: 296000000
estimated_time_remaining:
  sec: 1
  nanosec: 831618354
number_of_recoveries: 0
distance_remaining: 0.745710015296936

Feedback:
    current_pose:
  header:
    stamp:
      sec: 30
      nanosec: 840000000
    frame_id: map
  pose:
    position:
      x: 3.8478393756247002
      y: 0.04016273309502347
      z: 0.0
    orientation:
      x: 0.0
      y: 0.0
      z: -0.16011551235437943
      w: 0.9870982842166703
navigation_time:
  sec: 15
  nanosec: 304000000
estimated_time_remaining:
  sec: 1
  nanosec: 831618354
number_of_recoveries: 0
distance_remaining: 0.745710015296936

Feedback:
    current_pose:
  header:
    stamp:
      sec: 30
      nanosec: 860000000
    frame_id: map
  pose:
    position:
      x: 3.856909224057577
      y: 0.03548663908410593
      z: 0.0
    orientation:
      x: 0.0
      y: 0.0
      z: -0.1606259751862037
      w: 0.9870153474467765
navigation_time:
  sec: 15
  nanosec: 316000000
estimated_time_remaining:
  sec: 1
  nanosec: 771514450
number_of_recoveries: 0
distance_remaining: 0.7207105159759521

Feedback:
    current_pose:
  header:
    stamp:
      sec: 30
      nanosec: 860000000
    frame_id: map
  pose:
    position:
      x: 3.856909224057577
      y: 0.03548663908410593
      z: 0.0
    orientation:
      x: 0.0
      y: 0.0
      z: -0.1606259751862037
      w: 0.9870153474467765
navigation_time:
  sec: 15
  nanosec: 324000000
estimated_time_remaining:
  sec: 1
  nanosec: 771514450
number_of_recoveries: 0
distance_remaining: 0.7207105159759521

Feedback:
    current_pose:
  header:
    stamp:
      sec: 30
      nanosec: 880000000
    frame_id: map
  pose:
    position:
      x: 3.865930489432339
      y: 0.03081416362996145
      z: 0.0
    orientation:
      x: 0.0
      y: 0.0
      z: -0.16113245449566965
      w: 0.9869327900663758
navigation_time:
  sec: 15
  nanosec: 336000000
estimated_time_remaining:
  sec: 1
  nanosec: 773162912
number_of_recoveries: 0
distance_remaining: 0.7207105159759521

Feedback:
    current_pose:
  header:
    stamp:
      sec: 30
      nanosec: 880000000
    frame_id: map
  pose:
    position:
      x: 3.865930489432339
      y: 0.03081416362996145
      z: 0.0
    orientation:
      x: 0.0
      y: 0.0
      z: -0.16113245449566965
      w: 0.9869327900663758
navigation_time:
  sec: 15
  nanosec: 344000000
estimated_time_remaining:
  sec: 1
  nanosec: 773162912
number_of_recoveries: 0
distance_remaining: 0.7207105159759521

Feedback:
    current_pose:
  header:
    stamp:
      sec: 30
      nanosec: 900000000
    frame_id: map
  pose:
    position:
      x: 3.8749473722348005
      y: 0.026130595186957623
      z: 0.0
    orientation:
      x: 0.0
      y: 0.0
      z: -0.1616388913729829
      w: 0.9868499727900454
navigation_time:
  sec: 15
  nanosec: 356000000
estimated_time_remaining:
  sec: 1
  nanosec: 774963899
number_of_recoveries: 0
distance_remaining: 0.7207105159759521

Feedback:
    current_pose:
  header:
    stamp:
      sec: 30
      nanosec: 900000000
    frame_id: map
  pose:
    position:
      x: 3.8749473722348005
      y: 0.026130595186957623
      z: 0.0
    orientation:
      x: 0.0
      y: 0.0
      z: -0.1616388913729829
      w: 0.9868499727900454
navigation_time:
  sec: 15
  nanosec: 364000000
estimated_time_remaining:
  sec: 1
  nanosec: 774963899
number_of_recoveries: 0
distance_remaining: 0.7207105159759521

Feedback:
    current_pose:
  header:
    stamp:
      sec: 30
      nanosec: 920000000
    frame_id: map
  pose:
    position:
      x: 3.8839846889925638
      y: 0.021428607280702616
      z: 0.0
    orientation:
      x: 0.0
      y: 0.0
      z: -0.16199355411887775
      w: 0.9867918161516817
navigation_time:
  sec: 15
  nanosec: 376000000
estimated_time_remaining:
  sec: 1
  nanosec: 540542377
number_of_recoveries: 0
distance_remaining: 0.6249999403953552

Feedback:
    current_pose:
  header:
    stamp:
      sec: 30
      nanosec: 920000000
    frame_id: map
  pose:
    position:
      x: 3.8839846889925638
      y: 0.021428607280702616
      z: 0.0
    orientation:
      x: 0.0
      y: 0.0
      z: -0.16199355411887775
      w: 0.9867918161516817
navigation_time:
  sec: 15
  nanosec: 384000000
estimated_time_remaining:
  sec: 1
  nanosec: 540542377
number_of_recoveries: 0
distance_remaining: 0.6249999403953552

Feedback:
    current_pose:
  header:
    stamp:
      sec: 30
      nanosec: 940000000
    frame_id: map
  pose:
    position:
      x: 3.8930246883828383
      y: 0.01671630932227991
      z: 0.0
    orientation:
      x: 0.0
      y: 0.0
      z: -0.162310264626529
      w: 0.9867397721774804
navigation_time:
  sec: 15
  nanosec: 396000000
estimated_time_remaining:
  sec: 1
  nanosec: 480111912
number_of_recoveries: 0
distance_remaining: 0.599999189376831

Feedback:
    current_pose:
  header:
    stamp:
      sec: 30
      nanosec: 940000000
    frame_id: map
  pose:
    position:
      x: 3.8930246883828383
      y: 0.01671630932227991
      z: 0.0
    orientation:
      x: 0.0
      y: 0.0
      z: -0.162310264626529
      w: 0.9867397721774804
navigation_time:
  sec: 15
  nanosec: 404000000
estimated_time_remaining:
  sec: 1
  nanosec: 480111912
number_of_recoveries: 0
distance_remaining: 0.599999189376831

Feedback:
    current_pose:
  header:
    stamp:
      sec: 30
      nanosec: 960000000
    frame_id: map
  pose:
    position:
      x: 3.902027712991515
      y: 0.012007306022869507
      z: 0.0
    orientation:
      x: 0.0
      y: 0.0
      z: -0.1625588482007316
      w: 0.9866988501420539
navigation_time:
  sec: 15
  nanosec: 416000000
estimated_time_remaining:
  sec: 1
  nanosec: 481639414
number_of_recoveries: 0
distance_remaining: 0.599999189376831

Feedback:
    current_pose:
  header:
    stamp:
      sec: 30
      nanosec: 960000000
    frame_id: map
  pose:
    position:
      x: 3.902027712991515
      y: 0.012007306022869507
      z: 0.0
    orientation:
      x: 0.0
      y: 0.0
      z: -0.1625588482007316
      w: 0.9866988501420539
navigation_time:
  sec: 15
  nanosec: 424000000
estimated_time_remaining:
  sec: 1
  nanosec: 481639414
number_of_recoveries: 0
distance_remaining: 0.599999189376831

Feedback:
    current_pose:
  header:
    stamp:
      sec: 30
      nanosec: 980000000
    frame_id: map
  pose:
    position:
      x: 3.91089421988384
      y: 0.007339244424307334
      z: 0.0
    orientation:
      x: 0.0
      y: 0.0
      z: -0.16253498418613396
      w: 0.986702781447186
navigation_time:
  sec: 15
  nanosec: 436000000
estimated_time_remaining:
  sec: 1
  nanosec: 484186170
number_of_recoveries: 0
distance_remaining: 0.599999189376831

Feedback:
    current_pose:
  header:
    stamp:
      sec: 30
      nanosec: 980000000
    frame_id: map
  pose:
    position:
      x: 3.91089421988384
      y: 0.007339244424307334
      z: 0.0
    orientation:
      x: 0.0
      y: 0.0
      z: -0.16253498418613396
      w: 0.986702781447186
navigation_time:
  sec: 15
  nanosec: 444000000
estimated_time_remaining:
  sec: 1
  nanosec: 484186170
number_of_recoveries: 0
distance_remaining: 0.599999189376831

Feedback:
    current_pose:
  header:
    stamp:
      sec: 31
      nanosec: 0
    frame_id: map
  pose:
    position:
      x: 3.919759096290008
      y: 0.0026683439418001
      z: 0.0
    orientation:
      x: 0.0
      y: 0.0
      z: -0.16251112002815082
      w: 0.9867067121831066
navigation_time:
  sec: 15
  nanosec: 456000000
estimated_time_remaining:
  sec: 1
  nanosec: 425415364
number_of_recoveries: 0
distance_remaining: 0.5749991536140442

Feedback:
    current_pose:
  header:
    stamp:
      sec: 31
      nanosec: 0
    frame_id: map
  pose:
    position:
      x: 3.919759096290008
      y: 0.0026683439418001
      z: 0.0
    orientation:
      x: 0.0
      y: 0.0
      z: -0.16251112002815082
      w: 0.9867067121831066
navigation_time:
  sec: 15
  nanosec: 464000000
estimated_time_remaining:
  sec: 1
  nanosec: 425415364
number_of_recoveries: 0
distance_remaining: 0.5749991536140442

Feedback:
    current_pose:
  header:
    stamp:
      sec: 31
      nanosec: 20000000
    frame_id: map
  pose:
    position:
      x: 3.9285076208566223
      y: -0.000770764725643247
      z: 0.0
    orientation:
      x: 0.0
      y: 0.0
      z: -0.16217733550394786
      w: 0.9867616286869082
navigation_time:
  sec: 15
  nanosec: 476000000
estimated_time_remaining:
  sec: 1
  nanosec: 428697975
number_of_recoveries: 0
distance_remaining: 0.5749991536140442

Feedback:
    current_pose:
  header:
    stamp:
      sec: 31
      nanosec: 20000000
    frame_id: map
  pose:
    position:
      x: 3.9285076208566223
      y: -0.000770764725643247
      z: 0.0
    orientation:
      x: 0.0
      y: 0.0
      z: -0.16217733550394786
      w: 0.9867616286869082
navigation_time:
  sec: 15
  nanosec: 484000000
estimated_time_remaining:
  sec: 1
  nanosec: 428697975
number_of_recoveries: 0
distance_remaining: 0.5749991536140442

Feedback:
    current_pose:
  header:
    stamp:
      sec: 31
      nanosec: 40000000
    frame_id: map
  pose:
    position:
      x: 3.9372204867089033
      y: -0.004191862866736229
      z: 0.0
    orientation:
      x: 0.0
      y: 0.0
      z: -0.16173193373447475
      w: 0.9868347286199993
navigation_time:
  sec: 15
  nanosec: 496000000
estimated_time_remaining:
  sec: 1
  nanosec: 369797046
number_of_recoveries: 0
distance_remaining: 0.5499998331069946

Feedback:
    current_pose:
  header:
    stamp:
      sec: 31
      nanosec: 40000000
    frame_id: map
  pose:
    position:
      x: 3.9372204867089033
      y: -0.004191862866736229
      z: 0.0
    orientation:
      x: 0.0
      y: 0.0
      z: -0.16173193373447475
      w: 0.9868347286199993
navigation_time:
  sec: 15
  nanosec: 504000000
estimated_time_remaining:
  sec: 1
  nanosec: 369797046
number_of_recoveries: 0
distance_remaining: 0.5499998331069946

Feedback:
    current_pose:
  header:
    stamp:
      sec: 31
      nanosec: 60000000
    frame_id: map
  pose:
    position:
      x: 3.9458933526823943
      y: -0.007593102339373881
      z: 0.0
    orientation:
      x: 0.0
      y: 0.0
      z: -0.16121696890599505
      w: 0.9869189880313194
navigation_time:
  sec: 15
  nanosec: 516000000
estimated_time_remaining:
  sec: 1
  nanosec: 372890005
number_of_recoveries: 0
distance_remaining: 0.5499998331069946

Feedback:
    current_pose:
  header:
    stamp:
      sec: 31
      nanosec: 60000000
    frame_id: map
  pose:
    position:
      x: 3.9458933526823943
      y: -0.007593102339373881
      z: 0.0
    orientation:
      x: 0.0
      y: 0.0
      z: -0.16121696890599505
      w: 0.9869189880313194
navigation_time:
  sec: 15
  nanosec: 524000000
estimated_time_remaining:
  sec: 1
  nanosec: 372890005
number_of_recoveries: 0
distance_remaining: 0.5499998331069946

Feedback:
    current_pose:
  header:
    stamp:
      sec: 31
      nanosec: 80000000
    frame_id: map
  pose:
    position:
      x: 3.954401652006553
      y: -0.01092902615919808
      z: 0.0
    orientation:
      x: 0.0
      y: 0.0
      z: -0.16042380827055983
      w: 0.9870482266535767
navigation_time:
  sec: 15
  nanosec: 536000000
estimated_time_remaining:
  sec: 1
  nanosec: 377119407
number_of_recoveries: 0
distance_remaining: 0.5499998331069946

Feedback:
    current_pose:
  header:
    stamp:
      sec: 31
      nanosec: 80000000
    frame_id: map
  pose:
    position:
      x: 3.954401652006553
      y: -0.01092902615919808
      z: 0.0
    orientation:
      x: 0.0
      y: 0.0
      z: -0.16042380827055983
      w: 0.9870482266535767
navigation_time:
  sec: 15
  nanosec: 544000000
estimated_time_remaining:
  sec: 1
  nanosec: 377119407
number_of_recoveries: 0
distance_remaining: 0.5499998331069946

Feedback:
    current_pose:
  header:
    stamp:
      sec: 31
      nanosec: 100000000
    frame_id: map
  pose:
    position:
      x: 3.9629134221761464
      y: -0.01425435335382269
      z: 0.0
    orientation:
      x: 0.0
      y: 0.0
      z: -0.1596305439869302
      w: 0.9871768278411102
navigation_time:
  sec: 15
  nanosec: 556000000
estimated_time_remaining:
  sec: 1
  nanosec: 319745130
number_of_recoveries: 0
distance_remaining: 0.5249999165534973

Feedback:
    current_pose:
  header:
    stamp:
      sec: 31
      nanosec: 100000000
    frame_id: map
  pose:
    position:
      x: 3.9629134221761464
      y: -0.01425435335382269
      z: 0.0
    orientation:
      x: 0.0
      y: 0.0
      z: -0.1596305439869302
      w: 0.9871768278411102
navigation_time:
  sec: 15
  nanosec: 564000000
estimated_time_remaining:
  sec: 1
  nanosec: 319745130
number_of_recoveries: 0
distance_remaining: 0.5249999165534973

Feedback:
    current_pose:
  header:
    stamp:
      sec: 31
      nanosec: 120000000
    frame_id: map
  pose:
    position:
      x: 3.971267551217961
      y: -0.01751469800164368
      z: 0.0
    orientation:
      x: 0.0
      y: 0.0
      z: -0.15867101596810898
      w: 0.9873315090138916
navigation_time:
  sec: 15
  nanosec: 576000000
estimated_time_remaining:
  sec: 1
  nanosec: 326095193
number_of_recoveries: 0
distance_remaining: 0.5249999165534973

Feedback:
    current_pose:
  header:
    stamp:
      sec: 31
      nanosec: 120000000
    frame_id: map
  pose:
    position:
      x: 3.971267551217961
      y: -0.01751469800164368
      z: 0.0
    orientation:
      x: 0.0
      y: 0.0
      z: -0.15867101596810898
      w: 0.9873315090138916
navigation_time:
  sec: 15
  nanosec: 584000000
estimated_time_remaining:
  sec: 1
  nanosec: 326095193
number_of_recoveries: 0
distance_remaining: 0.5249999165534973

Feedback:
    current_pose:
  header:
    stamp:
      sec: 31
      nanosec: 140000000
    frame_id: map
  pose:
    position:
      x: 3.9795856249776436
      y: -0.020748456839908946
      z: 0.0
    orientation:
      x: 0.0
      y: 0.0
      z: -0.1576697906804699
      w: 0.9874918921726784
navigation_time:
  sec: 15
  nanosec: 596000000
estimated_time_remaining:
  sec: 1
  nanosec: 333623218
number_of_recoveries: 0
distance_remaining: 0.5249999165534973

Feedback:
    current_pose:
  header:
    stamp:
      sec: 31
      nanosec: 140000000
    frame_id: map
  pose:
    position:
      x: 3.9795856249776436
      y: -0.020748456839908946
      z: 0.0
    orientation:
      x: 0.0
      y: 0.0
      z: -0.1576697906804699
      w: 0.9874918921726784
navigation_time:
  sec: 15
  nanosec: 604000000
estimated_time_remaining:
  sec: 1
  nanosec: 333623218
number_of_recoveries: 0
distance_remaining: 0.5249999165534973

Feedback:
    current_pose:
  header:
    stamp:
      sec: 31
      nanosec: 160000000
    frame_id: map
  pose:
    position:
      x: 3.987872223619676
      y: -0.02395723208512668
      z: 0.0
    orientation:
      x: 0.0
      y: 0.0
      z: -0.1566193892110183
      w: 0.9876590337374369
navigation_time:
  sec: 15
  nanosec: 616000000
estimated_time_remaining:
  sec: 1
  nanosec: 277767529
number_of_recoveries: 0
distance_remaining: 0.4999995827674866

Feedback:
    current_pose:
  header:
    stamp:
      sec: 31
      nanosec: 160000000
    frame_id: map
  pose:
    position:
      x: 3.987872223619676
      y: -0.02395723208512668
      z: 0.0
    orientation:
      x: 0.0
      y: 0.0
      z: -0.1566193892110183
      w: 0.9876590337374369
navigation_time:
  sec: 15
  nanosec: 624000000
estimated_time_remaining:
  sec: 1
  nanosec: 277767529
number_of_recoveries: 0
distance_remaining: 0.4999995827674866

Feedback:
    current_pose:
  header:
    stamp:
      sec: 31
      nanosec: 180000000
    frame_id: map
  pose:
    position:
      x: 3.996020650035212
      y: -0.027104026284564542
      z: 0.0
    orientation:
      x: 0.0
      y: 0.0
      z: -0.15537271752422055
      w: 0.9878559199848622
navigation_time:
  sec: 15
  nanosec: 636000000
estimated_time_remaining:
  sec: 1
  nanosec: 286421570
number_of_recoveries: 0
distance_remaining: 0.4999995827674866

Feedback:
    current_pose:
  header:
    stamp:
      sec: 31
      nanosec: 180000000
    frame_id: map
  pose:
    position:
      x: 3.996020650035212
      y: -0.027104026284564542
      z: 0.0
    orientation:
      x: 0.0
      y: 0.0
      z: -0.15537271752422055
      w: 0.9878559199848622
navigation_time:
  sec: 15
  nanosec: 644000000
estimated_time_remaining:
  sec: 1
  nanosec: 286421570
number_of_recoveries: 0
distance_remaining: 0.4999995827674866

Feedback:
    current_pose:
  header:
    stamp:
      sec: 31
      nanosec: 200000000
    frame_id: map
  pose:
    position:
      x: 4.0041742776113605
      y: -0.030234484648072824
      z: 0.0
    orientation:
      x: 0.0
      y: 0.0
      z: -0.15412579827188042
      w: 0.9880512326327293
navigation_time:
  sec: 15
  nanosec: 656000000
estimated_time_remaining:
  sec: 1
  nanosec: 295677441
number_of_recoveries: 0
distance_remaining: 0.4999995827674866

Feedback:
    current_pose:
  header:
    stamp:
      sec: 31
      nanosec: 200000000
    frame_id: map
  pose:
    position:
      x: 4.0041742776113605
      y: -0.030234484648072824
      z: 0.0
    orientation:
      x: 0.0
      y: 0.0
      z: -0.15412579827188042
      w: 0.9880512326327293
navigation_time:
  sec: 15
  nanosec: 664000000
estimated_time_remaining:
  sec: 1
  nanosec: 295677441
number_of_recoveries: 0
distance_remaining: 0.4999995827674866

Feedback:
    current_pose:
  header:
    stamp:
      sec: 31
      nanosec: 220000000
    frame_id: map
  pose:
    position:
      x: 4.010044178673786
      y: -0.03193554296606721
      z: 0.0
    orientation:
      x: 0.0
      y: 0.0
      z: -0.15280878570405987
      w: 0.98825577408465
navigation_time:
  sec: 15
  nanosec: 676000000
estimated_time_remaining:
  sec: 1
  nanosec: 240050959
number_of_recoveries: 0
distance_remaining: 0.47499948740005493

Feedback:
    current_pose:
  header:
    stamp:
      sec: 31
      nanosec: 220000000
    frame_id: map
  pose:
    position:
      x: 4.010044178673786
      y: -0.03193554296606721
      z: 0.0
    orientation:
      x: 0.0
      y: 0.0
      z: -0.15280878570405987
      w: 0.98825577408465
navigation_time:
  sec: 15
  nanosec: 684000000
estimated_time_remaining:
  sec: 1
  nanosec: 240050959
number_of_recoveries: 0
distance_remaining: 0.47499948740005493

Feedback:
    current_pose:
  header:
    stamp:
      sec: 31
      nanosec: 240000000
    frame_id: map
  pose:
    position:
      x: 4.015896861957366
      y: -0.03361282669442062
      z: 0.0
    orientation:
      x: 0.0
      y: 0.0
      z: -0.15146004763726706
      w: 0.9884633801864978
navigation_time:
  sec: 15
  nanosec: 696000000
estimated_time_remaining:
  sec: 1
  nanosec: 250079139
number_of_recoveries: 0
distance_remaining: 0.47499948740005493

Feedback:
    current_pose:
  header:
    stamp:
      sec: 31
      nanosec: 240000000
    frame_id: map
  pose:
    position:
      x: 4.015896861957366
      y: -0.03361282669442062
      z: 0.0
    orientation:
      x: 0.0
      y: 0.0
      z: -0.15146004763726706
      w: 0.9884633801864978
navigation_time:
  sec: 15
  nanosec: 704000000
estimated_time_remaining:
  sec: 1
  nanosec: 250079139
number_of_recoveries: 0
distance_remaining: 0.47499948740005493

Feedback:
    current_pose:
  header:
    stamp:
      sec: 31
      nanosec: 260000000
    frame_id: map
  pose:
    position:
      x: 4.021684866877265
      y: -0.03525118062188437
      z: 0.0
    orientation:
      x: 0.0
      y: 0.0
      z: -0.14993861094605093
      w: 0.9886953084482443
navigation_time:
  sec: 15
  nanosec: 716000000
estimated_time_remaining:
  sec: 1
  nanosec: 260944395
number_of_recoveries: 0
distance_remaining: 0.47499948740005493

Feedback:
    current_pose:
  header:
    stamp:
      sec: 31
      nanosec: 260000000
    frame_id: map
  pose:
    position:
      x: 4.021684866877265
      y: -0.03525118062188437
      z: 0.0
    orientation:
      x: 0.0
      y: 0.0
      z: -0.14993861094605093
      w: 0.9886953084482443
navigation_time:
  sec: 15
  nanosec: 724000000
estimated_time_remaining:
  sec: 1
  nanosec: 260944395
number_of_recoveries: 0
distance_remaining: 0.47499948740005493

Feedback:
    current_pose:
  header:
    stamp:
      sec: 31
      nanosec: 280000000
    frame_id: map
  pose:
    position:
      x: 4.027374443767919
      y: -0.03683577588810982
      z: 0.0
    orientation:
      x: 0.0
      y: 0.0
      z: -0.14815812569318867
      w: 0.9889636847685972
navigation_time:
  sec: 15
  nanosec: 736000000
estimated_time_remaining:
  sec: 1
  nanosec: 272819672
number_of_recoveries: 0
distance_remaining: 0.47499948740005493

Feedback:
    current_pose:
  header:
    stamp:
      sec: 31
      nanosec: 280000000
    frame_id: map
  pose:
    position:
      x: 4.027374443767919
      y: -0.03683577588810982
      z: 0.0
    orientation:
      x: 0.0
      y: 0.0
      z: -0.14815812569318867
      w: 0.9889636847685972
navigation_time:
  sec: 15
  nanosec: 744000000
estimated_time_remaining:
  sec: 1
  nanosec: 272819672
number_of_recoveries: 0
distance_remaining: 0.47499948740005493

Feedback:
    current_pose:
  header:
    stamp:
      sec: 31
      nanosec: 300000000
    frame_id: map
  pose:
    position:
      x: 4.0330705453700935
      y: -0.03839831521624387
      z: 0.0
    orientation:
      x: 0.0
      y: 0.0
      z: -0.14637716005684473
      w: 0.9892288547215415
navigation_time:
  sec: 15
  nanosec: 756000000
estimated_time_remaining:
  sec: 1
  nanosec: 216947060
number_of_recoveries: 0
distance_remaining: 0.44999992847442627

Feedback:
    current_pose:
  header:
    stamp:
      sec: 31
      nanosec: 300000000
    frame_id: map
  pose:
    position:
      x: 4.0330705453700935
      y: -0.03839831521624387
      z: 0.0
    orientation:
      x: 0.0
      y: 0.0
      z: -0.14637716005684473
      w: 0.9892288547215415
navigation_time:
  sec: 15
  nanosec: 764000000
estimated_time_remaining:
  sec: 1
  nanosec: 216947060
number_of_recoveries: 0
distance_remaining: 0.44999992847442627

Feedback:
    current_pose:
  header:
    stamp:
      sec: 31
      nanosec: 320000000
    frame_id: map
  pose:
    position:
      x: 4.0386776333210035
      y: -0.039909145735040646
      z: 0.0
    orientation:
      x: 0.0
      y: 0.0
      z: -0.14442723778945973
      w: 0.9895154233181547
navigation_time:
  sec: 15
  nanosec: 776000000
estimated_time_remaining:
  sec: 1
  nanosec: 228051488
number_of_recoveries: 0
distance_remaining: 0.44999992847442627

Feedback:
    current_pose:
  header:
    stamp:
      sec: 31
      nanosec: 320000000
    frame_id: map
  pose:
    position:
      x: 4.0386776333210035
      y: -0.039909145735040646
      z: 0.0
    orientation:
      x: 0.0
      y: 0.0
      z: -0.14442723778945973
      w: 0.9895154233181547
navigation_time:
  sec: 15
  nanosec: 784000000
estimated_time_remaining:
  sec: 1
  nanosec: 228051488
number_of_recoveries: 0
distance_remaining: 0.44999992847442627

Feedback:
    current_pose:
  header:
    stamp:
      sec: 31
      nanosec: 340000000
    frame_id: map
  pose:
    position:
      x: 4.04426784534759
      y: -0.04138834408884512
      z: 0.0
    orientation:
      x: 0.0
      y: 0.0
      z: -0.14243462126768355
      w: 0.9898042122886382
navigation_time:
  sec: 15
  nanosec: 796000000
estimated_time_remaining:
  sec: 1
  nanosec: 239710973
number_of_recoveries: 0
distance_remaining: 0.44999992847442627

Feedback:
    current_pose:
  header:
    stamp:
      sec: 31
      nanosec: 340000000
    frame_id: map
  pose:
    position:
      x: 4.04426784534759
      y: -0.04138834408884512
      z: 0.0
    orientation:
      x: 0.0
      y: 0.0
      z: -0.14243462126768355
      w: 0.9898042122886382
navigation_time:
  sec: 15
  nanosec: 804000000
estimated_time_remaining:
  sec: 1
  nanosec: 239710973
number_of_recoveries: 0
distance_remaining: 0.44999992847442627

Feedback:
    current_pose:
  header:
    stamp:
      sec: 31
      nanosec: 360000000
    frame_id: map
  pose:
    position:
      x: 4.049820685596467
      y: -0.042830125064765245
      z: 0.0
    orientation:
      x: 0.0
      y: 0.0
      z: -0.14038882703789748
      w: 0.9900964484548581
navigation_time:
  sec: 15
  nanosec: 816000000
estimated_time_remaining:
  sec: 1
  nanosec: 251444171
number_of_recoveries: 0
distance_remaining: 0.44999992847442627

Feedback:
    current_pose:
  header:
    stamp:
      sec: 31
      nanosec: 360000000
    frame_id: map
  pose:
    position:
      x: 4.049820685596467
      y: -0.042830125064765245
      z: 0.0
    orientation:
      x: 0.0
      y: 0.0
      z: -0.14038882703789748
      w: 0.9900964484548581
navigation_time:
  sec: 15
  nanosec: 824000000
estimated_time_remaining:
  sec: 1
  nanosec: 251444171
number_of_recoveries: 0
distance_remaining: 0.44999992847442627

Feedback:
    current_pose:
  header:
    stamp:
      sec: 31
      nanosec: 380000000
    frame_id: map
  pose:
    position:
      x: 4.055203485829894
      y: -0.04419418059166921
      z: 0.0
    orientation:
      x: 0.0
      y: 0.0
      z: -0.1381319670204932
      w: 0.9904138325402413
navigation_time:
  sec: 15
  nanosec: 836000000
estimated_time_remaining:
  sec: 1
  nanosec: 264218083
number_of_recoveries: 0
distance_remaining: 0.44999992847442627

Feedback:
    current_pose:
  header:
    stamp:
      sec: 31
      nanosec: 380000000
    frame_id: map
  pose:
    position:
      x: 4.055203485829894
      y: -0.04419418059166921
      z: 0.0
    orientation:
      x: 0.0
      y: 0.0
      z: -0.1381319670204932
      w: 0.9904138325402413
navigation_time:
  sec: 15
  nanosec: 844000000
estimated_time_remaining:
  sec: 1
  nanosec: 264218083
number_of_recoveries: 0
distance_remaining: 0.44999992847442627

Feedback:
    current_pose:
  header:
    stamp:
      sec: 31
      nanosec: 400000000
    frame_id: map
  pose:
    position:
      x: 4.060593741773271
      y: -0.04553119056380328
      z: 0.0
    orientation:
      x: 0.0
      y: 0.0
      z: -0.13587438945638036
      w: 0.9907260722772243
navigation_time:
  sec: 15
  nanosec: 856000000
estimated_time_remaining:
  sec: 1
  nanosec: 206102992
number_of_recoveries: 0
distance_remaining: 0.424999862909317

Feedback:
    current_pose:
  header:
    stamp:
      sec: 31
      nanosec: 400000000
    frame_id: map
  pose:
    position:
      x: 4.060593741773271
      y: -0.04553119056380328
      z: 0.0
    orientation:
      x: 0.0
      y: 0.0
      z: -0.13587438945638036
      w: 0.9907260722772243
navigation_time:
  sec: 15
  nanosec: 864000000
estimated_time_remaining:
  sec: 1
  nanosec: 206102992
number_of_recoveries: 0
distance_remaining: 0.424999862909317

Feedback:
    current_pose:
  header:
    stamp:
      sec: 31
      nanosec: 420000000
    frame_id: map
  pose:
    position:
      x: 4.068713660029206
      y: -0.050458726793112
      z: 0.0
    orientation:
      x: 0.0
      y: 0.0
      z: -0.1342087342697448
      w: 0.9909530844826676
navigation_time:
  sec: 15
  nanosec: 876000000
estimated_time_remaining:
  sec: 1
  nanosec: 217639829
number_of_recoveries: 0
distance_remaining: 0.424999862909317

Feedback:
    current_pose:
  header:
    stamp:
      sec: 31
      nanosec: 420000000
    frame_id: map
  pose:
    position:
      x: 4.068713660029206
      y: -0.050458726793112
      z: 0.0
    orientation:
      x: 0.0
      y: 0.0
      z: -0.1342087342697448
      w: 0.9909530844826676
navigation_time:
  sec: 15
  nanosec: 884000000
estimated_time_remaining:
  sec: 1
  nanosec: 217639829
number_of_recoveries: 0
distance_remaining: 0.424999862909317

Feedback:
    current_pose:
  header:
    stamp:
      sec: 31
      nanosec: 440000000
    frame_id: map
  pose:
    position:
      x: 4.0768200140107975
      y: -0.05537406350731053
      z: 0.0
    orientation:
      x: 0.0
      y: 0.0
      z: -0.1325182562510355
      w: 0.9911805646602363
navigation_time:
  sec: 15
  nanosec: 896000000
estimated_time_remaining:
  sec: 1
  nanosec: 228624394
number_of_recoveries: 0
distance_remaining: 0.424999862909317

Feedback:
    current_pose:
  header:
    stamp:
      sec: 31
      nanosec: 440000000
    frame_id: map
  pose:
    position:
      x: 4.0768200140107975
      y: -0.05537406350731053
      z: 0.0
    orientation:
      x: 0.0
      y: 0.0
      z: -0.1325182562510355
      w: 0.9911805646602363
navigation_time:
  sec: 15
  nanosec: 904000000
estimated_time_remaining:
  sec: 1
  nanosec: 228624394
number_of_recoveries: 0
distance_remaining: 0.424999862909317

Feedback:
    current_pose:
  header:
    stamp:
      sec: 31
      nanosec: 460000000
    frame_id: map
  pose:
    position:
      x: 4.084897281579226
      y: -0.06027299572132405
      z: 0.0
    orientation:
      x: 0.0
      y: 0.0
      z: -0.13080154381879244
      w: 0.9914085717476021
navigation_time:
  sec: 15
  nanosec: 916000000
estimated_time_remaining:
  sec: 1
  nanosec: 165898324
number_of_recoveries: 0
distance_remaining: 0.3999994993209839

Feedback:
    current_pose:
  header:
    stamp:
      sec: 31
      nanosec: 460000000
    frame_id: map
  pose:
    position:
      x: 4.084897281579226
      y: -0.06027299572132405
      z: 0.0
    orientation:
      x: 0.0
      y: 0.0
      z: -0.13080154381879244
      w: 0.9914085717476021
navigation_time:
  sec: 15
  nanosec: 924000000
estimated_time_remaining:
  sec: 1
  nanosec: 165898324
number_of_recoveries: 0
distance_remaining: 0.3999994993209839

Feedback:
    current_pose:
  header:
    stamp:
      sec: 31
      nanosec: 480000000
    frame_id: map
  pose:
    position:
      x: 4.092881614590555
      y: -0.06513730596540807
      z: 0.0
    orientation:
      x: 0.0
      y: 0.0
      z: -0.12898101927887715
      w: 0.9916470625508765
navigation_time:
  sec: 15
  nanosec: 936000000
estimated_time_remaining:
  sec: 1
  nanosec: 175768513
number_of_recoveries: 0
distance_remaining: 0.3999994993209839

Feedback:
    current_pose:
  header:
    stamp:
      sec: 31
      nanosec: 480000000
    frame_id: map
  pose:
    position:
      x: 4.092881614590555
      y: -0.06513730596540807
      z: 0.0
    orientation:
      x: 0.0
      y: 0.0
      z: -0.12898101927887715
      w: 0.9916470625508765
navigation_time:
  sec: 15
  nanosec: 944000000
estimated_time_remaining:
  sec: 1
  nanosec: 175768513
number_of_recoveries: 0
distance_remaining: 0.3999994993209839

Feedback:
    current_pose:
  header:
    stamp:
      sec: 31
      nanosec: 500000000
    frame_id: map
  pose:
    position:
      x: 4.100858462484615
      y: -0.06998950460484787
      z: 0.0
    orientation:
      x: 0.0
      y: 0.0
      z: -0.12716005989325224
      w: 0.9918822103294043
navigation_time:
  sec: 15
  nanosec: 956000000
estimated_time_remaining:
  sec: 1
  nanosec: 185259896
number_of_recoveries: 0
distance_remaining: 0.3999994993209839

Feedback:
    current_pose:
  header:
    stamp:
      sec: 31
      nanosec: 500000000
    frame_id: map
  pose:
    position:
      x: 4.100858462484615
      y: -0.06998950460484787
      z: 0.0
    orientation:
      x: 0.0
      y: 0.0
      z: -0.12716005989325224
      w: 0.9918822103294043
navigation_time:
  sec: 15
  nanosec: 964000000
estimated_time_remaining:
  sec: 1
  nanosec: 185259896
number_of_recoveries: 0
distance_remaining: 0.3999994993209839

Feedback:
    current_pose:
  header:
    stamp:
      sec: 31
      nanosec: 520000000
    frame_id: map
  pose:
    position:
      x: 4.108710357728668
      y: -0.07479891656344734
      z: 0.0
    orientation:
      x: 0.0
      y: 0.0
      z: -0.12529450787025737
      w: 0.9921195927394791
navigation_time:
  sec: 15
  nanosec: 976000000
estimated_time_remaining:
  sec: 1
  nanosec: 120072912
number_of_recoveries: 0
distance_remaining: 0.3749999403953552

Feedback:
    current_pose:
  header:
    stamp:
      sec: 31
      nanosec: 520000000
    frame_id: map
  pose:
    position:
      x: 4.108710357728668
      y: -0.07479891656344734
      z: 0.0
    orientation:
      x: 0.0
      y: 0.0
      z: -0.12529450787025737
      w: 0.9921195927394791
navigation_time:
  sec: 15
  nanosec: 984000000
estimated_time_remaining:
  sec: 1
  nanosec: 120072912
number_of_recoveries: 0
distance_remaining: 0.3749999403953552

Feedback:
    current_pose:
  header:
    stamp:
      sec: 31
      nanosec: 540000000
    frame_id: map
  pose:
    position:
      x: 4.116525375365186
      y: -0.07958815258181298
      z: 0.0
    orientation:
      x: 0.0
      y: 0.0
      z: -0.12341746907336533
      w: 0.9923548399274953
navigation_time:
  sec: 15
  nanosec: 996000000
estimated_time_remaining:
  sec: 1
  nanosec: 129416022
number_of_recoveries: 0
distance_remaining: 0.3749999403953552

Feedback:
    current_pose:
  header:
    stamp:
      sec: 31
      nanosec: 540000000
    frame_id: map
  pose:
    position:
      x: 4.116525375365186
      y: -0.07958815258181298
      z: 0.0
    orientation:
      x: 0.0
      y: 0.0
      z: -0.12341746907336533
      w: 0.9923548399274953
navigation_time:
  sec: 16
  nanosec: 4000000
estimated_time_remaining:
  sec: 1
  nanosec: 129416022
number_of_recoveries: 0
distance_remaining: 0.3749999403953552

Feedback:
    current_pose:
  header:
    stamp:
      sec: 31
      nanosec: 560000000
    frame_id: map
  pose:
    position:
      x: 4.124286782506853
      y: -0.0843532340461775
      z: 0.0
    orientation:
      x: 0.0
      y: 0.0
      z: -0.1215121900142557
      w: 0.9925899393394735
navigation_time:
  sec: 16
  nanosec: 16000000
estimated_time_remaining:
  sec: 1
  nanosec: 138705229
number_of_recoveries: 0
distance_remaining: 0.3749999403953552

Feedback:
    current_pose:
  header:
    stamp:
      sec: 31
      nanosec: 560000000
    frame_id: map
  pose:
    position:
      x: 4.124286782506853
      y: -0.0843532340461775
      z: 0.0
    orientation:
      x: 0.0
      y: 0.0
      z: -0.1215121900142557
      w: 0.9925899393394735
navigation_time:
  sec: 16
  nanosec: 24000000
estimated_time_remaining:
  sec: 1
  nanosec: 138705229
number_of_recoveries: 0
distance_remaining: 0.3749999403953552

Feedback:
    current_pose:
  header:
    stamp:
      sec: 31
      nanosec: 580000000
    frame_id: map
  pose:
    position:
      x: 4.1319716000457944
      y: -0.08908793433370721
      z: 0.0
    orientation:
      x: 0.0
      y: 0.0
      z: -0.11956475528596454
      w: 0.9928264044098583
navigation_time:
  sec: 16
  nanosec: 36000000
estimated_time_remaining:
  sec: 1
  nanosec: 71716340
number_of_recoveries: 0
distance_remaining: 0.34999915957450867

Feedback:
    current_pose:
  header:
    stamp:
      sec: 31
      nanosec: 580000000
    frame_id: map
  pose:
    position:
      x: 4.1319716000457944
      y: -0.08908793433370721
      z: 0.0
    orientation:
      x: 0.0
      y: 0.0
      z: -0.11956475528596454
      w: 0.9928264044098583
navigation_time:
  sec: 16
  nanosec: 44000000
estimated_time_remaining:
  sec: 1
  nanosec: 71716340
number_of_recoveries: 0
distance_remaining: 0.34999915957450867

Feedback:
    current_pose:
  header:
    stamp:
      sec: 31
      nanosec: 600000000
    frame_id: map
  pose:
    position:
      x: 4.139648843795408
      y: -0.09380939426875637
      z: 0.0
    orientation:
      x: 0.0
      y: 0.0
      z: -0.11761686042247234
      w: 0.9930590486694942
navigation_time:
  sec: 16
  nanosec: 56000000
estimated_time_remaining:
  sec: 1
  nanosec: 80212748
number_of_recoveries: 0
distance_remaining: 0.34999915957450867

Feedback:
    current_pose:
  header:
    stamp:
      sec: 31
      nanosec: 600000000
    frame_id: map
  pose:
    position:
      x: 4.139648843795408
      y: -0.09380939426875637
      z: 0.0
    orientation:
      x: 0.0
      y: 0.0
      z: -0.11761686042247234
      w: 0.9930590486694942
navigation_time:
  sec: 16
  nanosec: 64000000
estimated_time_remaining:
  sec: 1
  nanosec: 80212748
number_of_recoveries: 0
distance_remaining: 0.34999915957450867

Feedback:
    current_pose:
  header:
    stamp:
      sec: 31
      nanosec: 620000000
    frame_id: map
  pose:
    position:
      x: 4.145573492097224
      y: -0.09458801367569142
      z: 0.0
    orientation:
      x: 0.0
      y: 0.0
      z: -0.11469066752182953
      w: 0.9934012536651025
navigation_time:
  sec: 16
  nanosec: 76000000
estimated_time_remaining:
  sec: 1
  nanosec: 88789676
number_of_recoveries: 0
distance_remaining: 0.34999915957450867

Feedback:
    current_pose:
  header:
    stamp:
      sec: 31
      nanosec: 620000000
    frame_id: map
  pose:
    position:
      x: 4.145573492097224
      y: -0.09458801367569142
      z: 0.0
    orientation:
      x: 0.0
      y: 0.0
      z: -0.11469066752182953
      w: 0.9934012536651025
navigation_time:
  sec: 16
  nanosec: 88000000
estimated_time_remaining:
  sec: 1
  nanosec: 88789676
number_of_recoveries: 0
distance_remaining: 0.34999915957450867

Feedback:
    current_pose:
  header:
    stamp:
      sec: 31
      nanosec: 640000000
    frame_id: map
  pose:
    position:
      x: 4.1514822078956986
      y: -0.09532527051207065
      z: 0.0
    orientation:
      x: 0.0
      y: 0.0
      z: -0.11174436304385764
      w: 0.9937369859917273
navigation_time:
  sec: 16
  nanosec: 96000000
estimated_time_remaining:
  sec: 1
  nanosec: 97633730
number_of_recoveries: 0
distance_remaining: 0.34999915957450867

Feedback:
    current_pose:
  header:
    stamp:
      sec: 31
      nanosec: 640000000
    frame_id: map
  pose:
    position:
      x: 4.1514822078956986
      y: -0.09532527051207065
      z: 0.0
    orientation:
      x: 0.0
      y: 0.0
      z: -0.11174436304385764
      w: 0.9937369859917273
navigation_time:
  sec: 16
  nanosec: 104000000
estimated_time_remaining:
  sec: 1
  nanosec: 97633730
number_of_recoveries: 0
distance_remaining: 0.34999915957450867

Feedback:
    current_pose:
  header:
    stamp:
      sec: 31
      nanosec: 660000000
    frame_id: map
  pose:
    position:
      x: 4.157349920983514
      y: -0.09601600212865645
      z: 0.0
    orientation:
      x: 0.0
      y: 0.0
      z: -0.10880519312454885
      w: 0.994063091533495
navigation_time:
  sec: 16
  nanosec: 116000000
estimated_time_remaining:
  sec: 1
  nanosec: 27328614
number_of_recoveries: 0
distance_remaining: 0.32500043511390686

Feedback:
    current_pose:
  header:
    stamp:
      sec: 31
      nanosec: 660000000
    frame_id: map
  pose:
    position:
      x: 4.157349920983514
      y: -0.09601600212865645
      z: 0.0
    orientation:
      x: 0.0
      y: 0.0
      z: -0.10880519312454885
      w: 0.994063091533495
navigation_time:
  sec: 16
  nanosec: 124000000
estimated_time_remaining:
  sec: 1
  nanosec: 27328614
number_of_recoveries: 0
distance_remaining: 0.32500043511390686

Feedback:
    current_pose:
  header:
    stamp:
      sec: 31
      nanosec: 680000000
    frame_id: map
  pose:
    position:
      x: 4.163029167745302
      y: -0.09662870739178867
      z: 0.0
    orientation:
      x: 0.0
      y: 0.0
      z: -0.10589755072645306
      w: 0.9943770455667902
navigation_time:
  sec: 16
  nanosec: 136000000
estimated_time_remaining:
  sec: 1
  nanosec: 36479422
number_of_recoveries: 0
distance_remaining: 0.32500043511390686

Feedback:
    current_pose:
  header:
    stamp:
      sec: 31
      nanosec: 680000000
    frame_id: map
  pose:
    position:
      x: 4.163029167745302
      y: -0.09662870739178867
      z: 0.0
    orientation:
      x: 0.0
      y: 0.0
      z: -0.10589755072645306
      w: 0.9943770455667902
navigation_time:
  sec: 16
  nanosec: 144000000
estimated_time_remaining:
  sec: 1
  nanosec: 36479422
number_of_recoveries: 0
distance_remaining: 0.32500043511390686

Feedback:
    current_pose:
  header:
    stamp:
      sec: 31
      nanosec: 700000000
    frame_id: map
  pose:
    position:
      x: 4.168715568355848
      y: -0.0972076257706253
      z: 0.0
    orientation:
      x: 0.0
      y: 0.0
      z: -0.10298900259609267
      w: 0.9946824947410415
navigation_time:
  sec: 16
  nanosec: 156000000
estimated_time_remaining:
  sec: 1
  nanosec: 45636315
number_of_recoveries: 0
distance_remaining: 0.32500043511390686

Feedback:
    current_pose:
  header:
    stamp:
      sec: 31
      nanosec: 700000000
    frame_id: map
  pose:
    position:
      x: 4.168715568355848
      y: -0.0972076257706253
      z: 0.0
    orientation:
      x: 0.0
      y: 0.0
      z: -0.10298900259609267
      w: 0.9946824947410415
navigation_time:
  sec: 16
  nanosec: 164000000
estimated_time_remaining:
  sec: 1
  nanosec: 45636315
number_of_recoveries: 0
distance_remaining: 0.32500043511390686

Feedback:
    current_pose:
  header:
    stamp:
      sec: 31
      nanosec: 720000000
    frame_id: map
  pose:
    position:
      x: 4.174242755831973
      y: -0.09771866072082944
      z: 0.0
    orientation:
      x: 0.0
      y: 0.0
      z: -0.10010340176457878
      w: 0.9949770394110404
navigation_time:
  sec: 16
  nanosec: 176000000
estimated_time_remaining:
  sec: 1
  nanosec: 54875705
number_of_recoveries: 0
distance_remaining: 0.32500043511390686

Feedback:
    current_pose:
  header:
    stamp:
      sec: 31
      nanosec: 720000000
    frame_id: map
  pose:
    position:
      x: 4.174242755831973
      y: -0.09771866072082944
      z: 0.0
    orientation:
      x: 0.0
      y: 0.0
      z: -0.10010340176457878
      w: 0.9949770394110404
navigation_time:
  sec: 16
  nanosec: 184000000
estimated_time_remaining:
  sec: 1
  nanosec: 54875705
number_of_recoveries: 0
distance_remaining: 0.32500043511390686

Feedback:
    current_pose:
  header:
    stamp:
      sec: 31
      nanosec: 740000000
    frame_id: map
  pose:
    position:
      x: 4.179734872590352
      y: -0.0981887310891038
      z: 0.0
    orientation:
      x: 0.0
      y: 0.0
      z: -0.0972229174735066
      w: 0.9952626308256226
navigation_time:
  sec: 16
  nanosec: 196000000
estimated_time_remaining:
  sec: 1
  nanosec: 65302817
number_of_recoveries: 0
distance_remaining: 0.32500043511390686

Feedback:
    current_pose:
  header:
    stamp:
      sec: 31
      nanosec: 740000000
    frame_id: map
  pose:
    position:
      x: 4.179734872590352
      y: -0.0981887310891038
      z: 0.0
    orientation:
      x: 0.0
      y: 0.0
      z: -0.0972229174735066
      w: 0.9952626308256226
navigation_time:
  sec: 16
  nanosec: 204000000
estimated_time_remaining:
  sec: 1
  nanosec: 65302817
number_of_recoveries: 0
distance_remaining: 0.32500043511390686

Feedback:
    current_pose:
  header:
    stamp:
      sec: 31
      nanosec: 760000000
    frame_id: map
  pose:
    position:
      x: 4.185185797233872
      y: -0.09861736279260117
      z: 0.0
    orientation:
      x: 0.0
      y: 0.0
      z: -0.0943354458653783
      w: 0.9955404681143706
navigation_time:
  sec: 16
  nanosec: 216000000
estimated_time_remaining:
  sec: 1
  nanosec: 76273682
number_of_recoveries: 0
distance_remaining: 0.32500043511390686

Feedback:
    current_pose:
  header:
    stamp:
      sec: 31
      nanosec: 760000000
    frame_id: map
  pose:
    position:
      x: 4.185185797233872
      y: -0.09861736279260117
      z: 0.0
    orientation:
      x: 0.0
      y: 0.0
      z: -0.0943354458653783
      w: 0.9955404681143706
navigation_time:
  sec: 16
  nanosec: 224000000
estimated_time_remaining:
  sec: 1
  nanosec: 76273682
number_of_recoveries: 0
distance_remaining: 0.32500043511390686

Feedback:
    current_pose:
  header:
    stamp:
      sec: 31
      nanosec: 780000000
    frame_id: map
  pose:
    position:
      x: 4.1904528856999725
      y: -0.09897785235425349
      z: 0.0
    orientation:
      x: 0.0
      y: 0.0
      z: -0.09142248284316715
      w: 0.9958121959640737
navigation_time:
  sec: 16
  nanosec: 236000000
estimated_time_remaining:
  sec: 1
  nanosec: 4942064
number_of_recoveries: 0
distance_remaining: 0.30000039935112

Feedback:
    current_pose:
  header:
    stamp:
      sec: 31
      nanosec: 780000000
    frame_id: map
  pose:
    position:
      x: 4.1904528856999725
      y: -0.09897785235425349
      z: 0.0
    orientation:
      x: 0.0
      y: 0.0
      z: -0.09142248284316715
      w: 0.9958121959640737
navigation_time:
  sec: 16
  nanosec: 244000000
estimated_time_remaining:
  sec: 1
  nanosec: 4942064
number_of_recoveries: 0
distance_remaining: 0.30000039935112

Feedback:
    current_pose:
  header:
    stamp:
      sec: 31
      nanosec: 800000000
    frame_id: map
  pose:
    position:
      x: 4.195725645696941
      y: -0.09930703341615552
      z: 0.0
    orientation:
      x: 0.0
      y: 0.0
      z: -0.0885087373184871
      w: 0.9960754004684019
navigation_time:
  sec: 16
  nanosec: 256000000
estimated_time_remaining:
  sec: 1
  nanosec: 17113555
number_of_recoveries: 0
distance_remaining: 0.30000039935112

Feedback:
    current_pose:
  header:
    stamp:
      sec: 31
      nanosec: 800000000
    frame_id: map
  pose:
    position:
      x: 4.195725645696941
      y: -0.09930703341615552
      z: 0.0
    orientation:
      x: 0.0
      y: 0.0
      z: -0.0885087373184871
      w: 0.9960754004684019
navigation_time:
  sec: 16
  nanosec: 264000000
estimated_time_remaining:
  sec: 1
  nanosec: 17113555
number_of_recoveries: 0
distance_remaining: 0.30000039935112

Feedback:
    current_pose:
  header:
    stamp:
      sec: 31
      nanosec: 820000000
    frame_id: map
  pose:
    position:
      x: 4.20048960851042
      y: -0.10079312932323095
      z: 0.0
    orientation:
      x: 0.0
      y: 0.0
      z: -0.08605313590676145
      w: 0.9962905488865247
navigation_time:
  sec: 16
  nanosec: 276000000
estimated_time_remaining:
  sec: 1
  nanosec: 29747780
number_of_recoveries: 0
distance_remaining: 0.30000039935112

Feedback:
    current_pose:
  header:
    stamp:
      sec: 31
      nanosec: 820000000
    frame_id: map
  pose:
    position:
      x: 4.20048960851042
      y: -0.10079312932323095
      z: 0.0
    orientation:
      x: 0.0
      y: 0.0
      z: -0.08605313590676145
      w: 0.9962905488865247
navigation_time:
  sec: 16
  nanosec: 284000000
estimated_time_remaining:
  sec: 1
  nanosec: 29747780
number_of_recoveries: 0
distance_remaining: 0.30000039935112

Feedback:
    current_pose:
  header:
    stamp:
      sec: 31
      nanosec: 840000000
    frame_id: map
  pose:
    position:
      x: 4.205225881722406
      y: -0.10225291603022241
      z: 0.0
    orientation:
      x: 0.0
      y: 0.0
      z: -0.08359703091657046
      w: 0.9964996419577549
navigation_time:
  sec: 16
  nanosec: 296000000
estimated_time_remaining:
  sec: 1
  nanosec: 42849312
number_of_recoveries: 0
distance_remaining: 0.30000039935112

Feedback:
    current_pose:
  header:
    stamp:
      sec: 31
      nanosec: 840000000
    frame_id: map
  pose:
    position:
      x: 4.205225881722406
      y: -0.10225291603022241
      z: 0.0
    orientation:
      x: 0.0
      y: 0.0
      z: -0.08359703091657046
      w: 0.9964996419577549
navigation_time:
  sec: 16
  nanosec: 304000000
estimated_time_remaining:
  sec: 1
  nanosec: 42849312
number_of_recoveries: 0
distance_remaining: 0.30000039935112

Feedback:
    current_pose:
  header:
    stamp:
      sec: 31
      nanosec: 860000000
    frame_id: map
  pose:
    position:
      x: 4.209920362027416
      y: -0.10368450480520372
      z: 0.0
    orientation:
      x: 0.0
      y: 0.0
      z: -0.08116506761521518
      w: 0.9967006731205801
navigation_time:
  sec: 16
  nanosec: 316000000
estimated_time_remaining:
  sec: 1
  nanosec: 55832732
number_of_recoveries: 0
distance_remaining: 0.30000039935112

Feedback:
    current_pose:
  header:
    stamp:
      sec: 31
      nanosec: 860000000
    frame_id: map
  pose:
    position:
      x: 4.209920362027416
      y: -0.10368450480520372
      z: 0.0
    orientation:
      x: 0.0
      y: 0.0
      z: -0.08116506761521518
      w: 0.9967006731205801
navigation_time:
  sec: 16
  nanosec: 324000000
estimated_time_remaining:
  sec: 1
  nanosec: 55832732
number_of_recoveries: 0
distance_remaining: 0.30000039935112

Feedback:
    current_pose:
  header:
    stamp:
      sec: 31
      nanosec: 880000000
    frame_id: map
  pose:
    position:
      x: 4.214443491808298
      y: -0.10506795211859019
      z: 0.0
    orientation:
      x: 0.0
      y: 0.0
      z: -0.07883123837002395
      w: 0.9968879755805305
navigation_time:
  sec: 16
  nanosec: 336000000
estimated_time_remaining:
  sec: 0
  nanosec: 980814636
number_of_recoveries: 0
distance_remaining: 0.27500009536743164

Feedback:
    current_pose:
  header:
    stamp:
      sec: 31
      nanosec: 880000000
    frame_id: map
  pose:
    position:
      x: 4.214443491808298
      y: -0.10506795211859019
      z: 0.0
    orientation:
      x: 0.0
      y: 0.0
      z: -0.07883123837002395
      w: 0.9968879755805305
navigation_time:
  sec: 16
  nanosec: 344000000
estimated_time_remaining:
  sec: 0
  nanosec: 980814636
number_of_recoveries: 0
distance_remaining: 0.27500009536743164

Feedback:
    current_pose:
  header:
    stamp:
      sec: 31
      nanosec: 900000000
    frame_id: map
  pose:
    position:
      x: 4.218967367771511
      y: -0.10643232886808303
      z: 0.0
    orientation:
      x: 0.0
      y: 0.0
      z: -0.07649697701453516
      w: 0.9970698132566432
navigation_time:
  sec: 16
  nanosec: 356000000
estimated_time_remaining:
  sec: 0
  nanosec: 994450225
number_of_recoveries: 0
distance_remaining: 0.27500009536743164

Feedback:
    current_pose:
  header:
    stamp:
      sec: 31
      nanosec: 900000000
    frame_id: map
  pose:
    position:
      x: 4.218967367771511
      y: -0.10643232886808303
      z: 0.0
    orientation:
      x: 0.0
      y: 0.0
      z: -0.07649697701453516
      w: 0.9970698132566432
navigation_time:
  sec: 16
  nanosec: 364000000
estimated_time_remaining:
  sec: 0
  nanosec: 994450225
number_of_recoveries: 0
distance_remaining: 0.27500009536743164

Feedback:
    current_pose:
  header:
    stamp:
      sec: 31
      nanosec: 920000000
    frame_id: map
  pose:
    position:
      x: 4.223422518927322
      y: -0.10776731405726869
      z: 0.0
    orientation:
      x: 0.0
      y: 0.0
      z: -0.07421986191970247
      w: 0.9972419024973932
navigation_time:
  sec: 16
  nanosec: 376000000
estimated_time_remaining:
  sec: 1
  nanosec: 8464232
number_of_recoveries: 0
distance_remaining: 0.27500009536743164

Feedback:
    current_pose:
  header:
    stamp:
      sec: 31
      nanosec: 920000000
    frame_id: map
  pose:
    position:
      x: 4.223422518927322
      y: -0.10776731405726869
      z: 0.0
    orientation:
      x: 0.0
      y: 0.0
      z: -0.07421986191970247
      w: 0.9972419024973932
navigation_time:
  sec: 16
  nanosec: 384000000
estimated_time_remaining:
  sec: 1
  nanosec: 8464232
number_of_recoveries: 0
distance_remaining: 0.27500009536743164

Feedback:
    current_pose:
  header:
    stamp:
      sec: 31
      nanosec: 940000000
    frame_id: map
  pose:
    position:
      x: 4.227860750531401
      y: -0.10908154859265323
      z: 0.0
    orientation:
      x: 0.0
      y: 0.0
      z: -0.07195675357758449
      w: 0.9974077529348641
navigation_time:
  sec: 16
  nanosec: 396000000
estimated_time_remaining:
  sec: 1
  nanosec: 99837094
number_of_recoveries: 0
distance_remaining: 0.2957102060317993

Feedback:
    current_pose:
  header:
    stamp:
      sec: 31
      nanosec: 940000000
    frame_id: map
  pose:
    position:
      x: 4.227860750531401
      y: -0.10908154859265323
      z: 0.0
    orientation:
      x: 0.0
      y: 0.0
      z: -0.07195675357758449
      w: 0.9974077529348641
navigation_time:
  sec: 16
  nanosec: 404000000
estimated_time_remaining:
  sec: 1
  nanosec: 99837094
number_of_recoveries: 0
distance_remaining: 0.2957102060317993

Feedback:
    current_pose:
  header:
    stamp:
      sec: 31
      nanosec: 960000000
    frame_id: map
  pose:
    position:
      x: 4.232269958941231
      y: -0.11037356431958152
      z: 0.0
    orientation:
      x: 0.0
      y: 0.0
      z: -0.06969686536572682
      w: 0.9975682166940725
navigation_time:
  sec: 16
  nanosec: 416000000
estimated_time_remaining:
  sec: 1
  nanosec: 115202696
number_of_recoveries: 0
distance_remaining: 0.2957102060317993

Feedback:
    current_pose:
  header:
    stamp:
      sec: 31
      nanosec: 960000000
    frame_id: map
  pose:
    position:
      x: 4.232269958941231
      y: -0.11037356431958152
      z: 0.0
    orientation:
      x: 0.0
      y: 0.0
      z: -0.06969686536572682
      w: 0.9975682166940725
navigation_time:
  sec: 16
  nanosec: 424000000
estimated_time_remaining:
  sec: 1
  nanosec: 115202696
number_of_recoveries: 0
distance_remaining: 0.2957102060317993

Feedback:
    current_pose:
  header:
    stamp:
      sec: 31
      nanosec: 980000000
    frame_id: map
  pose:
    position:
      x: 4.236561955778506
      y: -0.11163138206654509
      z: 0.0
    orientation:
      x: 0.0
      y: 0.0
      z: -0.06745098425481122
      w: 0.9977225890612368
navigation_time:
  sec: 16
  nanosec: 436000000
estimated_time_remaining:
  sec: 1
  nanosec: 131498549
number_of_recoveries: 0
distance_remaining: 0.2957102060317993

Feedback:
    current_pose:
  header:
    stamp:
      sec: 31
      nanosec: 980000000
    frame_id: map
  pose:
    position:
      x: 4.236561955778506
      y: -0.11163138206654509
      z: 0.0
    orientation:
      x: 0.0
      y: 0.0
      z: -0.06745098425481122
      w: 0.9977225890612368
navigation_time:
  sec: 16
  nanosec: 444000000
estimated_time_remaining:
  sec: 1
  nanosec: 131498549
number_of_recoveries: 0
distance_remaining: 0.2957102060317993

Feedback:
    current_pose:
  header:
    stamp:
      sec: 32
      nanosec: 0
    frame_id: map
  pose:
    position:
      x: 4.240854009641054
      y: -0.11287181091244607
      z: 0.0
    orientation:
      x: 0.0
      y: 0.0
      z: -0.06520476131500397
      w: 0.9978719051570966
navigation_time:
  sec: 16
  nanosec: 456000000
estimated_time_remaining:
  sec: 1
  nanosec: 147355987
number_of_recoveries: 0
distance_remaining: 0.2957102060317993

Feedback:
    current_pose:
  header:
    stamp:
      sec: 32
      nanosec: 0
    frame_id: map
  pose:
    position:
      x: 4.240854009641054
      y: -0.11287181091244607
      z: 0.0
    orientation:
      x: 0.0
      y: 0.0
      z: -0.06520476131500397
      w: 0.9978719051570966
navigation_time:
  sec: 16
  nanosec: 464000000
estimated_time_remaining:
  sec: 1
  nanosec: 147355987
number_of_recoveries: 0
distance_remaining: 0.2957102060317993

Feedback:
    current_pose:
  header:
    stamp:
      sec: 32
      nanosec: 20000000
    frame_id: map
  pose:
    position:
      x: 4.245595704540313
      y: -0.11266098576120205
      z: 0.0
    orientation:
      x: 0.0
      y: 0.0
      z: -0.06258155859153013
      w: 0.9980398531743384
navigation_time:
  sec: 16
  nanosec: 476000000
estimated_time_remaining:
  sec: 1
  nanosec: 163122940
number_of_recoveries: 0
distance_remaining: 0.2957102060317993

Feedback:
    current_pose:
  header:
    stamp:
      sec: 32
      nanosec: 20000000
    frame_id: map
  pose:
    position:
      x: 4.245595704540313
      y: -0.11266098576120205
      z: 0.0
    orientation:
      x: 0.0
      y: 0.0
      z: -0.06258155859153013
      w: 0.9980398531743384
navigation_time:
  sec: 16
  nanosec: 484000000
estimated_time_remaining:
  sec: 1
  nanosec: 163122940
number_of_recoveries: 0
distance_remaining: 0.2957102060317993

Feedback:
    current_pose:
  header:
    stamp:
      sec: 32
      nanosec: 40000000
    frame_id: map
  pose:
    position:
      x: 4.250309377804593
      y: -0.11242226832675559
      z: 0.0
    orientation:
      x: 0.0
      y: 0.0
      z: -0.05996483648034128
      w: 0.9982004900749579
navigation_time:
  sec: 16
  nanosec: 496000000
estimated_time_remaining:
  sec: 1
  nanosec: 79536763
number_of_recoveries: 0
distance_remaining: 0.27071017026901245

Feedback:
    current_pose:
  header:
    stamp:
      sec: 32
      nanosec: 40000000
    frame_id: map
  pose:
    position:
      x: 4.250309377804593
      y: -0.11242226832675559
      z: 0.0
    orientation:
      x: 0.0
      y: 0.0
      z: -0.05996483648034128
      w: 0.9982004900749579
navigation_time:
  sec: 16
  nanosec: 504000000
estimated_time_remaining:
  sec: 1
  nanosec: 79536763
number_of_recoveries: 0
distance_remaining: 0.27071017026901245

Feedback:
    current_pose:
  header:
    stamp:
      sec: 32
      nanosec: 60000000
    frame_id: map
  pose:
    position:
      x: 4.254995343744212
      y: -0.11215618208641966
      z: 0.0
    orientation:
      x: 0.0
      y: 0.0
      z: -0.057369200732679065
      w: 0.9983530311504512
navigation_time:
  sec: 16
  nanosec: 516000000
estimated_time_remaining:
  sec: 1
  nanosec: 93661405
number_of_recoveries: 0
distance_remaining: 0.27071017026901245

Feedback:
    current_pose:
  header:
    stamp:
      sec: 32
      nanosec: 60000000
    frame_id: map
  pose:
    position:
      x: 4.254995343744212
      y: -0.11215618208641966
      z: 0.0
    orientation:
      x: 0.0
      y: 0.0
      z: -0.057369200732679065
      w: 0.9983530311504512
navigation_time:
  sec: 16
  nanosec: 524000000
estimated_time_remaining:
  sec: 1
  nanosec: 93661405
number_of_recoveries: 0
distance_remaining: 0.27071017026901245

Feedback:
    current_pose:
  header:
    stamp:
      sec: 32
      nanosec: 80000000
    frame_id: map
  pose:
    position:
      x: 4.2595616625396975
      y: -0.11185319979087135
      z: 0.0
    orientation:
      x: 0.0
      y: 0.0
      z: -0.05485918347607969
      w: 0.9984941011284633
navigation_time:
  sec: 16
  nanosec: 536000000
estimated_time_remaining:
  sec: 1
  nanosec: 108608149
number_of_recoveries: 0
distance_remaining: 0.27071017026901245

Feedback:
    current_pose:
  header:
    stamp:
      sec: 32
      nanosec: 80000000
    frame_id: map
  pose:
    position:
      x: 4.2595616625396975
      y: -0.11185319979087135
      z: 0.0
    orientation:
      x: 0.0
      y: 0.0
      z: -0.05485918347607969
      w: 0.9984941011284633
navigation_time:
  sec: 16
  nanosec: 544000000
estimated_time_remaining:
  sec: 1
  nanosec: 108608149
number_of_recoveries: 0
distance_remaining: 0.27071017026901245

Feedback:
    current_pose:
  header:
    stamp:
      sec: 32
      nanosec: 100000000
    frame_id: map
  pose:
    position:
      x: 4.264130402882905
      y: -0.1115280881313989
      z: 0.0
    orientation:
      x: 0.0
      y: 0.0
      z: -0.05234881952893115
      w: 0.9986288605352478
navigation_time:
  sec: 16
  nanosec: 556000000
estimated_time_remaining:
  sec: 1
  nanosec: 123105848
number_of_recoveries: 0
distance_remaining: 0.27071017026901245

Feedback:
    current_pose:
  header:
    stamp:
      sec: 32
      nanosec: 100000000
    frame_id: map
  pose:
    position:
      x: 4.264130402882905
      y: -0.1115280881313989
      z: 0.0
    orientation:
      x: 0.0
      y: 0.0
      z: -0.05234881952893115
      w: 0.9986288605352478
navigation_time:
  sec: 16
  nanosec: 564000000
estimated_time_remaining:
  sec: 1
  nanosec: 123105848
number_of_recoveries: 0
distance_remaining: 0.27071017026901245

Feedback:
    current_pose:
  header:
    stamp:
      sec: 32
      nanosec: 120000000
    frame_id: map
  pose:
    position:
      x: 4.268581687493983
      y: -0.11116879289416928
      z: 0.0
    orientation:
      x: 0.0
      y: 0.0
      z: -0.04989122698562686
      w: 0.9987546572957089
navigation_time:
  sec: 16
  nanosec: 576000000
estimated_time_remaining:
  sec: 1
  nanosec: 137443334
number_of_recoveries: 0
distance_remaining: 0.27071017026901245

Feedback:
    current_pose:
  header:
    stamp:
      sec: 32
      nanosec: 120000000
    frame_id: map
  pose:
    position:
      x: 4.268581687493983
      y: -0.11116879289416928
      z: 0.0
    orientation:
      x: 0.0
      y: 0.0
      z: -0.04989122698562686
      w: 0.9987546572957089
navigation_time:
  sec: 16
  nanosec: 584000000
estimated_time_remaining:
  sec: 1
  nanosec: 137443334
number_of_recoveries: 0
distance_remaining: 0.27071017026901245

Feedback:
    current_pose:
  header:
    stamp:
      sec: 32
      nanosec: 140000000
    frame_id: map
  pose:
    position:
      x: 4.2730051131037605
      y: -0.11078552325740298
      z: 0.0
    orientation:
      x: 0.0
      y: 0.0
      z: -0.04744660948068205
      w: 0.9988737754335067
navigation_time:
  sec: 16
  nanosec: 596000000
estimated_time_remaining:
  sec: 1
  nanosec: 45975166
number_of_recoveries: 0
distance_remaining: 0.24571014940738678

Feedback:
    current_pose:
  header:
    stamp:
      sec: 32
      nanosec: 140000000
    frame_id: map
  pose:
    position:
      x: 4.2730051131037605
      y: -0.11078552325740298
      z: 0.0
    orientation:
      x: 0.0
      y: 0.0
      z: -0.04744660948068205
      w: 0.9988737754335067
navigation_time:
  sec: 16
  nanosec: 604000000
estimated_time_remaining:
  sec: 1
  nanosec: 45975166
number_of_recoveries: 0
distance_remaining: 0.24571014940738678

Feedback:
    current_pose:
  header:
    stamp:
      sec: 32
      nanosec: 160000000
    frame_id: map
  pose:
    position:
      x: 4.2774167583513725
      y: -0.11038018401976943
      z: 0.0
    orientation:
      x: 0.0
      y: 0.0
      z: -0.04502559048635992
      w: 0.9989858338341714
navigation_time:
  sec: 16
  nanosec: 612000000
estimated_time_remaining:
  sec: 1
  nanosec: 59170105
number_of_recoveries: 0
distance_remaining: 0.24571014940738678

Feedback:
    current_pose:
  header:
    stamp:
      sec: 32
      nanosec: 160000000
    frame_id: map
  pose:
    position:
      x: 4.2774167583513725
      y: -0.11038018401976943
      z: 0.0
    orientation:
      x: 0.0
      y: 0.0
      z: -0.04502559048635992
      w: 0.9989858338341714
navigation_time:
  sec: 16
  nanosec: 624000000
estimated_time_remaining:
  sec: 1
  nanosec: 59170105
number_of_recoveries: 0
distance_remaining: 0.24571014940738678

Feedback:
    current_pose:
  header:
    stamp:
      sec: 32
      nanosec: 180000000
    frame_id: map
  pose:
    position:
      x: 4.281775209665133
      y: -0.10994988014327414
      z: 0.0
    orientation:
      x: 0.0
      y: 0.0
      z: -0.04269984788232864
      w: 0.9990879455737748
navigation_time:
  sec: 16
  nanosec: 636000000
estimated_time_remaining:
  sec: 1
  nanosec: 72671520
number_of_recoveries: 0
distance_remaining: 0.24571014940738678

Feedback:
    current_pose:
  header:
    stamp:
      sec: 32
      nanosec: 180000000
    frame_id: map
  pose:
    position:
      x: 4.281775209665133
      y: -0.10994988014327414
      z: 0.0
    orientation:
      x: 0.0
      y: 0.0
      z: -0.04269984788232864
      w: 0.9990879455737748
navigation_time:
  sec: 16
  nanosec: 644000000
estimated_time_remaining:
  sec: 1
  nanosec: 72671520
number_of_recoveries: 0
distance_remaining: 0.24571014940738678

Feedback:
    current_pose:
  header:
    stamp:
      sec: 32
      nanosec: 200000000
    frame_id: map
  pose:
    position:
      x: 4.286135315809325
      y: -0.10950004665552401
      z: 0.0
    orientation:
      x: 0.0
      y: 0.0
      z: -0.040373873892839786
      w: 0.9991846427497196
navigation_time:
  sec: 16
  nanosec: 656000000
estimated_time_remaining:
  sec: 1
  nanosec: 85298724
number_of_recoveries: 0
distance_remaining: 0.24571014940738678

Result:
    error_code: 0
error_msg: ''

Goal finished with status: SUCCEEDED
