Waiting for an action server to become available...
Sending goal:
     pose:
  header:
    stamp:
      sec: 0
      nanosec: 0
    frame_id: map
  pose:
    position:
      x: 4.5
      y: 0.0
      z: 0.0
    orientation:
      x: 0.0
      y: 0.0
      z: 0.0
      w: 1.0
behavior_tree: ''

Goal accepted with ID: 21023aae50314c589d5e98990d541ebe

Feedback:
    current_pose:
  header:
    stamp:
      sec: 829
      nanosec: 200000000
    frame_id: map
  pose:
    position:
      x: -13.050621941269654
      y: 0.0073915125110968205
      z: 0.0
    orientation:
      x: 0.0
      y: 0.0
      z: 0.004186546361458847
      w: 0.9999912363763813
navigation_time:
  sec: 0
  nanosec: 0
estimated_time_remaining:
  sec: 0
  nanosec: 0
number_of_recoveries: 0
distance_remaining: 0.0

Feedback:
    current_pose:
  header:
    stamp:
      sec: 829
      nanosec: 200000000
    frame_id: map
  pose:
    position:
      x: -13.050621941269654
      y: 0.0073915125110968205
      z: 0.0
    orientation:
      x: 0.0
      y: 0.0
      z: 0.004186546361458847
      w: 0.9999912363763813
navigation_time:
  sec: 0
  nanosec: 0
estimated_time_remaining:
  sec: 0
  nanosec: 0
number_of_recoveries: 0
distance_remaining: 0.0

Feedback:
    current_pose:
  header:
    stamp:
      sec: 829
      nanosec: 200000000
    frame_id: map
  pose:
    position:
      x: -13.050621941269654
      y: 0.0073915125110968205
      z: 0.0
    orientation:
      x: 0.0
      y: 0.0
      z: 0.004186546361458847
      w: 0.9999912363763813
navigation_time:
  sec: 0
  nanosec: 0
estimated_time_remaining:
  sec: 0
  nanosec: 0
number_of_recoveries: 0
distance_remaining: 19.81580924987793

Feedback:
    current_pose:
  header:
    stamp:
      sec: 829
      nanosec: 200000000
    frame_id: map
  pose:
    position:
      x: -13.050621941269654
      y: 0.0073915125110968205
      z: 0.0
    orientation:
      x: 0.0
      y: 0.0
      z: 0.004186546361458847
      w: 0.9999912363763813
navigation_time:
  sec: 0
  nanosec: 8000000
estimated_time_remaining:
  sec: 0
  nanosec: 0
number_of_recoveries: 0
distance_remaining: 19.81580924987793

Feedback:
    current_pose:
  header:
    stamp:
      sec: 829
      nanosec: 220000000
    frame_id: map
  pose:
    position:
      x: -13.050621941269668
      y: 0.0073915125110968205
      z: 0.0
    orientation:
      x: 0.0
      y: 0.0
      z: 0.004186546361458847
      w: 0.9999912363763813
navigation_time:
  sec: 0
  nanosec: 40000000
estimated_time_remaining:
  sec: 0
  nanosec: 0
number_of_recoveries: 0
distance_remaining: 19.81580924987793

Feedback:
    current_pose:
  header:
    stamp:
      sec: 829
      nanosec: 220000000
    frame_id: map
  pose:
    position:
      x: -13.050621941269668
      y: 0.0073915125110968205
      z: 0.0
    orientation:
      x: 0.0
      y: 0.0
      z: 0.004186546361458847
      w: 0.9999912363763813
navigation_time:
  sec: 0
  nanosec: 40000000
estimated_time_remaining:
  sec: 0
  nanosec: 0
number_of_recoveries: 0
distance_remaining: 19.81580924987793

Feedback:
    current_pose:
  header:
    stamp:
      sec: 829
      nanosec: 220000000
    frame_id: map
  pose:
    position:
      x: -13.050621941269668
      y: 0.0073915125110968205
      z: 0.0
    orientation:
      x: 0.0
      y: 0.0
      z: 0.004186546361458847
      w: 0.9999912363763813
navigation_time:
  sec: 0
  nanosec: 40000000
estimated_time_remaining:
  sec: 0
  nanosec: 0
number_of_recoveries: 0
distance_remaining: 19.81580924987793

Feedback:
    current_pose:
  header:
    stamp:
      sec: 829
      nanosec: 220000000
    frame_id: map
  pose:
    position:
      x: -13.050621941269668
      y: 0.0073915125110968205
      z: 0.0
    orientation:
      x: 0.0
      y: 0.0
      z: 0.004186546361458847
      w: 0.9999912363763813
navigation_time:
  sec: 0
  nanosec: 40000000
estimated_time_remaining:
  sec: 0
  nanosec: 0
number_of_recoveries: 0
distance_remaining: 19.81580924987793

Feedback:
    current_pose:
  header:
    stamp:
      sec: 829
      nanosec: 240000000
    frame_id: map
  pose:
    position:
      x: -13.050541944048831
      y: 0.007392179167508672
      z: 0.0
    orientation:
      x: 0.0
      y: 0.0
      z: 0.0041467313050805865
      w: 0.9999914022727812
navigation_time:
  sec: 0
  nanosec: 40000000
estimated_time_remaining:
  sec: 0
  nanosec: 0
number_of_recoveries: 0
distance_remaining: 19.81580924987793

Feedback:
    current_pose:
  header:
    stamp:
      sec: 829
      nanosec: 240000000
    frame_id: map
  pose:
    position:
      x: -13.050541944048831
      y: 0.007392179167508672
      z: 0.0
    orientation:
      x: 0.0
      y: 0.0
      z: 0.0041467313050805865
      w: 0.9999914022727812
navigation_time:
  sec: 0
  nanosec: 60000000
estimated_time_remaining:
  sec: 0
  nanosec: 0
number_of_recoveries: 0
distance_remaining: 19.81580924987793

Feedback:
    current_pose:
  header:
    stamp:
      sec: 829
      nanosec: 260000000
    frame_id: map
  pose:
    position:
      x: -13.04965614505629
      y: 0.0073993459264034556
      z: 0.0
    orientation:
      x: 0.0
      y: 0.0
      z: 0.003947655949027712
      w: 0.9999922079758963
navigation_time:
  sec: 0
  nanosec: 76000000
estimated_time_remaining:
  sec: 0
  nanosec: 0
number_of_recoveries: 0
distance_remaining: 19.81580924987793

Feedback:
    current_pose:
  header:
    stamp:
      sec: 829
      nanosec: 260000000
    frame_id: map
  pose:
    position:
      x: -13.04965614505629
      y: 0.0073993459264034556
      z: 0.0
    orientation:
      x: 0.0
      y: 0.0
      z: 0.003947655949027712
      w: 0.9999922079758963
navigation_time:
  sec: 0
  nanosec: 76000000
estimated_time_remaining:
  sec: 0
  nanosec: 0
number_of_recoveries: 0
distance_remaining: 19.81580924987793

Feedback:
    current_pose:
  header:
    stamp:
      sec: 829
      nanosec: 260000000
    frame_id: map
  pose:
    position:
      x: -13.04965614505629
      y: 0.0073993459264034556
      z: 0.0
    orientation:
      x: 0.0
      y: 0.0
      z: 0.003947655949027712
      w: 0.9999922079758963
navigation_time:
  sec: 0
  nanosec: 76000000
estimated_time_remaining:
  sec: 0
  nanosec: 0
number_of_recoveries: 0
distance_remaining: 19.81580924987793

Feedback:
    current_pose:
  header:
    stamp:
      sec: 829
      nanosec: 260000000
    frame_id: map
  pose:
    position:
      x: -13.04965614505629
      y: 0.0073993459264034556
      z: 0.0
    orientation:
      x: 0.0
      y: 0.0
      z: 0.003947655949027712
      w: 0.9999922079758963
navigation_time:
  sec: 0
  nanosec: 76000000
estimated_time_remaining:
  sec: 0
  nanosec: 0
number_of_recoveries: 0
distance_remaining: 19.81580924987793

Feedback:
    current_pose:
  header:
    stamp:
      sec: 829
      nanosec: 280000000
    frame_id: map
  pose:
    position:
      x: -13.048619109767174
      y: 0.0074072982256563336
      z: 0.0
    orientation:
      x: 0.0
      y: 0.0
      z: 0.003720887836309806
      w: 0.999993077472894
navigation_time:
  sec: 0
  nanosec: 84000000
estimated_time_remaining:
  sec: 0
  nanosec: 0
number_of_recoveries: 0
distance_remaining: 19.81580924987793

Feedback:
    current_pose:
  header:
    stamp:
      sec: 829
      nanosec: 300000000
    frame_id: map
  pose:
    position:
      x: -13.04738740448586
      y: 0.007416133995205243
      z: 0.0
    orientation:
      x: 0.0
      y: 0.0
      z: 0.0034525806006799335
      w: 0.9999940398258361
navigation_time:
  sec: 0
  nanosec: 108000000
estimated_time_remaining:
  sec: 0
  nanosec: 0
number_of_recoveries: 0
distance_remaining: 19.81580924987793

Feedback:
    current_pose:
  header:
    stamp:
      sec: 829
      nanosec: 300000000
    frame_id: map
  pose:
    position:
      x: -13.04738740448586
      y: 0.007416133995205243
      z: 0.0
    orientation:
      x: 0.0
      y: 0.0
      z: 0.0034525806006799335
      w: 0.9999940398258361
navigation_time:
  sec: 0
  nanosec: 108000000
estimated_time_remaining:
  sec: 0
  nanosec: 0
number_of_recoveries: 0
distance_remaining: 19.81580924987793

Feedback:
    current_pose:
  header:
    stamp:
      sec: 829
      nanosec: 300000000
    frame_id: map
  pose:
    position:
      x: -13.04738740448586
      y: 0.007416133995205243
      z: 0.0
    orientation:
      x: 0.0
      y: 0.0
      z: 0.0034525806006799335
      w: 0.9999940398258361
navigation_time:
  sec: 0
  nanosec: 108000000
estimated_time_remaining:
  sec: 0
  nanosec: 0
number_of_recoveries: 0
distance_remaining: 19.81580924987793

Feedback:
    current_pose:
  header:
    stamp:
      sec: 829
      nanosec: 300000000
    frame_id: map
  pose:
    position:
      x: -13.04738740448586
      y: 0.007416133995205243
      z: 0.0
    orientation:
      x: 0.0
      y: 0.0
      z: 0.0034525806006799335
      w: 0.9999940398258361
navigation_time:
  sec: 0
  nanosec: 108000000
estimated_time_remaining:
  sec: 0
  nanosec: 0
number_of_recoveries: 0
distance_remaining: 19.81580924987793

Feedback:
    current_pose:
  header:
    stamp:
      sec: 829
      nanosec: 320000000
    frame_id: map
  pose:
    position:
      x: -13.046022264289903
      y: 0.007425147258832254
      z: 0.0
    orientation:
      x: 0.0
      y: 0.0
      z: 0.003148556622422916
      w: 0.999995043283313
navigation_time:
  sec: 0
  nanosec: 140000000
estimated_time_remaining:
  sec: 1196
  nanosec: 560121910
number_of_recoveries: 0
distance_remaining: 19.81580924987793

Feedback:
    current_pose:
  header:
    stamp:
      sec: 829
      nanosec: 340000000
    frame_id: map
  pose:
    position:
      x: -13.044623076780624
      y: 0.007433522726600472
      z: 0.0
    orientation:
      x: 0.0
      y: 0.0
      z: 0.0028447505690350205
      w: 0.9999959536889136
navigation_time:
  sec: 0
  nanosec: 148000000
estimated_time_remaining:
  sec: 1196
  nanosec: 560121910
number_of_recoveries: 0
distance_remaining: 19.81580924987793

Feedback:
    current_pose:
  header:
    stamp:
      sec: 829
      nanosec: 340000000
    frame_id: map
  pose:
    position:
      x: -13.044623076780624
      y: 0.007433522726600472
      z: 0.0
    orientation:
      x: 0.0
      y: 0.0
      z: 0.0028447505690350205
      w: 0.9999959536889136
navigation_time:
  sec: 0
  nanosec: 148000000
estimated_time_remaining:
  sec: 1196
  nanosec: 560121910
number_of_recoveries: 0
distance_remaining: 19.81580924987793

Feedback:
    current_pose:
  header:
    stamp:
      sec: 829
      nanosec: 340000000
    frame_id: map
  pose:
    position:
      x: -13.044623076780624
      y: 0.007433522726600472
      z: 0.0
    orientation:
      x: 0.0
      y: 0.0
      z: 0.0028447505690350205
      w: 0.9999959536889136
navigation_time:
  sec: 0
  nanosec: 148000000
estimated_time_remaining:
  sec: 1196
  nanosec: 560121910
number_of_recoveries: 0
distance_remaining: 19.81580924987793

Feedback:
    current_pose:
  header:
    stamp:
      sec: 829
      nanosec: 340000000
    frame_id: map
  pose:
    position:
      x: -13.044623076780624
      y: 0.007433522726600472
      z: 0.0
    orientation:
      x: 0.0
      y: 0.0
      z: 0.0028447505690350205
      w: 0.9999959536889136
navigation_time:
  sec: 0
  nanosec: 148000000
estimated_time_remaining:
  sec: 1196
  nanosec: 560121910
number_of_recoveries: 0
distance_remaining: 19.81580924987793

Feedback:
    current_pose:
  header:
    stamp:
      sec: 829
      nanosec: 340000000
    frame_id: map
  pose:
    position:
      x: -13.044623076780624
      y: 0.007433522726600472
      z: 0.0
    orientation:
      x: 0.0
      y: 0.0
      z: 0.0028447505690350205
      w: 0.9999959536889136
navigation_time:
  sec: 0
  nanosec: 148000000
estimated_time_remaining:
  sec: 1196
  nanosec: 560121910
number_of_recoveries: 0
distance_remaining: 19.81580924987793

Feedback:
    current_pose:
  header:
    stamp:
      sec: 829
      nanosec: 360000000
    frame_id: map
  pose:
    position:
      x: -13.043221147285863
      y: 0.007441124470853211
      z: 0.0
    orientation:
      x: 0.0
      y: 0.0
      z: 0.0025775337930424307
      w: 0.9999966781542555
navigation_time:
  sec: 0
  nanosec: 180000000
estimated_time_remaining:
  sec: 946
  nanosec: 428374825
number_of_recoveries: 0
distance_remaining: 19.81580924987793

Feedback:
    current_pose:
  header:
    stamp:
      sec: 829
      nanosec: 360000000
    frame_id: map
  pose:
    position:
      x: -13.043221147285863
      y: 0.007441124470853211
      z: 0.0
    orientation:
      x: 0.0
      y: 0.0
      z: 0.0025775337930424307
      w: 0.9999966781542555
navigation_time:
  sec: 0
  nanosec: 180000000
estimated_time_remaining:
  sec: 946
  nanosec: 428374825
number_of_recoveries: 0
distance_remaining: 19.81580924987793

Feedback:
    current_pose:
  header:
    stamp:
      sec: 829
      nanosec: 360000000
    frame_id: map
  pose:
    position:
      x: -13.043221147285863
      y: 0.007441124470853211
      z: 0.0
    orientation:
      x: 0.0
      y: 0.0
      z: 0.0025775337930424307
      w: 0.9999966781542555
navigation_time:
  sec: 0
  nanosec: 180000000
estimated_time_remaining:
  sec: 946
  nanosec: 428374825
number_of_recoveries: 0
distance_remaining: 19.81580924987793

Feedback:
    current_pose:
  header:
    stamp:
      sec: 829
      nanosec: 360000000
    frame_id: map
  pose:
    position:
      x: -13.043221147285863
      y: 0.007441124470853211
      z: 0.0
    orientation:
      x: 0.0
      y: 0.0
      z: 0.0025775337930424307
      w: 0.9999966781542555
navigation_time:
  sec: 0
  nanosec: 180000000
estimated_time_remaining:
  sec: 946
  nanosec: 428374825
number_of_recoveries: 0
distance_remaining: 19.81580924987793

Feedback:
    current_pose:
  header:
    stamp:
      sec: 829
      nanosec: 400000000
    frame_id: map
  pose:
    position:
      x: -13.040556677711095
      y: 0.0074536055088376685
      z: 0.0
    orientation:
      x: 0.0
      y: 0.0
      z: 0.0021237484541183627
      w: 0.999997744843709
navigation_time:
  sec: 0
  nanosec: 200000000
estimated_time_remaining:
  sec: 673
  nanosec: 557990162
number_of_recoveries: 0
distance_remaining: 19.81580924987793

Feedback:
    current_pose:
  header:
    stamp:
      sec: 829
      nanosec: 400000000
    frame_id: map
  pose:
    position:
      x: -13.040556677711095
      y: 0.0074536055088376685
      z: 0.0
    orientation:
      x: 0.0
      y: 0.0
      z: 0.0021237484541183627
      w: 0.999997744843709
navigation_time:
  sec: 0
  nanosec: 200000000
estimated_time_remaining:
  sec: 673
  nanosec: 557990162
number_of_recoveries: 0
distance_remaining: 19.81580924987793

Feedback:
    current_pose:
  header:
    stamp:
      sec: 829
      nanosec: 400000000
    frame_id: map
  pose:
    position:
      x: -13.040556677711095
      y: 0.0074536055088376685
      z: 0.0
    orientation:
      x: 0.0
      y: 0.0
      z: 0.0021237484541183627
      w: 0.999997744843709
navigation_time:
  sec: 0
  nanosec: 200000000
estimated_time_remaining:
  sec: 673
  nanosec: 557990162
number_of_recoveries: 0
distance_remaining: 19.81580924987793

Feedback:
    current_pose:
  header:
    stamp:
      sec: 829
      nanosec: 400000000
    frame_id: map
  pose:
    position:
      x: -13.040556677711095
      y: 0.0074536055088376685
      z: 0.0
    orientation:
      x: 0.0
      y: 0.0
      z: 0.0021237484541183627
      w: 0.999997744843709
navigation_time:
  sec: 0
  nanosec: 212000000
estimated_time_remaining:
  sec: 673
  nanosec: 557990162
number_of_recoveries: 0
distance_remaining: 19.81580924987793

Feedback:
    current_pose:
  header:
    stamp:
      sec: 829
      nanosec: 420000000
    frame_id: map
  pose:
    position:
      x: -13.039078239800702
      y: 0.007459634381321578
      z: 0.0
    orientation:
      x: 0.0
      y: 0.0
      z: 0.001968697776082883
      w: 0.9999980621126556
navigation_time:
  sec: 0
  nanosec: 236000000
estimated_time_remaining:
  sec: 586
  nanosec: 880384488
number_of_recoveries: 0
distance_remaining: 19.81580924987793

Feedback:
    current_pose:
  header:
    stamp:
      sec: 829
      nanosec: 420000000
    frame_id: map
  pose:
    position:
      x: -13.039078239800702
      y: 0.007459634381321578
      z: 0.0
    orientation:
      x: 0.0
      y: 0.0
      z: 0.001968697776082883
      w: 0.9999980621126556
navigation_time:
  sec: 0
  nanosec: 240000000
estimated_time_remaining:
  sec: 586
  nanosec: 880384488
number_of_recoveries: 0
distance_remaining: 19.81580924987793

Feedback:
    current_pose:
  header:
    stamp:
      sec: 829
      nanosec: 440000000
    frame_id: map
  pose:
    position:
      x: -13.037502452608933
      y: 0.0074655395561809
      z: 0.0
    orientation:
      x: 0.0
      y: 0.0
      z: 0.0017185833936975428
      w: 0.9999985232344689
navigation_time:
  sec: 0
  nanosec: 248000000
estimated_time_remaining:
  sec: 514
  nanosec: 203369673
number_of_recoveries: 0
distance_remaining: 19.81580924987793

Feedback:
    current_pose:
  header:
    stamp:
      sec: 829
      nanosec: 440000000
    frame_id: map
  pose:
    position:
      x: -13.037502452608933
      y: 0.0074655395561809
      z: 0.0
    orientation:
      x: 0.0
      y: 0.0
      z: 0.0017185833936975428
      w: 0.9999985232344689
navigation_time:
  sec: 0
  nanosec: 248000000
estimated_time_remaining:
  sec: 514
  nanosec: 203369673
number_of_recoveries: 0
distance_remaining: 19.81580924987793

Feedback:
    current_pose:
  header:
    stamp:
      sec: 829
      nanosec: 440000000
    frame_id: map
  pose:
    position:
      x: -13.037502452608933
      y: 0.0074655395561809
      z: 0.0
    orientation:
      x: 0.0
      y: 0.0
      z: 0.0017185833936975428
      w: 0.9999985232344689
navigation_time:
  sec: 0
  nanosec: 248000000
estimated_time_remaining:
  sec: 514
  nanosec: 203369673
number_of_recoveries: 0
distance_remaining: 19.81580924987793

Feedback:
    current_pose:
  header:
    stamp:
      sec: 829
      nanosec: 440000000
    frame_id: map
  pose:
    position:
      x: -13.037502452608933
      y: 0.0074655395561809
      z: 0.0
    orientation:
      x: 0.0
      y: 0.0
      z: 0.0017185833936975428
      w: 0.9999985232344689
navigation_time:
  sec: 0
  nanosec: 248000000
estimated_time_remaining:
  sec: 514
  nanosec: 203369673
number_of_recoveries: 0
distance_remaining: 19.81580924987793

Feedback:
    current_pose:
  header:
    stamp:
      sec: 829
      nanosec: 460000000
    frame_id: map
  pose:
    position:
      x: -13.03584666703675
      y: 0.007470546663331135
      z: 0.0
    orientation:
      x: 0.0
      y: 0.0
      z: 0.001305413168866232
      w: 0.9999991479478662
navigation_time:
  sec: 0
  nanosec: 264000000
estimated_time_remaining:
  sec: 454
  nanosec: 634184486
number_of_recoveries: 0
distance_remaining: 19.81580924987793

Feedback:
    current_pose:
  header:
    stamp:
      sec: 829
      nanosec: 460000000
    frame_id: map
  pose:
    position:
      x: -13.03584666703675
      y: 0.007470546663331135
      z: 0.0
    orientation:
      x: 0.0
      y: 0.0
      z: 0.001305413168866232
      w: 0.9999991479478662
navigation_time:
  sec: 0
  nanosec: 280000000
estimated_time_remaining:
  sec: 454
  nanosec: 634184486
number_of_recoveries: 0
distance_remaining: 19.81580924987793

Feedback:
    current_pose:
  header:
    stamp:
      sec: 829
      nanosec: 460000000
    frame_id: map
  pose:
    position:
      x: -13.03584666703675
      y: 0.007470546663331135
      z: 0.0
    orientation:
      x: 0.0
      y: 0.0
      z: 0.001305413168866232
      w: 0.9999991479478662
navigation_time:
  sec: 0
  nanosec: 280000000
estimated_time_remaining:
  sec: 454
  nanosec: 634184486
number_of_recoveries: 0
distance_remaining: 19.81580924987793

Feedback:
    current_pose:
  header:
    stamp:
      sec: 829
      nanosec: 460000000
    frame_id: map
  pose:
    position:
      x: -13.03584666703675
      y: 0.007470546663331135
      z: 0.0
    orientation:
      x: 0.0
      y: 0.0
      z: 0.001305413168866232
      w: 0.9999991479478662
navigation_time:
  sec: 0
  nanosec: 280000000
estimated_time_remaining:
  sec: 454
  nanosec: 634184486
number_of_recoveries: 0
distance_remaining: 19.81580924987793

Feedback:
    current_pose:
  header:
    stamp:
      sec: 829
      nanosec: 500000000
    frame_id: map
  pose:
    position:
      x: -13.03263690057365
      y: 0.007476548305611175
      z: 0.0
    orientation:
      x: 0.0
      y: 0.0
      z: 0.0005799676875193615
      w: 0.9999998318187268
navigation_time:
  sec: 0
  nanosec: 308000000
estimated_time_remaining:
  sec: 368
  nanosec: 897933587
number_of_recoveries: 0
distance_remaining: 19.81580924987793

Feedback:
    current_pose:
  header:
    stamp:
      sec: 829
      nanosec: 500000000
    frame_id: map
  pose:
    position:
      x: -13.03263690057365
      y: 0.007476548305611175
      z: 0.0
    orientation:
      x: 0.0
      y: 0.0
      z: 0.0005799676875193615
      w: 0.9999998318187268
navigation_time:
  sec: 0
  nanosec: 308000000
estimated_time_remaining:
  sec: 368
  nanosec: 897933587
number_of_recoveries: 0
distance_remaining: 19.81580924987793

Feedback:
    current_pose:
  header:
    stamp:
      sec: 829
      nanosec: 500000000
    frame_id: map
  pose:
    position:
      x: -13.03263690057365
      y: 0.007476548305611175
      z: 0.0
    orientation:
      x: 0.0
      y: 0.0
      z: 0.0005799676875193615
      w: 0.9999998318187268
navigation_time:
  sec: 0
  nanosec: 308000000
estimated_time_remaining:
  sec: 368
  nanosec: 897933587
number_of_recoveries: 0
distance_remaining: 19.81580924987793

Feedback:
    current_pose:
  header:
    stamp:
      sec: 829
      nanosec: 500000000
    frame_id: map
  pose:
    position:
      x: -13.03263690057365
      y: 0.007476548305611175
      z: 0.0
    orientation:
      x: 0.0
      y: 0.0
      z: 0.0005799676875193615
      w: 0.9999998318187268
navigation_time:
  sec: 0
  nanosec: 308000000
estimated_time_remaining:
  sec: 368
  nanosec: 897933587
number_of_recoveries: 0
distance_remaining: 19.81580924987793

Feedback:
    current_pose:
  header:
    stamp:
      sec: 829
      nanosec: 500000000
    frame_id: map
  pose:
    position:
      x: -13.03263690057365
      y: 0.007476548305611175
      z: 0.0
    orientation:
      x: 0.0
      y: 0.0
      z: 0.0005799676875193615
      w: 0.9999998318187268
navigation_time:
  sec: 0
  nanosec: 308000000
estimated_time_remaining:
  sec: 368
  nanosec: 897933587
number_of_recoveries: 0
distance_remaining: 19.81580924987793

Feedback:
    current_pose:
  header:
    stamp:
      sec: 829
      nanosec: 520000000
    frame_id: map
  pose:
    position:
      x: -13.031093418654407
      y: 0.007477732908727219
      z: 0.0
    orientation:
      x: 0.0
      y: 0.0
      z: 0.0001502604026270005
      w: 0.9999999887109056
navigation_time:
  sec: 0
  nanosec: 336000000
estimated_time_remaining:
  sec: 338
  nanosec: 63292861
number_of_recoveries: 0
distance_remaining: 19.81580924987793

Feedback:
    current_pose:
  header:
    stamp:
      sec: 829
      nanosec: 520000000
    frame_id: map
  pose:
    position:
      x: -13.031093418654407
      y: 0.007477732908727219
      z: 0.0
    orientation:
      x: 0.0
      y: 0.0
      z: 0.0001502604026270005
      w: 0.9999999887109056
navigation_time:
  sec: 0
  nanosec: 340000000
estimated_time_remaining:
  sec: 338
  nanosec: 63292861
number_of_recoveries: 0
distance_remaining: 19.81580924987793

Feedback:
    current_pose:
  header:
    stamp:
      sec: 829
      nanosec: 540000000
    frame_id: map
  pose:
    position:
      x: -13.029582387646983
      y: 0.007477457522117703
      z: 0.0
    orientation:
      x: 0.0
      y: 0.0
      z: -0.0003325112007022679
      w: 0.9999999447181491
navigation_time:
  sec: 0
  nanosec: 348000000
estimated_time_remaining:
  sec: 312
  nanosec: 609611860
number_of_recoveries: 0
distance_remaining: 19.81580924987793

Feedback:
    current_pose:
  header:
    stamp:
      sec: 829
      nanosec: 540000000
    frame_id: map
  pose:
    position:
      x: -13.029582387646983
      y: 0.007477457522117703
      z: 0.0
    orientation:
      x: 0.0
      y: 0.0
      z: -0.0003325112007022679
      w: 0.9999999447181491
navigation_time:
  sec: 0
  nanosec: 348000000
estimated_time_remaining:
  sec: 312
  nanosec: 609611860
number_of_recoveries: 0
distance_remaining: 19.81580924987793

Feedback:
    current_pose:
  header:
    stamp:
      sec: 829
      nanosec: 540000000
    frame_id: map
  pose:
    position:
      x: -13.029582387646983
      y: 0.007477457522117703
      z: 0.0
    orientation:
      x: 0.0
      y: 0.0
      z: -0.0003325112007022679
      w: 0.9999999447181491
navigation_time:
  sec: 0
  nanosec: 348000000
estimated_time_remaining:
  sec: 312
  nanosec: 609611860
number_of_recoveries: 0
distance_remaining: 19.81580924987793

Feedback:
    current_pose:
  header:
    stamp:
      sec: 829
      nanosec: 540000000
    frame_id: map
  pose:
    position:
      x: -13.029582387646983
      y: 0.007477457522117703
      z: 0.0
    orientation:
      x: 0.0
      y: 0.0
      z: -0.0003325112007022679
      w: 0.9999999447181491
navigation_time:
  sec: 0
  nanosec: 348000000
estimated_time_remaining:
  sec: 312
  nanosec: 609611860
number_of_recoveries: 0
distance_remaining: 19.81580924987793

Feedback:
    current_pose:
  header:
    stamp:
      sec: 829
      nanosec: 560000000
    frame_id: map
  pose:
    position:
      x: -13.028269019590397
      y: 0.007476065966649514
      z: 0.0
    orientation:
      x: 0.0
      y: 0.0
      z: -0.0007270203079420834
      w: 0.999999735720701
navigation_time:
  sec: 0
  nanosec: 372000000
estimated_time_remaining:
  sec: 292
  nanosec: 802006474
number_of_recoveries: 0
distance_remaining: 19.81580924987793

Feedback:
    current_pose:
  header:
    stamp:
      sec: 829
      nanosec: 560000000
    frame_id: map
  pose:
    position:
      x: -13.028269019590397
      y: 0.007476065966649514
      z: 0.0
    orientation:
      x: 0.0
      y: 0.0
      z: -0.0007270203079420834
      w: 0.999999735720701
navigation_time:
  sec: 0
  nanosec: 376000000
estimated_time_remaining:
  sec: 292
  nanosec: 802006474
number_of_recoveries: 0
distance_remaining: 19.81580924987793

Feedback:
    current_pose:
  header:
    stamp:
      sec: 829
      nanosec: 560000000
    frame_id: map
  pose:
    position:
      x: -13.028269019590397
      y: 0.007476065966649514
      z: 0.0
    orientation:
      x: 0.0
      y: 0.0
      z: -0.0007270203079420834
      w: 0.999999735720701
navigation_time:
  sec: 0
  nanosec: 376000000
estimated_time_remaining:
  sec: 292
  nanosec: 802006474
number_of_recoveries: 0
distance_remaining: 19.81580924987793

Feedback:
    current_pose:
  header:
    stamp:
      sec: 829
      nanosec: 560000000
    frame_id: map
  pose:
    position:
      x: -13.028269019590397
      y: 0.007476065966649514
      z: 0.0
    orientation:
      x: 0.0
      y: 0.0
      z: -0.0007270203079420834
      w: 0.999999735720701
navigation_time:
  sec: 0
  nanosec: 376000000
estimated_time_remaining:
  sec: 292
  nanosec: 802006474
number_of_recoveries: 0
distance_remaining: 19.81580924987793

Feedback:
    current_pose:
  header:
    stamp:
      sec: 829
      nanosec: 560000000
    frame_id: map
  pose:
    position:
      x: -13.028269019590397
      y: 0.007476065966649514
      z: 0.0
    orientation:
      x: 0.0
      y: 0.0
      z: -0.0007270203079420834
      w: 0.999999735720701
navigation_time:
  sec: 0
  nanosec: 376000000
estimated_time_remaining:
  sec: 292
  nanosec: 802006474
number_of_recoveries: 0
distance_remaining: 19.81580924987793

Feedback:
    current_pose:
  header:
    stamp:
      sec: 829
      nanosec: 560000000
    frame_id: map
  pose:
    position:
      x: -13.028269019590397
      y: 0.007476065966649514
      z: 0.0
    orientation:
      x: 0.0
      y: 0.0
      z: -0.0007270203079420834
      w: 0.999999735720701
navigation_time:
  sec: 0
  nanosec: 376000000
estimated_time_remaining:
  sec: 292
  nanosec: 802006474
number_of_recoveries: 0
distance_remaining: 19.81580924987793

Feedback:
    current_pose:
  header:
    stamp:
      sec: 829
      nanosec: 560000000
    frame_id: map
  pose:
    position:
      x: -13.028269019590397
      y: 0.007476065966649514
      z: 0.0
    orientation:
      x: 0.0
      y: 0.0
      z: -0.0007270203079420834
      w: 0.999999735720701
navigation_time:
  sec: 0
  nanosec: 380000000
estimated_time_remaining:
  sec: 292
  nanosec: 802006474
number_of_recoveries: 0
distance_remaining: 19.81580924987793

Feedback:
    current_pose:
  header:
    stamp:
      sec: 829
      nanosec: 600000000
    frame_id: map
  pose:
    position:
      x: -13.026531044777286
      y: 0.007472223089200369
      z: 0.0
    orientation:
      x: 0.0
      y: 0.0
      z: -0.0015610380960514596
      w: 0.999998781579289
navigation_time:
  sec: 0
  nanosec: 400000000
estimated_time_remaining:
  sec: 284
  nanosec: 635063034
number_of_recoveries: 0
distance_remaining: 19.770713806152344

Feedback:
    current_pose:
  header:
    stamp:
      sec: 829
      nanosec: 600000000
    frame_id: map
  pose:
    position:
      x: -13.026531044777286
      y: 0.007472223089200369
      z: 0.0
    orientation:
      x: 0.0
      y: 0.0
      z: -0.0015610380960514596
      w: 0.999998781579289
navigation_time:
  sec: 0
  nanosec: 400000000
estimated_time_remaining:
  sec: 284
  nanosec: 635063034
number_of_recoveries: 0
distance_remaining: 19.770713806152344

Feedback:
    current_pose:
  header:
    stamp:
      sec: 829
      nanosec: 600000000
    frame_id: map
  pose:
    position:
      x: -13.026531044777286
      y: 0.007472223089200369
      z: 0.0
    orientation:
      x: 0.0
      y: 0.0
      z: -0.0015610380960514596
      w: 0.999998781579289
navigation_time:
  sec: 0
  nanosec: 400000000
estimated_time_remaining:
  sec: 284
  nanosec: 635063034
number_of_recoveries: 0
distance_remaining: 19.770713806152344

Feedback:
    current_pose:
  header:
    stamp:
      sec: 829
      nanosec: 600000000
    frame_id: map
  pose:
    position:
      x: -13.026531044777286
      y: 0.007472223089200369
      z: 0.0
    orientation:
      x: 0.0
      y: 0.0
      z: -0.0015610380960514596
      w: 0.999998781579289
navigation_time:
  sec: 0
  nanosec: 400000000
estimated_time_remaining:
  sec: 284
  nanosec: 635063034
number_of_recoveries: 0
distance_remaining: 19.770713806152344

Feedback:
    current_pose:
  header:
    stamp:
      sec: 829
      nanosec: 600000000
    frame_id: map
  pose:
    position:
      x: -13.026531044777286
      y: 0.007472223089200369
      z: 0.0
    orientation:
      x: 0.0
      y: 0.0
      z: -0.0015610380960514596
      w: 0.999998781579289
navigation_time:
  sec: 0
  nanosec: 412000000
estimated_time_remaining:
  sec: 284
  nanosec: 635063034
number_of_recoveries: 0
distance_remaining: 19.770713806152344

Feedback:
    current_pose:
  header:
    stamp:
      sec: 829
      nanosec: 620000000
    frame_id: map
  pose:
    position:
      x: -13.025682678134828
      y: 0.007469248100443693
      z: 0.0
    orientation:
      x: 0.0
      y: 0.0
      z: -0.0019227814389966846
      w: 0.9999981514540605
navigation_time:
  sec: 0
  nanosec: 440000000
estimated_time_remaining:
  sec: 288
  nanosec: 932496844
number_of_recoveries: 0
distance_remaining: 19.770713806152344

Feedback:
    current_pose:
  header:
    stamp:
      sec: 829
      nanosec: 640000000
    frame_id: map
  pose:
    position:
      x: -13.024708689645124
      y: 0.007465153768063004
      z: 0.0
    orientation:
      x: 0.0
      y: 0.0
      z: -0.0022808669862652564
      w: 0.9999973988195123
navigation_time:
  sec: 0
  nanosec: 444000000
estimated_time_remaining:
  sec: 294
  nanosec: 134648109
number_of_recoveries: 0
distance_remaining: 19.770713806152344

Feedback:
    current_pose:
  header:
    stamp:
      sec: 829
      nanosec: 640000000
    frame_id: map
  pose:
    position:
      x: -13.024708689645124
      y: 0.007465153768063004
      z: 0.0
    orientation:
      x: 0.0
      y: 0.0
      z: -0.0022808669862652564
      w: 0.9999973988195123
navigation_time:
  sec: 0
  nanosec: 444000000
estimated_time_remaining:
  sec: 294
  nanosec: 134648109
number_of_recoveries: 0
distance_remaining: 19.770713806152344

Feedback:
    current_pose:
  header:
    stamp:
      sec: 829
      nanosec: 640000000
    frame_id: map
  pose:
    position:
      x: -13.024708689645124
      y: 0.007465153768063004
      z: 0.0
    orientation:
      x: 0.0
      y: 0.0
      z: -0.0022808669862652564
      w: 0.9999973988195123
navigation_time:
  sec: 0
  nanosec: 444000000
estimated_time_remaining:
  sec: 294
  nanosec: 134648109
number_of_recoveries: 0
distance_remaining: 19.770713806152344

Feedback:
    current_pose:
  header:
    stamp:
      sec: 829
      nanosec: 640000000
    frame_id: map
  pose:
    position:
      x: -13.024708689645124
      y: 0.007465153768063004
      z: 0.0
    orientation:
      x: 0.0
      y: 0.0
      z: -0.0022808669862652564
      w: 0.9999973988195123
navigation_time:
  sec: 0
  nanosec: 444000000
estimated_time_remaining:
  sec: 294
  nanosec: 134648109
number_of_recoveries: 0
distance_remaining: 19.770713806152344

Feedback:
    current_pose:
  header:
    stamp:
      sec: 829
      nanosec: 660000000
    frame_id: map
  pose:
    position:
      x: -13.023696646941914
      y: 0.007460164459065055
      z: 0.0
    orientation:
      x: 0.0
      y: 0.0
      z: -0.002635920502893575
      w: 0.9999965259555166
navigation_time:
  sec: 0
  nanosec: 476000000
estimated_time_remaining:
  sec: 299
  nanosec: 554453163
number_of_recoveries: 0
distance_remaining: 19.770713806152344

Feedback:
    current_pose:
  header:
    stamp:
      sec: 829
      nanosec: 660000000
    frame_id: map
  pose:
    position:
      x: -13.023696646941914
      y: 0.007460164459065055
      z: 0.0
    orientation:
      x: 0.0
      y: 0.0
      z: -0.002635920502893575
      w: 0.9999965259555166
navigation_time:
  sec: 0
  nanosec: 476000000
estimated_time_remaining:
  sec: 299
  nanosec: 554453163
number_of_recoveries: 0
distance_remaining: 19.770713806152344

Feedback:
    current_pose:
  header:
    stamp:
      sec: 829
      nanosec: 660000000
    frame_id: map
  pose:
    position:
      x: -13.023696646941914
      y: 0.007460164459065055
      z: 0.0
    orientation:
      x: 0.0
      y: 0.0
      z: -0.002635920502893575
      w: 0.9999965259555166
navigation_time:
  sec: 0
  nanosec: 476000000
estimated_time_remaining:
  sec: 299
  nanosec: 554453163
number_of_recoveries: 0
distance_remaining: 19.770713806152344

Feedback:
    current_pose:
  header:
    stamp:
      sec: 829
      nanosec: 660000000
    frame_id: map
  pose:
    position:
      x: -13.023696646941914
      y: 0.007460164459065055
      z: 0.0
    orientation:
      x: 0.0
      y: 0.0
      z: -0.002635920502893575
      w: 0.9999965259555166
navigation_time:
  sec: 0
  nanosec: 476000000
estimated_time_remaining:
  sec: 299
  nanosec: 554453163
number_of_recoveries: 0
distance_remaining: 19.770713806152344

Feedback:
    current_pose:
  header:
    stamp:
      sec: 829
      nanosec: 660000000
    frame_id: map
  pose:
    position:
      x: -13.023696646941914
      y: 0.007460164459065055
      z: 0.0
    orientation:
      x: 0.0
      y: 0.0
      z: -0.002635920502893575
      w: 0.9999965259555166
navigation_time:
  sec: 0
  nanosec: 480000000
estimated_time_remaining:
  sec: 304
  nanosec: 52013483
number_of_recoveries: 0
distance_remaining: 19.770713806152344

Feedback:
    current_pose:
  header:
    stamp:
      sec: 829
      nanosec: 700000000
    frame_id: map
  pose:
    position:
      x: -13.021345332273626
      y: 0.007446127899438437
      z: 0.0
    orientation:
      x: 0.0
      y: 0.0
      z: -0.0033453702374469933
      w: 0.9999944042333309
navigation_time:
  sec: 0
  nanosec: 504000000
estimated_time_remaining:
  sec: 307
  nanosec: 97605732
number_of_recoveries: 0
distance_remaining: 19.770713806152344

Feedback:
    current_pose:
  header:
    stamp:
      sec: 829
      nanosec: 700000000
    frame_id: map
  pose:
    position:
      x: -13.021345332273626
      y: 0.007446127899438437
      z: 0.0
    orientation:
      x: 0.0
      y: 0.0
      z: -0.0033453702374469933
      w: 0.9999944042333309
navigation_time:
  sec: 0
  nanosec: 504000000
estimated_time_remaining:
  sec: 307
  nanosec: 97605732
number_of_recoveries: 0
distance_remaining: 19.770713806152344

Feedback:
    current_pose:
  header:
    stamp:
      sec: 829
      nanosec: 700000000
    frame_id: map
  pose:
    position:
      x: -13.021345332273626
      y: 0.007446127899438437
      z: 0.0
    orientation:
      x: 0.0
      y: 0.0
      z: -0.0033453702374469933
      w: 0.9999944042333309
navigation_time:
  sec: 0
  nanosec: 504000000
estimated_time_remaining:
  sec: 307
  nanosec: 97605732
number_of_recoveries: 0
distance_remaining: 19.770713806152344

Feedback:
    current_pose:
  header:
    stamp:
      sec: 829
      nanosec: 720000000
    frame_id: map
  pose:
    position:
      x: -13.020143103312094
      y: 0.007437624379956986
      z: 0.0
    orientation:
      x: 0.0
      y: 0.0
      z: -0.003727625060316098
      w: 0.99999305238157
navigation_time:
  sec: 0
  nanosec: 528000000
estimated_time_remaining:
  sec: 309
  nanosec: 162326591
number_of_recoveries: 0
distance_remaining: 19.770713806152344

Feedback:
    current_pose:
  header:
    stamp:
      sec: 829
      nanosec: 720000000
    frame_id: map
  pose:
    position:
      x: -13.020143103312094
      y: 0.007437624379956986
      z: 0.0
    orientation:
      x: 0.0
      y: 0.0
      z: -0.003727625060316098
      w: 0.99999305238157
navigation_time:
  sec: 0
  nanosec: 536000000
estimated_time_remaining:
  sec: 309
  nanosec: 162326591
number_of_recoveries: 0
distance_remaining: 19.770713806152344

Feedback:
    current_pose:
  header:
    stamp:
      sec: 829
      nanosec: 720000000
    frame_id: map
  pose:
    position:
      x: -13.020143103312094
      y: 0.007437624379956986
      z: 0.0
    orientation:
      x: 0.0
      y: 0.0
      z: -0.003727625060316098
      w: 0.99999305238157
navigation_time:
  sec: 0
  nanosec: 540000000
estimated_time_remaining:
  sec: 309
  nanosec: 162326591
number_of_recoveries: 0
distance_remaining: 19.770713806152344

Feedback:
    current_pose:
  header:
    stamp:
      sec: 829
      nanosec: 720000000
    frame_id: map
  pose:
    position:
      x: -13.020143103312094
      y: 0.007437624379956986
      z: 0.0
    orientation:
      x: 0.0
      y: 0.0
      z: -0.003727625060316098
      w: 0.99999305238157
navigation_time:
  sec: 0
  nanosec: 540000000
estimated_time_remaining:
  sec: 309
  nanosec: 162326591
number_of_recoveries: 0
distance_remaining: 19.770713806152344

Feedback:
    current_pose:
  header:
    stamp:
      sec: 829
      nanosec: 720000000
    frame_id: map
  pose:
    position:
      x: -13.020143103312094
      y: 0.007437624379956986
      z: 0.0
    orientation:
      x: 0.0
      y: 0.0
      z: -0.003727625060316098
      w: 0.99999305238157
navigation_time:
  sec: 0
  nanosec: 540000000
estimated_time_remaining:
  sec: 309
  nanosec: 162326591
number_of_recoveries: 0
distance_remaining: 19.770713806152344

Feedback:
    current_pose:
  header:
    stamp:
      sec: 829
      nanosec: 720000000
    frame_id: map
  pose:
    position:
      x: -13.020143103312094
      y: 0.007437624379956986
      z: 0.0
    orientation:
      x: 0.0
      y: 0.0
      z: -0.003727625060316098
      w: 0.99999305238157
navigation_time:
  sec: 0
  nanosec: 540000000
estimated_time_remaining:
  sec: 309
  nanosec: 162326591
number_of_recoveries: 0
distance_remaining: 19.770713806152344

Feedback:
    current_pose:
  header:
    stamp:
      sec: 829
      nanosec: 740000000
    frame_id: map
  pose:
    position:
      x: -13.019093074909051
      y: 0.007429440185198644
      z: 0.0
    orientation:
      x: 0.0
      y: 0.0
      z: -0.004066457620058364
      w: 0.9999917319270316
navigation_time:
  sec: 0
  nanosec: 560000000
estimated_time_remaining:
  sec: 313
  nanosec: 206851678
number_of_recoveries: 0
distance_remaining: 19.770713806152344

Feedback:
    current_pose:
  header:
    stamp:
      sec: 829
      nanosec: 760000000
    frame_id: map
  pose:
    position:
      x: -13.018020442703985
      y: 0.007420343201960833
      z: 0.0
    orientation:
      x: 0.0
      y: 0.0
      z: -0.0044205081844937155
      w: 0.9999902295059643
navigation_time:
  sec: 0
  nanosec: 576000000
estimated_time_remaining:
  sec: 320
  nanosec: 599198404
number_of_recoveries: 0
distance_remaining: 19.770713806152344

Feedback:
    current_pose:
  header:
    stamp:
      sec: 829
      nanosec: 760000000
    frame_id: map
  pose:
    position:
      x: -13.018020442703985
      y: 0.007420343201960833
      z: 0.0
    orientation:
      x: 0.0
      y: 0.0
      z: -0.0044205081844937155
      w: 0.9999902295059643
navigation_time:
  sec: 0
  nanosec: 576000000
estimated_time_remaining:
  sec: 320
  nanosec: 599198404
number_of_recoveries: 0
distance_remaining: 19.770713806152344

Feedback:
    current_pose:
  header:
    stamp:
      sec: 829
      nanosec: 760000000
    frame_id: map
  pose:
    position:
      x: -13.018020442703985
      y: 0.007420343201960833
      z: 0.0
    orientation:
      x: 0.0
      y: 0.0
      z: -0.0044205081844937155
      w: 0.9999902295059643
navigation_time:
  sec: 0
  nanosec: 576000000
estimated_time_remaining:
  sec: 320
  nanosec: 599198404
number_of_recoveries: 0
distance_remaining: 19.770713806152344

Feedback:
    current_pose:
  header:
    stamp:
      sec: 829
      nanosec: 760000000
    frame_id: map
  pose:
    position:
      x: -13.018020442703985
      y: 0.007420343201960833
      z: 0.0
    orientation:
      x: 0.0
      y: 0.0
      z: -0.0044205081844937155
      w: 0.9999902295059643
navigation_time:
  sec: 0
  nanosec: 576000000
estimated_time_remaining:
  sec: 320
  nanosec: 599198404
number_of_recoveries: 0
distance_remaining: 19.770713806152344

Feedback:
    current_pose:
  header:
    stamp:
      sec: 829
      nanosec: 780000000
    frame_id: map
  pose:
    position:
      x: -13.016857379816031
      y: 0.007409577615266727
      z: 0.0
    orientation:
      x: 0.0
      y: 0.0
      z: -0.004835432072006097
      w: 0.9999883092300014
navigation_time:
  sec: 0
  nanosec: 592000000
estimated_time_remaining:
  sec: 328
  nanosec: 897638251
number_of_recoveries: 0
distance_remaining: 19.770713806152344

Feedback:
    current_pose:
  header:
    stamp:
      sec: 829
      nanosec: 800000000
    frame_id: map
  pose:
    position:
      x: -13.015710847666995
      y: 0.00739804663639454
      z: 0.0
    orientation:
      x: 0.0
      y: 0.0
      z: -0.005205741294247612
      w: 0.9999864500369879
navigation_time:
  sec: 0
  nanosec: 600000000
estimated_time_remaining:
  sec: 337
  nanosec: 348091619
number_of_recoveries: 0
distance_remaining: 19.770713806152344

Feedback:
    current_pose:
  header:
    stamp:
      sec: 829
      nanosec: 800000000
    frame_id: map
  pose:
    position:
      x: -13.015710847666995
      y: 0.00739804663639454
      z: 0.0
    orientation:
      x: 0.0
      y: 0.0
      z: -0.005205741294247612
      w: 0.9999864500369879
navigation_time:
  sec: 0
  nanosec: 600000000
estimated_time_remaining:
  sec: 337
  nanosec: 348091619
number_of_recoveries: 0
distance_remaining: 19.770713806152344

Feedback:
    current_pose:
  header:
    stamp:
      sec: 829
      nanosec: 800000000
    frame_id: map
  pose:
    position:
      x: -13.015710847666995
      y: 0.00739804663639454
      z: 0.0
    orientation:
      x: 0.0
      y: 0.0
      z: -0.005205741294247612
      w: 0.9999864500369879
navigation_time:
  sec: 0
  nanosec: 600000000
estimated_time_remaining:
  sec: 337
  nanosec: 348091619
number_of_recoveries: 0
distance_remaining: 19.770713806152344

Feedback:
    current_pose:
  header:
    stamp:
      sec: 829
      nanosec: 800000000
    frame_id: map
  pose:
    position:
      x: -13.015710847666995
      y: 0.00739804663639454
      z: 0.0
    orientation:
      x: 0.0
      y: 0.0
      z: -0.005205741294247612
      w: 0.9999864500369879
navigation_time:
  sec: 0
  nanosec: 600000000
estimated_time_remaining:
  sec: 337
  nanosec: 348091619
number_of_recoveries: 0
distance_remaining: 19.770713806152344

Feedback:
    current_pose:
  header:
    stamp:
      sec: 829
      nanosec: 820000000
    frame_id: map
  pose:
    position:
      x: -13.014575338228127
      y: 0.007385837054286526
      z: 0.0
    orientation:
      x: 0.0
      y: 0.0
      z: -0.005546307253022826
      w: 0.9999846191196416
navigation_time:
  sec: 0
  nanosec: 624000000
estimated_time_remaining:
  sec: 345
  nanosec: 902575281
number_of_recoveries: 0
distance_remaining: 19.770713806152344

Feedback:
    current_pose:
  header:
    stamp:
      sec: 829
      nanosec: 820000000
    frame_id: map
  pose:
    position:
      x: -13.014575338228127
      y: 0.007385837054286526
      z: 0.0
    orientation:
      x: 0.0
      y: 0.0
      z: -0.005546307253022826
      w: 0.9999846191196416
navigation_time:
  sec: 0
  nanosec: 636000000
estimated_time_remaining:
  sec: 345
  nanosec: 902575281
number_of_recoveries: 0
distance_remaining: 19.770713806152344

Feedback:
    current_pose:
  header:
    stamp:
      sec: 829
      nanosec: 820000000
    frame_id: map
  pose:
    position:
      x: -13.014575338228127
      y: 0.007385837054286526
      z: 0.0
    orientation:
      x: 0.0
      y: 0.0
      z: -0.005546307253022826
      w: 0.9999846191196416
navigation_time:
  sec: 0
  nanosec: 636000000
estimated_time_remaining:
  sec: 345
  nanosec: 902575281
number_of_recoveries: 0
distance_remaining: 19.770713806152344

Feedback:
    current_pose:
  header:
    stamp:
      sec: 829
      nanosec: 820000000
    frame_id: map
  pose:
    position:
      x: -13.014575338228127
      y: 0.007385837054286526
      z: 0.0
    orientation:
      x: 0.0
      y: 0.0
      z: -0.005546307253022826
      w: 0.9999846191196416
navigation_time:
  sec: 0
  nanosec: 636000000
estimated_time_remaining:
  sec: 345
  nanosec: 902575281
number_of_recoveries: 0
distance_remaining: 19.770713806152344

Feedback:
    current_pose:
  header:
    stamp:
      sec: 829
      nanosec: 840000000
    frame_id: map
  pose:
    position:
      x: -13.013229569254435
      y: 0.007370766437764686
      z: 0.0
    orientation:
      x: 0.0
      y: 0.0
      z: -0.005651682985965883
      w: 0.9999840291121784
navigation_time:
  sec: 0
  nanosec: 660000000
estimated_time_remaining:
  sec: 356
  nanosec: 80501024
number_of_recoveries: 0
distance_remaining: 19.770713806152344

Feedback:
    current_pose:
  header:
    stamp:
      sec: 829
      nanosec: 860000000
    frame_id: map
  pose:
    position:
      x: -13.011912367108721
      y: 0.007355734153525972
      z: 0.0
    orientation:
      x: 0.0
      y: 0.0
      z: -0.005783406687086186
      w: 0.9999832759636991
navigation_time:
  sec: 0
  nanosec: 672000000
estimated_time_remaining:
  sec: 356
  nanosec: 80501024
number_of_recoveries: 0
distance_remaining: 19.770713806152344

Feedback:
    current_pose:
  header:
    stamp:
      sec: 829
      nanosec: 860000000
    frame_id: map
  pose:
    position:
      x: -13.011912367108721
      y: 0.007355734153525972
      z: 0.0
    orientation:
      x: 0.0
      y: 0.0
      z: -0.005783406687086186
      w: 0.9999832759636991
navigation_time:
  sec: 0
  nanosec: 672000000
estimated_time_remaining:
  sec: 356
  nanosec: 80501024
number_of_recoveries: 0
distance_remaining: 19.770713806152344

Feedback:
    current_pose:
  header:
    stamp:
      sec: 829
      nanosec: 860000000
    frame_id: map
  pose:
    position:
      x: -13.011912367108721
      y: 0.007355734153525972
      z: 0.0
    orientation:
      x: 0.0
      y: 0.0
      z: -0.005783406687086186
      w: 0.9999832759636991
navigation_time:
  sec: 0
  nanosec: 672000000
estimated_time_remaining:
  sec: 356
  nanosec: 80501024
number_of_recoveries: 0
distance_remaining: 19.770713806152344

Feedback:
    current_pose:
  header:
    stamp:
      sec: 829
      nanosec: 860000000
    frame_id: map
  pose:
    position:
      x: -13.011912367108721
      y: 0.007355734153525972
      z: 0.0
    orientation:
      x: 0.0
      y: 0.0
      z: -0.005783406687086186
      w: 0.9999832759636991
navigation_time:
  sec: 0
  nanosec: 672000000
estimated_time_remaining:
  sec: 356
  nanosec: 80501024
number_of_recoveries: 0
distance_remaining: 19.770713806152344

Feedback:
    current_pose:
  header:
    stamp:
      sec: 829
      nanosec: 860000000
    frame_id: map
  pose:
    position:
      x: -13.011912367108721
      y: 0.007355734153525972
      z: 0.0
    orientation:
      x: 0.0
      y: 0.0
      z: -0.005783406687086186
      w: 0.9999832759636991
navigation_time:
  sec: 0
  nanosec: 672000000
estimated_time_remaining:
  sec: 356
  nanosec: 80501024
number_of_recoveries: 0
distance_remaining: 19.770713806152344

Feedback:
    current_pose:
  header:
    stamp:
      sec: 829
      nanosec: 900000000
    frame_id: map
  pose:
    position:
      x: -13.009558846034054
      y: 0.007327416047299806
      z: 0.0
    orientation:
      x: 0.0
      y: 0.0
      z: -0.006250313127924512
      w: 0.9999804666021247
navigation_time:
  sec: 0
  nanosec: 708000000
estimated_time_remaining:
  sec: 358
  nanosec: 443258837
number_of_recoveries: 0
distance_remaining: 19.766082763671875

Feedback:
    current_pose:
  header:
    stamp:
      sec: 829
      nanosec: 900000000
    frame_id: map
  pose:
    position:
      x: -13.009558846034054
      y: 0.007327416047299806
      z: 0.0
    orientation:
      x: 0.0
      y: 0.0
      z: -0.006250313127924512
      w: 0.9999804666021247
navigation_time:
  sec: 0
  nanosec: 712000000
estimated_time_remaining:
  sec: 358
  nanosec: 443258837
number_of_recoveries: 0
distance_remaining: 19.766082763671875

Feedback:
    current_pose:
  header:
    stamp:
      sec: 829
      nanosec: 900000000
    frame_id: map
  pose:
    position:
      x: -13.009558846034054
      y: 0.007327416047299806
      z: 0.0
    orientation:
      x: 0.0
      y: 0.0
      z: -0.006250313127924512
      w: 0.9999804666021247
navigation_time:
  sec: 0
  nanosec: 716000000
estimated_time_remaining:
  sec: 358
  nanosec: 443258837
number_of_recoveries: 0
distance_remaining: 19.766082763671875

Feedback:
    current_pose:
  header:
    stamp:
      sec: 829
      nanosec: 900000000
    frame_id: map
  pose:
    position:
      x: -13.009558846034054
      y: 0.007327416047299806
      z: 0.0
    orientation:
      x: 0.0
      y: 0.0
      z: -0.006250313127924512
      w: 0.9999804666021247
navigation_time:
  sec: 0
  nanosec: 716000000
estimated_time_remaining:
  sec: 358
  nanosec: 443258837
number_of_recoveries: 0
distance_remaining: 19.766082763671875

Feedback:
    current_pose:
  header:
    stamp:
      sec: 829
      nanosec: 900000000
    frame_id: map
  pose:
    position:
      x: -13.009558846034054
      y: 0.007327416047299806
      z: 0.0
    orientation:
      x: 0.0
      y: 0.0
      z: -0.006250313127924512
      w: 0.9999804666021247
navigation_time:
  sec: 0
  nanosec: 716000000
estimated_time_remaining:
  sec: 358
  nanosec: 443258837
number_of_recoveries: 0
distance_remaining: 19.766082763671875

Feedback:
    current_pose:
  header:
    stamp:
      sec: 829
      nanosec: 900000000
    frame_id: map
  pose:
    position:
      x: -13.009558846034054
      y: 0.007327416047299806
      z: 0.0
    orientation:
      x: 0.0
      y: 0.0
      z: -0.006250313127924512
      w: 0.9999804666021247
navigation_time:
  sec: 0
  nanosec: 716000000
estimated_time_remaining:
  sec: 358
  nanosec: 443258837
number_of_recoveries: 0
distance_remaining: 19.766082763671875

Feedback:
    current_pose:
  header:
    stamp:
      sec: 829
      nanosec: 900000000
    frame_id: map
  pose:
    position:
      x: -13.009558846034054
      y: 0.007327416047299806
      z: 0.0
    orientation:
      x: 0.0
      y: 0.0
      z: -0.006250313127924512
      w: 0.9999804666021247
navigation_time:
  sec: 0
  nanosec: 716000000
estimated_time_remaining:
  sec: 358
  nanosec: 443258837
number_of_recoveries: 0
distance_remaining: 19.766082763671875

Feedback:
    current_pose:
  header:
    stamp:
      sec: 829
      nanosec: 920000000
    frame_id: map
  pose:
    position:
      x: -13.008443178264926
      y: 0.007313217717339171
      z: 0.0
    orientation:
      x: 0.0
      y: 0.0
      z: -0.006475220424770418
      w: 0.999979035540471
navigation_time:
  sec: 0
  nanosec: 740000000
estimated_time_remaining:
  sec: 353
  nanosec: 155340875
number_of_recoveries: 0
distance_remaining: 19.766082763671875

Feedback:
    current_pose:
  header:
    stamp:
      sec: 829
      nanosec: 920000000
    frame_id: map
  pose:
    position:
      x: -13.008443178264926
      y: 0.007313217717339171
      z: 0.0
    orientation:
      x: 0.0
      y: 0.0
      z: -0.006475220424770418
      w: 0.999979035540471
navigation_time:
  sec: 0
  nanosec: 740000000
estimated_time_remaining:
  sec: 353
  nanosec: 155340875
number_of_recoveries: 0
distance_remaining: 19.766082763671875

Feedback:
    current_pose:
  header:
    stamp:
      sec: 829
      nanosec: 920000000
    frame_id: map
  pose:
    position:
      x: -13.008443178264926
      y: 0.007313217717339171
      z: 0.0
    orientation:
      x: 0.0
      y: 0.0
      z: -0.006475220424770418
      w: 0.999979035540471
navigation_time:
  sec: 0
  nanosec: 740000000
estimated_time_remaining:
  sec: 353
  nanosec: 155340875
number_of_recoveries: 0
distance_remaining: 19.766082763671875

Feedback:
    current_pose:
  header:
    stamp:
      sec: 829
      nanosec: 940000000
    frame_id: map
  pose:
    position:
      x: -13.007429229242646
      y: 0.00729992533269197
      z: 0.0
    orientation:
      x: 0.0
      y: 0.0
      z: -0.006597160619007143
      w: 0.9999782384991021
navigation_time:
  sec: 0
  nanosec: 748000000
estimated_time_remaining:
  sec: 348
  nanosec: 81139363
number_of_recoveries: 0
distance_remaining: 19.766082763671875

Feedback:
    current_pose:
  header:
    stamp:
      sec: 829
      nanosec: 960000000
    frame_id: map
  pose:
    position:
      x: -13.006547500514131
      y: 0.007288249985823114
      z: 0.0
    orientation:
      x: 0.0
      y: 0.0
      z: -0.006622584916922969
      w: 0.9999780704440564
navigation_time:
  sec: 0
  nanosec: 772000000
estimated_time_remaining:
  sec: 347
  nanosec: 378856428
number_of_recoveries: 0
distance_remaining: 19.766082763671875

Feedback:
    current_pose:
  header:
    stamp:
      sec: 829
      nanosec: 960000000
    frame_id: map
  pose:
    position:
      x: -13.006547500514131
      y: 0.007288249985823114
      z: 0.0
    orientation:
      x: 0.0
      y: 0.0
      z: -0.006622584916922969
      w: 0.9999780704440564
navigation_time:
  sec: 0
  nanosec: 772000000
estimated_time_remaining:
  sec: 347
  nanosec: 378856428
number_of_recoveries: 0
distance_remaining: 19.766082763671875

Feedback:
    current_pose:
  header:
    stamp:
      sec: 829
      nanosec: 960000000
    frame_id: map
  pose:
    position:
      x: -13.006547500514131
      y: 0.007288249985823114
      z: 0.0
    orientation:
      x: 0.0
      y: 0.0
      z: -0.006622584916922969
      w: 0.9999780704440564
navigation_time:
  sec: 0
  nanosec: 772000000
estimated_time_remaining:
  sec: 347
  nanosec: 378856428
number_of_recoveries: 0
distance_remaining: 19.766082763671875

Feedback:
    current_pose:
  header:
    stamp:
      sec: 829
      nanosec: 960000000
    frame_id: map
  pose:
    position:
      x: -13.006547500514131
      y: 0.007288249985823114
      z: 0.0
    orientation:
      x: 0.0
      y: 0.0
      z: -0.006622584916922969
      w: 0.9999780704440564
navigation_time:
  sec: 0
  nanosec: 772000000
estimated_time_remaining:
  sec: 347
  nanosec: 378856428
number_of_recoveries: 0
distance_remaining: 19.766082763671875

Feedback:
    current_pose:
  header:
    stamp:
      sec: 829
      nanosec: 960000000
    frame_id: map
  pose:
    position:
      x: -13.006547500514131
      y: 0.007288249985823114
      z: 0.0
    orientation:
      x: 0.0
      y: 0.0
      z: -0.006622584916922969
      w: 0.9999780704440564
navigation_time:
  sec: 0
  nanosec: 776000000
estimated_time_remaining:
  sec: 347
  nanosec: 378856428
number_of_recoveries: 0
distance_remaining: 19.766082763671875

Feedback:
    current_pose:
  header:
    stamp:
      sec: 830
      nanosec: 0
    frame_id: map
  pose:
    position:
      x: -13.005323982554742
      y: 0.007272236884755756
      z: 0.0
    orientation:
      x: 0.0
      y: 0.0
      z: -0.006490463584702011
      w: 0.999978936719397
navigation_time:
  sec: 0
  nanosec: 800000000
estimated_time_remaining:
  sec: 361
  nanosec: 606430233
number_of_recoveries: 0
distance_remaining: 19.766082763671875

Feedback:
    current_pose:
  header:
    stamp:
      sec: 830
      nanosec: 0
    frame_id: map
  pose:
    position:
      x: -13.005323982554742
      y: 0.007272236884755756
      z: 0.0
    orientation:
      x: 0.0
      y: 0.0
      z: -0.006490463584702011
      w: 0.999978936719397
navigation_time:
  sec: 0
  nanosec: 800000000
estimated_time_remaining:
  sec: 361
  nanosec: 606430233
number_of_recoveries: 0
distance_remaining: 19.766082763671875

Feedback:
    current_pose:
  header:
    stamp:
      sec: 830
      nanosec: 0
    frame_id: map
  pose:
    position:
      x: -13.005323982554742
      y: 0.007272236884755756
      z: 0.0
    orientation:
      x: 0.0
      y: 0.0
      z: -0.006490463584702011
      w: 0.999978936719397
navigation_time:
  sec: 0
  nanosec: 800000000
estimated_time_remaining:
  sec: 361
  nanosec: 606430233
number_of_recoveries: 0
distance_remaining: 19.766082763671875

Feedback:
    current_pose:
  header:
    stamp:
      sec: 830
      nanosec: 0
    frame_id: map
  pose:
    position:
      x: -13.005323982554742
      y: 0.007272236884755756
      z: 0.0
    orientation:
      x: 0.0
      y: 0.0
      z: -0.006490463584702011
      w: 0.999978936719397
navigation_time:
  sec: 0
  nanosec: 800000000
estimated_time_remaining:
  sec: 361
  nanosec: 606430233
number_of_recoveries: 0
distance_remaining: 19.766082763671875

Feedback:
    current_pose:
  header:
    stamp:
      sec: 830
      nanosec: 0
    frame_id: map
  pose:
    position:
      x: -13.005323982554742
      y: 0.007272236884755756
      z: 0.0
    orientation:
      x: 0.0
      y: 0.0
      z: -0.006490463584702011
      w: 0.999978936719397
navigation_time:
  sec: 0
  nanosec: 800000000
estimated_time_remaining:
  sec: 361
  nanosec: 606430233
number_of_recoveries: 0
distance_remaining: 19.766082763671875

Feedback:
    current_pose:
  header:
    stamp:
      sec: 830
      nanosec: 20000000
    frame_id: map
  pose:
    position:
      x: -13.004712228762827
      y: 0.007264312790239202
      z: 0.0
    orientation:
      x: 0.0
      y: 0.0
      z: -0.006435126014139175
      w: 0.9999792943622293
navigation_time:
  sec: 0
  nanosec: 836000000
estimated_time_remaining:
  sec: 373
  nanosec: 787719114
number_of_recoveries: 0
distance_remaining: 19.766082763671875

Feedback:
    current_pose:
  header:
    stamp:
      sec: 830
      nanosec: 20000000
    frame_id: map
  pose:
    position:
      x: -13.004712228762827
      y: 0.007264312790239202
      z: 0.0
    orientation:
      x: 0.0
      y: 0.0
      z: -0.006435126014139175
      w: 0.9999792943622293
navigation_time:
  sec: 0
  nanosec: 840000000
estimated_time_remaining:
  sec: 373
  nanosec: 787719114
number_of_recoveries: 0
distance_remaining: 19.766082763671875

Feedback:
    current_pose:
  header:
    stamp:
      sec: 830
      nanosec: 20000000
    frame_id: map
  pose:
    position:
      x: -13.004712228762827
      y: 0.007264312790239202
      z: 0.0
    orientation:
      x: 0.0
      y: 0.0
      z: -0.006435126014139175
      w: 0.9999792943622293
navigation_time:
  sec: 0
  nanosec: 840000000
estimated_time_remaining:
  sec: 373
  nanosec: 787719114
number_of_recoveries: 0
distance_remaining: 19.766082763671875

Feedback:
    current_pose:
  header:
    stamp:
      sec: 830
      nanosec: 20000000
    frame_id: map
  pose:
    position:
      x: -13.004712228762827
      y: 0.007264312790239202
      z: 0.0
    orientation:
      x: 0.0
      y: 0.0
      z: -0.006435126014139175
      w: 0.9999792943622293
navigation_time:
  sec: 0
  nanosec: 840000000
estimated_time_remaining:
  sec: 373
  nanosec: 787719114
number_of_recoveries: 0
distance_remaining: 19.766082763671875

Feedback:
    current_pose:
  header:
    stamp:
      sec: 830
      nanosec: 20000000
    frame_id: map
  pose:
    position:
      x: -13.004712228762827
      y: 0.007264312790239202
      z: 0.0
    orientation:
      x: 0.0
      y: 0.0
      z: -0.006435126014139175
      w: 0.9999792943622293
navigation_time:
  sec: 0
  nanosec: 840000000
estimated_time_remaining:
  sec: 373
  nanosec: 787719114
number_of_recoveries: 0
distance_remaining: 19.766082763671875

Feedback:
    current_pose:
  header:
    stamp:
      sec: 830
      nanosec: 60000000
    frame_id: map
  pose:
    position:
      x: -13.003204420025043
      y: 0.007245521597534221
      z: 0.0
    orientation:
      x: 0.0
      y: 0.0
      z: -0.006057339309622241
      w: 0.999981654151959
navigation_time:
  sec: 0
  nanosec: 868000000
estimated_time_remaining:
  sec: 394
  nanosec: 723521695
number_of_recoveries: 0
distance_remaining: 19.766082763671875

Feedback:
    current_pose:
  header:
    stamp:
      sec: 830
      nanosec: 60000000
    frame_id: map
  pose:
    position:
      x: -13.003204420025043
      y: 0.007245521597534221
      z: 0.0
    orientation:
      x: 0.0
      y: 0.0
      z: -0.006057339309622241
      w: 0.999981654151959
navigation_time:
  sec: 0
  nanosec: 872000000
estimated_time_remaining:
  sec: 394
  nanosec: 723521695
number_of_recoveries: 0
distance_remaining: 19.766082763671875

Feedback:
    current_pose:
  header:
    stamp:
      sec: 830
      nanosec: 60000000
    frame_id: map
  pose:
    position:
      x: -13.003204420025043
      y: 0.007245521597534221
      z: 0.0
    orientation:
      x: 0.0
      y: 0.0
      z: -0.006057339309622241
      w: 0.999981654151959
navigation_time:
  sec: 0
  nanosec: 872000000
estimated_time_remaining:
  sec: 394
  nanosec: 723521695
number_of_recoveries: 0
distance_remaining: 19.766082763671875

Feedback:
    current_pose:
  header:
    stamp:
      sec: 830
      nanosec: 60000000
    frame_id: map
  pose:
    position:
      x: -13.003204420025043
      y: 0.007245521597534221
      z: 0.0
    orientation:
      x: 0.0
      y: 0.0
      z: -0.006057339309622241
      w: 0.999981654151959
navigation_time:
  sec: 0
  nanosec: 872000000
estimated_time_remaining:
  sec: 394
  nanosec: 723521695
number_of_recoveries: 0
distance_remaining: 19.766082763671875

Feedback:
    current_pose:
  header:
    stamp:
      sec: 830
      nanosec: 60000000
    frame_id: map
  pose:
    position:
      x: -13.003204420025043
      y: 0.007245521597534221
      z: 0.0
    orientation:
      x: 0.0
      y: 0.0
      z: -0.006057339309622241
      w: 0.999981654151959
navigation_time:
  sec: 0
  nanosec: 872000000
estimated_time_remaining:
  sec: 394
  nanosec: 723521695
number_of_recoveries: 0
distance_remaining: 19.766082763671875

Feedback:
    current_pose:
  header:
    stamp:
      sec: 830
      nanosec: 100000000
    frame_id: map
  pose:
    position:
      x: -13.001360007119473
      y: 0.007223481785286978
      z: 0.0
    orientation:
      x: 0.0
      y: 0.0
      z: -0.005916219714924956
      w: 0.999982499019
navigation_time:
  sec: 0
  nanosec: 904000000
estimated_time_remaining:
  sec: 403
  nanosec: 992095498
number_of_recoveries: 0
distance_remaining: 19.766082763671875

Feedback:
    current_pose:
  header:
    stamp:
      sec: 830
      nanosec: 100000000
    frame_id: map
  pose:
    position:
      x: -13.001360007119473
      y: 0.007223481785286978
      z: 0.0
    orientation:
      x: 0.0
      y: 0.0
      z: -0.005916219714924956
      w: 0.999982499019
navigation_time:
  sec: 0
  nanosec: 904000000
estimated_time_remaining:
  sec: 403
  nanosec: 992095498
number_of_recoveries: 0
distance_remaining: 19.766082763671875

Feedback:
    current_pose:
  header:
    stamp:
      sec: 830
      nanosec: 100000000
    frame_id: map
  pose:
    position:
      x: -13.001360007119473
      y: 0.007223481785286978
      z: 0.0
    orientation:
      x: 0.0
      y: 0.0
      z: -0.005916219714924956
      w: 0.999982499019
navigation_time:
  sec: 0
  nanosec: 904000000
estimated_time_remaining:
  sec: 403
  nanosec: 992095498
number_of_recoveries: 0
distance_remaining: 19.766082763671875

Feedback:
    current_pose:
  header:
    stamp:
      sec: 830
      nanosec: 100000000
    frame_id: map
  pose:
    position:
      x: -13.001360007119473
      y: 0.007223481785286978
      z: 0.0
    orientation:
      x: 0.0
      y: 0.0
      z: -0.005916219714924956
      w: 0.999982499019
navigation_time:
  sec: 0
  nanosec: 904000000
estimated_time_remaining:
  sec: 403
  nanosec: 992095498
number_of_recoveries: 0
distance_remaining: 19.766082763671875

Feedback:
    current_pose:
  header:
    stamp:
      sec: 830
      nanosec: 100000000
    frame_id: map
  pose:
    position:
      x: -13.001360007119473
      y: 0.007223481785286978
      z: 0.0
    orientation:
      x: 0.0
      y: 0.0
      z: -0.005916219714924956
      w: 0.999982499019
navigation_time:
  sec: 0
  nanosec: 908000000
estimated_time_remaining:
  sec: 403
  nanosec: 992095498
number_of_recoveries: 0
distance_remaining: 19.766082763671875

Feedback:
    current_pose:
  header:
    stamp:
      sec: 830
      nanosec: 120000000
    frame_id: map
  pose:
    position:
      x: -13.00055087051355
      y: 0.0072139323382920395
      z: 0.0
    orientation:
      x: 0.0
      y: 0.0
      z: -0.005885184612690025
      w: 0.9999826821510834
navigation_time:
  sec: 0
  nanosec: 932000000
estimated_time_remaining:
  sec: 412
  nanosec: 604696888
number_of_recoveries: 0
distance_remaining: 19.766082763671875

Feedback:
    current_pose:
  header:
    stamp:
      sec: 830
      nanosec: 120000000
    frame_id: map
  pose:
    position:
      x: -13.00055087051355
      y: 0.0072139323382920395
      z: 0.0
    orientation:
      x: 0.0
      y: 0.0
      z: -0.005885184612690025
      w: 0.9999826821510834
navigation_time:
  sec: 0
  nanosec: 932000000
estimated_time_remaining:
  sec: 412
  nanosec: 604696888
number_of_recoveries: 0
distance_remaining: 19.766082763671875

Feedback:
    current_pose:
  header:
    stamp:
      sec: 830
      nanosec: 120000000
    frame_id: map
  pose:
    position:
      x: -13.00055087051355
      y: 0.0072139323382920395
      z: 0.0
    orientation:
      x: 0.0
      y: 0.0
      z: -0.005885184612690025
      w: 0.9999826821510834
navigation_time:
  sec: 0
  nanosec: 932000000
estimated_time_remaining:
  sec: 412
  nanosec: 604696888
number_of_recoveries: 0
distance_remaining: 19.766082763671875

Feedback:
    current_pose:
  header:
    stamp:
      sec: 830
      nanosec: 140000000
    frame_id: map
  pose:
    position:
      x: -12.999982991992127
      y: 0.007207359842130501
      z: 0.0
    orientation:
      x: 0.0
      y: 0.0
      z: -0.005688005353255616
      w: 0.9999838231667058
navigation_time:
  sec: 0
  nanosec: 960000000
estimated_time_remaining:
  sec: 443
  nanosec: 626445569
number_of_recoveries: 0
distance_remaining: 19.766082763671875

Feedback:
    current_pose:
  header:
    stamp:
      sec: 830
      nanosec: 160000000
    frame_id: map
  pose:
    position:
      x: -12.999308419392364
      y: 0.007199835955052691
      z: 0.0
    orientation:
      x: 0.0
      y: 0.0
      z: -0.005476523560504211
      w: 0.9999850037324016
navigation_time:
  sec: 0
  nanosec: 972000000
estimated_time_remaining:
  sec: 443
  nanosec: 626445569
number_of_recoveries: 0
distance_remaining: 19.766082763671875

Feedback:
    current_pose:
  header:
    stamp:
      sec: 830
      nanosec: 160000000
    frame_id: map
  pose:
    position:
      x: -12.999308419392364
      y: 0.007199835955052691
      z: 0.0
    orientation:
      x: 0.0
      y: 0.0
      z: -0.005476523560504211
      w: 0.9999850037324016
navigation_time:
  sec: 0
  nanosec: 972000000
estimated_time_remaining:
  sec: 443
  nanosec: 626445569
number_of_recoveries: 0
distance_remaining: 19.766082763671875

Feedback:
    current_pose:
  header:
    stamp:
      sec: 830
      nanosec: 160000000
    frame_id: map
  pose:
    position:
      x: -12.999308419392364
      y: 0.007199835955052691
      z: 0.0
    orientation:
      x: 0.0
      y: 0.0
      z: -0.005476523560504211
      w: 0.9999850037324016
navigation_time:
  sec: 0
  nanosec: 972000000
estimated_time_remaining:
  sec: 443
  nanosec: 626445569
number_of_recoveries: 0
distance_remaining: 19.766082763671875

Feedback:
    current_pose:
  header:
    stamp:
      sec: 830
      nanosec: 160000000
    frame_id: map
  pose:
    position:
      x: -12.999308419392364
      y: 0.007199835955052691
      z: 0.0
    orientation:
      x: 0.0
      y: 0.0
      z: -0.005476523560504211
      w: 0.9999850037324016
navigation_time:
  sec: 0
  nanosec: 972000000
estimated_time_remaining:
  sec: 443
  nanosec: 626445569
number_of_recoveries: 0
distance_remaining: 19.766082763671875

Feedback:
    current_pose:
  header:
    stamp:
      sec: 830
      nanosec: 180000000
    frame_id: map
  pose:
    position:
      x: -12.99847380578673
      y: 0.007190888418362462
      z: 0.0
    orientation:
      x: 0.0
      y: 0.0
      z: -0.0052435880813715965
      w: 0.9999862522975169
navigation_time:
  sec: 1
  nanosec: 0
estimated_time_remaining:
  sec: 462
  nanosec: 334480349
number_of_recoveries: 0
distance_remaining: 19.766082763671875

Feedback:
    current_pose:
  header:
    stamp:
      sec: 830
      nanosec: 180000000
    frame_id: map
  pose:
    position:
      x: -12.99847380578673
      y: 0.007190888418362462
      z: 0.0
    orientation:
      x: 0.0
      y: 0.0
      z: -0.0052435880813715965
      w: 0.9999862522975169
navigation_time:
  sec: 1
  nanosec: 0
estimated_time_remaining:
  sec: 462
  nanosec: 334480349
number_of_recoveries: 0
distance_remaining: 19.766082763671875

Feedback:
    current_pose:
  header:
    stamp:
      sec: 830
      nanosec: 180000000
    frame_id: map
  pose:
    position:
      x: -12.99847380578673
      y: 0.007190888418362462
      z: 0.0
    orientation:
      x: 0.0
      y: 0.0
      z: -0.0052435880813715965
      w: 0.9999862522975169
navigation_time:
  sec: 1
  nanosec: 0
estimated_time_remaining:
  sec: 462
  nanosec: 334480349
number_of_recoveries: 0
distance_remaining: 19.766082763671875

Feedback:
    current_pose:
  header:
    stamp:
      sec: 830
      nanosec: 180000000
    frame_id: map
  pose:
    position:
      x: -12.99847380578673
      y: 0.007190888418362462
      z: 0.0
    orientation:
      x: 0.0
      y: 0.0
      z: -0.0052435880813715965
      w: 0.9999862522975169
navigation_time:
  sec: 1
  nanosec: 0
estimated_time_remaining:
  sec: 462
  nanosec: 334480349
number_of_recoveries: 0
distance_remaining: 19.766082763671875

Feedback:
    current_pose:
  header:
    stamp:
      sec: 830
      nanosec: 200000000
    frame_id: map
  pose:
    position:
      x: -12.997753358334606
      y: 0.007183486675005568
      z: 0.0
    orientation:
      x: 0.0
      y: 0.0
      z: -0.005000876169123952
      w: 0.9999874955405897
navigation_time:
  sec: 1
  nanosec: 20000000
estimated_time_remaining:
  sec: 479
  nanosec: 239302206
number_of_recoveries: 0
distance_remaining: 19.766082763671875

Feedback:
    current_pose:
  header:
    stamp:
      sec: 830
      nanosec: 220000000
    frame_id: map
  pose:
    position:
      x: -12.99720416307892
      y: 0.0071781349193962285
      z: 0.0
    orientation:
      x: 0.0
      y: 0.0
      z: -0.0047434997004467405
      w: 0.9999887495420096
navigation_time:
  sec: 1
  nanosec: 32000000
estimated_time_remaining:
  sec: 499
  nanosec: 762185490
number_of_recoveries: 0
distance_remaining: 19.766082763671875

Feedback:
    current_pose:
  header:
    stamp:
      sec: 830
      nanosec: 220000000
    frame_id: map
  pose:
    position:
      x: -12.99720416307892
      y: 0.0071781349193962285
      z: 0.0
    orientation:
      x: 0.0
      y: 0.0
      z: -0.0047434997004467405
      w: 0.9999887495420096
navigation_time:
  sec: 1
  nanosec: 36000000
estimated_time_remaining:
  sec: 499
  nanosec: 762185490
number_of_recoveries: 0
distance_remaining: 19.766082763671875

Feedback:
    current_pose:
  header:
    stamp:
      sec: 830
      nanosec: 220000000
    frame_id: map
  pose:
    position:
      x: -12.99720416307892
      y: 0.0071781349193962285
      z: 0.0
    orientation:
      x: 0.0
      y: 0.0
      z: -0.0047434997004467405
      w: 0.9999887495420096
navigation_time:
  sec: 1
  nanosec: 36000000
estimated_time_remaining:
  sec: 499
  nanosec: 762185490
number_of_recoveries: 0
distance_remaining: 19.766082763671875

Feedback:
    current_pose:
  header:
    stamp:
      sec: 830
      nanosec: 220000000
    frame_id: map
  pose:
    position:
      x: -12.99720416307892
      y: 0.0071781349193962285
      z: 0.0
    orientation:
      x: 0.0
      y: 0.0
      z: -0.0047434997004467405
      w: 0.9999887495420096
navigation_time:
  sec: 1
  nanosec: 36000000
estimated_time_remaining:
  sec: 499
  nanosec: 762185490
number_of_recoveries: 0
distance_remaining: 19.766082763671875

Feedback:
    current_pose:
  header:
    stamp:
      sec: 830
      nanosec: 220000000
    frame_id: map
  pose:
    position:
      x: -12.99720416307892
      y: 0.0071781349193962285
      z: 0.0
    orientation:
      x: 0.0
      y: 0.0
      z: -0.0047434997004467405
      w: 0.9999887495420096
navigation_time:
  sec: 1
  nanosec: 36000000
estimated_time_remaining:
  sec: 499
  nanosec: 762185490
number_of_recoveries: 0
distance_remaining: 19.766082763671875

Feedback:
    current_pose:
  header:
    stamp:
      sec: 830
      nanosec: 240000000
    frame_id: map
  pose:
    position:
      x: -12.996688351843503
      y: 0.007173297944571999
      z: 0.0
    orientation:
      x: 0.0
      y: 0.0
      z: -0.004669272871361152
      w: 0.9999890988860094
navigation_time:
  sec: 1
  nanosec: 48000000
estimated_time_remaining:
  sec: 524
  nanosec: 663350126
number_of_recoveries: 0
distance_remaining: 19.766082763671875

Feedback:
    current_pose:
  header:
    stamp:
      sec: 830
      nanosec: 260000000
    frame_id: map
  pose:
    position:
      x: -12.996204437453287
      y: 0.007168793252310124
      z: 0.0
    orientation:
      x: 0.0
      y: 0.0
      z: -0.00462435501665562
      w: 0.9999893076131763
navigation_time:
  sec: 1
  nanosec: 68000000
estimated_time_remaining:
  sec: 550
  nanosec: 461909471
number_of_recoveries: 0
distance_remaining: 19.766082763671875

Feedback:
    current_pose:
  header:
    stamp:
      sec: 830
      nanosec: 260000000
    frame_id: map
  pose:
    position:
      x: -12.996204437453287
      y: 0.007168793252310124
      z: 0.0
    orientation:
      x: 0.0
      y: 0.0
      z: -0.00462435501665562
      w: 0.9999893076131763
navigation_time:
  sec: 1
  nanosec: 68000000
estimated_time_remaining:
  sec: 550
  nanosec: 461909471
number_of_recoveries: 0
distance_remaining: 19.766082763671875

Feedback:
    current_pose:
  header:
    stamp:
      sec: 830
      nanosec: 260000000
    frame_id: map
  pose:
    position:
      x: -12.996204437453287
      y: 0.007168793252310124
      z: 0.0
    orientation:
      x: 0.0
      y: 0.0
      z: -0.00462435501665562
      w: 0.9999893076131763
navigation_time:
  sec: 1
  nanosec: 68000000
estimated_time_remaining:
  sec: 550
  nanosec: 461909471
number_of_recoveries: 0
distance_remaining: 19.766082763671875

Feedback:
    current_pose:
  header:
    stamp:
      sec: 830
      nanosec: 260000000
    frame_id: map
  pose:
    position:
      x: -12.996204437453287
      y: 0.007168793252310124
      z: 0.0
    orientation:
      x: 0.0
      y: 0.0
      z: -0.00462435501665562
      w: 0.9999893076131763
navigation_time:
  sec: 1
  nanosec: 72000000
estimated_time_remaining:
  sec: 550
  nanosec: 461909471
number_of_recoveries: 0
distance_remaining: 19.766082763671875

Feedback:
    current_pose:
  header:
    stamp:
      sec: 830
      nanosec: 300000000
    frame_id: map
  pose:
    position:
      x: -12.995370593670941
      y: 0.007161273348877728
      z: 0.0
    orientation:
      x: 0.0
      y: 0.0
      z: -0.004413046864879394
      w: 0.9999902624612744
navigation_time:
  sec: 1
  nanosec: 104000000
estimated_time_remaining:
  sec: 594
  nanosec: 273684790
number_of_recoveries: 0
distance_remaining: 19.766082763671875

Feedback:
    current_pose:
  header:
    stamp:
      sec: 830
      nanosec: 300000000
    frame_id: map
  pose:
    position:
      x: -12.995370593670941
      y: 0.007161273348877728
      z: 0.0
    orientation:
      x: 0.0
      y: 0.0
      z: -0.004413046864879394
      w: 0.9999902624612744
navigation_time:
  sec: 1
  nanosec: 104000000
estimated_time_remaining:
  sec: 594
  nanosec: 273684790
number_of_recoveries: 0
distance_remaining: 19.766082763671875

Feedback:
    current_pose:
  header:
    stamp:
      sec: 830
      nanosec: 300000000
    frame_id: map
  pose:
    position:
      x: -12.995370593670941
      y: 0.007161273348877728
      z: 0.0
    orientation:
      x: 0.0
      y: 0.0
      z: -0.004413046864879394
      w: 0.9999902624612744
navigation_time:
  sec: 1
  nanosec: 104000000
estimated_time_remaining:
  sec: 594
  nanosec: 273684790
number_of_recoveries: 0
distance_remaining: 19.766082763671875

Feedback:
    current_pose:
  header:
    stamp:
      sec: 830
      nanosec: 300000000
    frame_id: map
  pose:
    position:
      x: -12.995370593670941
      y: 0.007161273348877728
      z: 0.0
    orientation:
      x: 0.0
      y: 0.0
      z: -0.004413046864879394
      w: 0.9999902624612744
navigation_time:
  sec: 1
  nanosec: 104000000
estimated_time_remaining:
  sec: 594
  nanosec: 273684790
number_of_recoveries: 0
distance_remaining: 19.766082763671875

Feedback:
    current_pose:
  header:
    stamp:
      sec: 830
      nanosec: 300000000
    frame_id: map
  pose:
    position:
      x: -12.995370593670941
      y: 0.007161273348877728
      z: 0.0
    orientation:
      x: 0.0
      y: 0.0
      z: -0.004413046864879394
      w: 0.9999902624612744
navigation_time:
  sec: 1
  nanosec: 104000000
estimated_time_remaining:
  sec: 594
  nanosec: 273684790
number_of_recoveries: 0
distance_remaining: 19.766082763671875

Feedback:
    current_pose:
  header:
    stamp:
      sec: 830
      nanosec: 300000000
    frame_id: map
  pose:
    position:
      x: -12.995370593670941
      y: 0.007161273348877728
      z: 0.0
    orientation:
      x: 0.0
      y: 0.0
      z: -0.004413046864879394
      w: 0.9999902624612744
navigation_time:
  sec: 1
  nanosec: 120000000
estimated_time_remaining:
  sec: 594
  nanosec: 273684790
number_of_recoveries: 0
distance_remaining: 19.766082763671875

Feedback:
    current_pose:
  header:
    stamp:
      sec: 830
      nanosec: 320000000
    frame_id: map
  pose:
    position:
      x: -12.994844833698991
      y: 0.00715667746979598
      z: 0.0
    orientation:
      x: 0.0
      y: 0.0
      z: -0.004328104305196201
      w: 0.9999906337126979
navigation_time:
  sec: 1
  nanosec: 132000000
estimated_time_remaining:
  sec: 601
  nanosec: 441531673
number_of_recoveries: 0
distance_remaining: 19.766082763671875

Feedback:
    current_pose:
  header:
    stamp:
      sec: 830
      nanosec: 320000000
    frame_id: map
  pose:
    position:
      x: -12.994844833698991
      y: 0.00715667746979598
      z: 0.0
    orientation:
      x: 0.0
      y: 0.0
      z: -0.004328104305196201
      w: 0.9999906337126979
navigation_time:
  sec: 1
  nanosec: 132000000
estimated_time_remaining:
  sec: 601
  nanosec: 441531673
number_of_recoveries: 0
distance_remaining: 19.766082763671875

Feedback:
    current_pose:
  header:
    stamp:
      sec: 830
      nanosec: 320000000
    frame_id: map
  pose:
    position:
      x: -12.994844833698991
      y: 0.00715667746979598
      z: 0.0
    orientation:
      x: 0.0
      y: 0.0
      z: -0.004328104305196201
      w: 0.9999906337126979
navigation_time:
  sec: 1
  nanosec: 132000000
estimated_time_remaining:
  sec: 601
  nanosec: 441531673
number_of_recoveries: 0
distance_remaining: 19.766082763671875

Feedback:
    current_pose:
  header:
    stamp:
      sec: 830
      nanosec: 340000000
    frame_id: map
  pose:
    position:
      x: -12.994315748372557
      y: 0.007152151285152897
      z: 0.0
    orientation:
      x: 0.0
      y: 0.0
      z: -0.004222370288863129
      w: 0.99999108575484
navigation_time:
  sec: 1
  nanosec: 148000000
estimated_time_remaining:
  sec: 605
  nanosec: 947224491
number_of_recoveries: 0
distance_remaining: 19.766082763671875

Feedback:
    current_pose:
  header:
    stamp:
      sec: 830
      nanosec: 360000000
    frame_id: map
  pose:
    position:
      x: -12.993785830932026
      y: 0.007147734939579209
      z: 0.0
    orientation:
      x: 0.0
      y: 0.0
      z: -0.004111438356057347
      w: 0.999991548001604
navigation_time:
  sec: 1
  nanosec: 172000000
estimated_time_remaining:
  sec: 614
  nanosec: 174214246
number_of_recoveries: 0
distance_remaining: 19.766082763671875

Feedback:
    current_pose:
  header:
    stamp:
      sec: 830
      nanosec: 360000000
    frame_id: map
  pose:
    position:
      x: -12.993785830932026
      y: 0.007147734939579209
      z: 0.0
    orientation:
      x: 0.0
      y: 0.0
      z: -0.004111438356057347
      w: 0.999991548001604
navigation_time:
  sec: 1
  nanosec: 172000000
estimated_time_remaining:
  sec: 614
  nanosec: 174214246
number_of_recoveries: 0
distance_remaining: 19.766082763671875

Feedback:
    current_pose:
  header:
    stamp:
      sec: 830
      nanosec: 360000000
    frame_id: map
  pose:
    position:
      x: -12.993785830932026
      y: 0.007147734939579209
      z: 0.0
    orientation:
      x: 0.0
      y: 0.0
      z: -0.004111438356057347
      w: 0.999991548001604
navigation_time:
  sec: 1
  nanosec: 172000000
estimated_time_remaining:
  sec: 614
  nanosec: 174214246
number_of_recoveries: 0
distance_remaining: 19.766082763671875

Feedback:
    current_pose:
  header:
    stamp:
      sec: 830
      nanosec: 360000000
    frame_id: map
  pose:
    position:
      x: -12.993785830932026
      y: 0.007147734939579209
      z: 0.0
    orientation:
      x: 0.0
      y: 0.0
      z: -0.004111438356057347
      w: 0.999991548001604
navigation_time:
  sec: 1
  nanosec: 172000000
estimated_time_remaining:
  sec: 614
  nanosec: 174214246
number_of_recoveries: 0
distance_remaining: 19.766082763671875

Feedback:
    current_pose:
  header:
    stamp:
      sec: 830
      nanosec: 380000000
    frame_id: map
  pose:
    position:
      x: -12.99338565628237
      y: 0.007144459803027914
      z: 0.0
    orientation:
      x: 0.0
      y: 0.0
      z: -0.004123256955941318
      w: 0.9999914993399072
navigation_time:
  sec: 1
  nanosec: 184000000
estimated_time_remaining:
  sec: 631
  nanosec: 900540041
number_of_recoveries: 0
distance_remaining: 19.766082763671875

Feedback:
    current_pose:
  header:
    stamp:
      sec: 830
      nanosec: 380000000
    frame_id: map
  pose:
    position:
      x: -12.99338565628237
      y: 0.007144459803027914
      z: 0.0
    orientation:
      x: 0.0
      y: 0.0
      z: -0.004123256955941318
      w: 0.9999914993399072
navigation_time:
  sec: 1
  nanosec: 200000000
estimated_time_remaining:
  sec: 631
  nanosec: 900540041
number_of_recoveries: 0
distance_remaining: 19.766082763671875

Feedback:
    current_pose:
  header:
    stamp:
      sec: 830
      nanosec: 380000000
    frame_id: map
  pose:
    position:
      x: -12.99338565628237
      y: 0.007144459803027914
      z: 0.0
    orientation:
      x: 0.0
      y: 0.0
      z: -0.004123256955941318
      w: 0.9999914993399072
navigation_time:
  sec: 1
  nanosec: 200000000
estimated_time_remaining:
  sec: 631
  nanosec: 900540041
number_of_recoveries: 0
distance_remaining: 19.766082763671875

Feedback:
    current_pose:
  header:
    stamp:
      sec: 830
      nanosec: 380000000
    frame_id: map
  pose:
    position:
      x: -12.99338565628237
      y: 0.007144459803027914
      z: 0.0
    orientation:
      x: 0.0
      y: 0.0
      z: -0.004123256955941318
      w: 0.9999914993399072
navigation_time:
  sec: 1
  nanosec: 200000000
estimated_time_remaining:
  sec: 631
  nanosec: 900540041
number_of_recoveries: 0
distance_remaining: 19.766082763671875

Feedback:
    current_pose:
  header:
    stamp:
      sec: 830
      nanosec: 420000000
    frame_id: map
  pose:
    position:
      x: -12.992722471910497
      y: 0.007138875980864157
      z: 0.0
    orientation:
      x: 0.0
      y: 0.0
      z: -0.004273771769309401
      w: 0.9999908673957297
navigation_time:
  sec: 1
  nanosec: 228000000
estimated_time_remaining:
  sec: 711
  nanosec: 759092021
number_of_recoveries: 0
distance_remaining: 19.766082763671875

Feedback:
    current_pose:
  header:
    stamp:
      sec: 830
      nanosec: 420000000
    frame_id: map
  pose:
    position:
      x: -12.992722471910497
      y: 0.007138875980864157
      z: 0.0
    orientation:
      x: 0.0
      y: 0.0
      z: -0.004273771769309401
      w: 0.9999908673957297
navigation_time:
  sec: 1
  nanosec: 236000000
estimated_time_remaining:
  sec: 711
  nanosec: 759092021
number_of_recoveries: 0
distance_remaining: 19.766082763671875

Feedback:
    current_pose:
  header:
    stamp:
      sec: 830
      nanosec: 420000000
    frame_id: map
  pose:
    position:
      x: -12.992722471910497
      y: 0.007138875980864157
      z: 0.0
    orientation:
      x: 0.0
      y: 0.0
      z: -0.004273771769309401
      w: 0.9999908673957297
navigation_time:
  sec: 1
  nanosec: 236000000
estimated_time_remaining:
  sec: 711
  nanosec: 759092021
number_of_recoveries: 0
distance_remaining: 19.766082763671875

Feedback:
    current_pose:
  header:
    stamp:
      sec: 830
      nanosec: 420000000
    frame_id: map
  pose:
    position:
      x: -12.992722471910497
      y: 0.007138875980864157
      z: 0.0
    orientation:
      x: 0.0
      y: 0.0
      z: -0.004273771769309401
      w: 0.9999908673957297
navigation_time:
  sec: 1
  nanosec: 236000000
estimated_time_remaining:
  sec: 711
  nanosec: 759092021
number_of_recoveries: 0
distance_remaining: 19.766082763671875

Feedback:
    current_pose:
  header:
    stamp:
      sec: 830
      nanosec: 420000000
    frame_id: map
  pose:
    position:
      x: -12.992722471910497
      y: 0.007138875980864157
      z: 0.0
    orientation:
      x: 0.0
      y: 0.0
      z: -0.004273771769309401
      w: 0.9999908673957297
navigation_time:
  sec: 1
  nanosec: 236000000
estimated_time_remaining:
  sec: 711
  nanosec: 759092021
number_of_recoveries: 0
distance_remaining: 19.766082763671875

Feedback:
    current_pose:
  header:
    stamp:
      sec: 830
      nanosec: 440000000
    frame_id: map
  pose:
    position:
      x: -12.992227142792828
      y: 0.00713460187766124
      z: 0.0
    orientation:
      x: 0.0
      y: 0.0
      z: -0.004355127419824023
      w: 0.9999905163876089
navigation_time:
  sec: 1
  nanosec: 260000000
estimated_time_remaining:
  sec: 753
  nanosec: 244917344
number_of_recoveries: 0
distance_remaining: 19.766082763671875

Feedback:
    current_pose:
  header:
    stamp:
      sec: 830
      nanosec: 460000000
    frame_id: map
  pose:
    position:
      x: -12.991513079261964
      y: 0.007128297690465857
      z: 0.0
    orientation:
      x: 0.0
      y: 0.0
      z: -0.004473222802061749
      w: 0.9999899950888325
navigation_time:
  sec: 1
  nanosec: 268000000
estimated_time_remaining:
  sec: 753
  nanosec: 244917344
number_of_recoveries: 0
distance_remaining: 19.766082763671875

Feedback:
    current_pose:
  header:
    stamp:
      sec: 830
      nanosec: 460000000
    frame_id: map
  pose:
    position:
      x: -12.991513079261964
      y: 0.007128297690465857
      z: 0.0
    orientation:
      x: 0.0
      y: 0.0
      z: -0.004473222802061749
      w: 0.9999899950888325
navigation_time:
  sec: 1
  nanosec: 268000000
estimated_time_remaining:
  sec: 753
  nanosec: 244917344
number_of_recoveries: 0
distance_remaining: 19.766082763671875

Feedback:
    current_pose:
  header:
    stamp:
      sec: 830
      nanosec: 460000000
    frame_id: map
  pose:
    position:
      x: -12.991513079261964
      y: 0.007128297690465857
      z: 0.0
    orientation:
      x: 0.0
      y: 0.0
      z: -0.004473222802061749
      w: 0.9999899950888325
navigation_time:
  sec: 1
  nanosec: 268000000
estimated_time_remaining:
  sec: 753
  nanosec: 244917344
number_of_recoveries: 0
distance_remaining: 19.766082763671875

Feedback:
    current_pose:
  header:
    stamp:
      sec: 830
      nanosec: 460000000
    frame_id: map
  pose:
    position:
      x: -12.991513079261964
      y: 0.007128297690465857
      z: 0.0
    orientation:
      x: 0.0
      y: 0.0
      z: -0.004473222802061749
      w: 0.9999899950888325
navigation_time:
  sec: 1
  nanosec: 268000000
estimated_time_remaining:
  sec: 753
  nanosec: 244917344
number_of_recoveries: 0
distance_remaining: 19.766082763671875

Feedback:
    current_pose:
  header:
    stamp:
      sec: 830
      nanosec: 480000000
    frame_id: map
  pose:
    position:
      x: -12.990879715995789
      y: 0.007122559047022747
      z: 0.0
    orientation:
      x: 0.0
      y: 0.0
      z: -0.004606141107171891
      w: 0.999989391675782
navigation_time:
  sec: 1
  nanosec: 300000000
estimated_time_remaining:
  sec: 748
  nanosec: 567062717
number_of_recoveries: 0
distance_remaining: 19.766082763671875

Feedback:
    current_pose:
  header:
    stamp:
      sec: 830
      nanosec: 480000000
    frame_id: map
  pose:
    position:
      x: -12.990879715995789
      y: 0.007122559047022747
      z: 0.0
    orientation:
      x: 0.0
      y: 0.0
      z: -0.004606141107171891
      w: 0.999989391675782
navigation_time:
  sec: 1
  nanosec: 300000000
estimated_time_remaining:
  sec: 748
  nanosec: 567062717
number_of_recoveries: 0
distance_remaining: 19.766082763671875

Feedback:
    current_pose:
  header:
    stamp:
      sec: 830
      nanosec: 480000000
    frame_id: map
  pose:
    position:
      x: -12.990879715995789
      y: 0.007122559047022747
      z: 0.0
    orientation:
      x: 0.0
      y: 0.0
      z: -0.004606141107171891
      w: 0.999989391675782
navigation_time:
  sec: 1
  nanosec: 300000000
estimated_time_remaining:
  sec: 748
  nanosec: 567062717
number_of_recoveries: 0
distance_remaining: 19.766082763671875

Feedback:
    current_pose:
  header:
    stamp:
      sec: 830
      nanosec: 480000000
    frame_id: map
  pose:
    position:
      x: -12.990879715995789
      y: 0.007122559047022747
      z: 0.0
    orientation:
      x: 0.0
      y: 0.0
      z: -0.004606141107171891
      w: 0.999989391675782
navigation_time:
  sec: 1
  nanosec: 300000000
estimated_time_remaining:
  sec: 748
  nanosec: 567062717
number_of_recoveries: 0
distance_remaining: 19.766082763671875

Feedback:
    current_pose:
  header:
    stamp:
      sec: 830
      nanosec: 480000000
    frame_id: map
  pose:
    position:
      x: -12.990879715995789
      y: 0.007122559047022747
      z: 0.0
    orientation:
      x: 0.0
      y: 0.0
      z: -0.004606141107171891
      w: 0.999989391675782
navigation_time:
  sec: 1
  nanosec: 300000000
estimated_time_remaining:
  sec: 748
  nanosec: 567062717
number_of_recoveries: 0
distance_remaining: 19.766082763671875

Feedback:
    current_pose:
  header:
    stamp:
      sec: 830
      nanosec: 520000000
    frame_id: map
  pose:
    position:
      x: -12.990033771235801
      y: 0.007114537183893432
      z: 0.0
    orientation:
      x: 0.0
      y: 0.0
      z: -0.0049133188598609046
      w: 0.9999879295760431
navigation_time:
  sec: 1
  nanosec: 332000000
estimated_time_remaining:
  sec: 799
  nanosec: 304275450
number_of_recoveries: 0
distance_remaining: 19.766082763671875

Feedback:
    current_pose:
  header:
    stamp:
      sec: 830
      nanosec: 520000000
    frame_id: map
  pose:
    position:
      x: -12.990033771235801
      y: 0.007114537183893432
      z: 0.0
    orientation:
      x: 0.0
      y: 0.0
      z: -0.0049133188598609046
      w: 0.9999879295760431
navigation_time:
  sec: 1
  nanosec: 336000000
estimated_time_remaining:
  sec: 799
  nanosec: 304275450
number_of_recoveries: 0
distance_remaining: 19.766082763671875

Feedback:
    current_pose:
  header:
    stamp:
      sec: 830
      nanosec: 520000000
    frame_id: map
  pose:
    position:
      x: -12.990033771235801
      y: 0.007114537183893432
      z: 0.0
    orientation:
      x: 0.0
      y: 0.0
      z: -0.0049133188598609046
      w: 0.9999879295760431
navigation_time:
  sec: 1
  nanosec: 336000000
estimated_time_remaining:
  sec: 799
  nanosec: 304275450
number_of_recoveries: 0
distance_remaining: 19.766082763671875

Feedback:
    current_pose:
  header:
    stamp:
      sec: 830
      nanosec: 520000000
    frame_id: map
  pose:
    position:
      x: -12.990033771235801
      y: 0.007114537183893432
      z: 0.0
    orientation:
      x: 0.0
      y: 0.0
      z: -0.0049133188598609046
      w: 0.9999879295760431
navigation_time:
  sec: 1
  nanosec: 336000000
estimated_time_remaining:
  sec: 799
  nanosec: 304275450
number_of_recoveries: 0
distance_remaining: 19.766082763671875

Feedback:
    current_pose:
  header:
    stamp:
      sec: 830
      nanosec: 540000000
    frame_id: map
  pose:
    position:
      x: -12.989744811295665
      y: 0.007111653868410173
      z: 0.0
    orientation:
      x: 0.0
      y: 0.0
      z: -0.005064561901105187
      w: 0.9999871750241348
navigation_time:
  sec: 1
  nanosec: 344000000
estimated_time_remaining:
  sec: 833
  nanosec: 377659272
number_of_recoveries: 0
distance_remaining: 19.766082763671875

Feedback:
    current_pose:
  header:
    stamp:
      sec: 830
      nanosec: 560000000
    frame_id: map
  pose:
    position:
      x: -12.989628068773271
      y: 0.007110453034494313
      z: 0.0
    orientation:
      x: 0.0
      y: 0.0
      z: -0.005221204075522291
      w: 0.9999863694211045
navigation_time:
  sec: 1
  nanosec: 368000000
estimated_time_remaining:
  sec: 871
  nanosec: 219581443
number_of_recoveries: 0
distance_remaining: 19.766082763671875

Feedback:
    current_pose:
  header:
    stamp:
      sec: 830
      nanosec: 560000000
    frame_id: map
  pose:
    position:
      x: -12.989628068773271
      y: 0.007110453034494313
      z: 0.0
    orientation:
      x: 0.0
      y: 0.0
      z: -0.005221204075522291
      w: 0.9999863694211045
navigation_time:
  sec: 1
  nanosec: 368000000
estimated_time_remaining:
  sec: 871
  nanosec: 219581443
number_of_recoveries: 0
distance_remaining: 19.766082763671875

Feedback:
    current_pose:
  header:
    stamp:
      sec: 830
      nanosec: 560000000
    frame_id: map
  pose:
    position:
      x: -12.989628068773271
      y: 0.007110453034494313
      z: 0.0
    orientation:
      x: 0.0
      y: 0.0
      z: -0.005221204075522291
      w: 0.9999863694211045
navigation_time:
  sec: 1
  nanosec: 368000000
estimated_time_remaining:
  sec: 871
  nanosec: 219581443
number_of_recoveries: 0
distance_remaining: 19.766082763671875

Feedback:
    current_pose:
  header:
    stamp:
      sec: 830
      nanosec: 560000000
    frame_id: map
  pose:
    position:
      x: -12.989628068773271
      y: 0.007110453034494313
      z: 0.0
    orientation:
      x: 0.0
      y: 0.0
      z: -0.005221204075522291
      w: 0.9999863694211045
navigation_time:
  sec: 1
  nanosec: 368000000
estimated_time_remaining:
  sec: 871
  nanosec: 219581443
number_of_recoveries: 0
distance_remaining: 19.766082763671875

Feedback:
    current_pose:
  header:
    stamp:
      sec: 830
      nanosec: 580000000
    frame_id: map
  pose:
    position:
      x: -12.989516172964386
      y: 0.007109267983564038
      z: 0.0
    orientation:
      x: 0.0
      y: 0.0
      z: -0.005357259646720736
      w: 0.9999856497815744
navigation_time:
  sec: 1
  nanosec: 400000000
estimated_time_remaining:
  sec: 920
  nanosec: 81966894
number_of_recoveries: 0
distance_remaining: 19.766082763671875

Feedback:
    current_pose:
  header:
    stamp:
      sec: 830
      nanosec: 580000000
    frame_id: map
  pose:
    position:
      x: -12.989516172964386
      y: 0.007109267983564038
      z: 0.0
    orientation:
      x: 0.0
      y: 0.0
      z: -0.005357259646720736
      w: 0.9999856497815744
navigation_time:
  sec: 1
  nanosec: 400000000
estimated_time_remaining:
  sec: 920
  nanosec: 81966894
number_of_recoveries: 0
distance_remaining: 19.766082763671875

Feedback:
    current_pose:
  header:
    stamp:
      sec: 830
      nanosec: 580000000
    frame_id: map
  pose:
    position:
      x: -12.989516172964386
      y: 0.007109267983564038
      z: 0.0
    orientation:
      x: 0.0
      y: 0.0
      z: -0.005357259646720736
      w: 0.9999856497815744
navigation_time:
  sec: 1
  nanosec: 400000000
estimated_time_remaining:
  sec: 920
  nanosec: 81966894
number_of_recoveries: 0
distance_remaining: 19.766082763671875

Feedback:
    current_pose:
  header:
    stamp:
      sec: 830
      nanosec: 580000000
    frame_id: map
  pose:
    position:
      x: -12.989516172964386
      y: 0.007109267983564038
      z: 0.0
    orientation:
      x: 0.0
      y: 0.0
      z: -0.005357259646720736
      w: 0.9999856497815744
navigation_time:
  sec: 1
  nanosec: 400000000
estimated_time_remaining:
  sec: 920
  nanosec: 81966894
number_of_recoveries: 0
distance_remaining: 19.766082763671875

Feedback:
    current_pose:
  header:
    stamp:
      sec: 830
      nanosec: 580000000
    frame_id: map
  pose:
    position:
      x: -12.989516172964386
      y: 0.007109267983564038
      z: 0.0
    orientation:
      x: 0.0
      y: 0.0
      z: -0.005357259646720736
      w: 0.9999856497815744
navigation_time:
  sec: 1
  nanosec: 400000000
estimated_time_remaining:
  sec: 920
  nanosec: 81966894
number_of_recoveries: 0
distance_remaining: 19.766082763671875

Feedback:
    current_pose:
  header:
    stamp:
      sec: 830
      nanosec: 600000000
    frame_id: map
  pose:
    position:
      x: -12.989423662699508
      y: 0.0071082717685335695
      z: 0.0
    orientation:
      x: 0.0
      y: 0.0
      z: -0.005410969211718605
      w: 0.9999853605989388
navigation_time:
  sec: 1
  nanosec: 420000000
estimated_time_remaining:
  sec: 1017
  nanosec: 924504244
number_of_recoveries: 0
distance_remaining: 19.766082763671875

Feedback:
    current_pose:
  header:
    stamp:
      sec: 830
      nanosec: 620000000
    frame_id: map
  pose:
    position:
      x: -12.989334617674245
      y: 0.007107303022047873
      z: 0.0
    orientation:
      x: 0.0
      y: 0.0
      z: -0.005493277368448012
      w: 0.9999849118380504
navigation_time:
  sec: 1
  nanosec: 432000000
estimated_time_remaining:
  sec: 1017
  nanosec: 924504244
number_of_recoveries: 0
distance_remaining: 19.766082763671875

Feedback:
    current_pose:
  header:
    stamp:
      sec: 830
      nanosec: 620000000
    frame_id: map
  pose:
    position:
      x: -12.989334617674245
      y: 0.007107303022047873
      z: 0.0
    orientation:
      x: 0.0
      y: 0.0
      z: -0.005493277368448012
      w: 0.9999849118380504
navigation_time:
  sec: 1
  nanosec: 432000000
estimated_time_remaining:
  sec: 1017
  nanosec: 924504244
number_of_recoveries: 0
distance_remaining: 19.766082763671875

Feedback:
    current_pose:
  header:
    stamp:
      sec: 830
      nanosec: 620000000
    frame_id: map
  pose:
    position:
      x: -12.989334617674245
      y: 0.007107303022047873
      z: 0.0
    orientation:
      x: 0.0
      y: 0.0
      z: -0.005493277368448012
      w: 0.9999849118380504
navigation_time:
  sec: 1
  nanosec: 432000000
estimated_time_remaining:
  sec: 1017
  nanosec: 924504244
number_of_recoveries: 0
distance_remaining: 19.766082763671875

Feedback:
    current_pose:
  header:
    stamp:
      sec: 830
      nanosec: 660000000
    frame_id: map
  pose:
    position:
      x: -12.989059463499743
      y: 0.007104126881451123
      z: 0.0
    orientation:
      x: 0.0
      y: 0.0
      z: -0.005947745156901498
      w: 0.9999823120073417
navigation_time:
  sec: 1
  nanosec: 464000000
estimated_time_remaining:
  sec: 1166
  nanosec: 771564526
number_of_recoveries: 0
distance_remaining: 19.766082763671875

Feedback:
    current_pose:
  header:
    stamp:
      sec: 830
      nanosec: 660000000
    frame_id: map
  pose:
    position:
      x: -12.989059463499743
      y: 0.007104126881451123
      z: 0.0
    orientation:
      x: 0.0
      y: 0.0
      z: -0.005947745156901498
      w: 0.9999823120073417
navigation_time:
  sec: 1
  nanosec: 464000000
estimated_time_remaining:
  sec: 1166
  nanosec: 771564526
number_of_recoveries: 0
distance_remaining: 19.766082763671875

Feedback:
    current_pose:
  header:
    stamp:
      sec: 830
      nanosec: 660000000
    frame_id: map
  pose:
    position:
      x: -12.989059463499743
      y: 0.007104126881451123
      z: 0.0
    orientation:
      x: 0.0
      y: 0.0
      z: -0.005947745156901498
      w: 0.9999823120073417
navigation_time:
  sec: 1
  nanosec: 464000000
estimated_time_remaining:
  sec: 1166
  nanosec: 771564526
number_of_recoveries: 0
distance_remaining: 19.766082763671875

Feedback:
    current_pose:
  header:
    stamp:
      sec: 830
      nanosec: 660000000
    frame_id: map
  pose:
    position:
      x: -12.989059463499743
      y: 0.007104126881451123
      z: 0.0
    orientation:
      x: 0.0
      y: 0.0
      z: -0.005947745156901498
      w: 0.9999823120073417
navigation_time:
  sec: 1
  nanosec: 464000000
estimated_time_remaining:
  sec: 1166
  nanosec: 771564526
number_of_recoveries: 0
distance_remaining: 19.766082763671875

Feedback:
    current_pose:
  header:
    stamp:
      sec: 830
      nanosec: 660000000
    frame_id: map
  pose:
    position:
      x: -12.989059463499743
      y: 0.007104126881451123
      z: 0.0
    orientation:
      x: 0.0
      y: 0.0
      z: -0.005947745156901498
      w: 0.9999823120073417
navigation_time:
  sec: 1
  nanosec: 468000000
estimated_time_remaining:
  sec: 1166
  nanosec: 771564526
number_of_recoveries: 0
distance_remaining: 19.766082763671875

Feedback:
    current_pose:
  header:
    stamp:
      sec: 830
      nanosec: 700000000
    frame_id: map
  pose:
    position:
      x: -12.988452330183648
      y: 0.007096516770900507
      z: 0.0
    orientation:
      x: 0.0
      y: 0.0
      z: -0.006582805778628271
      w: 0.9999783330993132
navigation_time:
  sec: 1
  nanosec: 504000000
estimated_time_remaining:
  sec: 1272
  nanosec: 241177251
number_of_recoveries: 0
distance_remaining: 19.766082763671875

Feedback:
    current_pose:
  header:
    stamp:
      sec: 830
      nanosec: 700000000
    frame_id: map
  pose:
    position:
      x: -12.988452330183648
      y: 0.007096516770900507
      z: 0.0
    orientation:
      x: 0.0
      y: 0.0
      z: -0.006582805778628271
      w: 0.9999783330993132
navigation_time:
  sec: 1
  nanosec: 504000000
estimated_time_remaining:
  sec: 1272
  nanosec: 241177251
number_of_recoveries: 0
distance_remaining: 19.766082763671875

Feedback:
    current_pose:
  header:
    stamp:
      sec: 830
      nanosec: 700000000
    frame_id: map
  pose:
    position:
      x: -12.988452330183648
      y: 0.007096516770900507
      z: 0.0
    orientation:
      x: 0.0
      y: 0.0
      z: -0.006582805778628271
      w: 0.9999783330993132
navigation_time:
  sec: 1
  nanosec: 504000000
estimated_time_remaining:
  sec: 1272
  nanosec: 241177251
number_of_recoveries: 0
distance_remaining: 19.766082763671875

Feedback:
    current_pose:
  header:
    stamp:
      sec: 830
      nanosec: 700000000
    frame_id: map
  pose:
    position:
      x: -12.988452330183648
      y: 0.007096516770900507
      z: 0.0
    orientation:
      x: 0.0
      y: 0.0
      z: -0.006582805778628271
      w: 0.9999783330993132
navigation_time:
  sec: 1
  nanosec: 504000000
estimated_time_remaining:
  sec: 1272
  nanosec: 241177251
number_of_recoveries: 0
distance_remaining: 19.766082763671875

Feedback:
    current_pose:
  header:
    stamp:
      sec: 830
      nanosec: 700000000
    frame_id: map
  pose:
    position:
      x: -12.988452330183648
      y: 0.007096516770900507
      z: 0.0
    orientation:
      x: 0.0
      y: 0.0
      z: -0.006582805778628271
      w: 0.9999783330993132
navigation_time:
  sec: 1
  nanosec: 504000000
estimated_time_remaining:
  sec: 1272
  nanosec: 241177251
number_of_recoveries: 0
distance_remaining: 19.766082763671875

Feedback:
    current_pose:
  header:
    stamp:
      sec: 830
      nanosec: 720000000
    frame_id: map
  pose:
    position:
      x: -12.988101147135666
      y: 0.007091765778314496
      z: 0.0
    orientation:
      x: 0.0
      y: 0.0
      z: -0.006944801835718633
      w: 0.9999758845729544
navigation_time:
  sec: 1
  nanosec: 540000000
estimated_time_remaining:
  sec: 1277
  nanosec: 207174913
number_of_recoveries: 0
distance_remaining: 19.766082763671875

Feedback:
    current_pose:
  header:
    stamp:
      sec: 830
      nanosec: 720000000
    frame_id: map
  pose:
    position:
      x: -12.988101147135666
      y: 0.007091765778314496
      z: 0.0
    orientation:
      x: 0.0
      y: 0.0
      z: -0.006944801835718633
      w: 0.9999758845729544
navigation_time:
  sec: 1
  nanosec: 540000000
estimated_time_remaining:
  sec: 1277
  nanosec: 207174913
number_of_recoveries: 0
distance_remaining: 19.766082763671875

Feedback:
    current_pose:
  header:
    stamp:
      sec: 830
      nanosec: 720000000
    frame_id: map
  pose:
    position:
      x: -12.988101147135666
      y: 0.007091765778314496
      z: 0.0
    orientation:
      x: 0.0
      y: 0.0
      z: -0.006944801835718633
      w: 0.9999758845729544
navigation_time:
  sec: 1
  nanosec: 540000000
estimated_time_remaining:
  sec: 1277
  nanosec: 207174913
number_of_recoveries: 0
distance_remaining: 19.766082763671875

Feedback:
    current_pose:
  header:
    stamp:
      sec: 830
      nanosec: 720000000
    frame_id: map
  pose:
    position:
      x: -12.988101147135666
      y: 0.007091765778314496
      z: 0.0
    orientation:
      x: 0.0
      y: 0.0
      z: -0.006944801835718633
      w: 0.9999758845729544
navigation_time:
  sec: 1
  nanosec: 540000000
estimated_time_remaining:
  sec: 1277
  nanosec: 207174913
number_of_recoveries: 0
distance_remaining: 19.766082763671875

Feedback:
    current_pose:
  header:
    stamp:
      sec: 830
      nanosec: 740000000
    frame_id: map
  pose:
    position:
      x: -12.987779741241127
      y: 0.007087200260999182
      z: 0.0
    orientation:
      x: 0.0
      y: 0.0
      z: -0.007245643027874199
      w: 0.9999737499840247
navigation_time:
  sec: 1
  nanosec: 556000000
estimated_time_remaining:
  sec: 1275
  nanosec: 990318755
number_of_recoveries: 0
distance_remaining: 19.766082763671875

Feedback:
    current_pose:
  header:
    stamp:
      sec: 830
      nanosec: 760000000
    frame_id: map
  pose:
    position:
      x: -12.987478186978876
      y: 0.007082751563268985
      z: 0.0
    orientation:
      x: 0.0
      y: 0.0
      z: -0.007505714282504102
      w: 0.9999718317298291
navigation_time:
  sec: 1
  nanosec: 568000000
estimated_time_remaining:
  sec: 1305
  nanosec: 195727478
number_of_recoveries: 0
distance_remaining: 19.766082763671875

Feedback:
    current_pose:
  header:
    stamp:
      sec: 830
      nanosec: 760000000
    frame_id: map
  pose:
    position:
      x: -12.987478186978876
      y: 0.007082751563268985
      z: 0.0
    orientation:
      x: 0.0
      y: 0.0
      z: -0.007505714282504102
      w: 0.9999718317298291
navigation_time:
  sec: 1
  nanosec: 568000000
estimated_time_remaining:
  sec: 1305
  nanosec: 195727478
number_of_recoveries: 0
distance_remaining: 19.766082763671875

Feedback:
    current_pose:
  header:
    stamp:
      sec: 830
      nanosec: 760000000
    frame_id: map
  pose:
    position:
      x: -12.987478186978876
      y: 0.007082751563268985
      z: 0.0
    orientation:
      x: 0.0
      y: 0.0
      z: -0.007505714282504102
      w: 0.9999718317298291
navigation_time:
  sec: 1
  nanosec: 568000000
estimated_time_remaining:
  sec: 1305
  nanosec: 195727478
number_of_recoveries: 0
distance_remaining: 19.766082763671875

Feedback:
    current_pose:
  header:
    stamp:
      sec: 830
      nanosec: 760000000
    frame_id: map
  pose:
    position:
      x: -12.987478186978876
      y: 0.007082751563268985
      z: 0.0
    orientation:
      x: 0.0
      y: 0.0
      z: -0.007505714282504102
      w: 0.9999718317298291
navigation_time:
  sec: 1
  nanosec: 568000000
estimated_time_remaining:
  sec: 1305
  nanosec: 195727478
number_of_recoveries: 0
distance_remaining: 19.766082763671875

Feedback:
    current_pose:
  header:
    stamp:
      sec: 830
      nanosec: 780000000
    frame_id: map
  pose:
    position:
      x: -12.987203258742227
      y: 0.007078528861697464
      z: 0.0
    orientation:
      x: 0.0
      y: 0.0
      z: -0.007882953296775878
      w: 0.9999689290409582
navigation_time:
  sec: 1
  nanosec: 600000000
estimated_time_remaining:
  sec: 1396
  nanosec: 377251609
number_of_recoveries: 0
distance_remaining: 19.766082763671875

Feedback:
    current_pose:
  header:
    stamp:
      sec: 830
      nanosec: 780000000
    frame_id: map
  pose:
    position:
      x: -12.987203258742227
      y: 0.007078528861697464
      z: 0.0
    orientation:
      x: 0.0
      y: 0.0
      z: -0.007882953296775878
      w: 0.9999689290409582
navigation_time:
  sec: 1
  nanosec: 600000000
estimated_time_remaining:
  sec: 1396
  nanosec: 377251609
number_of_recoveries: 0
distance_remaining: 19.766082763671875

Feedback:
    current_pose:
  header:
    stamp:
      sec: 830
      nanosec: 780000000
    frame_id: map
  pose:
    position:
      x: -12.987203258742227
      y: 0.007078528861697464
      z: 0.0
    orientation:
      x: 0.0
      y: 0.0
      z: -0.007882953296775878
      w: 0.9999689290409582
navigation_time:
  sec: 1
  nanosec: 600000000
estimated_time_remaining:
  sec: 1396
  nanosec: 377251609
number_of_recoveries: 0
distance_remaining: 19.766082763671875

Feedback:
    current_pose:
  header:
    stamp:
      sec: 830
      nanosec: 780000000
    frame_id: map
  pose:
    position:
      x: -12.987203258742227
      y: 0.007078528861697464
      z: 0.0
    orientation:
      x: 0.0
      y: 0.0
      z: -0.007882953296775878
      w: 0.9999689290409582
navigation_time:
  sec: 1
  nanosec: 600000000
estimated_time_remaining:
  sec: 1396
  nanosec: 377251609
number_of_recoveries: 0
distance_remaining: 19.766082763671875

Feedback:
    current_pose:
  header:
    stamp:
      sec: 830
      nanosec: 820000000
    frame_id: map
  pose:
    position:
      x: -12.986682641245693
      y: 0.007069908720637841
      z: 0.0
    orientation:
      x: 0.0
      y: 0.0
      z: -0.008673922504073117
      w: 0.9999623808265956
navigation_time:
  sec: 1
  nanosec: 624000000
estimated_time_remaining:
  sec: 1657
  nanosec: 942863079
number_of_recoveries: 0
distance_remaining: 19.766082763671875

Feedback:
    current_pose:
  header:
    stamp:
      sec: 830
      nanosec: 820000000
    frame_id: map
  pose:
    position:
      x: -12.986682641245693
      y: 0.007069908720637841
      z: 0.0
    orientation:
      x: 0.0
      y: 0.0
      z: -0.008673922504073117
      w: 0.9999623808265956
navigation_time:
  sec: 1
  nanosec: 624000000
estimated_time_remaining:
  sec: 1657
  nanosec: 942863079
number_of_recoveries: 0
distance_remaining: 19.766082763671875

Feedback:
    current_pose:
  header:
    stamp:
      sec: 830
      nanosec: 820000000
    frame_id: map
  pose:
    position:
      x: -12.986682641245693
      y: 0.007069908720637841
      z: 0.0
    orientation:
      x: 0.0
      y: 0.0
      z: -0.008673922504073117
      w: 0.9999623808265956
navigation_time:
  sec: 1
  nanosec: 624000000
estimated_time_remaining:
  sec: 1657
  nanosec: 942863079
number_of_recoveries: 0
distance_remaining: 19.766082763671875

Feedback:
    current_pose:
  header:
    stamp:
      sec: 830
      nanosec: 820000000
    frame_id: map
  pose:
    position:
      x: -12.986682641245693
      y: 0.007069908720637841
      z: 0.0
    orientation:
      x: 0.0
      y: 0.0
      z: -0.008673922504073117
      w: 0.9999623808265956
navigation_time:
  sec: 1
  nanosec: 640000000
estimated_time_remaining:
  sec: 1657
  nanosec: 942863079
number_of_recoveries: 0
distance_remaining: 19.766082763671875

Feedback:
    current_pose:
  header:
    stamp:
      sec: 830
      nanosec: 860000000
    frame_id: map
  pose:
    position:
      x: -12.98615044126349
      y: 0.007060220439521814
      z: 0.0
    orientation:
      x: 0.0
      y: 0.0
      z: -0.009545246756171303
      w: 0.999954443094466
navigation_time:
  sec: 1
  nanosec: 668000000
estimated_time_remaining:
  sec: 1771
  nanosec: 736907465
number_of_recoveries: 0
distance_remaining: 19.766082763671875

Feedback:
    current_pose:
  header:
    stamp:
      sec: 830
      nanosec: 860000000
    frame_id: map
  pose:
    position:
      x: -12.98615044126349
      y: 0.007060220439521814
      z: 0.0
    orientation:
      x: 0.0
      y: 0.0
      z: -0.009545246756171303
      w: 0.999954443094466
navigation_time:
  sec: 1
  nanosec: 668000000
estimated_time_remaining:
  sec: 1771
  nanosec: 736907465
number_of_recoveries: 0
distance_remaining: 19.766082763671875

Feedback:
    current_pose:
  header:
    stamp:
      sec: 830
      nanosec: 860000000
    frame_id: map
  pose:
    position:
      x: -12.98615044126349
      y: 0.007060220439521814
      z: 0.0
    orientation:
      x: 0.0
      y: 0.0
      z: -0.009545246756171303
      w: 0.999954443094466
navigation_time:
  sec: 1
  nanosec: 668000000
estimated_time_remaining:
  sec: 1771
  nanosec: 736907465
number_of_recoveries: 0
distance_remaining: 19.766082763671875

Feedback:
    current_pose:
  header:
    stamp:
      sec: 830
      nanosec: 860000000
    frame_id: map
  pose:
    position:
      x: -12.98615044126349
      y: 0.007060220439521814
      z: 0.0
    orientation:
      x: 0.0
      y: 0.0
      z: -0.009545246756171303
      w: 0.999954443094466
navigation_time:
  sec: 1
  nanosec: 668000000
estimated_time_remaining:
  sec: 1771
  nanosec: 736907465
number_of_recoveries: 0
distance_remaining: 19.766082763671875

Feedback:
    current_pose:
  header:
    stamp:
      sec: 830
      nanosec: 860000000
    frame_id: map
  pose:
    position:
      x: -12.98615044126349
      y: 0.007060220439521814
      z: 0.0
    orientation:
      x: 0.0
      y: 0.0
      z: -0.009545246756171303
      w: 0.999954443094466
navigation_time:
  sec: 1
  nanosec: 668000000
estimated_time_remaining:
  sec: 1771
  nanosec: 736907465
number_of_recoveries: 0
distance_remaining: 19.766082763671875

Feedback:
    current_pose:
  header:
    stamp:
      sec: 830
      nanosec: 880000000
    frame_id: map
  pose:
    position:
      x: -12.98587867141427
      y: 0.007054908449276809
      z: 0.0
    orientation:
      x: 0.0
      y: 0.0
      z: -0.00997929993782401
      w: 0.9999502055466317
navigation_time:
  sec: 1
  nanosec: 696000000
estimated_time_remaining:
  sec: 1735
  nanosec: 912933179
number_of_recoveries: 0
distance_remaining: 19.766082763671875

Feedback:
    current_pose:
  header:
    stamp:
      sec: 830
      nanosec: 880000000
    frame_id: map
  pose:
    position:
      x: -12.98587867141427
      y: 0.007054908449276809
      z: 0.0
    orientation:
      x: 0.0
      y: 0.0
      z: -0.00997929993782401
      w: 0.9999502055466317
navigation_time:
  sec: 1
  nanosec: 696000000
estimated_time_remaining:
  sec: 1735
  nanosec: 912933179
number_of_recoveries: 0
distance_remaining: 19.766082763671875

Feedback:
    current_pose:
  header:
    stamp:
      sec: 830
      nanosec: 880000000
    frame_id: map
  pose:
    position:
      x: -12.98587867141427
      y: 0.007054908449276809
      z: 0.0
    orientation:
      x: 0.0
      y: 0.0
      z: -0.00997929993782401
      w: 0.9999502055466317
navigation_time:
  sec: 1
  nanosec: 696000000
estimated_time_remaining:
  sec: 1735
  nanosec: 912933179
number_of_recoveries: 0
distance_remaining: 19.766082763671875

Feedback:
    current_pose:
  header:
    stamp:
      sec: 830
      nanosec: 880000000
    frame_id: map
  pose:
    position:
      x: -12.98587867141427
      y: 0.007054908449276809
      z: 0.0
    orientation:
      x: 0.0
      y: 0.0
      z: -0.00997929993782401
      w: 0.9999502055466317
navigation_time:
  sec: 1
  nanosec: 696000000
estimated_time_remaining:
  sec: 1735
  nanosec: 912933179
number_of_recoveries: 0
distance_remaining: 19.766082763671875

Feedback:
    current_pose:
  header:
    stamp:
      sec: 830
      nanosec: 920000000
    frame_id: map
  pose:
    position:
      x: -12.985303720655367
      y: 0.0070430214314054496
      z: 0.0
    orientation:
      x: 0.0
      y: 0.0
      z: -0.010666776825591834
      w: 0.9999431083177448
navigation_time:
  sec: 1
  nanosec: 724000000
estimated_time_remaining:
  sec: 1577
  nanosec: 771335468
number_of_recoveries: 0
distance_remaining: 19.766082763671875

Feedback:
    current_pose:
  header:
    stamp:
      sec: 830
      nanosec: 920000000
    frame_id: map
  pose:
    position:
      x: -12.985303720655367
      y: 0.0070430214314054496
      z: 0.0
    orientation:
      x: 0.0
      y: 0.0
      z: -0.010666776825591834
      w: 0.9999431083177448
navigation_time:
  sec: 1
  nanosec: 724000000
estimated_time_remaining:
  sec: 1577
  nanosec: 771335468
number_of_recoveries: 0
distance_remaining: 19.766082763671875

Feedback:
    current_pose:
  header:
    stamp:
      sec: 830
      nanosec: 920000000
    frame_id: map
  pose:
    position:
      x: -12.985303720655367
      y: 0.0070430214314054496
      z: 0.0
    orientation:
      x: 0.0
      y: 0.0
      z: -0.010666776825591834
      w: 0.9999431083177448
navigation_time:
  sec: 1
  nanosec: 724000000
estimated_time_remaining:
  sec: 1577
  nanosec: 771335468
number_of_recoveries: 0
distance_remaining: 19.766082763671875

Feedback:
    current_pose:
  header:
    stamp:
      sec: 830
      nanosec: 920000000
    frame_id: map
  pose:
    position:
      x: -12.985303720655367
      y: 0.0070430214314054496
      z: 0.0
    orientation:
      x: 0.0
      y: 0.0
      z: -0.010666776825591834
      w: 0.9999431083177448
navigation_time:
  sec: 1
  nanosec: 724000000
estimated_time_remaining:
  sec: 1577
  nanosec: 771335468
number_of_recoveries: 0
distance_remaining: 19.766082763671875

Feedback:
    current_pose:
  header:
    stamp:
      sec: 830
      nanosec: 940000000
    frame_id: map
  pose:
    position:
      x: -12.984949899977408
      y: 0.007035344646515895
      z: 0.0
    orientation:
      x: 0.0
      y: 0.0
      z: -0.011026217544591377
      w: 0.9999392094155822
navigation_time:
  sec: 1
  nanosec: 760000000
estimated_time_remaining:
  sec: 1483
  nanosec: 721694367
number_of_recoveries: 0
distance_remaining: 19.766082763671875

Feedback:
    current_pose:
  header:
    stamp:
      sec: 830
      nanosec: 940000000
    frame_id: map
  pose:
    position:
      x: -12.984949899977408
      y: 0.007035344646515895
      z: 0.0
    orientation:
      x: 0.0
      y: 0.0
      z: -0.011026217544591377
      w: 0.9999392094155822
navigation_time:
  sec: 1
  nanosec: 760000000
estimated_time_remaining:
  sec: 1483
  nanosec: 721694367
number_of_recoveries: 0
distance_remaining: 19.766082763671875

Feedback:
    current_pose:
  header:
    stamp:
      sec: 830
      nanosec: 940000000
    frame_id: map
  pose:
    position:
      x: -12.984949899977408
      y: 0.007035344646515895
      z: 0.0
    orientation:
      x: 0.0
      y: 0.0
      z: -0.011026217544591377
      w: 0.9999392094155822
navigation_time:
  sec: 1
  nanosec: 760000000
estimated_time_remaining:
  sec: 1483
  nanosec: 721694367
number_of_recoveries: 0
distance_remaining: 19.766082763671875

Feedback:
    current_pose:
  header:
    stamp:
      sec: 830
      nanosec: 980000000
    frame_id: map
  pose:
    position:
      x: -12.98385932645705
      y: 0.007010538207037342
      z: 0.0
    orientation:
      x: 0.0
      y: 0.0
      z: -0.011653190071175015
      w: 0.9999320992753284
navigation_time:
  sec: 1
  nanosec: 784000000
estimated_time_remaining:
  sec: 1248
  nanosec: 900645401
number_of_recoveries: 0
distance_remaining: 19.766082763671875

Feedback:
    current_pose:
  header:
    stamp:
      sec: 830
      nanosec: 980000000
    frame_id: map
  pose:
    position:
      x: -12.98385932645705
      y: 0.007010538207037342
      z: 0.0
    orientation:
      x: 0.0
      y: 0.0
      z: -0.011653190071175015
      w: 0.9999320992753284
navigation_time:
  sec: 1
  nanosec: 788000000
estimated_time_remaining:
  sec: 1248
  nanosec: 900645401
number_of_recoveries: 0
distance_remaining: 19.766082763671875

Feedback:
    current_pose:
  header:
    stamp:
      sec: 830
      nanosec: 980000000
    frame_id: map
  pose:
    position:
      x: -12.98385932645705
      y: 0.007010538207037342
      z: 0.0
    orientation:
      x: 0.0
      y: 0.0
      z: -0.011653190071175015
      w: 0.9999320992753284
navigation_time:
  sec: 1
  nanosec: 792000000
estimated_time_remaining:
  sec: 1248
  nanosec: 900645401
number_of_recoveries: 0
distance_remaining: 19.766082763671875

Feedback:
    current_pose:
  header:
    stamp:
      sec: 830
      nanosec: 980000000
    frame_id: map
  pose:
    position:
      x: -12.98385932645705
      y: 0.007010538207037342
      z: 0.0
    orientation:
      x: 0.0
      y: 0.0
      z: -0.011653190071175015
      w: 0.9999320992753284
navigation_time:
  sec: 1
  nanosec: 792000000
estimated_time_remaining:
  sec: 1248
  nanosec: 900645401
number_of_recoveries: 0
distance_remaining: 19.766082763671875

Feedback:
    current_pose:
  header:
    stamp:
      sec: 830
      nanosec: 980000000
    frame_id: map
  pose:
    position:
      x: -12.98385932645705
      y: 0.007010538207037342
      z: 0.0
    orientation:
      x: 0.0
      y: 0.0
      z: -0.011653190071175015
      w: 0.9999320992753284
navigation_time:
  sec: 1
  nanosec: 792000000
estimated_time_remaining:
  sec: 1248
  nanosec: 900645401
number_of_recoveries: 0
distance_remaining: 19.766082763671875

Feedback:
    current_pose:
  header:
    stamp:
      sec: 831
      nanosec: 0
    frame_id: map
  pose:
    position:
      x: -12.983139716446743
      y: 0.006993416249288842
      z: 0.0
    orientation:
      x: 0.0
      y: 0.0
      z: -0.01213514444117983
      w: 0.9999263664237441
navigation_time:
  sec: 1
  nanosec: 820000000
estimated_time_remaining:
  sec: 1148
  nanosec: 519737562
number_of_recoveries: 0
distance_remaining: 19.766082763671875

Feedback:
    current_pose:
  header:
    stamp:
      sec: 831
      nanosec: 20000000
    frame_id: map
  pose:
    position:
      x: -12.986404051513063
      y: 0.00536442116928626
      z: 0.0
    orientation:
      x: 0.0
      y: 0.0
      z: -0.01253094437697733
      w: 0.9999214846341792
navigation_time:
  sec: 1
  nanosec: 824000000
estimated_time_remaining:
  sec: 1068
  nanosec: 850392779
number_of_recoveries: 0
distance_remaining: 19.766082763671875

Feedback:
    current_pose:
  header:
    stamp:
      sec: 831
      nanosec: 20000000
    frame_id: map
  pose:
    position:
      x: -12.986404051513063
      y: 0.00536442116928626
      z: 0.0
    orientation:
      x: 0.0
      y: 0.0
      z: -0.01253094437697733
      w: 0.9999214846341792
navigation_time:
  sec: 1
  nanosec: 824000000
estimated_time_remaining:
  sec: 1068
  nanosec: 850392779
number_of_recoveries: 0
distance_remaining: 19.766082763671875

Feedback:
    current_pose:
  header:
    stamp:
      sec: 831
      nanosec: 20000000
    frame_id: map
  pose:
    position:
      x: -12.986404051513063
      y: 0.00536442116928626
      z: 0.0
    orientation:
      x: 0.0
      y: 0.0
      z: -0.01253094437697733
      w: 0.9999214846341792
navigation_time:
  sec: 1
  nanosec: 824000000
estimated_time_remaining:
  sec: 1068
  nanosec: 850392779
number_of_recoveries: 0
distance_remaining: 19.766082763671875

Feedback:
    current_pose:
  header:
    stamp:
      sec: 831
      nanosec: 20000000
    frame_id: map
  pose:
    position:
      x: -12.986404051513063
      y: 0.00536442116928626
      z: 0.0
    orientation:
      x: 0.0
      y: 0.0
      z: -0.01253094437697733
      w: 0.9999214846341792
navigation_time:
  sec: 1
  nanosec: 824000000
estimated_time_remaining:
  sec: 1068
  nanosec: 850392779
number_of_recoveries: 0
distance_remaining: 19.766082763671875

Feedback:
    current_pose:
  header:
    stamp:
      sec: 831
      nanosec: 40000000
    frame_id: map
  pose:
    position:
      x: -12.989920454000043
      y: 0.003741184432319855
      z: 0.0
    orientation:
      x: 0.0
      y: 0.0
      z: -0.012823448876973679
      w: 0.9999177761990731
navigation_time:
  sec: 1
  nanosec: 860000000
estimated_time_remaining:
  sec: 1032
  nanosec: 756322760
number_of_recoveries: 0
distance_remaining: 19.766082763671875

Feedback:
    current_pose:
  header:
    stamp:
      sec: 831
      nanosec: 40000000
    frame_id: map
  pose:
    position:
      x: -12.989920454000043
      y: 0.003741184432319855
      z: 0.0
    orientation:
      x: 0.0
      y: 0.0
      z: -0.012823448876973679
      w: 0.9999177761990731
navigation_time:
  sec: 1
  nanosec: 860000000
estimated_time_remaining:
  sec: 1032
  nanosec: 756322760
number_of_recoveries: 0
distance_remaining: 19.766082763671875

Feedback:
    current_pose:
  header:
    stamp:
      sec: 831
      nanosec: 40000000
    frame_id: map
  pose:
    position:
      x: -12.989920454000043
      y: 0.003741184432319855
      z: 0.0
    orientation:
      x: 0.0
      y: 0.0
      z: -0.012823448876973679
      w: 0.9999177761990731
navigation_time:
  sec: 1
  nanosec: 860000000
estimated_time_remaining:
  sec: 1032
  nanosec: 756322760
number_of_recoveries: 0
distance_remaining: 19.766082763671875

Feedback:
    current_pose:
  header:
    stamp:
      sec: 831
      nanosec: 40000000
    frame_id: map
  pose:
    position:
      x: -12.989920454000043
      y: 0.003741184432319855
      z: 0.0
    orientation:
      x: 0.0
      y: 0.0
      z: -0.012823448876973679
      w: 0.9999177761990731
navigation_time:
  sec: 1
  nanosec: 860000000
estimated_time_remaining:
  sec: 1032
  nanosec: 756322760
number_of_recoveries: 0
distance_remaining: 19.766082763671875

Feedback:
    current_pose:
  header:
    stamp:
      sec: 831
      nanosec: 40000000
    frame_id: map
  pose:
    position:
      x: -12.989920454000043
      y: 0.003741184432319855
      z: 0.0
    orientation:
      x: 0.0
      y: 0.0
      z: -0.012823448876973679
      w: 0.9999177761990731
navigation_time:
  sec: 1
  nanosec: 860000000
estimated_time_remaining:
  sec: 1032
  nanosec: 756322760
number_of_recoveries: 0
distance_remaining: 19.766082763671875

Feedback:
    current_pose:
  header:
    stamp:
      sec: 831
      nanosec: 80000000
    frame_id: map
  pose:
    position:
      x: -12.996822003857233
      y: 0.0004900088387138624
      z: 0.0
    orientation:
      x: 0.0
      y: 0.0
      z: -0.0133401795321822
      w: 0.9999110158459347
navigation_time:
  sec: 1
  nanosec: 896000000
estimated_time_remaining:
  sec: 990
  nanosec: 901239012
number_of_recoveries: 0
distance_remaining: 19.766082763671875

Feedback:
    current_pose:
  header:
    stamp:
      sec: 831
      nanosec: 80000000
    frame_id: map
  pose:
    position:
      x: -12.996822003857233
      y: 0.0004900088387138624
      z: 0.0
    orientation:
      x: 0.0
      y: 0.0
      z: -0.0133401795321822
      w: 0.9999110158459347
navigation_time:
  sec: 1
  nanosec: 896000000
estimated_time_remaining:
  sec: 990
  nanosec: 901239012
number_of_recoveries: 0
distance_remaining: 19.766082763671875

Feedback:
    current_pose:
  header:
    stamp:
      sec: 831
      nanosec: 80000000
    frame_id: map
  pose:
    position:
      x: -12.996822003857233
      y: 0.0004900088387138624
      z: 0.0
    orientation:
      x: 0.0
      y: 0.0
      z: -0.0133401795321822
      w: 0.9999110158459347
navigation_time:
  sec: 1
  nanosec: 896000000
estimated_time_remaining:
  sec: 990
  nanosec: 901239012
number_of_recoveries: 0
distance_remaining: 19.766082763671875

Feedback:
    current_pose:
  header:
    stamp:
      sec: 831
      nanosec: 80000000
    frame_id: map
  pose:
    position:
      x: -12.996822003857233
      y: 0.0004900088387138624
      z: 0.0
    orientation:
      x: 0.0
      y: 0.0
      z: -0.0133401795321822
      w: 0.9999110158459347
navigation_time:
  sec: 1
  nanosec: 896000000
estimated_time_remaining:
  sec: 990
  nanosec: 901239012
number_of_recoveries: 0
distance_remaining: 19.766082763671875

Feedback:
    current_pose:
  header:
    stamp:
      sec: 831
      nanosec: 100000000
    frame_id: map
  pose:
    position:
      x: -13.000246104934604
      y: -0.0011368901783495033
      z: 0.0
    orientation:
      x: 0.0
      y: 0.0
      z: -0.013580392426903155
      w: 0.9999077822187059
navigation_time:
  sec: 1
  nanosec: 916000000
estimated_time_remaining:
  sec: 955
  nanosec: 536996034
number_of_recoveries: 0
distance_remaining: 19.766082763671875

Feedback:
    current_pose:
  header:
    stamp:
      sec: 831
      nanosec: 120000000
    frame_id: map
  pose:
    position:
      x: -13.003737457368146
      y: -0.0027623835505163896
      z: 0.0
    orientation:
      x: 0.0
      y: 0.0
      z: -0.013839033164104095
      w: 0.999904235995169
navigation_time:
  sec: 1
  nanosec: 924000000
estimated_time_remaining:
  sec: 926
  nanosec: 175547763
number_of_recoveries: 0
distance_remaining: 19.766082763671875

Feedback:
    current_pose:
  header:
    stamp:
      sec: 831
      nanosec: 120000000
    frame_id: map
  pose:
    position:
      x: -13.003737457368146
      y: -0.0027623835505163896
      z: 0.0
    orientation:
      x: 0.0
      y: 0.0
      z: -0.013839033164104095
      w: 0.999904235995169
navigation_time:
  sec: 1
  nanosec: 924000000
estimated_time_remaining:
  sec: 926
  nanosec: 175547763
number_of_recoveries: 0
distance_remaining: 19.766082763671875

Feedback:
    current_pose:
  header:
    stamp:
      sec: 831
      nanosec: 120000000
    frame_id: map
  pose:
    position:
      x: -13.003737457368146
      y: -0.0027623835505163896
      z: 0.0
    orientation:
      x: 0.0
      y: 0.0
      z: -0.013839033164104095
      w: 0.999904235995169
navigation_time:
  sec: 1
  nanosec: 924000000
estimated_time_remaining:
  sec: 926
  nanosec: 175547763
number_of_recoveries: 0
distance_remaining: 19.766082763671875

Feedback:
    current_pose:
  header:
    stamp:
      sec: 831
      nanosec: 120000000
    frame_id: map
  pose:
    position:
      x: -13.003737457368146
      y: -0.0027623835505163896
      z: 0.0
    orientation:
      x: 0.0
      y: 0.0
      z: -0.013839033164104095
      w: 0.999904235995169
navigation_time:
  sec: 1
  nanosec: 924000000
estimated_time_remaining:
  sec: 926
  nanosec: 175547763
number_of_recoveries: 0
distance_remaining: 19.766082763671875

Feedback:
    current_pose:
  header:
    stamp:
      sec: 831
      nanosec: 120000000
    frame_id: map
  pose:
    position:
      x: -13.003737457368146
      y: -0.0027623835505163896
      z: 0.0
    orientation:
      x: 0.0
      y: 0.0
      z: -0.013839033164104095
      w: 0.999904235995169
navigation_time:
  sec: 1
  nanosec: 940000000
estimated_time_remaining:
  sec: 926
  nanosec: 175547763
number_of_recoveries: 0
distance_remaining: 19.766082763671875

Feedback:
    current_pose:
  header:
    stamp:
      sec: 831
      nanosec: 140000000
    frame_id: map
  pose:
    position:
      x: -13.007166014331517
      y: -0.00439004243536445
      z: 0.0
    orientation:
      x: 0.0
      y: 0.0
      z: -0.014054151559002172
      w: 0.9999012355347684
navigation_time:
  sec: 1
  nanosec: 960000000
estimated_time_remaining:
  sec: 897
  nanosec: 188840297
number_of_recoveries: 0
distance_remaining: 19.766082763671875

Feedback:
    current_pose:
  header:
    stamp:
      sec: 831
      nanosec: 140000000
    frame_id: map
  pose:
    position:
      x: -13.007166014331517
      y: -0.00439004243536445
      z: 0.0
    orientation:
      x: 0.0
      y: 0.0
      z: -0.014054151559002172
      w: 0.9999012355347684
navigation_time:
  sec: 1
  nanosec: 960000000
estimated_time_remaining:
  sec: 897
  nanosec: 188840297
number_of_recoveries: 0
distance_remaining: 19.766082763671875

Feedback:
    current_pose:
  header:
    stamp:
      sec: 831
      nanosec: 140000000
    frame_id: map
  pose:
    position:
      x: -13.007166014331517
      y: -0.00439004243536445
      z: 0.0
    orientation:
      x: 0.0
      y: 0.0
      z: -0.014054151559002172
      w: 0.9999012355347684
navigation_time:
  sec: 1
  nanosec: 960000000
estimated_time_remaining:
  sec: 897
  nanosec: 188840297
number_of_recoveries: 0
distance_remaining: 19.766082763671875

Feedback:
    current_pose:
  header:
    stamp:
      sec: 831
      nanosec: 140000000
    frame_id: map
  pose:
    position:
      x: -13.007166014331517
      y: -0.00439004243536445
      z: 0.0
    orientation:
      x: 0.0
      y: 0.0
      z: -0.014054151559002172
      w: 0.9999012355347684
navigation_time:
  sec: 1
  nanosec: 960000000
estimated_time_remaining:
  sec: 897
  nanosec: 188840297
number_of_recoveries: 0
distance_remaining: 19.766082763671875

Feedback:
    current_pose:
  header:
    stamp:
      sec: 831
      nanosec: 160000000
    frame_id: map
  pose:
    position:
      x: -13.010499846863809
      y: -0.0060207119065118775
      z: 0.0
    orientation:
      x: 0.0
      y: 0.0
      z: -0.01420398729378103
      w: 0.9998991182839188
navigation_time:
  sec: 1
  nanosec: 960000000
estimated_time_remaining:
  sec: 883
  nanosec: 846313747
number_of_recoveries: 0
distance_remaining: 19.766082763671875

Feedback:
    current_pose:
  header:
    stamp:
      sec: 831
      nanosec: 180000000
    frame_id: map
  pose:
    position:
      x: -13.013812664165101
      y: -0.007652303683482131
      z: 0.0
    orientation:
      x: 0.0
      y: 0.0
      z: -0.014303527362364654
      w: 0.9998976993197823
navigation_time:
  sec: 1
  nanosec: 988000000
estimated_time_remaining:
  sec: 843
  nanosec: 775557708
number_of_recoveries: 0
distance_remaining: 19.766082763671875

Feedback:
    current_pose:
  header:
    stamp:
      sec: 831
      nanosec: 180000000
    frame_id: map
  pose:
    position:
      x: -13.013812664165101
      y: -0.007652303683482131
      z: 0.0
    orientation:
      x: 0.0
      y: 0.0
      z: -0.014303527362364654
      w: 0.9998976993197823
navigation_time:
  sec: 1
  nanosec: 988000000
estimated_time_remaining:
  sec: 843
  nanosec: 775557708
number_of_recoveries: 0
distance_remaining: 19.766082763671875

Feedback:
    current_pose:
  header:
    stamp:
      sec: 831
      nanosec: 180000000
    frame_id: map
  pose:
    position:
      x: -13.013812664165101
      y: -0.007652303683482131
      z: 0.0
    orientation:
      x: 0.0
      y: 0.0
      z: -0.014303527362364654
      w: 0.9998976993197823
navigation_time:
  sec: 1
  nanosec: 988000000
estimated_time_remaining:
  sec: 843
  nanosec: 775557708
number_of_recoveries: 0
distance_remaining: 19.766082763671875

Feedback:
    current_pose:
  header:
    stamp:
      sec: 831
      nanosec: 200000000
    frame_id: map
  pose:
    position:
      x: -13.017154599115088
      y: -0.009283330772312581
      z: 0.0
    orientation:
      x: 0.0
      y: 0.0
      z: -0.014373478909461885
      w: 0.9998966962161838
navigation_time:
  sec: 2
  nanosec: 12000000
estimated_time_remaining:
  sec: 808
  nanosec: 86316238
number_of_recoveries: 0
distance_remaining: 19.766082763671875

Feedback:
    current_pose:
  header:
    stamp:
      sec: 831
      nanosec: 200000000
    frame_id: map
  pose:
    position:
      x: -13.017154599115088
      y: -0.009283330772312581
      z: 0.0
    orientation:
      x: 0.0
      y: 0.0
      z: -0.014373478909461885
      w: 0.9998966962161838
navigation_time:
  sec: 2
  nanosec: 20000000
estimated_time_remaining:
  sec: 808
  nanosec: 86316238
number_of_recoveries: 0
distance_remaining: 19.766082763671875

Feedback:
    current_pose:
  header:
    stamp:
      sec: 831
      nanosec: 220000000
    frame_id: map
  pose:
    position:
      x: -13.016700195022239
      y: -0.009296425856707202
      z: 0.0
    orientation:
      x: 0.0
      y: 0.0
      z: -0.014435698955533836
      w: 0.999895799868999
navigation_time:
  sec: 2
  nanosec: 24000000
estimated_time_remaining:
  sec: 783
  nanosec: 36886576
number_of_recoveries: 0
distance_remaining: 19.766082763671875

Feedback:
    current_pose:
  header:
    stamp:
      sec: 831
      nanosec: 220000000
    frame_id: map
  pose:
    position:
      x: -13.016700195022239
      y: -0.009296425856707202
      z: 0.0
    orientation:
      x: 0.0
      y: 0.0
      z: -0.014435698955533836
      w: 0.999895799868999
navigation_time:
  sec: 2
  nanosec: 28000000
estimated_time_remaining:
  sec: 783
  nanosec: 36886576
number_of_recoveries: 0
distance_remaining: 19.766082763671875

Feedback:
    current_pose:
  header:
    stamp:
      sec: 831
      nanosec: 220000000
    frame_id: map
  pose:
    position:
      x: -13.016700195022239
      y: -0.009296425856707202
      z: 0.0
    orientation:
      x: 0.0
      y: 0.0
      z: -0.014435698955533836
      w: 0.999895799868999
navigation_time:
  sec: 2
  nanosec: 28000000
estimated_time_remaining:
  sec: 783
  nanosec: 36886576
number_of_recoveries: 0
distance_remaining: 19.766082763671875

Feedback:
    current_pose:
  header:
    stamp:
      sec: 831
      nanosec: 220000000
    frame_id: map
  pose:
    position:
      x: -13.016700195022239
      y: -0.009296425856707202
      z: 0.0
    orientation:
      x: 0.0
      y: 0.0
      z: -0.014435698955533836
      w: 0.999895799868999
navigation_time:
  sec: 2
  nanosec: 28000000
estimated_time_remaining:
  sec: 783
  nanosec: 36886576
number_of_recoveries: 0
distance_remaining: 19.766082763671875

Feedback:
    current_pose:
  header:
    stamp:
      sec: 831
      nanosec: 220000000
    frame_id: map
  pose:
    position:
      x: -13.016700195022239
      y: -0.009296425856707202
      z: 0.0
    orientation:
      x: 0.0
      y: 0.0
      z: -0.014435698955533836
      w: 0.999895799868999
navigation_time:
  sec: 2
  nanosec: 36000000
estimated_time_remaining:
  sec: 783
  nanosec: 36886576
number_of_recoveries: 0
distance_remaining: 19.766082763671875

Feedback:
    current_pose:
  header:
    stamp:
      sec: 831
      nanosec: 240000000
    frame_id: map
  pose:
    position:
      x: -13.016139273636526
      y: -0.009312567412363748
      z: 0.0
    orientation:
      x: 0.0
      y: 0.0
      z: -0.014332228459751932
      w: 0.9998972883388461
navigation_time:
  sec: 2
  nanosec: 56000000
estimated_time_remaining:
  sec: 762
  nanosec: 245073818
number_of_recoveries: 0
distance_remaining: 19.766082763671875

Feedback:
    current_pose:
  header:
    stamp:
      sec: 831
      nanosec: 240000000
    frame_id: map
  pose:
    position:
      x: -13.016139273636526
      y: -0.009312567412363748
      z: 0.0
    orientation:
      x: 0.0
      y: 0.0
      z: -0.014332228459751932
      w: 0.9998972883388461
navigation_time:
  sec: 2
  nanosec: 56000000
estimated_time_remaining:
  sec: 762
  nanosec: 245073818
number_of_recoveries: 0
distance_remaining: 19.766082763671875

Feedback:
    current_pose:
  header:
    stamp:
      sec: 831
      nanosec: 240000000
    frame_id: map
  pose:
    position:
      x: -13.016139273636526
      y: -0.009312567412363748
      z: 0.0
    orientation:
      x: 0.0
      y: 0.0
      z: -0.014332228459751932
      w: 0.9998972883388461
navigation_time:
  sec: 2
  nanosec: 56000000
estimated_time_remaining:
  sec: 762
  nanosec: 245073818
number_of_recoveries: 0
distance_remaining: 19.766082763671875

Feedback:
    current_pose:
  header:
    stamp:
      sec: 831
      nanosec: 240000000
    frame_id: map
  pose:
    position:
      x: -13.016139273636526
      y: -0.009312567412363748
      z: 0.0
    orientation:
      x: 0.0
      y: 0.0
      z: -0.014332228459751932
      w: 0.9998972883388461
navigation_time:
  sec: 2
  nanosec: 56000000
estimated_time_remaining:
  sec: 762
  nanosec: 245073818
number_of_recoveries: 0
distance_remaining: 19.766082763671875

Feedback:
    current_pose:
  header:
    stamp:
      sec: 831
      nanosec: 260000000
    frame_id: map
  pose:
    position:
      x: -13.01559167757486
      y: -0.009328214570443194
      z: 0.0
    orientation:
      x: 0.0
      y: 0.0
      z: -0.014242746012652545
      w: 0.9998985669486776
navigation_time:
  sec: 2
  nanosec: 64000000
estimated_time_remaining:
  sec: 742
  nanosec: 81615259
number_of_recoveries: 0
distance_remaining: 19.766082763671875

Feedback:
    current_pose:
  header:
    stamp:
      sec: 831
      nanosec: 280000000
    frame_id: map
  pose:
    position:
      x: -13.015097394234772
      y: -0.009342282172354999
      z: 0.0
    orientation:
      x: 0.0
      y: 0.0
      z: -0.014209216549632808
      w: 0.9998990439864645
navigation_time:
  sec: 2
  nanosec: 88000000
estimated_time_remaining:
  sec: 733
  nanosec: 865532367
number_of_recoveries: 0
distance_remaining: 19.766082763671875

Feedback:
    current_pose:
  header:
    stamp:
      sec: 831
      nanosec: 280000000
    frame_id: map
  pose:
    position:
      x: -13.015097394234772
      y: -0.009342282172354999
      z: 0.0
    orientation:
      x: 0.0
      y: 0.0
      z: -0.014209216549632808
      w: 0.9998990439864645
navigation_time:
  sec: 2
  nanosec: 88000000
estimated_time_remaining:
  sec: 733
  nanosec: 865532367
number_of_recoveries: 0
distance_remaining: 19.766082763671875

Feedback:
    current_pose:
  header:
    stamp:
      sec: 831
      nanosec: 280000000
    frame_id: map
  pose:
    position:
      x: -13.015097394234772
      y: -0.009342282172354999
      z: 0.0
    orientation:
      x: 0.0
      y: 0.0
      z: -0.014209216549632808
      w: 0.9998990439864645
navigation_time:
  sec: 2
  nanosec: 88000000
estimated_time_remaining:
  sec: 733
  nanosec: 865532367
number_of_recoveries: 0
distance_remaining: 19.766082763671875

Feedback:
    current_pose:
  header:
    stamp:
      sec: 831
      nanosec: 280000000
    frame_id: map
  pose:
    position:
      x: -13.015097394234772
      y: -0.009342282172354999
      z: 0.0
    orientation:
      x: 0.0
      y: 0.0
      z: -0.014209216549632808
      w: 0.9998990439864645
navigation_time:
  sec: 2
  nanosec: 92000000
estimated_time_remaining:
  sec: 733
  nanosec: 865532367
number_of_recoveries: 0
distance_remaining: 19.766082763671875

Feedback:
    current_pose:
  header:
    stamp:
      sec: 831
      nanosec: 320000000
    frame_id: map
  pose:
    position:
      x: -13.014169117658327
      y: -0.009368769310276193
      z: 0.0
    orientation:
      x: 0.0
      y: 0.0
      z: -0.01439532199880816
      w: 0.9998963819839287
navigation_time:
  sec: 2
  nanosec: 124000000
estimated_time_remaining:
  sec: 755
  nanosec: 949908237
number_of_recoveries: 0
distance_remaining: 19.766082763671875

Feedback:
    current_pose:
  header:
    stamp:
      sec: 831
      nanosec: 320000000
    frame_id: map
  pose:
    position:
      x: -13.014169117658327
      y: -0.009368769310276193
      z: 0.0
    orientation:
      x: 0.0
      y: 0.0
      z: -0.01439532199880816
      w: 0.9998963819839287
navigation_time:
  sec: 2
  nanosec: 124000000
estimated_time_remaining:
  sec: 755
  nanosec: 949908237
number_of_recoveries: 0
distance_remaining: 19.766082763671875

Feedback:
    current_pose:
  header:
    stamp:
      sec: 831
      nanosec: 320000000
    frame_id: map
  pose:
    position:
      x: -13.014169117658327
      y: -0.009368769310276193
      z: 0.0
    orientation:
      x: 0.0
      y: 0.0
      z: -0.01439532199880816
      w: 0.9998963819839287
navigation_time:
  sec: 2
  nanosec: 124000000
estimated_time_remaining:
  sec: 755
  nanosec: 949908237
number_of_recoveries: 0
distance_remaining: 19.766082763671875

Feedback:
    current_pose:
  header:
    stamp:
      sec: 831
      nanosec: 320000000
    frame_id: map
  pose:
    position:
      x: -13.014169117658327
      y: -0.009368769310276193
      z: 0.0
    orientation:
      x: 0.0
      y: 0.0
      z: -0.01439532199880816
      w: 0.9998963819839287
navigation_time:
  sec: 2
  nanosec: 124000000
estimated_time_remaining:
  sec: 755
  nanosec: 949908237
number_of_recoveries: 0
distance_remaining: 19.766082763671875

Feedback:
    current_pose:
  header:
    stamp:
      sec: 831
      nanosec: 340000000
    frame_id: map
  pose:
    position:
      x: -13.013760102038887
      y: -0.009380611011653883
      z: 0.0
    orientation:
      x: 0.0
      y: 0.0
      z: -0.014561858593943818
      w: 0.9998939705160194
navigation_time:
  sec: 2
  nanosec: 152000000
estimated_time_remaining:
  sec: 780
  nanosec: 13964148
number_of_recoveries: 0
distance_remaining: 19.766082763671875

Feedback:
    current_pose:
  header:
    stamp:
      sec: 831
      nanosec: 360000000
    frame_id: map
  pose:
    position:
      x: -13.013379222678765
      y: -0.00939177554404047
      z: 0.0
    orientation:
      x: 0.0
      y: 0.0
      z: -0.014741217897119633
      w: 0.9998913423442117
navigation_time:
  sec: 2
  nanosec: 164000000
estimated_time_remaining:
  sec: 793
  nanosec: 357539317
number_of_recoveries: 0
distance_remaining: 19.766082763671875

Feedback:
    current_pose:
  header:
    stamp:
      sec: 831
      nanosec: 360000000
    frame_id: map
  pose:
    position:
      x: -13.013379222678765
      y: -0.00939177554404047
      z: 0.0
    orientation:
      x: 0.0
      y: 0.0
      z: -0.014741217897119633
      w: 0.9998913423442117
navigation_time:
  sec: 2
  nanosec: 164000000
estimated_time_remaining:
  sec: 793
  nanosec: 357539317
number_of_recoveries: 0
distance_remaining: 19.766082763671875

Feedback:
    current_pose:
  header:
    stamp:
      sec: 831
      nanosec: 360000000
    frame_id: map
  pose:
    position:
      x: -13.013379222678765
      y: -0.00939177554404047
      z: 0.0
    orientation:
      x: 0.0
      y: 0.0
      z: -0.014741217897119633
      w: 0.9998913423442117
navigation_time:
  sec: 2
  nanosec: 164000000
estimated_time_remaining:
  sec: 793
  nanosec: 357539317
number_of_recoveries: 0
distance_remaining: 19.766082763671875

Feedback:
    current_pose:
  header:
    stamp:
      sec: 831
      nanosec: 360000000
    frame_id: map
  pose:
    position:
      x: -13.013379222678765
      y: -0.00939177554404047
      z: 0.0
    orientation:
      x: 0.0
      y: 0.0
      z: -0.014741217897119633
      w: 0.9998913423442117
navigation_time:
  sec: 2
  nanosec: 164000000
estimated_time_remaining:
  sec: 793
  nanosec: 357539317
number_of_recoveries: 0
distance_remaining: 19.766082763671875

Feedback:
    current_pose:
  header:
    stamp:
      sec: 831
      nanosec: 360000000
    frame_id: map
  pose:
    position:
      x: -13.013379222678765
      y: -0.00939177554404047
      z: 0.0
    orientation:
      x: 0.0
      y: 0.0
      z: -0.014741217897119633
      w: 0.9998913423442117
navigation_time:
  sec: 2
  nanosec: 164000000
estimated_time_remaining:
  sec: 793
  nanosec: 357539317
number_of_recoveries: 0
distance_remaining: 19.766082763671875

Feedback:
    current_pose:
  header:
    stamp:
      sec: 831
      nanosec: 380000000
    frame_id: map
  pose:
    position:
      x: -13.01306767664434
      y: -0.009401014195626445
      z: 0.0
    orientation:
      x: 0.0
      y: 0.0
      z: -0.014917851482109171
      w: 0.9998887226622558
navigation_time:
  sec: 2
  nanosec: 188000000
estimated_time_remaining:
  sec: 800
  nanosec: 466371130
number_of_recoveries: 0
distance_remaining: 19.766082763671875

Feedback:
    current_pose:
  header:
    stamp:
      sec: 831
      nanosec: 380000000
    frame_id: map
  pose:
    position:
      x: -13.01306767664434
      y: -0.009401014195626445
      z: 0.0
    orientation:
      x: 0.0
      y: 0.0
      z: -0.014917851482109171
      w: 0.9998887226622558
navigation_time:
  sec: 2
  nanosec: 188000000
estimated_time_remaining:
  sec: 800
  nanosec: 466371130
number_of_recoveries: 0
distance_remaining: 19.766082763671875

Feedback:
    current_pose:
  header:
    stamp:
      sec: 831
      nanosec: 380000000
    frame_id: map
  pose:
    position:
      x: -13.01306767664434
      y: -0.009401014195626445
      z: 0.0
    orientation:
      x: 0.0
      y: 0.0
      z: -0.014917851482109171
      w: 0.9998887226622558
navigation_time:
  sec: 2
  nanosec: 188000000
estimated_time_remaining:
  sec: 800
  nanosec: 466371130
number_of_recoveries: 0
distance_remaining: 19.766082763671875

Feedback:
    current_pose:
  header:
    stamp:
      sec: 831
      nanosec: 400000000
    frame_id: map
  pose:
    position:
      x: -13.012802353170471
      y: -0.009408979381269944
      z: 0.0
    orientation:
      x: 0.0
      y: 0.0
      z: -0.015092667773987295
      w: 0.9998860992030363
navigation_time:
  sec: 2
  nanosec: 212000000
estimated_time_remaining:
  sec: 819
  nanosec: 617931819
number_of_recoveries: 0
distance_remaining: 19.766082763671875

Feedback:
    current_pose:
  header:
    stamp:
      sec: 831
      nanosec: 420000000
    frame_id: map
  pose:
    position:
      x: -13.012523610436787
      y: -0.00941740290014259
      z: 0.0
    orientation:
      x: 0.0
      y: 0.0
      z: -0.015079140352947351
      w: 0.9998863032996382
navigation_time:
  sec: 2
  nanosec: 224000000
estimated_time_remaining:
  sec: 845
  nanosec: 653633267
number_of_recoveries: 0
distance_remaining: 19.766082763671875

Feedback:
    current_pose:
  header:
    stamp:
      sec: 831
      nanosec: 420000000
    frame_id: map
  pose:
    position:
      x: -13.012523610436787
      y: -0.00941740290014259
      z: 0.0
    orientation:
      x: 0.0
      y: 0.0
      z: -0.015079140352947351
      w: 0.9998863032996382
navigation_time:
  sec: 2
  nanosec: 224000000
estimated_time_remaining:
  sec: 845
  nanosec: 653633267
number_of_recoveries: 0
distance_remaining: 19.766082763671875

Feedback:
    current_pose:
  header:
    stamp:
      sec: 831
      nanosec: 420000000
    frame_id: map
  pose:
    position:
      x: -13.012523610436787
      y: -0.00941740290014259
      z: 0.0
    orientation:
      x: 0.0
      y: 0.0
      z: -0.015079140352947351
      w: 0.9998863032996382
navigation_time:
  sec: 2
  nanosec: 224000000
estimated_time_remaining:
  sec: 845
  nanosec: 653633267
number_of_recoveries: 0
distance_remaining: 19.766082763671875

Feedback:
    current_pose:
  header:
    stamp:
      sec: 831
      nanosec: 420000000
    frame_id: map
  pose:
    position:
      x: -13.012523610436787
      y: -0.00941740290014259
      z: 0.0
    orientation:
      x: 0.0
      y: 0.0
      z: -0.015079140352947351
      w: 0.9998863032996382
navigation_time:
  sec: 2
  nanosec: 224000000
estimated_time_remaining:
  sec: 845
  nanosec: 653633267
number_of_recoveries: 0
distance_remaining: 19.766082763671875

Feedback:
    current_pose:
  header:
    stamp:
      sec: 831
      nanosec: 440000000
    frame_id: map
  pose:
    position:
      x: -13.012239292204313
      y: -0.009425965775770706
      z: 0.0
    orientation:
      x: 0.0
      y: 0.0
      z: -0.015042252698657188
      w: 0.9998868589164226
navigation_time:
  sec: 2
  nanosec: 252000000
estimated_time_remaining:
  sec: 867
  nanosec: 303465470
number_of_recoveries: 0
distance_remaining: 19.766082763671875

Feedback:
    current_pose:
  header:
    stamp:
      sec: 831
      nanosec: 440000000
    frame_id: map
  pose:
    position:
      x: -13.012239292204313
      y: -0.009425965775770706
      z: 0.0
    orientation:
      x: 0.0
      y: 0.0
      z: -0.015042252698657188
      w: 0.9998868589164226
navigation_time:
  sec: 2
  nanosec: 252000000
estimated_time_remaining:
  sec: 867
  nanosec: 303465470
number_of_recoveries: 0
distance_remaining: 19.766082763671875

Feedback:
    current_pose:
  header:
    stamp:
      sec: 831
      nanosec: 440000000
    frame_id: map
  pose:
    position:
      x: -13.012239292204313
      y: -0.009425965775770706
      z: 0.0
    orientation:
      x: 0.0
      y: 0.0
      z: -0.015042252698657188
      w: 0.9998868589164226
navigation_time:
  sec: 2
  nanosec: 252000000
estimated_time_remaining:
  sec: 867
  nanosec: 303465470
number_of_recoveries: 0
distance_remaining: 19.766082763671875

Feedback:
    current_pose:
  header:
    stamp:
      sec: 831
      nanosec: 440000000
    frame_id: map
  pose:
    position:
      x: -13.012239292204313
      y: -0.009425965775770706
      z: 0.0
    orientation:
      x: 0.0
      y: 0.0
      z: -0.015042252698657188
      w: 0.9998868589164226
navigation_time:
  sec: 2
  nanosec: 260000000
estimated_time_remaining:
  sec: 867
  nanosec: 303465470
number_of_recoveries: 0
distance_remaining: 19.766082763671875

Feedback:
    current_pose:
  header:
    stamp:
      sec: 831
      nanosec: 460000000
    frame_id: map
  pose:
    position:
      x: -13.011951644642167
      y: -0.009434622074730115
      z: 0.0
    orientation:
      x: 0.0
      y: 0.0
      z: -0.015040953601863197
      w: 0.9998868784591317
navigation_time:
  sec: 2
  nanosec: 280000000
estimated_time_remaining:
  sec: 889
  nanosec: 387372617
number_of_recoveries: 0
distance_remaining: 19.766082763671875

Feedback:
    current_pose:
  header:
    stamp:
      sec: 831
      nanosec: 480000000
    frame_id: map
  pose:
    position:
      x: -13.011714496464734
      y: -0.009441756472647
      z: 0.0
    orientation:
      x: 0.0
      y: 0.0
      z: -0.015026469968121244
      w: 0.9998870962265174
navigation_time:
  sec: 2
  nanosec: 288000000
estimated_time_remaining:
  sec: 926
  nanosec: 453317522
number_of_recoveries: 0
distance_remaining: 19.766082763671875

Feedback:
    current_pose:
  header:
    stamp:
      sec: 831
      nanosec: 480000000
    frame_id: map
  pose:
    position:
      x: -13.011714496464734
      y: -0.009441756472647
      z: 0.0
    orientation:
      x: 0.0
      y: 0.0
      z: -0.015026469968121244
      w: 0.9998870962265174
navigation_time:
  sec: 2
  nanosec: 292000000
estimated_time_remaining:
  sec: 926
  nanosec: 453317522
number_of_recoveries: 0
distance_remaining: 19.766082763671875

Feedback:
    current_pose:
  header:
    stamp:
      sec: 831
      nanosec: 480000000
    frame_id: map
  pose:
    position:
      x: -13.011714496464734
      y: -0.009441756472647
      z: 0.0
    orientation:
      x: 0.0
      y: 0.0
      z: -0.015026469968121244
      w: 0.9998870962265174
navigation_time:
  sec: 2
  nanosec: 296000000
estimated_time_remaining:
  sec: 926
  nanosec: 453317522
number_of_recoveries: 0
distance_remaining: 19.766082763671875

Feedback:
    current_pose:
  header:
    stamp:
      sec: 831
      nanosec: 480000000
    frame_id: map
  pose:
    position:
      x: -13.011714496464734
      y: -0.009441756472647
      z: 0.0
    orientation:
      x: 0.0
      y: 0.0
      z: -0.015026469968121244
      w: 0.9998870962265174
navigation_time:
  sec: 2
  nanosec: 296000000
estimated_time_remaining:
  sec: 926
  nanosec: 453317522
number_of_recoveries: 0
distance_remaining: 19.766082763671875

Feedback:
    current_pose:
  header:
    stamp:
      sec: 831
      nanosec: 480000000
    frame_id: map
  pose:
    position:
      x: -13.011714496464734
      y: -0.009441756472647
      z: 0.0
    orientation:
      x: 0.0
      y: 0.0
      z: -0.015026469968121244
      w: 0.9998870962265174
navigation_time:
  sec: 2
  nanosec: 296000000
estimated_time_remaining:
  sec: 926
  nanosec: 453317522
number_of_recoveries: 0
distance_remaining: 19.766082763671875

Feedback:
    current_pose:
  header:
    stamp:
      sec: 831
      nanosec: 480000000
    frame_id: map
  pose:
    position:
      x: -13.011714496464734
      y: -0.009441756472647
      z: 0.0
    orientation:
      x: 0.0
      y: 0.0
      z: -0.015026469968121244
      w: 0.9998870962265174
navigation_time:
  sec: 2
  nanosec: 296000000
estimated_time_remaining:
  sec: 926
  nanosec: 453317522
number_of_recoveries: 0
distance_remaining: 19.766082763671875

Feedback:
    current_pose:
  header:
    stamp:
      sec: 831
      nanosec: 520000000
    frame_id: map
  pose:
    position:
      x: -13.011110016902563
      y: -0.009459904079406556
      z: 0.0
    orientation:
      x: 0.0
      y: 0.0
      z: -0.0150101503164099
      w: 0.9998873413477535
navigation_time:
  sec: 2
  nanosec: 328000000
estimated_time_remaining:
  sec: 1029
  nanosec: 976921509
number_of_recoveries: 0
distance_remaining: 19.766082763671875

Feedback:
    current_pose:
  header:
    stamp:
      sec: 831
      nanosec: 520000000
    frame_id: map
  pose:
    position:
      x: -13.011110016902563
      y: -0.009459904079406556
      z: 0.0
    orientation:
      x: 0.0
      y: 0.0
      z: -0.0150101503164099
      w: 0.9998873413477535
navigation_time:
  sec: 2
  nanosec: 328000000
estimated_time_remaining:
  sec: 1029
  nanosec: 976921509
number_of_recoveries: 0
distance_remaining: 19.766082763671875

Feedback:
    current_pose:
  header:
    stamp:
      sec: 831
      nanosec: 520000000
    frame_id: map
  pose:
    position:
      x: -13.011110016902563
      y: -0.009459904079406556
      z: 0.0
    orientation:
      x: 0.0
      y: 0.0
      z: -0.0150101503164099
      w: 0.9998873413477535
navigation_time:
  sec: 2
  nanosec: 328000000
estimated_time_remaining:
  sec: 1029
  nanosec: 976921509
number_of_recoveries: 0
distance_remaining: 19.766082763671875

Feedback:
    current_pose:
  header:
    stamp:
      sec: 831
      nanosec: 520000000
    frame_id: map
  pose:
    position:
      x: -13.011110016902563
      y: -0.009459904079406556
      z: 0.0
    orientation:
      x: 0.0
      y: 0.0
      z: -0.0150101503164099
      w: 0.9998873413477535
navigation_time:
  sec: 2
  nanosec: 328000000
estimated_time_remaining:
  sec: 1029
  nanosec: 976921509
number_of_recoveries: 0
distance_remaining: 19.766082763671875

Feedback:
    current_pose:
  header:
    stamp:
      sec: 831
      nanosec: 540000000
    frame_id: map
  pose:
    position:
      x: -13.01057734344485
      y: -0.009475914956171394
      z: 0.0
    orientation:
      x: 0.0
      y: 0.0
      z: -0.015037255388798413
      w: 0.9998869340832351
navigation_time:
  sec: 2
  nanosec: 356000000
estimated_time_remaining:
  sec: 1039
  nanosec: 239458267
number_of_recoveries: 0
distance_remaining: 19.766082763671875

Feedback:
    current_pose:
  header:
    stamp:
      sec: 831
      nanosec: 540000000
    frame_id: map
  pose:
    position:
      x: -13.01057734344485
      y: -0.009475914956171394
      z: 0.0
    orientation:
      x: 0.0
      y: 0.0
      z: -0.015037255388798413
      w: 0.9998869340832351
navigation_time:
  sec: 2
  nanosec: 360000000
estimated_time_remaining:
  sec: 1039
  nanosec: 239458267
number_of_recoveries: 0
distance_remaining: 19.766082763671875

Feedback:
    current_pose:
  header:
    stamp:
      sec: 831
      nanosec: 540000000
    frame_id: map
  pose:
    position:
      x: -13.01057734344485
      y: -0.009475914956171394
      z: 0.0
    orientation:
      x: 0.0
      y: 0.0
      z: -0.015037255388798413
      w: 0.9998869340832351
navigation_time:
  sec: 2
  nanosec: 360000000
estimated_time_remaining:
  sec: 1039
  nanosec: 239458267
number_of_recoveries: 0
distance_remaining: 19.766082763671875

Feedback:
    current_pose:
  header:
    stamp:
      sec: 831
      nanosec: 540000000
    frame_id: map
  pose:
    position:
      x: -13.01057734344485
      y: -0.009475914956171394
      z: 0.0
    orientation:
      x: 0.0
      y: 0.0
      z: -0.015037255388798413
      w: 0.9998869340832351
navigation_time:
  sec: 2
  nanosec: 360000000
estimated_time_remaining:
  sec: 1039
  nanosec: 239458267
number_of_recoveries: 0
distance_remaining: 19.766082763671875

Feedback:
    current_pose:
  header:
    stamp:
      sec: 831
      nanosec: 540000000
    frame_id: map
  pose:
    position:
      x: -13.01057734344485
      y: -0.009475914956171394
      z: 0.0
    orientation:
      x: 0.0
      y: 0.0
      z: -0.015037255388798413
      w: 0.9998869340832351
navigation_time:
  sec: 2
  nanosec: 360000000
estimated_time_remaining:
  sec: 1039
  nanosec: 239458267
number_of_recoveries: 0
distance_remaining: 19.766082763671875

Feedback:
    current_pose:
  header:
    stamp:
      sec: 831
      nanosec: 560000000
    frame_id: map
  pose:
    position:
      x: -13.010392141476302
      y: -0.009481462152127307
      z: 0.0
    orientation:
      x: 0.0
      y: 0.0
      z: -0.014904817355099024
      w: 0.9998889170400935
navigation_time:
  sec: 2
  nanosec: 380000000
estimated_time_remaining:
  sec: 1135
  nanosec: 910914590
number_of_recoveries: 0
distance_remaining: 19.766082763671875

Feedback:
    current_pose:
  header:
    stamp:
      sec: 831
      nanosec: 580000000
    frame_id: map
  pose:
    position:
      x: -13.01020693804611
      y: -0.009486960286775314
      z: 0.0
    orientation:
      x: 0.0
      y: 0.0
      z: -0.014772379008803845
      w: 0.999890882455891
navigation_time:
  sec: 2
  nanosec: 392000000
estimated_time_remaining:
  sec: 1135
  nanosec: 910914590
number_of_recoveries: 0
distance_remaining: 19.766082763671875

Feedback:
    current_pose:
  header:
    stamp:
      sec: 831
      nanosec: 580000000
    frame_id: map
  pose:
    position:
      x: -13.01020693804611
      y: -0.009486960286775314
      z: 0.0
    orientation:
      x: 0.0
      y: 0.0
      z: -0.014772379008803845
      w: 0.999890882455891
navigation_time:
  sec: 2
  nanosec: 392000000
estimated_time_remaining:
  sec: 1135
  nanosec: 910914590
number_of_recoveries: 0
distance_remaining: 19.766082763671875

Feedback:
    current_pose:
  header:
    stamp:
      sec: 831
      nanosec: 580000000
    frame_id: map
  pose:
    position:
      x: -13.01020693804611
      y: -0.009486960286775314
      z: 0.0
    orientation:
      x: 0.0
      y: 0.0
      z: -0.014772379008803845
      w: 0.999890882455891
navigation_time:
  sec: 2
  nanosec: 392000000
estimated_time_remaining:
  sec: 1135
  nanosec: 910914590
number_of_recoveries: 0
distance_remaining: 19.766082763671875

Feedback:
    current_pose:
  header:
    stamp:
      sec: 831
      nanosec: 580000000
    frame_id: map
  pose:
    position:
      x: -13.01020693804611
      y: -0.009486960286775314
      z: 0.0
    orientation:
      x: 0.0
      y: 0.0
      z: -0.014772379008803845
      w: 0.999890882455891
navigation_time:
  sec: 2
  nanosec: 392000000
estimated_time_remaining:
  sec: 1135
  nanosec: 910914590
number_of_recoveries: 0
distance_remaining: 19.766082763671875

Feedback:
    current_pose:
  header:
    stamp:
      sec: 831
      nanosec: 600000000
    frame_id: map
  pose:
    position:
      x: -13.009731436409538
      y: -0.009500948712384272
      z: 0.0
    orientation:
      x: 0.0
      y: 0.0
      z: -0.014636328059954684
      w: 0.9998928832134576
navigation_time:
  sec: 2
  nanosec: 420000000
estimated_time_remaining:
  sec: 1176
  nanosec: 182368592
number_of_recoveries: 0
distance_remaining: 19.766082763671875

Feedback:
    current_pose:
  header:
    stamp:
      sec: 831
      nanosec: 600000000
    frame_id: map
  pose:
    position:
      x: -13.009731436409538
      y: -0.009500948712384272
      z: 0.0
    orientation:
      x: 0.0
      y: 0.0
      z: -0.014636328059954684
      w: 0.9998928832134576
navigation_time:
  sec: 2
  nanosec: 420000000
estimated_time_remaining:
  sec: 1176
  nanosec: 182368592
number_of_recoveries: 0
distance_remaining: 19.766082763671875

Feedback:
    current_pose:
  header:
    stamp:
      sec: 831
      nanosec: 600000000
    frame_id: map
  pose:
    position:
      x: -13.009731436409538
      y: -0.009500948712384272
      z: 0.0
    orientation:
      x: 0.0
      y: 0.0
      z: -0.014636328059954684
      w: 0.9998928832134576
navigation_time:
  sec: 2
  nanosec: 420000000
estimated_time_remaining:
  sec: 1176
  nanosec: 182368592
number_of_recoveries: 0
distance_remaining: 19.766082763671875

Feedback:
    current_pose:
  header:
    stamp:
      sec: 831
      nanosec: 600000000
    frame_id: map
  pose:
    position:
      x: -13.009731436409538
      y: -0.009500948712384272
      z: 0.0
    orientation:
      x: 0.0
      y: 0.0
      z: -0.014636328059954684
      w: 0.9998928832134576
navigation_time:
  sec: 2
  nanosec: 420000000
estimated_time_remaining:
  sec: 1176
  nanosec: 182368592
number_of_recoveries: 0
distance_remaining: 19.766082763671875

Feedback:
    current_pose:
  header:
    stamp:
      sec: 831
      nanosec: 620000000
    frame_id: map
  pose:
    position:
      x: -13.009340500768005
      y: -0.00951235380681048
      z: 0.0
    orientation:
      x: 0.0
      y: 0.0
      z: -0.014538290461321737
      w: 0.9998943134704099
navigation_time:
  sec: 2
  nanosec: 424000000
estimated_time_remaining:
  sec: 1187
  nanosec: 769804068
number_of_recoveries: 0
distance_remaining: 19.766082763671875

Feedback:
    current_pose:
  header:
    stamp:
      sec: 831
      nanosec: 640000000
    frame_id: map
  pose:
    position:
      x: -13.009076418234372
      y: -0.00952002401719021
      z: 0.0
    orientation:
      x: 0.0
      y: 0.0
      z: -0.014497273231660805
      w: 0.9998949090123654
navigation_time:
  sec: 2
  nanosec: 456000000
estimated_time_remaining:
  sec: 1219
  nanosec: 58602550
number_of_recoveries: 0
distance_remaining: 19.766082763671875

Feedback:
    current_pose:
  header:
    stamp:
      sec: 831
      nanosec: 640000000
    frame_id: map
  pose:
    position:
      x: -13.009076418234372
      y: -0.00952002401719021
      z: 0.0
    orientation:
      x: 0.0
      y: 0.0
      z: -0.014497273231660805
      w: 0.9998949090123654
navigation_time:
  sec: 2
  nanosec: 456000000
estimated_time_remaining:
  sec: 1219
  nanosec: 58602550
number_of_recoveries: 0
distance_remaining: 19.766082763671875

Feedback:
    current_pose:
  header:
    stamp:
      sec: 831
      nanosec: 640000000
    frame_id: map
  pose:
    position:
      x: -13.009076418234372
      y: -0.00952002401719021
      z: 0.0
    orientation:
      x: 0.0
      y: 0.0
      z: -0.014497273231660805
      w: 0.9998949090123654
navigation_time:
  sec: 2
  nanosec: 456000000
estimated_time_remaining:
  sec: 1219
  nanosec: 58602550
number_of_recoveries: 0
distance_remaining: 19.766082763671875

Feedback:
    current_pose:
  header:
    stamp:
      sec: 831
      nanosec: 640000000
    frame_id: map
  pose:
    position:
      x: -13.009076418234372
      y: -0.00952002401719021
      z: 0.0
    orientation:
      x: 0.0
      y: 0.0
      z: -0.014497273231660805
      w: 0.9998949090123654
navigation_time:
  sec: 2
  nanosec: 456000000
estimated_time_remaining:
  sec: 1219
  nanosec: 58602550
number_of_recoveries: 0
distance_remaining: 19.766082763671875

Feedback:
    current_pose:
  header:
    stamp:
      sec: 831
      nanosec: 640000000
    frame_id: map
  pose:
    position:
      x: -13.009076418234372
      y: -0.00952002401719021
      z: 0.0
    orientation:
      x: 0.0
      y: 0.0
      z: -0.014497273231660805
      w: 0.9998949090123654
navigation_time:
  sec: 2
  nanosec: 456000000
estimated_time_remaining:
  sec: 1219
  nanosec: 58602550
number_of_recoveries: 0
distance_remaining: 19.766082763671875

Feedback:
    current_pose:
  header:
    stamp:
      sec: 831
      nanosec: 680000000
    frame_id: map
  pose:
    position:
      x: -13.008603694026206
      y: -0.009533535074595534
      z: 0.0
    orientation:
      x: 0.0
      y: 0.0
      z: -0.0140313945806709
      w: 0.9999015551373653
navigation_time:
  sec: 2
  nanosec: 488000000
estimated_time_remaining:
  sec: 1303
  nanosec: 759905014
number_of_recoveries: 0
distance_remaining: 19.766082763671875

Feedback:
    current_pose:
  header:
    stamp:
      sec: 831
      nanosec: 680000000
    frame_id: map
  pose:
    position:
      x: -13.008603694026206
      y: -0.009533535074595534
      z: 0.0
    orientation:
      x: 0.0
      y: 0.0
      z: -0.0140313945806709
      w: 0.9999015551373653
navigation_time:
  sec: 2
  nanosec: 492000000
estimated_time_remaining:
  sec: 1303
  nanosec: 759905014
number_of_recoveries: 0
distance_remaining: 19.766082763671875

Feedback:
    current_pose:
  header:
    stamp:
      sec: 831
      nanosec: 680000000
    frame_id: map
  pose:
    position:
      x: -13.008603694026206
      y: -0.009533535074595534
      z: 0.0
    orientation:
      x: 0.0
      y: 0.0
      z: -0.0140313945806709
      w: 0.9999015551373653
navigation_time:
  sec: 2
  nanosec: 492000000
estimated_time_remaining:
  sec: 1303
  nanosec: 759905014
number_of_recoveries: 0
distance_remaining: 19.766082763671875

Feedback:
    current_pose:
  header:
    stamp:
      sec: 831
      nanosec: 680000000
    frame_id: map
  pose:
    position:
      x: -13.008603694026206
      y: -0.009533535074595534
      z: 0.0
    orientation:
      x: 0.0
      y: 0.0
      z: -0.0140313945806709
      w: 0.9999015551373653
navigation_time:
  sec: 2
  nanosec: 492000000
estimated_time_remaining:
  sec: 1303
  nanosec: 759905014
number_of_recoveries: 0
distance_remaining: 19.766082763671875

Feedback:
    current_pose:
  header:
    stamp:
      sec: 831
      nanosec: 700000000
    frame_id: map
  pose:
    position:
      x: -13.008427636191868
      y: -0.009538453177892592
      z: 0.0
    orientation:
      x: 0.0
      y: 0.0
      z: -0.01391504296402196
      w: 0.9999031811027053
navigation_time:
  sec: 2
  nanosec: 520000000
estimated_time_remaining:
  sec: 1342
  nanosec: 960067220
number_of_recoveries: 0
distance_remaining: 19.766082763671875

Feedback:
    current_pose:
  header:
    stamp:
      sec: 831
      nanosec: 700000000
    frame_id: map
  pose:
    position:
      x: -13.008427636191868
      y: -0.009538453177892592
      z: 0.0
    orientation:
      x: 0.0
      y: 0.0
      z: -0.01391504296402196
      w: 0.9999031811027053
navigation_time:
  sec: 2
  nanosec: 520000000
estimated_time_remaining:
  sec: 1342
  nanosec: 960067220
number_of_recoveries: 0
distance_remaining: 19.766082763671875

Feedback:
    current_pose:
  header:
    stamp:
      sec: 831
      nanosec: 700000000
    frame_id: map
  pose:
    position:
      x: -13.008427636191868
      y: -0.009538453177892592
      z: 0.0
    orientation:
      x: 0.0
      y: 0.0
      z: -0.01391504296402196
      w: 0.9999031811027053
navigation_time:
  sec: 2
  nanosec: 520000000
estimated_time_remaining:
  sec: 1342
  nanosec: 960067220
number_of_recoveries: 0
distance_remaining: 19.766082763671875

Feedback:
    current_pose:
  header:
    stamp:
      sec: 831
      nanosec: 700000000
    frame_id: map
  pose:
    position:
      x: -13.008427636191868
      y: -0.009538453177892592
      z: 0.0
    orientation:
      x: 0.0
      y: 0.0
      z: -0.01391504296402196
      w: 0.9999031811027053
navigation_time:
  sec: 2
  nanosec: 520000000
estimated_time_remaining:
  sec: 1342
  nanosec: 960067220
number_of_recoveries: 0
distance_remaining: 19.766082763671875

Feedback:
    current_pose:
  header:
    stamp:
      sec: 831
      nanosec: 740000000
    frame_id: map
  pose:
    position:
      x: -13.008194028295321
      y: -0.009544923476692446
      z: 0.0
    orientation:
      x: 0.0
      y: 0.0
      z: -0.013663484681461174
      w: 0.9999066502360904
navigation_time:
  sec: 2
  nanosec: 560000000
estimated_time_remaining:
  sec: 1426
  nanosec: 203420214
number_of_recoveries: 0
distance_remaining: 19.766082763671875

Feedback:
    current_pose:
  header:
    stamp:
      sec: 831
      nanosec: 740000000
    frame_id: map
  pose:
    position:
      x: -13.008194028295321
      y: -0.009544923476692446
      z: 0.0
    orientation:
      x: 0.0
      y: 0.0
      z: -0.013663484681461174
      w: 0.9999066502360904
navigation_time:
  sec: 2
  nanosec: 560000000
estimated_time_remaining:
  sec: 1426
  nanosec: 203420214
number_of_recoveries: 0
distance_remaining: 19.766082763671875

Feedback:
    current_pose:
  header:
    stamp:
      sec: 831
      nanosec: 740000000
    frame_id: map
  pose:
    position:
      x: -13.008194028295321
      y: -0.009544923476692446
      z: 0.0
    orientation:
      x: 0.0
      y: 0.0
      z: -0.013663484681461174
      w: 0.9999066502360904
navigation_time:
  sec: 2
  nanosec: 560000000
estimated_time_remaining:
  sec: 1426
  nanosec: 203420214
number_of_recoveries: 0
distance_remaining: 19.766082763671875

Feedback:
    current_pose:
  header:
    stamp:
      sec: 831
      nanosec: 740000000
    frame_id: map
  pose:
    position:
      x: -13.008194028295321
      y: -0.009544923476692446
      z: 0.0
    orientation:
      x: 0.0
      y: 0.0
      z: -0.013663484681461174
      w: 0.9999066502360904
navigation_time:
  sec: 2
  nanosec: 560000000
estimated_time_remaining:
  sec: 1426
  nanosec: 203420214
number_of_recoveries: 0
distance_remaining: 19.766082763671875

Feedback:
    current_pose:
  header:
    stamp:
      sec: 831
      nanosec: 780000000
    frame_id: map
  pose:
    position:
      x: -13.0080193638248
      y: -0.009549598941577031
      z: 0.0
    orientation:
      x: 0.0
      y: 0.0
      z: -0.01314170506164869
      w: 0.9999136440653625
navigation_time:
  sec: 2
  nanosec: 588000000
estimated_time_remaining:
  sec: 1575
  nanosec: 304898453
number_of_recoveries: 0
distance_remaining: 19.766082763671875

Feedback:
    current_pose:
  header:
    stamp:
      sec: 831
      nanosec: 780000000
    frame_id: map
  pose:
    position:
      x: -13.0080193638248
      y: -0.009549598941577031
      z: 0.0
    orientation:
      x: 0.0
      y: 0.0
      z: -0.01314170506164869
      w: 0.9999136440653625
navigation_time:
  sec: 2
  nanosec: 588000000
estimated_time_remaining:
  sec: 1575
  nanosec: 304898453
number_of_recoveries: 0
distance_remaining: 19.766082763671875

Feedback:
    current_pose:
  header:
    stamp:
      sec: 831
      nanosec: 780000000
    frame_id: map
  pose:
    position:
      x: -13.0080193638248
      y: -0.009549598941577031
      z: 0.0
    orientation:
      x: 0.0
      y: 0.0
      z: -0.01314170506164869
      w: 0.9999136440653625
navigation_time:
  sec: 2
  nanosec: 588000000
estimated_time_remaining:
  sec: 1575
  nanosec: 304898453
number_of_recoveries: 0
distance_remaining: 19.766082763671875

Feedback:
    current_pose:
  header:
    stamp:
      sec: 831
      nanosec: 780000000
    frame_id: map
  pose:
    position:
      x: -13.0080193638248
      y: -0.009549598941577031
      z: 0.0
    orientation:
      x: 0.0
      y: 0.0
      z: -0.01314170506164869
      w: 0.9999136440653625
navigation_time:
  sec: 2
  nanosec: 588000000
estimated_time_remaining:
  sec: 1575
  nanosec: 304898453
number_of_recoveries: 0
distance_remaining: 19.766082763671875

Feedback:
    current_pose:
  header:
    stamp:
      sec: 831
      nanosec: 800000000
    frame_id: map
  pose:
    position:
      x: -13.007922302316018
      y: -0.009552126074135359
      z: 0.0
    orientation:
      x: 0.0
      y: 0.0
      z: -0.01282001572196925
      w: 0.9999178202216862
navigation_time:
  sec: 2
  nanosec: 616000000
estimated_time_remaining:
  sec: 1636
  nanosec: 992518345
number_of_recoveries: 0
distance_remaining: 19.766082763671875

Feedback:
    current_pose:
  header:
    stamp:
      sec: 831
      nanosec: 800000000
    frame_id: map
  pose:
    position:
      x: -13.007922302316018
      y: -0.009552126074135359
      z: 0.0
    orientation:
      x: 0.0
      y: 0.0
      z: -0.01282001572196925
      w: 0.9999178202216862
navigation_time:
  sec: 2
  nanosec: 620000000
estimated_time_remaining:
  sec: 1636
  nanosec: 992518345
number_of_recoveries: 0
distance_remaining: 19.766082763671875

Feedback:
    current_pose:
  header:
    stamp:
      sec: 831
      nanosec: 800000000
    frame_id: map
  pose:
    position:
      x: -13.007922302316018
      y: -0.009552126074135359
      z: 0.0
    orientation:
      x: 0.0
      y: 0.0
      z: -0.01282001572196925
      w: 0.9999178202216862
navigation_time:
  sec: 2
  nanosec: 620000000
estimated_time_remaining:
  sec: 1636
  nanosec: 992518345
number_of_recoveries: 0
distance_remaining: 19.766082763671875

Feedback:
    current_pose:
  header:
    stamp:
      sec: 831
      nanosec: 800000000
    frame_id: map
  pose:
    position:
      x: -13.007922302316018
      y: -0.009552126074135359
      z: 0.0
    orientation:
      x: 0.0
      y: 0.0
      z: -0.01282001572196925
      w: 0.9999178202216862
navigation_time:
  sec: 2
  nanosec: 620000000
estimated_time_remaining:
  sec: 1636
  nanosec: 992518345
number_of_recoveries: 0
distance_remaining: 19.766082763671875

Feedback:
    current_pose:
  header:
    stamp:
      sec: 831
      nanosec: 820000000
    frame_id: map
  pose:
    position:
      x: -13.00793812941015
      y: -0.009551724726454935
      z: 0.0
    orientation:
      x: 0.0
      y: 0.0
      z: -0.012532138822656134
      w: 0.999921469664758
navigation_time:
  sec: 2
  nanosec: 620000000
estimated_time_remaining:
  sec: 1716
  nanosec: 877558979
number_of_recoveries: 0
distance_remaining: 19.766082763671875

Feedback:
    current_pose:
  header:
    stamp:
      sec: 831
      nanosec: 840000000
    frame_id: map
  pose:
    position:
      x: -13.007991412550439
      y: -0.009550412608881231
      z: 0.0
    orientation:
      x: 0.0
      y: 0.0
      z: -0.012201428795690748
      w: 0.999925559797
navigation_time:
  sec: 2
  nanosec: 656000000
estimated_time_remaining:
  sec: 1889
  nanosec: 707098653
number_of_recoveries: 0
distance_remaining: 19.766082763671875

Feedback:
    current_pose:
  header:
    stamp:
      sec: 831
      nanosec: 840000000
    frame_id: map
  pose:
    position:
      x: -13.007991412550439
      y: -0.009550412608881231
      z: 0.0
    orientation:
      x: 0.0
      y: 0.0
      z: -0.012201428795690748
      w: 0.999925559797
navigation_time:
  sec: 2
  nanosec: 656000000
estimated_time_remaining:
  sec: 1889
  nanosec: 707098653
number_of_recoveries: 0
distance_remaining: 19.766082763671875

Feedback:
    current_pose:
  header:
    stamp:
      sec: 831
      nanosec: 840000000
    frame_id: map
  pose:
    position:
      x: -13.007991412550439
      y: -0.009550412608881231
      z: 0.0
    orientation:
      x: 0.0
      y: 0.0
      z: -0.012201428795690748
      w: 0.999925559797
navigation_time:
  sec: 2
  nanosec: 656000000
estimated_time_remaining:
  sec: 1889
  nanosec: 707098653
number_of_recoveries: 0
distance_remaining: 19.766082763671875

Feedback:
    current_pose:
  header:
    stamp:
      sec: 831
      nanosec: 840000000
    frame_id: map
  pose:
    position:
      x: -13.007991412550439
      y: -0.009550412608881231
      z: 0.0
    orientation:
      x: 0.0
      y: 0.0
      z: -0.012201428795690748
      w: 0.999925559797
navigation_time:
  sec: 2
  nanosec: 656000000
estimated_time_remaining:
  sec: 1889
  nanosec: 707098653
number_of_recoveries: 0
distance_remaining: 19.766082763671875

Feedback:
    current_pose:
  header:
    stamp:
      sec: 831
      nanosec: 840000000
    frame_id: map
  pose:
    position:
      x: -13.007991412550439
      y: -0.009550412608881231
      z: 0.0
    orientation:
      x: 0.0
      y: 0.0
      z: -0.012201428795690748
      w: 0.999925559797
navigation_time:
  sec: 2
  nanosec: 656000000
estimated_time_remaining:
  sec: 1889
  nanosec: 707098653
number_of_recoveries: 0
distance_remaining: 19.766082763671875

Feedback:
    current_pose:
  header:
    stamp:
      sec: 831
      nanosec: 860000000
    frame_id: map
  pose:
    position:
      x: -13.008100880953833
      y: -0.009547783934388931
      z: 0.0
    orientation:
      x: 0.0
      y: 0.0
      z: -0.011806468946526316
      w: 0.9999303012165471
navigation_time:
  sec: 2
  nanosec: 664000000
estimated_time_remaining:
  sec: 0
  nanosec: 0
number_of_recoveries: 0
distance_remaining: 19.766082763671875

Feedback:
    current_pose:
  header:
    stamp:
      sec: 831
      nanosec: 880000000
    frame_id: map
  pose:
    position:
      x: -13.00816179210615
      y: -0.009546357738386746
      z: 0.0
    orientation:
      x: 0.0
      y: 0.0
      z: -0.011377577810360471
      w: 0.9999352732668096
navigation_time:
  sec: 2
  nanosec: 684000000
estimated_time_remaining:
  sec: 0
  nanosec: 0
number_of_recoveries: 0
distance_remaining: 19.766082763671875

Feedback:
    current_pose:
  header:
    stamp:
      sec: 831
      nanosec: 880000000
    frame_id: map
  pose:
    position:
      x: -13.00816179210615
      y: -0.009546357738386746
      z: 0.0
    orientation:
      x: 0.0
      y: 0.0
      z: -0.011377577810360471
      w: 0.9999352732668096
navigation_time:
  sec: 2
  nanosec: 684000000
estimated_time_remaining:
  sec: 0
  nanosec: 0
number_of_recoveries: 0
distance_remaining: 19.766082763671875

Feedback:
    current_pose:
  header:
    stamp:
      sec: 831
      nanosec: 880000000
    frame_id: map
  pose:
    position:
      x: -13.00816179210615
      y: -0.009546357738386746
      z: 0.0
    orientation:
      x: 0.0
      y: 0.0
      z: -0.011377577810360471
      w: 0.9999352732668096
navigation_time:
  sec: 2
  nanosec: 684000000
estimated_time_remaining:
  sec: 0
  nanosec: 0
number_of_recoveries: 0
distance_remaining: 19.766082763671875

Feedback:
    current_pose:
  header:
    stamp:
      sec: 831
      nanosec: 900000000
    frame_id: map
  pose:
    position:
      x: -13.008149864738186
      y: -0.009546623474355087
      z: 0.0
    orientation:
      x: 0.0
      y: 0.0
      z: -0.010897790117787909
      w: 0.9999406173221231
navigation_time:
  sec: 2
  nanosec: 708000000
estimated_time_remaining:
  sec: 0
  nanosec: 0
number_of_recoveries: 0
distance_remaining: 19.766082763671875

Feedback:
    current_pose:
  header:
    stamp:
      sec: 831
      nanosec: 900000000
    frame_id: map
  pose:
    position:
      x: -13.008149864738186
      y: -0.009546623474355087
      z: 0.0
    orientation:
      x: 0.0
      y: 0.0
      z: -0.010897790117787909
      w: 0.9999406173221231
navigation_time:
  sec: 2
  nanosec: 716000000
estimated_time_remaining:
  sec: 0
  nanosec: 0
number_of_recoveries: 0
distance_remaining: 19.766082763671875

Feedback:
    current_pose:
  header:
    stamp:
      sec: 831
      nanosec: 900000000
    frame_id: map
  pose:
    position:
      x: -13.008149864738186
      y: -0.009546623474355087
      z: 0.0
    orientation:
      x: 0.0
      y: 0.0
      z: -0.010897790117787909
      w: 0.9999406173221231
navigation_time:
  sec: 2
  nanosec: 716000000
estimated_time_remaining:
  sec: 0
  nanosec: 0
number_of_recoveries: 0
distance_remaining: 19.766082763671875

Feedback:
    current_pose:
  header:
    stamp:
      sec: 831
      nanosec: 920000000
    frame_id: map
  pose:
    position:
      x: -13.008291010430327
      y: -0.009543619079009247
      z: 0.0
    orientation:
      x: 0.0
      y: 0.0
      z: -0.010487264623181277
      w: 0.9999450071282538
navigation_time:
  sec: 2
  nanosec: 740000000
estimated_time_remaining:
  sec: 0
  nanosec: 0
number_of_recoveries: 0
distance_remaining: 19.766082763671875

Feedback:
    current_pose:
  header:
    stamp:
      sec: 831
      nanosec: 940000000
    frame_id: map
  pose:
    position:
      x: -13.008470427083665
      y: -0.009539925861011156
      z: 0.0
    orientation:
      x: 0.0
      y: 0.0
      z: -0.01009405363836158
      w: 0.9999490537428123
navigation_time:
  sec: 2
  nanosec: 748000000
estimated_time_remaining:
  sec: 0
  nanosec: 0
number_of_recoveries: 0
distance_remaining: 19.766082763671875

Feedback:
    current_pose:
  header:
    stamp:
      sec: 831
      nanosec: 940000000
    frame_id: map
  pose:
    position:
      x: -13.008470427083665
      y: -0.009539925861011156
      z: 0.0
    orientation:
      x: 0.0
      y: 0.0
      z: -0.01009405363836158
      w: 0.9999490537428123
navigation_time:
  sec: 2
  nanosec: 752000000
estimated_time_remaining:
  sec: 0
  nanosec: 0
number_of_recoveries: 0
distance_remaining: 19.766082763671875

Feedback:
    current_pose:
  header:
    stamp:
      sec: 831
      nanosec: 940000000
    frame_id: map
  pose:
    position:
      x: -13.008470427083665
      y: -0.009539925861011156
      z: 0.0
    orientation:
      x: 0.0
      y: 0.0
      z: -0.01009405363836158
      w: 0.9999490537428123
navigation_time:
  sec: 2
  nanosec: 752000000
estimated_time_remaining:
  sec: 0
  nanosec: 0
number_of_recoveries: 0
distance_remaining: 19.766082763671875

Feedback:
    current_pose:
  header:
    stamp:
      sec: 831
      nanosec: 940000000
    frame_id: map
  pose:
    position:
      x: -13.008470427083665
      y: -0.009539925861011156
      z: 0.0
    orientation:
      x: 0.0
      y: 0.0
      z: -0.01009405363836158
      w: 0.9999490537428123
navigation_time:
  sec: 2
  nanosec: 752000000
estimated_time_remaining:
  sec: 0
  nanosec: 0
number_of_recoveries: 0
distance_remaining: 19.766082763671875

Feedback:
    current_pose:
  header:
    stamp:
      sec: 831
      nanosec: 940000000
    frame_id: map
  pose:
    position:
      x: -13.008470427083665
      y: -0.009539925861011156
      z: 0.0
    orientation:
      x: 0.0
      y: 0.0
      z: -0.01009405363836158
      w: 0.9999490537428123
navigation_time:
  sec: 2
  nanosec: 752000000
estimated_time_remaining:
  sec: 0
  nanosec: 0
number_of_recoveries: 0
distance_remaining: 19.766082763671875

Feedback:
    current_pose:
  header:
    stamp:
      sec: 831
      nanosec: 940000000
    frame_id: map
  pose:
    position:
      x: -13.008470427083665
      y: -0.009539925861011156
      z: 0.0
    orientation:
      x: 0.0
      y: 0.0
      z: -0.01009405363836158
      w: 0.9999490537428123
navigation_time:
  sec: 2
  nanosec: 760000000
estimated_time_remaining:
  sec: 0
  nanosec: 0
number_of_recoveries: 0
distance_remaining: 19.766082763671875

Feedback:
    current_pose:
  header:
    stamp:
      sec: 831
      nanosec: 980000000
    frame_id: map
  pose:
    position:
      x: -13.008181795489719
      y: -0.009545507047857171
      z: 0.0
    orientation:
      x: 0.0
      y: 0.0
      z: -0.009323492204273476
      w: 0.9999565353019684
navigation_time:
  sec: 2
  nanosec: 784000000
estimated_time_remaining:
  sec: 0
  nanosec: 0
number_of_recoveries: 0
distance_remaining: 19.766082763671875

Feedback:
    current_pose:
  header:
    stamp:
      sec: 831
      nanosec: 980000000
    frame_id: map
  pose:
    position:
      x: -13.008181795489719
      y: -0.009545507047857171
      z: 0.0
    orientation:
      x: 0.0
      y: 0.0
      z: -0.009323492204273476
      w: 0.9999565353019684
navigation_time:
  sec: 2
  nanosec: 784000000
estimated_time_remaining:
  sec: 0
  nanosec: 0
number_of_recoveries: 0
distance_remaining: 19.766082763671875

Feedback:
    current_pose:
  header:
    stamp:
      sec: 831
      nanosec: 980000000
    frame_id: map
  pose:
    position:
      x: -13.008181795489719
      y: -0.009545507047857171
      z: 0.0
    orientation:
      x: 0.0
      y: 0.0
      z: -0.009323492204273476
      w: 0.9999565353019684
navigation_time:
  sec: 2
  nanosec: 784000000
estimated_time_remaining:
  sec: 0
  nanosec: 0
number_of_recoveries: 0
distance_remaining: 19.766082763671875

Feedback:
    current_pose:
  header:
    stamp:
      sec: 831
      nanosec: 980000000
    frame_id: map
  pose:
    position:
      x: -13.008181795489719
      y: -0.009545507047857171
      z: 0.0
    orientation:
      x: 0.0
      y: 0.0
      z: -0.009323492204273476
      w: 0.9999565353019684
navigation_time:
  sec: 2
  nanosec: 784000000
estimated_time_remaining:
  sec: 0
  nanosec: 0
number_of_recoveries: 0
distance_remaining: 19.766082763671875

Feedback:
    current_pose:
  header:
    stamp:
      sec: 832
      nanosec: 0
    frame_id: map
  pose:
    position:
      x: -13.00795713235128
      y: -0.00954960902604185
      z: 0.0
    orientation:
      x: 0.0
      y: 0.0
      z: -0.008932575300335558
      w: 0.9999601037533967
navigation_time:
  sec: 2
  nanosec: 820000000
estimated_time_remaining:
  sec: 0
  nanosec: 0
number_of_recoveries: 0
distance_remaining: 19.766082763671875

Feedback:
    current_pose:
  header:
    stamp:
      sec: 832
      nanosec: 20000000
    frame_id: map
  pose:
    position:
      x: -13.007766670384598
      y: -0.009552922643722539
      z: 0.0
    orientation:
      x: 0.0
      y: 0.0
      z: -0.008340021253445516
      w: 0.9999652214179712
navigation_time:
  sec: 2
  nanosec: 824000000
estimated_time_remaining:
  sec: 0
  nanosec: 0
number_of_recoveries: 0
distance_remaining: 19.766082763671875

Feedback:
    current_pose:
  header:
    stamp:
      sec: 832
      nanosec: 20000000
    frame_id: map
  pose:
    position:
      x: -13.007766670384598
      y: -0.009552922643722539
      z: 0.0
    orientation:
      x: 0.0
      y: 0.0
      z: -0.008340021253445516
      w: 0.9999652214179712
navigation_time:
  sec: 2
  nanosec: 824000000
estimated_time_remaining:
  sec: 0
  nanosec: 0
number_of_recoveries: 0
distance_remaining: 19.766082763671875

Feedback:
    current_pose:
  header:
    stamp:
      sec: 832
      nanosec: 20000000
    frame_id: map
  pose:
    position:
      x: -13.007766670384598
      y: -0.009552922643722539
      z: 0.0
    orientation:
      x: 0.0
      y: 0.0
      z: -0.008340021253445516
      w: 0.9999652214179712
navigation_time:
  sec: 2
  nanosec: 824000000
estimated_time_remaining:
  sec: 0
  nanosec: 0
number_of_recoveries: 0
distance_remaining: 19.766082763671875

Feedback:
    current_pose:
  header:
    stamp:
      sec: 832
      nanosec: 40000000
    frame_id: map
  pose:
    position:
      x: -13.007599007461664
      y: -0.009555597636012436
      z: 0.0
    orientation:
      x: 0.0
      y: 0.0
      z: -0.007613039597719419
      w: 0.9999710203941329
navigation_time:
  sec: 2
  nanosec: 852000000
estimated_time_remaining:
  sec: 0
  nanosec: 0
number_of_recoveries: 0
distance_remaining: 19.766082763671875

Feedback:
    current_pose:
  header:
    stamp:
      sec: 832
      nanosec: 40000000
    frame_id: map
  pose:
    position:
      x: -13.007599007461664
      y: -0.009555597636012436
      z: 0.0
    orientation:
      x: 0.0
      y: 0.0
      z: -0.007613039597719419
      w: 0.9999710203941329
navigation_time:
  sec: 2
  nanosec: 856000000
estimated_time_remaining:
  sec: 0
  nanosec: 0
number_of_recoveries: 0
distance_remaining: 19.766082763671875

Feedback:
    current_pose:
  header:
    stamp:
      sec: 832
      nanosec: 40000000
    frame_id: map
  pose:
    position:
      x: -13.007599007461664
      y: -0.009555597636012436
      z: 0.0
    orientation:
      x: 0.0
      y: 0.0
      z: -0.007613039597719419
      w: 0.9999710203941329
navigation_time:
  sec: 2
  nanosec: 856000000
estimated_time_remaining:
  sec: 0
  nanosec: 0
number_of_recoveries: 0
distance_remaining: 19.766082763671875

Feedback:
    current_pose:
  header:
    stamp:
      sec: 832
      nanosec: 40000000
    frame_id: map
  pose:
    position:
      x: -13.007599007461664
      y: -0.009555597636012436
      z: 0.0
    orientation:
      x: 0.0
      y: 0.0
      z: -0.007613039597719419
      w: 0.9999710203941329
navigation_time:
  sec: 2
  nanosec: 856000000
estimated_time_remaining:
  sec: 0
  nanosec: 0
number_of_recoveries: 0
distance_remaining: 19.766082763671875

Feedback:
    current_pose:
  header:
    stamp:
      sec: 832
      nanosec: 40000000
    frame_id: map
  pose:
    position:
      x: -13.007599007461664
      y: -0.009555597636012436
      z: 0.0
    orientation:
      x: 0.0
      y: 0.0
      z: -0.007613039597719419
      w: 0.9999710203941329
navigation_time:
  sec: 2
  nanosec: 856000000
estimated_time_remaining:
  sec: 0
  nanosec: 0
number_of_recoveries: 0
distance_remaining: 19.766082763671875

Feedback:
    current_pose:
  header:
    stamp:
      sec: 832
      nanosec: 60000000
    frame_id: map
  pose:
    position:
      x: -13.007331666617745
      y: -0.009559453970519272
      z: 0.0
    orientation:
      x: 0.0
      y: 0.0
      z: -0.006930084393125313
      w: 0.9999759866768322
navigation_time:
  sec: 2
  nanosec: 880000000
estimated_time_remaining:
  sec: 0
  nanosec: 0
number_of_recoveries: 0
distance_remaining: 19.766082763671875

Feedback:
    current_pose:
  header:
    stamp:
      sec: 832
      nanosec: 60000000
    frame_id: map
  pose:
    position:
      x: -13.007331666617745
      y: -0.009559453970519272
      z: 0.0
    orientation:
      x: 0.0
      y: 0.0
      z: -0.006930084393125313
      w: 0.9999759866768322
navigation_time:
  sec: 2
  nanosec: 880000000
estimated_time_remaining:
  sec: 0
  nanosec: 0
number_of_recoveries: 0
distance_remaining: 19.766082763671875

Feedback:
    current_pose:
  header:
    stamp:
      sec: 832
      nanosec: 60000000
    frame_id: map
  pose:
    position:
      x: -13.007331666617745
      y: -0.009559453970519272
      z: 0.0
    orientation:
      x: 0.0
      y: 0.0
      z: -0.006930084393125313
      w: 0.9999759866768322
navigation_time:
  sec: 2
  nanosec: 880000000
estimated_time_remaining:
  sec: 0
  nanosec: 0
number_of_recoveries: 0
distance_remaining: 19.766082763671875

Feedback:
    current_pose:
  header:
    stamp:
      sec: 832
      nanosec: 80000000
    frame_id: map
  pose:
    position:
      x: -13.006997870813237
      y: -0.009563862554815117
      z: 0.0
    orientation:
      x: 0.0
      y: 0.0
      z: -0.00627647978262741
      w: 0.9999803027067773
navigation_time:
  sec: 2
  nanosec: 888000000
estimated_time_remaining:
  sec: 0
  nanosec: 0
number_of_recoveries: 0
distance_remaining: 19.766082763671875

Feedback:
    current_pose:
  header:
    stamp:
      sec: 832
      nanosec: 100000000
    frame_id: map
  pose:
    position:
      x: -13.006759809592836
      y: -0.009566704244990731
      z: 0.0
    orientation:
      x: 0.0
      y: 0.0
      z: -0.0056009730848377275
      w: 0.999984314427233
navigation_time:
  sec: 2
  nanosec: 920000000
estimated_time_remaining:
  sec: 0
  nanosec: 0
number_of_recoveries: 0
distance_remaining: 19.766082763671875

Feedback:
    current_pose:
  header:
    stamp:
      sec: 832
      nanosec: 100000000
    frame_id: map
  pose:
    position:
      x: -13.006759809592836
      y: -0.009566704244990731
      z: 0.0
    orientation:
      x: 0.0
      y: 0.0
      z: -0.0056009730848377275
      w: 0.999984314427233
navigation_time:
  sec: 2
  nanosec: 920000000
estimated_time_remaining:
  sec: 0
  nanosec: 0
number_of_recoveries: 0
distance_remaining: 19.766082763671875

Feedback:
    current_pose:
  header:
    stamp:
      sec: 832
      nanosec: 100000000
    frame_id: map
  pose:
    position:
      x: -13.006759809592836
      y: -0.009566704244990731
      z: 0.0
    orientation:
      x: 0.0
      y: 0.0
      z: -0.0056009730848377275
      w: 0.999984314427233
navigation_time:
  sec: 2
  nanosec: 920000000
estimated_time_remaining:
  sec: 0
  nanosec: 0
number_of_recoveries: 0
distance_remaining: 19.766082763671875

Feedback:
    current_pose:
  header:
    stamp:
      sec: 832
      nanosec: 100000000
    frame_id: map
  pose:
    position:
      x: -13.006759809592836
      y: -0.009566704244990731
      z: 0.0
    orientation:
      x: 0.0
      y: 0.0
      z: -0.0056009730848377275
      w: 0.999984314427233
navigation_time:
  sec: 2
  nanosec: 920000000
estimated_time_remaining:
  sec: 0
  nanosec: 0
number_of_recoveries: 0
distance_remaining: 19.766082763671875

Feedback:
    current_pose:
  header:
    stamp:
      sec: 832
      nanosec: 100000000
    frame_id: map
  pose:
    position:
      x: -13.006759809592836
      y: -0.009566704244990731
      z: 0.0
    orientation:
      x: 0.0
      y: 0.0
      z: -0.0056009730848377275
      w: 0.999984314427233
navigation_time:
  sec: 2
  nanosec: 920000000
estimated_time_remaining:
  sec: 0
  nanosec: 0
number_of_recoveries: 0
distance_remaining: 19.766082763671875

Feedback:
    current_pose:
  header:
    stamp:
      sec: 832
      nanosec: 120000000
    frame_id: map
  pose:
    position:
      x: -13.006545679946981
      y: -0.009568957188516691
      z: 0.0
    orientation:
      x: 0.0
      y: 0.0
      z: -0.004919988948759113
      w: 0.9999878967811282
navigation_time:
  sec: 2
  nanosec: 924000000
estimated_time_remaining:
  sec: 0
  nanosec: 0
number_of_recoveries: 0
distance_remaining: 19.766082763671875

Feedback:
    current_pose:
  header:
    stamp:
      sec: 832
      nanosec: 140000000
    frame_id: map
  pose:
    position:
      x: -13.00627134499804
      y: -0.009571447828506052
      z: 0.0
    orientation:
      x: 0.0
      y: 0.0
      z: -0.004208952864739157
      w: 0.999991142318662
navigation_time:
  sec: 2
  nanosec: 952000000
estimated_time_remaining:
  sec: 0
  nanosec: 0
number_of_recoveries: 0
distance_remaining: 19.766082763671875

Feedback:
    current_pose:
  header:
    stamp:
      sec: 832
      nanosec: 140000000
    frame_id: map
  pose:
    position:
      x: -13.00627134499804
      y: -0.009571447828506052
      z: 0.0
    orientation:
      x: 0.0
      y: 0.0
      z: -0.004208952864739157
      w: 0.999991142318662
navigation_time:
  sec: 2
  nanosec: 952000000
estimated_time_remaining:
  sec: 0
  nanosec: 0
number_of_recoveries: 0
distance_remaining: 19.766082763671875

Feedback:
    current_pose:
  header:
    stamp:
      sec: 832
      nanosec: 140000000
    frame_id: map
  pose:
    position:
      x: -13.00627134499804
      y: -0.009571447828506052
      z: 0.0
    orientation:
      x: 0.0
      y: 0.0
      z: -0.004208952864739157
      w: 0.999991142318662
navigation_time:
  sec: 2
  nanosec: 952000000
estimated_time_remaining:
  sec: 0
  nanosec: 0
number_of_recoveries: 0
distance_remaining: 19.766082763671875

Feedback:
    current_pose:
  header:
    stamp:
      sec: 832
      nanosec: 180000000
    frame_id: map
  pose:
    position:
      x: -13.00578684861064
      y: -0.00957496520217127
      z: 0.0
    orientation:
      x: 0.0
      y: 0.0
      z: -0.002733580223046816
      w: 0.9999962637626023
navigation_time:
  sec: 2
  nanosec: 984000000
estimated_time_remaining:
  sec: 0
  nanosec: 0
number_of_recoveries: 0
distance_remaining: 19.766082763671875

Feedback:
    current_pose:
  header:
    stamp:
      sec: 832
      nanosec: 180000000
    frame_id: map
  pose:
    position:
      x: -13.00578684861064
      y: -0.00957496520217127
      z: 0.0
    orientation:
      x: 0.0
      y: 0.0
      z: -0.002733580223046816
      w: 0.9999962637626023
navigation_time:
  sec: 2
  nanosec: 984000000
estimated_time_remaining:
  sec: 0
  nanosec: 0
number_of_recoveries: 0
distance_remaining: 19.766082763671875

Feedback:
    current_pose:
  header:
    stamp:
      sec: 832
      nanosec: 180000000
    frame_id: map
  pose:
    position:
      x: -13.00578684861064
      y: -0.00957496520217127
      z: 0.0
    orientation:
      x: 0.0
      y: 0.0
      z: -0.002733580223046816
      w: 0.9999962637626023
navigation_time:
  sec: 2
  nanosec: 984000000
estimated_time_remaining:
  sec: 0
  nanosec: 0
number_of_recoveries: 0
distance_remaining: 19.766082763671875

Feedback:
    current_pose:
  header:
    stamp:
      sec: 832
      nanosec: 180000000
    frame_id: map
  pose:
    position:
      x: -13.00578684861064
      y: -0.00957496520217127
      z: 0.0
    orientation:
      x: 0.0
      y: 0.0
      z: -0.002733580223046816
      w: 0.9999962637626023
navigation_time:
  sec: 2
  nanosec: 984000000
estimated_time_remaining:
  sec: 0
  nanosec: 0
number_of_recoveries: 0
distance_remaining: 19.766082763671875

Feedback:
    current_pose:
  header:
    stamp:
      sec: 832
      nanosec: 200000000
    frame_id: map
  pose:
    position:
      x: -13.005700472367835
      y: -0.009575365518211143
      z: 0.0
    orientation:
      x: 0.0
      y: 0.0
      z: -0.002008060462717065
      w: 0.9999979838445564
navigation_time:
  sec: 3
  nanosec: 0
estimated_time_remaining:
  sec: 0
  nanosec: 0
number_of_recoveries: 0
distance_remaining: 19.766082763671875

Feedback:
    current_pose:
  header:
    stamp:
      sec: 832
      nanosec: 200000000
    frame_id: map
  pose:
    position:
      x: -13.005700472367835
      y: -0.009575365518211143
      z: 0.0
    orientation:
      x: 0.0
      y: 0.0
      z: -0.002008060462717065
      w: 0.9999979838445564
navigation_time:
  sec: 3
  nanosec: 0
estimated_time_remaining:
  sec: 0
  nanosec: 0
number_of_recoveries: 0
distance_remaining: 19.766082763671875

Feedback:
    current_pose:
  header:
    stamp:
      sec: 832
      nanosec: 200000000
    frame_id: map
  pose:
    position:
      x: -13.005700472367835
      y: -0.009575365518211143
      z: 0.0
    orientation:
      x: 0.0
      y: 0.0
      z: -0.002008060462717065
      w: 0.9999979838445564
navigation_time:
  sec: 3
  nanosec: 0
estimated_time_remaining:
  sec: 0
  nanosec: 0
number_of_recoveries: 0
distance_remaining: 19.766082763671875

Feedback:
    current_pose:
  header:
    stamp:
      sec: 832
      nanosec: 200000000
    frame_id: map
  pose:
    position:
      x: -13.005700472367835
      y: -0.009575365518211143
      z: 0.0
    orientation:
      x: 0.0
      y: 0.0
      z: -0.002008060462717065
      w: 0.9999979838445564
navigation_time:
  sec: 3
  nanosec: 0
estimated_time_remaining:
  sec: 0
  nanosec: 0
number_of_recoveries: 0
distance_remaining: 19.766082763671875

Feedback:
    current_pose:
  header:
    stamp:
      sec: 832
      nanosec: 220000000
    frame_id: map
  pose:
    position:
      x: -13.005563476446952
      y: -0.00957583144433194
      z: 0.0
    orientation:
      x: 0.0
      y: 0.0
      z: -0.0013929464626776522
      w: 0.9999990298496055
navigation_time:
  sec: 3
  nanosec: 32000000
estimated_time_remaining:
  sec: 0
  nanosec: 0
number_of_recoveries: 0
distance_remaining: 19.766082763671875

Feedback:
    current_pose:
  header:
    stamp:
      sec: 832
      nanosec: 240000000
    frame_id: map
  pose:
    position:
      x: -13.005577270855554
      y: -0.00957580267641056
      z: 0.0
    orientation:
      x: 0.0
      y: 0.0
      z: -0.0006925266694852713
      w: 0.9999997602033774
navigation_time:
  sec: 3
  nanosec: 44000000
estimated_time_remaining:
  sec: 0
  nanosec: 0
number_of_recoveries: 0
distance_remaining: 19.766082763671875

Feedback:
    current_pose:
  header:
    stamp:
      sec: 832
      nanosec: 240000000
    frame_id: map
  pose:
    position:
      x: -13.005577270855554
      y: -0.00957580267641056
      z: 0.0
    orientation:
      x: 0.0
      y: 0.0
      z: -0.0006925266694852713
      w: 0.9999997602033774
navigation_time:
  sec: 3
  nanosec: 52000000
estimated_time_remaining:
  sec: 0
  nanosec: 0
number_of_recoveries: 0
distance_remaining: 19.766082763671875

Feedback:
    current_pose:
  header:
    stamp:
      sec: 832
      nanosec: 240000000
    frame_id: map
  pose:
    position:
      x: -13.005577270855554
      y: -0.00957580267641056
      z: 0.0
    orientation:
      x: 0.0
      y: 0.0
      z: -0.0006925266694852713
      w: 0.9999997602033774
navigation_time:
  sec: 3
  nanosec: 52000000
estimated_time_remaining:
  sec: 0
  nanosec: 0
number_of_recoveries: 0
distance_remaining: 19.766082763671875

Feedback:
    current_pose:
  header:
    stamp:
      sec: 832
      nanosec: 240000000
    frame_id: map
  pose:
    position:
      x: -13.005577270855554
      y: -0.00957580267641056
      z: 0.0
    orientation:
      x: 0.0
      y: 0.0
      z: -0.0006925266694852713
      w: 0.9999997602033774
navigation_time:
  sec: 3
  nanosec: 52000000
estimated_time_remaining:
  sec: 0
  nanosec: 0
number_of_recoveries: 0
distance_remaining: 19.766082763671875

Feedback:
    current_pose:
  header:
    stamp:
      sec: 832
      nanosec: 240000000
    frame_id: map
  pose:
    position:
      x: -13.005577270855554
      y: -0.00957580267641056
      z: 0.0
    orientation:
      x: 0.0
      y: 0.0
      z: -0.0006925266694852713
      w: 0.9999997602033774
navigation_time:
  sec: 3
  nanosec: 52000000
estimated_time_remaining:
  sec: 0
  nanosec: 0
number_of_recoveries: 0
distance_remaining: 19.766082763671875

Feedback:
    current_pose:
  header:
    stamp:
      sec: 832
      nanosec: 260000000
    frame_id: map
  pose:
    position:
      x: -13.005591065291512
      y: -0.009575793232281526
      z: 0.0
    orientation:
      x: 0.0
      y: 0.0
      z: 7.893490986121689e-06
      w: 0.9999999999688463
navigation_time:
  sec: 3
  nanosec: 68000000
estimated_time_remaining:
  sec: 0
  nanosec: 0
number_of_recoveries: 0
distance_remaining: 19.766082763671875

Feedback:
    current_pose:
  header:
    stamp:
      sec: 832
      nanosec: 260000000
    frame_id: map
  pose:
    position:
      x: -13.005591065291512
      y: -0.009575793232281526
      z: 0.0
    orientation:
      x: 0.0
      y: 0.0
      z: 7.893490986121689e-06
      w: 0.9999999999688463
navigation_time:
  sec: 3
  nanosec: 76000000
estimated_time_remaining:
  sec: 0
  nanosec: 0
number_of_recoveries: 0
distance_remaining: 19.766082763671875

Feedback:
    current_pose:
  header:
    stamp:
      sec: 832
      nanosec: 280000000
    frame_id: map
  pose:
    position:
      x: -13.00549908357803
      y: -0.009575734289438032
      z: 0.0
    orientation:
      x: 0.0
      y: 0.0
      z: 0.0006329168677954579
      w: 0.999999799708099
navigation_time:
  sec: 3
  nanosec: 80000000
estimated_time_remaining:
  sec: 0
  nanosec: 0
number_of_recoveries: 0
distance_remaining: 19.766082763671875

Feedback:
    current_pose:
  header:
    stamp:
      sec: 832
      nanosec: 280000000
    frame_id: map
  pose:
    position:
      x: -13.00549908357803
      y: -0.009575734289438032
      z: 0.0
    orientation:
      x: 0.0
      y: 0.0
      z: 0.0006329168677954579
      w: 0.999999799708099
navigation_time:
  sec: 3
  nanosec: 88000000
estimated_time_remaining:
  sec: 0
  nanosec: 0
number_of_recoveries: 0
distance_remaining: 19.766082763671875

Feedback:
    current_pose:
  header:
    stamp:
      sec: 832
      nanosec: 280000000
    frame_id: map
  pose:
    position:
      x: -13.00549908357803
      y: -0.009575734289438032
      z: 0.0
    orientation:
      x: 0.0
      y: 0.0
      z: 0.0006329168677954579
      w: 0.999999799708099
navigation_time:
  sec: 3
  nanosec: 88000000
estimated_time_remaining:
  sec: 0
  nanosec: 0
number_of_recoveries: 0
distance_remaining: 19.766082763671875

Feedback:
    current_pose:
  header:
    stamp:
      sec: 832
      nanosec: 280000000
    frame_id: map
  pose:
    position:
      x: -13.00549908357803
      y: -0.009575734289438032
      z: 0.0
    orientation:
      x: 0.0
      y: 0.0
      z: 0.0006329168677954579
      w: 0.999999799708099
navigation_time:
  sec: 3
  nanosec: 88000000
estimated_time_remaining:
  sec: 0
  nanosec: 0
number_of_recoveries: 0
distance_remaining: 19.766082763671875

Feedback:
    current_pose:
  header:
    stamp:
      sec: 832
      nanosec: 280000000
    frame_id: map
  pose:
    position:
      x: -13.00549908357803
      y: -0.009575734289438032
      z: 0.0
    orientation:
      x: 0.0
      y: 0.0
      z: 0.0006329168677954579
      w: 0.999999799708099
navigation_time:
  sec: 3
  nanosec: 88000000
estimated_time_remaining:
  sec: 0
  nanosec: 0
number_of_recoveries: 0
distance_remaining: 19.766082763671875

Feedback:
    current_pose:
  header:
    stamp:
      sec: 832
      nanosec: 280000000
    frame_id: map
  pose:
    position:
      x: -13.00549908357803
      y: -0.009575734289438032
      z: 0.0
    orientation:
      x: 0.0
      y: 0.0
      z: 0.0006329168677954579
      w: 0.999999799708099
navigation_time:
  sec: 3
  nanosec: 88000000
estimated_time_remaining:
  sec: 0
  nanosec: 0
number_of_recoveries: 0
distance_remaining: 19.766082763671875

Feedback:
    current_pose:
  header:
    stamp:
      sec: 832
      nanosec: 280000000
    frame_id: map
  pose:
    position:
      x: -13.00549908357803
      y: -0.009575734289438032
      z: 0.0
    orientation:
      x: 0.0
      y: 0.0
      z: 0.0006329168677954579
      w: 0.999999799708099
navigation_time:
  sec: 3
  nanosec: 88000000
estimated_time_remaining:
  sec: 0
  nanosec: 0
number_of_recoveries: 0
distance_remaining: 19.766082763671875

Feedback:
    current_pose:
  header:
    stamp:
      sec: 832
      nanosec: 280000000
    frame_id: map
  pose:
    position:
      x: -13.00549908357803
      y: -0.009575734289438032
      z: 0.0
    orientation:
      x: 0.0
      y: 0.0
      z: 0.0006329168677954579
      w: 0.999999799708099
navigation_time:
  sec: 3
  nanosec: 88000000
estimated_time_remaining:
  sec: 0
  nanosec: 0
number_of_recoveries: 0
distance_remaining: 19.766082763671875

Feedback:
    current_pose:
  header:
    stamp:
      sec: 832
      nanosec: 300000000
    frame_id: map
  pose:
    position:
      x: -13.005472825259503
      y: -0.009575699812172545
      z: 0.0
    orientation:
      x: 0.0
      y: 0.0
      z: 0.0011385248143654376
      w: 0.9999993518804136
navigation_time:
  sec: 3
  nanosec: 116000000
estimated_time_remaining:
  sec: 0
  nanosec: 0
number_of_recoveries: 0
distance_remaining: 19.766082763671875

Feedback:
    current_pose:
  header:
    stamp:
      sec: 832
      nanosec: 300000000
    frame_id: map
  pose:
    position:
      x: -13.005472825259503
      y: -0.009575699812172545
      z: 0.0
    orientation:
      x: 0.0
      y: 0.0
      z: 0.0011385248143654376
      w: 0.9999993518804136
navigation_time:
  sec: 3
  nanosec: 120000000
estimated_time_remaining:
  sec: 0
  nanosec: 0
number_of_recoveries: 0
distance_remaining: 19.766082763671875

Feedback:
    current_pose:
  header:
    stamp:
      sec: 832
      nanosec: 300000000
    frame_id: map
  pose:
    position:
      x: -13.005472825259503
      y: -0.009575699812172545
      z: 0.0
    orientation:
      x: 0.0
      y: 0.0
      z: 0.0011385248143654376
      w: 0.9999993518804136
navigation_time:
  sec: 3
  nanosec: 120000000
estimated_time_remaining:
  sec: 0
  nanosec: 0
number_of_recoveries: 0
distance_remaining: 19.766082763671875

Feedback:
    current_pose:
  header:
    stamp:
      sec: 832
      nanosec: 300000000
    frame_id: map
  pose:
    position:
      x: -13.005472825259503
      y: -0.009575699812172545
      z: 0.0
    orientation:
      x: 0.0
      y: 0.0
      z: 0.0011385248143654376
      w: 0.9999993518804136
navigation_time:
  sec: 3
  nanosec: 120000000
estimated_time_remaining:
  sec: 0
  nanosec: 0
number_of_recoveries: 0
distance_remaining: 19.766082763671875

Feedback:
    current_pose:
  header:
    stamp:
      sec: 832
      nanosec: 320000000
    frame_id: map
  pose:
    position:
      x: -13.005642885827868
      y: -0.009576207495163302
      z: 0.0
    orientation:
      x: 0.0
      y: 0.0
      z: 0.0016210641266603543
      w: 0.9999986860746855
navigation_time:
  sec: 3
  nanosec: 128000000
estimated_time_remaining:
  sec: 0
  nanosec: 0
number_of_recoveries: 0
distance_remaining: 19.766082763671875

Feedback:
    current_pose:
  header:
    stamp:
      sec: 832
      nanosec: 340000000
    frame_id: map
  pose:
    position:
      x: -13.006064940462807
      y: -0.009577804639446796
      z: 0.0
    orientation:
      x: 0.0
      y: 0.0
      z: 0.00208673313701005
      w: 0.9999978227700371
navigation_time:
  sec: 3
  nanosec: 144000000
estimated_time_remaining:
  sec: 0
  nanosec: 0
number_of_recoveries: 0
distance_remaining: 19.766082763671875

Feedback:
    current_pose:
  header:
    stamp:
      sec: 832
      nanosec: 340000000
    frame_id: map
  pose:
    position:
      x: -13.006064940462807
      y: -0.009577804639446796
      z: 0.0
    orientation:
      x: 0.0
      y: 0.0
      z: 0.00208673313701005
      w: 0.9999978227700371
navigation_time:
  sec: 3
  nanosec: 148000000
estimated_time_remaining:
  sec: 0
  nanosec: 0
number_of_recoveries: 0
distance_remaining: 19.766082763671875

Feedback:
    current_pose:
  header:
    stamp:
      sec: 832
      nanosec: 340000000
    frame_id: map
  pose:
    position:
      x: -13.006064940462807
      y: -0.009577804639446796
      z: 0.0
    orientation:
      x: 0.0
      y: 0.0
      z: 0.00208673313701005
      w: 0.9999978227700371
navigation_time:
  sec: 3
  nanosec: 148000000
estimated_time_remaining:
  sec: 0
  nanosec: 0
number_of_recoveries: 0
distance_remaining: 19.766082763671875

Feedback:
    current_pose:
  header:
    stamp:
      sec: 832
      nanosec: 340000000
    frame_id: map
  pose:
    position:
      x: -13.006064940462807
      y: -0.009577804639446796
      z: 0.0
    orientation:
      x: 0.0
      y: 0.0
      z: 0.00208673313701005
      w: 0.9999978227700371
navigation_time:
  sec: 3
  nanosec: 148000000
estimated_time_remaining:
  sec: 0
  nanosec: 0
number_of_recoveries: 0
distance_remaining: 19.766082763671875

Feedback:
    current_pose:
  header:
    stamp:
      sec: 832
      nanosec: 340000000
    frame_id: map
  pose:
    position:
      x: -13.006064940462807
      y: -0.009577804639446796
      z: 0.0
    orientation:
      x: 0.0
      y: 0.0
      z: 0.00208673313701005
      w: 0.9999978227700371
navigation_time:
  sec: 3
  nanosec: 148000000
estimated_time_remaining:
  sec: 0
  nanosec: 0
number_of_recoveries: 0
distance_remaining: 19.766082763671875

Feedback:
    current_pose:
  header:
    stamp:
      sec: 832
      nanosec: 340000000
    frame_id: map
  pose:
    position:
      x: -13.006064940462807
      y: -0.009577804639446796
      z: 0.0
    orientation:
      x: 0.0
      y: 0.0
      z: 0.00208673313701005
      w: 0.9999978227700371
navigation_time:
  sec: 3
  nanosec: 148000000
estimated_time_remaining:
  sec: 0
  nanosec: 0
number_of_recoveries: 0
distance_remaining: 19.766082763671875

Feedback:
    current_pose:
  header:
    stamp:
      sec: 832
      nanosec: 360000000
    frame_id: map
  pose:
    position:
      x: -13.006521853887378
      y: -0.009579854647885355
      z: 0.0
    orientation:
      x: 0.0
      y: 0.0
      z: 0.002399878181541276
      w: 0.9999971202882106
navigation_time:
  sec: 3
  nanosec: 176000000
estimated_time_remaining:
  sec: 0
  nanosec: 0
number_of_recoveries: 0
distance_remaining: 19.766082763671875

Feedback:
    current_pose:
  header:
    stamp:
      sec: 832
      nanosec: 380000000
    frame_id: map
  pose:
    position:
      x: -13.006764695460049
      y: -0.009581084636881343
      z: 0.0
    orientation:
      x: 0.0
      y: 0.0
      z: 0.0026650583404915495
      w: 0.999996448725715
navigation_time:
  sec: 3
  nanosec: 188000000
estimated_time_remaining:
  sec: 0
  nanosec: 0
number_of_recoveries: 0
distance_remaining: 19.766082763671875

Feedback:
    current_pose:
  header:
    stamp:
      sec: 832
      nanosec: 380000000
    frame_id: map
  pose:
    position:
      x: -13.006764695460049
      y: -0.009581084636881343
      z: 0.0
    orientation:
      x: 0.0
      y: 0.0
      z: 0.0026650583404915495
      w: 0.999996448725715
navigation_time:
  sec: 3
  nanosec: 188000000
estimated_time_remaining:
  sec: 0
  nanosec: 0
number_of_recoveries: 0
distance_remaining: 19.766082763671875

Feedback:
    current_pose:
  header:
    stamp:
      sec: 832
      nanosec: 380000000
    frame_id: map
  pose:
    position:
      x: -13.006764695460049
      y: -0.009581084636881343
      z: 0.0
    orientation:
      x: 0.0
      y: 0.0
      z: 0.0026650583404915495
      w: 0.999996448725715
navigation_time:
  sec: 3
  nanosec: 188000000
estimated_time_remaining:
  sec: 0
  nanosec: 0
number_of_recoveries: 0
distance_remaining: 19.766082763671875

Feedback:
    current_pose:
  header:
    stamp:
      sec: 832
      nanosec: 380000000
    frame_id: map
  pose:
    position:
      x: -13.006764695460049
      y: -0.009581084636881343
      z: 0.0
    orientation:
      x: 0.0
      y: 0.0
      z: 0.0026650583404915495
      w: 0.999996448725715
navigation_time:
  sec: 3
  nanosec: 188000000
estimated_time_remaining:
  sec: 0
  nanosec: 0
number_of_recoveries: 0
distance_remaining: 19.766082763671875

Feedback:
    current_pose:
  header:
    stamp:
      sec: 832
      nanosec: 400000000
    frame_id: map
  pose:
    position:
      x: -13.007007536345455
      y: -0.009582443419633435
      z: 0.0
    orientation:
      x: 0.0
      y: 0.0
      z: 0.0029302382920928243
      w: 0.99999570684256
navigation_time:
  sec: 3
  nanosec: 200000000
estimated_time_remaining:
  sec: 0
  nanosec: 0
number_of_recoveries: 0
distance_remaining: 19.766082763671875

Feedback:
    current_pose:
  header:
    stamp:
      sec: 832
      nanosec: 400000000
    frame_id: map
  pose:
    position:
      x: -13.007007536345455
      y: -0.009582443419633435
      z: 0.0
    orientation:
      x: 0.0
      y: 0.0
      z: 0.0029302382920928243
      w: 0.99999570684256
navigation_time:
  sec: 3
  nanosec: 200000000
estimated_time_remaining:
  sec: 0
  nanosec: 0
number_of_recoveries: 0
distance_remaining: 19.766082763671875

Feedback:
    current_pose:
  header:
    stamp:
      sec: 832
      nanosec: 400000000
    frame_id: map
  pose:
    position:
      x: -13.007007536345455
      y: -0.009582443419633435
      z: 0.0
    orientation:
      x: 0.0
      y: 0.0
      z: 0.0029302382920928243
      w: 0.99999570684256
navigation_time:
  sec: 3
  nanosec: 200000000
estimated_time_remaining:
  sec: 0
  nanosec: 0
number_of_recoveries: 0
distance_remaining: 19.766082763671875

Feedback:
    current_pose:
  header:
    stamp:
      sec: 832
      nanosec: 400000000
    frame_id: map
  pose:
    position:
      x: -13.007007536345455
      y: -0.009582443419633435
      z: 0.0
    orientation:
      x: 0.0
      y: 0.0
      z: 0.0029302382920928243
      w: 0.99999570684256
navigation_time:
  sec: 3
  nanosec: 212000000
estimated_time_remaining:
  sec: 0
  nanosec: 0
number_of_recoveries: 0
distance_remaining: 19.766082763671875

Feedback:
    current_pose:
  header:
    stamp:
      sec: 832
      nanosec: 420000000
    frame_id: map
  pose:
    position:
      x: -13.00703132573635
      y: -0.009582588749351473
      z: 0.0
    orientation:
      x: 0.0
      y: 0.0
      z: 0.003178690028838971
      w: 0.9999949479520887
navigation_time:
  sec: 3
  nanosec: 240000000
estimated_time_remaining:
  sec: 0
  nanosec: 0
number_of_recoveries: 0
distance_remaining: 19.766082763671875

Feedback:
    current_pose:
  header:
    stamp:
      sec: 832
      nanosec: 440000000
    frame_id: map
  pose:
    position:
      x: -13.007155969136022
      y: -0.00958341596034451
      z: 0.0
    orientation:
      x: 0.0
      y: 0.0
      z: 0.0034172365849830517
      w: 0.9999941612300154
navigation_time:
  sec: 3
  nanosec: 244000000
estimated_time_remaining:
  sec: 0
  nanosec: 0
number_of_recoveries: 0
distance_remaining: 19.766082763671875

Feedback:
    current_pose:
  header:
    stamp:
      sec: 832
      nanosec: 440000000
    frame_id: map
  pose:
    position:
      x: -13.007155969136022
      y: -0.00958341596034451
      z: 0.0
    orientation:
      x: 0.0
      y: 0.0
      z: 0.0034172365849830517
      w: 0.9999941612300154
navigation_time:
  sec: 3
  nanosec: 244000000
estimated_time_remaining:
  sec: 0
  nanosec: 0
number_of_recoveries: 0
distance_remaining: 19.766082763671875

Feedback:
    current_pose:
  header:
    stamp:
      sec: 832
      nanosec: 440000000
    frame_id: map
  pose:
    position:
      x: -13.007155969136022
      y: -0.00958341596034451
      z: 0.0
    orientation:
      x: 0.0
      y: 0.0
      z: 0.0034172365849830517
      w: 0.9999941612300154
navigation_time:
  sec: 3
  nanosec: 244000000
estimated_time_remaining:
  sec: 0
  nanosec: 0
number_of_recoveries: 0
distance_remaining: 19.766082763671875

Feedback:
    current_pose:
  header:
    stamp:
      sec: 832
      nanosec: 440000000
    frame_id: map
  pose:
    position:
      x: -13.007155969136022
      y: -0.00958341596034451
      z: 0.0
    orientation:
      x: 0.0
      y: 0.0
      z: 0.0034172365849830517
      w: 0.9999941612300154
navigation_time:
  sec: 3
  nanosec: 260000000
estimated_time_remaining:
  sec: 0
  nanosec: 0
number_of_recoveries: 0
distance_remaining: 19.766082763671875

Feedback:
    current_pose:
  header:
    stamp:
      sec: 832
      nanosec: 460000000
    frame_id: map
  pose:
    position:
      x: -13.007305825612406
      y: -0.009584475546915883
      z: 0.0
    orientation:
      x: 0.0
      y: 0.0
      z: 0.0036533066995665373
      w: 0.9999933266528126
navigation_time:
  sec: 3
  nanosec: 276000000
estimated_time_remaining:
  sec: 0
  nanosec: 0
number_of_recoveries: 0
distance_remaining: 19.766082763671875

Feedback:
    current_pose:
  header:
    stamp:
      sec: 832
      nanosec: 460000000
    frame_id: map
  pose:
    position:
      x: -13.007305825612406
      y: -0.009584475546915883
      z: 0.0
    orientation:
      x: 0.0
      y: 0.0
      z: 0.0036533066995665373
      w: 0.9999933266528126
navigation_time:
  sec: 3
  nanosec: 280000000
estimated_time_remaining:
  sec: 0
  nanosec: 0
number_of_recoveries: 0
distance_remaining: 19.766082763671875

Feedback:
    current_pose:
  header:
    stamp:
      sec: 832
      nanosec: 460000000
    frame_id: map
  pose:
    position:
      x: -13.007305825612406
      y: -0.009584475546915883
      z: 0.0
    orientation:
      x: 0.0
      y: 0.0
      z: 0.0036533066995665373
      w: 0.9999933266528126
navigation_time:
  sec: 3
  nanosec: 280000000
estimated_time_remaining:
  sec: 0
  nanosec: 0
number_of_recoveries: 0
distance_remaining: 19.766082763671875

Feedback:
    current_pose:
  header:
    stamp:
      sec: 832
      nanosec: 460000000
    frame_id: map
  pose:
    position:
      x: -13.007305825612406
      y: -0.009584475546915883
      z: 0.0
    orientation:
      x: 0.0
      y: 0.0
      z: 0.0036533066995665373
      w: 0.9999933266528126
navigation_time:
  sec: 3
  nanosec: 280000000
estimated_time_remaining:
  sec: 0
  nanosec: 0
number_of_recoveries: 0
distance_remaining: 19.766082763671875

Feedback:
    current_pose:
  header:
    stamp:
      sec: 832
      nanosec: 480000000
    frame_id: map
  pose:
    position:
      x: -13.007887018850695
      y: -0.009588749101553162
      z: 0.0
    orientation:
      x: 0.0
      y: 0.0
      z: 0.0036996143525987735
      w: 0.9999931564034036
navigation_time:
  sec: 3
  nanosec: 300000000
estimated_time_remaining:
  sec: 0
  nanosec: 0
number_of_recoveries: 0
distance_remaining: 19.766082763671875

Feedback:
    current_pose:
  header:
    stamp:
      sec: 832
      nanosec: 500000000
    frame_id: map
  pose:
    position:
      x: -13.00834155149633
      y: -0.009592125530678786
      z: 0.0
    orientation:
      x: 0.0
      y: 0.0
      z: 0.0037047105754453844
      w: 0.9999931375362295
navigation_time:
  sec: 3
  nanosec: 308000000
estimated_time_remaining:
  sec: 0
  nanosec: 0
number_of_recoveries: 0
distance_remaining: 19.766082763671875

Feedback:
    current_pose:
  header:
    stamp:
      sec: 832
      nanosec: 500000000
    frame_id: map
  pose:
    position:
      x: -13.00834155149633
      y: -0.009592125530678786
      z: 0.0
    orientation:
      x: 0.0
      y: 0.0
      z: 0.0037047105754453844
      w: 0.9999931375362295
navigation_time:
  sec: 3
  nanosec: 308000000
estimated_time_remaining:
  sec: 0
  nanosec: 0
number_of_recoveries: 0
distance_remaining: 19.766082763671875

Feedback:
    current_pose:
  header:
    stamp:
      sec: 832
      nanosec: 500000000
    frame_id: map
  pose:
    position:
      x: -13.00834155149633
      y: -0.009592125530678786
      z: 0.0
    orientation:
      x: 0.0
      y: 0.0
      z: 0.0037047105754453844
      w: 0.9999931375362295
navigation_time:
  sec: 3
  nanosec: 308000000
estimated_time_remaining:
  sec: 0
  nanosec: 0
number_of_recoveries: 0
distance_remaining: 19.766082763671875

Feedback:
    current_pose:
  header:
    stamp:
      sec: 832
      nanosec: 500000000
    frame_id: map
  pose:
    position:
      x: -13.00834155149633
      y: -0.009592125530678786
      z: 0.0
    orientation:
      x: 0.0
      y: 0.0
      z: 0.0037047105754453844
      w: 0.9999931375362295
navigation_time:
  sec: 3
  nanosec: 308000000
estimated_time_remaining:
  sec: 0
  nanosec: 0
number_of_recoveries: 0
distance_remaining: 19.766082763671875

Feedback:
    current_pose:
  header:
    stamp:
      sec: 832
      nanosec: 520000000
    frame_id: map
  pose:
    position:
      x: -13.008606093879862
      y: -0.009594070670964072
      z: 0.0
    orientation:
      x: 0.0
      y: 0.0
      z: 0.0036479896620378867
      w: 0.9999933460635754
navigation_time:
  sec: 3
  nanosec: 336000000
estimated_time_remaining:
  sec: 0
  nanosec: 0
number_of_recoveries: 0
distance_remaining: 19.766082763671875

Feedback:
    current_pose:
  header:
    stamp:
      sec: 832
      nanosec: 520000000
    frame_id: map
  pose:
    position:
      x: -13.008606093879862
      y: -0.009594070670964072
      z: 0.0
    orientation:
      x: 0.0
      y: 0.0
      z: 0.0036479896620378867
      w: 0.9999933460635754
navigation_time:
  sec: 3
  nanosec: 340000000
estimated_time_remaining:
  sec: 0
  nanosec: 0
number_of_recoveries: 0
distance_remaining: 19.766082763671875

Feedback:
    current_pose:
  header:
    stamp:
      sec: 832
      nanosec: 540000000
    frame_id: map
  pose:
    position:
      x: -13.008717329831526
      y: -0.009594881768325791
      z: 0.0
    orientation:
      x: 0.0
      y: 0.0
      z: 0.0036611543735964314
      w: 0.9999932979518676
navigation_time:
  sec: 3
  nanosec: 344000000
estimated_time_remaining:
  sec: 0
  nanosec: 0
number_of_recoveries: 0
distance_remaining: 19.766082763671875

Feedback:
    current_pose:
  header:
    stamp:
      sec: 832
      nanosec: 540000000
    frame_id: map
  pose:
    position:
      x: -13.008717329831526
      y: -0.009594881768325791
      z: 0.0
    orientation:
      x: 0.0
      y: 0.0
      z: 0.0036611543735964314
      w: 0.9999932979518676
navigation_time:
  sec: 3
  nanosec: 344000000
estimated_time_remaining:
  sec: 0
  nanosec: 0
number_of_recoveries: 0
distance_remaining: 19.766082763671875

Feedback:
    current_pose:
  header:
    stamp:
      sec: 832
      nanosec: 540000000
    frame_id: map
  pose:
    position:
      x: -13.008717329831526
      y: -0.009594881768325791
      z: 0.0
    orientation:
      x: 0.0
      y: 0.0
      z: 0.0036611543735964314
      w: 0.9999932979518676
navigation_time:
  sec: 3
  nanosec: 344000000
estimated_time_remaining:
  sec: 0
  nanosec: 0
number_of_recoveries: 0
distance_remaining: 19.766082763671875

Feedback:
    current_pose:
  header:
    stamp:
      sec: 832
      nanosec: 540000000
    frame_id: map
  pose:
    position:
      x: -13.008717329831526
      y: -0.009594881768325791
      z: 0.0
    orientation:
      x: 0.0
      y: 0.0
      z: 0.0036611543735964314
      w: 0.9999932979518676
navigation_time:
  sec: 3
  nanosec: 344000000
estimated_time_remaining:
  sec: 0
  nanosec: 0
number_of_recoveries: 0
distance_remaining: 19.766082763671875

Feedback:
    current_pose:
  header:
    stamp:
      sec: 832
      nanosec: 560000000
    frame_id: map
  pose:
    position:
      x: -13.008790239111832
      y: -0.009595417877113377
      z: 0.0
    orientation:
      x: 0.0
      y: 0.0
      z: 0.003691790527772771
      w: 0.9999931853181294
navigation_time:
  sec: 3
  nanosec: 376000000
estimated_time_remaining:
  sec: 0
  nanosec: 0
number_of_recoveries: 0
distance_remaining: 19.766082763671875

Feedback:
    current_pose:
  header:
    stamp:
      sec: 832
      nanosec: 560000000
    frame_id: map
  pose:
    position:
      x: -13.008790239111832
      y: -0.009595417877113377
      z: 0.0
    orientation:
      x: 0.0
      y: 0.0
      z: 0.003691790527772771
      w: 0.9999931853181294
navigation_time:
  sec: 3
  nanosec: 380000000
estimated_time_remaining:
  sec: 0
  nanosec: 0
number_of_recoveries: 0
distance_remaining: 19.766082763671875

Feedback:
    current_pose:
  header:
    stamp:
      sec: 832
      nanosec: 560000000
    frame_id: map
  pose:
    position:
      x: -13.008790239111832
      y: -0.009595417877113377
      z: 0.0
    orientation:
      x: 0.0
      y: 0.0
      z: 0.003691790527772771
      w: 0.9999931853181294
navigation_time:
  sec: 3
  nanosec: 380000000
estimated_time_remaining:
  sec: 0
  nanosec: 0
number_of_recoveries: 0
distance_remaining: 19.766082763671875

Feedback:
    current_pose:
  header:
    stamp:
      sec: 832
      nanosec: 560000000
    frame_id: map
  pose:
    position:
      x: -13.008790239111832
      y: -0.009595417877113377
      z: 0.0
    orientation:
      x: 0.0
      y: 0.0
      z: 0.003691790527772771
      w: 0.9999931853181294
navigation_time:
  sec: 3
  nanosec: 380000000
estimated_time_remaining:
  sec: 0
  nanosec: 0
number_of_recoveries: 0
distance_remaining: 19.766082763671875

Feedback:
    current_pose:
  header:
    stamp:
      sec: 832
      nanosec: 560000000
    frame_id: map
  pose:
    position:
      x: -13.008790239111832
      y: -0.009595417877113377
      z: 0.0
    orientation:
      x: 0.0
      y: 0.0
      z: 0.003691790527772771
      w: 0.9999931853181294
navigation_time:
  sec: 3
  nanosec: 380000000
estimated_time_remaining:
  sec: 0
  nanosec: 0
number_of_recoveries: 0
distance_remaining: 19.766082763671875

Feedback:
    current_pose:
  header:
    stamp:
      sec: 832
      nanosec: 600000000
    frame_id: map
  pose:
    position:
      x: -13.00893676126556
      y: -0.009596508635011602
      z: 0.0
    orientation:
      x: 0.0
      y: 0.0
      z: 0.003752266801975351
      w: 0.999992960222144
navigation_time:
  sec: 3
  nanosec: 400000000
estimated_time_remaining:
  sec: 1885
  nanosec: 232109273
number_of_recoveries: 0
distance_remaining: 19.766082763671875

Feedback:
    current_pose:
  header:
    stamp:
      sec: 832
      nanosec: 600000000
    frame_id: map
  pose:
    position:
      x: -13.00893676126556
      y: -0.009596508635011602
      z: 0.0
    orientation:
      x: 0.0
      y: 0.0
      z: 0.003752266801975351
      w: 0.999992960222144
navigation_time:
  sec: 3
  nanosec: 400000000
estimated_time_remaining:
  sec: 1885
  nanosec: 232109273
number_of_recoveries: 0
distance_remaining: 19.766082763671875

Feedback:
    current_pose:
  header:
    stamp:
      sec: 832
      nanosec: 600000000
    frame_id: map
  pose:
    position:
      x: -13.00893676126556
      y: -0.009596508635011602
      z: 0.0
    orientation:
      x: 0.0
      y: 0.0
      z: 0.003752266801975351
      w: 0.999992960222144
navigation_time:
  sec: 3
  nanosec: 400000000
estimated_time_remaining:
  sec: 1885
  nanosec: 232109273
number_of_recoveries: 0
distance_remaining: 19.766082763671875

Feedback:
    current_pose:
  header:
    stamp:
      sec: 832
      nanosec: 600000000
    frame_id: map
  pose:
    position:
      x: -13.00893676126556
      y: -0.009596508635011602
      z: 0.0
    orientation:
      x: 0.0
      y: 0.0
      z: 0.003752266801975351
      w: 0.999992960222144
navigation_time:
  sec: 3
  nanosec: 412000000
estimated_time_remaining:
  sec: 1885
  nanosec: 232109273
number_of_recoveries: 0
distance_remaining: 19.766082763671875

Feedback:
    current_pose:
  header:
    stamp:
      sec: 832
      nanosec: 620000000
    frame_id: map
  pose:
    position:
      x: -13.008676806654321
      y: -0.009594552782274945
      z: 0.0
    orientation:
      x: 0.0
      y: 0.0
      z: 0.003771397480255152
      w: 0.9999928882552345
navigation_time:
  sec: 3
  nanosec: 436000000
estimated_time_remaining:
  sec: 1904
  nanosec: 652640713
number_of_recoveries: 0
distance_remaining: 19.766082763671875

Feedback:
    current_pose:
  header:
    stamp:
      sec: 832
      nanosec: 620000000
    frame_id: map
  pose:
    position:
      x: -13.008676806654321
      y: -0.009594552782274945
      z: 0.0
    orientation:
      x: 0.0
      y: 0.0
      z: 0.003771397480255152
      w: 0.9999928882552345
navigation_time:
  sec: 3
  nanosec: 440000000
estimated_time_remaining:
  sec: 1904
  nanosec: 652640713
number_of_recoveries: 0
distance_remaining: 19.766082763671875

Feedback:
    current_pose:
  header:
    stamp:
      sec: 832
      nanosec: 640000000
    frame_id: map
  pose:
    position:
      x: -13.008233841695983
      y: -0.009591129947690291
      z: 0.0
    orientation:
      x: 0.0
      y: 0.0
      z: 0.00400201177730497
      w: 0.9999919919188026
navigation_time:
  sec: 3
  nanosec: 444000000
estimated_time_remaining:
  sec: 0
  nanosec: 0
number_of_recoveries: 0
distance_remaining: 19.766082763671875

Feedback:
    current_pose:
  header:
    stamp:
      sec: 832
      nanosec: 640000000
    frame_id: map
  pose:
    position:
      x: -13.008233841695983
      y: -0.009591129947690291
      z: 0.0
    orientation:
      x: 0.0
      y: 0.0
      z: 0.00400201177730497
      w: 0.9999919919188026
navigation_time:
  sec: 3
  nanosec: 444000000
estimated_time_remaining:
  sec: 0
  nanosec: 0
number_of_recoveries: 0
distance_remaining: 19.766082763671875

Feedback:
    current_pose:
  header:
    stamp:
      sec: 832
      nanosec: 640000000
    frame_id: map
  pose:
    position:
      x: -13.008233841695983
      y: -0.009591129947690291
      z: 0.0
    orientation:
      x: 0.0
      y: 0.0
      z: 0.00400201177730497
      w: 0.9999919919188026
navigation_time:
  sec: 3
  nanosec: 444000000
estimated_time_remaining:
  sec: 0
  nanosec: 0
number_of_recoveries: 0
distance_remaining: 19.766082763671875

Feedback:
    current_pose:
  header:
    stamp:
      sec: 832
      nanosec: 660000000
    frame_id: map
  pose:
    position:
      x: -13.007668872525826
      y: -0.009586397852379136
      z: 0.0
    orientation:
      x: 0.0
      y: 0.0
      z: 0.004373614700181104
      w: 0.9999904357014894
navigation_time:
  sec: 3
  nanosec: 472000000
estimated_time_remaining:
  sec: 0
  nanosec: 0
number_of_recoveries: 0
distance_remaining: 19.766082763671875

Feedback:
    current_pose:
  header:
    stamp:
      sec: 832
      nanosec: 660000000
    frame_id: map
  pose:
    position:
      x: -13.007668872525826
      y: -0.009586397852379136
      z: 0.0
    orientation:
      x: 0.0
      y: 0.0
      z: 0.004373614700181104
      w: 0.9999904357014894
navigation_time:
  sec: 3
  nanosec: 476000000
estimated_time_remaining:
  sec: 0
  nanosec: 0
number_of_recoveries: 0
distance_remaining: 19.766082763671875

Feedback:
    current_pose:
  header:
    stamp:
      sec: 832
      nanosec: 660000000
    frame_id: map
  pose:
    position:
      x: -13.007668872525826
      y: -0.009586397852379136
      z: 0.0
    orientation:
      x: 0.0
      y: 0.0
      z: 0.004373614700181104
      w: 0.9999904357014894
navigation_time:
  sec: 3
  nanosec: 480000000
estimated_time_remaining:
  sec: 0
  nanosec: 0
number_of_recoveries: 0
distance_remaining: 19.766082763671875

Feedback:
    current_pose:
  header:
    stamp:
      sec: 832
      nanosec: 660000000
    frame_id: map
  pose:
    position:
      x: -13.007668872525826
      y: -0.009586397852379136
      z: 0.0
    orientation:
      x: 0.0
      y: 0.0
      z: 0.004373614700181104
      w: 0.9999904357014894
navigation_time:
  sec: 3
  nanosec: 480000000
estimated_time_remaining:
  sec: 0
  nanosec: 0
number_of_recoveries: 0
distance_remaining: 19.766082763671875

Feedback:
    current_pose:
  header:
    stamp:
      sec: 832
      nanosec: 660000000
    frame_id: map
  pose:
    position:
      x: -13.007668872525826
      y: -0.009586397852379136
      z: 0.0
    orientation:
      x: 0.0
      y: 0.0
      z: 0.004373614700181104
      w: 0.9999904357014894
navigation_time:
  sec: 3
  nanosec: 480000000
estimated_time_remaining:
  sec: 0
  nanosec: 0
number_of_recoveries: 0
distance_remaining: 19.766082763671875

Feedback:
    current_pose:
  header:
    stamp:
      sec: 832
      nanosec: 660000000
    frame_id: map
  pose:
    position:
      x: -13.007668872525826
      y: -0.009586397852379136
      z: 0.0
    orientation:
      x: 0.0
      y: 0.0
      z: 0.004373614700181104
      w: 0.9999904357014894
navigation_time:
  sec: 3
  nanosec: 480000000
estimated_time_remaining:
  sec: 0
  nanosec: 0
number_of_recoveries: 0
distance_remaining: 19.766082763671875

Feedback:
    current_pose:
  header:
    stamp:
      sec: 832
      nanosec: 700000000
    frame_id: map
  pose:
    position:
      x: -13.00703724794576
      y: -0.009580195046073214
      z: 0.0
    orientation:
      x: 0.0
      y: 0.0
      z: 0.005446429211726692
      w: 0.9999851680944283
navigation_time:
  sec: 3
  nanosec: 516000000
estimated_time_remaining:
  sec: 0
  nanosec: 0
number_of_recoveries: 0
distance_remaining: 19.766082763671875

Feedback:
    current_pose:
  header:
    stamp:
      sec: 832
      nanosec: 700000000
    frame_id: map
  pose:
    position:
      x: -13.00703724794576
      y: -0.009580195046073214
      z: 0.0
    orientation:
      x: 0.0
      y: 0.0
      z: 0.005446429211726692
      w: 0.9999851680944283
navigation_time:
  sec: 3
  nanosec: 516000000
estimated_time_remaining:
  sec: 0
  nanosec: 0
number_of_recoveries: 0
distance_remaining: 19.766082763671875

Feedback:
    current_pose:
  header:
    stamp:
      sec: 832
      nanosec: 700000000
    frame_id: map
  pose:
    position:
      x: -13.00703724794576
      y: -0.009580195046073214
      z: 0.0
    orientation:
      x: 0.0
      y: 0.0
      z: 0.005446429211726692
      w: 0.9999851680944283
navigation_time:
  sec: 3
  nanosec: 516000000
estimated_time_remaining:
  sec: 0
  nanosec: 0
number_of_recoveries: 0
distance_remaining: 19.766082763671875

Feedback:
    current_pose:
  header:
    stamp:
      sec: 832
      nanosec: 700000000
    frame_id: map
  pose:
    position:
      x: -13.00703724794576
      y: -0.009580195046073214
      z: 0.0
    orientation:
      x: 0.0
      y: 0.0
      z: 0.005446429211726692
      w: 0.9999851680944283
navigation_time:
  sec: 3
  nanosec: 516000000
estimated_time_remaining:
  sec: 0
  nanosec: 0
number_of_recoveries: 0
distance_remaining: 19.766082763671875

Feedback:
    current_pose:
  header:
    stamp:
      sec: 832
      nanosec: 720000000
    frame_id: map
  pose:
    position:
      x: -13.006608956412549
      y: -0.009575368091311987
      z: 0.0
    orientation:
      x: 0.0
      y: 0.0
      z: 0.005762640401104163
      w: 0.9999833958499549
navigation_time:
  sec: 3
  nanosec: 540000000
estimated_time_remaining:
  sec: 0
  nanosec: 0
number_of_recoveries: 0
distance_remaining: 19.766082763671875

Feedback:
    current_pose:
  header:
    stamp:
      sec: 832
      nanosec: 720000000
    frame_id: map
  pose:
    position:
      x: -13.006608956412549
      y: -0.009575368091311987
      z: 0.0
    orientation:
      x: 0.0
      y: 0.0
      z: 0.005762640401104163
      w: 0.9999833958499549
navigation_time:
  sec: 3
  nanosec: 540000000
estimated_time_remaining:
  sec: 0
  nanosec: 0
number_of_recoveries: 0
distance_remaining: 19.766082763671875

Feedback:
    current_pose:
  header:
    stamp:
      sec: 832
      nanosec: 720000000
    frame_id: map
  pose:
    position:
      x: -13.006608956412549
      y: -0.009575368091311987
      z: 0.0
    orientation:
      x: 0.0
      y: 0.0
      z: 0.005762640401104163
      w: 0.9999833958499549
navigation_time:
  sec: 3
  nanosec: 540000000
estimated_time_remaining:
  sec: 0
  nanosec: 0
number_of_recoveries: 0
distance_remaining: 19.766082763671875

Feedback:
    current_pose:
  header:
    stamp:
      sec: 832
      nanosec: 720000000
    frame_id: map
  pose:
    position:
      x: -13.006608956412549
      y: -0.009575368091311987
      z: 0.0
    orientation:
      x: 0.0
      y: 0.0
      z: 0.005762640401104163
      w: 0.9999833958499549
navigation_time:
  sec: 3
  nanosec: 540000000
estimated_time_remaining:
  sec: 0
  nanosec: 0
number_of_recoveries: 0
distance_remaining: 19.766082763671875

Feedback:
    current_pose:
  header:
    stamp:
      sec: 832
      nanosec: 760000000
    frame_id: map
  pose:
    position:
      x: -13.005873501173014
      y: -0.009566504341700366
      z: 0.0
    orientation:
      x: 0.0
      y: 0.0
      z: 0.006460965109149283
      w: 0.9999791277471038
navigation_time:
  sec: 3
  nanosec: 568000000
estimated_time_remaining:
  sec: 0
  nanosec: 0
number_of_recoveries: 0
distance_remaining: 19.766082763671875

Feedback:
    current_pose:
  header:
    stamp:
      sec: 832
      nanosec: 760000000
    frame_id: map
  pose:
    position:
      x: -13.005873501173014
      y: -0.009566504341700366
      z: 0.0
    orientation:
      x: 0.0
      y: 0.0
      z: 0.006460965109149283
      w: 0.9999791277471038
navigation_time:
  sec: 3
  nanosec: 576000000
estimated_time_remaining:
  sec: 0
  nanosec: 0
number_of_recoveries: 0
distance_remaining: 19.766082763671875

Feedback:
    current_pose:
  header:
    stamp:
      sec: 832
      nanosec: 760000000
    frame_id: map
  pose:
    position:
      x: -13.005873501173014
      y: -0.009566504341700366
      z: 0.0
    orientation:
      x: 0.0
      y: 0.0
      z: 0.006460965109149283
      w: 0.9999791277471038
navigation_time:
  sec: 3
  nanosec: 576000000
estimated_time_remaining:
  sec: 0
  nanosec: 0
number_of_recoveries: 0
distance_remaining: 19.766082763671875

Feedback:
    current_pose:
  header:
    stamp:
      sec: 832
      nanosec: 780000000
    frame_id: map
  pose:
    position:
      x: -13.0055944589065
      y: -0.009562776340930057
      z: 0.0
    orientation:
      x: 0.0
      y: 0.0
      z: 0.006898126438672491
      w: 0.99997620764278
navigation_time:
  sec: 3
  nanosec: 584000000
estimated_time_remaining:
  sec: 0
  nanosec: 0
number_of_recoveries: 0
distance_remaining: 19.766082763671875

Feedback:
    current_pose:
  header:
    stamp:
      sec: 832
      nanosec: 800000000
    frame_id: map
  pose:
    position:
      x: -13.005324082105432
      y: -0.009558923728736346
      z: 0.0
    orientation:
      x: 0.0
      y: 0.0
      z: 0.007349837112344436
      w: 0.9999729895824296
navigation_time:
  sec: 3
  nanosec: 600000000
estimated_time_remaining:
  sec: 0
  nanosec: 0
number_of_recoveries: 0
distance_remaining: 19.766082763671875

Feedback:
    current_pose:
  header:
    stamp:
      sec: 832
      nanosec: 800000000
    frame_id: map
  pose:
    position:
      x: -13.005324082105432
      y: -0.009558923728736346
      z: 0.0
    orientation:
      x: 0.0
      y: 0.0
      z: 0.007349837112344436
      w: 0.9999729895824296
navigation_time:
  sec: 3
  nanosec: 600000000
estimated_time_remaining:
  sec: 0
  nanosec: 0
number_of_recoveries: 0
distance_remaining: 19.766082763671875

Feedback:
    current_pose:
  header:
    stamp:
      sec: 832
      nanosec: 800000000
    frame_id: map
  pose:
    position:
      x: -13.005324082105432
      y: -0.009558923728736346
      z: 0.0
    orientation:
      x: 0.0
      y: 0.0
      z: 0.007349837112344436
      w: 0.9999729895824296
navigation_time:
  sec: 3
  nanosec: 600000000
estimated_time_remaining:
  sec: 0
  nanosec: 0
number_of_recoveries: 0
distance_remaining: 19.766082763671875

Feedback:
    current_pose:
  header:
    stamp:
      sec: 832
      nanosec: 800000000
    frame_id: map
  pose:
    position:
      x: -13.005324082105432
      y: -0.009558923728736346
      z: 0.0
    orientation:
      x: 0.0
      y: 0.0
      z: 0.007349837112344436
      w: 0.9999729895824296
navigation_time:
  sec: 3
  nanosec: 600000000
estimated_time_remaining:
  sec: 0
  nanosec: 0
number_of_recoveries: 0
distance_remaining: 19.766082763671875

Feedback:
    current_pose:
  header:
    stamp:
      sec: 832
      nanosec: 800000000
    frame_id: map
  pose:
    position:
      x: -13.005324082105432
      y: -0.009558923728736346
      z: 0.0
    orientation:
      x: 0.0
      y: 0.0
      z: 0.007349837112344436
      w: 0.9999729895824296
navigation_time:
  sec: 3
  nanosec: 604000000
estimated_time_remaining:
  sec: 0
  nanosec: 0
number_of_recoveries: 0
distance_remaining: 19.766082763671875

Feedback:
    current_pose:
  header:
    stamp:
      sec: 832
      nanosec: 820000000
    frame_id: map
  pose:
    position:
      x: -13.005000041345085
      y: -0.009554046107536962
      z: 0.0
    orientation:
      x: 0.0
      y: 0.0
      z: 0.00760628218715459
      w: 0.9999710718172249
navigation_time:
  sec: 3
  nanosec: 632000000
estimated_time_remaining:
  sec: 0
  nanosec: 0
number_of_recoveries: 0
distance_remaining: 19.766082763671875

Feedback:
    current_pose:
  header:
    stamp:
      sec: 832
      nanosec: 840000000
    frame_id: map
  pose:
    position:
      x: -13.00464022406426
      y: -0.009548526443348138
      z: 0.0
    orientation:
      x: 0.0
      y: 0.0
      z: 0.007732550781604728
      w: 0.9999701033823011
navigation_time:
  sec: 3
  nanosec: 644000000
estimated_time_remaining:
  sec: 1731
  nanosec: 48632584
number_of_recoveries: 0
distance_remaining: 19.766082763671875

Feedback:
    current_pose:
  header:
    stamp:
      sec: 832
      nanosec: 840000000
    frame_id: map
  pose:
    position:
      x: -13.00464022406426
      y: -0.009548526443348138
      z: 0.0
    orientation:
      x: 0.0
      y: 0.0
      z: 0.007732550781604728
      w: 0.9999701033823011
navigation_time:
  sec: 3
  nanosec: 644000000
estimated_time_remaining:
  sec: 1731
  nanosec: 48632584
number_of_recoveries: 0
distance_remaining: 19.766082763671875

Feedback:
    current_pose:
  header:
    stamp:
      sec: 832
      nanosec: 840000000
    frame_id: map
  pose:
    position:
      x: -13.00464022406426
      y: -0.009548526443348138
      z: 0.0
    orientation:
      x: 0.0
      y: 0.0
      z: 0.007732550781604728
      w: 0.9999701033823011
navigation_time:
  sec: 3
  nanosec: 644000000
estimated_time_remaining:
  sec: 1731
  nanosec: 48632584
number_of_recoveries: 0
distance_remaining: 19.766082763671875

Feedback:
    current_pose:
  header:
    stamp:
      sec: 832
      nanosec: 840000000
    frame_id: map
  pose:
    position:
      x: -13.00464022406426
      y: -0.009548526443348138
      z: 0.0
    orientation:
      x: 0.0
      y: 0.0
      z: 0.007732550781604728
      w: 0.9999701033823011
navigation_time:
  sec: 3
  nanosec: 644000000
estimated_time_remaining:
  sec: 1731
  nanosec: 48632584
number_of_recoveries: 0
distance_remaining: 19.766082763671875

Feedback:
    current_pose:
  header:
    stamp:
      sec: 832
      nanosec: 840000000
    frame_id: map
  pose:
    position:
      x: -13.00464022406426
      y: -0.009548526443348138
      z: 0.0
    orientation:
      x: 0.0
      y: 0.0
      z: 0.007732550781604728
      w: 0.9999701033823011
navigation_time:
  sec: 3
  nanosec: 648000000
estimated_time_remaining:
  sec: 1731
  nanosec: 48632584
number_of_recoveries: 0
distance_remaining: 19.766082763671875

Feedback:
    current_pose:
  header:
    stamp:
      sec: 832
      nanosec: 860000000
    frame_id: map
  pose:
    position:
      x: -13.004328113546805
      y: -0.009543664706287203
      z: 0.0
    orientation:
      x: 0.0
      y: 0.0
      z: 0.007843797936609165
      w: 0.999969236943782
navigation_time:
  sec: 3
  nanosec: 676000000
estimated_time_remaining:
  sec: 1513
  nanosec: 976215004
number_of_recoveries: 0
distance_remaining: 19.766082763671875

Feedback:
    current_pose:
  header:
    stamp:
      sec: 832
      nanosec: 860000000
    frame_id: map
  pose:
    position:
      x: -13.004328113546805
      y: -0.009543664706287203
      z: 0.0
    orientation:
      x: 0.0
      y: 0.0
      z: 0.007843797936609165
      w: 0.999969236943782
navigation_time:
  sec: 3
  nanosec: 676000000
estimated_time_remaining:
  sec: 1513
  nanosec: 976215004
number_of_recoveries: 0
distance_remaining: 19.766082763671875

Feedback:
    current_pose:
  header:
    stamp:
      sec: 832
      nanosec: 860000000
    frame_id: map
  pose:
    position:
      x: -13.004328113546805
      y: -0.009543664706287203
      z: 0.0
    orientation:
      x: 0.0
      y: 0.0
      z: 0.007843797936609165
      w: 0.999969236943782
navigation_time:
  sec: 3
  nanosec: 676000000
estimated_time_remaining:
  sec: 1513
  nanosec: 976215004
number_of_recoveries: 0
distance_remaining: 19.766082763671875

Feedback:
    current_pose:
  header:
    stamp:
      sec: 832
      nanosec: 860000000
    frame_id: map
  pose:
    position:
      x: -13.004328113546805
      y: -0.009543664706287203
      z: 0.0
    orientation:
      x: 0.0
      y: 0.0
      z: 0.007843797936609165
      w: 0.999969236943782
navigation_time:
  sec: 3
  nanosec: 676000000
estimated_time_remaining:
  sec: 1513
  nanosec: 976215004
number_of_recoveries: 0
distance_remaining: 19.766082763671875

Feedback:
    current_pose:
  header:
    stamp:
      sec: 832
      nanosec: 900000000
    frame_id: map
  pose:
    position:
      x: -13.003805302310084
      y: -0.009535350792663877
      z: 0.0
    orientation:
      x: 0.0
      y: 0.0
      z: 0.008101048995556444
      w: 0.9999671859642053
navigation_time:
  sec: 3
  nanosec: 704000000
estimated_time_remaining:
  sec: 1290
  nanosec: 671475742
number_of_recoveries: 0
distance_remaining: 19.766082763671875

Feedback:
    current_pose:
  header:
    stamp:
      sec: 832
      nanosec: 900000000
    frame_id: map
  pose:
    position:
      x: -13.003805302310084
      y: -0.009535350792663877
      z: 0.0
    orientation:
      x: 0.0
      y: 0.0
      z: 0.008101048995556444
      w: 0.9999671859642053
navigation_time:
  sec: 3
  nanosec: 704000000
estimated_time_remaining:
  sec: 1290
  nanosec: 671475742
number_of_recoveries: 0
distance_remaining: 19.766082763671875

Feedback:
    current_pose:
  header:
    stamp:
      sec: 832
      nanosec: 900000000
    frame_id: map
  pose:
    position:
      x: -13.003805302310084
      y: -0.009535350792663877
      z: 0.0
    orientation:
      x: 0.0
      y: 0.0
      z: 0.008101048995556444
      w: 0.9999671859642053
navigation_time:
  sec: 3
  nanosec: 704000000
estimated_time_remaining:
  sec: 1290
  nanosec: 671475742
number_of_recoveries: 0
distance_remaining: 19.766082763671875

Feedback:
    current_pose:
  header:
    stamp:
      sec: 832
      nanosec: 900000000
    frame_id: map
  pose:
    position:
      x: -13.003805302310084
      y: -0.009535350792663877
      z: 0.0
    orientation:
      x: 0.0
      y: 0.0
      z: 0.008101048995556444
      w: 0.9999671859642053
navigation_time:
  sec: 3
  nanosec: 704000000
estimated_time_remaining:
  sec: 1290
  nanosec: 671475742
number_of_recoveries: 0
distance_remaining: 19.766082763671875

Feedback:
    current_pose:
  header:
    stamp:
      sec: 832
      nanosec: 920000000
    frame_id: map
  pose:
    position:
      x: -13.003572248207107
      y: -0.009531534891049631
      z: 0.0
    orientation:
      x: 0.0
      y: 0.0
      z: 0.008270763362477838
      w: 0.9999657966517665
navigation_time:
  sec: 3
  nanosec: 740000000
estimated_time_remaining:
  sec: 1213
  nanosec: 634914030
number_of_recoveries: 0
distance_remaining: 19.766082763671875

Feedback:
    current_pose:
  header:
    stamp:
      sec: 832
      nanosec: 940000000
    frame_id: map
  pose:
    position:
      x: -13.003017418553469
      y: -0.009522257889582164
      z: 0.0
    orientation:
      x: 0.0
      y: 0.0
      z: 0.008447933895301157
      w: 0.9999643155697611
navigation_time:
  sec: 3
  nanosec: 744000000
estimated_time_remaining:
  sec: 1147
  nanosec: 438889066
number_of_recoveries: 0
distance_remaining: 19.766082763671875

Feedback:
    current_pose:
  header:
    stamp:
      sec: 832
      nanosec: 940000000
    frame_id: map
  pose:
    position:
      x: -13.003017418553469
      y: -0.009522257889582164
      z: 0.0
    orientation:
      x: 0.0
      y: 0.0
      z: 0.008447933895301157
      w: 0.9999643155697611
navigation_time:
  sec: 3
  nanosec: 744000000
estimated_time_remaining:
  sec: 1147
  nanosec: 438889066
number_of_recoveries: 0
distance_remaining: 19.766082763671875

Feedback:
    current_pose:
  header:
    stamp:
      sec: 832
      nanosec: 940000000
    frame_id: map
  pose:
    position:
      x: -13.003017418553469
      y: -0.009522257889582164
      z: 0.0
    orientation:
      x: 0.0
      y: 0.0
      z: 0.008447933895301157
      w: 0.9999643155697611
navigation_time:
  sec: 3
  nanosec: 744000000
estimated_time_remaining:
  sec: 1147
  nanosec: 438889066
number_of_recoveries: 0
distance_remaining: 19.766082763671875

Feedback:
    current_pose:
  header:
    stamp:
      sec: 832
      nanosec: 940000000
    frame_id: map
  pose:
    position:
      x: -13.003017418553469
      y: -0.009522257889582164
      z: 0.0
    orientation:
      x: 0.0
      y: 0.0
      z: 0.008447933895301157
      w: 0.9999643155697611
navigation_time:
  sec: 3
  nanosec: 744000000
estimated_time_remaining:
  sec: 1147
  nanosec: 438889066
number_of_recoveries: 0
distance_remaining: 19.766082763671875

Feedback:
    current_pose:
  header:
    stamp:
      sec: 832
      nanosec: 960000000
    frame_id: map
  pose:
    position:
      x: -13.002462592220766
      y: -0.009512784282872389
      z: 0.0
    orientation:
      x: 0.0
      y: 0.0
      z: 0.008625104164528993
      w: 0.9999628030972708
navigation_time:
  sec: 3
  nanosec: 768000000
estimated_time_remaining:
  sec: 1106
  nanosec: 599461931
number_of_recoveries: 0
distance_remaining: 19.766082763671875

Feedback:
    current_pose:
  header:
    stamp:
      sec: 832
      nanosec: 960000000
    frame_id: map
  pose:
    position:
      x: -13.002462592220766
      y: -0.009512784282872389
      z: 0.0
    orientation:
      x: 0.0
      y: 0.0
      z: 0.008625104164528993
      w: 0.9999628030972708
navigation_time:
  sec: 3
  nanosec: 776000000
estimated_time_remaining:
  sec: 1106
  nanosec: 599461931
number_of_recoveries: 0
distance_remaining: 19.766082763671875

Feedback:
    current_pose:
  header:
    stamp:
      sec: 832
      nanosec: 960000000
    frame_id: map
  pose:
    position:
      x: -13.002462592220766
      y: -0.009512784282872389
      z: 0.0
    orientation:
      x: 0.0
      y: 0.0
      z: 0.008625104164528993
      w: 0.9999628030972708
navigation_time:
  sec: 3
  nanosec: 776000000
estimated_time_remaining:
  sec: 1106
  nanosec: 599461931
number_of_recoveries: 0
distance_remaining: 19.766082763671875

Feedback:
    current_pose:
  header:
    stamp:
      sec: 832
      nanosec: 960000000
    frame_id: map
  pose:
    position:
      x: -13.002462592220766
      y: -0.009512784282872389
      z: 0.0
    orientation:
      x: 0.0
      y: 0.0
      z: 0.008625104164528993
      w: 0.9999628030972708
navigation_time:
  sec: 3
  nanosec: 776000000
estimated_time_remaining:
  sec: 1106
  nanosec: 599461931
number_of_recoveries: 0
distance_remaining: 19.766082763671875

Feedback:
    current_pose:
  header:
    stamp:
      sec: 833
      nanosec: 0
    frame_id: map
  pose:
    position:
      x: -13.00194735716532
      y: -0.009503799296219029
      z: 0.0
    orientation:
      x: 0.0
      y: 0.0
      z: 0.008824227573071969
      w: 0.9999610657459312
navigation_time:
  sec: 3
  nanosec: 800000000
estimated_time_remaining:
  sec: 1159
  nanosec: 945460260
number_of_recoveries: 0
distance_remaining: 19.766082763671875

Feedback:
    current_pose:
  header:
    stamp:
      sec: 833
      nanosec: 0
    frame_id: map
  pose:
    position:
      x: -13.00194735716532
      y: -0.009503799296219029
      z: 0.0
    orientation:
      x: 0.0
      y: 0.0
      z: 0.008824227573071969
      w: 0.9999610657459312
navigation_time:
  sec: 3
  nanosec: 800000000
estimated_time_remaining:
  sec: 1159
  nanosec: 945460260
number_of_recoveries: 0
distance_remaining: 19.766082763671875

Feedback:
    current_pose:
  header:
    stamp:
      sec: 833
      nanosec: 0
    frame_id: map
  pose:
    position:
      x: -13.00194735716532
      y: -0.009503799296219029
      z: 0.0
    orientation:
      x: 0.0
      y: 0.0
      z: 0.008824227573071969
      w: 0.9999610657459312
navigation_time:
  sec: 3
  nanosec: 800000000
estimated_time_remaining:
  sec: 1159
  nanosec: 945460260
number_of_recoveries: 0
distance_remaining: 19.766082763671875

Feedback:
    current_pose:
  header:
    stamp:
      sec: 833
      nanosec: 0
    frame_id: map
  pose:
    position:
      x: -13.00194735716532
      y: -0.009503799296219029
      z: 0.0
    orientation:
      x: 0.0
      y: 0.0
      z: 0.008824227573071969
      w: 0.9999610657459312
navigation_time:
  sec: 3
  nanosec: 804000000
estimated_time_remaining:
  sec: 1159
  nanosec: 945460260
number_of_recoveries: 0
distance_remaining: 19.766082763671875

Feedback:
    current_pose:
  header:
    stamp:
      sec: 833
      nanosec: 20000000
    frame_id: map
  pose:
    position:
      x: -13.001744105513481
      y: -0.009500188260734177
      z: 0.0
    orientation:
      x: 0.0
      y: 0.0
      z: 0.008939997754836448
      w: 0.9999600374215679
navigation_time:
  sec: 3
  nanosec: 836000000
estimated_time_remaining:
  sec: 1182
  nanosec: 263668153
number_of_recoveries: 0
distance_remaining: 19.766082763671875

Feedback:
    current_pose:
  header:
    stamp:
      sec: 833
      nanosec: 20000000
    frame_id: map
  pose:
    position:
      x: -13.001744105513481
      y: -0.009500188260734177
      z: 0.0
    orientation:
      x: 0.0
      y: 0.0
      z: 0.008939997754836448
      w: 0.9999600374215679
navigation_time:
  sec: 3
  nanosec: 836000000
estimated_time_remaining:
  sec: 1182
  nanosec: 263668153
number_of_recoveries: 0
distance_remaining: 19.766082763671875

Feedback:
    current_pose:
  header:
    stamp:
      sec: 833
      nanosec: 20000000
    frame_id: map
  pose:
    position:
      x: -13.001744105513481
      y: -0.009500188260734177
      z: 0.0
    orientation:
      x: 0.0
      y: 0.0
      z: 0.008939997754836448
      w: 0.9999600374215679
navigation_time:
  sec: 3
  nanosec: 836000000
estimated_time_remaining:
  sec: 1182
  nanosec: 263668153
number_of_recoveries: 0
distance_remaining: 19.766082763671875

Feedback:
    current_pose:
  header:
    stamp:
      sec: 833
      nanosec: 20000000
    frame_id: map
  pose:
    position:
      x: -13.001744105513481
      y: -0.009500188260734177
      z: 0.0
    orientation:
      x: 0.0
      y: 0.0
      z: 0.008939997754836448
      w: 0.9999600374215679
navigation_time:
  sec: 3
  nanosec: 836000000
estimated_time_remaining:
  sec: 1182
  nanosec: 263668153
number_of_recoveries: 0
distance_remaining: 19.766082763671875

Feedback:
    current_pose:
  header:
    stamp:
      sec: 833
      nanosec: 40000000
    frame_id: map
  pose:
    position:
      x: -13.001550850018845
      y: -0.009496710130962427
      z: 0.0
    orientation:
      x: 0.0
      y: 0.0
      z: 0.009064478205595803
      w: 0.9999589167735145
navigation_time:
  sec: 3
  nanosec: 852000000
estimated_time_remaining:
  sec: 1221
  nanosec: 957155238
number_of_recoveries: 0
distance_remaining: 19.766082763671875

Feedback:
    current_pose:
  header:
    stamp:
      sec: 833
      nanosec: 60000000
    frame_id: map
  pose:
    position:
      x: -13.001372588376356
      y: -0.009493453506747684
      z: 0.0
    orientation:
      x: 0.0
      y: 0.0
      z: 0.009202024100074422
      w: 0.9999576604799134
navigation_time:
  sec: 3
  nanosec: 876000000
estimated_time_remaining:
  sec: 1285
  nanosec: 689974230
number_of_recoveries: 0
distance_remaining: 19.766082763671875

Feedback:
    current_pose:
  header:
    stamp:
      sec: 833
      nanosec: 60000000
    frame_id: map
  pose:
    position:
      x: -13.001372588376356
      y: -0.009493453506747684
      z: 0.0
    orientation:
      x: 0.0
      y: 0.0
      z: 0.009202024100074422
      w: 0.9999576604799134
navigation_time:
  sec: 3
  nanosec: 876000000
estimated_time_remaining:
  sec: 1285
  nanosec: 689974230
number_of_recoveries: 0
distance_remaining: 19.766082763671875

Feedback:
    current_pose:
  header:
    stamp:
      sec: 833
      nanosec: 60000000
    frame_id: map
  pose:
    position:
      x: -13.001372588376356
      y: -0.009493453506747684
      z: 0.0
    orientation:
      x: 0.0
      y: 0.0
      z: 0.009202024100074422
      w: 0.9999576604799134
navigation_time:
  sec: 3
  nanosec: 876000000
estimated_time_remaining:
  sec: 1285
  nanosec: 689974230
number_of_recoveries: 0
distance_remaining: 19.766082763671875

Feedback:
    current_pose:
  header:
    stamp:
      sec: 833
      nanosec: 60000000
    frame_id: map
  pose:
    position:
      x: -13.001372588376356
      y: -0.009493453506747684
      z: 0.0
    orientation:
      x: 0.0
      y: 0.0
      z: 0.009202024100074422
      w: 0.9999576604799134
navigation_time:
  sec: 3
  nanosec: 876000000
estimated_time_remaining:
  sec: 1285
  nanosec: 689974230
number_of_recoveries: 0
distance_remaining: 19.766082763671875

Feedback:
    current_pose:
  header:
    stamp:
      sec: 833
      nanosec: 100000000
    frame_id: map
  pose:
    position:
      x: -13.00121318861612
      y: -0.009490480287512426
      z: 0.0
    orientation:
      x: 0.0
      y: 0.0
      z: 0.009417871034809509
      w: 0.9999556508691632
navigation_time:
  sec: 3
  nanosec: 900000000
estimated_time_remaining:
  sec: 1410
  nanosec: 653869873
number_of_recoveries: 0
distance_remaining: 19.766082763671875

Feedback:
    current_pose:
  header:
    stamp:
      sec: 833
      nanosec: 100000000
    frame_id: map
  pose:
    position:
      x: -13.00121318861612
      y: -0.009490480287512426
      z: 0.0
    orientation:
      x: 0.0
      y: 0.0
      z: 0.009417871034809509
      w: 0.9999556508691632
navigation_time:
  sec: 3
  nanosec: 908000000
estimated_time_remaining:
  sec: 1410
  nanosec: 653869873
number_of_recoveries: 0
distance_remaining: 19.766082763671875

Feedback:
    current_pose:
  header:
    stamp:
      sec: 833
      nanosec: 100000000
    frame_id: map
  pose:
    position:
      x: -13.00121318861612
      y: -0.009490480287512426
      z: 0.0
    orientation:
      x: 0.0
      y: 0.0
      z: 0.009417871034809509
      w: 0.9999556508691632
navigation_time:
  sec: 3
  nanosec: 908000000
estimated_time_remaining:
  sec: 1410
  nanosec: 653869873
number_of_recoveries: 0
distance_remaining: 19.766082763671875

Feedback:
    current_pose:
  header:
    stamp:
      sec: 833
      nanosec: 100000000
    frame_id: map
  pose:
    position:
      x: -13.00121318861612
      y: -0.009490480287512426
      z: 0.0
    orientation:
      x: 0.0
      y: 0.0
      z: 0.009417871034809509
      w: 0.9999556508691632
navigation_time:
  sec: 3
  nanosec: 908000000
estimated_time_remaining:
  sec: 1410
  nanosec: 653869873
number_of_recoveries: 0
distance_remaining: 19.766082763671875

Feedback:
    current_pose:
  header:
    stamp:
      sec: 833
      nanosec: 100000000
    frame_id: map
  pose:
    position:
      x: -13.00121318861612
      y: -0.009490480287512426
      z: 0.0
    orientation:
      x: 0.0
      y: 0.0
      z: 0.009417871034809509
      w: 0.9999556508691632
navigation_time:
  sec: 3
  nanosec: 908000000
estimated_time_remaining:
  sec: 1410
  nanosec: 653869873
number_of_recoveries: 0
distance_remaining: 19.766082763671875

Feedback:
    current_pose:
  header:
    stamp:
      sec: 833
      nanosec: 120000000
    frame_id: map
  pose:
    position:
      x: -13.00092417777175
      y: -0.009485071097177666
      z: 0.0
    orientation:
      x: 0.0
      y: 0.0
      z: 0.009295890180276349
      w: 0.9999567922794247
navigation_time:
  sec: 3
  nanosec: 944000000
estimated_time_remaining:
  sec: 1443
  nanosec: 102789375
number_of_recoveries: 0
distance_remaining: 19.766082763671875

Feedback:
    current_pose:
  header:
    stamp:
      sec: 833
      nanosec: 140000000
    frame_id: map
  pose:
    position:
      x: -13.00063516561606
      y: -0.009479732417670306
      z: 0.0
    orientation:
      x: 0.0
      y: 0.0
      z: 0.009173909147137338
      w: 0.9999579188100668
navigation_time:
  sec: 3
  nanosec: 944000000
estimated_time_remaining:
  sec: 1443
  nanosec: 102789375
number_of_recoveries: 0
distance_remaining: 19.766082763671875

Feedback:
    current_pose:
  header:
    stamp:
      sec: 833
      nanosec: 140000000
    frame_id: map
  pose:
    position:
      x: -13.00063516561606
      y: -0.009479732417670306
      z: 0.0
    orientation:
      x: 0.0
      y: 0.0
      z: 0.009173909147137338
      w: 0.9999579188100668
navigation_time:
  sec: 3
  nanosec: 944000000
estimated_time_remaining:
  sec: 1443
  nanosec: 102789375
number_of_recoveries: 0
distance_remaining: 19.766082763671875

Feedback:
    current_pose:
  header:
    stamp:
      sec: 833
      nanosec: 140000000
    frame_id: map
  pose:
    position:
      x: -13.00063516561606
      y: -0.009479732417670306
      z: 0.0
    orientation:
      x: 0.0
      y: 0.0
      z: 0.009173909147137338
      w: 0.9999579188100668
navigation_time:
  sec: 3
  nanosec: 944000000
estimated_time_remaining:
  sec: 1443
  nanosec: 102789375
number_of_recoveries: 0
distance_remaining: 19.766082763671875

Feedback:
    current_pose:
  header:
    stamp:
      sec: 833
      nanosec: 140000000
    frame_id: map
  pose:
    position:
      x: -13.00063516561606
      y: -0.009479732417670306
      z: 0.0
    orientation:
      x: 0.0
      y: 0.0
      z: 0.009173909147137338
      w: 0.9999579188100668
navigation_time:
  sec: 3
  nanosec: 944000000
estimated_time_remaining:
  sec: 1443
  nanosec: 102789375
number_of_recoveries: 0
distance_remaining: 19.766082763671875

Feedback:
    current_pose:
  header:
    stamp:
      sec: 833
      nanosec: 160000000
    frame_id: map
  pose:
    position:
      x: -13.000622820765443
      y: -0.009479505775574992
      z: 0.0
    orientation:
      x: 0.0
      y: 0.0
      z: 0.009183012206917026
      w: 0.9999578352544709
navigation_time:
  sec: 3
  nanosec: 968000000
estimated_time_remaining:
  sec: 1508
  nanosec: 949707587
number_of_recoveries: 0
distance_remaining: 19.766082763671875

Feedback:
    current_pose:
  header:
    stamp:
      sec: 833
      nanosec: 160000000
    frame_id: map
  pose:
    position:
      x: -13.000622820765443
      y: -0.009479505775574992
      z: 0.0
    orientation:
      x: 0.0
      y: 0.0
      z: 0.009183012206917026
      w: 0.9999578352544709
navigation_time:
  sec: 3
  nanosec: 968000000
estimated_time_remaining:
  sec: 1508
  nanosec: 949707587
number_of_recoveries: 0
distance_remaining: 19.766082763671875

Feedback:
    current_pose:
  header:
    stamp:
      sec: 833
      nanosec: 160000000
    frame_id: map
  pose:
    position:
      x: -13.000622820765443
      y: -0.009479505775574992
      z: 0.0
    orientation:
      x: 0.0
      y: 0.0
      z: 0.009183012206917026
      w: 0.9999578352544709
navigation_time:
  sec: 3
  nanosec: 968000000
estimated_time_remaining:
  sec: 1508
  nanosec: 949707587
number_of_recoveries: 0
distance_remaining: 19.766082763671875

Feedback:
    current_pose:
  header:
    stamp:
      sec: 833
      nanosec: 160000000
    frame_id: map
  pose:
    position:
      x: -13.000622820765443
      y: -0.009479505775574992
      z: 0.0
    orientation:
      x: 0.0
      y: 0.0
      z: 0.009183012206917026
      w: 0.9999578352544709
navigation_time:
  sec: 3
  nanosec: 968000000
estimated_time_remaining:
  sec: 1508
  nanosec: 949707587
number_of_recoveries: 0
distance_remaining: 19.766082763671875

Feedback:
    current_pose:
  header:
    stamp:
      sec: 833
      nanosec: 200000000
    frame_id: map
  pose:
    position:
      x: -13.000446169833438
      y: -0.009476267391484328
      z: 0.0
    orientation:
      x: 0.0
      y: 0.0
      z: 0.009136927859961144
      w: 0.9999582574034188
navigation_time:
  sec: 4
  nanosec: 0
estimated_time_remaining:
  sec: 1722
  nanosec: 131808151
number_of_recoveries: 0
distance_remaining: 19.766082763671875

Feedback:
    current_pose:
  header:
    stamp:
      sec: 833
      nanosec: 200000000
    frame_id: map
  pose:
    position:
      x: -13.000446169833438
      y: -0.009476267391484328
      z: 0.0
    orientation:
      x: 0.0
      y: 0.0
      z: 0.009136927859961144
      w: 0.9999582574034188
navigation_time:
  sec: 4
  nanosec: 0
estimated_time_remaining:
  sec: 1722
  nanosec: 131808151
number_of_recoveries: 0
distance_remaining: 19.766082763671875

Feedback:
    current_pose:
  header:
    stamp:
      sec: 833
      nanosec: 200000000
    frame_id: map
  pose:
    position:
      x: -13.000446169833438
      y: -0.009476267391484328
      z: 0.0
    orientation:
      x: 0.0
      y: 0.0
      z: 0.009136927859961144
      w: 0.9999582574034188
navigation_time:
  sec: 4
  nanosec: 0
estimated_time_remaining:
  sec: 1722
  nanosec: 131808151
number_of_recoveries: 0
distance_remaining: 19.766082763671875

Feedback:
    current_pose:
  header:
    stamp:
      sec: 833
      nanosec: 200000000
    frame_id: map
  pose:
    position:
      x: -13.000446169833438
      y: -0.009476267391484328
      z: 0.0
    orientation:
      x: 0.0
      y: 0.0
      z: 0.009136927859961144
      w: 0.9999582574034188
navigation_time:
  sec: 4
  nanosec: 0
estimated_time_remaining:
  sec: 1722
  nanosec: 131808151
number_of_recoveries: 0
distance_remaining: 19.766082763671875

Feedback:
    current_pose:
  header:
    stamp:
      sec: 833
      nanosec: 200000000
    frame_id: map
  pose:
    position:
      x: -13.000446169833438
      y: -0.009476267391484328
      z: 0.0
    orientation:
      x: 0.0
      y: 0.0
      z: 0.009136927859961144
      w: 0.9999582574034188
navigation_time:
  sec: 4
  nanosec: 4000000
estimated_time_remaining:
  sec: 1722
  nanosec: 131808151
number_of_recoveries: 0
distance_remaining: 19.766082763671875

Feedback:
    current_pose:
  header:
    stamp:
      sec: 833
      nanosec: 220000000
    frame_id: map
  pose:
    position:
      x: -13.000318287087396
      y: -0.009473932608569768
      z: 0.0
    orientation:
      x: 0.0
      y: 0.0
      z: 0.009134924665843341
      w: 0.9999582757052164
navigation_time:
  sec: 4
  nanosec: 36000000
estimated_time_remaining:
  sec: 1784
  nanosec: 308266705
number_of_recoveries: 0
distance_remaining: 19.766082763671875

Feedback:
    current_pose:
  header:
    stamp:
      sec: 833
      nanosec: 240000000
    frame_id: map
  pose:
    position:
      x: -13.00019780219965
      y: -0.00947172792114337
      z: 0.0
    orientation:
      x: 0.0
      y: 0.0
      z: 0.009161234298295878
      w: 0.9999580350125359
navigation_time:
  sec: 4
  nanosec: 48000000
estimated_time_remaining:
  sec: 1843
  nanosec: 385200804
number_of_recoveries: 0
distance_remaining: 19.766082763671875

Feedback:
    current_pose:
  header:
    stamp:
      sec: 833
      nanosec: 240000000
    frame_id: map
  pose:
    position:
      x: -13.00019780219965
      y: -0.00947172792114337
      z: 0.0
    orientation:
      x: 0.0
      y: 0.0
      z: 0.009161234298295878
      w: 0.9999580350125359
navigation_time:
  sec: 4
  nanosec: 48000000
estimated_time_remaining:
  sec: 1843
  nanosec: 385200804
number_of_recoveries: 0
distance_remaining: 19.766082763671875

Feedback:
    current_pose:
  header:
    stamp:
      sec: 833
      nanosec: 240000000
    frame_id: map
  pose:
    position:
      x: -13.00019780219965
      y: -0.00947172792114337
      z: 0.0
    orientation:
      x: 0.0
      y: 0.0
      z: 0.009161234298295878
      w: 0.9999580350125359
navigation_time:
  sec: 4
  nanosec: 48000000
estimated_time_remaining:
  sec: 1843
  nanosec: 385200804
number_of_recoveries: 0
distance_remaining: 19.766082763671875

Feedback:
    current_pose:
  header:
    stamp:
      sec: 833
      nanosec: 240000000
    frame_id: map
  pose:
    position:
      x: -13.00019780219965
      y: -0.00947172792114337
      z: 0.0
    orientation:
      x: 0.0
      y: 0.0
      z: 0.009161234298295878
      w: 0.9999580350125359
navigation_time:
  sec: 4
  nanosec: 48000000
estimated_time_remaining:
  sec: 1843
  nanosec: 385200804
number_of_recoveries: 0
distance_remaining: 19.766082763671875

Feedback:
    current_pose:
  header:
    stamp:
      sec: 833
      nanosec: 260000000
    frame_id: map
  pose:
    position:
      x: -13.000218060849306
      y: -0.009472103784389674
      z: 0.0
    orientation:
      x: 0.0
      y: 0.0
      z: 0.009207765917366995
      w: 0.9999576076248488
navigation_time:
  sec: 4
  nanosec: 72000000
estimated_time_remaining:
  sec: 0
  nanosec: 0
number_of_recoveries: 0
distance_remaining: 19.766082763671875

Feedback:
    current_pose:
  header:
    stamp:
      sec: 833
      nanosec: 260000000
    frame_id: map
  pose:
    position:
      x: -13.000218060849306
      y: -0.009472103784389674
      z: 0.0
    orientation:
      x: 0.0
      y: 0.0
      z: 0.009207765917366995
      w: 0.9999576076248488
navigation_time:
  sec: 4
  nanosec: 76000000
estimated_time_remaining:
  sec: 0
  nanosec: 0
number_of_recoveries: 0
distance_remaining: 19.766082763671875

Feedback:
    current_pose:
  header:
    stamp:
      sec: 833
      nanosec: 260000000
    frame_id: map
  pose:
    position:
      x: -13.000218060849306
      y: -0.009472103784389674
      z: 0.0
    orientation:
      x: 0.0
      y: 0.0
      z: 0.009207765917366995
      w: 0.9999576076248488
navigation_time:
  sec: 4
  nanosec: 76000000
estimated_time_remaining:
  sec: 0
  nanosec: 0
number_of_recoveries: 0
distance_remaining: 19.766082763671875

Feedback:
    current_pose:
  header:
    stamp:
      sec: 833
      nanosec: 260000000
    frame_id: map
  pose:
    position:
      x: -13.000218060849306
      y: -0.009472103784389674
      z: 0.0
    orientation:
      x: 0.0
      y: 0.0
      z: 0.009207765917366995
      w: 0.9999576076248488
navigation_time:
  sec: 4
  nanosec: 76000000
estimated_time_remaining:
  sec: 0
  nanosec: 0
number_of_recoveries: 0
distance_remaining: 19.766082763671875

Feedback:
    current_pose:
  header:
    stamp:
      sec: 833
      nanosec: 260000000
    frame_id: map
  pose:
    position:
      x: -13.000218060849306
      y: -0.009472103784389674
      z: 0.0
    orientation:
      x: 0.0
      y: 0.0
      z: 0.009207765917366995
      w: 0.9999576076248488
navigation_time:
  sec: 4
  nanosec: 76000000
estimated_time_remaining:
  sec: 0
  nanosec: 0
number_of_recoveries: 0
distance_remaining: 19.766082763671875

Feedback:
    current_pose:
  header:
    stamp:
      sec: 833
      nanosec: 280000000
    frame_id: map
  pose:
    position:
      x: -13.0004494342096
      y: -0.009476382981077336
      z: 0.0
    orientation:
      x: 0.0
      y: 0.0
      z: 0.009284630527524094
      w: 0.9999568968890447
navigation_time:
  sec: 4
  nanosec: 100000000
estimated_time_remaining:
  sec: 0
  nanosec: 0
number_of_recoveries: 0
distance_remaining: 19.766082763671875

Feedback:
    current_pose:
  header:
    stamp:
      sec: 833
      nanosec: 280000000
    frame_id: map
  pose:
    position:
      x: -13.0004494342096
      y: -0.009476382981077336
      z: 0.0
    orientation:
      x: 0.0
      y: 0.0
      z: 0.009284630527524094
      w: 0.9999568968890447
navigation_time:
  sec: 4
  nanosec: 100000000
estimated_time_remaining:
  sec: 0
  nanosec: 0
number_of_recoveries: 0
distance_remaining: 19.766082763671875

Feedback:
    current_pose:
  header:
    stamp:
      sec: 833
      nanosec: 280000000
    frame_id: map
  pose:
    position:
      x: -13.0004494342096
      y: -0.009476382981077336
      z: 0.0
    orientation:
      x: 0.0
      y: 0.0
      z: 0.009284630527524094
      w: 0.9999568968890447
navigation_time:
  sec: 4
  nanosec: 100000000
estimated_time_remaining:
  sec: 0
  nanosec: 0
number_of_recoveries: 0
distance_remaining: 19.766082763671875

Feedback:
    current_pose:
  header:
    stamp:
      sec: 833
      nanosec: 280000000
    frame_id: map
  pose:
    position:
      x: -13.0004494342096
      y: -0.009476382981077336
      z: 0.0
    orientation:
      x: 0.0
      y: 0.0
      z: 0.009284630527524094
      w: 0.9999568968890447
navigation_time:
  sec: 4
  nanosec: 104000000
estimated_time_remaining:
  sec: 0
  nanosec: 0
number_of_recoveries: 0
distance_remaining: 19.766082763671875

Feedback:
    current_pose:
  header:
    stamp:
      sec: 833
      nanosec: 340000000
    frame_id: map
  pose:
    position:
      x: -13.000552087740829
      y: -0.009478249253808357
      z: 0.0
    orientation:
      x: 0.0
      y: 0.0
      z: 0.009806653410417423
      w: 0.9999519136182938
navigation_time:
  sec: 4
  nanosec: 140000000
estimated_time_remaining:
  sec: 0
  nanosec: 0
number_of_recoveries: 0
distance_remaining: 19.766082763671875

Feedback:
    current_pose:
  header:
    stamp:
      sec: 833
      nanosec: 340000000
    frame_id: map
  pose:
    position:
      x: -13.000552087740829
      y: -0.009478249253808357
      z: 0.0
    orientation:
      x: 0.0
      y: 0.0
      z: 0.009806653410417423
      w: 0.9999519136182938
navigation_time:
  sec: 4
  nanosec: 140000000
estimated_time_remaining:
  sec: 0
  nanosec: 0
number_of_recoveries: 0
distance_remaining: 19.766082763671875

Feedback:
    current_pose:
  header:
    stamp:
      sec: 833
      nanosec: 340000000
    frame_id: map
  pose:
    position:
      x: -13.000552087740829
      y: -0.009478249253808357
      z: 0.0
    orientation:
      x: 0.0
      y: 0.0
      z: 0.009806653410417423
      w: 0.9999519136182938
navigation_time:
  sec: 4
  nanosec: 140000000
estimated_time_remaining:
  sec: 0
  nanosec: 0
number_of_recoveries: 0
distance_remaining: 19.766082763671875

Feedback:
    current_pose:
  header:
    stamp:
      sec: 833
      nanosec: 340000000
    frame_id: map
  pose:
    position:
      x: -13.000552087740829
      y: -0.009478249253808357
      z: 0.0
    orientation:
      x: 0.0
      y: 0.0
      z: 0.009806653410417423
      w: 0.9999519136182938
navigation_time:
  sec: 4
  nanosec: 140000000
estimated_time_remaining:
  sec: 0
  nanosec: 0
number_of_recoveries: 0
distance_remaining: 19.766082763671875

Feedback:
    current_pose:
  header:
    stamp:
      sec: 833
      nanosec: 340000000
    frame_id: map
  pose:
    position:
      x: -13.000552087740829
      y: -0.009478249253808357
      z: 0.0
    orientation:
      x: 0.0
      y: 0.0
      z: 0.009806653410417423
      w: 0.9999519136182938
navigation_time:
  sec: 4
  nanosec: 156000000
estimated_time_remaining:
  sec: 0
  nanosec: 0
number_of_recoveries: 0
distance_remaining: 19.766082763671875

Feedback:
    current_pose:
  header:
    stamp:
      sec: 833
      nanosec: 360000000
    frame_id: map
  pose:
    position:
      x: -13.000433638802463
      y: -0.009475895914549781
      z: 0.0
    orientation:
      x: 0.0
      y: 0.0
      z: 0.010058370350095656
      w: 0.9999494133134438
navigation_time:
  sec: 4
  nanosec: 176000000
estimated_time_remaining:
  sec: 0
  nanosec: 0
number_of_recoveries: 0
distance_remaining: 19.766082763671875

Feedback:
    current_pose:
  header:
    stamp:
      sec: 833
      nanosec: 360000000
    frame_id: map
  pose:
    position:
      x: -13.000433638802463
      y: -0.009475895914549781
      z: 0.0
    orientation:
      x: 0.0
      y: 0.0
      z: 0.010058370350095656
      w: 0.9999494133134438
navigation_time:
  sec: 4
  nanosec: 176000000
estimated_time_remaining:
  sec: 0
  nanosec: 0
number_of_recoveries: 0
distance_remaining: 19.766082763671875

Feedback:
    current_pose:
  header:
    stamp:
      sec: 833
      nanosec: 360000000
    frame_id: map
  pose:
    position:
      x: -13.000433638802463
      y: -0.009475895914549781
      z: 0.0
    orientation:
      x: 0.0
      y: 0.0
      z: 0.010058370350095656
      w: 0.9999494133134438
navigation_time:
  sec: 4
  nanosec: 176000000
estimated_time_remaining:
  sec: 0
  nanosec: 0
number_of_recoveries: 0
distance_remaining: 19.766082763671875

Feedback:
    current_pose:
  header:
    stamp:
      sec: 833
      nanosec: 380000000
    frame_id: map
  pose:
    position:
      x: -13.000430699358049
      y: -0.009475836065975685
      z: 0.0
    orientation:
      x: 0.0
      y: 0.0
      z: 0.010031418475831083
      w: 0.9999496840558344
navigation_time:
  sec: 4
  nanosec: 188000000
estimated_time_remaining:
  sec: 0
  nanosec: 0
number_of_recoveries: 0
distance_remaining: 19.766082763671875

Feedback:
    current_pose:
  header:
    stamp:
      sec: 833
      nanosec: 380000000
    frame_id: map
  pose:
    position:
      x: -13.000430699358049
      y: -0.009475836065975685
      z: 0.0
    orientation:
      x: 0.0
      y: 0.0
      z: 0.010031418475831083
      w: 0.9999496840558344
navigation_time:
  sec: 4
  nanosec: 200000000
estimated_time_remaining:
  sec: 0
  nanosec: 0
number_of_recoveries: 0
distance_remaining: 19.766082763671875

Feedback:
    current_pose:
  header:
    stamp:
      sec: 833
      nanosec: 380000000
    frame_id: map
  pose:
    position:
      x: -13.000430699358049
      y: -0.009475836065975685
      z: 0.0
    orientation:
      x: 0.0
      y: 0.0
      z: 0.010031418475831083
      w: 0.9999496840558344
navigation_time:
  sec: 4
  nanosec: 200000000
estimated_time_remaining:
  sec: 0
  nanosec: 0
number_of_recoveries: 0
distance_remaining: 19.766082763671875

Feedback:
    current_pose:
  header:
    stamp:
      sec: 833
      nanosec: 400000000
    frame_id: map
  pose:
    position:
      x: -13.000456637199292
      y: -0.009476354024005929
      z: 0.0
    orientation:
      x: 0.0
      y: 0.0
      z: 0.00993479941108949
      w: 0.9999506486625535
navigation_time:
  sec: 4
  nanosec: 216000000
estimated_time_remaining:
  sec: 0
  nanosec: 0
number_of_recoveries: 0
distance_remaining: 19.766082763671875

Feedback:
    current_pose:
  header:
    stamp:
      sec: 833
      nanosec: 420000000
    frame_id: map
  pose:
    position:
      x: -13.000709909487156
      y: -0.009481356938820795
      z: 0.0
    orientation:
      x: 0.0
      y: 0.0
      z: 0.009815418852911815
      w: 0.9999518276160818
navigation_time:
  sec: 4
  nanosec: 228000000
estimated_time_remaining:
  sec: 0
  nanosec: 0
number_of_recoveries: 0
distance_remaining: 19.766082763671875

Feedback:
    current_pose:
  header:
    stamp:
      sec: 833
      nanosec: 420000000
    frame_id: map
  pose:
    position:
      x: -13.000709909487156
      y: -0.009481356938820795
      z: 0.0
    orientation:
      x: 0.0
      y: 0.0
      z: 0.009815418852911815
      w: 0.9999518276160818
navigation_time:
  sec: 4
  nanosec: 236000000
estimated_time_remaining:
  sec: 0
  nanosec: 0
number_of_recoveries: 0
distance_remaining: 19.766082763671875

Feedback:
    current_pose:
  header:
    stamp:
      sec: 833
      nanosec: 420000000
    frame_id: map
  pose:
    position:
      x: -13.000709909487156
      y: -0.009481356938820795
      z: 0.0
    orientation:
      x: 0.0
      y: 0.0
      z: 0.009815418852911815
      w: 0.9999518276160818
navigation_time:
  sec: 4
  nanosec: 240000000
estimated_time_remaining:
  sec: 0
  nanosec: 0
number_of_recoveries: 0
distance_remaining: 19.766082763671875

Feedback:
    current_pose:
  header:
    stamp:
      sec: 833
      nanosec: 420000000
    frame_id: map
  pose:
    position:
      x: -13.000709909487156
      y: -0.009481356938820795
      z: 0.0
    orientation:
      x: 0.0
      y: 0.0
      z: 0.009815418852911815
      w: 0.9999518276160818
navigation_time:
  sec: 4
  nanosec: 240000000
estimated_time_remaining:
  sec: 0
  nanosec: 0
number_of_recoveries: 0
distance_remaining: 19.766082763671875

Feedback:
    current_pose:
  header:
    stamp:
      sec: 833
      nanosec: 420000000
    frame_id: map
  pose:
    position:
      x: -13.000709909487156
      y: -0.009481356938820795
      z: 0.0
    orientation:
      x: 0.0
      y: 0.0
      z: 0.009815418852911815
      w: 0.9999518276160818
navigation_time:
  sec: 4
  nanosec: 240000000
estimated_time_remaining:
  sec: 0
  nanosec: 0
number_of_recoveries: 0
distance_remaining: 19.766082763671875

Feedback:
    current_pose:
  header:
    stamp:
      sec: 833
      nanosec: 440000000
    frame_id: map
  pose:
    position:
      x: -13.000908267502567
      y: -0.009485230487982221
      z: 0.0
    orientation:
      x: 0.0
      y: 0.0
      z: 0.009697265673872387
      w: 0.9999529804138043
navigation_time:
  sec: 4
  nanosec: 252000000
estimated_time_remaining:
  sec: 0
  nanosec: 0
number_of_recoveries: 0
distance_remaining: 19.766082763671875

Feedback:
    current_pose:
  header:
    stamp:
      sec: 833
      nanosec: 460000000
    frame_id: map
  pose:
    position:
      x: -13.001070016034475
      y: -0.009488348980791983
      z: 0.0
    orientation:
      x: 0.0
      y: 0.0
      z: 0.00957993072004193
      w: 0.9999541114108184
navigation_time:
  sec: 4
  nanosec: 272000000
estimated_time_remaining:
  sec: 0
  nanosec: 0
number_of_recoveries: 0
distance_remaining: 19.766082763671875

Feedback:
    current_pose:
  header:
    stamp:
      sec: 833
      nanosec: 460000000
    frame_id: map
  pose:
    position:
      x: -13.001070016034475
      y: -0.009488348980791983
      z: 0.0
    orientation:
      x: 0.0
      y: 0.0
      z: 0.00957993072004193
      w: 0.9999541114108184
navigation_time:
  sec: 4
  nanosec: 276000000
estimated_time_remaining:
  sec: 0
  nanosec: 0
number_of_recoveries: 0
distance_remaining: 19.766082763671875

Feedback:
    current_pose:
  header:
    stamp:
      sec: 833
      nanosec: 460000000
    frame_id: map
  pose:
    position:
      x: -13.001070016034475
      y: -0.009488348980791983
      z: 0.0
    orientation:
      x: 0.0
      y: 0.0
      z: 0.00957993072004193
      w: 0.9999541114108184
navigation_time:
  sec: 4
  nanosec: 276000000
estimated_time_remaining:
  sec: 0
  nanosec: 0
number_of_recoveries: 0
distance_remaining: 19.766082763671875

Feedback:
    current_pose:
  header:
    stamp:
      sec: 833
      nanosec: 460000000
    frame_id: map
  pose:
    position:
      x: -13.001070016034475
      y: -0.009488348980791983
      z: 0.0
    orientation:
      x: 0.0
      y: 0.0
      z: 0.00957993072004193
      w: 0.9999541114108184
navigation_time:
  sec: 4
  nanosec: 276000000
estimated_time_remaining:
  sec: 0
  nanosec: 0
number_of_recoveries: 0
distance_remaining: 19.766082763671875

Feedback:
    current_pose:
  header:
    stamp:
      sec: 833
      nanosec: 460000000
    frame_id: map
  pose:
    position:
      x: -13.001070016034475
      y: -0.009488348980791983
      z: 0.0
    orientation:
      x: 0.0
      y: 0.0
      z: 0.00957993072004193
      w: 0.9999541114108184
navigation_time:
  sec: 4
  nanosec: 276000000
estimated_time_remaining:
  sec: 0
  nanosec: 0
number_of_recoveries: 0
distance_remaining: 19.766082763671875

Feedback:
    current_pose:
  header:
    stamp:
      sec: 833
      nanosec: 480000000
    frame_id: map
  pose:
    position:
      x: -13.001158334191715
      y: -0.009490032187269293
      z: 0.0
    orientation:
      x: 0.0
      y: 0.0
      z: 0.00945282601739769
      w: 0.9999553210420378
navigation_time:
  sec: 4
  nanosec: 300000000
estimated_time_remaining:
  sec: 0
  nanosec: 0
number_of_recoveries: 0
distance_remaining: 19.766082763671875

Feedback:
    current_pose:
  header:
    stamp:
      sec: 833
      nanosec: 500000000
    frame_id: map
  pose:
    position:
      x: -13.001197297878207
      y: -0.009490767485383245
      z: 0.0
    orientation:
      x: 0.0
      y: 0.0
      z: 0.009299684083115016
      w: 0.9999567570029988
navigation_time:
  sec: 4
  nanosec: 304000000
estimated_time_remaining:
  sec: 0
  nanosec: 0
number_of_recoveries: 0
distance_remaining: 19.766082763671875

Feedback:
    current_pose:
  header:
    stamp:
      sec: 833
      nanosec: 500000000
    frame_id: map
  pose:
    position:
      x: -13.001197297878207
      y: -0.009490767485383245
      z: 0.0
    orientation:
      x: 0.0
      y: 0.0
      z: 0.009299684083115016
      w: 0.9999567570029988
navigation_time:
  sec: 4
  nanosec: 304000000
estimated_time_remaining:
  sec: 0
  nanosec: 0
number_of_recoveries: 0
distance_remaining: 19.766082763671875

Feedback:
    current_pose:
  header:
    stamp:
      sec: 833
      nanosec: 500000000
    frame_id: map
  pose:
    position:
      x: -13.001197297878207
      y: -0.009490767485383245
      z: 0.0
    orientation:
      x: 0.0
      y: 0.0
      z: 0.009299684083115016
      w: 0.9999567570029988
navigation_time:
  sec: 4
  nanosec: 304000000
estimated_time_remaining:
  sec: 0
  nanosec: 0
number_of_recoveries: 0
distance_remaining: 19.766082763671875

Feedback:
    current_pose:
  header:
    stamp:
      sec: 833
      nanosec: 500000000
    frame_id: map
  pose:
    position:
      x: -13.001197297878207
      y: -0.009490767485383245
      z: 0.0
    orientation:
      x: 0.0
      y: 0.0
      z: 0.009299684083115016
      w: 0.9999567570029988
navigation_time:
  sec: 4
  nanosec: 304000000
estimated_time_remaining:
  sec: 0
  nanosec: 0
number_of_recoveries: 0
distance_remaining: 19.766082763671875

Feedback:
    current_pose:
  header:
    stamp:
      sec: 833
      nanosec: 520000000
    frame_id: map
  pose:
    position:
      x: -13.00111227293013
      y: -0.009489206923415594
      z: 0.0
    orientation:
      x: 0.0
      y: 0.0
      z: 0.0090521630545142
      w: 0.9999590283326785
navigation_time:
  sec: 4
  nanosec: 336000000
estimated_time_remaining:
  sec: 0
  nanosec: 0
number_of_recoveries: 0
distance_remaining: 19.766082763671875

Feedback:
    current_pose:
  header:
    stamp:
      sec: 833
      nanosec: 520000000
    frame_id: map
  pose:
    position:
      x: -13.00111227293013
      y: -0.009489206923415594
      z: 0.0
    orientation:
      x: 0.0
      y: 0.0
      z: 0.0090521630545142
      w: 0.9999590283326785
navigation_time:
  sec: 4
  nanosec: 336000000
estimated_time_remaining:
  sec: 0
  nanosec: 0
number_of_recoveries: 0
distance_remaining: 19.766082763671875

Feedback:
    current_pose:
  header:
    stamp:
      sec: 833
      nanosec: 520000000
    frame_id: map
  pose:
    position:
      x: -13.00111227293013
      y: -0.009489206923415594
      z: 0.0
    orientation:
      x: 0.0
      y: 0.0
      z: 0.0090521630545142
      w: 0.9999590283326785
navigation_time:
  sec: 4
  nanosec: 336000000
estimated_time_remaining:
  sec: 0
  nanosec: 0
number_of_recoveries: 0
distance_remaining: 19.766082763671875

Feedback:
    current_pose:
  header:
    stamp:
      sec: 833
      nanosec: 520000000
    frame_id: map
  pose:
    position:
      x: -13.00111227293013
      y: -0.009489206923415594
      z: 0.0
    orientation:
      x: 0.0
      y: 0.0
      z: 0.0090521630545142
      w: 0.9999590283326785
navigation_time:
  sec: 4
  nanosec: 336000000
estimated_time_remaining:
  sec: 0
  nanosec: 0
number_of_recoveries: 0
distance_remaining: 19.766082763671875

Feedback:
    current_pose:
  header:
    stamp:
      sec: 833
      nanosec: 560000000
    frame_id: map
  pose:
    position:
      x: -13.00064287242337
      y: -0.009480875225234442
      z: 0.0
    orientation:
      x: 0.0
      y: 0.0
      z: 0.008818517488804745
      w: 0.9999611161186718
navigation_time:
  sec: 4
  nanosec: 364000000
estimated_time_remaining:
  sec: 0
  nanosec: 0
number_of_recoveries: 0
distance_remaining: 19.766082763671875

Feedback:
    current_pose:
  header:
    stamp:
      sec: 833
      nanosec: 560000000
    frame_id: map
  pose:
    position:
      x: -13.00064287242337
      y: -0.009480875225234442
      z: 0.0
    orientation:
      x: 0.0
      y: 0.0
      z: 0.008818517488804745
      w: 0.9999611161186718
navigation_time:
  sec: 4
  nanosec: 364000000
estimated_time_remaining:
  sec: 0
  nanosec: 0
number_of_recoveries: 0
distance_remaining: 19.766082763671875

Feedback:
    current_pose:
  header:
    stamp:
      sec: 833
      nanosec: 560000000
    frame_id: map
  pose:
    position:
      x: -13.00064287242337
      y: -0.009480875225234442
      z: 0.0
    orientation:
      x: 0.0
      y: 0.0
      z: 0.008818517488804745
      w: 0.9999611161186718
navigation_time:
  sec: 4
  nanosec: 364000000
estimated_time_remaining:
  sec: 0
  nanosec: 0
number_of_recoveries: 0
distance_remaining: 19.766082763671875

Feedback:
    current_pose:
  header:
    stamp:
      sec: 833
      nanosec: 580000000
    frame_id: map
  pose:
    position:
      x: -13.000314979773435
      y: -0.009475116251252302
      z: 0.0
    orientation:
      x: 0.0
      y: 0.0
      z: 0.008738026055313763
      w: 0.999961822721576
navigation_time:
  sec: 4
  nanosec: 396000000
estimated_time_remaining:
  sec: 0
  nanosec: 0
number_of_recoveries: 0
distance_remaining: 19.766082763671875

Feedback:
    current_pose:
  header:
    stamp:
      sec: 833
      nanosec: 600000000
    frame_id: map
  pose:
    position:
      x: -12.999967722535033
      y: -0.009469079389448964
      z: 0.0
    orientation:
      x: 0.0
      y: 0.0
      z: 0.008644412943688255
      w: 0.999962636364409
navigation_time:
  sec: 4
  nanosec: 400000000
estimated_time_remaining:
  sec: 0
  nanosec: 0
number_of_recoveries: 0
distance_remaining: 19.766082763671875

Feedback:
    current_pose:
  header:
    stamp:
      sec: 833
      nanosec: 600000000
    frame_id: map
  pose:
    position:
      x: -12.999967722535033
      y: -0.009469079389448964
      z: 0.0
    orientation:
      x: 0.0
      y: 0.0
      z: 0.008644412943688255
      w: 0.999962636364409
navigation_time:
  sec: 4
  nanosec: 400000000
estimated_time_remaining:
  sec: 0
  nanosec: 0
number_of_recoveries: 0
distance_remaining: 19.766082763671875

Feedback:
    current_pose:
  header:
    stamp:
      sec: 833
      nanosec: 600000000
    frame_id: map
  pose:
    position:
      x: -12.999967722535033
      y: -0.009469079389448964
      z: 0.0
    orientation:
      x: 0.0
      y: 0.0
      z: 0.008644412943688255
      w: 0.999962636364409
navigation_time:
  sec: 4
  nanosec: 400000000
estimated_time_remaining:
  sec: 0
  nanosec: 0
number_of_recoveries: 0
distance_remaining: 19.766082763671875

Feedback:
    current_pose:
  header:
    stamp:
      sec: 833
      nanosec: 600000000
    frame_id: map
  pose:
    position:
      x: -12.999967722535033
      y: -0.009469079389448964
      z: 0.0
    orientation:
      x: 0.0
      y: 0.0
      z: 0.008644412943688255
      w: 0.999962636364409
navigation_time:
  sec: 4
  nanosec: 400000000
estimated_time_remaining:
  sec: 0
  nanosec: 0
number_of_recoveries: 0
distance_remaining: 19.766082763671875

Feedback:
    current_pose:
  header:
    stamp:
      sec: 833
      nanosec: 600000000
    frame_id: map
  pose:
    position:
      x: -12.999967722535033
      y: -0.009469079389448964
      z: 0.0
    orientation:
      x: 0.0
      y: 0.0
      z: 0.008644412943688255
      w: 0.999962636364409
navigation_time:
  sec: 4
  nanosec: 416000000
estimated_time_remaining:
  sec: 0
  nanosec: 0
number_of_recoveries: 0
distance_remaining: 19.766082763671875

Feedback:
    current_pose:
  header:
    stamp:
      sec: 833
      nanosec: 640000000
    frame_id: map
  pose:
    position:
      x: -12.99954410530232
      y: -0.009461728788961565
      z: 0.0
    orientation:
      x: 0.0
      y: 0.0
      z: 0.008740010400875103
      w: 0.9999618053796819
navigation_time:
  sec: 4
  nanosec: 444000000
estimated_time_remaining:
  sec: 0
  nanosec: 0
number_of_recoveries: 0
distance_remaining: 19.766082763671875

Feedback:
    current_pose:
  header:
    stamp:
      sec: 833
      nanosec: 640000000
    frame_id: map
  pose:
    position:
      x: -12.99954410530232
      y: -0.009461728788961565
      z: 0.0
    orientation:
      x: 0.0
      y: 0.0
      z: 0.008740010400875103
      w: 0.9999618053796819
navigation_time:
  sec: 4
  nanosec: 444000000
estimated_time_remaining:
  sec: 0
  nanosec: 0
number_of_recoveries: 0
distance_remaining: 19.766082763671875

Feedback:
    current_pose:
  header:
    stamp:
      sec: 833
      nanosec: 640000000
    frame_id: map
  pose:
    position:
      x: -12.99954410530232
      y: -0.009461728788961565
      z: 0.0
    orientation:
      x: 0.0
      y: 0.0
      z: 0.008740010400875103
      w: 0.9999618053796819
navigation_time:
  sec: 4
  nanosec: 444000000
estimated_time_remaining:
  sec: 0
  nanosec: 0
number_of_recoveries: 0
distance_remaining: 19.766082763671875

Feedback:
    current_pose:
  header:
    stamp:
      sec: 833
      nanosec: 640000000
    frame_id: map
  pose:
    position:
      x: -12.99954410530232
      y: -0.009461728788961565
      z: 0.0
    orientation:
      x: 0.0
      y: 0.0
      z: 0.008740010400875103
      w: 0.9999618053796819
navigation_time:
  sec: 4
  nanosec: 444000000
estimated_time_remaining:
  sec: 0
  nanosec: 0
number_of_recoveries: 0
distance_remaining: 19.766082763671875

Feedback:
    current_pose:
  header:
    stamp:
      sec: 833
      nanosec: 640000000
    frame_id: map
  pose:
    position:
      x: -12.99954410530232
      y: -0.009461728788961565
      z: 0.0
    orientation:
      x: 0.0
      y: 0.0
      z: 0.008740010400875103
      w: 0.9999618053796819
navigation_time:
  sec: 4
  nanosec: 444000000
estimated_time_remaining:
  sec: 0
  nanosec: 0
number_of_recoveries: 0
distance_remaining: 19.766082763671875

Feedback:
    current_pose:
  header:
    stamp:
      sec: 833
      nanosec: 660000000
    frame_id: map
  pose:
    position:
      x: -12.999417953585493
      y: -0.009459513394826757
      z: 0.0
    orientation:
      x: 0.0
      y: 0.0
      z: 0.008883292518098438
      w: 0.9999605427785828
navigation_time:
  sec: 4
  nanosec: 464000000
estimated_time_remaining:
  sec: 0
  nanosec: 0
number_of_recoveries: 0
distance_remaining: 19.766082763671875

Feedback:
    current_pose:
  header:
    stamp:
      sec: 833
      nanosec: 660000000
    frame_id: map
  pose:
    position:
      x: -12.999417953585493
      y: -0.009459513394826757
      z: 0.0
    orientation:
      x: 0.0
      y: 0.0
      z: 0.008883292518098438
      w: 0.9999605427785828
navigation_time:
  sec: 4
  nanosec: 464000000
estimated_time_remaining:
  sec: 0
  nanosec: 0
number_of_recoveries: 0
distance_remaining: 19.766082763671875

Feedback:
    current_pose:
  header:
    stamp:
      sec: 833
      nanosec: 660000000
    frame_id: map
  pose:
    position:
      x: -12.999417953585493
      y: -0.009459513394826757
      z: 0.0
    orientation:
      x: 0.0
      y: 0.0
      z: 0.008883292518098438
      w: 0.9999605427785828
navigation_time:
  sec: 4
  nanosec: 464000000
estimated_time_remaining:
  sec: 0
  nanosec: 0
number_of_recoveries: 0
distance_remaining: 19.766082763671875

Feedback:
    current_pose:
  header:
    stamp:
      sec: 833
      nanosec: 660000000
    frame_id: map
  pose:
    position:
      x: -12.999417953585493
      y: -0.009459513394826757
      z: 0.0
    orientation:
      x: 0.0
      y: 0.0
      z: 0.008883292518098438
      w: 0.9999605427785828
navigation_time:
  sec: 4
  nanosec: 480000000
estimated_time_remaining:
  sec: 0
  nanosec: 0
number_of_recoveries: 0
distance_remaining: 19.766082763671875

Feedback:
    current_pose:
  header:
    stamp:
      sec: 833
      nanosec: 680000000
    frame_id: map
  pose:
    position:
      x: -12.999338873311189
      y: -0.009458092700180387
      z: 0.0
    orientation:
      x: 0.0
      y: 0.0
      z: 0.009079755054305806
      w: 0.9999587781744574
navigation_time:
  sec: 4
  nanosec: 500000000
estimated_time_remaining:
  sec: 0
  nanosec: 0
number_of_recoveries: 0
distance_remaining: 19.766082763671875

Feedback:
    current_pose:
  header:
    stamp:
      sec: 833
      nanosec: 680000000
    frame_id: map
  pose:
    position:
      x: -12.999338873311189
      y: -0.009458092700180387
      z: 0.0
    orientation:
      x: 0.0
      y: 0.0
      z: 0.009079755054305806
      w: 0.9999587781744574
navigation_time:
  sec: 4
  nanosec: 500000000
estimated_time_remaining:
  sec: 0
  nanosec: 0
number_of_recoveries: 0
distance_remaining: 19.766082763671875

Feedback:
    current_pose:
  header:
    stamp:
      sec: 833
      nanosec: 680000000
    frame_id: map
  pose:
    position:
      x: -12.999338873311189
      y: -0.009458092700180387
      z: 0.0
    orientation:
      x: 0.0
      y: 0.0
      z: 0.009079755054305806
      w: 0.9999587781744574
navigation_time:
  sec: 4
  nanosec: 500000000
estimated_time_remaining:
  sec: 0
  nanosec: 0
number_of_recoveries: 0
distance_remaining: 19.766082763671875

Feedback:
    current_pose:
  header:
    stamp:
      sec: 833
      nanosec: 720000000
    frame_id: map
  pose:
    position:
      x: -12.998758669023786
      y: -0.009447315707863169
      z: 0.0
    orientation:
      x: 0.0
      y: 0.0
      z: 0.009463488774955448
      w: 0.9999552201874874
navigation_time:
  sec: 4
  nanosec: 528000000
estimated_time_remaining:
  sec: 0
  nanosec: 0
number_of_recoveries: 0
distance_remaining: 19.766082763671875

Feedback:
    current_pose:
  header:
    stamp:
      sec: 833
      nanosec: 720000000
    frame_id: map
  pose:
    position:
      x: -12.998758669023786
      y: -0.009447315707863169
      z: 0.0
    orientation:
      x: 0.0
      y: 0.0
      z: 0.009463488774955448
      w: 0.9999552201874874
navigation_time:
  sec: 4
  nanosec: 536000000
estimated_time_remaining:
  sec: 0
  nanosec: 0
number_of_recoveries: 0
distance_remaining: 19.766082763671875

Feedback:
    current_pose:
  header:
    stamp:
      sec: 833
      nanosec: 720000000
    frame_id: map
  pose:
    position:
      x: -12.998758669023786
      y: -0.009447315707863169
      z: 0.0
    orientation:
      x: 0.0
      y: 0.0
      z: 0.009463488774955448
      w: 0.9999552201874874
navigation_time:
  sec: 4
  nanosec: 536000000
estimated_time_remaining:
  sec: 0
  nanosec: 0
number_of_recoveries: 0
distance_remaining: 19.766082763671875

Feedback:
    current_pose:
  header:
    stamp:
      sec: 833
      nanosec: 720000000
    frame_id: map
  pose:
    position:
      x: -12.998758669023786
      y: -0.009447315707863169
      z: 0.0
    orientation:
      x: 0.0
      y: 0.0
      z: 0.009463488774955448
      w: 0.9999552201874874
navigation_time:
  sec: 4
  nanosec: 536000000
estimated_time_remaining:
  sec: 0
  nanosec: 0
number_of_recoveries: 0
distance_remaining: 19.766082763671875

Feedback:
    current_pose:
  header:
    stamp:
      sec: 833
      nanosec: 720000000
    frame_id: map
  pose:
    position:
      x: -12.998758669023786
      y: -0.009447315707863169
      z: 0.0
    orientation:
      x: 0.0
      y: 0.0
      z: 0.009463488774955448
      w: 0.9999552201874874
navigation_time:
  sec: 4
  nanosec: 536000000
estimated_time_remaining:
  sec: 0
  nanosec: 0
number_of_recoveries: 0
distance_remaining: 19.766082763671875

Feedback:
    current_pose:
  header:
    stamp:
      sec: 833
      nanosec: 740000000
    frame_id: map
  pose:
    position:
      x: -12.998548835196658
      y: -0.00944331812995891
      z: 0.0
    orientation:
      x: 0.0
      y: 0.0
      z: 0.009585079271351604
      w: 0.9999540620725342
navigation_time:
  sec: 4
  nanosec: 556000000
estimated_time_remaining:
  sec: 0
  nanosec: 0
number_of_recoveries: 0
distance_remaining: 19.766082763671875

Feedback:
    current_pose:
  header:
    stamp:
      sec: 833
      nanosec: 760000000
    frame_id: map
  pose:
    position:
      x: -12.998382638592943
      y: -0.009440115730473764
      z: 0.0
    orientation:
      x: 0.0
      y: 0.0
      z: 0.009721537663026112
      w: 0.9999527447362031
navigation_time:
  sec: 4
  nanosec: 568000000
estimated_time_remaining:
  sec: 0
  nanosec: 0
number_of_recoveries: 0
distance_remaining: 19.766082763671875

Feedback:
    current_pose:
  header:
    stamp:
      sec: 833
      nanosec: 760000000
    frame_id: map
  pose:
    position:
      x: -12.998382638592943
      y: -0.009440115730473764
      z: 0.0
    orientation:
      x: 0.0
      y: 0.0
      z: 0.009721537663026112
      w: 0.9999527447362031
navigation_time:
  sec: 4
  nanosec: 568000000
estimated_time_remaining:
  sec: 0
  nanosec: 0
number_of_recoveries: 0
distance_remaining: 19.766082763671875

Feedback:
    current_pose:
  header:
    stamp:
      sec: 833
      nanosec: 760000000
    frame_id: map
  pose:
    position:
      x: -12.998382638592943
      y: -0.009440115730473764
      z: 0.0
    orientation:
      x: 0.0
      y: 0.0
      z: 0.009721537663026112
      w: 0.9999527447362031
navigation_time:
  sec: 4
  nanosec: 568000000
estimated_time_remaining:
  sec: 0
  nanosec: 0
number_of_recoveries: 0
distance_remaining: 19.766082763671875

Feedback:
    current_pose:
  header:
    stamp:
      sec: 833
      nanosec: 760000000
    frame_id: map
  pose:
    position:
      x: -12.998382638592943
      y: -0.009440115730473764
      z: 0.0
    orientation:
      x: 0.0
      y: 0.0
      z: 0.009721537663026112
      w: 0.9999527447362031
navigation_time:
  sec: 4
  nanosec: 568000000
estimated_time_remaining:
  sec: 0
  nanosec: 0
number_of_recoveries: 0
distance_remaining: 19.766082763671875

Feedback:
    current_pose:
  header:
    stamp:
      sec: 833
      nanosec: 800000000
    frame_id: map
  pose:
    position:
      x: -12.998402718353745
      y: -0.009440515207437272
      z: 0.0
    orientation:
      x: 0.0
      y: 0.0
      z: 0.010102321454858976
      w: 0.9999489702485937
navigation_time:
  sec: 4
  nanosec: 600000000
estimated_time_remaining:
  sec: 0
  nanosec: 0
number_of_recoveries: 0
distance_remaining: 19.766082763671875

Feedback:
    current_pose:
  header:
    stamp:
      sec: 833
      nanosec: 800000000
    frame_id: map
  pose:
    position:
      x: -12.998402718353745
      y: -0.009440515207437272
      z: 0.0
    orientation:
      x: 0.0
      y: 0.0
      z: 0.010102321454858976
      w: 0.9999489702485937
navigation_time:
  sec: 4
  nanosec: 600000000
estimated_time_remaining:
  sec: 0
  nanosec: 0
number_of_recoveries: 0
distance_remaining: 19.766082763671875

Feedback:
    current_pose:
  header:
    stamp:
      sec: 833
      nanosec: 800000000
    frame_id: map
  pose:
    position:
      x: -12.998402718353745
      y: -0.009440515207437272
      z: 0.0
    orientation:
      x: 0.0
      y: 0.0
      z: 0.010102321454858976
      w: 0.9999489702485937
navigation_time:
  sec: 4
  nanosec: 600000000
estimated_time_remaining:
  sec: 0
  nanosec: 0
number_of_recoveries: 0
distance_remaining: 19.766082763671875

Feedback:
    current_pose:
  header:
    stamp:
      sec: 833
      nanosec: 800000000
    frame_id: map
  pose:
    position:
      x: -12.998402718353745
      y: -0.009440515207437272
      z: 0.0
    orientation:
      x: 0.0
      y: 0.0
      z: 0.010102321454858976
      w: 0.9999489702485937
navigation_time:
  sec: 4
  nanosec: 600000000
estimated_time_remaining:
  sec: 0
  nanosec: 0
number_of_recoveries: 0
distance_remaining: 19.766082763671875

Feedback:
    current_pose:
  header:
    stamp:
      sec: 833
      nanosec: 820000000
    frame_id: map
  pose:
    position:
      x: -12.9984279786907
      y: -0.009441029213574481
      z: 0.0
    orientation:
      x: 0.0
      y: 0.0
      z: 0.010242868162450514
      w: 0.9999475404499012
navigation_time:
  sec: 4
  nanosec: 624000000
estimated_time_remaining:
  sec: 0
  nanosec: 0
number_of_recoveries: 0
distance_remaining: 19.766082763671875

Feedback:
    current_pose:
  header:
    stamp:
      sec: 833
      nanosec: 820000000
    frame_id: map
  pose:
    position:
      x: -12.9984279786907
      y: -0.009441029213574481
      z: 0.0
    orientation:
      x: 0.0
      y: 0.0
      z: 0.010242868162450514
      w: 0.9999475404499012
navigation_time:
  sec: 4
  nanosec: 632000000
estimated_time_remaining:
  sec: 0
  nanosec: 0
number_of_recoveries: 0
distance_remaining: 19.766082763671875

Feedback:
    current_pose:
  header:
    stamp:
      sec: 833
      nanosec: 820000000
    frame_id: map
  pose:
    position:
      x: -12.9984279786907
      y: -0.009441029213574481
      z: 0.0
    orientation:
      x: 0.0
      y: 0.0
      z: 0.010242868162450514
      w: 0.9999475404499012
navigation_time:
  sec: 4
  nanosec: 632000000
estimated_time_remaining:
  sec: 0
  nanosec: 0
number_of_recoveries: 0
distance_remaining: 19.766082763671875

Feedback:
    current_pose:
  header:
    stamp:
      sec: 833
      nanosec: 820000000
    frame_id: map
  pose:
    position:
      x: -12.9984279786907
      y: -0.009441029213574481
      z: 0.0
    orientation:
      x: 0.0
      y: 0.0
      z: 0.010242868162450514
      w: 0.9999475404499012
navigation_time:
  sec: 4
  nanosec: 632000000
estimated_time_remaining:
  sec: 0
  nanosec: 0
number_of_recoveries: 0
distance_remaining: 19.766082763671875

Feedback:
    current_pose:
  header:
    stamp:
      sec: 833
      nanosec: 820000000
    frame_id: map
  pose:
    position:
      x: -12.9984279786907
      y: -0.009441029213574481
      z: 0.0
    orientation:
      x: 0.0
      y: 0.0
      z: 0.010242868162450514
      w: 0.9999475404499012
navigation_time:
  sec: 4
  nanosec: 632000000
estimated_time_remaining:
  sec: 0
  nanosec: 0
number_of_recoveries: 0
distance_remaining: 19.766082763671875

Feedback:
    current_pose:
  header:
    stamp:
      sec: 833
      nanosec: 860000000
    frame_id: map
  pose:
    position:
      x: -12.998638707006677
      y: -0.009445413445718032
      z: 0.0
    orientation:
      x: 0.0
      y: 0.0
      z: 0.010515761836871116
      w: 0.9999447078478839
navigation_time:
  sec: 4
  nanosec: 668000000
estimated_time_remaining:
  sec: 0
  nanosec: 0
number_of_recoveries: 0
distance_remaining: 19.766082763671875

Feedback:
    current_pose:
  header:
    stamp:
      sec: 833
      nanosec: 860000000
    frame_id: map
  pose:
    position:
      x: -12.998638707006677
      y: -0.009445413445718032
      z: 0.0
    orientation:
      x: 0.0
      y: 0.0
      z: 0.010515761836871116
      w: 0.9999447078478839
navigation_time:
  sec: 4
  nanosec: 668000000
estimated_time_remaining:
  sec: 0
  nanosec: 0
number_of_recoveries: 0
distance_remaining: 19.766082763671875

Feedback:
    current_pose:
  header:
    stamp:
      sec: 833
      nanosec: 860000000
    frame_id: map
  pose:
    position:
      x: -12.998638707006677
      y: -0.009445413445718032
      z: 0.0
    orientation:
      x: 0.0
      y: 0.0
      z: 0.010515761836871116
      w: 0.9999447078478839
navigation_time:
  sec: 4
  nanosec: 668000000
estimated_time_remaining:
  sec: 0
  nanosec: 0
number_of_recoveries: 0
distance_remaining: 19.766082763671875

Feedback:
    current_pose:
  header:
    stamp:
      sec: 833
      nanosec: 860000000
    frame_id: map
  pose:
    position:
      x: -12.998638707006677
      y: -0.009445413445718032
      z: 0.0
    orientation:
      x: 0.0
      y: 0.0
      z: 0.010515761836871116
      w: 0.9999447078478839
navigation_time:
  sec: 4
  nanosec: 668000000
estimated_time_remaining:
  sec: 0
  nanosec: 0
number_of_recoveries: 0
distance_remaining: 19.766082763671875

Feedback:
    current_pose:
  header:
    stamp:
      sec: 833
      nanosec: 880000000
    frame_id: map
  pose:
    position:
      x: -12.998793839293711
      y: -0.009448697005495887
      z: 0.0
    orientation:
      x: 0.0
      y: 0.0
      z: 0.010612571251389757
      w: 0.9999436850800318
navigation_time:
  sec: 4
  nanosec: 696000000
estimated_time_remaining:
  sec: 0
  nanosec: 0
number_of_recoveries: 0
distance_remaining: 19.766082763671875

Feedback:
    current_pose:
  header:
    stamp:
      sec: 833
      nanosec: 880000000
    frame_id: map
  pose:
    position:
      x: -12.998793839293711
      y: -0.009448697005495887
      z: 0.0
    orientation:
      x: 0.0
      y: 0.0
      z: 0.010612571251389757
      w: 0.9999436850800318
navigation_time:
  sec: 4
  nanosec: 696000000
estimated_time_remaining:
  sec: 0
  nanosec: 0
number_of_recoveries: 0
distance_remaining: 19.766082763671875

Feedback:
    current_pose:
  header:
    stamp:
      sec: 833
      nanosec: 880000000
    frame_id: map
  pose:
    position:
      x: -12.998793839293711
      y: -0.009448697005495887
      z: 0.0
    orientation:
      x: 0.0
      y: 0.0
      z: 0.010612571251389757
      w: 0.9999436850800318
navigation_time:
  sec: 4
  nanosec: 696000000
estimated_time_remaining:
  sec: 0
  nanosec: 0
number_of_recoveries: 0
distance_remaining: 19.766082763671875

Feedback:
    current_pose:
  header:
    stamp:
      sec: 833
      nanosec: 880000000
    frame_id: map
  pose:
    position:
      x: -12.998793839293711
      y: -0.009448697005495887
      z: 0.0
    orientation:
      x: 0.0
      y: 0.0
      z: 0.010612571251389757
      w: 0.9999436850800318
navigation_time:
  sec: 4
  nanosec: 696000000
estimated_time_remaining:
  sec: 0
  nanosec: 0
number_of_recoveries: 0
distance_remaining: 19.766082763671875

Feedback:
    current_pose:
  header:
    stamp:
      sec: 833
      nanosec: 880000000
    frame_id: map
  pose:
    position:
      x: -12.998793839293711
      y: -0.009448697005495887
      z: 0.0
    orientation:
      x: 0.0
      y: 0.0
      z: 0.010612571251389757
      w: 0.9999436850800318
navigation_time:
  sec: 4
  nanosec: 696000000
estimated_time_remaining:
  sec: 0
  nanosec: 0
number_of_recoveries: 0
distance_remaining: 19.766082763671875

Feedback:
    current_pose:
  header:
    stamp:
      sec: 833
      nanosec: 920000000
    frame_id: map
  pose:
    position:
      x: -12.999135896657464
      y: -0.009456008247468617
      z: 0.0
    orientation:
      x: 0.0
      y: 0.0
      z: 0.010942868164458025
      w: 0.9999401250256614
navigation_time:
  sec: 4
  nanosec: 728000000
estimated_time_remaining:
  sec: 0
  nanosec: 0
number_of_recoveries: 0
distance_remaining: 19.766082763671875

Feedback:
    current_pose:
  header:
    stamp:
      sec: 833
      nanosec: 920000000
    frame_id: map
  pose:
    position:
      x: -12.999135896657464
      y: -0.009456008247468617
      z: 0.0
    orientation:
      x: 0.0
      y: 0.0
      z: 0.010942868164458025
      w: 0.9999401250256614
navigation_time:
  sec: 4
  nanosec: 728000000
estimated_time_remaining:
  sec: 0
  nanosec: 0
number_of_recoveries: 0
distance_remaining: 19.766082763671875

Feedback:
    current_pose:
  header:
    stamp:
      sec: 833
      nanosec: 920000000
    frame_id: map
  pose:
    position:
      x: -12.999135896657464
      y: -0.009456008247468617
      z: 0.0
    orientation:
      x: 0.0
      y: 0.0
      z: 0.010942868164458025
      w: 0.9999401250256614
navigation_time:
  sec: 4
  nanosec: 728000000
estimated_time_remaining:
  sec: 0
  nanosec: 0
number_of_recoveries: 0
distance_remaining: 19.766082763671875

Feedback:
    current_pose:
  header:
    stamp:
      sec: 833
      nanosec: 940000000
    frame_id: map
  pose:
    position:
      x: -12.99926384694146
      y: -0.00945885442430594
      z: 0.0
    orientation:
      x: 0.0
      y: 0.0
      z: 0.011297401657780731
      w: 0.9999361823215434
navigation_time:
  sec: 4
  nanosec: 756000000
estimated_time_remaining:
  sec: 0
  nanosec: 0
number_of_recoveries: 0
distance_remaining: 19.766082763671875

Feedback:
    current_pose:
  header:
    stamp:
      sec: 833
      nanosec: 940000000
    frame_id: map
  pose:
    position:
      x: -12.99926384694146
      y: -0.00945885442430594
      z: 0.0
    orientation:
      x: 0.0
      y: 0.0
      z: 0.011297401657780731
      w: 0.9999361823215434
navigation_time:
  sec: 4
  nanosec: 760000000
estimated_time_remaining:
  sec: 0
  nanosec: 0
number_of_recoveries: 0
distance_remaining: 19.766082763671875

Feedback:
    current_pose:
  header:
    stamp:
      sec: 833
      nanosec: 960000000
    frame_id: map
  pose:
    position:
      x: -12.999627179321038
      y: -0.009467167515294861
      z: 0.0
    orientation:
      x: 0.0
      y: 0.0
      z: 0.011578234991253433
      w: 0.9999329699907326
navigation_time:
  sec: 4
  nanosec: 764000000
estimated_time_remaining:
  sec: 0
  nanosec: 0
number_of_recoveries: 0
distance_remaining: 19.766082763671875

Feedback:
    current_pose:
  header:
    stamp:
      sec: 833
      nanosec: 960000000
    frame_id: map
  pose:
    position:
      x: -12.999627179321038
      y: -0.009467167515294861
      z: 0.0
    orientation:
      x: 0.0
      y: 0.0
      z: 0.011578234991253433
      w: 0.9999329699907326
navigation_time:
  sec: 4
  nanosec: 764000000
estimated_time_remaining:
  sec: 0
  nanosec: 0
number_of_recoveries: 0
distance_remaining: 19.766082763671875

Feedback:
    current_pose:
  header:
    stamp:
      sec: 833
      nanosec: 960000000
    frame_id: map
  pose:
    position:
      x: -12.999627179321038
      y: -0.009467167515294861
      z: 0.0
    orientation:
      x: 0.0
      y: 0.0
      z: 0.011578234991253433
      w: 0.9999329699907326
navigation_time:
  sec: 4
  nanosec: 764000000
estimated_time_remaining:
  sec: 0
  nanosec: 0
number_of_recoveries: 0
distance_remaining: 19.766082763671875

Feedback:
    current_pose:
  header:
    stamp:
      sec: 833
      nanosec: 960000000
    frame_id: map
  pose:
    position:
      x: -12.999627179321038
      y: -0.009467167515294861
      z: 0.0
    orientation:
      x: 0.0
      y: 0.0
      z: 0.011578234991253433
      w: 0.9999329699907326
navigation_time:
  sec: 4
  nanosec: 768000000
estimated_time_remaining:
  sec: 0
  nanosec: 0
number_of_recoveries: 0
distance_remaining: 19.766082763671875

Feedback:
    current_pose:
  header:
    stamp:
      sec: 833
      nanosec: 980000000
    frame_id: map
  pose:
    position:
      x: -12.99994113435828
      y: -0.009474513064169798
      z: 0.0
    orientation:
      x: 0.0
      y: 0.0
      z: 0.01179759932756785
      w: 0.9999304059033839
navigation_time:
  sec: 4
  nanosec: 792000000
estimated_time_remaining:
  sec: 0
  nanosec: 0
number_of_recoveries: 0
distance_remaining: 19.766082763671875

Feedback:
    current_pose:
  header:
    stamp:
      sec: 833
      nanosec: 980000000
    frame_id: map
  pose:
    position:
      x: -12.99994113435828
      y: -0.009474513064169798
      z: 0.0
    orientation:
      x: 0.0
      y: 0.0
      z: 0.01179759932756785
      w: 0.9999304059033839
navigation_time:
  sec: 4
  nanosec: 792000000
estimated_time_remaining:
  sec: 0
  nanosec: 0
number_of_recoveries: 0
distance_remaining: 19.766082763671875

Feedback:
    current_pose:
  header:
    stamp:
      sec: 833
      nanosec: 980000000
    frame_id: map
  pose:
    position:
      x: -12.99994113435828
      y: -0.009474513064169798
      z: 0.0
    orientation:
      x: 0.0
      y: 0.0
      z: 0.01179759932756785
      w: 0.9999304059033839
navigation_time:
  sec: 4
  nanosec: 792000000
estimated_time_remaining:
  sec: 0
  nanosec: 0
number_of_recoveries: 0
distance_remaining: 19.766082763671875

Feedback:
    current_pose:
  header:
    stamp:
      sec: 834
      nanosec: 0
    frame_id: map
  pose:
    position:
      x: -13.000181028023036
      y: -0.009480205109442252
      z: 0.0
    orientation:
      x: 0.0
      y: 0.0
      z: 0.011924761126362239
      w: 0.9999288975082573
navigation_time:
  sec: 4
  nanosec: 816000000
estimated_time_remaining:
  sec: 0
  nanosec: 0
number_of_recoveries: 0
distance_remaining: 19.766082763671875

Feedback:
    current_pose:
  header:
    stamp:
      sec: 834
      nanosec: 20000000
    frame_id: map
  pose:
    position:
      x: -13.000487022309542
      y: -0.009487541685791356
      z: 0.0
    orientation:
      x: 0.0
      y: 0.0
      z: 0.012038690851933183
      w: 0.9999275323355045
navigation_time:
  sec: 4
  nanosec: 824000000
estimated_time_remaining:
  sec: 0
  nanosec: 0
number_of_recoveries: 0
distance_remaining: 19.766082763671875

Feedback:
    current_pose:
  header:
    stamp:
      sec: 834
      nanosec: 20000000
    frame_id: map
  pose:
    position:
      x: -13.000487022309542
      y: -0.009487541685791356
      z: 0.0
    orientation:
      x: 0.0
      y: 0.0
      z: 0.012038690851933183
      w: 0.9999275323355045
navigation_time:
  sec: 4
  nanosec: 832000000
estimated_time_remaining:
  sec: 0
  nanosec: 0
number_of_recoveries: 0
distance_remaining: 19.766082763671875

Feedback:
    current_pose:
  header:
    stamp:
      sec: 834
      nanosec: 20000000
    frame_id: map
  pose:
    position:
      x: -13.000487022309542
      y: -0.009487541685791356
      z: 0.0
    orientation:
      x: 0.0
      y: 0.0
      z: 0.012038690851933183
      w: 0.9999275323355045
navigation_time:
  sec: 4
  nanosec: 832000000
estimated_time_remaining:
  sec: 0
  nanosec: 0
number_of_recoveries: 0
distance_remaining: 19.766082763671875

Feedback:
    current_pose:
  header:
    stamp:
      sec: 834
      nanosec: 20000000
    frame_id: map
  pose:
    position:
      x: -13.000487022309542
      y: -0.009487541685791356
      z: 0.0
    orientation:
      x: 0.0
      y: 0.0
      z: 0.012038690851933183
      w: 0.9999275323355045
navigation_time:
  sec: 4
  nanosec: 832000000
estimated_time_remaining:
  sec: 0
  nanosec: 0
number_of_recoveries: 0
distance_remaining: 19.766082763671875

Feedback:
    current_pose:
  header:
    stamp:
      sec: 834
      nanosec: 20000000
    frame_id: map
  pose:
    position:
      x: -13.000487022309542
      y: -0.009487541685791356
      z: 0.0
    orientation:
      x: 0.0
      y: 0.0
      z: 0.012038690851933183
      w: 0.9999275323355045
navigation_time:
  sec: 4
  nanosec: 832000000
estimated_time_remaining:
  sec: 0
  nanosec: 0
number_of_recoveries: 0
distance_remaining: 19.766082763671875

Feedback:
    current_pose:
  header:
    stamp:
      sec: 834
      nanosec: 40000000
    frame_id: map
  pose:
    position:
      x: -13.00080954042194
      y: -0.009495344466991185
      z: 0.0
    orientation:
      x: 0.0
      y: 0.0
      z: 0.012149312455522285
      w: 0.9999261943797944
navigation_time:
  sec: 4
  nanosec: 860000000
estimated_time_remaining:
  sec: 0
  nanosec: 0
number_of_recoveries: 0
distance_remaining: 19.766082763671875

Feedback:
    current_pose:
  header:
    stamp:
      sec: 834
      nanosec: 40000000
    frame_id: map
  pose:
    position:
      x: -13.00080954042194
      y: -0.009495344466991185
      z: 0.0
    orientation:
      x: 0.0
      y: 0.0
      z: 0.012149312455522285
      w: 0.9999261943797944
navigation_time:
  sec: 4
  nanosec: 860000000
estimated_time_remaining:
  sec: 0
  nanosec: 0
number_of_recoveries: 0
distance_remaining: 19.766082763671875

Feedback:
    current_pose:
  header:
    stamp:
      sec: 834
      nanosec: 40000000
    frame_id: map
  pose:
    position:
      x: -13.00080954042194
      y: -0.009495344466991185
      z: 0.0
    orientation:
      x: 0.0
      y: 0.0
      z: 0.012149312455522285
      w: 0.9999261943797944
navigation_time:
  sec: 4
  nanosec: 860000000
estimated_time_remaining:
  sec: 0
  nanosec: 0
number_of_recoveries: 0
distance_remaining: 19.766082763671875

Feedback:
    current_pose:
  header:
    stamp:
      sec: 834
      nanosec: 40000000
    frame_id: map
  pose:
    position:
      x: -13.00080954042194
      y: -0.009495344466991185
      z: 0.0
    orientation:
      x: 0.0
      y: 0.0
      z: 0.012149312455522285
      w: 0.9999261943797944
navigation_time:
  sec: 4
  nanosec: 860000000
estimated_time_remaining:
  sec: 0
  nanosec: 0
number_of_recoveries: 0
distance_remaining: 19.766082763671875

Feedback:
    current_pose:
  header:
    stamp:
      sec: 834
      nanosec: 80000000
    frame_id: map
  pose:
    position:
      x: -13.000533145000944
      y: -0.009488587873764942
      z: 0.0
    orientation:
      x: 0.0
      y: 0.0
      z: 0.0122413338435349
      w: 0.9999250720657679
navigation_time:
  sec: 4
  nanosec: 888000000
estimated_time_remaining:
  sec: 0
  nanosec: 0
number_of_recoveries: 0
distance_remaining: 19.766082763671875

Feedback:
    current_pose:
  header:
    stamp:
      sec: 834
      nanosec: 80000000
    frame_id: map
  pose:
    position:
      x: -13.000533145000944
      y: -0.009488587873764942
      z: 0.0
    orientation:
      x: 0.0
      y: 0.0
      z: 0.0122413338435349
      w: 0.9999250720657679
navigation_time:
  sec: 4
  nanosec: 896000000
estimated_time_remaining:
  sec: 0
  nanosec: 0
number_of_recoveries: 0
distance_remaining: 19.766082763671875

Feedback:
    current_pose:
  header:
    stamp:
      sec: 834
      nanosec: 80000000
    frame_id: map
  pose:
    position:
      x: -13.000533145000944
      y: -0.009488587873764942
      z: 0.0
    orientation:
      x: 0.0
      y: 0.0
      z: 0.0122413338435349
      w: 0.9999250720657679
navigation_time:
  sec: 4
  nanosec: 896000000
estimated_time_remaining:
  sec: 0
  nanosec: 0
number_of_recoveries: 0
distance_remaining: 19.766082763671875

Feedback:
    current_pose:
  header:
    stamp:
      sec: 834
      nanosec: 80000000
    frame_id: map
  pose:
    position:
      x: -13.000533145000944
      y: -0.009488587873764942
      z: 0.0
    orientation:
      x: 0.0
      y: 0.0
      z: 0.0122413338435349
      w: 0.9999250720657679
navigation_time:
  sec: 4
  nanosec: 896000000
estimated_time_remaining:
  sec: 0
  nanosec: 0
number_of_recoveries: 0
distance_remaining: 19.766082763671875

Feedback:
    current_pose:
  header:
    stamp:
      sec: 834
      nanosec: 80000000
    frame_id: map
  pose:
    position:
      x: -13.000533145000944
      y: -0.009488587873764942
      z: 0.0
    orientation:
      x: 0.0
      y: 0.0
      z: 0.0122413338435349
      w: 0.9999250720657679
navigation_time:
  sec: 4
  nanosec: 896000000
estimated_time_remaining:
  sec: 0
  nanosec: 0
number_of_recoveries: 0
distance_remaining: 19.766082763671875

Feedback:
    current_pose:
  header:
    stamp:
      sec: 834
      nanosec: 100000000
    frame_id: map
  pose:
    position:
      x: -13.000281941530275
      y: -0.009482371182713223
      z: 0.0
    orientation:
      x: 0.0
      y: 0.0
      z: 0.01250061646434747
      w: 0.9999218642414073
navigation_time:
  sec: 4
  nanosec: 916000000
estimated_time_remaining:
  sec: 0
  nanosec: 0
number_of_recoveries: 0
distance_remaining: 19.766082763671875

Feedback:
    current_pose:
  header:
    stamp:
      sec: 834
      nanosec: 120000000
    frame_id: map
  pose:
    position:
      x: -13.000082403320775
      y: -0.009477340239486765
      z: 0.0
    orientation:
      x: 0.0
      y: 0.0
      z: 0.012744017793928614
      w: 0.9999187917078407
navigation_time:
  sec: 4
  nanosec: 928000000
estimated_time_remaining:
  sec: 0
  nanosec: 0
number_of_recoveries: 0
distance_remaining: 19.766082763671875

Feedback:
    current_pose:
  header:
    stamp:
      sec: 834
      nanosec: 120000000
    frame_id: map
  pose:
    position:
      x: -13.000082403320775
      y: -0.009477340239486765
      z: 0.0
    orientation:
      x: 0.0
      y: 0.0
      z: 0.012744017793928614
      w: 0.9999187917078407
navigation_time:
  sec: 4
  nanosec: 928000000
estimated_time_remaining:
  sec: 0
  nanosec: 0
number_of_recoveries: 0
distance_remaining: 19.766082763671875

Feedback:
    current_pose:
  header:
    stamp:
      sec: 834
      nanosec: 120000000
    frame_id: map
  pose:
    position:
      x: -13.000082403320775
      y: -0.009477340239486765
      z: 0.0
    orientation:
      x: 0.0
      y: 0.0
      z: 0.012744017793928614
      w: 0.9999187917078407
navigation_time:
  sec: 4
  nanosec: 928000000
estimated_time_remaining:
  sec: 0
  nanosec: 0
number_of_recoveries: 0
distance_remaining: 19.766082763671875

Feedback:
    current_pose:
  header:
    stamp:
      sec: 834
      nanosec: 120000000
    frame_id: map
  pose:
    position:
      x: -13.000082403320775
      y: -0.009477340239486765
      z: 0.0
    orientation:
      x: 0.0
      y: 0.0
      z: 0.012744017793928614
      w: 0.9999187917078407
navigation_time:
  sec: 4
  nanosec: 936000000
estimated_time_remaining:
  sec: 0
  nanosec: 0
number_of_recoveries: 0
distance_remaining: 19.766082763671875

Feedback:
    current_pose:
  header:
    stamp:
      sec: 834
      nanosec: 160000000
    frame_id: map
  pose:
    position:
      x: -13.0001229364387
      y: -0.009478396984404114
      z: 0.0
    orientation:
      x: 0.0
      y: 0.0
      z: 0.013113330274190814
      w: 0.9999140165879865
navigation_time:
  sec: 4
  nanosec: 968000000
estimated_time_remaining:
  sec: 0
  nanosec: 0
number_of_recoveries: 0
distance_remaining: 19.766082763671875

Feedback:
    current_pose:
  header:
    stamp:
      sec: 834
      nanosec: 160000000
    frame_id: map
  pose:
    position:
      x: -13.0001229364387
      y: -0.009478396984404114
      z: 0.0
    orientation:
      x: 0.0
      y: 0.0
      z: 0.013113330274190814
      w: 0.9999140165879865
navigation_time:
  sec: 4
  nanosec: 968000000
estimated_time_remaining:
  sec: 0
  nanosec: 0
number_of_recoveries: 0
distance_remaining: 19.766082763671875

Feedback:
    current_pose:
  header:
    stamp:
      sec: 834
      nanosec: 160000000
    frame_id: map
  pose:
    position:
      x: -13.0001229364387
      y: -0.009478396984404114
      z: 0.0
    orientation:
      x: 0.0
      y: 0.0
      z: 0.013113330274190814
      w: 0.9999140165879865
navigation_time:
  sec: 4
  nanosec: 968000000
estimated_time_remaining:
  sec: 0
  nanosec: 0
number_of_recoveries: 0
distance_remaining: 19.766082763671875

Feedback:
    current_pose:
  header:
    stamp:
      sec: 834
      nanosec: 160000000
    frame_id: map
  pose:
    position:
      x: -13.0001229364387
      y: -0.009478396984404114
      z: 0.0
    orientation:
      x: 0.0
      y: 0.0
      z: 0.013113330274190814
      w: 0.9999140165879865
navigation_time:
  sec: 4
  nanosec: 968000000
estimated_time_remaining:
  sec: 0
  nanosec: 0
number_of_recoveries: 0
distance_remaining: 19.766082763671875

Feedback:
    current_pose:
  header:
    stamp:
      sec: 834
      nanosec: 180000000
    frame_id: map
  pose:
    position:
      x: -13.000261601467912
      y: -0.009482066235827702
      z: 0.0
    orientation:
      x: 0.0
      y: 0.0
      z: 0.013340984858397683
      w: 0.9999110051014581
navigation_time:
  sec: 4
  nanosec: 996000000
estimated_time_remaining:
  sec: 0
  nanosec: 0
number_of_recoveries: 0
distance_remaining: 19.766082763671875

Feedback:
    current_pose:
  header:
    stamp:
      sec: 834
      nanosec: 180000000
    frame_id: map
  pose:
    position:
      x: -13.000261601467912
      y: -0.009482066235827702
      z: 0.0
    orientation:
      x: 0.0
      y: 0.0
      z: 0.013340984858397683
      w: 0.9999110051014581
navigation_time:
  sec: 4
  nanosec: 996000000
estimated_time_remaining:
  sec: 0
  nanosec: 0
number_of_recoveries: 0
distance_remaining: 19.766082763671875

Feedback:
    current_pose:
  header:
    stamp:
      sec: 834
      nanosec: 180000000
    frame_id: map
  pose:
    position:
      x: -13.000261601467912
      y: -0.009482066235827702
      z: 0.0
    orientation:
      x: 0.0
      y: 0.0
      z: 0.013340984858397683
      w: 0.9999110051014581
navigation_time:
  sec: 4
  nanosec: 996000000
estimated_time_remaining:
  sec: 0
  nanosec: 0
number_of_recoveries: 0
distance_remaining: 19.766082763671875

Feedback:
    current_pose:
  header:
    stamp:
      sec: 834
      nanosec: 180000000
    frame_id: map
  pose:
    position:
      x: -13.000261601467912
      y: -0.009482066235827702
      z: 0.0
    orientation:
      x: 0.0
      y: 0.0
      z: 0.013340984858397683
      w: 0.9999110051014581
navigation_time:
  sec: 4
  nanosec: 996000000
estimated_time_remaining:
  sec: 0
  nanosec: 0
number_of_recoveries: 0
distance_remaining: 19.766082763671875

Feedback:
    current_pose:
  header:
    stamp:
      sec: 834
      nanosec: 180000000
    frame_id: map
  pose:
    position:
      x: -13.000261601467912
      y: -0.009482066235827702
      z: 0.0
    orientation:
      x: 0.0
      y: 0.0
      z: 0.013340984858397683
      w: 0.9999110051014581
navigation_time:
  sec: 4
  nanosec: 996000000
estimated_time_remaining:
  sec: 0
  nanosec: 0
number_of_recoveries: 0
distance_remaining: 19.766082763671875

Feedback:
    current_pose:
  header:
    stamp:
      sec: 834
      nanosec: 220000000
    frame_id: map
  pose:
    position:
      x: -13.000965314393866
      y: -0.009501325223604695
      z: 0.0
    orientation:
      x: 0.0
      y: 0.0
      z: 0.01395500888114201
      w: 0.999902624122533
navigation_time:
  sec: 5
  nanosec: 32000000
estimated_time_remaining:
  sec: 0
  nanosec: 0
number_of_recoveries: 0
distance_remaining: 19.766082763671875

Feedback:
    current_pose:
  header:
    stamp:
      sec: 834
      nanosec: 220000000
    frame_id: map
  pose:
    position:
      x: -13.000965314393866
      y: -0.009501325223604695
      z: 0.0
    orientation:
      x: 0.0
      y: 0.0
      z: 0.01395500888114201
      w: 0.999902624122533
navigation_time:
  sec: 5
  nanosec: 32000000
estimated_time_remaining:
  sec: 0
  nanosec: 0
number_of_recoveries: 0
distance_remaining: 19.766082763671875

Feedback:
    current_pose:
  header:
    stamp:
      sec: 834
      nanosec: 220000000
    frame_id: map
  pose:
    position:
      x: -13.000965314393866
      y: -0.009501325223604695
      z: 0.0
    orientation:
      x: 0.0
      y: 0.0
      z: 0.01395500888114201
      w: 0.999902624122533
navigation_time:
  sec: 5
  nanosec: 32000000
estimated_time_remaining:
  sec: 0
  nanosec: 0
number_of_recoveries: 0
distance_remaining: 19.766082763671875

Feedback:
    current_pose:
  header:
    stamp:
      sec: 834
      nanosec: 220000000
    frame_id: map
  pose:
    position:
      x: -13.000965314393866
      y: -0.009501325223604695
      z: 0.0
    orientation:
      x: 0.0
      y: 0.0
      z: 0.01395500888114201
      w: 0.999902624122533
navigation_time:
  sec: 5
  nanosec: 32000000
estimated_time_remaining:
  sec: 0
  nanosec: 0
number_of_recoveries: 0
distance_remaining: 19.766082763671875

Feedback:
    current_pose:
  header:
    stamp:
      sec: 834
      nanosec: 240000000
    frame_id: map
  pose:
    position:
      x: -13.001314862295246
      y: -0.0095111719392591
      z: 0.0
    orientation:
      x: 0.0
      y: 0.0
      z: 0.014188476691938734
      w: 0.9998993384982122
navigation_time:
  sec: 5
  nanosec: 60000000
estimated_time_remaining:
  sec: 0
  nanosec: 0
number_of_recoveries: 0
distance_remaining: 19.766082763671875

Feedback:
    current_pose:
  header:
    stamp:
      sec: 834
      nanosec: 260000000
    frame_id: map
  pose:
    position:
      x: -13.001601961841587
      y: -0.009519367895899578
      z: 0.0
    orientation:
      x: 0.0
      y: 0.0
      z: 0.01435024194562265
      w: 0.9998970299766382
navigation_time:
  sec: 5
  nanosec: 64000000
estimated_time_remaining:
  sec: 0
  nanosec: 0
number_of_recoveries: 0
distance_remaining: 19.766082763671875

Feedback:
    current_pose:
  header:
    stamp:
      sec: 834
      nanosec: 260000000
    frame_id: map
  pose:
    position:
      x: -13.001601961841587
      y: -0.009519367895899578
      z: 0.0
    orientation:
      x: 0.0
      y: 0.0
      z: 0.01435024194562265
      w: 0.9998970299766382
navigation_time:
  sec: 5
  nanosec: 64000000
estimated_time_remaining:
  sec: 0
  nanosec: 0
number_of_recoveries: 0
distance_remaining: 19.766082763671875

Feedback:
    current_pose:
  header:
    stamp:
      sec: 834
      nanosec: 260000000
    frame_id: map
  pose:
    position:
      x: -13.001601961841587
      y: -0.009519367895899578
      z: 0.0
    orientation:
      x: 0.0
      y: 0.0
      z: 0.01435024194562265
      w: 0.9998970299766382
navigation_time:
  sec: 5
  nanosec: 64000000
estimated_time_remaining:
  sec: 0
  nanosec: 0
number_of_recoveries: 0
distance_remaining: 19.766082763671875

Feedback:
    current_pose:
  header:
    stamp:
      sec: 834
      nanosec: 280000000
    frame_id: map
  pose:
    position:
      x: -13.001774817105158
      y: -0.00952436291488823
      z: 0.0
    orientation:
      x: 0.0
      y: 0.0
      z: 0.01458269610783877
      w: 0.9998936668337423
navigation_time:
  sec: 5
  nanosec: 88000000
estimated_time_remaining:
  sec: 0
  nanosec: 0
number_of_recoveries: 0
distance_remaining: 19.766082763671875

Feedback:
    current_pose:
  header:
    stamp:
      sec: 834
      nanosec: 280000000
    frame_id: map
  pose:
    position:
      x: -13.001774817105158
      y: -0.00952436291488823
      z: 0.0
    orientation:
      x: 0.0
      y: 0.0
      z: 0.01458269610783877
      w: 0.9998936668337423
navigation_time:
  sec: 5
  nanosec: 96000000
estimated_time_remaining:
  sec: 0
  nanosec: 0
number_of_recoveries: 0
distance_remaining: 19.766082763671875

Feedback:
    current_pose:
  header:
    stamp:
      sec: 834
      nanosec: 280000000
    frame_id: map
  pose:
    position:
      x: -13.001774817105158
      y: -0.00952436291488823
      z: 0.0
    orientation:
      x: 0.0
      y: 0.0
      z: 0.01458269610783877
      w: 0.9998936668337423
navigation_time:
  sec: 5
  nanosec: 96000000
estimated_time_remaining:
  sec: 0
  nanosec: 0
number_of_recoveries: 0
distance_remaining: 19.766082763671875

Feedback:
    current_pose:
  header:
    stamp:
      sec: 834
      nanosec: 280000000
    frame_id: map
  pose:
    position:
      x: -13.001774817105158
      y: -0.00952436291488823
      z: 0.0
    orientation:
      x: 0.0
      y: 0.0
      z: 0.01458269610783877
      w: 0.9998936668337423
navigation_time:
  sec: 5
  nanosec: 96000000
estimated_time_remaining:
  sec: 0
  nanosec: 0
number_of_recoveries: 0
distance_remaining: 19.766082763671875

Feedback:
    current_pose:
  header:
    stamp:
      sec: 834
      nanosec: 320000000
    frame_id: map
  pose:
    position:
      x: -13.001773451945425
      y: -0.009524257510559409
      z: 0.0
    orientation:
      x: 0.0
      y: 0.0
      z: 0.015030114300073838
      w: 0.9998870414522466
navigation_time:
  sec: 5
  nanosec: 120000000
estimated_time_remaining:
  sec: 0
  nanosec: 0
number_of_recoveries: 0
distance_remaining: 19.766082763671875

Feedback:
    current_pose:
  header:
    stamp:
      sec: 834
      nanosec: 320000000
    frame_id: map
  pose:
    position:
      x: -13.001773451945425
      y: -0.009524257510559409
      z: 0.0
    orientation:
      x: 0.0
      y: 0.0
      z: 0.015030114300073838
      w: 0.9998870414522466
navigation_time:
  sec: 5
  nanosec: 128000000
estimated_time_remaining:
  sec: 0
  nanosec: 0
number_of_recoveries: 0
distance_remaining: 19.766082763671875

Feedback:
    current_pose:
  header:
    stamp:
      sec: 834
      nanosec: 320000000
    frame_id: map
  pose:
    position:
      x: -13.001773451945425
      y: -0.009524257510559409
      z: 0.0
    orientation:
      x: 0.0
      y: 0.0
      z: 0.015030114300073838
      w: 0.9998870414522466
navigation_time:
  sec: 5
  nanosec: 128000000
estimated_time_remaining:
  sec: 0
  nanosec: 0
number_of_recoveries: 0
distance_remaining: 19.766082763671875

Feedback:
    current_pose:
  header:
    stamp:
      sec: 834
      nanosec: 320000000
    frame_id: map
  pose:
    position:
      x: -13.001773451945425
      y: -0.009524257510559409
      z: 0.0
    orientation:
      x: 0.0
      y: 0.0
      z: 0.015030114300073838
      w: 0.9998870414522466
navigation_time:
  sec: 5
  nanosec: 128000000
estimated_time_remaining:
  sec: 0
  nanosec: 0
number_of_recoveries: 0
distance_remaining: 19.766082763671875

Feedback:
    current_pose:
  header:
    stamp:
      sec: 834
      nanosec: 320000000
    frame_id: map
  pose:
    position:
      x: -13.001773451945425
      y: -0.009524257510559409
      z: 0.0
    orientation:
      x: 0.0
      y: 0.0
      z: 0.015030114300073838
      w: 0.9998870414522466
navigation_time:
  sec: 5
  nanosec: 132000000
estimated_time_remaining:
  sec: 0
  nanosec: 0
number_of_recoveries: 0
distance_remaining: 19.766082763671875

Feedback:
    current_pose:
  header:
    stamp:
      sec: 834
      nanosec: 340000000
    frame_id: map
  pose:
    position:
      x: -13.001627795819772
      y: -0.009519848803591913
      z: 0.0
    orientation:
      x: 0.0
      y: 0.0
      z: 0.015227406226137417
      w: 0.9998840563283445
navigation_time:
  sec: 5
  nanosec: 156000000
estimated_time_remaining:
  sec: 0
  nanosec: 0
number_of_recoveries: 0
distance_remaining: 19.766082763671875

Feedback:
    current_pose:
  header:
    stamp:
      sec: 834
      nanosec: 340000000
    frame_id: map
  pose:
    position:
      x: -13.001627795819772
      y: -0.009519848803591913
      z: 0.0
    orientation:
      x: 0.0
      y: 0.0
      z: 0.015227406226137417
      w: 0.9998840563283445
navigation_time:
  sec: 5
  nanosec: 160000000
estimated_time_remaining:
  sec: 0
  nanosec: 0
number_of_recoveries: 0
distance_remaining: 19.766082763671875

Feedback:
    current_pose:
  header:
    stamp:
      sec: 834
      nanosec: 340000000
    frame_id: map
  pose:
    position:
      x: -13.001627795819772
      y: -0.009519848803591913
      z: 0.0
    orientation:
      x: 0.0
      y: 0.0
      z: 0.015227406226137417
      w: 0.9998840563283445
navigation_time:
  sec: 5
  nanosec: 160000000
estimated_time_remaining:
  sec: 0
  nanosec: 0
number_of_recoveries: 0
distance_remaining: 19.766082763671875

Feedback:
    current_pose:
  header:
    stamp:
      sec: 834
      nanosec: 340000000
    frame_id: map
  pose:
    position:
      x: -13.001627795819772
      y: -0.009519848803591913
      z: 0.0
    orientation:
      x: 0.0
      y: 0.0
      z: 0.015227406226137417
      w: 0.9998840563283445
navigation_time:
  sec: 5
  nanosec: 160000000
estimated_time_remaining:
  sec: 0
  nanosec: 0
number_of_recoveries: 0
distance_remaining: 19.766082763671875

Feedback:
    current_pose:
  header:
    stamp:
      sec: 834
      nanosec: 340000000
    frame_id: map
  pose:
    position:
      x: -13.001627795819772
      y: -0.009519848803591913
      z: 0.0
    orientation:
      x: 0.0
      y: 0.0
      z: 0.015227406226137417
      w: 0.9998840563283445
navigation_time:
  sec: 5
  nanosec: 160000000
estimated_time_remaining:
  sec: 0
  nanosec: 0
number_of_recoveries: 0
distance_remaining: 19.766082763671875

Feedback:
    current_pose:
  header:
    stamp:
      sec: 834
      nanosec: 380000000
    frame_id: map
  pose:
    position:
      x: -13.001182057157962
      y: -0.009505920992214811
      z: 0.0
    orientation:
      x: 0.0
      y: 0.0
      z: 0.016007744155214578
      w: 0.9998718678546074
navigation_time:
  sec: 5
  nanosec: 192000000
estimated_time_remaining:
  sec: 0
  nanosec: 0
number_of_recoveries: 0
distance_remaining: 19.766082763671875

Feedback:
    current_pose:
  header:
    stamp:
      sec: 834
      nanosec: 380000000
    frame_id: map
  pose:
    position:
      x: -13.001182057157962
      y: -0.009505920992214811
      z: 0.0
    orientation:
      x: 0.0
      y: 0.0
      z: 0.016007744155214578
      w: 0.9998718678546074
navigation_time:
  sec: 5
  nanosec: 192000000
estimated_time_remaining:
  sec: 0
  nanosec: 0
number_of_recoveries: 0
distance_remaining: 19.766082763671875

Feedback:
    current_pose:
  header:
    stamp:
      sec: 834
      nanosec: 380000000
    frame_id: map
  pose:
    position:
      x: -13.001182057157962
      y: -0.009505920992214811
      z: 0.0
    orientation:
      x: 0.0
      y: 0.0
      z: 0.016007744155214578
      w: 0.9998718678546074
navigation_time:
  sec: 5
  nanosec: 192000000
estimated_time_remaining:
  sec: 0
  nanosec: 0
number_of_recoveries: 0
distance_remaining: 19.766082763671875

Feedback:
    current_pose:
  header:
    stamp:
      sec: 834
      nanosec: 380000000
    frame_id: map
  pose:
    position:
      x: -13.001182057157962
      y: -0.009505920992214811
      z: 0.0
    orientation:
      x: 0.0
      y: 0.0
      z: 0.016007744155214578
      w: 0.9998718678546074
navigation_time:
  sec: 5
  nanosec: 196000000
estimated_time_remaining:
  sec: 0
  nanosec: 0
number_of_recoveries: 0
distance_remaining: 19.766082763671875

Feedback:
    current_pose:
  header:
    stamp:
      sec: 834
      nanosec: 400000000
    frame_id: map
  pose:
    position:
      x: -13.000789356979425
      y: -0.009493265318488042
      z: 0.0
    orientation:
      x: 0.0
      y: 0.0
      z: 0.01620703084712418
      w: 0.9998686574501275
navigation_time:
  sec: 5
  nanosec: 220000000
estimated_time_remaining:
  sec: 0
  nanosec: 0
number_of_recoveries: 0
distance_remaining: 19.766082763671875

Feedback:
    current_pose:
  header:
    stamp:
      sec: 834
      nanosec: 420000000
    frame_id: map
  pose:
    position:
      x: -13.00039666187628
      y: -0.009480453105624065
      z: 0.0
    orientation:
      x: 0.0
      y: 0.0
      z: 0.016406316843561006
      w: 0.9998654073262203
navigation_time:
  sec: 5
  nanosec: 228000000
estimated_time_remaining:
  sec: 0
  nanosec: 0
number_of_recoveries: 0
distance_remaining: 19.766082763671875

Feedback:
    current_pose:
  header:
    stamp:
      sec: 834
      nanosec: 420000000
    frame_id: map
  pose:
    position:
      x: -13.00039666187628
      y: -0.009480453105624065
      z: 0.0
    orientation:
      x: 0.0
      y: 0.0
      z: 0.016406316843561006
      w: 0.9998654073262203
navigation_time:
  sec: 5
  nanosec: 228000000
estimated_time_remaining:
  sec: 0
  nanosec: 0
number_of_recoveries: 0
distance_remaining: 19.766082763671875

Feedback:
    current_pose:
  header:
    stamp:
      sec: 834
      nanosec: 420000000
    frame_id: map
  pose:
    position:
      x: -13.00039666187628
      y: -0.009480453105624065
      z: 0.0
    orientation:
      x: 0.0
      y: 0.0
      z: 0.016406316843561006
      w: 0.9998654073262203
navigation_time:
  sec: 5
  nanosec: 228000000
estimated_time_remaining:
  sec: 0
  nanosec: 0
number_of_recoveries: 0
distance_remaining: 19.766082763671875

Feedback:
    current_pose:
  header:
    stamp:
      sec: 834
      nanosec: 420000000
    frame_id: map
  pose:
    position:
      x: -13.00039666187628
      y: -0.009480453105624065
      z: 0.0
    orientation:
      x: 0.0
      y: 0.0
      z: 0.016406316843561006
      w: 0.9998654073262203
navigation_time:
  sec: 5
  nanosec: 228000000
estimated_time_remaining:
  sec: 0
  nanosec: 0
number_of_recoveries: 0
distance_remaining: 19.766082763671875

Feedback:
    current_pose:
  header:
    stamp:
      sec: 834
      nanosec: 440000000
    frame_id: map
  pose:
    position:
      x: -13.000220378922336
      y: -0.009474590807947436
      z: 0.0
    orientation:
      x: 0.0
      y: 0.0
      z: 0.01683494661605492
      w: 0.9998582822442561
navigation_time:
  sec: 5
  nanosec: 260000000
estimated_time_remaining:
  sec: 0
  nanosec: 0
number_of_recoveries: 0
distance_remaining: 19.766082763671875

Feedback:
    current_pose:
  header:
    stamp:
      sec: 834
      nanosec: 440000000
    frame_id: map
  pose:
    position:
      x: -13.000220378922336
      y: -0.009474590807947436
      z: 0.0
    orientation:
      x: 0.0
      y: 0.0
      z: 0.01683494661605492
      w: 0.9998582822442561
navigation_time:
  sec: 5
  nanosec: 260000000
estimated_time_remaining:
  sec: 0
  nanosec: 0
number_of_recoveries: 0
distance_remaining: 19.766082763671875

Feedback:
    current_pose:
  header:
    stamp:
      sec: 834
      nanosec: 440000000
    frame_id: map
  pose:
    position:
      x: -13.000220378922336
      y: -0.009474590807947436
      z: 0.0
    orientation:
      x: 0.0
      y: 0.0
      z: 0.01683494661605492
      w: 0.9998582822442561
navigation_time:
  sec: 5
  nanosec: 260000000
estimated_time_remaining:
  sec: 0
  nanosec: 0
number_of_recoveries: 0
distance_remaining: 19.766082763671875

Feedback:
    current_pose:
  header:
    stamp:
      sec: 834
      nanosec: 440000000
    frame_id: map
  pose:
    position:
      x: -13.000220378922336
      y: -0.009474590807947436
      z: 0.0
    orientation:
      x: 0.0
      y: 0.0
      z: 0.01683494661605492
      w: 0.9998582822442561
navigation_time:
  sec: 5
  nanosec: 260000000
estimated_time_remaining:
  sec: 0
  nanosec: 0
number_of_recoveries: 0
distance_remaining: 19.766082763671875

Feedback:
    current_pose:
  header:
    stamp:
      sec: 834
      nanosec: 480000000
    frame_id: map
  pose:
    position:
      x: -12.999738592743569
      y: -0.009457952786025459
      z: 0.0
    orientation:
      x: 0.0
      y: 0.0
      z: 0.01755007605197872
      w: 0.9998459855550603
navigation_time:
  sec: 5
  nanosec: 296000000
estimated_time_remaining:
  sec: 0
  nanosec: 0
number_of_recoveries: 0
distance_remaining: 19.766082763671875

Feedback:
    current_pose:
  header:
    stamp:
      sec: 834
      nanosec: 480000000
    frame_id: map
  pose:
    position:
      x: -12.999738592743569
      y: -0.009457952786025459
      z: 0.0
    orientation:
      x: 0.0
      y: 0.0
      z: 0.01755007605197872
      w: 0.9998459855550603
navigation_time:
  sec: 5
  nanosec: 296000000
estimated_time_remaining:
  sec: 0
  nanosec: 0
number_of_recoveries: 0
distance_remaining: 19.766082763671875

Feedback:
    current_pose:
  header:
    stamp:
      sec: 834
      nanosec: 480000000
    frame_id: map
  pose:
    position:
      x: -12.999738592743569
      y: -0.009457952786025459
      z: 0.0
    orientation:
      x: 0.0
      y: 0.0
      z: 0.01755007605197872
      w: 0.9998459855550603
navigation_time:
  sec: 5
  nanosec: 296000000
estimated_time_remaining:
  sec: 0
  nanosec: 0
number_of_recoveries: 0
distance_remaining: 19.766082763671875

Feedback:
    current_pose:
  header:
    stamp:
      sec: 834
      nanosec: 500000000
    frame_id: map
  pose:
    position:
      x: -12.999454629978189
      y: -0.00944789283691172
      z: 0.0
    orientation:
      x: 0.0
      y: 0.0
      z: 0.017860264009493088
      w: 0.9998404927634764
navigation_time:
  sec: 5
  nanosec: 320000000
estimated_time_remaining:
  sec: 0
  nanosec: 0
number_of_recoveries: 0
distance_remaining: 19.766082763671875

Feedback:
    current_pose:
  header:
    stamp:
      sec: 834
      nanosec: 520000000
    frame_id: map
  pose:
    position:
      x: -12.998710382173783
      y: -0.009421005767151769
      z: 0.0
    orientation:
      x: 0.0
      y: 0.0
      z: 0.018199332584377174
      w: 0.9998343784314896
navigation_time:
  sec: 5
  nanosec: 328000000
estimated_time_remaining:
  sec: 0
  nanosec: 0
number_of_recoveries: 0
distance_remaining: 19.766082763671875

Feedback:
    current_pose:
  header:
    stamp:
      sec: 834
      nanosec: 520000000
    frame_id: map
  pose:
    position:
      x: -12.998710382173783
      y: -0.009421005767151769
      z: 0.0
    orientation:
      x: 0.0
      y: 0.0
      z: 0.018199332584377174
      w: 0.9998343784314896
navigation_time:
  sec: 5
  nanosec: 328000000
estimated_time_remaining:
  sec: 0
  nanosec: 0
number_of_recoveries: 0
distance_remaining: 19.766082763671875

Feedback:
    current_pose:
  header:
    stamp:
      sec: 834
      nanosec: 520000000
    frame_id: map
  pose:
    position:
      x: -12.998710382173783
      y: -0.009421005767151769
      z: 0.0
    orientation:
      x: 0.0
      y: 0.0
      z: 0.018199332584377174
      w: 0.9998343784314896
navigation_time:
  sec: 5
  nanosec: 328000000
estimated_time_remaining:
  sec: 0
  nanosec: 0
number_of_recoveries: 0
distance_remaining: 19.766082763671875

Feedback:
    current_pose:
  header:
    stamp:
      sec: 834
      nanosec: 520000000
    frame_id: map
  pose:
    position:
      x: -12.998710382173783
      y: -0.009421005767151769
      z: 0.0
    orientation:
      x: 0.0
      y: 0.0
      z: 0.018199332584377174
      w: 0.9998343784314896
navigation_time:
  sec: 5
  nanosec: 328000000
estimated_time_remaining:
  sec: 0
  nanosec: 0
number_of_recoveries: 0
distance_remaining: 19.766082763671875

Feedback:
    current_pose:
  header:
    stamp:
      sec: 834
      nanosec: 540000000
    frame_id: map
  pose:
    position:
      x: -12.997934674487212
      y: -0.009392529146754924
      z: 0.0
    orientation:
      x: 0.0
      y: 0.0
      z: 0.018494203030657297
      w: 0.9998289676010896
navigation_time:
  sec: 5
  nanosec: 352000000
estimated_time_remaining:
  sec: 0
  nanosec: 0
number_of_recoveries: 0
distance_remaining: 19.766082763671875

Feedback:
    current_pose:
  header:
    stamp:
      sec: 834
      nanosec: 540000000
    frame_id: map
  pose:
    position:
      x: -12.997934674487212
      y: -0.009392529146754924
      z: 0.0
    orientation:
      x: 0.0
      y: 0.0
      z: 0.018494203030657297
      w: 0.9998289676010896
navigation_time:
  sec: 5
  nanosec: 360000000
estimated_time_remaining:
  sec: 0
  nanosec: 0
number_of_recoveries: 0
distance_remaining: 19.766082763671875

Feedback:
    current_pose:
  header:
    stamp:
      sec: 834
      nanosec: 540000000
    frame_id: map
  pose:
    position:
      x: -12.997934674487212
      y: -0.009392529146754924
      z: 0.0
    orientation:
      x: 0.0
      y: 0.0
      z: 0.018494203030657297
      w: 0.9998289676010896
navigation_time:
  sec: 5
  nanosec: 360000000
estimated_time_remaining:
  sec: 0
  nanosec: 0
number_of_recoveries: 0
distance_remaining: 19.766082763671875

Feedback:
    current_pose:
  header:
    stamp:
      sec: 834
      nanosec: 540000000
    frame_id: map
  pose:
    position:
      x: -12.997934674487212
      y: -0.009392529146754924
      z: 0.0
    orientation:
      x: 0.0
      y: 0.0
      z: 0.018494203030657297
      w: 0.9998289676010896
navigation_time:
  sec: 5
  nanosec: 360000000
estimated_time_remaining:
  sec: 0
  nanosec: 0
number_of_recoveries: 0
distance_remaining: 19.766082763671875

Feedback:
    current_pose:
  header:
    stamp:
      sec: 834
      nanosec: 580000000
    frame_id: map
  pose:
    position:
      x: -12.99690938970889
      y: -0.009354170822776453
      z: 0.0
    orientation:
      x: 0.0
      y: 0.0
      z: 0.018951969872059167
      w: 0.9998203952900583
navigation_time:
  sec: 5
  nanosec: 384000000
estimated_time_remaining:
  sec: 1464
  nanosec: 45843248
number_of_recoveries: 0
distance_remaining: 19.766082763671875

Feedback:
    current_pose:
  header:
    stamp:
      sec: 834
      nanosec: 580000000
    frame_id: map
  pose:
    position:
      x: -12.99690938970889
      y: -0.009354170822776453
      z: 0.0
    orientation:
      x: 0.0
      y: 0.0
      z: 0.018951969872059167
      w: 0.9998203952900583
navigation_time:
  sec: 5
  nanosec: 392000000
estimated_time_remaining:
  sec: 1464
  nanosec: 45843248
number_of_recoveries: 0
distance_remaining: 19.766082763671875

Feedback:
    current_pose:
  header:
    stamp:
      sec: 834
      nanosec: 580000000
    frame_id: map
  pose:
    position:
      x: -12.99690938970889
      y: -0.009354170822776453
      z: 0.0
    orientation:
      x: 0.0
      y: 0.0
      z: 0.018951969872059167
      w: 0.9998203952900583
navigation_time:
  sec: 5
  nanosec: 392000000
estimated_time_remaining:
  sec: 1464
  nanosec: 45843248
number_of_recoveries: 0
distance_remaining: 19.766082763671875

Feedback:
    current_pose:
  header:
    stamp:
      sec: 834
      nanosec: 580000000
    frame_id: map
  pose:
    position:
      x: -12.99690938970889
      y: -0.009354170822776453
      z: 0.0
    orientation:
      x: 0.0
      y: 0.0
      z: 0.018951969872059167
      w: 0.9998203952900583
navigation_time:
  sec: 5
  nanosec: 392000000
estimated_time_remaining:
  sec: 1464
  nanosec: 45843248
number_of_recoveries: 0
distance_remaining: 19.766082763671875

Feedback:
    current_pose:
  header:
    stamp:
      sec: 834
      nanosec: 580000000
    frame_id: map
  pose:
    position:
      x: -12.99690938970889
      y: -0.009354170822776453
      z: 0.0
    orientation:
      x: 0.0
      y: 0.0
      z: 0.018951969872059167
      w: 0.9998203952900583
navigation_time:
  sec: 5
  nanosec: 392000000
estimated_time_remaining:
  sec: 1464
  nanosec: 45843248
number_of_recoveries: 0
distance_remaining: 19.766082763671875

Feedback:
    current_pose:
  header:
    stamp:
      sec: 834
      nanosec: 580000000
    frame_id: map
  pose:
    position:
      x: -12.99690938970889
      y: -0.009354170822776453
      z: 0.0
    orientation:
      x: 0.0
      y: 0.0
      z: 0.018951969872059167
      w: 0.9998203952900583
navigation_time:
  sec: 5
  nanosec: 396000000
estimated_time_remaining:
  sec: 1464
  nanosec: 45843248
number_of_recoveries: 0
distance_remaining: 19.766082763671875

Feedback:
    current_pose:
  header:
    stamp:
      sec: 834
      nanosec: 620000000
    frame_id: map
  pose:
    position:
      x: -12.996406095815217
      y: -0.00933486035923714
      z: 0.0
    orientation:
      x: 0.0
      y: 0.0
      z: 0.019420241141617774
      w: 0.999811409333781
navigation_time:
  sec: 5
  nanosec: 420000000
estimated_time_remaining:
  sec: 1182
  nanosec: 455777142
number_of_recoveries: 0
distance_remaining: 19.766082763671875

Feedback:
    current_pose:
  header:
    stamp:
      sec: 834
      nanosec: 620000000
    frame_id: map
  pose:
    position:
      x: -12.996406095815217
      y: -0.00933486035923714
      z: 0.0
    orientation:
      x: 0.0
      y: 0.0
      z: 0.019420241141617774
      w: 0.999811409333781
navigation_time:
  sec: 5
  nanosec: 420000000
estimated_time_remaining:
  sec: 1182
  nanosec: 455777142
number_of_recoveries: 0
distance_remaining: 19.766082763671875

Feedback:
    current_pose:
  header:
    stamp:
      sec: 834
      nanosec: 620000000
    frame_id: map
  pose:
    position:
      x: -12.996406095815217
      y: -0.00933486035923714
      z: 0.0
    orientation:
      x: 0.0
      y: 0.0
      z: 0.019420241141617774
      w: 0.999811409333781
navigation_time:
  sec: 5
  nanosec: 420000000
estimated_time_remaining:
  sec: 1182
  nanosec: 455777142
number_of_recoveries: 0
distance_remaining: 19.766082763671875

Feedback:
    current_pose:
  header:
    stamp:
      sec: 834
      nanosec: 620000000
    frame_id: map
  pose:
    position:
      x: -12.996406095815217
      y: -0.00933486035923714
      z: 0.0
    orientation:
      x: 0.0
      y: 0.0
      z: 0.019420241141617774
      w: 0.999811409333781
navigation_time:
  sec: 5
  nanosec: 420000000
estimated_time_remaining:
  sec: 1182
  nanosec: 455777142
number_of_recoveries: 0
distance_remaining: 19.766082763671875

Feedback:
    current_pose:
  header:
    stamp:
      sec: 834
      nanosec: 640000000
    frame_id: map
  pose:
    position:
      x: -12.996298173826645
      y: -0.009330650847026334
      z: 0.0
    orientation:
      x: 0.0
      y: 0.0
      z: 0.019562666583648497
      w: 0.9998086327273519
navigation_time:
  sec: 5
  nanosec: 456000000
estimated_time_remaining:
  sec: 1150
  nanosec: 533899277
number_of_recoveries: 0
distance_remaining: 19.766082763671875

Feedback:
    current_pose:
  header:
    stamp:
      sec: 834
      nanosec: 640000000
    frame_id: map
  pose:
    position:
      x: -12.996298173826645
      y: -0.009330650847026334
      z: 0.0
    orientation:
      x: 0.0
      y: 0.0
      z: 0.019562666583648497
      w: 0.9998086327273519
navigation_time:
  sec: 5
  nanosec: 456000000
estimated_time_remaining:
  sec: 1150
  nanosec: 533899277
number_of_recoveries: 0
distance_remaining: 19.766082763671875

Feedback:
    current_pose:
  header:
    stamp:
      sec: 834
      nanosec: 640000000
    frame_id: map
  pose:
    position:
      x: -12.996298173826645
      y: -0.009330650847026334
      z: 0.0
    orientation:
      x: 0.0
      y: 0.0
      z: 0.019562666583648497
      w: 0.9998086327273519
navigation_time:
  sec: 5
  nanosec: 456000000
estimated_time_remaining:
  sec: 1150
  nanosec: 533899277
number_of_recoveries: 0
distance_remaining: 19.766082763671875

Feedback:
    current_pose:
  header:
    stamp:
      sec: 834
      nanosec: 640000000
    frame_id: map
  pose:
    position:
      x: -12.996298173826645
      y: -0.009330650847026334
      z: 0.0
    orientation:
      x: 0.0
      y: 0.0
      z: 0.019562666583648497
      w: 0.9998086327273519
navigation_time:
  sec: 5
  nanosec: 456000000
estimated_time_remaining:
  sec: 1150
  nanosec: 533899277
number_of_recoveries: 0
distance_remaining: 19.766082763671875

Feedback:
    current_pose:
  header:
    stamp:
      sec: 834
      nanosec: 640000000
    frame_id: map
  pose:
    position:
      x: -12.996298173826645
      y: -0.009330650847026334
      z: 0.0
    orientation:
      x: 0.0
      y: 0.0
      z: 0.019562666583648497
      w: 0.9998086327273519
navigation_time:
  sec: 5
  nanosec: 456000000
estimated_time_remaining:
  sec: 1150
  nanosec: 533899277
number_of_recoveries: 0
distance_remaining: 19.766082763671875

Feedback:
    current_pose:
  header:
    stamp:
      sec: 834
      nanosec: 680000000
    frame_id: map
  pose:
    position:
      x: -12.996450713118946
      y: -0.009336721314271657
      z: 0.0
    orientation:
      x: 0.0
      y: 0.0
      z: 0.020148414955912273
      w: 0.999797000082899
navigation_time:
  sec: 5
  nanosec: 492000000
estimated_time_remaining:
  sec: 1236
  nanosec: 931395766
number_of_recoveries: 0
distance_remaining: 19.766082763671875

Feedback:
    current_pose:
  header:
    stamp:
      sec: 834
      nanosec: 680000000
    frame_id: map
  pose:
    position:
      x: -12.996450713118946
      y: -0.009336721314271657
      z: 0.0
    orientation:
      x: 0.0
      y: 0.0
      z: 0.020148414955912273
      w: 0.999797000082899
navigation_time:
  sec: 5
  nanosec: 492000000
estimated_time_remaining:
  sec: 1236
  nanosec: 931395766
number_of_recoveries: 0
distance_remaining: 19.766082763671875

Feedback:
    current_pose:
  header:
    stamp:
      sec: 834
      nanosec: 680000000
    frame_id: map
  pose:
    position:
      x: -12.996450713118946
      y: -0.009336721314271657
      z: 0.0
    orientation:
      x: 0.0
      y: 0.0
      z: 0.020148414955912273
      w: 0.999797000082899
navigation_time:
  sec: 5
  nanosec: 492000000
estimated_time_remaining:
  sec: 1236
  nanosec: 931395766
number_of_recoveries: 0
distance_remaining: 19.766082763671875

Feedback:
    current_pose:
  header:
    stamp:
      sec: 834
      nanosec: 680000000
    frame_id: map
  pose:
    position:
      x: -12.996450713118946
      y: -0.009336721314271657
      z: 0.0
    orientation:
      x: 0.0
      y: 0.0
      z: 0.020148414955912273
      w: 0.999797000082899
navigation_time:
  sec: 5
  nanosec: 492000000
estimated_time_remaining:
  sec: 1236
  nanosec: 931395766
number_of_recoveries: 0
distance_remaining: 19.766082763671875

Feedback:
    current_pose:
  header:
    stamp:
      sec: 834
      nanosec: 700000000
    frame_id: map
  pose:
    position:
      x: -12.996645146957903
      y: -0.009344646801796586
      z: 0.0
    orientation:
      x: 0.0
      y: 0.0
      z: 0.020588087011166625
      w: 0.9997880428736988
navigation_time:
  sec: 5
  nanosec: 504000000
estimated_time_remaining:
  sec: 1332
  nanosec: 11356095
number_of_recoveries: 0
distance_remaining: 19.766082763671875

Feedback:
    current_pose:
  header:
    stamp:
      sec: 834
      nanosec: 720000000
    frame_id: map
  pose:
    position:
      x: -12.996701755041926
      y: -0.009346967633147685
      z: 0.0
    orientation:
      x: 0.0
      y: 0.0
      z: 0.02102883568217068
      w: 0.999778869585596
navigation_time:
  sec: 5
  nanosec: 524000000
estimated_time_remaining:
  sec: 1465
  nanosec: 850375673
number_of_recoveries: 0
distance_remaining: 19.766082763671875

Feedback:
    current_pose:
  header:
    stamp:
      sec: 834
      nanosec: 720000000
    frame_id: map
  pose:
    position:
      x: -12.996701755041926
      y: -0.009346967633147685
      z: 0.0
    orientation:
      x: 0.0
      y: 0.0
      z: 0.02102883568217068
      w: 0.999778869585596
navigation_time:
  sec: 5
  nanosec: 524000000
estimated_time_remaining:
  sec: 1465
  nanosec: 850375673
number_of_recoveries: 0
distance_remaining: 19.766082763671875

Feedback:
    current_pose:
  header:
    stamp:
      sec: 834
      nanosec: 720000000
    frame_id: map
  pose:
    position:
      x: -12.996701755041926
      y: -0.009346967633147685
      z: 0.0
    orientation:
      x: 0.0
      y: 0.0
      z: 0.02102883568217068
      w: 0.999778869585596
navigation_time:
  sec: 5
  nanosec: 524000000
estimated_time_remaining:
  sec: 1465
  nanosec: 850375673
number_of_recoveries: 0
distance_remaining: 19.766082763671875

Feedback:
    current_pose:
  header:
    stamp:
      sec: 834
      nanosec: 720000000
    frame_id: map
  pose:
    position:
      x: -12.996701755041926
      y: -0.009346967633147685
      z: 0.0
    orientation:
      x: 0.0
      y: 0.0
      z: 0.02102883568217068
      w: 0.999778869585596
navigation_time:
  sec: 5
  nanosec: 524000000
estimated_time_remaining:
  sec: 1465
  nanosec: 850375673
number_of_recoveries: 0
distance_remaining: 19.766082763671875

Feedback:
    current_pose:
  header:
    stamp:
      sec: 834
      nanosec: 740000000
    frame_id: map
  pose:
    position:
      x: -12.996551636851336
      y: -0.009340583279151105
      z: 0.0
    orientation:
      x: 0.0
      y: 0.0
      z: 0.021471201086891628
      w: 0.9997694671892547
navigation_time:
  sec: 5
  nanosec: 540000000
estimated_time_remaining:
  sec: 1593
  nanosec: 678857609
number_of_recoveries: 0
distance_remaining: 19.766082763671875

Feedback:
    current_pose:
  header:
    stamp:
      sec: 834
      nanosec: 740000000
    frame_id: map
  pose:
    position:
      x: -12.996551636851336
      y: -0.009340583279151105
      z: 0.0
    orientation:
      x: 0.0
      y: 0.0
      z: 0.021471201086891628
      w: 0.9997694671892547
navigation_time:
  sec: 5
  nanosec: 556000000
estimated_time_remaining:
  sec: 1593
  nanosec: 678857609
number_of_recoveries: 0
distance_remaining: 19.766082763671875

Feedback:
    current_pose:
  header:
    stamp:
      sec: 834
      nanosec: 740000000
    frame_id: map
  pose:
    position:
      x: -12.996551636851336
      y: -0.009340583279151105
      z: 0.0
    orientation:
      x: 0.0
      y: 0.0
      z: 0.021471201086891628
      w: 0.9997694671892547
navigation_time:
  sec: 5
  nanosec: 556000000
estimated_time_remaining:
  sec: 1593
  nanosec: 678857609
number_of_recoveries: 0
distance_remaining: 19.766082763671875

Feedback:
    current_pose:
  header:
    stamp:
      sec: 834
      nanosec: 740000000
    frame_id: map
  pose:
    position:
      x: -12.996551636851336
      y: -0.009340583279151105
      z: 0.0
    orientation:
      x: 0.0
      y: 0.0
      z: 0.021471201086891628
      w: 0.9997694671892547
navigation_time:
  sec: 5
  nanosec: 556000000
estimated_time_remaining:
  sec: 1593
  nanosec: 678857609
number_of_recoveries: 0
distance_remaining: 19.766082763671875

Feedback:
    current_pose:
  header:
    stamp:
      sec: 834
      nanosec: 760000000
    frame_id: map
  pose:
    position:
      x: -12.996443908833754
      y: -0.00933591855987892
      z: 0.0
    orientation:
      x: 0.0
      y: 0.0
      z: 0.021853455333918827
      w: 0.9997611847286174
navigation_time:
  sec: 5
  nanosec: 580000000
estimated_time_remaining:
  sec: 1658
  nanosec: 708616669
number_of_recoveries: 0
distance_remaining: 19.766082763671875

Feedback:
    current_pose:
  header:
    stamp:
      sec: 834
      nanosec: 780000000
    frame_id: map
  pose:
    position:
      x: -12.996399760037008
      y: -0.009333974645366894
      z: 0.0
    orientation:
      x: 0.0
      y: 0.0
      z: 0.02214554654033956
      w: 0.9997547573122271
navigation_time:
  sec: 5
  nanosec: 596000000
estimated_time_remaining:
  sec: 1708
  nanosec: 506479321
number_of_recoveries: 0
distance_remaining: 19.766082763671875

Feedback:
    current_pose:
  header:
    stamp:
      sec: 834
      nanosec: 780000000
    frame_id: map
  pose:
    position:
      x: -12.996399760037008
      y: -0.009333974645366894
      z: 0.0
    orientation:
      x: 0.0
      y: 0.0
      z: 0.02214554654033956
      w: 0.9997547573122271
navigation_time:
  sec: 5
  nanosec: 596000000
estimated_time_remaining:
  sec: 1708
  nanosec: 506479321
number_of_recoveries: 0
distance_remaining: 19.766082763671875

Feedback:
    current_pose:
  header:
    stamp:
      sec: 834
      nanosec: 780000000
    frame_id: map
  pose:
    position:
      x: -12.996399760037008
      y: -0.009333974645366894
      z: 0.0
    orientation:
      x: 0.0
      y: 0.0
      z: 0.02214554654033956
      w: 0.9997547573122271
navigation_time:
  sec: 5
  nanosec: 596000000
estimated_time_remaining:
  sec: 1708
  nanosec: 506479321
number_of_recoveries: 0
distance_remaining: 19.766082763671875

Feedback:
    current_pose:
  header:
    stamp:
      sec: 834
      nanosec: 780000000
    frame_id: map
  pose:
    position:
      x: -12.996399760037008
      y: -0.009333974645366894
      z: 0.0
    orientation:
      x: 0.0
      y: 0.0
      z: 0.02214554654033956
      w: 0.9997547573122271
navigation_time:
  sec: 5
  nanosec: 600000000
estimated_time_remaining:
  sec: 1784
  nanosec: 492219592
number_of_recoveries: 0
distance_remaining: 19.766082763671875

Feedback:
    current_pose:
  header:
    stamp:
      sec: 834
      nanosec: 820000000
    frame_id: map
  pose:
    position:
      x: -12.996037319288178
      y: -0.00931768945770095
      z: 0.0
    orientation:
      x: 0.0
      y: 0.0
      z: 0.022611261841609734
      w: 0.9997443327360901
navigation_time:
  sec: 5
  nanosec: 624000000
estimated_time_remaining:
  sec: 1837
  nanosec: 759755252
number_of_recoveries: 0
distance_remaining: 19.766082763671875

Feedback:
    current_pose:
  header:
    stamp:
      sec: 834
      nanosec: 820000000
    frame_id: map
  pose:
    position:
      x: -12.996037319288178
      y: -0.00931768945770095
      z: 0.0
    orientation:
      x: 0.0
      y: 0.0
      z: 0.022611261841609734
      w: 0.9997443327360901
navigation_time:
  sec: 5
  nanosec: 628000000
estimated_time_remaining:
  sec: 1837
  nanosec: 759755252
number_of_recoveries: 0
distance_remaining: 19.766082763671875

Feedback:
    current_pose:
  header:
    stamp:
      sec: 834
      nanosec: 820000000
    frame_id: map
  pose:
    position:
      x: -12.996037319288178
      y: -0.00931768945770095
      z: 0.0
    orientation:
      x: 0.0
      y: 0.0
      z: 0.022611261841609734
      w: 0.9997443327360901
navigation_time:
  sec: 5
  nanosec: 628000000
estimated_time_remaining:
  sec: 1837
  nanosec: 759755252
number_of_recoveries: 0
distance_remaining: 19.766082763671875

Feedback:
    current_pose:
  header:
    stamp:
      sec: 834
      nanosec: 820000000
    frame_id: map
  pose:
    position:
      x: -12.996037319288178
      y: -0.00931768945770095
      z: 0.0
    orientation:
      x: 0.0
      y: 0.0
      z: 0.022611261841609734
      w: 0.9997443327360901
navigation_time:
  sec: 5
  nanosec: 628000000
estimated_time_remaining:
  sec: 1837
  nanosec: 759755252
number_of_recoveries: 0
distance_remaining: 19.766082763671875

Feedback:
    current_pose:
  header:
    stamp:
      sec: 834
      nanosec: 820000000
    frame_id: map
  pose:
    position:
      x: -12.996037319288178
      y: -0.00931768945770095
      z: 0.0
    orientation:
      x: 0.0
      y: 0.0
      z: 0.022611261841609734
      w: 0.9997443327360901
navigation_time:
  sec: 5
  nanosec: 628000000
estimated_time_remaining:
  sec: 1837
  nanosec: 759755252
number_of_recoveries: 0
distance_remaining: 19.766082763671875

Feedback:
    current_pose:
  header:
    stamp:
      sec: 834
      nanosec: 840000000
    frame_id: map
  pose:
    position:
      x: -12.995776463678382
      y: -0.009305798346256111
      z: 0.0
    orientation:
      x: 0.0
      y: 0.0
      z: 0.022961178385827914
      w: 0.9997363573898541
navigation_time:
  sec: 5
  nanosec: 656000000
estimated_time_remaining:
  sec: 0
  nanosec: 0
number_of_recoveries: 0
distance_remaining: 19.766082763671875

Feedback:
    current_pose:
  header:
    stamp:
      sec: 834
      nanosec: 840000000
    frame_id: map
  pose:
    position:
      x: -12.995776463678382
      y: -0.009305798346256111
      z: 0.0
    orientation:
      x: 0.0
      y: 0.0
      z: 0.022961178385827914
      w: 0.9997363573898541
navigation_time:
  sec: 5
  nanosec: 656000000
estimated_time_remaining:
  sec: 0
  nanosec: 0
number_of_recoveries: 0
distance_remaining: 19.766082763671875

Feedback:
    current_pose:
  header:
    stamp:
      sec: 834
      nanosec: 840000000
    frame_id: map
  pose:
    position:
      x: -12.995776463678382
      y: -0.009305798346256111
      z: 0.0
    orientation:
      x: 0.0
      y: 0.0
      z: 0.022961178385827914
      w: 0.9997363573898541
navigation_time:
  sec: 5
  nanosec: 656000000
estimated_time_remaining:
  sec: 0
  nanosec: 0
number_of_recoveries: 0
distance_remaining: 19.766082763671875

Feedback:
    current_pose:
  header:
    stamp:
      sec: 834
      nanosec: 840000000
    frame_id: map
  pose:
    position:
      x: -12.995776463678382
      y: -0.009305798346256111
      z: 0.0
    orientation:
      x: 0.0
      y: 0.0
      z: 0.022961178385827914
      w: 0.9997363573898541
navigation_time:
  sec: 5
  nanosec: 656000000
estimated_time_remaining:
  sec: 0
  nanosec: 0
number_of_recoveries: 0
distance_remaining: 19.766082763671875

Feedback:
    current_pose:
  header:
    stamp:
      sec: 834
      nanosec: 860000000
    frame_id: map
  pose:
    position:
      x: -12.995510393197563
      y: -0.009293467267385225
      z: 0.0
    orientation:
      x: 0.0
      y: 0.0
      z: 0.023346703108761906
      w: 0.999727428579386
navigation_time:
  sec: 5
  nanosec: 672000000
estimated_time_remaining:
  sec: 0
  nanosec: 0
number_of_recoveries: 0
distance_remaining: 19.766082763671875

Feedback:
    current_pose:
  header:
    stamp:
      sec: 834
      nanosec: 880000000
    frame_id: map
  pose:
    position:
      x: -12.995348545834062
      y: -0.00928585518328262
      z: 0.0
    orientation:
      x: 0.0
      y: 0.0
      z: 0.023678960888108475
      w: 0.9997196140975027
navigation_time:
  sec: 5
  nanosec: 696000000
estimated_time_remaining:
  sec: 0
  nanosec: 0
number_of_recoveries: 0
distance_remaining: 19.766082763671875

Feedback:
    current_pose:
  header:
    stamp:
      sec: 834
      nanosec: 880000000
    frame_id: map
  pose:
    position:
      x: -12.995348545834062
      y: -0.00928585518328262
      z: 0.0
    orientation:
      x: 0.0
      y: 0.0
      z: 0.023678960888108475
      w: 0.9997196140975027
navigation_time:
  sec: 5
  nanosec: 696000000
estimated_time_remaining:
  sec: 0
  nanosec: 0
number_of_recoveries: 0
distance_remaining: 19.766082763671875

Feedback:
    current_pose:
  header:
    stamp:
      sec: 834
      nanosec: 880000000
    frame_id: map
  pose:
    position:
      x: -12.995348545834062
      y: -0.00928585518328262
      z: 0.0
    orientation:
      x: 0.0
      y: 0.0
      z: 0.023678960888108475
      w: 0.9997196140975027
navigation_time:
  sec: 5
  nanosec: 696000000
estimated_time_remaining:
  sec: 0
  nanosec: 0
number_of_recoveries: 0
distance_remaining: 19.766082763671875

Feedback:
    current_pose:
  header:
    stamp:
      sec: 834
      nanosec: 880000000
    frame_id: map
  pose:
    position:
      x: -12.995348545834062
      y: -0.00928585518328262
      z: 0.0
    orientation:
      x: 0.0
      y: 0.0
      z: 0.023678960888108475
      w: 0.9997196140975027
navigation_time:
  sec: 5
  nanosec: 696000000
estimated_time_remaining:
  sec: 0
  nanosec: 0
number_of_recoveries: 0
distance_remaining: 19.766082763671875

Feedback:
    current_pose:
  header:
    stamp:
      sec: 834
      nanosec: 900000000
    frame_id: map
  pose:
    position:
      x: -12.995212756517759
      y: -0.009279375650317334
      z: 0.0
    orientation:
      x: 0.0
      y: 0.0
      z: 0.023997900250417793
      w: 0.999712008922355
navigation_time:
  sec: 5
  nanosec: 720000000
estimated_time_remaining:
  sec: 0
  nanosec: 0
number_of_recoveries: 0
distance_remaining: 19.766082763671875

Feedback:
    current_pose:
  header:
    stamp:
      sec: 834
      nanosec: 900000000
    frame_id: map
  pose:
    position:
      x: -12.995212756517759
      y: -0.009279375650317334
      z: 0.0
    orientation:
      x: 0.0
      y: 0.0
      z: 0.023997900250417793
      w: 0.999712008922355
navigation_time:
  sec: 5
  nanosec: 720000000
estimated_time_remaining:
  sec: 0
  nanosec: 0
number_of_recoveries: 0
distance_remaining: 19.766082763671875

Feedback:
    current_pose:
  header:
    stamp:
      sec: 834
      nanosec: 900000000
    frame_id: map
  pose:
    position:
      x: -12.995212756517759
      y: -0.009279375650317334
      z: 0.0
    orientation:
      x: 0.0
      y: 0.0
      z: 0.023997900250417793
      w: 0.999712008922355
navigation_time:
  sec: 5
  nanosec: 720000000
estimated_time_remaining:
  sec: 0
  nanosec: 0
number_of_recoveries: 0
distance_remaining: 19.766082763671875

Feedback:
    current_pose:
  header:
    stamp:
      sec: 834
      nanosec: 920000000
    frame_id: map
  pose:
    position:
      x: -12.99523236223196
      y: -0.009280322032367394
      z: 0.0
    orientation:
      x: 0.0
      y: 0.0
      z: 0.024230710549794664
      w: 0.9997063932306586
navigation_time:
  sec: 5
  nanosec: 728000000
estimated_time_remaining:
  sec: 0
  nanosec: 0
number_of_recoveries: 0
distance_remaining: 19.766082763671875

Feedback:
    current_pose:
  header:
    stamp:
      sec: 834
      nanosec: 940000000
    frame_id: map
  pose:
    position:
      x: -12.995161694110962
      y: -0.009276873271160113
      z: 0.0
    orientation:
      x: 0.0
      y: 0.0
      z: 0.024365815819445382
      w: 0.9997031094377234
navigation_time:
  sec: 5
  nanosec: 756000000
estimated_time_remaining:
  sec: 0
  nanosec: 0
number_of_recoveries: 0
distance_remaining: 19.766082763671875

Feedback:
    current_pose:
  header:
    stamp:
      sec: 834
      nanosec: 940000000
    frame_id: map
  pose:
    position:
      x: -12.995161694110962
      y: -0.009276873271160113
      z: 0.0
    orientation:
      x: 0.0
      y: 0.0
      z: 0.024365815819445382
      w: 0.9997031094377234
navigation_time:
  sec: 5
  nanosec: 756000000
estimated_time_remaining:
  sec: 0
  nanosec: 0
number_of_recoveries: 0
distance_remaining: 19.766082763671875

Feedback:
    current_pose:
  header:
    stamp:
      sec: 834
      nanosec: 940000000
    frame_id: map
  pose:
    position:
      x: -12.995161694110962
      y: -0.009276873271160113
      z: 0.0
    orientation:
      x: 0.0
      y: 0.0
      z: 0.024365815819445382
      w: 0.9997031094377234
navigation_time:
  sec: 5
  nanosec: 756000000
estimated_time_remaining:
  sec: 0
  nanosec: 0
number_of_recoveries: 0
distance_remaining: 19.766082763671875

Feedback:
    current_pose:
  header:
    stamp:
      sec: 834
      nanosec: 940000000
    frame_id: map
  pose:
    position:
      x: -12.995161694110962
      y: -0.009276873271160113
      z: 0.0
    orientation:
      x: 0.0
      y: 0.0
      z: 0.024365815819445382
      w: 0.9997031094377234
navigation_time:
  sec: 5
  nanosec: 756000000
estimated_time_remaining:
  sec: 0
  nanosec: 0
number_of_recoveries: 0
distance_remaining: 19.766082763671875

Feedback:
    current_pose:
  header:
    stamp:
      sec: 834
      nanosec: 980000000
    frame_id: map
  pose:
    position:
      x: -12.994733447194335
      y: -0.009255993949828678
      z: 0.0
    orientation:
      x: 0.0
      y: 0.0
      z: 0.024359856214693866
      w: 0.9997032546737054
navigation_time:
  sec: 5
  nanosec: 784000000
estimated_time_remaining:
  sec: 0
  nanosec: 0
number_of_recoveries: 0
distance_remaining: 19.766082763671875

Feedback:
    current_pose:
  header:
    stamp:
      sec: 834
      nanosec: 980000000
    frame_id: map
  pose:
    position:
      x: -12.994733447194335
      y: -0.009255993949828678
      z: 0.0
    orientation:
      x: 0.0
      y: 0.0
      z: 0.024359856214693866
      w: 0.9997032546737054
navigation_time:
  sec: 5
  nanosec: 784000000
estimated_time_remaining:
  sec: 0
  nanosec: 0
number_of_recoveries: 0
distance_remaining: 19.766082763671875

Feedback:
    current_pose:
  header:
    stamp:
      sec: 834
      nanosec: 980000000
    frame_id: map
  pose:
    position:
      x: -12.994733447194335
      y: -0.009255993949828678
      z: 0.0
    orientation:
      x: 0.0
      y: 0.0
      z: 0.024359856214693866
      w: 0.9997032546737054
navigation_time:
  sec: 5
  nanosec: 784000000
estimated_time_remaining:
  sec: 0
  nanosec: 0
number_of_recoveries: 0
distance_remaining: 19.766082763671875

Feedback:
    current_pose:
  header:
    stamp:
      sec: 834
      nanosec: 980000000
    frame_id: map
  pose:
    position:
      x: -12.994733447194335
      y: -0.009255993949828678
      z: 0.0
    orientation:
      x: 0.0
      y: 0.0
      z: 0.024359856214693866
      w: 0.9997032546737054
navigation_time:
  sec: 5
  nanosec: 784000000
estimated_time_remaining:
  sec: 0
  nanosec: 0
number_of_recoveries: 0
distance_remaining: 19.766082763671875

Feedback:
    current_pose:
  header:
    stamp:
      sec: 834
      nanosec: 980000000
    frame_id: map
  pose:
    position:
      x: -12.994733447194335
      y: -0.009255993949828678
      z: 0.0
    orientation:
      x: 0.0
      y: 0.0
      z: 0.024359856214693866
      w: 0.9997032546737054
navigation_time:
  sec: 5
  nanosec: 796000000
estimated_time_remaining:
  sec: 0
  nanosec: 0
number_of_recoveries: 0
distance_remaining: 19.766082763671875

Feedback:
    current_pose:
  header:
    stamp:
      sec: 835
      nanosec: 0
    frame_id: map
  pose:
    position:
      x: -12.994487144728424
      y: -0.00924397583925618
      z: 0.0
    orientation:
      x: 0.0
      y: 0.0
      z: 0.024390759959021065
      w: 0.9997025011615314
navigation_time:
  sec: 5
  nanosec: 816000000
estimated_time_remaining:
  sec: 0
  nanosec: 0
number_of_recoveries: 0
distance_remaining: 19.766082763671875

Feedback:
    current_pose:
  header:
    stamp:
      sec: 835
      nanosec: 0
    frame_id: map
  pose:
    position:
      x: -12.994487144728424
      y: -0.00924397583925618
      z: 0.0
    orientation:
      x: 0.0
      y: 0.0
      z: 0.024390759959021065
      w: 0.9997025011615314
navigation_time:
  sec: 5
  nanosec: 816000000
estimated_time_remaining:
  sec: 0
  nanosec: 0
number_of_recoveries: 0
distance_remaining: 19.766082763671875

Feedback:
    current_pose:
  header:
    stamp:
      sec: 835
      nanosec: 0
    frame_id: map
  pose:
    position:
      x: -12.994487144728424
      y: -0.00924397583925618
      z: 0.0
    orientation:
      x: 0.0
      y: 0.0
      z: 0.024390759959021065
      w: 0.9997025011615314
navigation_time:
  sec: 5
  nanosec: 816000000
estimated_time_remaining:
  sec: 0
  nanosec: 0
number_of_recoveries: 0
distance_remaining: 19.766082763671875

Feedback:
    current_pose:
  header:
    stamp:
      sec: 835
      nanosec: 0
    frame_id: map
  pose:
    position:
      x: -12.994487144728424
      y: -0.00924397583925618
      z: 0.0
    orientation:
      x: 0.0
      y: 0.0
      z: 0.024390759959021065
      w: 0.9997025011615314
navigation_time:
  sec: 5
  nanosec: 816000000
estimated_time_remaining:
  sec: 0
  nanosec: 0
number_of_recoveries: 0
distance_remaining: 19.766082763671875

Feedback:
    current_pose:
  header:
    stamp:
      sec: 835
      nanosec: 0
    frame_id: map
  pose:
    position:
      x: -12.994487144728424
      y: -0.00924397583925618
      z: 0.0
    orientation:
      x: 0.0
      y: 0.0
      z: 0.024390759959021065
      w: 0.9997025011615314
navigation_time:
  sec: 5
  nanosec: 820000000
estimated_time_remaining:
  sec: 0
  nanosec: 0
number_of_recoveries: 0
distance_remaining: 19.766082763671875

Feedback:
    current_pose:
  header:
    stamp:
      sec: 835
      nanosec: 40000000
    frame_id: map
  pose:
    position:
      x: -12.994282908530678
      y: -0.009233981984213102
      z: 0.0
    orientation:
      x: 0.0
      y: 0.0
      z: 0.0245744456628086
      w: 0.999698002709001
navigation_time:
  sec: 5
  nanosec: 856000000
estimated_time_remaining:
  sec: 0
  nanosec: 0
number_of_recoveries: 0
distance_remaining: 19.766082763671875

Feedback:
    current_pose:
  header:
    stamp:
      sec: 835
      nanosec: 40000000
    frame_id: map
  pose:
    position:
      x: -12.994282908530678
      y: -0.009233981984213102
      z: 0.0
    orientation:
      x: 0.0
      y: 0.0
      z: 0.0245744456628086
      w: 0.999698002709001
navigation_time:
  sec: 5
  nanosec: 856000000
estimated_time_remaining:
  sec: 0
  nanosec: 0
number_of_recoveries: 0
distance_remaining: 19.766082763671875

Feedback:
    current_pose:
  header:
    stamp:
      sec: 835
      nanosec: 40000000
    frame_id: map
  pose:
    position:
      x: -12.994282908530678
      y: -0.009233981984213102
      z: 0.0
    orientation:
      x: 0.0
      y: 0.0
      z: 0.0245744456628086
      w: 0.999698002709001
navigation_time:
  sec: 5
  nanosec: 856000000
estimated_time_remaining:
  sec: 0
  nanosec: 0
number_of_recoveries: 0
distance_remaining: 19.766082763671875

Feedback:
    current_pose:
  header:
    stamp:
      sec: 835
      nanosec: 40000000
    frame_id: map
  pose:
    position:
      x: -12.994282908530678
      y: -0.009233981984213102
      z: 0.0
    orientation:
      x: 0.0
      y: 0.0
      z: 0.0245744456628086
      w: 0.999698002709001
navigation_time:
  sec: 5
  nanosec: 856000000
estimated_time_remaining:
  sec: 0
  nanosec: 0
number_of_recoveries: 0
distance_remaining: 19.766082763671875

Feedback:
    current_pose:
  header:
    stamp:
      sec: 835
      nanosec: 40000000
    frame_id: map
  pose:
    position:
      x: -12.994282908530678
      y: -0.009233981984213102
      z: 0.0
    orientation:
      x: 0.0
      y: 0.0
      z: 0.0245744456628086
      w: 0.999698002709001
navigation_time:
  sec: 5
  nanosec: 856000000
estimated_time_remaining:
  sec: 0
  nanosec: 0
number_of_recoveries: 0
distance_remaining: 19.766082763671875

Feedback:
    current_pose:
  header:
    stamp:
      sec: 835
      nanosec: 80000000
    frame_id: map
  pose:
    position:
      x: -12.993908517772809
      y: -0.00921549824872514
      z: 0.0
    orientation:
      x: 0.0
      y: 0.0
      z: 0.024734918074694058
      w: 0.9996940451097217
navigation_time:
  sec: 5
  nanosec: 892000000
estimated_time_remaining:
  sec: 0
  nanosec: 0
number_of_recoveries: 0
distance_remaining: 19.766082763671875

Feedback:
    current_pose:
  header:
    stamp:
      sec: 835
      nanosec: 80000000
    frame_id: map
  pose:
    position:
      x: -12.993908517772809
      y: -0.00921549824872514
      z: 0.0
    orientation:
      x: 0.0
      y: 0.0
      z: 0.024734918074694058
      w: 0.9996940451097217
navigation_time:
  sec: 5
  nanosec: 892000000
estimated_time_remaining:
  sec: 0
  nanosec: 0
number_of_recoveries: 0
distance_remaining: 19.766082763671875

Feedback:
    current_pose:
  header:
    stamp:
      sec: 835
      nanosec: 80000000
    frame_id: map
  pose:
    position:
      x: -12.993908517772809
      y: -0.00921549824872514
      z: 0.0
    orientation:
      x: 0.0
      y: 0.0
      z: 0.024734918074694058
      w: 0.9996940451097217
navigation_time:
  sec: 5
  nanosec: 892000000
estimated_time_remaining:
  sec: 0
  nanosec: 0
number_of_recoveries: 0
distance_remaining: 19.766082763671875

Feedback:
    current_pose:
  header:
    stamp:
      sec: 835
      nanosec: 80000000
    frame_id: map
  pose:
    position:
      x: -12.993908517772809
      y: -0.00921549824872514
      z: 0.0
    orientation:
      x: 0.0
      y: 0.0
      z: 0.024734918074694058
      w: 0.9996940451097217
navigation_time:
  sec: 5
  nanosec: 892000000
estimated_time_remaining:
  sec: 0
  nanosec: 0
number_of_recoveries: 0
distance_remaining: 19.766082763671875

Feedback:
    current_pose:
  header:
    stamp:
      sec: 835
      nanosec: 120000000
    frame_id: map
  pose:
    position:
      x: -12.99351307533864
      y: -0.009195870028662512
      z: 0.0
    orientation:
      x: 0.0
      y: 0.0
      z: 0.02485180669982088
      w: 0.9996911461565292
navigation_time:
  sec: 5
  nanosec: 920000000
estimated_time_remaining:
  sec: 0
  nanosec: 0
number_of_recoveries: 0
distance_remaining: 19.766082763671875

Feedback:
    current_pose:
  header:
    stamp:
      sec: 835
      nanosec: 120000000
    frame_id: map
  pose:
    position:
      x: -12.99351307533864
      y: -0.009195870028662512
      z: 0.0
    orientation:
      x: 0.0
      y: 0.0
      z: 0.02485180669982088
      w: 0.9996911461565292
navigation_time:
  sec: 5
  nanosec: 920000000
estimated_time_remaining:
  sec: 0
  nanosec: 0
number_of_recoveries: 0
distance_remaining: 19.766082763671875

Feedback:
    current_pose:
  header:
    stamp:
      sec: 835
      nanosec: 120000000
    frame_id: map
  pose:
    position:
      x: -12.99351307533864
      y: -0.009195870028662512
      z: 0.0
    orientation:
      x: 0.0
      y: 0.0
      z: 0.02485180669982088
      w: 0.9996911461565292
navigation_time:
  sec: 5
  nanosec: 920000000
estimated_time_remaining:
  sec: 0
  nanosec: 0
number_of_recoveries: 0
distance_remaining: 19.766082763671875

Feedback:
    current_pose:
  header:
    stamp:
      sec: 835
      nanosec: 120000000
    frame_id: map
  pose:
    position:
      x: -12.99351307533864
      y: -0.009195870028662512
      z: 0.0
    orientation:
      x: 0.0
      y: 0.0
      z: 0.02485180669982088
      w: 0.9996911461565292
navigation_time:
  sec: 5
  nanosec: 920000000
estimated_time_remaining:
  sec: 0
  nanosec: 0
number_of_recoveries: 0
distance_remaining: 19.766082763671875

Feedback:
    current_pose:
  header:
    stamp:
      sec: 835
      nanosec: 140000000
    frame_id: map
  pose:
    position:
      x: -12.993379479560986
      y: -0.009189207860957893
      z: 0.0
    orientation:
      x: 0.0
      y: 0.0
      z: 0.02500338548222492
      w: 0.999687366487357
navigation_time:
  sec: 5
  nanosec: 952000000
estimated_time_remaining:
  sec: 0
  nanosec: 0
number_of_recoveries: 0
distance_remaining: 19.766082763671875

Feedback:
    current_pose:
  header:
    stamp:
      sec: 835
      nanosec: 140000000
    frame_id: map
  pose:
    position:
      x: -12.993379479560986
      y: -0.009189207860957893
      z: 0.0
    orientation:
      x: 0.0
      y: 0.0
      z: 0.02500338548222492
      w: 0.999687366487357
navigation_time:
  sec: 5
  nanosec: 952000000
estimated_time_remaining:
  sec: 0
  nanosec: 0
number_of_recoveries: 0
distance_remaining: 19.766082763671875

Feedback:
    current_pose:
  header:
    stamp:
      sec: 835
      nanosec: 140000000
    frame_id: map
  pose:
    position:
      x: -12.993379479560986
      y: -0.009189207860957893
      z: 0.0
    orientation:
      x: 0.0
      y: 0.0
      z: 0.02500338548222492
      w: 0.999687366487357
navigation_time:
  sec: 5
  nanosec: 952000000
estimated_time_remaining:
  sec: 0
  nanosec: 0
number_of_recoveries: 0
distance_remaining: 19.766082763671875

Feedback:
    current_pose:
  header:
    stamp:
      sec: 835
      nanosec: 140000000
    frame_id: map
  pose:
    position:
      x: -12.993379479560986
      y: -0.009189207860957893
      z: 0.0
    orientation:
      x: 0.0
      y: 0.0
      z: 0.02500338548222492
      w: 0.999687366487357
navigation_time:
  sec: 5
  nanosec: 952000000
estimated_time_remaining:
  sec: 0
  nanosec: 0
number_of_recoveries: 0
distance_remaining: 19.766082763671875

Feedback:
    current_pose:
  header:
    stamp:
      sec: 835
      nanosec: 180000000
    frame_id: map
  pose:
    position:
      x: -12.993348957081068
      y: -0.009187695484191849
      z: 0.0
    orientation:
      x: 0.0
      y: 0.0
      z: 0.025240940774737115
      w: 0.9996813967003717
navigation_time:
  sec: 5
  nanosec: 984000000
estimated_time_remaining:
  sec: 0
  nanosec: 0
number_of_recoveries: 0
distance_remaining: 19.766082763671875

Feedback:
    current_pose:
  header:
    stamp:
      sec: 835
      nanosec: 180000000
    frame_id: map
  pose:
    position:
      x: -12.993348957081068
      y: -0.009187695484191849
      z: 0.0
    orientation:
      x: 0.0
      y: 0.0
      z: 0.025240940774737115
      w: 0.9996813967003717
navigation_time:
  sec: 5
  nanosec: 984000000
estimated_time_remaining:
  sec: 0
  nanosec: 0
number_of_recoveries: 0
distance_remaining: 19.766082763671875

Feedback:
    current_pose:
  header:
    stamp:
      sec: 835
      nanosec: 180000000
    frame_id: map
  pose:
    position:
      x: -12.993348957081068
      y: -0.009187695484191849
      z: 0.0
    orientation:
      x: 0.0
      y: 0.0
      z: 0.025240940774737115
      w: 0.9996813967003717
navigation_time:
  sec: 5
  nanosec: 984000000
estimated_time_remaining:
  sec: 0
  nanosec: 0
number_of_recoveries: 0
distance_remaining: 19.766082763671875

Feedback:
    current_pose:
  header:
    stamp:
      sec: 835
      nanosec: 180000000
    frame_id: map
  pose:
    position:
      x: -12.993348957081068
      y: -0.009187695484191849
      z: 0.0
    orientation:
      x: 0.0
      y: 0.0
      z: 0.025240940774737115
      w: 0.9996813967003717
navigation_time:
  sec: 5
  nanosec: 984000000
estimated_time_remaining:
  sec: 0
  nanosec: 0
number_of_recoveries: 0
distance_remaining: 19.766082763671875

Feedback:
    current_pose:
  header:
    stamp:
      sec: 835
      nanosec: 180000000
    frame_id: map
  pose:
    position:
      x: -12.993348957081068
      y: -0.009187695484191849
      z: 0.0
    orientation:
      x: 0.0
      y: 0.0
      z: 0.025240940774737115
      w: 0.9996813967003717
navigation_time:
  sec: 6
  nanosec: 0
estimated_time_remaining:
  sec: 0
  nanosec: 0
number_of_recoveries: 0
distance_remaining: 19.766082763671875

Feedback:
    current_pose:
  header:
    stamp:
      sec: 835
      nanosec: 200000000
    frame_id: map
  pose:
    position:
      x: -12.993443244978437
      y: -0.009192465847664977
      z: 0.0
    orientation:
      x: 0.0
      y: 0.0
      z: 0.025292665491206276
      w: 0.9996800893647677
navigation_time:
  sec: 6
  nanosec: 20000000
estimated_time_remaining:
  sec: 0
  nanosec: 0
number_of_recoveries: 0
distance_remaining: 19.766082763671875

Feedback:
    current_pose:
  header:
    stamp:
      sec: 835
      nanosec: 200000000
    frame_id: map
  pose:
    position:
      x: -12.993443244978437
      y: -0.009192465847664977
      z: 0.0
    orientation:
      x: 0.0
      y: 0.0
      z: 0.025292665491206276
      w: 0.9996800893647677
navigation_time:
  sec: 6
  nanosec: 20000000
estimated_time_remaining:
  sec: 0
  nanosec: 0
number_of_recoveries: 0
distance_remaining: 19.766082763671875

Feedback:
    current_pose:
  header:
    stamp:
      sec: 835
      nanosec: 200000000
    frame_id: map
  pose:
    position:
      x: -12.993443244978437
      y: -0.009192465847664977
      z: 0.0
    orientation:
      x: 0.0
      y: 0.0
      z: 0.025292665491206276
      w: 0.9996800893647677
navigation_time:
  sec: 6
  nanosec: 20000000
estimated_time_remaining:
  sec: 0
  nanosec: 0
number_of_recoveries: 0
distance_remaining: 19.766082763671875

Feedback:
    current_pose:
  header:
    stamp:
      sec: 835
      nanosec: 200000000
    frame_id: map
  pose:
    position:
      x: -12.993443244978437
      y: -0.009192465847664977
      z: 0.0
    orientation:
      x: 0.0
      y: 0.0
      z: 0.025292665491206276
      w: 0.9996800893647677
navigation_time:
  sec: 6
  nanosec: 20000000
estimated_time_remaining:
  sec: 0
  nanosec: 0
number_of_recoveries: 0
distance_remaining: 19.766082763671875

Feedback:
    current_pose:
  header:
    stamp:
      sec: 835
      nanosec: 200000000
    frame_id: map
  pose:
    position:
      x: -12.993443244978437
      y: -0.009192465847664977
      z: 0.0
    orientation:
      x: 0.0
      y: 0.0
      z: 0.025292665491206276
      w: 0.9996800893647677
navigation_time:
  sec: 6
  nanosec: 20000000
estimated_time_remaining:
  sec: 0
  nanosec: 0
number_of_recoveries: 0
distance_remaining: 19.766082763671875

Feedback:
    current_pose:
  header:
    stamp:
      sec: 835
      nanosec: 220000000
    frame_id: map
  pose:
    position:
      x: -12.99356619929685
      y: -0.009198692733839664
      z: 0.0
    orientation:
      x: 0.0
      y: 0.0
      z: 0.025302605378940596
      w: 0.9996798378286108
navigation_time:
  sec: 6
  nanosec: 40000000
estimated_time_remaining:
  sec: 0
  nanosec: 0
number_of_recoveries: 0
distance_remaining: 19.766082763671875

Feedback:
    current_pose:
  header:
    stamp:
      sec: 835
      nanosec: 240000000
    frame_id: map
  pose:
    position:
      x: -12.993816204016682
      y: -0.00921138165020885
      z: 0.0
    orientation:
      x: 0.0
      y: 0.0
      z: 0.02542282784861675
      w: 0.9996767876789875
navigation_time:
  sec: 6
  nanosec: 52000000
estimated_time_remaining:
  sec: 0
  nanosec: 0
number_of_recoveries: 0
distance_remaining: 19.766082763671875

Feedback:
    current_pose:
  header:
    stamp:
      sec: 835
      nanosec: 240000000
    frame_id: map
  pose:
    position:
      x: -12.993816204016682
      y: -0.00921138165020885
      z: 0.0
    orientation:
      x: 0.0
      y: 0.0
      z: 0.02542282784861675
      w: 0.9996767876789875
navigation_time:
  sec: 6
  nanosec: 52000000
estimated_time_remaining:
  sec: 0
  nanosec: 0
number_of_recoveries: 0
distance_remaining: 19.766082763671875

Feedback:
    current_pose:
  header:
    stamp:
      sec: 835
      nanosec: 240000000
    frame_id: map
  pose:
    position:
      x: -12.993816204016682
      y: -0.00921138165020885
      z: 0.0
    orientation:
      x: 0.0
      y: 0.0
      z: 0.02542282784861675
      w: 0.9996767876789875
navigation_time:
  sec: 6
  nanosec: 52000000
estimated_time_remaining:
  sec: 0
  nanosec: 0
number_of_recoveries: 0
distance_remaining: 19.766082763671875

Feedback:
    current_pose:
  header:
    stamp:
      sec: 835
      nanosec: 240000000
    frame_id: map
  pose:
    position:
      x: -12.993816204016682
      y: -0.00921138165020885
      z: 0.0
    orientation:
      x: 0.0
      y: 0.0
      z: 0.02542282784861675
      w: 0.9996767876789875
navigation_time:
  sec: 6
  nanosec: 60000000
estimated_time_remaining:
  sec: 0
  nanosec: 0
number_of_recoveries: 0
distance_remaining: 19.766082763671875

Feedback:
    current_pose:
  header:
    stamp:
      sec: 835
      nanosec: 280000000
    frame_id: map
  pose:
    position:
      x: -12.994534793253479
      y: -0.009248244894404678
      z: 0.0
    orientation:
      x: 0.0
      y: 0.0
      z: 0.025802305846206817
      w: 0.9996670650836802
navigation_time:
  sec: 6
  nanosec: 84000000
estimated_time_remaining:
  sec: 0
  nanosec: 0
number_of_recoveries: 0
distance_remaining: 19.766082763671875

Feedback:
    current_pose:
  header:
    stamp:
      sec: 835
      nanosec: 280000000
    frame_id: map
  pose:
    position:
      x: -12.994534793253479
      y: -0.009248244894404678
      z: 0.0
    orientation:
      x: 0.0
      y: 0.0
      z: 0.025802305846206817
      w: 0.9996670650836802
navigation_time:
  sec: 6
  nanosec: 84000000
estimated_time_remaining:
  sec: 0
  nanosec: 0
number_of_recoveries: 0
distance_remaining: 19.766082763671875

Feedback:
    current_pose:
  header:
    stamp:
      sec: 835
      nanosec: 280000000
    frame_id: map
  pose:
    position:
      x: -12.994534793253479
      y: -0.009248244894404678
      z: 0.0
    orientation:
      x: 0.0
      y: 0.0
      z: 0.025802305846206817
      w: 0.9996670650836802
navigation_time:
  sec: 6
  nanosec: 84000000
estimated_time_remaining:
  sec: 0
  nanosec: 0
number_of_recoveries: 0
distance_remaining: 19.766082763671875

Feedback:
    current_pose:
  header:
    stamp:
      sec: 835
      nanosec: 280000000
    frame_id: map
  pose:
    position:
      x: -12.994534793253479
      y: -0.009248244894404678
      z: 0.0
    orientation:
      x: 0.0
      y: 0.0
      z: 0.025802305846206817
      w: 0.9996670650836802
navigation_time:
  sec: 6
  nanosec: 96000000
estimated_time_remaining:
  sec: 0
  nanosec: 0
number_of_recoveries: 0
distance_remaining: 19.766082763671875

Feedback:
    current_pose:
  header:
    stamp:
      sec: 835
      nanosec: 300000000
    frame_id: map
  pose:
    position:
      x: -12.994948351584327
      y: -0.009269684041370851
      z: 0.0
    orientation:
      x: 0.0
      y: 0.0
      z: 0.02600648079889508
      w: 0.9996617742799094
navigation_time:
  sec: 6
  nanosec: 120000000
estimated_time_remaining:
  sec: 0
  nanosec: 0
number_of_recoveries: 0
distance_remaining: 19.766082763671875

Feedback:
    current_pose:
  header:
    stamp:
      sec: 835
      nanosec: 300000000
    frame_id: map
  pose:
    position:
      x: -12.994948351584327
      y: -0.009269684041370851
      z: 0.0
    orientation:
      x: 0.0
      y: 0.0
      z: 0.02600648079889508
      w: 0.9996617742799094
navigation_time:
  sec: 6
  nanosec: 120000000
estimated_time_remaining:
  sec: 0
  nanosec: 0
number_of_recoveries: 0
distance_remaining: 19.766082763671875

Feedback:
    current_pose:
  header:
    stamp:
      sec: 835
      nanosec: 300000000
    frame_id: map
  pose:
    position:
      x: -12.994948351584327
      y: -0.009269684041370851
      z: 0.0
    orientation:
      x: 0.0
      y: 0.0
      z: 0.02600648079889508
      w: 0.9996617742799094
navigation_time:
  sec: 6
  nanosec: 120000000
estimated_time_remaining:
  sec: 0
  nanosec: 0
number_of_recoveries: 0
distance_remaining: 19.766082763671875

Feedback:
    current_pose:
  header:
    stamp:
      sec: 835
      nanosec: 300000000
    frame_id: map
  pose:
    position:
      x: -12.994948351584327
      y: -0.009269684041370851
      z: 0.0
    orientation:
      x: 0.0
      y: 0.0
      z: 0.02600648079889508
      w: 0.9996617742799094
navigation_time:
  sec: 6
  nanosec: 120000000
estimated_time_remaining:
  sec: 0
  nanosec: 0
number_of_recoveries: 0
distance_remaining: 19.766082763671875

Feedback:
    current_pose:
  header:
    stamp:
      sec: 835
      nanosec: 300000000
    frame_id: map
  pose:
    position:
      x: -12.994948351584327
      y: -0.009269684041370851
      z: 0.0
    orientation:
      x: 0.0
      y: 0.0
      z: 0.02600648079889508
      w: 0.9996617742799094
navigation_time:
  sec: 6
  nanosec: 120000000
estimated_time_remaining:
  sec: 0
  nanosec: 0
number_of_recoveries: 0
distance_remaining: 19.766082763671875

Feedback:
    current_pose:
  header:
    stamp:
      sec: 835
      nanosec: 340000000
    frame_id: map
  pose:
    position:
      x: -12.995755974736127
      y: -0.009312220845263397
      z: 0.0
    orientation:
      x: 0.0
      y: 0.0
      z: 0.026603202425264618
      w: 0.9996460721779086
navigation_time:
  sec: 6
  nanosec: 152000000
estimated_time_remaining:
  sec: 0
  nanosec: 0
number_of_recoveries: 0
distance_remaining: 19.766082763671875

Feedback:
    current_pose:
  header:
    stamp:
      sec: 835
      nanosec: 340000000
    frame_id: map
  pose:
    position:
      x: -12.995755974736127
      y: -0.009312220845263397
      z: 0.0
    orientation:
      x: 0.0
      y: 0.0
      z: 0.026603202425264618
      w: 0.9996460721779086
navigation_time:
  sec: 6
  nanosec: 152000000
estimated_time_remaining:
  sec: 0
  nanosec: 0
number_of_recoveries: 0
distance_remaining: 19.766082763671875

Feedback:
    current_pose:
  header:
    stamp:
      sec: 835
      nanosec: 340000000
    frame_id: map
  pose:
    position:
      x: -12.995755974736127
      y: -0.009312220845263397
      z: 0.0
    orientation:
      x: 0.0
      y: 0.0
      z: 0.026603202425264618
      w: 0.9996460721779086
navigation_time:
  sec: 6
  nanosec: 152000000
estimated_time_remaining:
  sec: 0
  nanosec: 0
number_of_recoveries: 0
distance_remaining: 19.766082763671875

Feedback:
    current_pose:
  header:
    stamp:
      sec: 835
      nanosec: 340000000
    frame_id: map
  pose:
    position:
      x: -12.995755974736127
      y: -0.009312220845263397
      z: 0.0
    orientation:
      x: 0.0
      y: 0.0
      z: 0.026603202425264618
      w: 0.9996460721779086
navigation_time:
  sec: 6
  nanosec: 152000000
estimated_time_remaining:
  sec: 0
  nanosec: 0
number_of_recoveries: 0
distance_remaining: 19.766082763671875

Feedback:
    current_pose:
  header:
    stamp:
      sec: 835
      nanosec: 360000000
    frame_id: map
  pose:
    position:
      x: -12.99617078665915
      y: -0.009334437568137233
      z: 0.0
    orientation:
      x: 0.0
      y: 0.0
      z: 0.026897835454345518
      w: 0.9996381877698906
navigation_time:
  sec: 6
  nanosec: 180000000
estimated_time_remaining:
  sec: 0
  nanosec: 0
number_of_recoveries: 0
distance_remaining: 19.766082763671875

Feedback:
    current_pose:
  header:
    stamp:
      sec: 835
      nanosec: 360000000
    frame_id: map
  pose:
    position:
      x: -12.99617078665915
      y: -0.009334437568137233
      z: 0.0
    orientation:
      x: 0.0
      y: 0.0
      z: 0.026897835454345518
      w: 0.9996381877698906
navigation_time:
  sec: 6
  nanosec: 180000000
estimated_time_remaining:
  sec: 0
  nanosec: 0
number_of_recoveries: 0
distance_remaining: 19.766082763671875

Feedback:
    current_pose:
  header:
    stamp:
      sec: 835
      nanosec: 360000000
    frame_id: map
  pose:
    position:
      x: -12.99617078665915
      y: -0.009334437568137233
      z: 0.0
    orientation:
      x: 0.0
      y: 0.0
      z: 0.026897835454345518
      w: 0.9996381877698906
navigation_time:
  sec: 6
  nanosec: 180000000
estimated_time_remaining:
  sec: 0
  nanosec: 0
number_of_recoveries: 0
distance_remaining: 19.766082763671875

Feedback:
    current_pose:
  header:
    stamp:
      sec: 835
      nanosec: 360000000
    frame_id: map
  pose:
    position:
      x: -12.99617078665915
      y: -0.009334437568137233
      z: 0.0
    orientation:
      x: 0.0
      y: 0.0
      z: 0.026897835454345518
      w: 0.9996381877698906
navigation_time:
  sec: 6
  nanosec: 180000000
estimated_time_remaining:
  sec: 0
  nanosec: 0
number_of_recoveries: 0
distance_remaining: 19.766082763671875

Feedback:
    current_pose:
  header:
    stamp:
      sec: 835
      nanosec: 360000000
    frame_id: map
  pose:
    position:
      x: -12.99617078665915
      y: -0.009334437568137233
      z: 0.0
    orientation:
      x: 0.0
      y: 0.0
      z: 0.026897835454345518
      w: 0.9996381877698906
navigation_time:
  sec: 6
  nanosec: 180000000
estimated_time_remaining:
  sec: 0
  nanosec: 0
number_of_recoveries: 0
distance_remaining: 19.766082763671875

Feedback:
    current_pose:
  header:
    stamp:
      sec: 835
      nanosec: 400000000
    frame_id: map
  pose:
    position:
      x: -12.996673305485572
      y: -0.009361717328813413
      z: 0.0
    orientation:
      x: 0.0
      y: 0.0
      z: 0.027342876092835703
      w: 0.9996261136679911
navigation_time:
  sec: 6
  nanosec: 200000000
estimated_time_remaining:
  sec: 0
  nanosec: 0
number_of_recoveries: 0
distance_remaining: 19.766082763671875

Feedback:
    current_pose:
  header:
    stamp:
      sec: 835
      nanosec: 400000000
    frame_id: map
  pose:
    position:
      x: -12.996673305485572
      y: -0.009361717328813413
      z: 0.0
    orientation:
      x: 0.0
      y: 0.0
      z: 0.027342876092835703
      w: 0.9996261136679911
navigation_time:
  sec: 6
  nanosec: 200000000
estimated_time_remaining:
  sec: 0
  nanosec: 0
number_of_recoveries: 0
distance_remaining: 19.766082763671875

Feedback:
    current_pose:
  header:
    stamp:
      sec: 835
      nanosec: 400000000
    frame_id: map
  pose:
    position:
      x: -12.996673305485572
      y: -0.009361717328813413
      z: 0.0
    orientation:
      x: 0.0
      y: 0.0
      z: 0.027342876092835703
      w: 0.9996261136679911
navigation_time:
  sec: 6
  nanosec: 200000000
estimated_time_remaining:
  sec: 0
  nanosec: 0
number_of_recoveries: 0
distance_remaining: 19.766082763671875

Feedback:
    current_pose:
  header:
    stamp:
      sec: 835
      nanosec: 420000000
    frame_id: map
  pose:
    position:
      x: -12.997003930284095
      y: -0.00937992978882285
      z: 0.0
    orientation:
      x: 0.0
      y: 0.0
      z: 0.02767954420891044
      w: 0.9996168480134712
navigation_time:
  sec: 6
  nanosec: 228000000
estimated_time_remaining:
  sec: 0
  nanosec: 0
number_of_recoveries: 0
distance_remaining: 19.766082763671875

Feedback:
    current_pose:
  header:
    stamp:
      sec: 835
      nanosec: 420000000
    frame_id: map
  pose:
    position:
      x: -12.997003930284095
      y: -0.00937992978882285
      z: 0.0
    orientation:
      x: 0.0
      y: 0.0
      z: 0.02767954420891044
      w: 0.9996168480134712
navigation_time:
  sec: 6
  nanosec: 236000000
estimated_time_remaining:
  sec: 0
  nanosec: 0
number_of_recoveries: 0
distance_remaining: 19.766082763671875

Feedback:
    current_pose:
  header:
    stamp:
      sec: 835
      nanosec: 440000000
    frame_id: map
  pose:
    position:
      x: -12.997180960509255
      y: -0.009389778781052627
      z: 0.0
    orientation:
      x: 0.0
      y: 0.0
      z: 0.02798124240308916
      w: 0.9996084483804544
navigation_time:
  sec: 6
  nanosec: 244000000
estimated_time_remaining:
  sec: 1814
  nanosec: 682232638
number_of_recoveries: 0
distance_remaining: 19.766082763671875

Feedback:
    current_pose:
  header:
    stamp:
      sec: 835
      nanosec: 440000000
    frame_id: map
  pose:
    position:
      x: -12.997180960509255
      y: -0.009389778781052627
      z: 0.0
    orientation:
      x: 0.0
      y: 0.0
      z: 0.02798124240308916
      w: 0.9996084483804544
navigation_time:
  sec: 6
  nanosec: 248000000
estimated_time_remaining:
  sec: 1814
  nanosec: 682232638
number_of_recoveries: 0
distance_remaining: 19.766082763671875

Feedback:
    current_pose:
  header:
    stamp:
      sec: 835
      nanosec: 440000000
    frame_id: map
  pose:
    position:
      x: -12.997180960509255
      y: -0.009389778781052627
      z: 0.0
    orientation:
      x: 0.0
      y: 0.0
      z: 0.02798124240308916
      w: 0.9996084483804544
navigation_time:
  sec: 6
  nanosec: 248000000
estimated_time_remaining:
  sec: 1814
  nanosec: 682232638
number_of_recoveries: 0
distance_remaining: 19.766082763671875

Feedback:
    current_pose:
  header:
    stamp:
      sec: 835
      nanosec: 440000000
    frame_id: map
  pose:
    position:
      x: -12.997180960509255
      y: -0.009389778781052627
      z: 0.0
    orientation:
      x: 0.0
      y: 0.0
      z: 0.02798124240308916
      w: 0.9996084483804544
navigation_time:
  sec: 6
  nanosec: 248000000
estimated_time_remaining:
  sec: 1814
  nanosec: 682232638
number_of_recoveries: 0
distance_remaining: 19.766082763671875

Feedback:
    current_pose:
  header:
    stamp:
      sec: 835
      nanosec: 440000000
    frame_id: map
  pose:
    position:
      x: -12.997180960509255
      y: -0.009389778781052627
      z: 0.0
    orientation:
      x: 0.0
      y: 0.0
      z: 0.02798124240308916
      w: 0.9996084483804544
navigation_time:
  sec: 6
  nanosec: 248000000
estimated_time_remaining:
  sec: 1814
  nanosec: 682232638
number_of_recoveries: 0
distance_remaining: 19.766082763671875

Feedback:
    current_pose:
  header:
    stamp:
      sec: 835
      nanosec: 440000000
    frame_id: map
  pose:
    position:
      x: -12.997180960509255
      y: -0.009389778781052627
      z: 0.0
    orientation:
      x: 0.0
      y: 0.0
      z: 0.02798124240308916
      w: 0.9996084483804544
navigation_time:
  sec: 6
  nanosec: 256000000
estimated_time_remaining:
  sec: 1814
  nanosec: 682232638
number_of_recoveries: 0
distance_remaining: 19.766082763671875

Feedback:
    current_pose:
  header:
    stamp:
      sec: 835
      nanosec: 480000000
    frame_id: map
  pose:
    position:
      x: -12.997216596062032
      y: -0.009391754535037933
      z: 0.0
    orientation:
      x: 0.0
      y: 0.0
      z: 0.028768128435926174
      w: 0.9995861117414018
navigation_time:
  sec: 6
  nanosec: 284000000
estimated_time_remaining:
  sec: 1613
  nanosec: 190718194
number_of_recoveries: 0
distance_remaining: 19.766082763671875

Feedback:
    current_pose:
  header:
    stamp:
      sec: 835
      nanosec: 480000000
    frame_id: map
  pose:
    position:
      x: -12.997216596062032
      y: -0.009391754535037933
      z: 0.0
    orientation:
      x: 0.0
      y: 0.0
      z: 0.028768128435926174
      w: 0.9995861117414018
navigation_time:
  sec: 6
  nanosec: 284000000
estimated_time_remaining:
  sec: 1613
  nanosec: 190718194
number_of_recoveries: 0
distance_remaining: 19.766082763671875

Feedback:
    current_pose:
  header:
    stamp:
      sec: 835
      nanosec: 480000000
    frame_id: map
  pose:
    position:
      x: -12.997216596062032
      y: -0.009391754535037933
      z: 0.0
    orientation:
      x: 0.0
      y: 0.0
      z: 0.028768128435926174
      w: 0.9995861117414018
navigation_time:
  sec: 6
  nanosec: 284000000
estimated_time_remaining:
  sec: 1613
  nanosec: 190718194
number_of_recoveries: 0
distance_remaining: 19.766082763671875

Feedback:
    current_pose:
  header:
    stamp:
      sec: 835
      nanosec: 480000000
    frame_id: map
  pose:
    position:
      x: -12.997216596062032
      y: -0.009391754535037933
      z: 0.0
    orientation:
      x: 0.0
      y: 0.0
      z: 0.028768128435926174
      w: 0.9995861117414018
navigation_time:
  sec: 6
  nanosec: 284000000
estimated_time_remaining:
  sec: 1613
  nanosec: 190718194
number_of_recoveries: 0
distance_remaining: 19.766082763671875

Feedback:
    current_pose:
  header:
    stamp:
      sec: 835
      nanosec: 500000000
    frame_id: map
  pose:
    position:
      x: -12.99717870538504
      y: -0.009389552837410164
      z: 0.0
    orientation:
      x: 0.0
      y: 0.0
      z: 0.029278457963438365
      w: 0.9995712940552481
navigation_time:
  sec: 6
  nanosec: 300000000
estimated_time_remaining:
  sec: 1622
  nanosec: 805384302
number_of_recoveries: 0
distance_remaining: 19.766082763671875

Feedback:
    current_pose:
  header:
    stamp:
      sec: 835
      nanosec: 500000000
    frame_id: map
  pose:
    position:
      x: -12.99717870538504
      y: -0.009389552837410164
      z: 0.0
    orientation:
      x: 0.0
      y: 0.0
      z: 0.029278457963438365
      w: 0.9995712940552481
navigation_time:
  sec: 6
  nanosec: 316000000
estimated_time_remaining:
  sec: 1622
  nanosec: 805384302
number_of_recoveries: 0
distance_remaining: 19.766082763671875

Feedback:
    current_pose:
  header:
    stamp:
      sec: 835
      nanosec: 500000000
    frame_id: map
  pose:
    position:
      x: -12.99717870538504
      y: -0.009389552837410164
      z: 0.0
    orientation:
      x: 0.0
      y: 0.0
      z: 0.029278457963438365
      w: 0.9995712940552481
navigation_time:
  sec: 6
  nanosec: 316000000
estimated_time_remaining:
  sec: 1622
  nanosec: 805384302
number_of_recoveries: 0
distance_remaining: 19.766082763671875

Feedback:
    current_pose:
  header:
    stamp:
      sec: 835
      nanosec: 500000000
    frame_id: map
  pose:
    position:
      x: -12.99717870538504
      y: -0.009389552837410164
      z: 0.0
    orientation:
      x: 0.0
      y: 0.0
      z: 0.029278457963438365
      w: 0.9995712940552481
navigation_time:
  sec: 6
  nanosec: 316000000
estimated_time_remaining:
  sec: 1622
  nanosec: 805384302
number_of_recoveries: 0
distance_remaining: 19.766082763671875

Feedback:
    current_pose:
  header:
    stamp:
      sec: 835
      nanosec: 500000000
    frame_id: map
  pose:
    position:
      x: -12.99717870538504
      y: -0.009389552837410164
      z: 0.0
    orientation:
      x: 0.0
      y: 0.0
      z: 0.029278457963438365
      w: 0.9995712940552481
navigation_time:
  sec: 6
  nanosec: 316000000
estimated_time_remaining:
  sec: 1622
  nanosec: 805384302
number_of_recoveries: 0
distance_remaining: 19.766082763671875

Feedback:
    current_pose:
  header:
    stamp:
      sec: 835
      nanosec: 540000000
    frame_id: map
  pose:
    position:
      x: -12.997098727285064
      y: -0.009384768272752808
      z: 0.0
    orientation:
      x: 0.0
      y: 0.0
      z: 0.030308645177387062
      w: 0.9995405874838256
navigation_time:
  sec: 6
  nanosec: 344000000
estimated_time_remaining:
  sec: 1746
  nanosec: 174344229
number_of_recoveries: 0
distance_remaining: 19.766082763671875

Feedback:
    current_pose:
  header:
    stamp:
      sec: 835
      nanosec: 540000000
    frame_id: map
  pose:
    position:
      x: -12.997098727285064
      y: -0.009384768272752808
      z: 0.0
    orientation:
      x: 0.0
      y: 0.0
      z: 0.030308645177387062
      w: 0.9995405874838256
navigation_time:
  sec: 6
  nanosec: 348000000
estimated_time_remaining:
  sec: 1746
  nanosec: 174344229
number_of_recoveries: 0
distance_remaining: 19.766082763671875

Feedback:
    current_pose:
  header:
    stamp:
      sec: 835
      nanosec: 540000000
    frame_id: map
  pose:
    position:
      x: -12.997098727285064
      y: -0.009384768272752808
      z: 0.0
    orientation:
      x: 0.0
      y: 0.0
      z: 0.030308645177387062
      w: 0.9995405874838256
navigation_time:
  sec: 6
  nanosec: 348000000
estimated_time_remaining:
  sec: 1746
  nanosec: 174344229
number_of_recoveries: 0
distance_remaining: 19.766082763671875

Feedback:
    current_pose:
  header:
    stamp:
      sec: 835
      nanosec: 540000000
    frame_id: map
  pose:
    position:
      x: -12.997098727285064
      y: -0.009384768272752808
      z: 0.0
    orientation:
      x: 0.0
      y: 0.0
      z: 0.030308645177387062
      w: 0.9995405874838256
navigation_time:
  sec: 6
  nanosec: 348000000
estimated_time_remaining:
  sec: 1746
  nanosec: 174344229
number_of_recoveries: 0
distance_remaining: 19.766082763671875

Feedback:
    current_pose:
  header:
    stamp:
      sec: 835
      nanosec: 560000000
    frame_id: map
  pose:
    position:
      x: -12.996999898251644
      y: -0.009378720429214837
      z: 0.0
    orientation:
      x: 0.0
      y: 0.0
      z: 0.030800631890535776
      w: 0.9995255479852146
navigation_time:
  sec: 6
  nanosec: 376000000
estimated_time_remaining:
  sec: 1880
  nanosec: 941005102
number_of_recoveries: 0
distance_remaining: 19.766082763671875

Feedback:
    current_pose:
  header:
    stamp:
      sec: 835
      nanosec: 560000000
    frame_id: map
  pose:
    position:
      x: -12.996999898251644
      y: -0.009378720429214837
      z: 0.0
    orientation:
      x: 0.0
      y: 0.0
      z: 0.030800631890535776
      w: 0.9995255479852146
navigation_time:
  sec: 6
  nanosec: 380000000
estimated_time_remaining:
  sec: 1880
  nanosec: 941005102
number_of_recoveries: 0
distance_remaining: 19.766082763671875

Feedback:
    current_pose:
  header:
    stamp:
      sec: 835
      nanosec: 560000000
    frame_id: map
  pose:
    position:
      x: -12.996999898251644
      y: -0.009378720429214837
      z: 0.0
    orientation:
      x: 0.0
      y: 0.0
      z: 0.030800631890535776
      w: 0.9995255479852146
navigation_time:
  sec: 6
  nanosec: 380000000
estimated_time_remaining:
  sec: 1880
  nanosec: 941005102
number_of_recoveries: 0
distance_remaining: 19.766082763671875

Feedback:
    current_pose:
  header:
    stamp:
      sec: 835
      nanosec: 580000000
    frame_id: map
  pose:
    position:
      x: -12.996907266482665
      y: -0.009372963247429311
      z: 0.0
    orientation:
      x: 0.0
      y: 0.0
      z: 0.03125912199641501
      w: 0.99951131423912
navigation_time:
  sec: 6
  nanosec: 400000000
estimated_time_remaining:
  sec: 0
  nanosec: 0
number_of_recoveries: 0
distance_remaining: 19.766082763671875

Feedback:
    current_pose:
  header:
    stamp:
      sec: 835
      nanosec: 600000000
    frame_id: map
  pose:
    position:
      x: -12.996823926415459
      y: -0.009367711146969881
      z: 0.0
    orientation:
      x: 0.0
      y: 0.0
      z: 0.03166737241367012
      w: 0.9994984629925221
navigation_time:
  sec: 6
  nanosec: 400000000
estimated_time_remaining:
  sec: 0
  nanosec: 0
number_of_recoveries: 0
distance_remaining: 19.766082763671875

Feedback:
    current_pose:
  header:
    stamp:
      sec: 835
      nanosec: 600000000
    frame_id: map
  pose:
    position:
      x: -12.996823926415459
      y: -0.009367711146969881
      z: 0.0
    orientation:
      x: 0.0
      y: 0.0
      z: 0.03166737241367012
      w: 0.9994984629925221
navigation_time:
  sec: 6
  nanosec: 400000000
estimated_time_remaining:
  sec: 0
  nanosec: 0
number_of_recoveries: 0
distance_remaining: 19.766082763671875

Feedback:
    current_pose:
  header:
    stamp:
      sec: 835
      nanosec: 600000000
    frame_id: map
  pose:
    position:
      x: -12.996823926415459
      y: -0.009367711146969881
      z: 0.0
    orientation:
      x: 0.0
      y: 0.0
      z: 0.03166737241367012
      w: 0.9994984629925221
navigation_time:
  sec: 6
  nanosec: 400000000
estimated_time_remaining:
  sec: 0
  nanosec: 0
number_of_recoveries: 0
distance_remaining: 19.766082763671875

Feedback:
    current_pose:
  header:
    stamp:
      sec: 835
      nanosec: 600000000
    frame_id: map
  pose:
    position:
      x: -12.996823926415459
      y: -0.009367711146969881
      z: 0.0
    orientation:
      x: 0.0
      y: 0.0
      z: 0.03166737241367012
      w: 0.9994984629925221
navigation_time:
  sec: 6
  nanosec: 400000000
estimated_time_remaining:
  sec: 0
  nanosec: 0
number_of_recoveries: 0
distance_remaining: 19.766082763671875

Feedback:
    current_pose:
  header:
    stamp:
      sec: 835
      nanosec: 600000000
    frame_id: map
  pose:
    position:
      x: -12.996823926415459
      y: -0.009367711146969881
      z: 0.0
    orientation:
      x: 0.0
      y: 0.0
      z: 0.03166737241367012
      w: 0.9994984629925221
navigation_time:
  sec: 6
  nanosec: 400000000
estimated_time_remaining:
  sec: 0
  nanosec: 0
number_of_recoveries: 0
distance_remaining: 19.766082763671875

Feedback:
    current_pose:
  header:
    stamp:
      sec: 835
      nanosec: 620000000
    frame_id: map
  pose:
    position:
      x: -12.997203438791459
      y: -0.008317159463020474
      z: 0.0
    orientation:
      x: 0.0
      y: 0.0
      z: 0.031993050501236665
      w: 0.9994880913345718
navigation_time:
  sec: 6
  nanosec: 432000000
estimated_time_remaining:
  sec: 0
  nanosec: 0
number_of_recoveries: 0
distance_remaining: 19.766082763671875

Feedback:
    current_pose:
  header:
    stamp:
      sec: 835
      nanosec: 620000000
    frame_id: map
  pose:
    position:
      x: -12.997203438791459
      y: -0.008317159463020474
      z: 0.0
    orientation:
      x: 0.0
      y: 0.0
      z: 0.031993050501236665
      w: 0.9994880913345718
navigation_time:
  sec: 6
  nanosec: 440000000
estimated_time_remaining:
  sec: 0
  nanosec: 0
number_of_recoveries: 0
distance_remaining: 19.766082763671875

Feedback:
    current_pose:
  header:
    stamp:
      sec: 835
      nanosec: 640000000
    frame_id: map
  pose:
    position:
      x: -12.997605760901322
      y: -0.0072681449223797046
      z: 0.0
    orientation:
      x: 0.0
      y: 0.0
      z: 0.0322843180090668
      w: 0.9994787255418143
navigation_time:
  sec: 6
  nanosec: 444000000
estimated_time_remaining:
  sec: 0
  nanosec: 0
number_of_recoveries: 0
distance_remaining: 19.766082763671875

Feedback:
    current_pose:
  header:
    stamp:
      sec: 835
      nanosec: 640000000
    frame_id: map
  pose:
    position:
      x: -12.997605760901322
      y: -0.0072681449223797046
      z: 0.0
    orientation:
      x: 0.0
      y: 0.0
      z: 0.0322843180090668
      w: 0.9994787255418143
navigation_time:
  sec: 6
  nanosec: 444000000
estimated_time_remaining:
  sec: 0
  nanosec: 0
number_of_recoveries: 0
distance_remaining: 19.766082763671875

Feedback:
    current_pose:
  header:
    stamp:
      sec: 835
      nanosec: 640000000
    frame_id: map
  pose:
    position:
      x: -12.997605760901322
      y: -0.0072681449223797046
      z: 0.0
    orientation:
      x: 0.0
      y: 0.0
      z: 0.0322843180090668
      w: 0.9994787255418143
navigation_time:
  sec: 6
  nanosec: 444000000
estimated_time_remaining:
  sec: 0
  nanosec: 0
number_of_recoveries: 0
distance_remaining: 19.766082763671875

Feedback:
    current_pose:
  header:
    stamp:
      sec: 835
      nanosec: 640000000
    frame_id: map
  pose:
    position:
      x: -12.997605760901322
      y: -0.0072681449223797046
      z: 0.0
    orientation:
      x: 0.0
      y: 0.0
      z: 0.0322843180090668
      w: 0.9994787255418143
navigation_time:
  sec: 6
  nanosec: 444000000
estimated_time_remaining:
  sec: 0
  nanosec: 0
number_of_recoveries: 0
distance_remaining: 19.766082763671875

Feedback:
    current_pose:
  header:
    stamp:
      sec: 835
      nanosec: 640000000
    frame_id: map
  pose:
    position:
      x: -12.997605760901322
      y: -0.0072681449223797046
      z: 0.0
    orientation:
      x: 0.0
      y: 0.0
      z: 0.0322843180090668
      w: 0.9994787255418143
navigation_time:
  sec: 6
  nanosec: 460000000
estimated_time_remaining:
  sec: 0
  nanosec: 0
number_of_recoveries: 0
distance_remaining: 19.766082763671875

Feedback:
    current_pose:
  header:
    stamp:
      sec: 835
      nanosec: 680000000
    frame_id: map
  pose:
    position:
      x: -12.998444501021538
      y: -0.005172602128013182
      z: 0.0
    orientation:
      x: 0.0
      y: 0.0
      z: 0.032884546799533565
      w: 0.9994591570353383
navigation_time:
  sec: 6
  nanosec: 480000000
estimated_time_remaining:
  sec: 0
  nanosec: 0
number_of_recoveries: 0
distance_remaining: 19.766082763671875

Feedback:
    current_pose:
  header:
    stamp:
      sec: 835
      nanosec: 680000000
    frame_id: map
  pose:
    position:
      x: -12.998444501021538
      y: -0.005172602128013182
      z: 0.0
    orientation:
      x: 0.0
      y: 0.0
      z: 0.032884546799533565
      w: 0.9994591570353383
navigation_time:
  sec: 6
  nanosec: 480000000
estimated_time_remaining:
  sec: 0
  nanosec: 0
number_of_recoveries: 0
distance_remaining: 19.766082763671875

Feedback:
    current_pose:
  header:
    stamp:
      sec: 835
      nanosec: 680000000
    frame_id: map
  pose:
    position:
      x: -12.998444501021538
      y: -0.005172602128013182
      z: 0.0
    orientation:
      x: 0.0
      y: 0.0
      z: 0.032884546799533565
      w: 0.9994591570353383
navigation_time:
  sec: 6
  nanosec: 480000000
estimated_time_remaining:
  sec: 0
  nanosec: 0
number_of_recoveries: 0
distance_remaining: 19.766082763671875

Feedback:
    current_pose:
  header:
    stamp:
      sec: 835
      nanosec: 700000000
    frame_id: map
  pose:
    position:
      x: -12.99888748038903
      y: -0.004126533868587856
      z: 0.0
    orientation:
      x: 0.0
      y: 0.0
      z: 0.033207896266565645
      w: 0.9994484657177422
navigation_time:
  sec: 6
  nanosec: 508000000
estimated_time_remaining:
  sec: 0
  nanosec: 0
number_of_recoveries: 0
distance_remaining: 19.766082763671875

Feedback:
    current_pose:
  header:
    stamp:
      sec: 835
      nanosec: 700000000
    frame_id: map
  pose:
    position:
      x: -12.99888748038903
      y: -0.004126533868587856
      z: 0.0
    orientation:
      x: 0.0
      y: 0.0
      z: 0.033207896266565645
      w: 0.9994484657177422
navigation_time:
  sec: 6
  nanosec: 516000000
estimated_time_remaining:
  sec: 0
  nanosec: 0
number_of_recoveries: 0
distance_remaining: 19.766082763671875

Feedback:
    current_pose:
  header:
    stamp:
      sec: 835
      nanosec: 700000000
    frame_id: map
  pose:
    position:
      x: -12.99888748038903
      y: -0.004126533868587856
      z: 0.0
    orientation:
      x: 0.0
      y: 0.0
      z: 0.033207896266565645
      w: 0.9994484657177422
navigation_time:
  sec: 6
  nanosec: 520000000
estimated_time_remaining:
  sec: 0
  nanosec: 0
number_of_recoveries: 0
distance_remaining: 19.766082763671875

Feedback:
    current_pose:
  header:
    stamp:
      sec: 835
      nanosec: 700000000
    frame_id: map
  pose:
    position:
      x: -12.99888748038903
      y: -0.004126533868587856
      z: 0.0
    orientation:
      x: 0.0
      y: 0.0
      z: 0.033207896266565645
      w: 0.9994484657177422
navigation_time:
  sec: 6
  nanosec: 520000000
estimated_time_remaining:
  sec: 0
  nanosec: 0
number_of_recoveries: 0
distance_remaining: 19.766082763671875

Feedback:
    current_pose:
  header:
    stamp:
      sec: 835
      nanosec: 700000000
    frame_id: map
  pose:
    position:
      x: -12.99888748038903
      y: -0.004126533868587856
      z: 0.0
    orientation:
      x: 0.0
      y: 0.0
      z: 0.033207896266565645
      w: 0.9994484657177422
navigation_time:
  sec: 6
  nanosec: 520000000
estimated_time_remaining:
  sec: 0
  nanosec: 0
number_of_recoveries: 0
distance_remaining: 19.766082763671875

Feedback:
    current_pose:
  header:
    stamp:
      sec: 835
      nanosec: 700000000
    frame_id: map
  pose:
    position:
      x: -12.99888748038903
      y: -0.004126533868587856
      z: 0.0
    orientation:
      x: 0.0
      y: 0.0
      z: 0.033207896266565645
      w: 0.9994484657177422
navigation_time:
  sec: 6
  nanosec: 520000000
estimated_time_remaining:
  sec: 0
  nanosec: 0
number_of_recoveries: 0
distance_remaining: 19.766082763671875

Feedback:
    current_pose:
  header:
    stamp:
      sec: 835
      nanosec: 720000000
    frame_id: map
  pose:
    position:
      x: -12.999446067860731
      y: -0.0030883286414464806
      z: 0.0
    orientation:
      x: 0.0
      y: 0.0
      z: 0.033610590802059644
      w: 0.9994350044830013
navigation_time:
  sec: 6
  nanosec: 532000000
estimated_time_remaining:
  sec: 0
  nanosec: 0
number_of_recoveries: 0
distance_remaining: 19.766082763671875

Feedback:
    current_pose:
  header:
    stamp:
      sec: 835
      nanosec: 740000000
    frame_id: map
  pose:
    position:
      x: -13.000034057819093
      y: -0.0020523338220961307
      z: 0.0
    orientation:
      x: 0.0
      y: 0.0
      z: 0.034033116753261726
      w: 0.9994207056910812
navigation_time:
  sec: 6
  nanosec: 552000000
estimated_time_remaining:
  sec: 0
  nanosec: 0
number_of_recoveries: 0
distance_remaining: 19.766082763671875

Feedback:
    current_pose:
  header:
    stamp:
      sec: 835
      nanosec: 740000000
    frame_id: map
  pose:
    position:
      x: -13.000034057819093
      y: -0.0020523338220961307
      z: 0.0
    orientation:
      x: 0.0
      y: 0.0
      z: 0.034033116753261726
      w: 0.9994207056910812
navigation_time:
  sec: 6
  nanosec: 552000000
estimated_time_remaining:
  sec: 0
  nanosec: 0
number_of_recoveries: 0
distance_remaining: 19.766082763671875

Feedback:
    current_pose:
  header:
    stamp:
      sec: 835
      nanosec: 740000000
    frame_id: map
  pose:
    position:
      x: -13.000034057819093
      y: -0.0020523338220961307
      z: 0.0
    orientation:
      x: 0.0
      y: 0.0
      z: 0.034033116753261726
      w: 0.9994207056910812
navigation_time:
  sec: 6
  nanosec: 552000000
estimated_time_remaining:
  sec: 0
  nanosec: 0
number_of_recoveries: 0
distance_remaining: 19.766082763671875

Feedback:
    current_pose:
  header:
    stamp:
      sec: 835
      nanosec: 740000000
    frame_id: map
  pose:
    position:
      x: -13.000034057819093
      y: -0.0020523338220961307
      z: 0.0
    orientation:
      x: 0.0
      y: 0.0
      z: 0.034033116753261726
      w: 0.9994207056910812
navigation_time:
  sec: 6
  nanosec: 560000000
estimated_time_remaining:
  sec: 0
  nanosec: 0
number_of_recoveries: 0
distance_remaining: 19.766082763671875

Feedback:
    current_pose:
  header:
    stamp:
      sec: 835
      nanosec: 760000000
    frame_id: map
  pose:
    position:
      x: -13.000478331585867
      y: -0.001006713269946502
      z: 0.0
    orientation:
      x: 0.0
      y: 0.0
      z: 0.03441414912595588
      w: 0.999407657735289
navigation_time:
  sec: 6
  nanosec: 576000000
estimated_time_remaining:
  sec: 0
  nanosec: 0
number_of_recoveries: 0
distance_remaining: 19.766082763671875

Feedback:
    current_pose:
  header:
    stamp:
      sec: 835
      nanosec: 760000000
    frame_id: map
  pose:
    position:
      x: -13.000478331585867
      y: -0.001006713269946502
      z: 0.0
    orientation:
      x: 0.0
      y: 0.0
      z: 0.03441414912595588
      w: 0.999407657735289
navigation_time:
  sec: 6
  nanosec: 576000000
estimated_time_remaining:
  sec: 0
  nanosec: 0
number_of_recoveries: 0
distance_remaining: 19.766082763671875

Feedback:
    current_pose:
  header:
    stamp:
      sec: 835
      nanosec: 760000000
    frame_id: map
  pose:
    position:
      x: -13.000478331585867
      y: -0.001006713269946502
      z: 0.0
    orientation:
      x: 0.0
      y: 0.0
      z: 0.03441414912595588
      w: 0.999407657735289
navigation_time:
  sec: 6
  nanosec: 576000000
estimated_time_remaining:
  sec: 0
  nanosec: 0
number_of_recoveries: 0
distance_remaining: 19.766082763671875

Feedback:
    current_pose:
  header:
    stamp:
      sec: 835
      nanosec: 780000000
    frame_id: map
  pose:
    position:
      x: -13.000887188455508
      y: 4.124235371172347e-05
      z: 0.0
    orientation:
      x: 0.0
      y: 0.0
      z: 0.034784804729045125
      w: 0.9993948255619307
navigation_time:
  sec: 6
  nanosec: 596000000
estimated_time_remaining:
  sec: 0
  nanosec: 0
number_of_recoveries: 0
distance_remaining: 19.766082763671875

Feedback:
    current_pose:
  header:
    stamp:
      sec: 835
      nanosec: 800000000
    frame_id: map
  pose:
    position:
      x: -13.00118246248688
      y: 0.0010971029927127063
      z: 0.0
    orientation:
      x: 0.0
      y: 0.0
      z: 0.035334360487368974
      w: 0.9993755465133959
navigation_time:
  sec: 6
  nanosec: 600000000
estimated_time_remaining:
  sec: 0
  nanosec: 0
number_of_recoveries: 0
distance_remaining: 19.766082763671875

Feedback:
    current_pose:
  header:
    stamp:
      sec: 835
      nanosec: 800000000
    frame_id: map
  pose:
    position:
      x: -13.00118246248688
      y: 0.0010971029927127063
      z: 0.0
    orientation:
      x: 0.0
      y: 0.0
      z: 0.035334360487368974
      w: 0.9993755465133959
navigation_time:
  sec: 6
  nanosec: 600000000
estimated_time_remaining:
  sec: 0
  nanosec: 0
number_of_recoveries: 0
distance_remaining: 19.766082763671875

Feedback:
    current_pose:
  header:
    stamp:
      sec: 835
      nanosec: 800000000
    frame_id: map
  pose:
    position:
      x: -13.00118246248688
      y: 0.0010971029927127063
      z: 0.0
    orientation:
      x: 0.0
      y: 0.0
      z: 0.035334360487368974
      w: 0.9993755465133959
navigation_time:
  sec: 6
  nanosec: 600000000
estimated_time_remaining:
  sec: 0
  nanosec: 0
number_of_recoveries: 0
distance_remaining: 19.766082763671875

Feedback:
    current_pose:
  header:
    stamp:
      sec: 835
      nanosec: 800000000
    frame_id: map
  pose:
    position:
      x: -13.00118246248688
      y: 0.0010971029927127063
      z: 0.0
    orientation:
      x: 0.0
      y: 0.0
      z: 0.035334360487368974
      w: 0.9993755465133959
navigation_time:
  sec: 6
  nanosec: 612000000
estimated_time_remaining:
  sec: 0
  nanosec: 0
number_of_recoveries: 0
distance_remaining: 19.766082763671875

Feedback:
    current_pose:
  header:
    stamp:
      sec: 835
      nanosec: 840000000
    frame_id: map
  pose:
    position:
      x: -13.001025029457324
      y: 0.0011083689799420426
      z: 0.0
    orientation:
      x: 0.0
      y: 0.0
      z: 0.036141438089691266
      w: 0.9993466848160396
navigation_time:
  sec: 6
  nanosec: 644000000
estimated_time_remaining:
  sec: 0
  nanosec: 0
number_of_recoveries: 0
distance_remaining: 19.766082763671875

Feedback:
    current_pose:
  header:
    stamp:
      sec: 835
      nanosec: 840000000
    frame_id: map
  pose:
    position:
      x: -13.001025029457324
      y: 0.0011083689799420426
      z: 0.0
    orientation:
      x: 0.0
      y: 0.0
      z: 0.036141438089691266
      w: 0.9993466848160396
navigation_time:
  sec: 6
  nanosec: 648000000
estimated_time_remaining:
  sec: 0
  nanosec: 0
number_of_recoveries: 0
distance_remaining: 19.766082763671875

Feedback:
    current_pose:
  header:
    stamp:
      sec: 835
      nanosec: 840000000
    frame_id: map
  pose:
    position:
      x: -13.001025029457324
      y: 0.0011083689799420426
      z: 0.0
    orientation:
      x: 0.0
      y: 0.0
      z: 0.036141438089691266
      w: 0.9993466848160396
navigation_time:
  sec: 6
  nanosec: 648000000
estimated_time_remaining:
  sec: 0
  nanosec: 0
number_of_recoveries: 0
distance_remaining: 19.766082763671875

Feedback:
    current_pose:
  header:
    stamp:
      sec: 835
      nanosec: 840000000
    frame_id: map
  pose:
    position:
      x: -13.001025029457324
      y: 0.0011083689799420426
      z: 0.0
    orientation:
      x: 0.0
      y: 0.0
      z: 0.036141438089691266
      w: 0.9993466848160396
navigation_time:
  sec: 6
  nanosec: 648000000
estimated_time_remaining:
  sec: 0
  nanosec: 0
number_of_recoveries: 0
distance_remaining: 19.766082763671875

Feedback:
    current_pose:
  header:
    stamp:
      sec: 835
      nanosec: 840000000
    frame_id: map
  pose:
    position:
      x: -13.001025029457324
      y: 0.0011083689799420426
      z: 0.0
    orientation:
      x: 0.0
      y: 0.0
      z: 0.036141438089691266
      w: 0.9993466848160396
navigation_time:
  sec: 6
  nanosec: 648000000
estimated_time_remaining:
  sec: 0
  nanosec: 0
number_of_recoveries: 0
distance_remaining: 19.766082763671875

Feedback:
    current_pose:
  header:
    stamp:
      sec: 835
      nanosec: 860000000
    frame_id: map
  pose:
    position:
      x: -13.00104944246236
      y: 0.0011065751137522284
      z: 0.0
    orientation:
      x: 0.0
      y: 0.0
      z: 0.03645011535154272
      w: 0.9993354737478597
navigation_time:
  sec: 6
  nanosec: 676000000
estimated_time_remaining:
  sec: 0
  nanosec: 0
number_of_recoveries: 0
distance_remaining: 19.766082763671875

Feedback:
    current_pose:
  header:
    stamp:
      sec: 835
      nanosec: 860000000
    frame_id: map
  pose:
    position:
      x: -13.00104944246236
      y: 0.0011065751137522284
      z: 0.0
    orientation:
      x: 0.0
      y: 0.0
      z: 0.03645011535154272
      w: 0.9993354737478597
navigation_time:
  sec: 6
  nanosec: 676000000
estimated_time_remaining:
  sec: 0
  nanosec: 0
number_of_recoveries: 0
distance_remaining: 19.766082763671875

Feedback:
    current_pose:
  header:
    stamp:
      sec: 835
      nanosec: 860000000
    frame_id: map
  pose:
    position:
      x: -13.00104944246236
      y: 0.0011065751137522284
      z: 0.0
    orientation:
      x: 0.0
      y: 0.0
      z: 0.03645011535154272
      w: 0.9993354737478597
navigation_time:
  sec: 6
  nanosec: 676000000
estimated_time_remaining:
  sec: 0
  nanosec: 0
number_of_recoveries: 0
distance_remaining: 19.766082763671875

Feedback:
    current_pose:
  header:
    stamp:
      sec: 835
      nanosec: 860000000
    frame_id: map
  pose:
    position:
      x: -13.00104944246236
      y: 0.0011065751137522284
      z: 0.0
    orientation:
      x: 0.0
      y: 0.0
      z: 0.03645011535154272
      w: 0.9993354737478597
navigation_time:
  sec: 6
  nanosec: 676000000
estimated_time_remaining:
  sec: 0
  nanosec: 0
number_of_recoveries: 0
distance_remaining: 19.766082763671875

Feedback:
    current_pose:
  header:
    stamp:
      sec: 835
      nanosec: 880000000
    frame_id: map
  pose:
    position:
      x: -13.001211840845514
      y: 0.0010946794154396144
      z: 0.0
    orientation:
      x: 0.0
      y: 0.0
      z: 0.03665311008052902
      w: 0.9993280490016401
navigation_time:
  sec: 6
  nanosec: 696000000
estimated_time_remaining:
  sec: 0
  nanosec: 0
number_of_recoveries: 0
distance_remaining: 19.766082763671875

Feedback:
    current_pose:
  header:
    stamp:
      sec: 835
      nanosec: 900000000
    frame_id: map
  pose:
    position:
      x: -13.001315264929914
      y: 0.0010870709844823523
      z: 0.0
    orientation:
      x: 0.0
      y: 0.0
      z: 0.03685621021628036
      w: 0.9993205790778519
navigation_time:
  sec: 6
  nanosec: 716000000
estimated_time_remaining:
  sec: 0
  nanosec: 0
number_of_recoveries: 0
distance_remaining: 19.766082763671875

Feedback:
    current_pose:
  header:
    stamp:
      sec: 835
      nanosec: 900000000
    frame_id: map
  pose:
    position:
      x: -13.001315264929914
      y: 0.0010870709844823523
      z: 0.0
    orientation:
      x: 0.0
      y: 0.0
      z: 0.03685621021628036
      w: 0.9993205790778519
navigation_time:
  sec: 6
  nanosec: 716000000
estimated_time_remaining:
  sec: 0
  nanosec: 0
number_of_recoveries: 0
distance_remaining: 19.766082763671875

Feedback:
    current_pose:
  header:
    stamp:
      sec: 835
      nanosec: 900000000
    frame_id: map
  pose:
    position:
      x: -13.001315264929914
      y: 0.0010870709844823523
      z: 0.0
    orientation:
      x: 0.0
      y: 0.0
      z: 0.03685621021628036
      w: 0.9993205790778519
navigation_time:
  sec: 6
  nanosec: 716000000
estimated_time_remaining:
  sec: 0
  nanosec: 0
number_of_recoveries: 0
distance_remaining: 19.766082763671875

Feedback:
    current_pose:
  header:
    stamp:
      sec: 835
      nanosec: 900000000
    frame_id: map
  pose:
    position:
      x: -13.001315264929914
      y: 0.0010870709844823523
      z: 0.0
    orientation:
      x: 0.0
      y: 0.0
      z: 0.03685621021628036
      w: 0.9993205790778519
navigation_time:
  sec: 6
  nanosec: 716000000
estimated_time_remaining:
  sec: 0
  nanosec: 0
number_of_recoveries: 0
distance_remaining: 19.766082763671875

Feedback:
    current_pose:
  header:
    stamp:
      sec: 835
      nanosec: 940000000
    frame_id: map
  pose:
    position:
      x: -13.001123885930213
      y: 0.0011012601272035738
      z: 0.0
    orientation:
      x: 0.0
      y: 0.0
      z: 0.03731049287988857
      w: 0.9993037211584171
navigation_time:
  sec: 6
  nanosec: 744000000
estimated_time_remaining:
  sec: 0
  nanosec: 0
number_of_recoveries: 0
distance_remaining: 19.766082763671875

Feedback:
    current_pose:
  header:
    stamp:
      sec: 835
      nanosec: 940000000
    frame_id: map
  pose:
    position:
      x: -13.001123885930213
      y: 0.0011012601272035738
      z: 0.0
    orientation:
      x: 0.0
      y: 0.0
      z: 0.03731049287988857
      w: 0.9993037211584171
navigation_time:
  sec: 6
  nanosec: 744000000
estimated_time_remaining:
  sec: 0
  nanosec: 0
number_of_recoveries: 0
distance_remaining: 19.766082763671875

Feedback:
    current_pose:
  header:
    stamp:
      sec: 835
      nanosec: 940000000
    frame_id: map
  pose:
    position:
      x: -13.001123885930213
      y: 0.0011012601272035738
      z: 0.0
    orientation:
      x: 0.0
      y: 0.0
      z: 0.03731049287988857
      w: 0.9993037211584171
navigation_time:
  sec: 6
  nanosec: 744000000
estimated_time_remaining:
  sec: 0
  nanosec: 0
number_of_recoveries: 0
distance_remaining: 19.766082763671875

Feedback:
    current_pose:
  header:
    stamp:
      sec: 835
      nanosec: 940000000
    frame_id: map
  pose:
    position:
      x: -13.001123885930213
      y: 0.0011012601272035738
      z: 0.0
    orientation:
      x: 0.0
      y: 0.0
      z: 0.03731049287988857
      w: 0.9993037211584171
navigation_time:
  sec: 6
  nanosec: 744000000
estimated_time_remaining:
  sec: 0
  nanosec: 0
number_of_recoveries: 0
distance_remaining: 19.766082763671875

Feedback:
    current_pose:
  header:
    stamp:
      sec: 835
      nanosec: 960000000
    frame_id: map
  pose:
    position:
      x: -13.001175245023092
      y: 0.0010974030155210812
      z: 0.0
    orientation:
      x: 0.0
      y: 0.0
      z: 0.03763209299896156
      w: 0.9992916619168387
navigation_time:
  sec: 6
  nanosec: 768000000
estimated_time_remaining:
  sec: 0
  nanosec: 0
number_of_recoveries: 0
distance_remaining: 19.766082763671875

Feedback:
    current_pose:
  header:
    stamp:
      sec: 835
      nanosec: 960000000
    frame_id: map
  pose:
    position:
      x: -13.001175245023092
      y: 0.0010974030155210812
      z: 0.0
    orientation:
      x: 0.0
      y: 0.0
      z: 0.03763209299896156
      w: 0.9992916619168387
navigation_time:
  sec: 6
  nanosec: 780000000
estimated_time_remaining:
  sec: 0
  nanosec: 0
number_of_recoveries: 0
distance_remaining: 19.766082763671875

Feedback:
    current_pose:
  header:
    stamp:
      sec: 835
      nanosec: 960000000
    frame_id: map
  pose:
    position:
      x: -13.001175245023092
      y: 0.0010974030155210812
      z: 0.0
    orientation:
      x: 0.0
      y: 0.0
      z: 0.03763209299896156
      w: 0.9992916619168387
navigation_time:
  sec: 6
  nanosec: 780000000
estimated_time_remaining:
  sec: 0
  nanosec: 0
number_of_recoveries: 0
distance_remaining: 19.766082763671875

Feedback:
    current_pose:
  header:
    stamp:
      sec: 835
      nanosec: 960000000
    frame_id: map
  pose:
    position:
      x: -13.001175245023092
      y: 0.0010974030155210812
      z: 0.0
    orientation:
      x: 0.0
      y: 0.0
      z: 0.03763209299896156
      w: 0.9992916619168387
navigation_time:
  sec: 6
  nanosec: 780000000
estimated_time_remaining:
  sec: 0
  nanosec: 0
number_of_recoveries: 0
distance_remaining: 19.766082763671875

Feedback:
    current_pose:
  header:
    stamp:
      sec: 835
      nanosec: 980000000
    frame_id: map
  pose:
    position:
      x: -13.001249260718183
      y: 0.001091796485944485
      z: 0.0
    orientation:
      x: 0.0
      y: 0.0
      z: 0.03789873984246669
      w: 0.9992815846989042
navigation_time:
  sec: 6
  nanosec: 796000000
estimated_time_remaining:
  sec: 0
  nanosec: 0
number_of_recoveries: 0
distance_remaining: 19.766082763671875

Feedback:
    current_pose:
  header:
    stamp:
      sec: 836
      nanosec: 0
    frame_id: map
  pose:
    position:
      x: -13.00133837948131
      y: 0.0010850062828335894
      z: 0.0
    orientation:
      x: 0.0
      y: 0.0
      z: 0.03812875131907131
      w: 0.9992728347767933
navigation_time:
  sec: 6
  nanosec: 800000000
estimated_time_remaining:
  sec: 0
  nanosec: 0
number_of_recoveries: 0
distance_remaining: 19.766082763671875

Feedback:
    current_pose:
  header:
    stamp:
      sec: 836
      nanosec: 0
    frame_id: map
  pose:
    position:
      x: -13.00133837948131
      y: 0.0010850062828335894
      z: 0.0
    orientation:
      x: 0.0
      y: 0.0
      z: 0.03812875131907131
      w: 0.9992728347767933
navigation_time:
  sec: 6
  nanosec: 800000000
estimated_time_remaining:
  sec: 0
  nanosec: 0
number_of_recoveries: 0
distance_remaining: 19.766082763671875

Feedback:
    current_pose:
  header:
    stamp:
      sec: 836
      nanosec: 0
    frame_id: map
  pose:
    position:
      x: -13.00133837948131
      y: 0.0010850062828335894
      z: 0.0
    orientation:
      x: 0.0
      y: 0.0
      z: 0.03812875131907131
      w: 0.9992728347767933
navigation_time:
  sec: 6
  nanosec: 800000000
estimated_time_remaining:
  sec: 0
  nanosec: 0
number_of_recoveries: 0
distance_remaining: 19.766082763671875

Feedback:
    current_pose:
  header:
    stamp:
      sec: 836
      nanosec: 20000000
    frame_id: map
  pose:
    position:
      x: -13.001340042356262
      y: 0.0010848821574604983
      z: 0.0
    orientation:
      x: 0.0
      y: 0.0
      z: 0.03831536181100472
      w: 0.9992656969241422
navigation_time:
  sec: 6
  nanosec: 820000000
estimated_time_remaining:
  sec: 0
  nanosec: 0
number_of_recoveries: 0
distance_remaining: 19.766082763671875

Feedback:
    current_pose:
  header:
    stamp:
      sec: 836
      nanosec: 40000000
    frame_id: map
  pose:
    position:
      x: -13.001319842219516
      y: 0.0010864371009056129
      z: 0.0
    orientation:
      x: 0.0
      y: 0.0
      z: 0.038491121270316474
      w: 0.9992589422083518
navigation_time:
  sec: 6
  nanosec: 844000000
estimated_time_remaining:
  sec: 0
  nanosec: 0
number_of_recoveries: 0
distance_remaining: 19.766082763671875

Feedback:
    current_pose:
  header:
    stamp:
      sec: 836
      nanosec: 40000000
    frame_id: map
  pose:
    position:
      x: -13.001319842219516
      y: 0.0010864371009056129
      z: 0.0
    orientation:
      x: 0.0
      y: 0.0
      z: 0.038491121270316474
      w: 0.9992589422083518
navigation_time:
  sec: 6
  nanosec: 844000000
estimated_time_remaining:
  sec: 0
  nanosec: 0
number_of_recoveries: 0
distance_remaining: 19.766082763671875

Feedback:
    current_pose:
  header:
    stamp:
      sec: 836
      nanosec: 40000000
    frame_id: map
  pose:
    position:
      x: -13.001319842219516
      y: 0.0010864371009056129
      z: 0.0
    orientation:
      x: 0.0
      y: 0.0
      z: 0.038491121270316474
      w: 0.9992589422083518
navigation_time:
  sec: 6
  nanosec: 844000000
estimated_time_remaining:
  sec: 0
  nanosec: 0
number_of_recoveries: 0
distance_remaining: 19.766082763671875

Feedback:
    current_pose:
  header:
    stamp:
      sec: 836
      nanosec: 40000000
    frame_id: map
  pose:
    position:
      x: -13.001319842219516
      y: 0.0010864371009056129
      z: 0.0
    orientation:
      x: 0.0
      y: 0.0
      z: 0.038491121270316474
      w: 0.9992589422083518
navigation_time:
  sec: 6
  nanosec: 844000000
estimated_time_remaining:
  sec: 0
  nanosec: 0
number_of_recoveries: 0
distance_remaining: 19.766082763671875

Feedback:
    current_pose:
  header:
    stamp:
      sec: 836
      nanosec: 40000000
    frame_id: map
  pose:
    position:
      x: -13.001319842219516
      y: 0.0010864371009056129
      z: 0.0
    orientation:
      x: 0.0
      y: 0.0
      z: 0.038491121270316474
      w: 0.9992589422083518
navigation_time:
  sec: 6
  nanosec: 844000000
estimated_time_remaining:
  sec: 0
  nanosec: 0
number_of_recoveries: 0
distance_remaining: 19.766082763671875

Feedback:
    current_pose:
  header:
    stamp:
      sec: 836
      nanosec: 60000000
    frame_id: map
  pose:
    position:
      x: -13.0013952551476
      y: 0.0010805991389730707
      z: 0.0
    orientation:
      x: 0.0
      y: 0.0
      z: 0.03874885460532972
      w: 0.9992489811187074
navigation_time:
  sec: 6
  nanosec: 876000000
estimated_time_remaining:
  sec: 0
  nanosec: 0
number_of_recoveries: 0
distance_remaining: 19.766082763671875

Feedback:
    current_pose:
  header:
    stamp:
      sec: 836
      nanosec: 60000000
    frame_id: map
  pose:
    position:
      x: -13.0013952551476
      y: 0.0010805991389730707
      z: 0.0
    orientation:
      x: 0.0
      y: 0.0
      z: 0.03874885460532972
      w: 0.9992489811187074
navigation_time:
  sec: 6
  nanosec: 876000000
estimated_time_remaining:
  sec: 0
  nanosec: 0
number_of_recoveries: 0
distance_remaining: 19.766082763671875

Feedback:
    current_pose:
  header:
    stamp:
      sec: 836
      nanosec: 60000000
    frame_id: map
  pose:
    position:
      x: -13.0013952551476
      y: 0.0010805991389730707
      z: 0.0
    orientation:
      x: 0.0
      y: 0.0
      z: 0.03874885460532972
      w: 0.9992489811187074
navigation_time:
  sec: 6
  nanosec: 876000000
estimated_time_remaining:
  sec: 0
  nanosec: 0
number_of_recoveries: 0
distance_remaining: 19.766082763671875

Feedback:
    current_pose:
  header:
    stamp:
      sec: 836
      nanosec: 60000000
    frame_id: map
  pose:
    position:
      x: -13.0013952551476
      y: 0.0010805991389730707
      z: 0.0
    orientation:
      x: 0.0
      y: 0.0
      z: 0.03874885460532972
      w: 0.9992489811187074
navigation_time:
  sec: 6
  nanosec: 876000000
estimated_time_remaining:
  sec: 0
  nanosec: 0
number_of_recoveries: 0
distance_remaining: 19.766082763671875

Feedback:
    current_pose:
  header:
    stamp:
      sec: 836
      nanosec: 80000000
    frame_id: map
  pose:
    position:
      x: -13.001441014845327
      y: 0.0010770375858246695
      z: 0.0
    orientation:
      x: 0.0
      y: 0.0
      z: 0.0390332747992835
      w: 0.9992379113396588
navigation_time:
  sec: 6
  nanosec: 896000000
estimated_time_remaining:
  sec: 0
  nanosec: 0
number_of_recoveries: 0
distance_remaining: 19.766082763671875

Feedback:
    current_pose:
  header:
    stamp:
      sec: 836
      nanosec: 100000000
    frame_id: map
  pose:
    position:
      x: -13.001442298273233
      y: 0.0010769367440985889
      z: 0.0
    orientation:
      x: 0.0
      y: 0.0
      z: 0.03935772549950396
      w: 0.9992251845522637
navigation_time:
  sec: 6
  nanosec: 908000000
estimated_time_remaining:
  sec: 0
  nanosec: 0
number_of_recoveries: 0
distance_remaining: 19.766082763671875

Feedback:
    current_pose:
  header:
    stamp:
      sec: 836
      nanosec: 100000000
    frame_id: map
  pose:
    position:
      x: -13.001442298273233
      y: 0.0010769367440985889
      z: 0.0
    orientation:
      x: 0.0
      y: 0.0
      z: 0.03935772549950396
      w: 0.9992251845522637
navigation_time:
  sec: 6
  nanosec: 908000000
estimated_time_remaining:
  sec: 0
  nanosec: 0
number_of_recoveries: 0
distance_remaining: 19.766082763671875

Feedback:
    current_pose:
  header:
    stamp:
      sec: 836
      nanosec: 120000000
    frame_id: map
  pose:
    position:
      x: -13.001517944400462
      y: 0.0010709311566987623
      z: 0.0
    orientation:
      x: 0.0
      y: 0.0
      z: 0.03965428636611658
      w: 0.999213459463389
navigation_time:
  sec: 6
  nanosec: 932000000
estimated_time_remaining:
  sec: 0
  nanosec: 0
number_of_recoveries: 0
distance_remaining: 19.766082763671875

Feedback:
    current_pose:
  header:
    stamp:
      sec: 836
      nanosec: 120000000
    frame_id: map
  pose:
    position:
      x: -13.001517944400462
      y: 0.0010709311566987623
      z: 0.0
    orientation:
      x: 0.0
      y: 0.0
      z: 0.03965428636611658
      w: 0.999213459463389
navigation_time:
  sec: 6
  nanosec: 940000000
estimated_time_remaining:
  sec: 0
  nanosec: 0
number_of_recoveries: 0
distance_remaining: 19.766082763671875

Feedback:
    current_pose:
  header:
    stamp:
      sec: 836
      nanosec: 120000000
    frame_id: map
  pose:
    position:
      x: -13.001517944400462
      y: 0.0010709311566987623
      z: 0.0
    orientation:
      x: 0.0
      y: 0.0
      z: 0.03965428636611658
      w: 0.999213459463389
navigation_time:
  sec: 6
  nanosec: 940000000
estimated_time_remaining:
  sec: 0
  nanosec: 0
number_of_recoveries: 0
distance_remaining: 19.766082763671875

Feedback:
    current_pose:
  header:
    stamp:
      sec: 836
      nanosec: 120000000
    frame_id: map
  pose:
    position:
      x: -13.001517944400462
      y: 0.0010709311566987623
      z: 0.0
    orientation:
      x: 0.0
      y: 0.0
      z: 0.03965428636611658
      w: 0.999213459463389
navigation_time:
  sec: 6
  nanosec: 940000000
estimated_time_remaining:
  sec: 0
  nanosec: 0
number_of_recoveries: 0
distance_remaining: 19.766082763671875

Feedback:
    current_pose:
  header:
    stamp:
      sec: 836
      nanosec: 140000000
    frame_id: map
  pose:
    position:
      x: -13.00170512933947
      y: 0.0010560026430095348
      z: 0.0
    orientation:
      x: 0.0
      y: 0.0
      z: 0.03990901560351637
      w: 0.9992033178855834
navigation_time:
  sec: 6
  nanosec: 944000000
estimated_time_remaining:
  sec: 0
  nanosec: 0
number_of_recoveries: 0
distance_remaining: 19.766082763671875

Feedback:
    current_pose:
  header:
    stamp:
      sec: 836
      nanosec: 160000000
    frame_id: map
  pose:
    position:
      x: -13.001989544773053
      y: 0.0010331489792960724
      z: 0.0
    orientation:
      x: 0.0
      y: 0.0
      z: 0.04024341240160613
      w: 0.9991899057527925
navigation_time:
  sec: 6
  nanosec: 972000000
estimated_time_remaining:
  sec: 0
  nanosec: 0
number_of_recoveries: 0
distance_remaining: 19.766082763671875

Feedback:
    current_pose:
  header:
    stamp:
      sec: 836
      nanosec: 160000000
    frame_id: map
  pose:
    position:
      x: -13.001989544773053
      y: 0.0010331489792960724
      z: 0.0
    orientation:
      x: 0.0
      y: 0.0
      z: 0.04024341240160613
      w: 0.9991899057527925
navigation_time:
  sec: 6
  nanosec: 976000000
estimated_time_remaining:
  sec: 0
  nanosec: 0
number_of_recoveries: 0
distance_remaining: 19.766082763671875

Feedback:
    current_pose:
  header:
    stamp:
      sec: 836
      nanosec: 160000000
    frame_id: map
  pose:
    position:
      x: -13.001989544773053
      y: 0.0010331489792960724
      z: 0.0
    orientation:
      x: 0.0
      y: 0.0
      z: 0.04024341240160613
      w: 0.9991899057527925
navigation_time:
  sec: 6
  nanosec: 976000000
estimated_time_remaining:
  sec: 0
  nanosec: 0
number_of_recoveries: 0
distance_remaining: 19.766082763671875

Feedback:
    current_pose:
  header:
    stamp:
      sec: 836
      nanosec: 160000000
    frame_id: map
  pose:
    position:
      x: -13.001989544773053
      y: 0.0010331489792960724
      z: 0.0
    orientation:
      x: 0.0
      y: 0.0
      z: 0.04024341240160613
      w: 0.9991899057527925
navigation_time:
  sec: 6
  nanosec: 976000000
estimated_time_remaining:
  sec: 0
  nanosec: 0
number_of_recoveries: 0
distance_remaining: 19.766082763671875

Feedback:
    current_pose:
  header:
    stamp:
      sec: 836
      nanosec: 160000000
    frame_id: map
  pose:
    position:
      x: -13.001989544773053
      y: 0.0010331489792960724
      z: 0.0
    orientation:
      x: 0.0
      y: 0.0
      z: 0.04024341240160613
      w: 0.9991899057527925
navigation_time:
  sec: 6
  nanosec: 976000000
estimated_time_remaining:
  sec: 0
  nanosec: 0
number_of_recoveries: 0
distance_remaining: 19.766082763671875

Feedback:
    current_pose:
  header:
    stamp:
      sec: 836
      nanosec: 160000000
    frame_id: map
  pose:
    position:
      x: -13.001989544773053
      y: 0.0010331489792960724
      z: 0.0
    orientation:
      x: 0.0
      y: 0.0
      z: 0.04024341240160613
      w: 0.9991899057527925
navigation_time:
  sec: 6
  nanosec: 980000000
estimated_time_remaining:
  sec: 0
  nanosec: 0
number_of_recoveries: 0
distance_remaining: 19.766082763671875

Feedback:
    current_pose:
  header:
    stamp:
      sec: 836
      nanosec: 200000000
    frame_id: map
  pose:
    position:
      x: -13.002599970102082
      y: 0.0009834591692996497
      z: 0.0
    orientation:
      x: 0.0
      y: 0.0
      z: 0.04097733190637455
      w: 0.9991600763990898
navigation_time:
  sec: 7
  nanosec: 0
estimated_time_remaining:
  sec: 0
  nanosec: 0
number_of_recoveries: 0
distance_remaining: 19.766082763671875

Feedback:
    current_pose:
  header:
    stamp:
      sec: 836
      nanosec: 200000000
    frame_id: map
  pose:
    position:
      x: -13.002599970102082
      y: 0.0009834591692996497
      z: 0.0
    orientation:
      x: 0.0
      y: 0.0
      z: 0.04097733190637455
      w: 0.9991600763990898
navigation_time:
  sec: 7
  nanosec: 0
estimated_time_remaining:
  sec: 0
  nanosec: 0
number_of_recoveries: 0
distance_remaining: 19.766082763671875

Feedback:
    current_pose:
  header:
    stamp:
      sec: 836
      nanosec: 200000000
    frame_id: map
  pose:
    position:
      x: -13.002599970102082
      y: 0.0009834591692996497
      z: 0.0
    orientation:
      x: 0.0
      y: 0.0
      z: 0.04097733190637455
      w: 0.9991600763990898
navigation_time:
  sec: 7
  nanosec: 0
estimated_time_remaining:
  sec: 0
  nanosec: 0
number_of_recoveries: 0
distance_remaining: 19.766082763671875

Feedback:
    current_pose:
  header:
    stamp:
      sec: 836
      nanosec: 200000000
    frame_id: map
  pose:
    position:
      x: -13.002599970102082
      y: 0.0009834591692996497
      z: 0.0
    orientation:
      x: 0.0
      y: 0.0
      z: 0.04097733190637455
      w: 0.9991600763990898
navigation_time:
  sec: 7
  nanosec: 0
estimated_time_remaining:
  sec: 0
  nanosec: 0
number_of_recoveries: 0
distance_remaining: 19.766082763671875

Feedback:
    current_pose:
  header:
    stamp:
      sec: 836
      nanosec: 220000000
    frame_id: map
  pose:
    position:
      x: -13.002934777433552
      y: 0.0009558106439602199
      z: 0.0
    orientation:
      x: 0.0
      y: 0.0
      z: 0.04135412232702691
      w: 0.9991445523879722
navigation_time:
  sec: 7
  nanosec: 36000000
estimated_time_remaining:
  sec: 0
  nanosec: 0
number_of_recoveries: 0
distance_remaining: 19.766082763671875

Feedback:
    current_pose:
  header:
    stamp:
      sec: 836
      nanosec: 220000000
    frame_id: map
  pose:
    position:
      x: -13.002934777433552
      y: 0.0009558106439602199
      z: 0.0
    orientation:
      x: 0.0
      y: 0.0
      z: 0.04135412232702691
      w: 0.9991445523879722
navigation_time:
  sec: 7
  nanosec: 40000000
estimated_time_remaining:
  sec: 0
  nanosec: 0
number_of_recoveries: 0
distance_remaining: 19.766082763671875

Feedback:
    current_pose:
  header:
    stamp:
      sec: 836
      nanosec: 220000000
    frame_id: map
  pose:
    position:
      x: -13.002934777433552
      y: 0.0009558106439602199
      z: 0.0
    orientation:
      x: 0.0
      y: 0.0
      z: 0.04135412232702691
      w: 0.9991445523879722
navigation_time:
  sec: 7
  nanosec: 40000000
estimated_time_remaining:
  sec: 0
  nanosec: 0
number_of_recoveries: 0
distance_remaining: 19.766082763671875

Feedback:
    current_pose:
  header:
    stamp:
      sec: 836
      nanosec: 220000000
    frame_id: map
  pose:
    position:
      x: -13.002934777433552
      y: 0.0009558106439602199
      z: 0.0
    orientation:
      x: 0.0
      y: 0.0
      z: 0.04135412232702691
      w: 0.9991445523879722
navigation_time:
  sec: 7
  nanosec: 40000000
estimated_time_remaining:
  sec: 0
  nanosec: 0
number_of_recoveries: 0
distance_remaining: 19.766082763671875

Feedback:
    current_pose:
  header:
    stamp:
      sec: 836
      nanosec: 260000000
    frame_id: map
  pose:
    position:
      x: -13.003905982257137
      y: 0.0008746007104338815
      z: 0.0
    orientation:
      x: 0.0
      y: 0.0
      z: 0.04202525516591574
      w: 0.9991165487210388
navigation_time:
  sec: 7
  nanosec: 64000000
estimated_time_remaining:
  sec: 0
  nanosec: 0
number_of_recoveries: 0
distance_remaining: 19.766082763671875

Feedback:
    current_pose:
  header:
    stamp:
      sec: 836
      nanosec: 260000000
    frame_id: map
  pose:
    position:
      x: -13.003905982257137
      y: 0.0008746007104338815
      z: 0.0
    orientation:
      x: 0.0
      y: 0.0
      z: 0.04202525516591574
      w: 0.9991165487210388
navigation_time:
  sec: 7
  nanosec: 76000000
estimated_time_remaining:
  sec: 0
  nanosec: 0
number_of_recoveries: 0
distance_remaining: 19.766082763671875

Feedback:
    current_pose:
  header:
    stamp:
      sec: 836
      nanosec: 260000000
    frame_id: map
  pose:
    position:
      x: -13.003905982257137
      y: 0.0008746007104338815
      z: 0.0
    orientation:
      x: 0.0
      y: 0.0
      z: 0.04202525516591574
      w: 0.9991165487210388
navigation_time:
  sec: 7
  nanosec: 76000000
estimated_time_remaining:
  sec: 0
  nanosec: 0
number_of_recoveries: 0
distance_remaining: 19.766082763671875

Feedback:
    current_pose:
  header:
    stamp:
      sec: 836
      nanosec: 260000000
    frame_id: map
  pose:
    position:
      x: -13.003905982257137
      y: 0.0008746007104338815
      z: 0.0
    orientation:
      x: 0.0
      y: 0.0
      z: 0.04202525516591574
      w: 0.9991165487210388
navigation_time:
  sec: 7
  nanosec: 76000000
estimated_time_remaining:
  sec: 0
  nanosec: 0
number_of_recoveries: 0
distance_remaining: 19.766082763671875

Feedback:
    current_pose:
  header:
    stamp:
      sec: 836
      nanosec: 260000000
    frame_id: map
  pose:
    position:
      x: -13.003905982257137
      y: 0.0008746007104338815
      z: 0.0
    orientation:
      x: 0.0
      y: 0.0
      z: 0.04202525516591574
      w: 0.9991165487210388
navigation_time:
  sec: 7
  nanosec: 76000000
estimated_time_remaining:
  sec: 0
  nanosec: 0
number_of_recoveries: 0
distance_remaining: 19.766082763671875

Feedback:
    current_pose:
  header:
    stamp:
      sec: 836
      nanosec: 260000000
    frame_id: map
  pose:
    position:
      x: -13.003905982257137
      y: 0.0008746007104338815
      z: 0.0
    orientation:
      x: 0.0
      y: 0.0
      z: 0.04202525516591574
      w: 0.9991165487210388
navigation_time:
  sec: 7
  nanosec: 76000000
estimated_time_remaining:
  sec: 0
  nanosec: 0
number_of_recoveries: 0
distance_remaining: 19.766082763671875

Feedback:
    current_pose:
  header:
    stamp:
      sec: 836
      nanosec: 300000000
    frame_id: map
  pose:
    position:
      x: -13.004881106377539
      y: 0.0007918390696648459
      z: 0.0
    orientation:
      x: 0.0
      y: 0.0
      z: 0.04270409021095986
      w: 0.9990877642525976
navigation_time:
  sec: 7
  nanosec: 108000000
estimated_time_remaining:
  sec: 0
  nanosec: 0
number_of_recoveries: 0
distance_remaining: 19.766082763671875

Feedback:
    current_pose:
  header:
    stamp:
      sec: 836
      nanosec: 300000000
    frame_id: map
  pose:
    position:
      x: -13.004881106377539
      y: 0.0007918390696648459
      z: 0.0
    orientation:
      x: 0.0
      y: 0.0
      z: 0.04270409021095986
      w: 0.9990877642525976
navigation_time:
  sec: 7
  nanosec: 108000000
estimated_time_remaining:
  sec: 0
  nanosec: 0
number_of_recoveries: 0
distance_remaining: 19.766082763671875

Feedback:
    current_pose:
  header:
    stamp:
      sec: 836
      nanosec: 300000000
    frame_id: map
  pose:
    position:
      x: -13.004881106377539
      y: 0.0007918390696648459
      z: 0.0
    orientation:
      x: 0.0
      y: 0.0
      z: 0.04270409021095986
      w: 0.9990877642525976
navigation_time:
  sec: 7
  nanosec: 108000000
estimated_time_remaining:
  sec: 0
  nanosec: 0
number_of_recoveries: 0
distance_remaining: 19.766082763671875

Feedback:
    current_pose:
  header:
    stamp:
      sec: 836
      nanosec: 300000000
    frame_id: map
  pose:
    position:
      x: -13.004881106377539
      y: 0.0007918390696648459
      z: 0.0
    orientation:
      x: 0.0
      y: 0.0
      z: 0.04270409021095986
      w: 0.9990877642525976
navigation_time:
  sec: 7
  nanosec: 108000000
estimated_time_remaining:
  sec: 0
  nanosec: 0
number_of_recoveries: 0
distance_remaining: 19.766082763671875

Feedback:
    current_pose:
  header:
    stamp:
      sec: 836
      nanosec: 320000000
    frame_id: map
  pose:
    position:
      x: -13.005193939694337
      y: 0.0007649117699202179
      z: 0.0
    orientation:
      x: 0.0
      y: 0.0
      z: 0.043133445443252136
      w: 0.9990693198593349
navigation_time:
  sec: 7
  nanosec: 124000000
estimated_time_remaining:
  sec: 1829
  nanosec: 868879958
number_of_recoveries: 0
distance_remaining: 19.766082763671875

Feedback:
    current_pose:
  header:
    stamp:
      sec: 836
      nanosec: 320000000
    frame_id: map
  pose:
    position:
      x: -13.005193939694337
      y: 0.0007649117699202179
      z: 0.0
    orientation:
      x: 0.0
      y: 0.0
      z: 0.043133445443252136
      w: 0.9990693198593349
navigation_time:
  sec: 7
  nanosec: 140000000
estimated_time_remaining:
  sec: 1829
  nanosec: 868879958
number_of_recoveries: 0
distance_remaining: 19.766082763671875

Feedback:
    current_pose:
  header:
    stamp:
      sec: 836
      nanosec: 320000000
    frame_id: map
  pose:
    position:
      x: -13.005193939694337
      y: 0.0007649117699202179
      z: 0.0
    orientation:
      x: 0.0
      y: 0.0
      z: 0.043133445443252136
      w: 0.9990693198593349
navigation_time:
  sec: 7
  nanosec: 140000000
estimated_time_remaining:
  sec: 1829
  nanosec: 868879958
number_of_recoveries: 0
distance_remaining: 19.766082763671875

Feedback:
    current_pose:
  header:
    stamp:
      sec: 836
      nanosec: 320000000
    frame_id: map
  pose:
    position:
      x: -13.005193939694337
      y: 0.0007649117699202179
      z: 0.0
    orientation:
      x: 0.0
      y: 0.0
      z: 0.043133445443252136
      w: 0.9990693198593349
navigation_time:
  sec: 7
  nanosec: 140000000
estimated_time_remaining:
  sec: 1829
  nanosec: 868879958
number_of_recoveries: 0
distance_remaining: 19.766082763671875

Feedback:
    current_pose:
  header:
    stamp:
      sec: 836
      nanosec: 340000000
    frame_id: map
  pose:
    position:
      x: -13.005469073951062
      y: 0.0007410210813549867
      z: 0.0
    orientation:
      x: 0.0
      y: 0.0
      z: 0.043438577235576925
      w: 0.9990560995298258
navigation_time:
  sec: 7
  nanosec: 144000000
estimated_time_remaining:
  sec: 1699
  nanosec: 26360618
number_of_recoveries: 0
distance_remaining: 19.766082763671875

Feedback:
    current_pose:
  header:
    stamp:
      sec: 836
      nanosec: 360000000
    frame_id: map
  pose:
    position:
      x: -13.005734775486147
      y: 0.0007177986702480155
      z: 0.0
    orientation:
      x: 0.0
      y: 0.0
      z: 0.04371265135283801
      w: 0.9990441452266787
navigation_time:
  sec: 7
  nanosec: 176000000
estimated_time_remaining:
  sec: 1572
  nanosec: 535216008
number_of_recoveries: 0
distance_remaining: 19.766082763671875

Feedback:
    current_pose:
  header:
    stamp:
      sec: 836
      nanosec: 360000000
    frame_id: map
  pose:
    position:
      x: -13.005734775486147
      y: 0.0007177986702480155
      z: 0.0
    orientation:
      x: 0.0
      y: 0.0
      z: 0.04371265135283801
      w: 0.9990441452266787
navigation_time:
  sec: 7
  nanosec: 176000000
estimated_time_remaining:
  sec: 1572
  nanosec: 535216008
number_of_recoveries: 0
distance_remaining: 19.766082763671875

Feedback:
    current_pose:
  header:
    stamp:
      sec: 836
      nanosec: 360000000
    frame_id: map
  pose:
    position:
      x: -13.005734775486147
      y: 0.0007177986702480155
      z: 0.0
    orientation:
      x: 0.0
      y: 0.0
      z: 0.04371265135283801
      w: 0.9990441452266787
navigation_time:
  sec: 7
  nanosec: 176000000
estimated_time_remaining:
  sec: 1572
  nanosec: 535216008
number_of_recoveries: 0
distance_remaining: 19.766082763671875

Feedback:
    current_pose:
  header:
    stamp:
      sec: 836
      nanosec: 360000000
    frame_id: map
  pose:
    position:
      x: -13.005734775486147
      y: 0.0007177986702480155
      z: 0.0
    orientation:
      x: 0.0
      y: 0.0
      z: 0.04371265135283801
      w: 0.9990441452266787
navigation_time:
  sec: 7
  nanosec: 176000000
estimated_time_remaining:
  sec: 1572
  nanosec: 535216008
number_of_recoveries: 0
distance_remaining: 19.766082763671875

Feedback:
    current_pose:
  header:
    stamp:
      sec: 836
      nanosec: 360000000
    frame_id: map
  pose:
    position:
      x: -13.005734775486147
      y: 0.0007177986702480155
      z: 0.0
    orientation:
      x: 0.0
      y: 0.0
      z: 0.04371265135283801
      w: 0.9990441452266787
navigation_time:
  sec: 7
  nanosec: 176000000
estimated_time_remaining:
  sec: 1572
  nanosec: 535216008
number_of_recoveries: 0
distance_remaining: 19.766082763671875

Feedback:
    current_pose:
  header:
    stamp:
      sec: 836
      nanosec: 400000000
    frame_id: map
  pose:
    position:
      x: -13.005599744566396
      y: 0.0007296663229876543
      z: 0.0
    orientation:
      x: 0.0
      y: 0.0
      z: 0.044014043682483954
      w: 0.9990309124139835
navigation_time:
  sec: 7
  nanosec: 200000000
estimated_time_remaining:
  sec: 1601
  nanosec: 230156425
number_of_recoveries: 0
distance_remaining: 19.766082763671875

Feedback:
    current_pose:
  header:
    stamp:
      sec: 836
      nanosec: 400000000
    frame_id: map
  pose:
    position:
      x: -13.005599744566396
      y: 0.0007296663229876543
      z: 0.0
    orientation:
      x: 0.0
      y: 0.0
      z: 0.044014043682483954
      w: 0.9990309124139835
navigation_time:
  sec: 7
  nanosec: 200000000
estimated_time_remaining:
  sec: 1601
  nanosec: 230156425
number_of_recoveries: 0
distance_remaining: 19.766082763671875

Feedback:
    current_pose:
  header:
    stamp:
      sec: 836
      nanosec: 400000000
    frame_id: map
  pose:
    position:
      x: -13.005599744566396
      y: 0.0007296663229876543
      z: 0.0
    orientation:
      x: 0.0
      y: 0.0
      z: 0.044014043682483954
      w: 0.9990309124139835
navigation_time:
  sec: 7
  nanosec: 200000000
estimated_time_remaining:
  sec: 1601
  nanosec: 230156425
number_of_recoveries: 0
distance_remaining: 19.766082763671875

Feedback:
    current_pose:
  header:
    stamp:
      sec: 836
      nanosec: 400000000
    frame_id: map
  pose:
    position:
      x: -13.005599744566396
      y: 0.0007296663229876543
      z: 0.0
    orientation:
      x: 0.0
      y: 0.0
      z: 0.044014043682483954
      w: 0.9990309124139835
navigation_time:
  sec: 7
  nanosec: 200000000
estimated_time_remaining:
  sec: 1601
  nanosec: 230156425
number_of_recoveries: 0
distance_remaining: 19.766082763671875

Feedback:
    current_pose:
  header:
    stamp:
      sec: 836
      nanosec: 400000000
    frame_id: map
  pose:
    position:
      x: -13.005599744566396
      y: 0.0007296663229876543
      z: 0.0
    orientation:
      x: 0.0
      y: 0.0
      z: 0.044014043682483954
      w: 0.9990309124139835
navigation_time:
  sec: 7
  nanosec: 216000000
estimated_time_remaining:
  sec: 1601
  nanosec: 230156425
number_of_recoveries: 0
distance_remaining: 19.766082763671875

Feedback:
    current_pose:
  header:
    stamp:
      sec: 836
      nanosec: 440000000
    frame_id: map
  pose:
    position:
      x: -13.005951041490576
      y: 0.0006985059921458259
      z: 0.0
    orientation:
      x: 0.0
      y: 0.0
      z: 0.044322058959948396
      w: 0.9990172946899123
navigation_time:
  sec: 7
  nanosec: 244000000
estimated_time_remaining:
  sec: 1537
  nanosec: 100954240
number_of_recoveries: 0
distance_remaining: 19.766082763671875

Feedback:
    current_pose:
  header:
    stamp:
      sec: 836
      nanosec: 440000000
    frame_id: map
  pose:
    position:
      x: -13.005951041490576
      y: 0.0006985059921458259
      z: 0.0
    orientation:
      x: 0.0
      y: 0.0
      z: 0.044322058959948396
      w: 0.9990172946899123
navigation_time:
  sec: 7
  nanosec: 244000000
estimated_time_remaining:
  sec: 1537
  nanosec: 100954240
number_of_recoveries: 0
distance_remaining: 19.766082763671875

Feedback:
    current_pose:
  header:
    stamp:
      sec: 836
      nanosec: 440000000
    frame_id: map
  pose:
    position:
      x: -13.005951041490576
      y: 0.0006985059921458259
      z: 0.0
    orientation:
      x: 0.0
      y: 0.0
      z: 0.044322058959948396
      w: 0.9990172946899123
navigation_time:
  sec: 7
  nanosec: 244000000
estimated_time_remaining:
  sec: 1537
  nanosec: 100954240
number_of_recoveries: 0
distance_remaining: 19.766082763671875

Feedback:
    current_pose:
  header:
    stamp:
      sec: 836
      nanosec: 440000000
    frame_id: map
  pose:
    position:
      x: -13.005951041490576
      y: 0.0006985059921458259
      z: 0.0
    orientation:
      x: 0.0
      y: 0.0
      z: 0.044322058959948396
      w: 0.9990172946899123
navigation_time:
  sec: 7
  nanosec: 244000000
estimated_time_remaining:
  sec: 1537
  nanosec: 100954240
number_of_recoveries: 0
distance_remaining: 19.766082763671875

Feedback:
    current_pose:
  header:
    stamp:
      sec: 836
      nanosec: 460000000
    frame_id: map
  pose:
    position:
      x: -13.006323892420966
      y: 0.0006653323452550097
      z: 0.0
    orientation:
      x: 0.0
      y: 0.0
      z: 0.044388110134809956
      w: 0.9990143620982933
navigation_time:
  sec: 7
  nanosec: 272000000
estimated_time_remaining:
  sec: 1472
  nanosec: 865886194
number_of_recoveries: 0
distance_remaining: 19.766082763671875

Feedback:
    current_pose:
  header:
    stamp:
      sec: 836
      nanosec: 460000000
    frame_id: map
  pose:
    position:
      x: -13.006323892420966
      y: 0.0006653323452550097
      z: 0.0
    orientation:
      x: 0.0
      y: 0.0
      z: 0.044388110134809956
      w: 0.9990143620982933
navigation_time:
  sec: 7
  nanosec: 272000000
estimated_time_remaining:
  sec: 1472
  nanosec: 865886194
number_of_recoveries: 0
distance_remaining: 19.766082763671875

Feedback:
    current_pose:
  header:
    stamp:
      sec: 836
      nanosec: 460000000
    frame_id: map
  pose:
    position:
      x: -13.006323892420966
      y: 0.0006653323452550097
      z: 0.0
    orientation:
      x: 0.0
      y: 0.0
      z: 0.044388110134809956
      w: 0.9990143620982933
navigation_time:
  sec: 7
  nanosec: 272000000
estimated_time_remaining:
  sec: 1472
  nanosec: 865886194
number_of_recoveries: 0
distance_remaining: 19.766082763671875

Feedback:
    current_pose:
  header:
    stamp:
      sec: 836
      nanosec: 460000000
    frame_id: map
  pose:
    position:
      x: -13.006323892420966
      y: 0.0006653323452550097
      z: 0.0
    orientation:
      x: 0.0
      y: 0.0
      z: 0.044388110134809956
      w: 0.9990143620982933
navigation_time:
  sec: 7
  nanosec: 272000000
estimated_time_remaining:
  sec: 1472
  nanosec: 865886194
number_of_recoveries: 0
distance_remaining: 19.766082763671875

Feedback:
    current_pose:
  header:
    stamp:
      sec: 836
      nanosec: 500000000
    frame_id: map
  pose:
    position:
      x: -13.006976289095533
      y: 0.0006071863121572818
      z: 0.0
    orientation:
      x: 0.0
      y: 0.0
      z: 0.0444593565796585
      w: 0.9990111939375469
navigation_time:
  sec: 7
  nanosec: 304000000
estimated_time_remaining:
  sec: 1418
  nanosec: 483374886
number_of_recoveries: 0
distance_remaining: 19.766082763671875

Feedback:
    current_pose:
  header:
    stamp:
      sec: 836
      nanosec: 500000000
    frame_id: map
  pose:
    position:
      x: -13.006976289095533
      y: 0.0006071863121572818
      z: 0.0
    orientation:
      x: 0.0
      y: 0.0
      z: 0.0444593565796585
      w: 0.9990111939375469
navigation_time:
  sec: 7
  nanosec: 308000000
estimated_time_remaining:
  sec: 1418
  nanosec: 483374886
number_of_recoveries: 0
distance_remaining: 19.766082763671875

Feedback:
    current_pose:
  header:
    stamp:
      sec: 836
      nanosec: 500000000
    frame_id: map
  pose:
    position:
      x: -13.006976289095533
      y: 0.0006071863121572818
      z: 0.0
    orientation:
      x: 0.0
      y: 0.0
      z: 0.0444593565796585
      w: 0.9990111939375469
navigation_time:
  sec: 7
  nanosec: 308000000
estimated_time_remaining:
  sec: 1418
  nanosec: 483374886
number_of_recoveries: 0
distance_remaining: 19.766082763671875

Feedback:
    current_pose:
  header:
    stamp:
      sec: 836
      nanosec: 500000000
    frame_id: map
  pose:
    position:
      x: -13.006976289095533
      y: 0.0006071863121572818
      z: 0.0
    orientation:
      x: 0.0
      y: 0.0
      z: 0.0444593565796585
      w: 0.9990111939375469
navigation_time:
  sec: 7
  nanosec: 308000000
estimated_time_remaining:
  sec: 1418
  nanosec: 483374886
number_of_recoveries: 0
distance_remaining: 19.766082763671875

Feedback:
    current_pose:
  header:
    stamp:
      sec: 836
      nanosec: 500000000
    frame_id: map
  pose:
    position:
      x: -13.006976289095533
      y: 0.0006071863121572818
      z: 0.0
    orientation:
      x: 0.0
      y: 0.0
      z: 0.0444593565796585
      w: 0.9990111939375469
navigation_time:
  sec: 7
  nanosec: 308000000
estimated_time_remaining:
  sec: 1418
  nanosec: 483374886
number_of_recoveries: 0
distance_remaining: 19.766082763671875

Feedback:
    current_pose:
  header:
    stamp:
      sec: 836
      nanosec: 520000000
    frame_id: map
  pose:
    position:
      x: -13.007268511503312
      y: 0.0005811167931657479
      z: 0.0
    orientation:
      x: 0.0
      y: 0.0
      z: 0.0444913591717826
      w: 0.9990097692010061
navigation_time:
  sec: 7
  nanosec: 324000000
estimated_time_remaining:
  sec: 1420
  nanosec: 461160599
number_of_recoveries: 0
distance_remaining: 19.766082763671875

Feedback:
    current_pose:
  header:
    stamp:
      sec: 836
      nanosec: 520000000
    frame_id: map
  pose:
    position:
      x: -13.007268511503312
      y: 0.0005811167931657479
      z: 0.0
    orientation:
      x: 0.0
      y: 0.0
      z: 0.0444913591717826
      w: 0.9990097692010061
navigation_time:
  sec: 7
  nanosec: 336000000
estimated_time_remaining:
  sec: 1420
  nanosec: 461160599
number_of_recoveries: 0
distance_remaining: 19.766082763671875

Feedback:
    current_pose:
  header:
    stamp:
      sec: 836
      nanosec: 520000000
    frame_id: map
  pose:
    position:
      x: -13.007268511503312
      y: 0.0005811167931657479
      z: 0.0
    orientation:
      x: 0.0
      y: 0.0
      z: 0.0444913591717826
      w: 0.9990097692010061
navigation_time:
  sec: 7
  nanosec: 336000000
estimated_time_remaining:
  sec: 1420
  nanosec: 461160599
number_of_recoveries: 0
distance_remaining: 19.766082763671875

Feedback:
    current_pose:
  header:
    stamp:
      sec: 836
      nanosec: 520000000
    frame_id: map
  pose:
    position:
      x: -13.007268511503312
      y: 0.0005811167931657479
      z: 0.0
    orientation:
      x: 0.0
      y: 0.0
      z: 0.0444913591717826
      w: 0.9990097692010061
navigation_time:
  sec: 7
  nanosec: 336000000
estimated_time_remaining:
  sec: 1420
  nanosec: 461160599
number_of_recoveries: 0
distance_remaining: 19.766082763671875

Feedback:
    current_pose:
  header:
    stamp:
      sec: 836
      nanosec: 520000000
    frame_id: map
  pose:
    position:
      x: -13.007268511503312
      y: 0.0005811167931657479
      z: 0.0
    orientation:
      x: 0.0
      y: 0.0
      z: 0.0444913591717826
      w: 0.9990097692010061
navigation_time:
  sec: 7
  nanosec: 340000000
estimated_time_remaining:
  sec: 1420
  nanosec: 461160599
number_of_recoveries: 0
distance_remaining: 19.766082763671875

Feedback:
    current_pose:
  header:
    stamp:
      sec: 836
      nanosec: 560000000
    frame_id: map
  pose:
    position:
      x: -13.007897980398582
      y: 0.000524876930727558
      z: 0.0
    orientation:
      x: 0.0
      y: 0.0
      z: 0.044600340503288115
      w: 0.9990049097111537
navigation_time:
  sec: 7
  nanosec: 376000000
estimated_time_remaining:
  sec: 1469
  nanosec: 855261958
number_of_recoveries: 0
distance_remaining: 19.766082763671875

Feedback:
    current_pose:
  header:
    stamp:
      sec: 836
      nanosec: 560000000
    frame_id: map
  pose:
    position:
      x: -13.007897980398582
      y: 0.000524876930727558
      z: 0.0
    orientation:
      x: 0.0
      y: 0.0
      z: 0.044600340503288115
      w: 0.9990049097111537
navigation_time:
  sec: 7
  nanosec: 376000000
estimated_time_remaining:
  sec: 1469
  nanosec: 855261958
number_of_recoveries: 0
distance_remaining: 19.766082763671875

Feedback:
    current_pose:
  header:
    stamp:
      sec: 836
      nanosec: 560000000
    frame_id: map
  pose:
    position:
      x: -13.007897980398582
      y: 0.000524876930727558
      z: 0.0
    orientation:
      x: 0.0
      y: 0.0
      z: 0.044600340503288115
      w: 0.9990049097111537
navigation_time:
  sec: 7
  nanosec: 376000000
estimated_time_remaining:
  sec: 1469
  nanosec: 855261958
number_of_recoveries: 0
distance_remaining: 19.766082763671875

Feedback:
    current_pose:
  header:
    stamp:
      sec: 836
      nanosec: 560000000
    frame_id: map
  pose:
    position:
      x: -13.007897980398582
      y: 0.000524876930727558
      z: 0.0
    orientation:
      x: 0.0
      y: 0.0
      z: 0.044600340503288115
      w: 0.9990049097111537
navigation_time:
  sec: 7
  nanosec: 376000000
estimated_time_remaining:
  sec: 1469
  nanosec: 855261958
number_of_recoveries: 0
distance_remaining: 19.766082763671875

Feedback:
    current_pose:
  header:
    stamp:
      sec: 836
      nanosec: 560000000
    frame_id: map
  pose:
    position:
      x: -13.007897980398582
      y: 0.000524876930727558
      z: 0.0
    orientation:
      x: 0.0
      y: 0.0
      z: 0.044600340503288115
      w: 0.9990049097111537
navigation_time:
  sec: 7
  nanosec: 380000000
estimated_time_remaining:
  sec: 1469
  nanosec: 855261958
number_of_recoveries: 0
distance_remaining: 19.766082763671875

Feedback:
    current_pose:
  header:
    stamp:
      sec: 836
      nanosec: 600000000
    frame_id: map
  pose:
    position:
      x: -13.00853979433262
      y: 0.00046737115940409524
      z: 0.0
    orientation:
      x: 0.0
      y: 0.0
      z: 0.04470966072640301
      w: 0.9990000231420069
navigation_time:
  sec: 7
  nanosec: 400000000
estimated_time_remaining:
  sec: 1498
  nanosec: 877656059
number_of_recoveries: 0
distance_remaining: 19.766082763671875

Feedback:
    current_pose:
  header:
    stamp:
      sec: 836
      nanosec: 600000000
    frame_id: map
  pose:
    position:
      x: -13.00853979433262
      y: 0.00046737115940409524
      z: 0.0
    orientation:
      x: 0.0
      y: 0.0
      z: 0.04470966072640301
      w: 0.9990000231420069
navigation_time:
  sec: 7
  nanosec: 400000000
estimated_time_remaining:
  sec: 1498
  nanosec: 877656059
number_of_recoveries: 0
distance_remaining: 19.766082763671875

Feedback:
    current_pose:
  header:
    stamp:
      sec: 836
      nanosec: 600000000
    frame_id: map
  pose:
    position:
      x: -13.00853979433262
      y: 0.00046737115940409524
      z: 0.0
    orientation:
      x: 0.0
      y: 0.0
      z: 0.04470966072640301
      w: 0.9990000231420069
navigation_time:
  sec: 7
  nanosec: 400000000
estimated_time_remaining:
  sec: 1498
  nanosec: 877656059
number_of_recoveries: 0
distance_remaining: 19.766082763671875

Feedback:
    current_pose:
  header:
    stamp:
      sec: 836
      nanosec: 600000000
    frame_id: map
  pose:
    position:
      x: -13.00853979433262
      y: 0.00046737115940409524
      z: 0.0
    orientation:
      x: 0.0
      y: 0.0
      z: 0.04470966072640301
      w: 0.9990000231420069
navigation_time:
  sec: 7
  nanosec: 412000000
estimated_time_remaining:
  sec: 1498
  nanosec: 877656059
number_of_recoveries: 0
distance_remaining: 19.766082763671875

Feedback:
    current_pose:
  header:
    stamp:
      sec: 836
      nanosec: 620000000
    frame_id: map
  pose:
    position:
      x: -13.008793968843719
      y: 0.0004445694958405966
      z: 0.0
    orientation:
      x: 0.0
      y: 0.0
      z: 0.0447380400665022
      w: 0.9989987526373635
navigation_time:
  sec: 7
  nanosec: 440000000
estimated_time_remaining:
  sec: 1587
  nanosec: 771011729
number_of_recoveries: 0
distance_remaining: 19.766082763671875

Feedback:
    current_pose:
  header:
    stamp:
      sec: 836
      nanosec: 620000000
    frame_id: map
  pose:
    position:
      x: -13.008793968843719
      y: 0.0004445694958405966
      z: 0.0
    orientation:
      x: 0.0
      y: 0.0
      z: 0.0447380400665022
      w: 0.9989987526373635
navigation_time:
  sec: 7
  nanosec: 440000000
estimated_time_remaining:
  sec: 1587
  nanosec: 771011729
number_of_recoveries: 0
distance_remaining: 19.766082763671875

Feedback:
    current_pose:
  header:
    stamp:
      sec: 836
      nanosec: 620000000
    frame_id: map
  pose:
    position:
      x: -13.008793968843719
      y: 0.0004445694958405966
      z: 0.0
    orientation:
      x: 0.0
      y: 0.0
      z: 0.0447380400665022
      w: 0.9989987526373635
navigation_time:
  sec: 7
  nanosec: 440000000
estimated_time_remaining:
  sec: 1587
  nanosec: 771011729
number_of_recoveries: 0
distance_remaining: 19.766082763671875

Feedback:
    current_pose:
  header:
    stamp:
      sec: 836
      nanosec: 620000000
    frame_id: map
  pose:
    position:
      x: -13.008793968843719
      y: 0.0004445694958405966
      z: 0.0
    orientation:
      x: 0.0
      y: 0.0
      z: 0.0447380400665022
      w: 0.9989987526373635
navigation_time:
  sec: 7
  nanosec: 440000000
estimated_time_remaining:
  sec: 1587
  nanosec: 771011729
number_of_recoveries: 0
distance_remaining: 19.766082763671875

Feedback:
    current_pose:
  header:
    stamp:
      sec: 836
      nanosec: 640000000
    frame_id: map
  pose:
    position:
      x: -13.009030666878985
      y: 0.0004233105865125708
      z: 0.0
    orientation:
      x: 0.0
      y: 0.0
      z: 0.04480615200233892
      w: 0.9989957000621891
navigation_time:
  sec: 7
  nanosec: 444000000
estimated_time_remaining:
  sec: 1646
  nanosec: 546392518
number_of_recoveries: 0
distance_remaining: 19.766082763671875

Feedback:
    current_pose:
  header:
    stamp:
      sec: 836
      nanosec: 660000000
    frame_id: map
  pose:
    position:
      x: -13.009238130397662
      y: 0.0004046497660858961
      z: 0.0
    orientation:
      x: 0.0
      y: 0.0
      z: 0.04487851694212294
      w: 0.9989924517818319
navigation_time:
  sec: 7
  nanosec: 472000000
estimated_time_remaining:
  sec: 1680
  nanosec: 185778326
number_of_recoveries: 0
distance_remaining: 19.766082763671875

Feedback:
    current_pose:
  header:
    stamp:
      sec: 836
      nanosec: 660000000
    frame_id: map
  pose:
    position:
      x: -13.009238130397662
      y: 0.0004046497660858961
      z: 0.0
    orientation:
      x: 0.0
      y: 0.0
      z: 0.04487851694212294
      w: 0.9989924517818319
navigation_time:
  sec: 7
  nanosec: 472000000
estimated_time_remaining:
  sec: 1680
  nanosec: 185778326
number_of_recoveries: 0
distance_remaining: 19.766082763671875

Feedback:
    current_pose:
  header:
    stamp:
      sec: 836
      nanosec: 660000000
    frame_id: map
  pose:
    position:
      x: -13.009238130397662
      y: 0.0004046497660858961
      z: 0.0
    orientation:
      x: 0.0
      y: 0.0
      z: 0.04487851694212294
      w: 0.9989924517818319
navigation_time:
  sec: 7
  nanosec: 472000000
estimated_time_remaining:
  sec: 1680
  nanosec: 185778326
number_of_recoveries: 0
distance_remaining: 19.766082763671875

Feedback:
    current_pose:
  header:
    stamp:
      sec: 836
      nanosec: 660000000
    frame_id: map
  pose:
    position:
      x: -13.009238130397662
      y: 0.0004046497660858961
      z: 0.0
    orientation:
      x: 0.0
      y: 0.0
      z: 0.04487851694212294
      w: 0.9989924517818319
navigation_time:
  sec: 7
  nanosec: 472000000
estimated_time_remaining:
  sec: 1680
  nanosec: 185778326
number_of_recoveries: 0
distance_remaining: 19.766082763671875

Feedback:
    current_pose:
  header:
    stamp:
      sec: 836
      nanosec: 700000000
    frame_id: map
  pose:
    position:
      x: -13.009619332381249
      y: 0.00037026900884207237
      z: 0.0
    orientation:
      x: 0.0
      y: 0.0
      z: 0.04500239251653757
      w: 0.998986879126942
navigation_time:
  sec: 7
  nanosec: 504000000
estimated_time_remaining:
  sec: 1671
  nanosec: 865393250
number_of_recoveries: 0
distance_remaining: 19.766082763671875

Feedback:
    current_pose:
  header:
    stamp:
      sec: 836
      nanosec: 700000000
    frame_id: map
  pose:
    position:
      x: -13.009619332381249
      y: 0.00037026900884207237
      z: 0.0
    orientation:
      x: 0.0
      y: 0.0
      z: 0.04500239251653757
      w: 0.998986879126942
navigation_time:
  sec: 7
  nanosec: 504000000
estimated_time_remaining:
  sec: 1671
  nanosec: 865393250
number_of_recoveries: 0
distance_remaining: 19.766082763671875

Feedback:
    current_pose:
  header:
    stamp:
      sec: 836
      nanosec: 700000000
    frame_id: map
  pose:
    position:
      x: -13.009619332381249
      y: 0.00037026900884207237
      z: 0.0
    orientation:
      x: 0.0
      y: 0.0
      z: 0.04500239251653757
      w: 0.998986879126942
navigation_time:
  sec: 7
  nanosec: 504000000
estimated_time_remaining:
  sec: 1671
  nanosec: 865393250
number_of_recoveries: 0
distance_remaining: 19.766082763671875

Feedback:
    current_pose:
  header:
    stamp:
      sec: 836
      nanosec: 700000000
    frame_id: map
  pose:
    position:
      x: -13.009619332381249
      y: 0.00037026900884207237
      z: 0.0
    orientation:
      x: 0.0
      y: 0.0
      z: 0.04500239251653757
      w: 0.998986879126942
navigation_time:
  sec: 7
  nanosec: 504000000
estimated_time_remaining:
  sec: 1671
  nanosec: 865393250
number_of_recoveries: 0
distance_remaining: 19.766082763671875

Feedback:
    current_pose:
  header:
    stamp:
      sec: 836
      nanosec: 720000000
    frame_id: map
  pose:
    position:
      x: -13.009872904211917
      y: 0.0003473709146994963
      z: 0.0
    orientation:
      x: 0.0
      y: 0.0
      z: 0.04502511471945346
      w: 0.998985855277491
navigation_time:
  sec: 7
  nanosec: 528000000
estimated_time_remaining:
  sec: 1539
  nanosec: 756161023
number_of_recoveries: 0
distance_remaining: 19.766082763671875

Feedback:
    current_pose:
  header:
    stamp:
      sec: 836
      nanosec: 720000000
    frame_id: map
  pose:
    position:
      x: -13.009872904211917
      y: 0.0003473709146994963
      z: 0.0
    orientation:
      x: 0.0
      y: 0.0
      z: 0.04502511471945346
      w: 0.998985855277491
navigation_time:
  sec: 7
  nanosec: 528000000
estimated_time_remaining:
  sec: 1539
  nanosec: 756161023
number_of_recoveries: 0
distance_remaining: 19.766082763671875

Feedback:
    current_pose:
  header:
    stamp:
      sec: 836
      nanosec: 720000000
    frame_id: map
  pose:
    position:
      x: -13.009872904211917
      y: 0.0003473709146994963
      z: 0.0
    orientation:
      x: 0.0
      y: 0.0
      z: 0.04502511471945346
      w: 0.998985855277491
navigation_time:
  sec: 7
  nanosec: 528000000
estimated_time_remaining:
  sec: 1539
  nanosec: 756161023
number_of_recoveries: 0
distance_remaining: 19.766082763671875

Feedback:
    current_pose:
  header:
    stamp:
      sec: 836
      nanosec: 720000000
    frame_id: map
  pose:
    position:
      x: -13.009872904211917
      y: 0.0003473709146994963
      z: 0.0
    orientation:
      x: 0.0
      y: 0.0
      z: 0.04502511471945346
      w: 0.998985855277491
navigation_time:
  sec: 7
  nanosec: 528000000
estimated_time_remaining:
  sec: 1539
  nanosec: 756161023
number_of_recoveries: 0
distance_remaining: 19.766082763671875

Feedback:
    current_pose:
  header:
    stamp:
      sec: 836
      nanosec: 760000000
    frame_id: map
  pose:
    position:
      x: -13.010033784352558
      y: 0.0003328458637810172
      z: 0.0
    orientation:
      x: 0.0
      y: 0.0
      z: 0.04499949190047489
      w: 0.9989870097897665
navigation_time:
  sec: 7
  nanosec: 560000000
estimated_time_remaining:
  sec: 1529
  nanosec: 137807080
number_of_recoveries: 0
distance_remaining: 19.766082763671875

Feedback:
    current_pose:
  header:
    stamp:
      sec: 836
      nanosec: 760000000
    frame_id: map
  pose:
    position:
      x: -13.010033784352558
      y: 0.0003328458637810172
      z: 0.0
    orientation:
      x: 0.0
      y: 0.0
      z: 0.04499949190047489
      w: 0.9989870097897665
navigation_time:
  sec: 7
  nanosec: 572000000
estimated_time_remaining:
  sec: 1529
  nanosec: 137807080
number_of_recoveries: 0
distance_remaining: 19.766082763671875

Feedback:
    current_pose:
  header:
    stamp:
      sec: 836
      nanosec: 760000000
    frame_id: map
  pose:
    position:
      x: -13.010033784352558
      y: 0.0003328458637810172
      z: 0.0
    orientation:
      x: 0.0
      y: 0.0
      z: 0.04499949190047489
      w: 0.9989870097897665
navigation_time:
  sec: 7
  nanosec: 572000000
estimated_time_remaining:
  sec: 1529
  nanosec: 137807080
number_of_recoveries: 0
distance_remaining: 19.766082763671875

Feedback:
    current_pose:
  header:
    stamp:
      sec: 836
      nanosec: 760000000
    frame_id: map
  pose:
    position:
      x: -13.010033784352558
      y: 0.0003328458637810172
      z: 0.0
    orientation:
      x: 0.0
      y: 0.0
      z: 0.04499949190047489
      w: 0.9989870097897665
navigation_time:
  sec: 7
  nanosec: 572000000
estimated_time_remaining:
  sec: 1529
  nanosec: 137807080
number_of_recoveries: 0
distance_remaining: 19.766082763671875

Feedback:
    current_pose:
  header:
    stamp:
      sec: 836
      nanosec: 760000000
    frame_id: map
  pose:
    position:
      x: -13.010033784352558
      y: 0.0003328458637810172
      z: 0.0
    orientation:
      x: 0.0
      y: 0.0
      z: 0.04499949190047489
      w: 0.9989870097897665
navigation_time:
  sec: 7
  nanosec: 572000000
estimated_time_remaining:
  sec: 1529
  nanosec: 137807080
number_of_recoveries: 0
distance_remaining: 19.766082763671875

Feedback:
    current_pose:
  header:
    stamp:
      sec: 836
      nanosec: 760000000
    frame_id: map
  pose:
    position:
      x: -13.010033784352558
      y: 0.0003328458637810172
      z: 0.0
    orientation:
      x: 0.0
      y: 0.0
      z: 0.04499949190047489
      w: 0.9989870097897665
navigation_time:
  sec: 7
  nanosec: 572000000
estimated_time_remaining:
  sec: 1529
  nanosec: 137807080
number_of_recoveries: 0
distance_remaining: 19.766082763671875

Feedback:
    current_pose:
  header:
    stamp:
      sec: 836
      nanosec: 800000000
    frame_id: map
  pose:
    position:
      x: -13.01066577761921
      y: 0.00027568083024043233
      z: 0.0
    orientation:
      x: 0.0
      y: 0.0
      z: 0.04520486204580332
      w: 0.9989777377136189
navigation_time:
  sec: 7
  nanosec: 600000000
estimated_time_remaining:
  sec: 1578
  nanosec: 283266303
number_of_recoveries: 0
distance_remaining: 19.766082763671875

Feedback:
    current_pose:
  header:
    stamp:
      sec: 836
      nanosec: 800000000
    frame_id: map
  pose:
    position:
      x: -13.01066577761921
      y: 0.00027568083024043233
      z: 0.0
    orientation:
      x: 0.0
      y: 0.0
      z: 0.04520486204580332
      w: 0.9989777377136189
navigation_time:
  sec: 7
  nanosec: 600000000
estimated_time_remaining:
  sec: 1578
  nanosec: 283266303
number_of_recoveries: 0
distance_remaining: 19.766082763671875

Feedback:
    current_pose:
  header:
    stamp:
      sec: 836
      nanosec: 800000000
    frame_id: map
  pose:
    position:
      x: -13.01066577761921
      y: 0.00027568083024043233
      z: 0.0
    orientation:
      x: 0.0
      y: 0.0
      z: 0.04520486204580332
      w: 0.9989777377136189
navigation_time:
  sec: 7
  nanosec: 600000000
estimated_time_remaining:
  sec: 1578
  nanosec: 283266303
number_of_recoveries: 0
distance_remaining: 19.766082763671875

Feedback:
    current_pose:
  header:
    stamp:
      sec: 836
      nanosec: 820000000
    frame_id: map
  pose:
    position:
      x: -13.010642426082185
      y: 0.00027780170613134203
      z: 0.0
    orientation:
      x: 0.0
      y: 0.0
      z: 0.04533949831794555
      w: 0.9989716361800653
navigation_time:
  sec: 7
  nanosec: 624000000
estimated_time_remaining:
  sec: 1666
  nanosec: 788687360
number_of_recoveries: 0
distance_remaining: 19.766082763671875

Feedback:
    current_pose:
  header:
    stamp:
      sec: 836
      nanosec: 820000000
    frame_id: map
  pose:
    position:
      x: -13.010642426082185
      y: 0.00027780170613134203
      z: 0.0
    orientation:
      x: 0.0
      y: 0.0
      z: 0.04533949831794555
      w: 0.9989716361800653
navigation_time:
  sec: 7
  nanosec: 632000000
estimated_time_remaining:
  sec: 1666
  nanosec: 788687360
number_of_recoveries: 0
distance_remaining: 19.766082763671875

Feedback:
    current_pose:
  header:
    stamp:
      sec: 836
      nanosec: 820000000
    frame_id: map
  pose:
    position:
      x: -13.010642426082185
      y: 0.00027780170613134203
      z: 0.0
    orientation:
      x: 0.0
      y: 0.0
      z: 0.04533949831794555
      w: 0.9989716361800653
navigation_time:
  sec: 7
  nanosec: 632000000
estimated_time_remaining:
  sec: 1666
  nanosec: 788687360
number_of_recoveries: 0
distance_remaining: 19.766082763671875

Feedback:
    current_pose:
  header:
    stamp:
      sec: 836
      nanosec: 820000000
    frame_id: map
  pose:
    position:
      x: -13.010642426082185
      y: 0.00027780170613134203
      z: 0.0
    orientation:
      x: 0.0
      y: 0.0
      z: 0.04533949831794555
      w: 0.9989716361800653
navigation_time:
  sec: 7
  nanosec: 632000000
estimated_time_remaining:
  sec: 1666
  nanosec: 788687360
number_of_recoveries: 0
distance_remaining: 19.766082763671875

Feedback:
    current_pose:
  header:
    stamp:
      sec: 836
      nanosec: 820000000
    frame_id: map
  pose:
    position:
      x: -13.010642426082185
      y: 0.00027780170613134203
      z: 0.0
    orientation:
      x: 0.0
      y: 0.0
      z: 0.04533949831794555
      w: 0.9989716361800653
navigation_time:
  sec: 7
  nanosec: 632000000
estimated_time_remaining:
  sec: 1666
  nanosec: 788687360
number_of_recoveries: 0
distance_remaining: 19.766082763671875

Feedback:
    current_pose:
  header:
    stamp:
      sec: 836
      nanosec: 860000000
    frame_id: map
  pose:
    position:
      x: -13.01075504172276
      y: 0.00026751925137347143
      z: 0.0
    orientation:
      x: 0.0
      y: 0.0
      z: 0.04560633894557524
      w: 0.9989594895930372
navigation_time:
  sec: 7
  nanosec: 664000000
estimated_time_remaining:
  sec: 1904
  nanosec: 979078298
number_of_recoveries: 0
distance_remaining: 19.766082763671875

Feedback:
    current_pose:
  header:
    stamp:
      sec: 836
      nanosec: 860000000
    frame_id: map
  pose:
    position:
      x: -13.01075504172276
      y: 0.00026751925137347143
      z: 0.0
    orientation:
      x: 0.0
      y: 0.0
      z: 0.04560633894557524
      w: 0.9989594895930372
navigation_time:
  sec: 7
  nanosec: 664000000
estimated_time_remaining:
  sec: 1904
  nanosec: 979078298
number_of_recoveries: 0
distance_remaining: 19.766082763671875

Feedback:
    current_pose:
  header:
    stamp:
      sec: 836
      nanosec: 860000000
    frame_id: map
  pose:
    position:
      x: -13.01075504172276
      y: 0.00026751925137347143
      z: 0.0
    orientation:
      x: 0.0
      y: 0.0
      z: 0.04560633894557524
      w: 0.9989594895930372
navigation_time:
  sec: 7
  nanosec: 664000000
estimated_time_remaining:
  sec: 1904
  nanosec: 979078298
number_of_recoveries: 0
distance_remaining: 19.766082763671875

Feedback:
    current_pose:
  header:
    stamp:
      sec: 836
      nanosec: 860000000
    frame_id: map
  pose:
    position:
      x: -13.01075504172276
      y: 0.00026751925137347143
      z: 0.0
    orientation:
      x: 0.0
      y: 0.0
      z: 0.04560633894557524
      w: 0.9989594895930372
navigation_time:
  sec: 7
  nanosec: 664000000
estimated_time_remaining:
  sec: 1904
  nanosec: 979078298
number_of_recoveries: 0
distance_remaining: 19.766082763671875

Feedback:
    current_pose:
  header:
    stamp:
      sec: 836
      nanosec: 880000000
    frame_id: map
  pose:
    position:
      x: -13.01072161296807
      y: 0.0002705813990893091
      z: 0.0
    orientation:
      x: 0.0
      y: 0.0
      z: 0.045709183825147014
      w: 0.9989547890240273
navigation_time:
  sec: 7
  nanosec: 692000000
estimated_time_remaining:
  sec: 0
  nanosec: 0
number_of_recoveries: 0
distance_remaining: 19.766082763671875

Feedback:
    current_pose:
  header:
    stamp:
      sec: 836
      nanosec: 880000000
    frame_id: map
  pose:
    position:
      x: -13.01072161296807
      y: 0.0002705813990893091
      z: 0.0
    orientation:
      x: 0.0
      y: 0.0
      z: 0.045709183825147014
      w: 0.9989547890240273
navigation_time:
  sec: 7
  nanosec: 700000000
estimated_time_remaining:
  sec: 0
  nanosec: 0
number_of_recoveries: 0
distance_remaining: 19.766082763671875

Feedback:
    current_pose:
  header:
    stamp:
      sec: 836
      nanosec: 900000000
    frame_id: map
  pose:
    position:
      x: -13.01062921474545
      y: 0.00027906769872920734
      z: 0.0
    orientation:
      x: 0.0
      y: 0.0
      z: 0.04578691378321677
      w: 0.9989512293031169
navigation_time:
  sec: 7
  nanosec: 708000000
estimated_time_remaining:
  sec: 0
  nanosec: 0
number_of_recoveries: 0
distance_remaining: 19.766082763671875

Feedback:
    current_pose:
  header:
    stamp:
      sec: 836
      nanosec: 900000000
    frame_id: map
  pose:
    position:
      x: -13.01062921474545
      y: 0.00027906769872920734
      z: 0.0
    orientation:
      x: 0.0
      y: 0.0
      z: 0.04578691378321677
      w: 0.9989512293031169
navigation_time:
  sec: 7
  nanosec: 708000000
estimated_time_remaining:
  sec: 0
  nanosec: 0
number_of_recoveries: 0
distance_remaining: 19.766082763671875

Feedback:
    current_pose:
  header:
    stamp:
      sec: 836
      nanosec: 900000000
    frame_id: map
  pose:
    position:
      x: -13.01062921474545
      y: 0.00027906769872920734
      z: 0.0
    orientation:
      x: 0.0
      y: 0.0
      z: 0.04578691378321677
      w: 0.9989512293031169
navigation_time:
  sec: 7
  nanosec: 708000000
estimated_time_remaining:
  sec: 0
  nanosec: 0
number_of_recoveries: 0
distance_remaining: 19.766082763671875

Feedback:
    current_pose:
  header:
    stamp:
      sec: 836
      nanosec: 900000000
    frame_id: map
  pose:
    position:
      x: -13.01062921474545
      y: 0.00027906769872920734
      z: 0.0
    orientation:
      x: 0.0
      y: 0.0
      z: 0.04578691378321677
      w: 0.9989512293031169
navigation_time:
  sec: 7
  nanosec: 708000000
estimated_time_remaining:
  sec: 0
  nanosec: 0
number_of_recoveries: 0
distance_remaining: 19.766082763671875

Feedback:
    current_pose:
  header:
    stamp:
      sec: 836
      nanosec: 920000000
    frame_id: map
  pose:
    position:
      x: -13.010300935552365
      y: 0.00030921686458462716
      z: 0.0
    orientation:
      x: 0.0
      y: 0.0
      z: 0.04576418581548826
      w: 0.9989522707800637
navigation_time:
  sec: 7
  nanosec: 720000000
estimated_time_remaining:
  sec: 0
  nanosec: 0
number_of_recoveries: 0
distance_remaining: 19.766082763671875

Feedback:
    current_pose:
  header:
    stamp:
      sec: 836
      nanosec: 920000000
    frame_id: map
  pose:
    position:
      x: -13.010300935552365
      y: 0.00030921686458462716
      z: 0.0
    orientation:
      x: 0.0
      y: 0.0
      z: 0.04576418581548826
      w: 0.9989522707800637
navigation_time:
  sec: 7
  nanosec: 740000000
estimated_time_remaining:
  sec: 0
  nanosec: 0
number_of_recoveries: 0
distance_remaining: 19.766082763671875

Feedback:
    current_pose:
  header:
    stamp:
      sec: 836
      nanosec: 920000000
    frame_id: map
  pose:
    position:
      x: -13.010300935552365
      y: 0.00030921686458462716
      z: 0.0
    orientation:
      x: 0.0
      y: 0.0
      z: 0.04576418581548826
      w: 0.9989522707800637
navigation_time:
  sec: 7
  nanosec: 740000000
estimated_time_remaining:
  sec: 0
  nanosec: 0
number_of_recoveries: 0
distance_remaining: 19.766082763671875

Feedback:
    current_pose:
  header:
    stamp:
      sec: 836
      nanosec: 920000000
    frame_id: map
  pose:
    position:
      x: -13.010300935552365
      y: 0.00030921686458462716
      z: 0.0
    orientation:
      x: 0.0
      y: 0.0
      z: 0.04576418581548826
      w: 0.9989522707800637
navigation_time:
  sec: 7
  nanosec: 740000000
estimated_time_remaining:
  sec: 0
  nanosec: 0
number_of_recoveries: 0
distance_remaining: 19.766082763671875

Feedback:
    current_pose:
  header:
    stamp:
      sec: 836
      nanosec: 920000000
    frame_id: map
  pose:
    position:
      x: -13.010300935552365
      y: 0.00030921686458462716
      z: 0.0
    orientation:
      x: 0.0
      y: 0.0
      z: 0.04576418581548826
      w: 0.9989522707800637
navigation_time:
  sec: 7
  nanosec: 740000000
estimated_time_remaining:
  sec: 0
  nanosec: 0
number_of_recoveries: 0
distance_remaining: 19.766082763671875

Feedback:
    current_pose:
  header:
    stamp:
      sec: 836
      nanosec: 960000000
    frame_id: map
  pose:
    position:
      x: -13.009599674326097
      y: 0.0003735630046506344
      z: 0.0
    orientation:
      x: 0.0
      y: 0.0
      z: 0.04569927970753898
      w: 0.9989552421576314
navigation_time:
  sec: 7
  nanosec: 764000000
estimated_time_remaining:
  sec: 0
  nanosec: 0
number_of_recoveries: 0
distance_remaining: 19.766082763671875

Feedback:
    current_pose:
  header:
    stamp:
      sec: 836
      nanosec: 960000000
    frame_id: map
  pose:
    position:
      x: -13.009599674326097
      y: 0.0003735630046506344
      z: 0.0
    orientation:
      x: 0.0
      y: 0.0
      z: 0.04569927970753898
      w: 0.9989552421576314
navigation_time:
  sec: 7
  nanosec: 764000000
estimated_time_remaining:
  sec: 0
  nanosec: 0
number_of_recoveries: 0
distance_remaining: 19.766082763671875

Feedback:
    current_pose:
  header:
    stamp:
      sec: 836
      nanosec: 960000000
    frame_id: map
  pose:
    position:
      x: -13.009599674326097
      y: 0.0003735630046506344
      z: 0.0
    orientation:
      x: 0.0
      y: 0.0
      z: 0.04569927970753898
      w: 0.9989552421576314
navigation_time:
  sec: 7
  nanosec: 764000000
estimated_time_remaining:
  sec: 0
  nanosec: 0
number_of_recoveries: 0
distance_remaining: 19.766082763671875

Feedback:
    current_pose:
  header:
    stamp:
      sec: 836
      nanosec: 960000000
    frame_id: map
  pose:
    position:
      x: -13.009599674326097
      y: 0.0003735630046506344
      z: 0.0
    orientation:
      x: 0.0
      y: 0.0
      z: 0.04569927970753898
      w: 0.9989552421576314
navigation_time:
  sec: 7
  nanosec: 764000000
estimated_time_remaining:
  sec: 0
  nanosec: 0
number_of_recoveries: 0
distance_remaining: 19.766082763671875

Feedback:
    current_pose:
  header:
    stamp:
      sec: 836
      nanosec: 980000000
    frame_id: map
  pose:
    position:
      x: -13.00927304699269
      y: 0.0004035068065899594
      z: 0.0
    orientation:
      x: 0.0
      y: 0.0
      z: 0.04573936067561045
      w: 0.99895340776484
navigation_time:
  sec: 7
  nanosec: 800000000
estimated_time_remaining:
  sec: 0
  nanosec: 0
number_of_recoveries: 0
distance_remaining: 19.766082763671875

Feedback:
    current_pose:
  header:
    stamp:
      sec: 836
      nanosec: 980000000
    frame_id: map
  pose:
    position:
      x: -13.00927304699269
      y: 0.0004035068065899594
      z: 0.0
    orientation:
      x: 0.0
      y: 0.0
      z: 0.04573936067561045
      w: 0.99895340776484
navigation_time:
  sec: 7
  nanosec: 800000000
estimated_time_remaining:
  sec: 0
  nanosec: 0
number_of_recoveries: 0
distance_remaining: 19.766082763671875

Feedback:
    current_pose:
  header:
    stamp:
      sec: 836
      nanosec: 980000000
    frame_id: map
  pose:
    position:
      x: -13.00927304699269
      y: 0.0004035068065899594
      z: 0.0
    orientation:
      x: 0.0
      y: 0.0
      z: 0.04573936067561045
      w: 0.99895340776484
navigation_time:
  sec: 7
  nanosec: 800000000
estimated_time_remaining:
  sec: 0
  nanosec: 0
number_of_recoveries: 0
distance_remaining: 19.766082763671875

Feedback:
    current_pose:
  header:
    stamp:
      sec: 836
      nanosec: 980000000
    frame_id: map
  pose:
    position:
      x: -13.00927304699269
      y: 0.0004035068065899594
      z: 0.0
    orientation:
      x: 0.0
      y: 0.0
      z: 0.04573936067561045
      w: 0.99895340776484
navigation_time:
  sec: 7
  nanosec: 800000000
estimated_time_remaining:
  sec: 0
  nanosec: 0
number_of_recoveries: 0
distance_remaining: 19.766082763671875

Feedback:
    current_pose:
  header:
    stamp:
      sec: 837
      nanosec: 0
    frame_id: map
  pose:
    position:
      x: -13.009004783769157
      y: 0.000428167456620443
      z: 0.0
    orientation:
      x: 0.0
      y: 0.0
      z: 0.045897967029861195
      w: 0.998946132993429
navigation_time:
  sec: 7
  nanosec: 816000000
estimated_time_remaining:
  sec: 0
  nanosec: 0
number_of_recoveries: 0
distance_remaining: 19.766082763671875

Feedback:
    current_pose:
  header:
    stamp:
      sec: 837
      nanosec: 20000000
    frame_id: map
  pose:
    position:
      x: -13.008828237479094
      y: 0.00044444468595727926
      z: 0.0
    orientation:
      x: 0.0
      y: 0.0
      z: 0.046064291901870495
      w: 0.9989384770903458
navigation_time:
  sec: 7
  nanosec: 832000000
estimated_time_remaining:
  sec: 0
  nanosec: 0
number_of_recoveries: 0
distance_remaining: 19.766082763671875

Feedback:
    current_pose:
  header:
    stamp:
      sec: 837
      nanosec: 20000000
    frame_id: map
  pose:
    position:
      x: -13.008828237479094
      y: 0.00044444468595727926
      z: 0.0
    orientation:
      x: 0.0
      y: 0.0
      z: 0.046064291901870495
      w: 0.9989384770903458
navigation_time:
  sec: 7
  nanosec: 832000000
estimated_time_remaining:
  sec: 0
  nanosec: 0
number_of_recoveries: 0
distance_remaining: 19.766082763671875

Feedback:
    current_pose:
  header:
    stamp:
      sec: 837
      nanosec: 20000000
    frame_id: map
  pose:
    position:
      x: -13.008828237479094
      y: 0.00044444468595727926
      z: 0.0
    orientation:
      x: 0.0
      y: 0.0
      z: 0.046064291901870495
      w: 0.9989384770903458
navigation_time:
  sec: 7
  nanosec: 832000000
estimated_time_remaining:
  sec: 0
  nanosec: 0
number_of_recoveries: 0
distance_remaining: 19.766082763671875

Feedback:
    current_pose:
  header:
    stamp:
      sec: 837
      nanosec: 20000000
    frame_id: map
  pose:
    position:
      x: -13.008828237479094
      y: 0.00044444468595727926
      z: 0.0
    orientation:
      x: 0.0
      y: 0.0
      z: 0.046064291901870495
      w: 0.9989384770903458
navigation_time:
  sec: 7
  nanosec: 832000000
estimated_time_remaining:
  sec: 0
  nanosec: 0
number_of_recoveries: 0
distance_remaining: 19.766082763671875

Feedback:
    current_pose:
  header:
    stamp:
      sec: 837
      nanosec: 20000000
    frame_id: map
  pose:
    position:
      x: -13.008828237479094
      y: 0.00044444468595727926
      z: 0.0
    orientation:
      x: 0.0
      y: 0.0
      z: 0.046064291901870495
      w: 0.9989384770903458
navigation_time:
  sec: 7
  nanosec: 832000000
estimated_time_remaining:
  sec: 0
  nanosec: 0
number_of_recoveries: 0
distance_remaining: 19.766082763671875

Feedback:
    current_pose:
  header:
    stamp:
      sec: 837
      nanosec: 60000000
    frame_id: map
  pose:
    position:
      x: -13.008873892757137
      y: 0.0004401719447884034
      z: 0.0
    orientation:
      x: 0.0
      y: 0.0
      z: 0.046528271016166106
      w: 0.9989169735249502
navigation_time:
  sec: 7
  nanosec: 864000000
estimated_time_remaining:
  sec: 0
  nanosec: 0
number_of_recoveries: 0
distance_remaining: 19.766082763671875

Feedback:
    current_pose:
  header:
    stamp:
      sec: 837
      nanosec: 60000000
    frame_id: map
  pose:
    position:
      x: -13.008873892757137
      y: 0.0004401719447884034
      z: 0.0
    orientation:
      x: 0.0
      y: 0.0
      z: 0.046528271016166106
      w: 0.9989169735249502
navigation_time:
  sec: 7
  nanosec: 868000000
estimated_time_remaining:
  sec: 0
  nanosec: 0
number_of_recoveries: 0
distance_remaining: 19.766082763671875

Feedback:
    current_pose:
  header:
    stamp:
      sec: 837
      nanosec: 60000000
    frame_id: map
  pose:
    position:
      x: -13.008873892757137
      y: 0.0004401719447884034
      z: 0.0
    orientation:
      x: 0.0
      y: 0.0
      z: 0.046528271016166106
      w: 0.9989169735249502
navigation_time:
  sec: 7
  nanosec: 868000000
estimated_time_remaining:
  sec: 0
  nanosec: 0
number_of_recoveries: 0
distance_remaining: 19.766082763671875

Feedback:
    current_pose:
  header:
    stamp:
      sec: 837
      nanosec: 60000000
    frame_id: map
  pose:
    position:
      x: -13.008873892757137
      y: 0.0004401719447884034
      z: 0.0
    orientation:
      x: 0.0
      y: 0.0
      z: 0.046528271016166106
      w: 0.9989169735249502
navigation_time:
  sec: 7
  nanosec: 868000000
estimated_time_remaining:
  sec: 0
  nanosec: 0
number_of_recoveries: 0
distance_remaining: 19.766082763671875

Feedback:
    current_pose:
  header:
    stamp:
      sec: 837
      nanosec: 60000000
    frame_id: map
  pose:
    position:
      x: -13.008873892757137
      y: 0.0004401719447884034
      z: 0.0
    orientation:
      x: 0.0
      y: 0.0
      z: 0.046528271016166106
      w: 0.9989169735249502
navigation_time:
  sec: 7
  nanosec: 868000000
estimated_time_remaining:
  sec: 0
  nanosec: 0
number_of_recoveries: 0
distance_remaining: 19.766082763671875

Feedback:
    current_pose:
  header:
    stamp:
      sec: 837
      nanosec: 60000000
    frame_id: map
  pose:
    position:
      x: -13.008873892757137
      y: 0.0004401719447884034
      z: 0.0
    orientation:
      x: 0.0
      y: 0.0
      z: 0.046528271016166106
      w: 0.9989169735249502
navigation_time:
  sec: 7
  nanosec: 876000000
estimated_time_remaining:
  sec: 0
  nanosec: 0
number_of_recoveries: 0
distance_remaining: 19.766082763671875

Feedback:
    current_pose:
  header:
    stamp:
      sec: 837
      nanosec: 80000000
    frame_id: map
  pose:
    position:
      x: -13.00899865556022
      y: 0.0004284811759092122
      z: 0.0
    orientation:
      x: 0.0
      y: 0.0
      z: 0.04687599884755814
      w: 0.9989007161535343
navigation_time:
  sec: 7
  nanosec: 900000000
estimated_time_remaining:
  sec: 0
  nanosec: 0
number_of_recoveries: 0
distance_remaining: 19.766082763671875

Feedback:
    current_pose:
  header:
    stamp:
      sec: 837
      nanosec: 80000000
    frame_id: map
  pose:
    position:
      x: -13.00899865556022
      y: 0.0004284811759092122
      z: 0.0
    orientation:
      x: 0.0
      y: 0.0
      z: 0.04687599884755814
      w: 0.9989007161535343
navigation_time:
  sec: 7
  nanosec: 900000000
estimated_time_remaining:
  sec: 0
  nanosec: 0
number_of_recoveries: 0
distance_remaining: 19.766082763671875

Feedback:
    current_pose:
  header:
    stamp:
      sec: 837
      nanosec: 80000000
    frame_id: map
  pose:
    position:
      x: -13.00899865556022
      y: 0.0004284811759092122
      z: 0.0
    orientation:
      x: 0.0
      y: 0.0
      z: 0.04687599884755814
      w: 0.9989007161535343
navigation_time:
  sec: 7
  nanosec: 900000000
estimated_time_remaining:
  sec: 0
  nanosec: 0
number_of_recoveries: 0
distance_remaining: 19.766082763671875

Feedback:
    current_pose:
  header:
    stamp:
      sec: 837
      nanosec: 120000000
    frame_id: map
  pose:
    position:
      x: -13.00928324801913
      y: 0.00040146491841319687
      z: 0.0
    orientation:
      x: 0.0
      y: 0.0
      z: 0.047763262759934325
      w: 0.9988586840642301
navigation_time:
  sec: 7
  nanosec: 928000000
estimated_time_remaining:
  sec: 0
  nanosec: 0
number_of_recoveries: 0
distance_remaining: 19.766082763671875

Feedback:
    current_pose:
  header:
    stamp:
      sec: 837
      nanosec: 120000000
    frame_id: map
  pose:
    position:
      x: -13.00928324801913
      y: 0.00040146491841319687
      z: 0.0
    orientation:
      x: 0.0
      y: 0.0
      z: 0.047763262759934325
      w: 0.9988586840642301
navigation_time:
  sec: 7
  nanosec: 928000000
estimated_time_remaining:
  sec: 0
  nanosec: 0
number_of_recoveries: 0
distance_remaining: 19.766082763671875

Feedback:
    current_pose:
  header:
    stamp:
      sec: 837
      nanosec: 120000000
    frame_id: map
  pose:
    position:
      x: -13.00928324801913
      y: 0.00040146491841319687
      z: 0.0
    orientation:
      x: 0.0
      y: 0.0
      z: 0.047763262759934325
      w: 0.9988586840642301
navigation_time:
  sec: 7
  nanosec: 928000000
estimated_time_remaining:
  sec: 0
  nanosec: 0
number_of_recoveries: 0
distance_remaining: 19.766082763671875

Feedback:
    current_pose:
  header:
    stamp:
      sec: 837
      nanosec: 120000000
    frame_id: map
  pose:
    position:
      x: -13.00928324801913
      y: 0.00040146491841319687
      z: 0.0
    orientation:
      x: 0.0
      y: 0.0
      z: 0.047763262759934325
      w: 0.9988586840642301
navigation_time:
  sec: 7
  nanosec: 928000000
estimated_time_remaining:
  sec: 0
  nanosec: 0
number_of_recoveries: 0
distance_remaining: 19.766082763671875

Feedback:
    current_pose:
  header:
    stamp:
      sec: 837
      nanosec: 120000000
    frame_id: map
  pose:
    position:
      x: -13.00928324801913
      y: 0.00040146491841319687
      z: 0.0
    orientation:
      x: 0.0
      y: 0.0
      z: 0.047763262759934325
      w: 0.9988586840642301
navigation_time:
  sec: 7
  nanosec: 928000000
estimated_time_remaining:
  sec: 0
  nanosec: 0
number_of_recoveries: 0
distance_remaining: 19.766082763671875

Feedback:
    current_pose:
  header:
    stamp:
      sec: 837
      nanosec: 160000000
    frame_id: map
  pose:
    position:
      x: -13.00936553428231
      y: 0.0003935471375484667
      z: 0.0
    orientation:
      x: 0.0
      y: 0.0
      z: 0.04840929611644498
      w: 0.9988275827436436
navigation_time:
  sec: 7
  nanosec: 960000000
estimated_time_remaining:
  sec: 0
  nanosec: 0
number_of_recoveries: 0
distance_remaining: 19.766082763671875

Feedback:
    current_pose:
  header:
    stamp:
      sec: 837
      nanosec: 160000000
    frame_id: map
  pose:
    position:
      x: -13.00936553428231
      y: 0.0003935471375484667
      z: 0.0
    orientation:
      x: 0.0
      y: 0.0
      z: 0.04840929611644498
      w: 0.9988275827436436
navigation_time:
  sec: 7
  nanosec: 968000000
estimated_time_remaining:
  sec: 0
  nanosec: 0
number_of_recoveries: 0
distance_remaining: 19.766082763671875

Feedback:
    current_pose:
  header:
    stamp:
      sec: 837
      nanosec: 160000000
    frame_id: map
  pose:
    position:
      x: -13.00936553428231
      y: 0.0003935471375484667
      z: 0.0
    orientation:
      x: 0.0
      y: 0.0
      z: 0.04840929611644498
      w: 0.9988275827436436
navigation_time:
  sec: 7
  nanosec: 968000000
estimated_time_remaining:
  sec: 0
  nanosec: 0
number_of_recoveries: 0
distance_remaining: 19.766082763671875

Feedback:
    current_pose:
  header:
    stamp:
      sec: 837
      nanosec: 160000000
    frame_id: map
  pose:
    position:
      x: -13.00936553428231
      y: 0.0003935471375484667
      z: 0.0
    orientation:
      x: 0.0
      y: 0.0
      z: 0.04840929611644498
      w: 0.9988275827436436
navigation_time:
  sec: 7
  nanosec: 968000000
estimated_time_remaining:
  sec: 0
  nanosec: 0
number_of_recoveries: 0
distance_remaining: 19.766082763671875

Feedback:
    current_pose:
  header:
    stamp:
      sec: 837
      nanosec: 160000000
    frame_id: map
  pose:
    position:
      x: -13.00936553428231
      y: 0.0003935471375484667
      z: 0.0
    orientation:
      x: 0.0
      y: 0.0
      z: 0.04840929611644498
      w: 0.9988275827436436
navigation_time:
  sec: 7
  nanosec: 968000000
estimated_time_remaining:
  sec: 0
  nanosec: 0
number_of_recoveries: 0
distance_remaining: 19.766082763671875

Feedback:
    current_pose:
  header:
    stamp:
      sec: 837
      nanosec: 180000000
    frame_id: map
  pose:
    position:
      x: -13.00935001691677
      y: 0.0003950670823584801
      z: 0.0
    orientation:
      x: 0.0
      y: 0.0
      z: 0.04876888510128731
      w: 0.9988100899800608
navigation_time:
  sec: 7
  nanosec: 996000000
estimated_time_remaining:
  sec: 0
  nanosec: 0
number_of_recoveries: 0
distance_remaining: 19.766082763671875

Feedback:
    current_pose:
  header:
    stamp:
      sec: 837
      nanosec: 180000000
    frame_id: map
  pose:
    position:
      x: -13.00935001691677
      y: 0.0003950670823584801
      z: 0.0
    orientation:
      x: 0.0
      y: 0.0
      z: 0.04876888510128731
      w: 0.9988100899800608
navigation_time:
  sec: 8
  nanosec: 0
estimated_time_remaining:
  sec: 0
  nanosec: 0
number_of_recoveries: 0
distance_remaining: 19.766082763671875

Feedback:
    current_pose:
  header:
    stamp:
      sec: 837
      nanosec: 200000000
    frame_id: map
  pose:
    position:
      x: -13.009249786897215
      y: 0.0004048994849803478
      z: 0.0
    orientation:
      x: 0.0
      y: 0.0
      z: 0.04897766841177004
      w: 0.9987998738470818
navigation_time:
  sec: 8
  nanosec: 0
estimated_time_remaining:
  sec: 0
  nanosec: 0
number_of_recoveries: 0
distance_remaining: 19.766082763671875

Feedback:
    current_pose:
  header:
    stamp:
      sec: 837
      nanosec: 200000000
    frame_id: map
  pose:
    position:
      x: -13.009249786897215
      y: 0.0004048994849803478
      z: 0.0
    orientation:
      x: 0.0
      y: 0.0
      z: 0.04897766841177004
      w: 0.9987998738470818
navigation_time:
  sec: 8
  nanosec: 0
estimated_time_remaining:
  sec: 0
  nanosec: 0
number_of_recoveries: 0
distance_remaining: 19.766082763671875

Feedback:
    current_pose:
  header:
    stamp:
      sec: 837
      nanosec: 200000000
    frame_id: map
  pose:
    position:
      x: -13.009249786897215
      y: 0.0004048994849803478
      z: 0.0
    orientation:
      x: 0.0
      y: 0.0
      z: 0.04897766841177004
      w: 0.9987998738470818
navigation_time:
  sec: 8
  nanosec: 0
estimated_time_remaining:
  sec: 0
  nanosec: 0
number_of_recoveries: 0
distance_remaining: 19.766082763671875

Feedback:
    current_pose:
  header:
    stamp:
      sec: 837
      nanosec: 220000000
    frame_id: map
  pose:
    position:
      x: -13.009091255001408
      y: 0.000420528309284407
      z: 0.0
    orientation:
      x: 0.0
      y: 0.0
      z: 0.04923039666111126
      w: 0.9987874488821882
navigation_time:
  sec: 8
  nanosec: 24000000
estimated_time_remaining:
  sec: 0
  nanosec: 0
number_of_recoveries: 0
distance_remaining: 19.766082763671875

Feedback:
    current_pose:
  header:
    stamp:
      sec: 837
      nanosec: 220000000
    frame_id: map
  pose:
    position:
      x: -13.009091255001408
      y: 0.000420528309284407
      z: 0.0
    orientation:
      x: 0.0
      y: 0.0
      z: 0.04923039666111126
      w: 0.9987874488821882
navigation_time:
  sec: 8
  nanosec: 32000000
estimated_time_remaining:
  sec: 0
  nanosec: 0
number_of_recoveries: 0
distance_remaining: 19.766082763671875

Feedback:
    current_pose:
  header:
    stamp:
      sec: 837
      nanosec: 220000000
    frame_id: map
  pose:
    position:
      x: -13.009091255001408
      y: 0.000420528309284407
      z: 0.0
    orientation:
      x: 0.0
      y: 0.0
      z: 0.04923039666111126
      w: 0.9987874488821882
navigation_time:
  sec: 8
  nanosec: 32000000
estimated_time_remaining:
  sec: 0
  nanosec: 0
number_of_recoveries: 0
distance_remaining: 19.766082763671875

Feedback:
    current_pose:
  header:
    stamp:
      sec: 837
      nanosec: 220000000
    frame_id: map
  pose:
    position:
      x: -13.009091255001408
      y: 0.000420528309284407
      z: 0.0
    orientation:
      x: 0.0
      y: 0.0
      z: 0.04923039666111126
      w: 0.9987874488821882
navigation_time:
  sec: 8
  nanosec: 32000000
estimated_time_remaining:
  sec: 0
  nanosec: 0
number_of_recoveries: 0
distance_remaining: 19.766082763671875

Feedback:
    current_pose:
  header:
    stamp:
      sec: 837
      nanosec: 220000000
    frame_id: map
  pose:
    position:
      x: -13.009091255001408
      y: 0.000420528309284407
      z: 0.0
    orientation:
      x: 0.0
      y: 0.0
      z: 0.04923039666111126
      w: 0.9987874488821882
navigation_time:
  sec: 8
  nanosec: 32000000
estimated_time_remaining:
  sec: 0
  nanosec: 0
number_of_recoveries: 0
distance_remaining: 19.766082763671875

Feedback:
    current_pose:
  header:
    stamp:
      sec: 837
      nanosec: 220000000
    frame_id: map
  pose:
    position:
      x: -13.009091255001408
      y: 0.000420528309284407
      z: 0.0
    orientation:
      x: 0.0
      y: 0.0
      z: 0.04923039666111126
      w: 0.9987874488821882
navigation_time:
  sec: 8
  nanosec: 32000000
estimated_time_remaining:
  sec: 0
  nanosec: 0
number_of_recoveries: 0
distance_remaining: 19.766082763671875

Feedback:
    current_pose:
  header:
    stamp:
      sec: 837
      nanosec: 240000000
    frame_id: map
  pose:
    position:
      x: -13.008913546799974
      y: 0.0004381355964895306
      z: 0.0
    orientation:
      x: 0.0
      y: 0.0
      z: 0.04950788948212944
      w: 0.9987737325736122
navigation_time:
  sec: 8
  nanosec: 60000000
estimated_time_remaining:
  sec: 0
  nanosec: 0
number_of_recoveries: 0
distance_remaining: 19.766082763671875

Feedback:
    current_pose:
  header:
    stamp:
      sec: 837
      nanosec: 260000000
    frame_id: map
  pose:
    position:
      x: -13.008814584945029
      y: 0.00044799653124982797
      z: 0.0
    orientation:
      x: 0.0
      y: 0.0
      z: 0.049767258770400585
      w: 0.9987608422212396
navigation_time:
  sec: 8
  nanosec: 64000000
estimated_time_remaining:
  sec: 0
  nanosec: 0
number_of_recoveries: 0
distance_remaining: 19.766082763671875

Feedback:
    current_pose:
  header:
    stamp:
      sec: 837
      nanosec: 260000000
    frame_id: map
  pose:
    position:
      x: -13.008814584945029
      y: 0.00044799653124982797
      z: 0.0
    orientation:
      x: 0.0
      y: 0.0
      z: 0.049767258770400585
      w: 0.9987608422212396
navigation_time:
  sec: 8
  nanosec: 64000000
estimated_time_remaining:
  sec: 0
  nanosec: 0
number_of_recoveries: 0
distance_remaining: 19.766082763671875

Feedback:
    current_pose:
  header:
    stamp:
      sec: 837
      nanosec: 260000000
    frame_id: map
  pose:
    position:
      x: -13.008814584945029
      y: 0.00044799653124982797
      z: 0.0
    orientation:
      x: 0.0
      y: 0.0
      z: 0.049767258770400585
      w: 0.9987608422212396
navigation_time:
  sec: 8
  nanosec: 64000000
estimated_time_remaining:
  sec: 0
  nanosec: 0
number_of_recoveries: 0
distance_remaining: 19.766082763671875

Feedback:
    current_pose:
  header:
    stamp:
      sec: 837
      nanosec: 260000000
    frame_id: map
  pose:
    position:
      x: -13.008814584945029
      y: 0.00044799653124982797
      z: 0.0
    orientation:
      x: 0.0
      y: 0.0
      z: 0.049767258770400585
      w: 0.9987608422212396
navigation_time:
  sec: 8
  nanosec: 64000000
estimated_time_remaining:
  sec: 0
  nanosec: 0
number_of_recoveries: 0
distance_remaining: 19.766082763671875

Feedback:
    current_pose:
  header:
    stamp:
      sec: 837
      nanosec: 280000000
    frame_id: map
  pose:
    position:
      x: -13.008810281313913
      y: 0.0004484219620888297
      z: 0.0
    orientation:
      x: 0.0
      y: 0.0
      z: 0.0500707649348446
      w: 0.9987456725807824
navigation_time:
  sec: 8
  nanosec: 88000000
estimated_time_remaining:
  sec: 0
  nanosec: 0
number_of_recoveries: 0
distance_remaining: 19.766082763671875

Feedback:
    current_pose:
  header:
    stamp:
      sec: 837
      nanosec: 280000000
    frame_id: map
  pose:
    position:
      x: -13.008810281313913
      y: 0.0004484219620888297
      z: 0.0
    orientation:
      x: 0.0
      y: 0.0
      z: 0.0500707649348446
      w: 0.9987456725807824
navigation_time:
  sec: 8
  nanosec: 96000000
estimated_time_remaining:
  sec: 0
  nanosec: 0
number_of_recoveries: 0
distance_remaining: 19.766082763671875

Feedback:
    current_pose:
  header:
    stamp:
      sec: 837
      nanosec: 280000000
    frame_id: map
  pose:
    position:
      x: -13.008810281313913
      y: 0.0004484219620888297
      z: 0.0
    orientation:
      x: 0.0
      y: 0.0
      z: 0.0500707649348446
      w: 0.9987456725807824
navigation_time:
  sec: 8
  nanosec: 100000000
estimated_time_remaining:
  sec: 0
  nanosec: 0
number_of_recoveries: 0
distance_remaining: 19.766082763671875

Feedback:
    current_pose:
  header:
    stamp:
      sec: 837
      nanosec: 300000000
    frame_id: map
  pose:
    position:
      x: -13.008891005044575
      y: 0.0004402748200966755
      z: 0.0
    orientation:
      x: 0.0
      y: 0.0
      z: 0.05031954094920718
      w: 0.998733169469534
navigation_time:
  sec: 8
  nanosec: 104000000
estimated_time_remaining:
  sec: 0
  nanosec: 0
number_of_recoveries: 0
distance_remaining: 19.766082763671875

Feedback:
    current_pose:
  header:
    stamp:
      sec: 837
      nanosec: 300000000
    frame_id: map
  pose:
    position:
      x: -13.008891005044575
      y: 0.0004402748200966755
      z: 0.0
    orientation:
      x: 0.0
      y: 0.0
      z: 0.05031954094920718
      w: 0.998733169469534
navigation_time:
  sec: 8
  nanosec: 104000000
estimated_time_remaining:
  sec: 0
  nanosec: 0
number_of_recoveries: 0
distance_remaining: 19.766082763671875

Feedback:
    current_pose:
  header:
    stamp:
      sec: 837
      nanosec: 300000000
    frame_id: map
  pose:
    position:
      x: -13.008891005044575
      y: 0.0004402748200966755
      z: 0.0
    orientation:
      x: 0.0
      y: 0.0
      z: 0.05031954094920718
      w: 0.998733169469534
navigation_time:
  sec: 8
  nanosec: 104000000
estimated_time_remaining:
  sec: 0
  nanosec: 0
number_of_recoveries: 0
distance_remaining: 19.766082763671875

Feedback:
    current_pose:
  header:
    stamp:
      sec: 837
      nanosec: 300000000
    frame_id: map
  pose:
    position:
      x: -13.008891005044575
      y: 0.0004402748200966755
      z: 0.0
    orientation:
      x: 0.0
      y: 0.0
      z: 0.05031954094920718
      w: 0.998733169469534
navigation_time:
  sec: 8
  nanosec: 104000000
estimated_time_remaining:
  sec: 0
  nanosec: 0
number_of_recoveries: 0
distance_remaining: 19.766082763671875

Feedback:
    current_pose:
  header:
    stamp:
      sec: 837
      nanosec: 300000000
    frame_id: map
  pose:
    position:
      x: -13.008891005044575
      y: 0.0004402748200966755
      z: 0.0
    orientation:
      x: 0.0
      y: 0.0
      z: 0.05031954094920718
      w: 0.998733169469534
navigation_time:
  sec: 8
  nanosec: 104000000
estimated_time_remaining:
  sec: 0
  nanosec: 0
number_of_recoveries: 0
distance_remaining: 19.766082763671875

Feedback:
    current_pose:
  header:
    stamp:
      sec: 837
      nanosec: 320000000
    frame_id: map
  pose:
    position:
      x: -13.009063771749197
      y: 0.0004227951414073061
      z: 0.0
    orientation:
      x: 0.0
      y: 0.0
      z: 0.05046967401692018
      w: 0.9987255939469188
navigation_time:
  sec: 8
  nanosec: 124000000
estimated_time_remaining:
  sec: 0
  nanosec: 0
number_of_recoveries: 0
distance_remaining: 19.766082763671875

Feedback:
    current_pose:
  header:
    stamp:
      sec: 837
      nanosec: 320000000
    frame_id: map
  pose:
    position:
      x: -13.009063771749197
      y: 0.0004227951414073061
      z: 0.0
    orientation:
      x: 0.0
      y: 0.0
      z: 0.05046967401692018
      w: 0.9987255939469188
navigation_time:
  sec: 8
  nanosec: 136000000
estimated_time_remaining:
  sec: 0
  nanosec: 0
number_of_recoveries: 0
distance_remaining: 19.766082763671875

Feedback:
    current_pose:
  header:
    stamp:
      sec: 837
      nanosec: 320000000
    frame_id: map
  pose:
    position:
      x: -13.009063771749197
      y: 0.0004227951414073061
      z: 0.0
    orientation:
      x: 0.0
      y: 0.0
      z: 0.05046967401692018
      w: 0.9987255939469188
navigation_time:
  sec: 8
  nanosec: 136000000
estimated_time_remaining:
  sec: 0
  nanosec: 0
number_of_recoveries: 0
distance_remaining: 19.766082763671875

Feedback:
    current_pose:
  header:
    stamp:
      sec: 837
      nanosec: 320000000
    frame_id: map
  pose:
    position:
      x: -13.009063771749197
      y: 0.0004227951414073061
      z: 0.0
    orientation:
      x: 0.0
      y: 0.0
      z: 0.05046967401692018
      w: 0.9987255939469188
navigation_time:
  sec: 8
  nanosec: 136000000
estimated_time_remaining:
  sec: 0
  nanosec: 0
number_of_recoveries: 0
distance_remaining: 19.766082763671875

Feedback:
    current_pose:
  header:
    stamp:
      sec: 837
      nanosec: 320000000
    frame_id: map
  pose:
    position:
      x: -13.009063771749197
      y: 0.0004227951414073061
      z: 0.0
    orientation:
      x: 0.0
      y: 0.0
      z: 0.05046967401692018
      w: 0.9987255939469188
navigation_time:
  sec: 8
  nanosec: 136000000
estimated_time_remaining:
  sec: 0
  nanosec: 0
number_of_recoveries: 0
distance_remaining: 19.766082763671875

Feedback:
    current_pose:
  header:
    stamp:
      sec: 837
      nanosec: 340000000
    frame_id: map
  pose:
    position:
      x: -13.009165279298713
      y: 0.00041248552967054763
      z: 0.0
    orientation:
      x: 0.0
      y: 0.0
      z: 0.05078093883635052
      w: 0.9987098158378633
navigation_time:
  sec: 8
  nanosec: 156000000
estimated_time_remaining:
  sec: 0
  nanosec: 0
number_of_recoveries: 0
distance_remaining: 19.766082763671875

Feedback:
    current_pose:
  header:
    stamp:
      sec: 837
      nanosec: 360000000
    frame_id: map
  pose:
    position:
      x: -13.009264143086767
      y: 0.00040236826602857434
      z: 0.0
    orientation:
      x: 0.0
      y: 0.0
      z: 0.051112952057429405
      w: 0.9986928787830496
navigation_time:
  sec: 8
  nanosec: 164000000
estimated_time_remaining:
  sec: 0
  nanosec: 0
number_of_recoveries: 0
distance_remaining: 19.766082763671875

Feedback:
    current_pose:
  header:
    stamp:
      sec: 837
      nanosec: 360000000
    frame_id: map
  pose:
    position:
      x: -13.009264143086767
      y: 0.00040236826602857434
      z: 0.0
    orientation:
      x: 0.0
      y: 0.0
      z: 0.051112952057429405
      w: 0.9986928787830496
navigation_time:
  sec: 8
  nanosec: 164000000
estimated_time_remaining:
  sec: 0
  nanosec: 0
number_of_recoveries: 0
distance_remaining: 19.766082763671875

Feedback:
    current_pose:
  header:
    stamp:
      sec: 837
      nanosec: 360000000
    frame_id: map
  pose:
    position:
      x: -13.009264143086767
      y: 0.00040236826602857434
      z: 0.0
    orientation:
      x: 0.0
      y: 0.0
      z: 0.051112952057429405
      w: 0.9986928787830496
navigation_time:
  sec: 8
  nanosec: 164000000
estimated_time_remaining:
  sec: 0
  nanosec: 0
number_of_recoveries: 0
distance_remaining: 19.766082763671875

Feedback:
    current_pose:
  header:
    stamp:
      sec: 837
      nanosec: 360000000
    frame_id: map
  pose:
    position:
      x: -13.009264143086767
      y: 0.00040236826602857434
      z: 0.0
    orientation:
      x: 0.0
      y: 0.0
      z: 0.051112952057429405
      w: 0.9986928787830496
navigation_time:
  sec: 8
  nanosec: 164000000
estimated_time_remaining:
  sec: 0
  nanosec: 0
number_of_recoveries: 0
distance_remaining: 19.766082763671875

Feedback:
    current_pose:
  header:
    stamp:
      sec: 837
      nanosec: 360000000
    frame_id: map
  pose:
    position:
      x: -13.009264143086767
      y: 0.00040236826602857434
      z: 0.0
    orientation:
      x: 0.0
      y: 0.0
      z: 0.051112952057429405
      w: 0.9986928787830496
navigation_time:
  sec: 8
  nanosec: 164000000
estimated_time_remaining:
  sec: 0
  nanosec: 0
number_of_recoveries: 0
distance_remaining: 19.766082763671875

Feedback:
    current_pose:
  header:
    stamp:
      sec: 837
      nanosec: 360000000
    frame_id: map
  pose:
    position:
      x: -13.009264143086767
      y: 0.00040236826602857434
      z: 0.0
    orientation:
      x: 0.0
      y: 0.0
      z: 0.051112952057429405
      w: 0.9986928787830496
navigation_time:
  sec: 8
  nanosec: 168000000
estimated_time_remaining:
  sec: 0
  nanosec: 0
number_of_recoveries: 0
distance_remaining: 19.766082763671875

Feedback:
    current_pose:
  header:
    stamp:
      sec: 837
      nanosec: 380000000
    frame_id: map
  pose:
    position:
      x: -13.009385763234889
      y: 0.0003898493157237226
      z: 0.0
    orientation:
      x: 0.0
      y: 0.0
      z: 0.051415666438524535
      w: 0.998677339907481
navigation_time:
  sec: 8
  nanosec: 192000000
estimated_time_remaining:
  sec: 0
  nanosec: 0
number_of_recoveries: 0
distance_remaining: 19.766082763671875

Feedback:
    current_pose:
  header:
    stamp:
      sec: 837
      nanosec: 380000000
    frame_id: map
  pose:
    position:
      x: -13.009385763234889
      y: 0.0003898493157237226
      z: 0.0
    orientation:
      x: 0.0
      y: 0.0
      z: 0.051415666438524535
      w: 0.998677339907481
navigation_time:
  sec: 8
  nanosec: 200000000
estimated_time_remaining:
  sec: 0
  nanosec: 0
number_of_recoveries: 0
distance_remaining: 19.766082763671875

Feedback:
    current_pose:
  header:
    stamp:
      sec: 837
      nanosec: 400000000
    frame_id: map
  pose:
    position:
      x: -13.00920962799401
      y: 0.00040807596528757983
      z: 0.0
    orientation:
      x: 0.0
      y: 0.0
      z: 0.05165263604334534
      w: 0.9986651116314086
navigation_time:
  sec: 8
  nanosec: 200000000
estimated_time_remaining:
  sec: 0
  nanosec: 0
number_of_recoveries: 0
distance_remaining: 19.766082763671875

Feedback:
    current_pose:
  header:
    stamp:
      sec: 837
      nanosec: 400000000
    frame_id: map
  pose:
    position:
      x: -13.00920962799401
      y: 0.00040807596528757983
      z: 0.0
    orientation:
      x: 0.0
      y: 0.0
      z: 0.05165263604334534
      w: 0.9986651116314086
navigation_time:
  sec: 8
  nanosec: 200000000
estimated_time_remaining:
  sec: 0
  nanosec: 0
number_of_recoveries: 0
distance_remaining: 19.766082763671875

Feedback:
    current_pose:
  header:
    stamp:
      sec: 837
      nanosec: 400000000
    frame_id: map
  pose:
    position:
      x: -13.00920962799401
      y: 0.00040807596528757983
      z: 0.0
    orientation:
      x: 0.0
      y: 0.0
      z: 0.05165263604334534
      w: 0.9986651116314086
navigation_time:
  sec: 8
  nanosec: 200000000
estimated_time_remaining:
  sec: 0
  nanosec: 0
number_of_recoveries: 0
distance_remaining: 19.766082763671875

Feedback:
    current_pose:
  header:
    stamp:
      sec: 837
      nanosec: 400000000
    frame_id: map
  pose:
    position:
      x: -13.00920962799401
      y: 0.00040807596528757983
      z: 0.0
    orientation:
      x: 0.0
      y: 0.0
      z: 0.05165263604334534
      w: 0.9986651116314086
navigation_time:
  sec: 8
  nanosec: 200000000
estimated_time_remaining:
  sec: 0
  nanosec: 0
number_of_recoveries: 0
distance_remaining: 19.766082763671875

Feedback:
    current_pose:
  header:
    stamp:
      sec: 837
      nanosec: 400000000
    frame_id: map
  pose:
    position:
      x: -13.00920962799401
      y: 0.00040807596528757983
      z: 0.0
    orientation:
      x: 0.0
      y: 0.0
      z: 0.05165263604334534
      w: 0.9986651116314086
navigation_time:
  sec: 8
  nanosec: 220000000
estimated_time_remaining:
  sec: 0
  nanosec: 0
number_of_recoveries: 0
distance_remaining: 19.766082763671875

Feedback:
    current_pose:
  header:
    stamp:
      sec: 837
      nanosec: 400000000
    frame_id: map
  pose:
    position:
      x: -13.00920962799401
      y: 0.00040807596528757983
      z: 0.0
    orientation:
      x: 0.0
      y: 0.0
      z: 0.05165263604334534
      w: 0.9986651116314086
navigation_time:
  sec: 8
  nanosec: 220000000
estimated_time_remaining:
  sec: 0
  nanosec: 0
number_of_recoveries: 0
distance_remaining: 19.766082763671875

Feedback:
    current_pose:
  header:
    stamp:
      sec: 837
      nanosec: 420000000
    frame_id: map
  pose:
    position:
      x: -13.008872535362741
      y: 0.00044302404661067385
      z: 0.0
    orientation:
      x: 0.0
      y: 0.0
      z: 0.05165524115836587
      w: 0.9986649768870797
navigation_time:
  sec: 8
  nanosec: 224000000
estimated_time_remaining:
  sec: 0
  nanosec: 0
number_of_recoveries: 0
distance_remaining: 19.766082763671875

Feedback:
    current_pose:
  header:
    stamp:
      sec: 837
      nanosec: 420000000
    frame_id: map
  pose:
    position:
      x: -13.008872535362741
      y: 0.00044302404661067385
      z: 0.0
    orientation:
      x: 0.0
      y: 0.0
      z: 0.05165524115836587
      w: 0.9986649768870797
navigation_time:
  sec: 8
  nanosec: 228000000
estimated_time_remaining:
  sec: 0
  nanosec: 0
number_of_recoveries: 0
distance_remaining: 19.766082763671875

Feedback:
    current_pose:
  header:
    stamp:
      sec: 837
      nanosec: 420000000
    frame_id: map
  pose:
    position:
      x: -13.008872535362741
      y: 0.00044302404661067385
      z: 0.0
    orientation:
      x: 0.0
      y: 0.0
      z: 0.05165524115836587
      w: 0.9986649768870797
navigation_time:
  sec: 8
  nanosec: 228000000
estimated_time_remaining:
  sec: 0
  nanosec: 0
number_of_recoveries: 0
distance_remaining: 19.766082763671875

Feedback:
    current_pose:
  header:
    stamp:
      sec: 837
      nanosec: 420000000
    frame_id: map
  pose:
    position:
      x: -13.008872535362741
      y: 0.00044302404661067385
      z: 0.0
    orientation:
      x: 0.0
      y: 0.0
      z: 0.05165524115836587
      w: 0.9986649768870797
navigation_time:
  sec: 8
  nanosec: 228000000
estimated_time_remaining:
  sec: 0
  nanosec: 0
number_of_recoveries: 0
distance_remaining: 19.766082763671875

Feedback:
    current_pose:
  header:
    stamp:
      sec: 837
      nanosec: 420000000
    frame_id: map
  pose:
    position:
      x: -13.008872535362741
      y: 0.00044302404661067385
      z: 0.0
    orientation:
      x: 0.0
      y: 0.0
      z: 0.05165524115836587
      w: 0.9986649768870797
navigation_time:
  sec: 8
  nanosec: 228000000
estimated_time_remaining:
  sec: 0
  nanosec: 0
number_of_recoveries: 0
distance_remaining: 19.766082763671875

Feedback:
    current_pose:
  header:
    stamp:
      sec: 837
      nanosec: 420000000
    frame_id: map
  pose:
    position:
      x: -13.008872535362741
      y: 0.00044302404661067385
      z: 0.0
    orientation:
      x: 0.0
      y: 0.0
      z: 0.05165524115836587
      w: 0.9986649768870797
navigation_time:
  sec: 8
  nanosec: 228000000
estimated_time_remaining:
  sec: 0
  nanosec: 0
number_of_recoveries: 0
distance_remaining: 19.766082763671875

Feedback:
    current_pose:
  header:
    stamp:
      sec: 837
      nanosec: 420000000
    frame_id: map
  pose:
    position:
      x: -13.008872535362741
      y: 0.00044302404661067385
      z: 0.0
    orientation:
      x: 0.0
      y: 0.0
      z: 0.05165524115836587
      w: 0.9986649768870797
navigation_time:
  sec: 8
  nanosec: 240000000
estimated_time_remaining:
  sec: 0
  nanosec: 0
number_of_recoveries: 0
distance_remaining: 19.766082763671875

Feedback:
    current_pose:
  header:
    stamp:
      sec: 837
      nanosec: 460000000
    frame_id: map
  pose:
    position:
      x: -13.007987756342843
      y: 0.0005352588184557305
      z: 0.0
    orientation:
      x: 0.0
      y: 0.0
      z: 0.0521169081187973
      w: 0.9986409904906451
navigation_time:
  sec: 8
  nanosec: 264000000
estimated_time_remaining:
  sec: 0
  nanosec: 0
number_of_recoveries: 0
distance_remaining: 19.766082763671875

Feedback:
    current_pose:
  header:
    stamp:
      sec: 837
      nanosec: 460000000
    frame_id: map
  pose:
    position:
      x: -13.007987756342843
      y: 0.0005352588184557305
      z: 0.0
    orientation:
      x: 0.0
      y: 0.0
      z: 0.0521169081187973
      w: 0.9986409904906451
navigation_time:
  sec: 8
  nanosec: 264000000
estimated_time_remaining:
  sec: 0
  nanosec: 0
number_of_recoveries: 0
distance_remaining: 19.766082763671875

Feedback:
    current_pose:
  header:
    stamp:
      sec: 837
      nanosec: 460000000
    frame_id: map
  pose:
    position:
      x: -13.007987756342843
      y: 0.0005352588184557305
      z: 0.0
    orientation:
      x: 0.0
      y: 0.0
      z: 0.0521169081187973
      w: 0.9986409904906451
navigation_time:
  sec: 8
  nanosec: 264000000
estimated_time_remaining:
  sec: 0
  nanosec: 0
number_of_recoveries: 0
distance_remaining: 19.766082763671875

Feedback:
    current_pose:
  header:
    stamp:
      sec: 837
      nanosec: 460000000
    frame_id: map
  pose:
    position:
      x: -13.007987756342843
      y: 0.0005352588184557305
      z: 0.0
    orientation:
      x: 0.0
      y: 0.0
      z: 0.0521169081187973
      w: 0.9986409904906451
navigation_time:
  sec: 8
  nanosec: 264000000
estimated_time_remaining:
  sec: 0
  nanosec: 0
number_of_recoveries: 0
distance_remaining: 19.766082763671875

Feedback:
    current_pose:
  header:
    stamp:
      sec: 837
      nanosec: 460000000
    frame_id: map
  pose:
    position:
      x: -13.007987756342843
      y: 0.0005352588184557305
      z: 0.0
    orientation:
      x: 0.0
      y: 0.0
      z: 0.0521169081187973
      w: 0.9986409904906451
navigation_time:
  sec: 8
  nanosec: 264000000
estimated_time_remaining:
  sec: 0
  nanosec: 0
number_of_recoveries: 0
distance_remaining: 19.766082763671875

Feedback:
    current_pose:
  header:
    stamp:
      sec: 837
      nanosec: 480000000
    frame_id: map
  pose:
    position:
      x: -13.00765622386956
      y: 0.0005700058770568006
      z: 0.0
    orientation:
      x: 0.0
      y: 0.0
      z: 0.05227039608848346
      w: 0.9986329684587593
navigation_time:
  sec: 8
  nanosec: 292000000
estimated_time_remaining:
  sec: 0
  nanosec: 0
number_of_recoveries: 0
distance_remaining: 19.766082763671875

Feedback:
    current_pose:
  header:
    stamp:
      sec: 837
      nanosec: 480000000
    frame_id: map
  pose:
    position:
      x: -13.00765622386956
      y: 0.0005700058770568006
      z: 0.0
    orientation:
      x: 0.0
      y: 0.0
      z: 0.05227039608848346
      w: 0.9986329684587593
navigation_time:
  sec: 8
  nanosec: 292000000
estimated_time_remaining:
  sec: 0
  nanosec: 0
number_of_recoveries: 0
distance_remaining: 19.766082763671875

Feedback:
    current_pose:
  header:
    stamp:
      sec: 837
      nanosec: 480000000
    frame_id: map
  pose:
    position:
      x: -13.00765622386956
      y: 0.0005700058770568006
      z: 0.0
    orientation:
      x: 0.0
      y: 0.0
      z: 0.05227039608848346
      w: 0.9986329684587593
navigation_time:
  sec: 8
  nanosec: 292000000
estimated_time_remaining:
  sec: 0
  nanosec: 0
number_of_recoveries: 0
distance_remaining: 19.766082763671875

Feedback:
    current_pose:
  header:
    stamp:
      sec: 837
      nanosec: 480000000
    frame_id: map
  pose:
    position:
      x: -13.00765622386956
      y: 0.0005700058770568006
      z: 0.0
    orientation:
      x: 0.0
      y: 0.0
      z: 0.05227039608848346
      w: 0.9986329684587593
navigation_time:
  sec: 8
  nanosec: 292000000
estimated_time_remaining:
  sec: 0
  nanosec: 0
number_of_recoveries: 0
distance_remaining: 19.766082763671875

Feedback:
    current_pose:
  header:
    stamp:
      sec: 837
      nanosec: 500000000
    frame_id: map
  pose:
    position:
      x: -13.007450640105503
      y: 0.0005916090991657796
      z: 0.0
    orientation:
      x: 0.0
      y: 0.0
      z: 0.05237988557816436
      w: 0.998627231546796
navigation_time:
  sec: 8
  nanosec: 308000000
estimated_time_remaining:
  sec: 0
  nanosec: 0
number_of_recoveries: 0
distance_remaining: 19.766082763671875

Feedback:
    current_pose:
  header:
    stamp:
      sec: 837
      nanosec: 520000000
    frame_id: map
  pose:
    position:
      x: -13.007250944225817
      y: 0.0006126363148926117
      z: 0.0
    orientation:
      x: 0.0
      y: 0.0
      z: 0.0524816218637315
      w: 0.9986218900898138
navigation_time:
  sec: 8
  nanosec: 324000000
estimated_time_remaining:
  sec: 0
  nanosec: 0
number_of_recoveries: 0
distance_remaining: 19.766082763671875

Feedback:
    current_pose:
  header:
    stamp:
      sec: 837
      nanosec: 520000000
    frame_id: map
  pose:
    position:
      x: -13.007250944225817
      y: 0.0006126363148926117
      z: 0.0
    orientation:
      x: 0.0
      y: 0.0
      z: 0.0524816218637315
      w: 0.9986218900898138
navigation_time:
  sec: 8
  nanosec: 328000000
estimated_time_remaining:
  sec: 0
  nanosec: 0
number_of_recoveries: 0
distance_remaining: 19.766082763671875

Feedback:
    current_pose:
  header:
    stamp:
      sec: 837
      nanosec: 520000000
    frame_id: map
  pose:
    position:
      x: -13.007250944225817
      y: 0.0006126363148926117
      z: 0.0
    orientation:
      x: 0.0
      y: 0.0
      z: 0.0524816218637315
      w: 0.9986218900898138
navigation_time:
  sec: 8
  nanosec: 328000000
estimated_time_remaining:
  sec: 0
  nanosec: 0
number_of_recoveries: 0
distance_remaining: 19.766082763671875

Feedback:
    current_pose:
  header:
    stamp:
      sec: 837
      nanosec: 520000000
    frame_id: map
  pose:
    position:
      x: -13.007250944225817
      y: 0.0006126363148926117
      z: 0.0
    orientation:
      x: 0.0
      y: 0.0
      z: 0.0524816218637315
      w: 0.9986218900898138
navigation_time:
  sec: 8
  nanosec: 328000000
estimated_time_remaining:
  sec: 0
  nanosec: 0
number_of_recoveries: 0
distance_remaining: 19.766082763671875

Feedback:
    current_pose:
  header:
    stamp:
      sec: 837
      nanosec: 520000000
    frame_id: map
  pose:
    position:
      x: -13.007250944225817
      y: 0.0006126363148926117
      z: 0.0
    orientation:
      x: 0.0
      y: 0.0
      z: 0.0524816218637315
      w: 0.9986218900898138
navigation_time:
  sec: 8
  nanosec: 328000000
estimated_time_remaining:
  sec: 0
  nanosec: 0
number_of_recoveries: 0
distance_remaining: 19.766082763671875

Feedback:
    current_pose:
  header:
    stamp:
      sec: 837
      nanosec: 540000000
    frame_id: map
  pose:
    position:
      x: -13.007117585555164
      y: 0.0006267035897753459
      z: 0.0
    orientation:
      x: 0.0
      y: 0.0
      z: 0.0527102725696659
      w: 0.9986098473205798
navigation_time:
  sec: 8
  nanosec: 348000000
estimated_time_remaining:
  sec: 0
  nanosec: 0
number_of_recoveries: 0
distance_remaining: 19.766082763671875

Feedback:
    current_pose:
  header:
    stamp:
      sec: 837
      nanosec: 540000000
    frame_id: map
  pose:
    position:
      x: -13.007117585555164
      y: 0.0006267035897753459
      z: 0.0
    orientation:
      x: 0.0
      y: 0.0
      z: 0.0527102725696659
      w: 0.9986098473205798
navigation_time:
  sec: 8
  nanosec: 360000000
estimated_time_remaining:
  sec: 0
  nanosec: 0
number_of_recoveries: 0
distance_remaining: 19.766082763671875

Feedback:
    current_pose:
  header:
    stamp:
      sec: 837
      nanosec: 540000000
    frame_id: map
  pose:
    position:
      x: -13.007117585555164
      y: 0.0006267035897753459
      z: 0.0
    orientation:
      x: 0.0
      y: 0.0
      z: 0.0527102725696659
      w: 0.9986098473205798
navigation_time:
  sec: 8
  nanosec: 360000000
estimated_time_remaining:
  sec: 0
  nanosec: 0
number_of_recoveries: 0
distance_remaining: 19.766082763671875

Feedback:
    current_pose:
  header:
    stamp:
      sec: 837
      nanosec: 540000000
    frame_id: map
  pose:
    position:
      x: -13.007117585555164
      y: 0.0006267035897753459
      z: 0.0
    orientation:
      x: 0.0
      y: 0.0
      z: 0.0527102725696659
      w: 0.9986098473205798
navigation_time:
  sec: 8
  nanosec: 360000000
estimated_time_remaining:
  sec: 0
  nanosec: 0
number_of_recoveries: 0
distance_remaining: 19.766082763671875

Feedback:
    current_pose:
  header:
    stamp:
      sec: 837
      nanosec: 560000000
    frame_id: map
  pose:
    position:
      x: -13.00708372966379
      y: 0.0006303020163365147
      z: 0.0
    orientation:
      x: 0.0
      y: 0.0
      z: 0.053129289060661486
      w: 0.9985876419443156
navigation_time:
  sec: 8
  nanosec: 380000000
estimated_time_remaining:
  sec: 0
  nanosec: 0
number_of_recoveries: 0
distance_remaining: 19.766082763671875

Feedback:
    current_pose:
  header:
    stamp:
      sec: 837
      nanosec: 580000000
    frame_id: map
  pose:
    position:
      x: -13.00716918236219
      y: 0.0006211433423803925
      z: 0.0
    orientation:
      x: 0.0
      y: 0.0
      z: 0.05338291039636328
      w: 0.9985741158660252
navigation_time:
  sec: 8
  nanosec: 392000000
estimated_time_remaining:
  sec: 0
  nanosec: 0
number_of_recoveries: 0
distance_remaining: 19.766082763671875

Feedback:
    current_pose:
  header:
    stamp:
      sec: 837
      nanosec: 580000000
    frame_id: map
  pose:
    position:
      x: -13.00716918236219
      y: 0.0006211433423803925
      z: 0.0
    orientation:
      x: 0.0
      y: 0.0
      z: 0.05338291039636328
      w: 0.9985741158660252
navigation_time:
  sec: 8
  nanosec: 396000000
estimated_time_remaining:
  sec: 0
  nanosec: 0
number_of_recoveries: 0
distance_remaining: 19.766082763671875

Feedback:
    current_pose:
  header:
    stamp:
      sec: 837
      nanosec: 580000000
    frame_id: map
  pose:
    position:
      x: -13.00716918236219
      y: 0.0006211433423803925
      z: 0.0
    orientation:
      x: 0.0
      y: 0.0
      z: 0.05338291039636328
      w: 0.9985741158660252
navigation_time:
  sec: 8
  nanosec: 396000000
estimated_time_remaining:
  sec: 0
  nanosec: 0
number_of_recoveries: 0
distance_remaining: 19.766082763671875

Feedback:
    current_pose:
  header:
    stamp:
      sec: 837
      nanosec: 580000000
    frame_id: map
  pose:
    position:
      x: -13.00716918236219
      y: 0.0006211433423803925
      z: 0.0
    orientation:
      x: 0.0
      y: 0.0
      z: 0.05338291039636328
      w: 0.9985741158660252
navigation_time:
  sec: 8
  nanosec: 396000000
estimated_time_remaining:
  sec: 0
  nanosec: 0
number_of_recoveries: 0
distance_remaining: 19.766082763671875

Feedback:
    current_pose:
  header:
    stamp:
      sec: 837
      nanosec: 600000000
    frame_id: map
  pose:
    position:
      x: -13.00726513387346
      y: 0.0006108481886943906
      z: 0.0
    orientation:
      x: 0.0
      y: 0.0
      z: 0.05350251847001242
      w: 0.9985677145378604
navigation_time:
  sec: 8
  nanosec: 416000000
estimated_time_remaining:
  sec: 0
  nanosec: 0
number_of_recoveries: 0
distance_remaining: 19.766082763671875

Feedback:
    current_pose:
  header:
    stamp:
      sec: 837
      nanosec: 620000000
    frame_id: map
  pose:
    position:
      x: -13.00708494483544
      y: 0.0006302170583811773
      z: 0.0
    orientation:
      x: 0.0
      y: 0.0
      z: 0.05352711290461628
      w: 0.9985663964825257
navigation_time:
  sec: 8
  nanosec: 424000000
estimated_time_remaining:
  sec: 0
  nanosec: 0
number_of_recoveries: 0
distance_remaining: 19.766082763671875

Feedback:
    current_pose:
  header:
    stamp:
      sec: 837
      nanosec: 620000000
    frame_id: map
  pose:
    position:
      x: -13.00708494483544
      y: 0.0006302170583811773
      z: 0.0
    orientation:
      x: 0.0
      y: 0.0
      z: 0.05352711290461628
      w: 0.9985663964825257
navigation_time:
  sec: 8
  nanosec: 424000000
estimated_time_remaining:
  sec: 0
  nanosec: 0
number_of_recoveries: 0
distance_remaining: 19.766082763671875

Feedback:
    current_pose:
  header:
    stamp:
      sec: 837
      nanosec: 620000000
    frame_id: map
  pose:
    position:
      x: -13.00708494483544
      y: 0.0006302170583811773
      z: 0.0
    orientation:
      x: 0.0
      y: 0.0
      z: 0.05352711290461628
      w: 0.9985663964825257
navigation_time:
  sec: 8
  nanosec: 424000000
estimated_time_remaining:
  sec: 0
  nanosec: 0
number_of_recoveries: 0
distance_remaining: 19.766082763671875

Feedback:
    current_pose:
  header:
    stamp:
      sec: 837
      nanosec: 620000000
    frame_id: map
  pose:
    position:
      x: -13.00708494483544
      y: 0.0006302170583811773
      z: 0.0
    orientation:
      x: 0.0
      y: 0.0
      z: 0.05352711290461628
      w: 0.9985663964825257
navigation_time:
  sec: 8
  nanosec: 424000000
estimated_time_remaining:
  sec: 0
  nanosec: 0
number_of_recoveries: 0
distance_remaining: 19.766082763671875

Feedback:
    current_pose:
  header:
    stamp:
      sec: 837
      nanosec: 620000000
    frame_id: map
  pose:
    position:
      x: -13.00708494483544
      y: 0.0006302170583811773
      z: 0.0
    orientation:
      x: 0.0
      y: 0.0
      z: 0.05352711290461628
      w: 0.9985663964825257
navigation_time:
  sec: 8
  nanosec: 424000000
estimated_time_remaining:
  sec: 0
  nanosec: 0
number_of_recoveries: 0
distance_remaining: 19.766082763671875

Feedback:
    current_pose:
  header:
    stamp:
      sec: 837
      nanosec: 640000000
    frame_id: map
  pose:
    position:
      x: -13.006933389793033
      y: 0.0006465001116779945
      z: 0.0
    orientation:
      x: 0.0
      y: 0.0
      z: 0.05336342549119079
      w: 0.998575157321594
navigation_time:
  sec: 8
  nanosec: 456000000
estimated_time_remaining:
  sec: 0
  nanosec: 0
number_of_recoveries: 0
distance_remaining: 19.766082763671875

Feedback:
    current_pose:
  header:
    stamp:
      sec: 837
      nanosec: 640000000
    frame_id: map
  pose:
    position:
      x: -13.006933389793033
      y: 0.0006465001116779945
      z: 0.0
    orientation:
      x: 0.0
      y: 0.0
      z: 0.05336342549119079
      w: 0.998575157321594
navigation_time:
  sec: 8
  nanosec: 460000000
estimated_time_remaining:
  sec: 0
  nanosec: 0
number_of_recoveries: 0
distance_remaining: 19.766082763671875

Feedback:
    current_pose:
  header:
    stamp:
      sec: 837
      nanosec: 640000000
    frame_id: map
  pose:
    position:
      x: -13.006933389793033
      y: 0.0006465001116779945
      z: 0.0
    orientation:
      x: 0.0
      y: 0.0
      z: 0.05336342549119079
      w: 0.998575157321594
navigation_time:
  sec: 8
  nanosec: 460000000
estimated_time_remaining:
  sec: 0
  nanosec: 0
number_of_recoveries: 0
distance_remaining: 19.766082763671875

Feedback:
    current_pose:
  header:
    stamp:
      sec: 837
      nanosec: 640000000
    frame_id: map
  pose:
    position:
      x: -13.006933389793033
      y: 0.0006465001116779945
      z: 0.0
    orientation:
      x: 0.0
      y: 0.0
      z: 0.05336342549119079
      w: 0.998575157321594
navigation_time:
  sec: 8
  nanosec: 460000000
estimated_time_remaining:
  sec: 0
  nanosec: 0
number_of_recoveries: 0
distance_remaining: 19.766082763671875

Feedback:
    current_pose:
  header:
    stamp:
      sec: 837
      nanosec: 660000000
    frame_id: map
  pose:
    position:
      x: -13.006800917060872
      y: 0.0006606604259484783
      z: 0.0
    orientation:
      x: 0.0
      y: 0.0
      z: 0.053074213307601745
      w: 0.9985905706954072
navigation_time:
  sec: 8
  nanosec: 468000000
estimated_time_remaining:
  sec: 0
  nanosec: 0
number_of_recoveries: 0
distance_remaining: 19.766082763671875

Feedback:
    current_pose:
  header:
    stamp:
      sec: 837
      nanosec: 680000000
    frame_id: map
  pose:
    position:
      x: -13.006622480065616
      y: 0.0006796271274396304
      z: 0.0
    orientation:
      x: 0.0
      y: 0.0
      z: 0.05277224096276607
      w: 0.9986065744745365
navigation_time:
  sec: 8
  nanosec: 496000000
estimated_time_remaining:
  sec: 0
  nanosec: 0
number_of_recoveries: 0
distance_remaining: 19.766082763671875

Feedback:
    current_pose:
  header:
    stamp:
      sec: 837
      nanosec: 680000000
    frame_id: map
  pose:
    position:
      x: -13.006622480065616
      y: 0.0006796271274396304
      z: 0.0
    orientation:
      x: 0.0
      y: 0.0
      z: 0.05277224096276607
      w: 0.9986065744745365
navigation_time:
  sec: 8
  nanosec: 500000000
estimated_time_remaining:
  sec: 0
  nanosec: 0
number_of_recoveries: 0
distance_remaining: 19.766082763671875

Feedback:
    current_pose:
  header:
    stamp:
      sec: 837
      nanosec: 680000000
    frame_id: map
  pose:
    position:
      x: -13.006622480065616
      y: 0.0006796271274396304
      z: 0.0
    orientation:
      x: 0.0
      y: 0.0
      z: 0.05277224096276607
      w: 0.9986065744745365
navigation_time:
  sec: 8
  nanosec: 500000000
estimated_time_remaining:
  sec: 0
  nanosec: 0
number_of_recoveries: 0
distance_remaining: 19.766082763671875

Feedback:
    current_pose:
  header:
    stamp:
      sec: 837
      nanosec: 680000000
    frame_id: map
  pose:
    position:
      x: -13.006622480065616
      y: 0.0006796271274396304
      z: 0.0
    orientation:
      x: 0.0
      y: 0.0
      z: 0.05277224096276607
      w: 0.9986065744745365
navigation_time:
  sec: 8
  nanosec: 500000000
estimated_time_remaining:
  sec: 0
  nanosec: 0
number_of_recoveries: 0
distance_remaining: 19.766082763671875

Feedback:
    current_pose:
  header:
    stamp:
      sec: 837
      nanosec: 680000000
    frame_id: map
  pose:
    position:
      x: -13.006622480065616
      y: 0.0006796271274396304
      z: 0.0
    orientation:
      x: 0.0
      y: 0.0
      z: 0.05277224096276607
      w: 0.9986065744745365
navigation_time:
  sec: 8
  nanosec: 500000000
estimated_time_remaining:
  sec: 0
  nanosec: 0
number_of_recoveries: 0
distance_remaining: 19.766082763671875

Feedback:
    current_pose:
  header:
    stamp:
      sec: 837
      nanosec: 720000000
    frame_id: map
  pose:
    position:
      x: -13.00608870821145
      y: 0.0007358107383854673
      z: 0.0
    orientation:
      x: 0.0
      y: 0.0
      z: 0.052142809747188136
      w: 0.9986396384039983
navigation_time:
  sec: 8
  nanosec: 528000000
estimated_time_remaining:
  sec: 0
  nanosec: 0
number_of_recoveries: 0
distance_remaining: 19.766082763671875

Feedback:
    current_pose:
  header:
    stamp:
      sec: 837
      nanosec: 720000000
    frame_id: map
  pose:
    position:
      x: -13.00608870821145
      y: 0.0007358107383854673
      z: 0.0
    orientation:
      x: 0.0
      y: 0.0
      z: 0.052142809747188136
      w: 0.9986396384039983
navigation_time:
  sec: 8
  nanosec: 528000000
estimated_time_remaining:
  sec: 0
  nanosec: 0
number_of_recoveries: 0
distance_remaining: 19.766082763671875

Feedback:
    current_pose:
  header:
    stamp:
      sec: 837
      nanosec: 720000000
    frame_id: map
  pose:
    position:
      x: -13.00608870821145
      y: 0.0007358107383854673
      z: 0.0
    orientation:
      x: 0.0
      y: 0.0
      z: 0.052142809747188136
      w: 0.9986396384039983
navigation_time:
  sec: 8
  nanosec: 528000000
estimated_time_remaining:
  sec: 0
  nanosec: 0
number_of_recoveries: 0
distance_remaining: 19.766082763671875

Feedback:
    current_pose:
  header:
    stamp:
      sec: 837
      nanosec: 720000000
    frame_id: map
  pose:
    position:
      x: -13.00608870821145
      y: 0.0007358107383854673
      z: 0.0
    orientation:
      x: 0.0
      y: 0.0
      z: 0.052142809747188136
      w: 0.9986396384039983
navigation_time:
  sec: 8
  nanosec: 528000000
estimated_time_remaining:
  sec: 0
  nanosec: 0
number_of_recoveries: 0
distance_remaining: 19.766082763671875

Feedback:
    current_pose:
  header:
    stamp:
      sec: 837
      nanosec: 740000000
    frame_id: map
  pose:
    position:
      x: -13.00575134512367
      y: 0.0007710308553061651
      z: 0.0
    orientation:
      x: 0.0
      y: 0.0
      z: 0.05183140466564653
      w: 0.9986558493747412
navigation_time:
  sec: 8
  nanosec: 556000000
estimated_time_remaining:
  sec: 0
  nanosec: 0
number_of_recoveries: 0
distance_remaining: 19.766082763671875

Feedback:
    current_pose:
  header:
    stamp:
      sec: 837
      nanosec: 740000000
    frame_id: map
  pose:
    position:
      x: -13.00575134512367
      y: 0.0007710308553061651
      z: 0.0
    orientation:
      x: 0.0
      y: 0.0
      z: 0.05183140466564653
      w: 0.9986558493747412
navigation_time:
  sec: 8
  nanosec: 560000000
estimated_time_remaining:
  sec: 0
  nanosec: 0
number_of_recoveries: 0
distance_remaining: 19.766082763671875

Feedback:
    current_pose:
  header:
    stamp:
      sec: 837
      nanosec: 740000000
    frame_id: map
  pose:
    position:
      x: -13.00575134512367
      y: 0.0007710308553061651
      z: 0.0
    orientation:
      x: 0.0
      y: 0.0
      z: 0.05183140466564653
      w: 0.9986558493747412
navigation_time:
  sec: 8
  nanosec: 560000000
estimated_time_remaining:
  sec: 0
  nanosec: 0
number_of_recoveries: 0
distance_remaining: 19.766082763671875

Feedback:
    current_pose:
  header:
    stamp:
      sec: 837
      nanosec: 740000000
    frame_id: map
  pose:
    position:
      x: -13.00575134512367
      y: 0.0007710308553061651
      z: 0.0
    orientation:
      x: 0.0
      y: 0.0
      z: 0.05183140466564653
      w: 0.9986558493747412
navigation_time:
  sec: 8
  nanosec: 560000000
estimated_time_remaining:
  sec: 0
  nanosec: 0
number_of_recoveries: 0
distance_remaining: 19.766082763671875

Feedback:
    current_pose:
  header:
    stamp:
      sec: 837
      nanosec: 740000000
    frame_id: map
  pose:
    position:
      x: -13.00575134512367
      y: 0.0007710308553061651
      z: 0.0
    orientation:
      x: 0.0
      y: 0.0
      z: 0.05183140466564653
      w: 0.9986558493747412
navigation_time:
  sec: 8
  nanosec: 560000000
estimated_time_remaining:
  sec: 0
  nanosec: 0
number_of_recoveries: 0
distance_remaining: 19.766082763671875

Feedback:
    current_pose:
  header:
    stamp:
      sec: 837
      nanosec: 780000000
    frame_id: map
  pose:
    position:
      x: -13.00515360733587
      y: 0.0008329082021631962
      z: 0.0
    orientation:
      x: 0.0
      y: 0.0
      z: 0.05122511214848546
      w: 0.9986871321316678
navigation_time:
  sec: 8
  nanosec: 592000000
estimated_time_remaining:
  sec: 0
  nanosec: 0
number_of_recoveries: 0
distance_remaining: 19.766082763671875

Feedback:
    current_pose:
  header:
    stamp:
      sec: 837
      nanosec: 780000000
    frame_id: map
  pose:
    position:
      x: -13.00515360733587
      y: 0.0008329082021631962
      z: 0.0
    orientation:
      x: 0.0
      y: 0.0
      z: 0.05122511214848546
      w: 0.9986871321316678
navigation_time:
  sec: 8
  nanosec: 592000000
estimated_time_remaining:
  sec: 0
  nanosec: 0
number_of_recoveries: 0
distance_remaining: 19.766082763671875

Feedback:
    current_pose:
  header:
    stamp:
      sec: 837
      nanosec: 780000000
    frame_id: map
  pose:
    position:
      x: -13.00515360733587
      y: 0.0008329082021631962
      z: 0.0
    orientation:
      x: 0.0
      y: 0.0
      z: 0.05122511214848546
      w: 0.9986871321316678
navigation_time:
  sec: 8
  nanosec: 592000000
estimated_time_remaining:
  sec: 0
  nanosec: 0
number_of_recoveries: 0
distance_remaining: 19.766082763671875

Feedback:
    current_pose:
  header:
    stamp:
      sec: 837
      nanosec: 780000000
    frame_id: map
  pose:
    position:
      x: -13.00515360733587
      y: 0.0008329082021631962
      z: 0.0
    orientation:
      x: 0.0
      y: 0.0
      z: 0.05122511214848546
      w: 0.9986871321316678
navigation_time:
  sec: 8
  nanosec: 592000000
estimated_time_remaining:
  sec: 0
  nanosec: 0
number_of_recoveries: 0
distance_remaining: 19.766082763671875

Feedback:
    current_pose:
  header:
    stamp:
      sec: 837
      nanosec: 800000000
    frame_id: map
  pose:
    position:
      x: -13.004958630787897
      y: 0.0008528747223852662
      z: 0.0
    orientation:
      x: 0.0
      y: 0.0
      z: 0.050779609656149034
      w: 0.9987098834211912
navigation_time:
  sec: 8
  nanosec: 620000000
estimated_time_remaining:
  sec: 0
  nanosec: 0
number_of_recoveries: 0
distance_remaining: 19.766082763671875

Feedback:
    current_pose:
  header:
    stamp:
      sec: 837
      nanosec: 820000000
    frame_id: map
  pose:
    position:
      x: -13.004795882853628
      y: 0.0008693956776308909
      z: 0.0
    orientation:
      x: 0.0
      y: 0.0
      z: 0.05032290040177401
      w: 0.9987330002033341
navigation_time:
  sec: 8
  nanosec: 620000000
estimated_time_remaining:
  sec: 0
  nanosec: 0
number_of_recoveries: 0
distance_remaining: 19.766082763671875

Feedback:
    current_pose:
  header:
    stamp:
      sec: 837
      nanosec: 820000000
    frame_id: map
  pose:
    position:
      x: -13.004795882853628
      y: 0.0008693956776308909
      z: 0.0
    orientation:
      x: 0.0
      y: 0.0
      z: 0.05032290040177401
      w: 0.9987330002033341
navigation_time:
  sec: 8
  nanosec: 620000000
estimated_time_remaining:
  sec: 0
  nanosec: 0
number_of_recoveries: 0
distance_remaining: 19.766082763671875

Feedback:
    current_pose:
  header:
    stamp:
      sec: 837
      nanosec: 820000000
    frame_id: map
  pose:
    position:
      x: -13.004795882853628
      y: 0.0008693956776308909
      z: 0.0
    orientation:
      x: 0.0
      y: 0.0
      z: 0.05032290040177401
      w: 0.9987330002033341
navigation_time:
  sec: 8
  nanosec: 620000000
estimated_time_remaining:
  sec: 0
  nanosec: 0
number_of_recoveries: 0
distance_remaining: 19.766082763671875

Feedback:
    current_pose:
  header:
    stamp:
      sec: 837
      nanosec: 820000000
    frame_id: map
  pose:
    position:
      x: -13.004795882853628
      y: 0.0008693956776308909
      z: 0.0
    orientation:
      x: 0.0
      y: 0.0
      z: 0.05032290040177401
      w: 0.9987330002033341
navigation_time:
  sec: 8
  nanosec: 620000000
estimated_time_remaining:
  sec: 0
  nanosec: 0
number_of_recoveries: 0
distance_remaining: 19.766082763671875

Feedback:
    current_pose:
  header:
    stamp:
      sec: 837
      nanosec: 820000000
    frame_id: map
  pose:
    position:
      x: -13.004795882853628
      y: 0.0008693956776308909
      z: 0.0
    orientation:
      x: 0.0
      y: 0.0
      z: 0.05032290040177401
      w: 0.9987330002033341
navigation_time:
  sec: 8
  nanosec: 640000000
estimated_time_remaining:
  sec: 0
  nanosec: 0
number_of_recoveries: 0
distance_remaining: 19.766082763671875

Feedback:
    current_pose:
  header:
    stamp:
      sec: 837
      nanosec: 840000000
    frame_id: map
  pose:
    position:
      x: -13.004700165781017
      y: 0.0008790434368322053
      z: 0.0
    orientation:
      x: 0.0
      y: 0.0
      z: 0.04986258535766434
      w: 0.998756087631735
navigation_time:
  sec: 8
  nanosec: 660000000
estimated_time_remaining:
  sec: 0
  nanosec: 0
number_of_recoveries: 0
distance_remaining: 19.766082763671875

Feedback:
    current_pose:
  header:
    stamp:
      sec: 837
      nanosec: 840000000
    frame_id: map
  pose:
    position:
      x: -13.004700165781017
      y: 0.0008790434368322053
      z: 0.0
    orientation:
      x: 0.0
      y: 0.0
      z: 0.04986258535766434
      w: 0.998756087631735
navigation_time:
  sec: 8
  nanosec: 660000000
estimated_time_remaining:
  sec: 0
  nanosec: 0
number_of_recoveries: 0
distance_remaining: 19.766082763671875

Feedback:
    current_pose:
  header:
    stamp:
      sec: 837
      nanosec: 840000000
    frame_id: map
  pose:
    position:
      x: -13.004700165781017
      y: 0.0008790434368322053
      z: 0.0
    orientation:
      x: 0.0
      y: 0.0
      z: 0.04986258535766434
      w: 0.998756087631735
navigation_time:
  sec: 8
  nanosec: 660000000
estimated_time_remaining:
  sec: 0
  nanosec: 0
number_of_recoveries: 0
distance_remaining: 19.766082763671875

Feedback:
    current_pose:
  header:
    stamp:
      sec: 837
      nanosec: 840000000
    frame_id: map
  pose:
    position:
      x: -13.004700165781017
      y: 0.0008790434368322053
      z: 0.0
    orientation:
      x: 0.0
      y: 0.0
      z: 0.04986258535766434
      w: 0.998756087631735
navigation_time:
  sec: 8
  nanosec: 660000000
estimated_time_remaining:
  sec: 0
  nanosec: 0
number_of_recoveries: 0
distance_remaining: 19.766082763671875

Feedback:
    current_pose:
  header:
    stamp:
      sec: 837
      nanosec: 840000000
    frame_id: map
  pose:
    position:
      x: -13.004700165781017
      y: 0.0008790434368322053
      z: 0.0
    orientation:
      x: 0.0
      y: 0.0
      z: 0.04986258535766434
      w: 0.998756087631735
navigation_time:
  sec: 8
  nanosec: 660000000
estimated_time_remaining:
  sec: 0
  nanosec: 0
number_of_recoveries: 0
distance_remaining: 19.766082763671875

Feedback:
    current_pose:
  header:
    stamp:
      sec: 837
      nanosec: 880000000
    frame_id: map
  pose:
    position:
      x: -13.004914215805783
      y: 0.0008577673571785738
      z: 0.0
    orientation:
      x: 0.0
      y: 0.0
      z: 0.04886155964244025
      w: 0.9988055606519761
navigation_time:
  sec: 8
  nanosec: 684000000
estimated_time_remaining:
  sec: 0
  nanosec: 0
number_of_recoveries: 0
distance_remaining: 19.766082763671875

Feedback:
    current_pose:
  header:
    stamp:
      sec: 837
      nanosec: 880000000
    frame_id: map
  pose:
    position:
      x: -13.004914215805783
      y: 0.0008577673571785738
      z: 0.0
    orientation:
      x: 0.0
      y: 0.0
      z: 0.04886155964244025
      w: 0.9988055606519761
navigation_time:
  sec: 8
  nanosec: 688000000
estimated_time_remaining:
  sec: 0
  nanosec: 0
number_of_recoveries: 0
distance_remaining: 19.766082763671875

Feedback:
    current_pose:
  header:
    stamp:
      sec: 837
      nanosec: 880000000
    frame_id: map
  pose:
    position:
      x: -13.004914215805783
      y: 0.0008577673571785738
      z: 0.0
    orientation:
      x: 0.0
      y: 0.0
      z: 0.04886155964244025
      w: 0.9988055606519761
navigation_time:
  sec: 8
  nanosec: 688000000
estimated_time_remaining:
  sec: 0
  nanosec: 0
number_of_recoveries: 0
distance_remaining: 19.766082763671875

Feedback:
    current_pose:
  header:
    stamp:
      sec: 837
      nanosec: 880000000
    frame_id: map
  pose:
    position:
      x: -13.004914215805783
      y: 0.0008577673571785738
      z: 0.0
    orientation:
      x: 0.0
      y: 0.0
      z: 0.04886155964244025
      w: 0.9988055606519761
navigation_time:
  sec: 8
  nanosec: 688000000
estimated_time_remaining:
  sec: 0
  nanosec: 0
number_of_recoveries: 0
distance_remaining: 19.766082763671875

Feedback:
    current_pose:
  header:
    stamp:
      sec: 837
      nanosec: 880000000
    frame_id: map
  pose:
    position:
      x: -13.004914215805783
      y: 0.0008577673571785738
      z: 0.0
    orientation:
      x: 0.0
      y: 0.0
      z: 0.04886155964244025
      w: 0.9988055606519761
navigation_time:
  sec: 8
  nanosec: 688000000
estimated_time_remaining:
  sec: 0
  nanosec: 0
number_of_recoveries: 0
distance_remaining: 19.766082763671875

Feedback:
    current_pose:
  header:
    stamp:
      sec: 837
      nanosec: 900000000
    frame_id: map
  pose:
    position:
      x: -13.004888439401824
      y: 0.000860278473748366
      z: 0.0
    orientation:
      x: 0.0
      y: 0.0
      z: 0.04821303323894749
      w: 0.9988370755162728
navigation_time:
  sec: 8
  nanosec: 720000000
estimated_time_remaining:
  sec: 0
  nanosec: 0
number_of_recoveries: 0
distance_remaining: 19.766082763671875

Feedback:
    current_pose:
  header:
    stamp:
      sec: 837
      nanosec: 900000000
    frame_id: map
  pose:
    position:
      x: -13.004888439401824
      y: 0.000860278473748366
      z: 0.0
    orientation:
      x: 0.0
      y: 0.0
      z: 0.04821303323894749
      w: 0.9988370755162728
navigation_time:
  sec: 8
  nanosec: 720000000
estimated_time_remaining:
  sec: 0
  nanosec: 0
number_of_recoveries: 0
distance_remaining: 19.766082763671875

Feedback:
    current_pose:
  header:
    stamp:
      sec: 837
      nanosec: 900000000
    frame_id: map
  pose:
    position:
      x: -13.004888439401824
      y: 0.000860278473748366
      z: 0.0
    orientation:
      x: 0.0
      y: 0.0
      z: 0.04821303323894749
      w: 0.9988370755162728
navigation_time:
  sec: 8
  nanosec: 720000000
estimated_time_remaining:
  sec: 0
  nanosec: 0
number_of_recoveries: 0
distance_remaining: 19.766082763671875

Feedback:
    current_pose:
  header:
    stamp:
      sec: 837
      nanosec: 900000000
    frame_id: map
  pose:
    position:
      x: -13.004888439401824
      y: 0.000860278473748366
      z: 0.0
    orientation:
      x: 0.0
      y: 0.0
      z: 0.04821303323894749
      w: 0.9988370755162728
navigation_time:
  sec: 8
  nanosec: 720000000
estimated_time_remaining:
  sec: 0
  nanosec: 0
number_of_recoveries: 0
distance_remaining: 19.766082763671875

Feedback:
    current_pose:
  header:
    stamp:
      sec: 837
      nanosec: 920000000
    frame_id: map
  pose:
    position:
      x: -13.005023312103717
      y: 0.0008473746437278606
      z: 0.0
    orientation:
      x: 0.0
      y: 0.0
      z: 0.04745221335300436
      w: 0.9988735092332266
navigation_time:
  sec: 8
  nanosec: 740000000
estimated_time_remaining:
  sec: 0
  nanosec: 0
number_of_recoveries: 0
distance_remaining: 19.766082763671875

Feedback:
    current_pose:
  header:
    stamp:
      sec: 837
      nanosec: 960000000
    frame_id: map
  pose:
    position:
      x: -13.005224347024111
      y: 0.0008283343425663503
      z: 0.0
    orientation:
      x: 0.0
      y: 0.0
      z: 0.04585264215359272
      w: 0.9989482144773744
navigation_time:
  sec: 8
  nanosec: 764000000
estimated_time_remaining:
  sec: 0
  nanosec: 0
number_of_recoveries: 0
distance_remaining: 19.766082763671875

Feedback:
    current_pose:
  header:
    stamp:
      sec: 837
      nanosec: 960000000
    frame_id: map
  pose:
    position:
      x: -13.005224347024111
      y: 0.0008283343425663503
      z: 0.0
    orientation:
      x: 0.0
      y: 0.0
      z: 0.04585264215359272
      w: 0.9989482144773744
navigation_time:
  sec: 8
  nanosec: 764000000
estimated_time_remaining:
  sec: 0
  nanosec: 0
number_of_recoveries: 0
distance_remaining: 19.766082763671875

Feedback:
    current_pose:
  header:
    stamp:
      sec: 837
      nanosec: 960000000
    frame_id: map
  pose:
    position:
      x: -13.005224347024111
      y: 0.0008283343425663503
      z: 0.0
    orientation:
      x: 0.0
      y: 0.0
      z: 0.04585264215359272
      w: 0.9989482144773744
navigation_time:
  sec: 8
  nanosec: 764000000
estimated_time_remaining:
  sec: 0
  nanosec: 0
number_of_recoveries: 0
distance_remaining: 19.766082763671875

Feedback:
    current_pose:
  header:
    stamp:
      sec: 837
      nanosec: 960000000
    frame_id: map
  pose:
    position:
      x: -13.005224347024111
      y: 0.0008283343425663503
      z: 0.0
    orientation:
      x: 0.0
      y: 0.0
      z: 0.04585264215359272
      w: 0.9989482144773744
navigation_time:
  sec: 8
  nanosec: 764000000
estimated_time_remaining:
  sec: 0
  nanosec: 0
number_of_recoveries: 0
distance_remaining: 19.766082763671875

Feedback:
    current_pose:
  header:
    stamp:
      sec: 837
      nanosec: 980000000
    frame_id: map
  pose:
    position:
      x: -13.005183371782252
      y: 0.00083207229089588
      z: 0.0
    orientation:
      x: 0.0
      y: 0.0
      z: 0.04508874336798434
      w: 0.9989829854514519
navigation_time:
  sec: 8
  nanosec: 784000000
estimated_time_remaining:
  sec: 0
  nanosec: 0
number_of_recoveries: 0
distance_remaining: 19.766082763671875

Feedback:
    current_pose:
  header:
    stamp:
      sec: 837
      nanosec: 980000000
    frame_id: map
  pose:
    position:
      x: -13.005183371782252
      y: 0.00083207229089588
      z: 0.0
    orientation:
      x: 0.0
      y: 0.0
      z: 0.04508874336798434
      w: 0.9989829854514519
navigation_time:
  sec: 8
  nanosec: 792000000
estimated_time_remaining:
  sec: 0
  nanosec: 0
number_of_recoveries: 0
distance_remaining: 19.766082763671875

Feedback:
    current_pose:
  header:
    stamp:
      sec: 837
      nanosec: 980000000
    frame_id: map
  pose:
    position:
      x: -13.005183371782252
      y: 0.00083207229089588
      z: 0.0
    orientation:
      x: 0.0
      y: 0.0
      z: 0.04508874336798434
      w: 0.9989829854514519
navigation_time:
  sec: 8
  nanosec: 792000000
estimated_time_remaining:
  sec: 0
  nanosec: 0
number_of_recoveries: 0
distance_remaining: 19.766082763671875

Feedback:
    current_pose:
  header:
    stamp:
      sec: 837
      nanosec: 980000000
    frame_id: map
  pose:
    position:
      x: -13.005183371782252
      y: 0.00083207229089588
      z: 0.0
    orientation:
      x: 0.0
      y: 0.0
      z: 0.04508874336798434
      w: 0.9989829854514519
navigation_time:
  sec: 8
  nanosec: 792000000
estimated_time_remaining:
  sec: 0
  nanosec: 0
number_of_recoveries: 0
distance_remaining: 19.766082763671875

Feedback:
    current_pose:
  header:
    stamp:
      sec: 837
      nanosec: 980000000
    frame_id: map
  pose:
    position:
      x: -13.005183371782252
      y: 0.00083207229089588
      z: 0.0
    orientation:
      x: 0.0
      y: 0.0
      z: 0.04508874336798434
      w: 0.9989829854514519
navigation_time:
  sec: 8
  nanosec: 792000000
estimated_time_remaining:
  sec: 0
  nanosec: 0
number_of_recoveries: 0
distance_remaining: 19.766082763671875

Feedback:
    current_pose:
  header:
    stamp:
      sec: 838
      nanosec: 20000000
    frame_id: map
  pose:
    position:
      x: -13.005009931856293
      y: -0.002105076354656177
      z: 0.0
    orientation:
      x: 0.0
      y: 0.0
      z: 0.043636420886749766
      w: 0.9990474777367663
navigation_time:
  sec: 8
  nanosec: 824000000
estimated_time_remaining:
  sec: 0
  nanosec: 0
number_of_recoveries: 0
distance_remaining: 19.766082763671875

Feedback:
    current_pose:
  header:
    stamp:
      sec: 838
      nanosec: 20000000
    frame_id: map
  pose:
    position:
      x: -13.005009931856293
      y: -0.002105076354656177
      z: 0.0
    orientation:
      x: 0.0
      y: 0.0
      z: 0.043636420886749766
      w: 0.9990474777367663
navigation_time:
  sec: 8
  nanosec: 828000000
estimated_time_remaining:
  sec: 0
  nanosec: 0
number_of_recoveries: 0
distance_remaining: 19.766082763671875

Feedback:
    current_pose:
  header:
    stamp:
      sec: 838
      nanosec: 20000000
    frame_id: map
  pose:
    position:
      x: -13.005009931856293
      y: -0.002105076354656177
      z: 0.0
    orientation:
      x: 0.0
      y: 0.0
      z: 0.043636420886749766
      w: 0.9990474777367663
navigation_time:
  sec: 8
  nanosec: 828000000
estimated_time_remaining:
  sec: 0
  nanosec: 0
number_of_recoveries: 0
distance_remaining: 19.766082763671875

Feedback:
    current_pose:
  header:
    stamp:
      sec: 838
      nanosec: 20000000
    frame_id: map
  pose:
    position:
      x: -13.005009931856293
      y: -0.002105076354656177
      z: 0.0
    orientation:
      x: 0.0
      y: 0.0
      z: 0.043636420886749766
      w: 0.9990474777367663
navigation_time:
  sec: 8
  nanosec: 828000000
estimated_time_remaining:
  sec: 0
  nanosec: 0
number_of_recoveries: 0
distance_remaining: 19.766082763671875

Feedback:
    current_pose:
  header:
    stamp:
      sec: 838
      nanosec: 40000000
    frame_id: map
  pose:
    position:
      x: -13.00486546915026
      y: -0.005045678490171568
      z: 0.0
    orientation:
      x: 0.0
      y: 0.0
      z: 0.04310316703131292
      w: 0.9990706266285035
navigation_time:
  sec: 8
  nanosec: 856000000
estimated_time_remaining:
  sec: 0
  nanosec: 0
number_of_recoveries: 0
distance_remaining: 19.766082763671875

Feedback:
    current_pose:
  header:
    stamp:
      sec: 838
      nanosec: 40000000
    frame_id: map
  pose:
    position:
      x: -13.00486546915026
      y: -0.005045678490171568
      z: 0.0
    orientation:
      x: 0.0
      y: 0.0
      z: 0.04310316703131292
      w: 0.9990706266285035
navigation_time:
  sec: 8
  nanosec: 856000000
estimated_time_remaining:
  sec: 0
  nanosec: 0
number_of_recoveries: 0
distance_remaining: 19.766082763671875

Feedback:
    current_pose:
  header:
    stamp:
      sec: 838
      nanosec: 40000000
    frame_id: map
  pose:
    position:
      x: -13.00486546915026
      y: -0.005045678490171568
      z: 0.0
    orientation:
      x: 0.0
      y: 0.0
      z: 0.04310316703131292
      w: 0.9990706266285035
navigation_time:
  sec: 8
  nanosec: 856000000
estimated_time_remaining:
  sec: 0
  nanosec: 0
number_of_recoveries: 0
distance_remaining: 19.766082763671875

Feedback:
    current_pose:
  header:
    stamp:
      sec: 838
      nanosec: 40000000
    frame_id: map
  pose:
    position:
      x: -13.00486546915026
      y: -0.005045678490171568
      z: 0.0
    orientation:
      x: 0.0
      y: 0.0
      z: 0.04310316703131292
      w: 0.9990706266285035
navigation_time:
  sec: 8
  nanosec: 856000000
estimated_time_remaining:
  sec: 0
  nanosec: 0
number_of_recoveries: 0
distance_remaining: 19.766082763671875

Feedback:
    current_pose:
  header:
    stamp:
      sec: 838
      nanosec: 80000000
    frame_id: map
  pose:
    position:
      x: -13.004861379087373
      y: -0.010953348915329286
      z: 0.0
    orientation:
      x: 0.0
      y: 0.0
      z: 0.0416793305300452
      w: 0.9991310391568101
navigation_time:
  sec: 8
  nanosec: 884000000
estimated_time_remaining:
  sec: 0
  nanosec: 0
number_of_recoveries: 0
distance_remaining: 19.766082763671875

Feedback:
    current_pose:
  header:
    stamp:
      sec: 838
      nanosec: 80000000
    frame_id: map
  pose:
    position:
      x: -13.004861379087373
      y: -0.010953348915329286
      z: 0.0
    orientation:
      x: 0.0
      y: 0.0
      z: 0.0416793305300452
      w: 0.9991310391568101
navigation_time:
  sec: 8
  nanosec: 888000000
estimated_time_remaining:
  sec: 0
  nanosec: 0
number_of_recoveries: 0
distance_remaining: 19.766082763671875

Feedback:
    current_pose:
  header:
    stamp:
      sec: 838
      nanosec: 80000000
    frame_id: map
  pose:
    position:
      x: -13.004861379087373
      y: -0.010953348915329286
      z: 0.0
    orientation:
      x: 0.0
      y: 0.0
      z: 0.0416793305300452
      w: 0.9991310391568101
navigation_time:
  sec: 8
  nanosec: 892000000
estimated_time_remaining:
  sec: 0
  nanosec: 0
number_of_recoveries: 0
distance_remaining: 19.766082763671875

Feedback:
    current_pose:
  header:
    stamp:
      sec: 838
      nanosec: 80000000
    frame_id: map
  pose:
    position:
      x: -13.004861379087373
      y: -0.010953348915329286
      z: 0.0
    orientation:
      x: 0.0
      y: 0.0
      z: 0.0416793305300452
      w: 0.9991310391568101
navigation_time:
  sec: 8
  nanosec: 892000000
estimated_time_remaining:
  sec: 0
  nanosec: 0
number_of_recoveries: 0
distance_remaining: 19.766082763671875

Feedback:
    current_pose:
  header:
    stamp:
      sec: 838
      nanosec: 80000000
    frame_id: map
  pose:
    position:
      x: -13.004861379087373
      y: -0.010953348915329286
      z: 0.0
    orientation:
      x: 0.0
      y: 0.0
      z: 0.0416793305300452
      w: 0.9991310391568101
navigation_time:
  sec: 8
  nanosec: 892000000
estimated_time_remaining:
  sec: 0
  nanosec: 0
number_of_recoveries: 0
distance_remaining: 19.766082763671875

Feedback:
    current_pose:
  header:
    stamp:
      sec: 838
      nanosec: 100000000
    frame_id: map
  pose:
    position:
      x: -13.005072681238474
      y: -0.013925860925629863
      z: 0.0
    orientation:
      x: 0.0
      y: 0.0
      z: 0.04112186019564176
      w: 0.9991541385662424
navigation_time:
  sec: 8
  nanosec: 916000000
estimated_time_remaining:
  sec: 0
  nanosec: 0
number_of_recoveries: 0
distance_remaining: 19.766082763671875

Feedback:
    current_pose:
  header:
    stamp:
      sec: 838
      nanosec: 100000000
    frame_id: map
  pose:
    position:
      x: -13.005072681238474
      y: -0.013925860925629863
      z: 0.0
    orientation:
      x: 0.0
      y: 0.0
      z: 0.04112186019564176
      w: 0.9991541385662424
navigation_time:
  sec: 8
  nanosec: 920000000
estimated_time_remaining:
  sec: 0
  nanosec: 0
number_of_recoveries: 0
distance_remaining: 19.766082763671875

Feedback:
    current_pose:
  header:
    stamp:
      sec: 838
      nanosec: 100000000
    frame_id: map
  pose:
    position:
      x: -13.005072681238474
      y: -0.013925860925629863
      z: 0.0
    orientation:
      x: 0.0
      y: 0.0
      z: 0.04112186019564176
      w: 0.9991541385662424
navigation_time:
  sec: 8
  nanosec: 920000000
estimated_time_remaining:
  sec: 0
  nanosec: 0
number_of_recoveries: 0
distance_remaining: 19.766082763671875

Feedback:
    current_pose:
  header:
    stamp:
      sec: 838
      nanosec: 100000000
    frame_id: map
  pose:
    position:
      x: -13.005072681238474
      y: -0.013925860925629863
      z: 0.0
    orientation:
      x: 0.0
      y: 0.0
      z: 0.04112186019564176
      w: 0.9991541385662424
navigation_time:
  sec: 8
  nanosec: 920000000
estimated_time_remaining:
  sec: 0
  nanosec: 0
number_of_recoveries: 0
distance_remaining: 19.766082763671875

Feedback:
    current_pose:
  header:
    stamp:
      sec: 838
      nanosec: 100000000
    frame_id: map
  pose:
    position:
      x: -13.005072681238474
      y: -0.013925860925629863
      z: 0.0
    orientation:
      x: 0.0
      y: 0.0
      z: 0.04112186019564176
      w: 0.9991541385662424
navigation_time:
  sec: 8
  nanosec: 920000000
estimated_time_remaining:
  sec: 0
  nanosec: 0
number_of_recoveries: 0
distance_remaining: 19.766082763671875

Feedback:
    current_pose:
  header:
    stamp:
      sec: 838
      nanosec: 120000000
    frame_id: map
  pose:
    position:
      x: -13.005282396872005
      y: -0.016898519748886898
      z: 0.0
    orientation:
      x: 0.0
      y: 0.0
      z: 0.040534855524006735
      w: 0.99917812500457
navigation_time:
  sec: 8
  nanosec: 940000000
estimated_time_remaining:
  sec: 0
  nanosec: 0
number_of_recoveries: 0
distance_remaining: 19.766082763671875

Feedback:
    current_pose:
  header:
    stamp:
      sec: 838
      nanosec: 140000000
    frame_id: map
  pose:
    position:
      x: -13.005483387377836
      y: -0.0198707836949108
      z: 0.0
    orientation:
      x: 0.0
      y: 0.0
      z: 0.03982974733490301
      w: 0.9992064807772406
navigation_time:
  sec: 8
  nanosec: 960000000
estimated_time_remaining:
  sec: 0
  nanosec: 0
number_of_recoveries: 0
distance_remaining: 19.766082763671875

Feedback:
    current_pose:
  header:
    stamp:
      sec: 838
      nanosec: 140000000
    frame_id: map
  pose:
    position:
      x: -13.005483387377836
      y: -0.0198707836949108
      z: 0.0
    orientation:
      x: 0.0
      y: 0.0
      z: 0.03982974733490301
      w: 0.9992064807772406
navigation_time:
  sec: 8
  nanosec: 960000000
estimated_time_remaining:
  sec: 0
  nanosec: 0
number_of_recoveries: 0
distance_remaining: 19.766082763671875

Feedback:
    current_pose:
  header:
    stamp:
      sec: 838
      nanosec: 140000000
    frame_id: map
  pose:
    position:
      x: -13.005483387377836
      y: -0.0198707836949108
      z: 0.0
    orientation:
      x: 0.0
      y: 0.0
      z: 0.03982974733490301
      w: 0.9992064807772406
navigation_time:
  sec: 8
  nanosec: 960000000
estimated_time_remaining:
  sec: 0
  nanosec: 0
number_of_recoveries: 0
distance_remaining: 19.766082763671875

Feedback:
    current_pose:
  header:
    stamp:
      sec: 838
      nanosec: 140000000
    frame_id: map
  pose:
    position:
      x: -13.005483387377836
      y: -0.0198707836949108
      z: 0.0
    orientation:
      x: 0.0
      y: 0.0
      z: 0.03982974733490301
      w: 0.9992064807772406
navigation_time:
  sec: 8
  nanosec: 960000000
estimated_time_remaining:
  sec: 0
  nanosec: 0
number_of_recoveries: 0
distance_remaining: 19.766082763671875

Feedback:
    current_pose:
  header:
    stamp:
      sec: 838
      nanosec: 160000000
    frame_id: map
  pose:
    position:
      x: -13.00571852165514
      y: -0.022846068690364874
      z: 0.0
    orientation:
      x: 0.0
      y: 0.0
      z: 0.03914926603691786
      w: 0.999233373626387
navigation_time:
  sec: 8
  nanosec: 980000000
estimated_time_remaining:
  sec: 0
  nanosec: 0
number_of_recoveries: 0
distance_remaining: 19.766082763671875

Feedback:
    current_pose:
  header:
    stamp:
      sec: 838
      nanosec: 180000000
    frame_id: map
  pose:
    position:
      x: -13.00608787993805
      y: -0.02583208581171803
      z: 0.0
    orientation:
      x: 0.0
      y: 0.0
      z: 0.03856735602246081
      w: 0.9992560027587709
navigation_time:
  sec: 8
  nanosec: 984000000
estimated_time_remaining:
  sec: 0
  nanosec: 0
number_of_recoveries: 0
distance_remaining: 19.766082763671875

Feedback:
    current_pose:
  header:
    stamp:
      sec: 838
      nanosec: 180000000
    frame_id: map
  pose:
    position:
      x: -13.00608787993805
      y: -0.02583208581171803
      z: 0.0
    orientation:
      x: 0.0
      y: 0.0
      z: 0.03856735602246081
      w: 0.9992560027587709
navigation_time:
  sec: 8
  nanosec: 984000000
estimated_time_remaining:
  sec: 0
  nanosec: 0
number_of_recoveries: 0
distance_remaining: 19.766082763671875

Feedback:
    current_pose:
  header:
    stamp:
      sec: 838
      nanosec: 180000000
    frame_id: map
  pose:
    position:
      x: -13.00608787993805
      y: -0.02583208581171803
      z: 0.0
    orientation:
      x: 0.0
      y: 0.0
      z: 0.03856735602246081
      w: 0.9992560027587709
navigation_time:
  sec: 8
  nanosec: 984000000
estimated_time_remaining:
  sec: 0
  nanosec: 0
number_of_recoveries: 0
distance_remaining: 19.766082763671875

Feedback:
    current_pose:
  header:
    stamp:
      sec: 838
      nanosec: 180000000
    frame_id: map
  pose:
    position:
      x: -13.00608787993805
      y: -0.02583208581171803
      z: 0.0
    orientation:
      x: 0.0
      y: 0.0
      z: 0.03856735602246081
      w: 0.9992560027587709
navigation_time:
  sec: 8
  nanosec: 988000000
estimated_time_remaining:
  sec: 0
  nanosec: 0
number_of_recoveries: 0
distance_remaining: 19.766082763671875

Feedback:
    current_pose:
  header:
    stamp:
      sec: 838
      nanosec: 220000000
    frame_id: map
  pose:
    position:
      x: -13.006057264360436
      y: -0.028787705871847535
      z: 0.0
    orientation:
      x: 0.0
      y: 0.0
      z: 0.03763726830664175
      w: 0.9992914670077063
navigation_time:
  sec: 9
  nanosec: 24000000
estimated_time_remaining:
  sec: 0
  nanosec: 0
number_of_recoveries: 0
distance_remaining: 19.766082763671875

Feedback:
    current_pose:
  header:
    stamp:
      sec: 838
      nanosec: 220000000
    frame_id: map
  pose:
    position:
      x: -13.006057264360436
      y: -0.028787705871847535
      z: 0.0
    orientation:
      x: 0.0
      y: 0.0
      z: 0.03763726830664175
      w: 0.9992914670077063
navigation_time:
  sec: 9
  nanosec: 24000000
estimated_time_remaining:
  sec: 0
  nanosec: 0
number_of_recoveries: 0
distance_remaining: 19.766082763671875

Feedback:
    current_pose:
  header:
    stamp:
      sec: 838
      nanosec: 220000000
    frame_id: map
  pose:
    position:
      x: -13.006057264360436
      y: -0.028787705871847535
      z: 0.0
    orientation:
      x: 0.0
      y: 0.0
      z: 0.03763726830664175
      w: 0.9992914670077063
navigation_time:
  sec: 9
  nanosec: 24000000
estimated_time_remaining:
  sec: 0
  nanosec: 0
number_of_recoveries: 0
distance_remaining: 19.766082763671875

Feedback:
    current_pose:
  header:
    stamp:
      sec: 838
      nanosec: 220000000
    frame_id: map
  pose:
    position:
      x: -13.006057264360436
      y: -0.028787705871847535
      z: 0.0
    orientation:
      x: 0.0
      y: 0.0
      z: 0.03763726830664175
      w: 0.9992914670077063
navigation_time:
  sec: 9
  nanosec: 24000000
estimated_time_remaining:
  sec: 0
  nanosec: 0
number_of_recoveries: 0
distance_remaining: 19.766082763671875

Feedback:
    current_pose:
  header:
    stamp:
      sec: 838
      nanosec: 220000000
    frame_id: map
  pose:
    position:
      x: -13.006057264360436
      y: -0.028787705871847535
      z: 0.0
    orientation:
      x: 0.0
      y: 0.0
      z: 0.03763726830664175
      w: 0.9992914670077063
navigation_time:
  sec: 9
  nanosec: 24000000
estimated_time_remaining:
  sec: 0
  nanosec: 0
number_of_recoveries: 0
distance_remaining: 19.766082763671875

Feedback:
    current_pose:
  header:
    stamp:
      sec: 838
      nanosec: 240000000
    frame_id: map
  pose:
    position:
      x: -13.00573136191423
      y: -0.028763292968340792
      z: 0.0
    orientation:
      x: 0.0
      y: 0.0
      z: 0.03713227967966402
      w: 0.9993103591006106
navigation_time:
  sec: 9
  nanosec: 56000000
estimated_time_remaining:
  sec: 0
  nanosec: 0
number_of_recoveries: 0
distance_remaining: 19.766082763671875

Feedback:
    current_pose:
  header:
    stamp:
      sec: 838
      nanosec: 240000000
    frame_id: map
  pose:
    position:
      x: -13.00573136191423
      y: -0.028763292968340792
      z: 0.0
    orientation:
      x: 0.0
      y: 0.0
      z: 0.03713227967966402
      w: 0.9993103591006106
navigation_time:
  sec: 9
  nanosec: 56000000
estimated_time_remaining:
  sec: 0
  nanosec: 0
number_of_recoveries: 0
distance_remaining: 19.766082763671875

Feedback:
    current_pose:
  header:
    stamp:
      sec: 838
      nanosec: 240000000
    frame_id: map
  pose:
    position:
      x: -13.00573136191423
      y: -0.028763292968340792
      z: 0.0
    orientation:
      x: 0.0
      y: 0.0
      z: 0.03713227967966402
      w: 0.9993103591006106
navigation_time:
  sec: 9
  nanosec: 56000000
estimated_time_remaining:
  sec: 0
  nanosec: 0
number_of_recoveries: 0
distance_remaining: 19.766082763671875

Feedback:
    current_pose:
  header:
    stamp:
      sec: 838
      nanosec: 240000000
    frame_id: map
  pose:
    position:
      x: -13.00573136191423
      y: -0.028763292968340792
      z: 0.0
    orientation:
      x: 0.0
      y: 0.0
      z: 0.03713227967966402
      w: 0.9993103591006106
navigation_time:
  sec: 9
  nanosec: 56000000
estimated_time_remaining:
  sec: 0
  nanosec: 0
number_of_recoveries: 0
distance_remaining: 19.766082763671875

Feedback:
    current_pose:
  header:
    stamp:
      sec: 838
      nanosec: 260000000
    frame_id: map
  pose:
    position:
      x: -13.005436076011321
      y: -0.02874144911617016
      z: 0.0
    orientation:
      x: 0.0
      y: 0.0
      z: 0.03665148775232103
      w: 0.9993281085036794
navigation_time:
  sec: 9
  nanosec: 60000000
estimated_time_remaining:
  sec: 0
  nanosec: 0
number_of_recoveries: 0
distance_remaining: 19.766082763671875

Feedback:
    current_pose:
  header:
    stamp:
      sec: 838
      nanosec: 280000000
    frame_id: map
  pose:
    position:
      x: -13.005370654304897
      y: -0.028736664069116458
      z: 0.0
    orientation:
      x: 0.0
      y: 0.0
      z: 0.036343865717632054
      w: 0.9993393434788298
navigation_time:
  sec: 9
  nanosec: 88000000
estimated_time_remaining:
  sec: 1845
  nanosec: 849059368
number_of_recoveries: 0
distance_remaining: 19.766082763671875

Feedback:
    current_pose:
  header:
    stamp:
      sec: 838
      nanosec: 280000000
    frame_id: map
  pose:
    position:
      x: -13.005370654304897
      y: -0.028736664069116458
      z: 0.0
    orientation:
      x: 0.0
      y: 0.0
      z: 0.036343865717632054
      w: 0.9993393434788298
navigation_time:
  sec: 9
  nanosec: 88000000
estimated_time_remaining:
  sec: 1845
  nanosec: 849059368
number_of_recoveries: 0
distance_remaining: 19.766082763671875

Feedback:
    current_pose:
  header:
    stamp:
      sec: 838
      nanosec: 280000000
    frame_id: map
  pose:
    position:
      x: -13.005370654304897
      y: -0.028736664069116458
      z: 0.0
    orientation:
      x: 0.0
      y: 0.0
      z: 0.036343865717632054
      w: 0.9993393434788298
navigation_time:
  sec: 9
  nanosec: 88000000
estimated_time_remaining:
  sec: 1845
  nanosec: 849059368
number_of_recoveries: 0
distance_remaining: 19.766082763671875

Feedback:
    current_pose:
  header:
    stamp:
      sec: 838
      nanosec: 280000000
    frame_id: map
  pose:
    position:
      x: -13.005370654304897
      y: -0.028736664069116458
      z: 0.0
    orientation:
      x: 0.0
      y: 0.0
      z: 0.036343865717632054
      w: 0.9993393434788298
navigation_time:
  sec: 9
  nanosec: 88000000
estimated_time_remaining:
  sec: 1845
  nanosec: 849059368
number_of_recoveries: 0
distance_remaining: 19.766082763671875

Feedback:
    current_pose:
  header:
    stamp:
      sec: 838
      nanosec: 280000000
    frame_id: map
  pose:
    position:
      x: -13.005370654304897
      y: -0.028736664069116458
      z: 0.0
    orientation:
      x: 0.0
      y: 0.0
      z: 0.036343865717632054
      w: 0.9993393434788298
navigation_time:
  sec: 9
  nanosec: 88000000
estimated_time_remaining:
  sec: 1845
  nanosec: 849059368
number_of_recoveries: 0
distance_remaining: 19.766082763671875

Feedback:
    current_pose:
  header:
    stamp:
      sec: 838
      nanosec: 300000000
    frame_id: map
  pose:
    position:
      x: -13.005421018785796
      y: -0.02874030200633726
      z: 0.0
    orientation:
      x: 0.0
      y: 0.0
      z: 0.03611243850223915
      w: 0.9993477331667001
navigation_time:
  sec: 9
  nanosec: 116000000
estimated_time_remaining:
  sec: 1864
  nanosec: 124811253
number_of_recoveries: 0
distance_remaining: 19.766082763671875

Feedback:
    current_pose:
  header:
    stamp:
      sec: 838
      nanosec: 300000000
    frame_id: map
  pose:
    position:
      x: -13.005421018785796
      y: -0.02874030200633726
      z: 0.0
    orientation:
      x: 0.0
      y: 0.0
      z: 0.03611243850223915
      w: 0.9993477331667001
navigation_time:
  sec: 9
  nanosec: 116000000
estimated_time_remaining:
  sec: 1864
  nanosec: 124811253
number_of_recoveries: 0
distance_remaining: 19.766082763671875

Feedback:
    current_pose:
  header:
    stamp:
      sec: 838
      nanosec: 300000000
    frame_id: map
  pose:
    position:
      x: -13.005421018785796
      y: -0.02874030200633726
      z: 0.0
    orientation:
      x: 0.0
      y: 0.0
      z: 0.03611243850223915
      w: 0.9993477331667001
navigation_time:
  sec: 9
  nanosec: 116000000
estimated_time_remaining:
  sec: 1864
  nanosec: 124811253
number_of_recoveries: 0
distance_remaining: 19.766082763671875

Feedback:
    current_pose:
  header:
    stamp:
      sec: 838
      nanosec: 300000000
    frame_id: map
  pose:
    position:
      x: -13.005421018785796
      y: -0.02874030200633726
      z: 0.0
    orientation:
      x: 0.0
      y: 0.0
      z: 0.03611243850223915
      w: 0.9993477331667001
navigation_time:
  sec: 9
  nanosec: 116000000
estimated_time_remaining:
  sec: 1864
  nanosec: 124811253
number_of_recoveries: 0
distance_remaining: 19.766082763671875

Feedback:
    current_pose:
  header:
    stamp:
      sec: 838
      nanosec: 340000000
    frame_id: map
  pose:
    position:
      x: -13.006007881748332
      y: -0.028782618558123474
      z: 0.0
    orientation:
      x: 0.0
      y: 0.0
      z: 0.035883547084927796
      w: 0.9993559781422253
navigation_time:
  sec: 9
  nanosec: 152000000
estimated_time_remaining:
  sec: 0
  nanosec: 0
number_of_recoveries: 0
distance_remaining: 19.766082763671875

Feedback:
    current_pose:
  header:
    stamp:
      sec: 838
      nanosec: 340000000
    frame_id: map
  pose:
    position:
      x: -13.006007881748332
      y: -0.028782618558123474
      z: 0.0
    orientation:
      x: 0.0
      y: 0.0
      z: 0.035883547084927796
      w: 0.9993559781422253
navigation_time:
  sec: 9
  nanosec: 156000000
estimated_time_remaining:
  sec: 0
  nanosec: 0
number_of_recoveries: 0
distance_remaining: 19.766082763671875

Feedback:
    current_pose:
  header:
    stamp:
      sec: 838
      nanosec: 340000000
    frame_id: map
  pose:
    position:
      x: -13.006007881748332
      y: -0.028782618558123474
      z: 0.0
    orientation:
      x: 0.0
      y: 0.0
      z: 0.035883547084927796
      w: 0.9993559781422253
navigation_time:
  sec: 9
  nanosec: 156000000
estimated_time_remaining:
  sec: 0
  nanosec: 0
number_of_recoveries: 0
distance_remaining: 19.766082763671875

Feedback:
    current_pose:
  header:
    stamp:
      sec: 838
      nanosec: 340000000
    frame_id: map
  pose:
    position:
      x: -13.006007881748332
      y: -0.028782618558123474
      z: 0.0
    orientation:
      x: 0.0
      y: 0.0
      z: 0.035883547084927796
      w: 0.9993559781422253
navigation_time:
  sec: 9
  nanosec: 156000000
estimated_time_remaining:
  sec: 0
  nanosec: 0
number_of_recoveries: 0
distance_remaining: 19.766082763671875

Feedback:
    current_pose:
  header:
    stamp:
      sec: 838
      nanosec: 360000000
    frame_id: map
  pose:
    position:
      x: -13.006370700598822
      y: -0.028808666644602354
      z: 0.0
    orientation:
      x: 0.0
      y: 0.0
      z: 0.035771786488201326
      w: 0.9993599848360163
navigation_time:
  sec: 9
  nanosec: 180000000
estimated_time_remaining:
  sec: 0
  nanosec: 0
number_of_recoveries: 0
distance_remaining: 19.766082763671875

Feedback:
    current_pose:
  header:
    stamp:
      sec: 838
      nanosec: 380000000
    frame_id: map
  pose:
    position:
      x: -13.006641408082373
      y: -0.028827967103906005
      z: 0.0
    orientation:
      x: 0.0
      y: 0.0
      z: 0.03538911636228199
      w: 0.9993736090387303
navigation_time:
  sec: 9
  nanosec: 184000000
estimated_time_remaining:
  sec: 0
  nanosec: 0
number_of_recoveries: 0
distance_remaining: 19.766082763671875

Feedback:
    current_pose:
  header:
    stamp:
      sec: 838
      nanosec: 380000000
    frame_id: map
  pose:
    position:
      x: -13.006641408082373
      y: -0.028827967103906005
      z: 0.0
    orientation:
      x: 0.0
      y: 0.0
      z: 0.03538911636228199
      w: 0.9993736090387303
navigation_time:
  sec: 9
  nanosec: 184000000
estimated_time_remaining:
  sec: 0
  nanosec: 0
number_of_recoveries: 0
distance_remaining: 19.766082763671875

Feedback:
    current_pose:
  header:
    stamp:
      sec: 838
      nanosec: 380000000
    frame_id: map
  pose:
    position:
      x: -13.006641408082373
      y: -0.028827967103906005
      z: 0.0
    orientation:
      x: 0.0
      y: 0.0
      z: 0.03538911636228199
      w: 0.9993736090387303
navigation_time:
  sec: 9
  nanosec: 184000000
estimated_time_remaining:
  sec: 0
  nanosec: 0
number_of_recoveries: 0
distance_remaining: 19.766082763671875

Feedback:
    current_pose:
  header:
    stamp:
      sec: 838
      nanosec: 380000000
    frame_id: map
  pose:
    position:
      x: -13.006641408082373
      y: -0.028827967103906005
      z: 0.0
    orientation:
      x: 0.0
      y: 0.0
      z: 0.03538911636228199
      w: 0.9993736090387303
navigation_time:
  sec: 9
  nanosec: 184000000
estimated_time_remaining:
  sec: 0
  nanosec: 0
number_of_recoveries: 0
distance_remaining: 19.766082763671875

Feedback:
    current_pose:
  header:
    stamp:
      sec: 838
      nanosec: 400000000
    frame_id: map
  pose:
    position:
      x: -13.00687732533467
      y: -0.028844612828132554
      z: 0.0
    orientation:
      x: 0.0
      y: 0.0
      z: 0.034995963837034565
      w: 0.9993874536510438
navigation_time:
  sec: 9
  nanosec: 212000000
estimated_time_remaining:
  sec: 0
  nanosec: 0
number_of_recoveries: 0
distance_remaining: 19.766082763671875

Feedback:
    current_pose:
  header:
    stamp:
      sec: 838
      nanosec: 400000000
    frame_id: map
  pose:
    position:
      x: -13.00687732533467
      y: -0.028844612828132554
      z: 0.0
    orientation:
      x: 0.0
      y: 0.0
      z: 0.034995963837034565
      w: 0.9993874536510438
navigation_time:
  sec: 9
  nanosec: 212000000
estimated_time_remaining:
  sec: 0
  nanosec: 0
number_of_recoveries: 0
distance_remaining: 19.766082763671875

Feedback:
    current_pose:
  header:
    stamp:
      sec: 838
      nanosec: 400000000
    frame_id: map
  pose:
    position:
      x: -13.00687732533467
      y: -0.028844612828132554
      z: 0.0
    orientation:
      x: 0.0
      y: 0.0
      z: 0.034995963837034565
      w: 0.9993874536510438
navigation_time:
  sec: 9
  nanosec: 212000000
estimated_time_remaining:
  sec: 0
  nanosec: 0
number_of_recoveries: 0
distance_remaining: 19.766082763671875

Feedback:
    current_pose:
  header:
    stamp:
      sec: 838
      nanosec: 400000000
    frame_id: map
  pose:
    position:
      x: -13.00687732533467
      y: -0.028844612828132554
      z: 0.0
    orientation:
      x: 0.0
      y: 0.0
      z: 0.034995963837034565
      w: 0.9993874536510438
navigation_time:
  sec: 9
  nanosec: 212000000
estimated_time_remaining:
  sec: 0
  nanosec: 0
number_of_recoveries: 0
distance_remaining: 19.766082763671875

Feedback:
    current_pose:
  header:
    stamp:
      sec: 838
      nanosec: 400000000
    frame_id: map
  pose:
    position:
      x: -13.00687732533467
      y: -0.028844612828132554
      z: 0.0
    orientation:
      x: 0.0
      y: 0.0
      z: 0.034995963837034565
      w: 0.9993874536510438
navigation_time:
  sec: 9
  nanosec: 212000000
estimated_time_remaining:
  sec: 0
  nanosec: 0
number_of_recoveries: 0
distance_remaining: 19.766082763671875

Feedback:
    current_pose:
  header:
    stamp:
      sec: 838
      nanosec: 420000000
    frame_id: map
  pose:
    position:
      x: -13.007061046934297
      y: -0.02885742000374769
      z: 0.0
    orientation:
      x: 0.0
      y: 0.0
      z: 0.034587089863096374
      w: 0.9994016876185481
navigation_time:
  sec: 9
  nanosec: 240000000
estimated_time_remaining:
  sec: 0
  nanosec: 0
number_of_recoveries: 0
distance_remaining: 19.766082763671875

Feedback:
    current_pose:
  header:
    stamp:
      sec: 838
      nanosec: 440000000
    frame_id: map
  pose:
    position:
      x: -13.007143251746598
      y: -0.028863100331816938
      z: 0.0
    orientation:
      x: 0.0
      y: 0.0
      z: 0.03426374639103498
      w: 0.999412825454652
navigation_time:
  sec: 9
  nanosec: 248000000
estimated_time_remaining:
  sec: 0
  nanosec: 0
number_of_recoveries: 0
distance_remaining: 19.766082763671875

Feedback:
    current_pose:
  header:
    stamp:
      sec: 838
      nanosec: 440000000
    frame_id: map
  pose:
    position:
      x: -13.007143251746598
      y: -0.028863100331816938
      z: 0.0
    orientation:
      x: 0.0
      y: 0.0
      z: 0.03426374639103498
      w: 0.999412825454652
navigation_time:
  sec: 9
  nanosec: 248000000
estimated_time_remaining:
  sec: 0
  nanosec: 0
number_of_recoveries: 0
distance_remaining: 19.766082763671875

Feedback:
    current_pose:
  header:
    stamp:
      sec: 838
      nanosec: 440000000
    frame_id: map
  pose:
    position:
      x: -13.007143251746598
      y: -0.028863100331816938
      z: 0.0
    orientation:
      x: 0.0
      y: 0.0
      z: 0.03426374639103498
      w: 0.999412825454652
navigation_time:
  sec: 9
  nanosec: 248000000
estimated_time_remaining:
  sec: 0
  nanosec: 0
number_of_recoveries: 0
distance_remaining: 19.766082763671875

Feedback:
    current_pose:
  header:
    stamp:
      sec: 838
      nanosec: 460000000
    frame_id: map
  pose:
    position:
      x: -13.00715777425117
      y: -0.0288640933910429
      z: 0.0
    orientation:
      x: 0.0
      y: 0.0
      z: 0.03399742405544584
      w: 0.9994219204908376
navigation_time:
  sec: 9
  nanosec: 280000000
estimated_time_remaining:
  sec: 0
  nanosec: 0
number_of_recoveries: 0
distance_remaining: 19.766082763671875

Feedback:
    current_pose:
  header:
    stamp:
      sec: 838
      nanosec: 480000000
    frame_id: map
  pose:
    position:
      x: -13.006914158855025
      y: -0.028847574565009637
      z: 0.0
    orientation:
      x: 0.0
      y: 0.0
      z: 0.03369299744285898
      w: 0.9994322297801466
navigation_time:
  sec: 9
  nanosec: 284000000
estimated_time_remaining:
  sec: 0
  nanosec: 0
number_of_recoveries: 0
distance_remaining: 19.766082763671875

Feedback:
    current_pose:
  header:
    stamp:
      sec: 838
      nanosec: 480000000
    frame_id: map
  pose:
    position:
      x: -13.006914158855025
      y: -0.028847574565009637
      z: 0.0
    orientation:
      x: 0.0
      y: 0.0
      z: 0.03369299744285898
      w: 0.9994322297801466
navigation_time:
  sec: 9
  nanosec: 288000000
estimated_time_remaining:
  sec: 0
  nanosec: 0
number_of_recoveries: 0
distance_remaining: 19.766082763671875

Feedback:
    current_pose:
  header:
    stamp:
      sec: 838
      nanosec: 480000000
    frame_id: map
  pose:
    position:
      x: -13.006914158855025
      y: -0.028847574565009637
      z: 0.0
    orientation:
      x: 0.0
      y: 0.0
      z: 0.03369299744285898
      w: 0.9994322297801466
navigation_time:
  sec: 9
  nanosec: 288000000
estimated_time_remaining:
  sec: 0
  nanosec: 0
number_of_recoveries: 0
distance_remaining: 19.766082763671875

Feedback:
    current_pose:
  header:
    stamp:
      sec: 838
      nanosec: 480000000
    frame_id: map
  pose:
    position:
      x: -13.006914158855025
      y: -0.028847574565009637
      z: 0.0
    orientation:
      x: 0.0
      y: 0.0
      z: 0.03369299744285898
      w: 0.9994322297801466
navigation_time:
  sec: 9
  nanosec: 288000000
estimated_time_remaining:
  sec: 0
  nanosec: 0
number_of_recoveries: 0
distance_remaining: 19.766082763671875

Feedback:
    current_pose:
  header:
    stamp:
      sec: 838
      nanosec: 480000000
    frame_id: map
  pose:
    position:
      x: -13.006914158855025
      y: -0.028847574565009637
      z: 0.0
    orientation:
      x: 0.0
      y: 0.0
      z: 0.03369299744285898
      w: 0.9994322297801466
navigation_time:
  sec: 9
  nanosec: 292000000
estimated_time_remaining:
  sec: 0
  nanosec: 0
number_of_recoveries: 0
distance_remaining: 19.79079246520996

Feedback:
    current_pose:
  header:
    stamp:
      sec: 838
      nanosec: 500000000
    frame_id: map
  pose:
    position:
      x: -13.006670533439788
      y: -0.028831204153020096
      z: 0.0
    orientation:
      x: 0.0
      y: 0.0
      z: 0.03338856769152429
      w: 0.9994424463407128
navigation_time:
  sec: 9
  nanosec: 320000000
estimated_time_remaining:
  sec: 0
  nanosec: 0
number_of_recoveries: 0
distance_remaining: 19.79079246520996

Feedback:
    current_pose:
  header:
    stamp:
      sec: 838
      nanosec: 500000000
    frame_id: map
  pose:
    position:
      x: -13.006670533439788
      y: -0.028831204153020096
      z: 0.0
    orientation:
      x: 0.0
      y: 0.0
      z: 0.03338856769152429
      w: 0.9994424463407128
navigation_time:
  sec: 9
  nanosec: 320000000
estimated_time_remaining:
  sec: 0
  nanosec: 0
number_of_recoveries: 0
distance_remaining: 19.79079246520996

Feedback:
    current_pose:
  header:
    stamp:
      sec: 838
      nanosec: 500000000
    frame_id: map
  pose:
    position:
      x: -13.006670533439788
      y: -0.028831204153020096
      z: 0.0
    orientation:
      x: 0.0
      y: 0.0
      z: 0.03338856769152429
      w: 0.9994424463407128
navigation_time:
  sec: 9
  nanosec: 320000000
estimated_time_remaining:
  sec: 0
  nanosec: 0
number_of_recoveries: 0
distance_remaining: 19.79079246520996

Feedback:
    current_pose:
  header:
    stamp:
      sec: 838
      nanosec: 500000000
    frame_id: map
  pose:
    position:
      x: -13.006670533439788
      y: -0.028831204153020096
      z: 0.0
    orientation:
      x: 0.0
      y: 0.0
      z: 0.03338856769152429
      w: 0.9994424463407128
navigation_time:
  sec: 9
  nanosec: 320000000
estimated_time_remaining:
  sec: 0
  nanosec: 0
number_of_recoveries: 0
distance_remaining: 19.79079246520996

Feedback:
    current_pose:
  header:
    stamp:
      sec: 838
      nanosec: 520000000
    frame_id: map
  pose:
    position:
      x: -13.006209773184054
      y: -0.028800521593739248
      z: 0.0
    orientation:
      x: 0.0
      y: 0.0
      z: 0.03309217229538409
      w: 0.9994523040809765
navigation_time:
  sec: 9
  nanosec: 328000000
estimated_time_remaining:
  sec: 0
  nanosec: 0
number_of_recoveries: 0
distance_remaining: 19.79079246520996

Feedback:
    current_pose:
  header:
    stamp:
      sec: 838
      nanosec: 540000000
    frame_id: map
  pose:
    position:
      x: -13.005754887523608
      y: -0.028770502117872354
      z: 0.0
    orientation:
      x: 0.0
      y: 0.0
      z: 0.03276918826273607
      w: 0.9994629459367673
navigation_time:
  sec: 9
  nanosec: 344000000
estimated_time_remaining:
  sec: 0
  nanosec: 0
number_of_recoveries: 0
distance_remaining: 19.79079246520996

Feedback:
    current_pose:
  header:
    stamp:
      sec: 838
      nanosec: 540000000
    frame_id: map
  pose:
    position:
      x: -13.005754887523608
      y: -0.028770502117872354
      z: 0.0
    orientation:
      x: 0.0
      y: 0.0
      z: 0.03276918826273607
      w: 0.9994629459367673
navigation_time:
  sec: 9
  nanosec: 344000000
estimated_time_remaining:
  sec: 0
  nanosec: 0
number_of_recoveries: 0
distance_remaining: 19.79079246520996

Feedback:
    current_pose:
  header:
    stamp:
      sec: 838
      nanosec: 540000000
    frame_id: map
  pose:
    position:
      x: -13.005754887523608
      y: -0.028770502117872354
      z: 0.0
    orientation:
      x: 0.0
      y: 0.0
      z: 0.03276918826273607
      w: 0.9994629459367673
navigation_time:
  sec: 9
  nanosec: 344000000
estimated_time_remaining:
  sec: 0
  nanosec: 0
number_of_recoveries: 0
distance_remaining: 19.79079246520996

Feedback:
    current_pose:
  header:
    stamp:
      sec: 838
      nanosec: 560000000
    frame_id: map
  pose:
    position:
      x: -13.005323550965016
      y: -0.02874237347016262
      z: 0.0
    orientation:
      x: 0.0
      y: 0.0
      z: 0.032339856518311685
      w: 0.9994769300390957
navigation_time:
  sec: 9
  nanosec: 360000000
estimated_time_remaining:
  sec: 0
  nanosec: 0
number_of_recoveries: 0
distance_remaining: 19.79079246520996

Feedback:
    current_pose:
  header:
    stamp:
      sec: 838
      nanosec: 580000000
    frame_id: map
  pose:
    position:
      x: -13.005011696749406
      y: -0.02872227097422453
      z: 0.0
    orientation:
      x: 0.0
      y: 0.0
      z: 0.03198066472173439
      w: 0.9994884877195716
navigation_time:
  sec: 9
  nanosec: 384000000
estimated_time_remaining:
  sec: 0
  nanosec: 0
number_of_recoveries: 0
distance_remaining: 19.79079246520996

Feedback:
    current_pose:
  header:
    stamp:
      sec: 838
      nanosec: 580000000
    frame_id: map
  pose:
    position:
      x: -13.005011696749406
      y: -0.02872227097422453
      z: 0.0
    orientation:
      x: 0.0
      y: 0.0
      z: 0.03198066472173439
      w: 0.9994884877195716
navigation_time:
  sec: 9
  nanosec: 384000000
estimated_time_remaining:
  sec: 0
  nanosec: 0
number_of_recoveries: 0
distance_remaining: 19.79079246520996

Feedback:
    current_pose:
  header:
    stamp:
      sec: 838
      nanosec: 580000000
    frame_id: map
  pose:
    position:
      x: -13.005011696749406
      y: -0.02872227097422453
      z: 0.0
    orientation:
      x: 0.0
      y: 0.0
      z: 0.03198066472173439
      w: 0.9994884877195716
navigation_time:
  sec: 9
  nanosec: 384000000
estimated_time_remaining:
  sec: 0
  nanosec: 0
number_of_recoveries: 0
distance_remaining: 19.79079246520996

Feedback:
    current_pose:
  header:
    stamp:
      sec: 838
      nanosec: 600000000
    frame_id: map
  pose:
    position:
      x: -13.00487909189306
      y: -0.02871381018707808
      z: 0.0
    orientation:
      x: 0.0
      y: 0.0
      z: 0.031726688640185075
      w: 0.9994965818990722
navigation_time:
  sec: 9
  nanosec: 412000000
estimated_time_remaining:
  sec: 0
  nanosec: 0
number_of_recoveries: 0
distance_remaining: 19.79079246520996

Feedback:
    current_pose:
  header:
    stamp:
      sec: 838
      nanosec: 600000000
    frame_id: map
  pose:
    position:
      x: -13.00487909189306
      y: -0.02871381018707808
      z: 0.0
    orientation:
      x: 0.0
      y: 0.0
      z: 0.031726688640185075
      w: 0.9994965818990722
navigation_time:
  sec: 9
  nanosec: 416000000
estimated_time_remaining:
  sec: 0
  nanosec: 0
number_of_recoveries: 0
distance_remaining: 19.79079246520996

Feedback:
    current_pose:
  header:
    stamp:
      sec: 838
      nanosec: 600000000
    frame_id: map
  pose:
    position:
      x: -13.00487909189306
      y: -0.02871381018707808
      z: 0.0
    orientation:
      x: 0.0
      y: 0.0
      z: 0.031726688640185075
      w: 0.9994965818990722
navigation_time:
  sec: 9
  nanosec: 420000000
estimated_time_remaining:
  sec: 0
  nanosec: 0
number_of_recoveries: 0
distance_remaining: 19.79079246520996

Feedback:
    current_pose:
  header:
    stamp:
      sec: 838
      nanosec: 600000000
    frame_id: map
  pose:
    position:
      x: -13.00487909189306
      y: -0.02871381018707808
      z: 0.0
    orientation:
      x: 0.0
      y: 0.0
      z: 0.031726688640185075
      w: 0.9994965818990722
navigation_time:
  sec: 9
  nanosec: 420000000
estimated_time_remaining:
  sec: 0
  nanosec: 0
number_of_recoveries: 0
distance_remaining: 19.79079246520996

Feedback:
    current_pose:
  header:
    stamp:
      sec: 838
      nanosec: 600000000
    frame_id: map
  pose:
    position:
      x: -13.00487909189306
      y: -0.02871381018707808
      z: 0.0
    orientation:
      x: 0.0
      y: 0.0
      z: 0.031726688640185075
      w: 0.9994965818990722
navigation_time:
  sec: 9
  nanosec: 420000000
estimated_time_remaining:
  sec: 0
  nanosec: 0
number_of_recoveries: 0
distance_remaining: 19.79079246520996

Feedback:
    current_pose:
  header:
    stamp:
      sec: 838
      nanosec: 640000000
    frame_id: map
  pose:
    position:
      x: -13.004818862678732
      y: -0.02870999451392109
      z: 0.0
    orientation:
      x: 0.0
      y: 0.0
      z: 0.03093578144631598
      w: 0.9995213741718112
navigation_time:
  sec: 9
  nanosec: 444000000
estimated_time_remaining:
  sec: 0
  nanosec: 0
number_of_recoveries: 0
distance_remaining: 19.79079246520996

Feedback:
    current_pose:
  header:
    stamp:
      sec: 838
      nanosec: 640000000
    frame_id: map
  pose:
    position:
      x: -13.004818862678732
      y: -0.02870999451392109
      z: 0.0
    orientation:
      x: 0.0
      y: 0.0
      z: 0.03093578144631598
      w: 0.9995213741718112
navigation_time:
  sec: 9
  nanosec: 452000000
estimated_time_remaining:
  sec: 0
  nanosec: 0
number_of_recoveries: 0
distance_remaining: 19.79079246520996

Feedback:
    current_pose:
  header:
    stamp:
      sec: 838
      nanosec: 640000000
    frame_id: map
  pose:
    position:
      x: -13.004818862678732
      y: -0.02870999451392109
      z: 0.0
    orientation:
      x: 0.0
      y: 0.0
      z: 0.03093578144631598
      w: 0.9995213741718112
navigation_time:
  sec: 9
  nanosec: 452000000
estimated_time_remaining:
  sec: 0
  nanosec: 0
number_of_recoveries: 0
distance_remaining: 19.79079246520996

Feedback:
    current_pose:
  header:
    stamp:
      sec: 838
      nanosec: 640000000
    frame_id: map
  pose:
    position:
      x: -13.004818862678732
      y: -0.02870999451392109
      z: 0.0
    orientation:
      x: 0.0
      y: 0.0
      z: 0.03093578144631598
      w: 0.9995213741718112
navigation_time:
  sec: 9
  nanosec: 452000000
estimated_time_remaining:
  sec: 0
  nanosec: 0
number_of_recoveries: 0
distance_remaining: 19.79079246520996

Feedback:
    current_pose:
  header:
    stamp:
      sec: 838
      nanosec: 640000000
    frame_id: map
  pose:
    position:
      x: -13.004818862678732
      y: -0.02870999451392109
      z: 0.0
    orientation:
      x: 0.0
      y: 0.0
      z: 0.03093578144631598
      w: 0.9995213741718112
navigation_time:
  sec: 9
  nanosec: 452000000
estimated_time_remaining:
  sec: 0
  nanosec: 0
number_of_recoveries: 0
distance_remaining: 19.79079246520996

Feedback:
    current_pose:
  header:
    stamp:
      sec: 838
      nanosec: 640000000
    frame_id: map
  pose:
    position:
      x: -13.004818862678732
      y: -0.02870999451392109
      z: 0.0
    orientation:
      x: 0.0
      y: 0.0
      z: 0.03093578144631598
      w: 0.9995213741718112
navigation_time:
  sec: 9
  nanosec: 460000000
estimated_time_remaining:
  sec: 0
  nanosec: 0
number_of_recoveries: 0
distance_remaining: 19.79079246520996

Feedback:
    current_pose:
  header:
    stamp:
      sec: 838
      nanosec: 660000000
    frame_id: map
  pose:
    position:
      x: -13.004938713494354
      y: -0.028717362878127872
      z: 0.0
    orientation:
      x: 0.0
      y: 0.0
      z: 0.030545843975460427
      w: 0.9995333668346578
navigation_time:
  sec: 9
  nanosec: 480000000
estimated_time_remaining:
  sec: 0
  nanosec: 0
number_of_recoveries: 0
distance_remaining: 19.79079246520996

Feedback:
    current_pose:
  header:
    stamp:
      sec: 838
      nanosec: 680000000
    frame_id: map
  pose:
    position:
      x: -13.005089656201534
      y: -0.028726539596469536
      z: 0.0
    orientation:
      x: 0.0
      y: 0.0
      z: 0.030166125160137593
      w: 0.9995448988879003
navigation_time:
  sec: 9
  nanosec: 484000000
estimated_time_remaining:
  sec: 0
  nanosec: 0
number_of_recoveries: 0
distance_remaining: 19.79079246520996

Feedback:
    current_pose:
  header:
    stamp:
      sec: 838
      nanosec: 680000000
    frame_id: map
  pose:
    position:
      x: -13.005089656201534
      y: -0.028726539596469536
      z: 0.0
    orientation:
      x: 0.0
      y: 0.0
      z: 0.030166125160137593
      w: 0.9995448988879003
navigation_time:
  sec: 9
  nanosec: 484000000
estimated_time_remaining:
  sec: 0
  nanosec: 0
number_of_recoveries: 0
distance_remaining: 19.79079246520996

Feedback:
    current_pose:
  header:
    stamp:
      sec: 838
      nanosec: 680000000
    frame_id: map
  pose:
    position:
      x: -13.005089656201534
      y: -0.028726539596469536
      z: 0.0
    orientation:
      x: 0.0
      y: 0.0
      z: 0.030166125160137593
      w: 0.9995448988879003
navigation_time:
  sec: 9
  nanosec: 484000000
estimated_time_remaining:
  sec: 0
  nanosec: 0
number_of_recoveries: 0
distance_remaining: 19.79079246520996

Feedback:
    current_pose:
  header:
    stamp:
      sec: 838
      nanosec: 680000000
    frame_id: map
  pose:
    position:
      x: -13.005089656201534
      y: -0.028726539596469536
      z: 0.0
    orientation:
      x: 0.0
      y: 0.0
      z: 0.030166125160137593
      w: 0.9995448988879003
navigation_time:
  sec: 9
  nanosec: 500000000
estimated_time_remaining:
  sec: 0
  nanosec: 0
number_of_recoveries: 0
distance_remaining: 19.79079246520996

Feedback:
    current_pose:
  header:
    stamp:
      sec: 838
      nanosec: 700000000
    frame_id: map
  pose:
    position:
      x: -13.005253731966121
      y: -0.028736369072284162
      z: 0.0
    orientation:
      x: 0.0
      y: 0.0
      z: 0.029661582533559053
      w: 0.9995599984601249
navigation_time:
  sec: 9
  nanosec: 516000000
estimated_time_remaining:
  sec: 0
  nanosec: 0
number_of_recoveries: 0
distance_remaining: 19.79079246520996

Feedback:
    current_pose:
  header:
    stamp:
      sec: 838
      nanosec: 700000000
    frame_id: map
  pose:
    position:
      x: -13.005253731966121
      y: -0.028736369072284162
      z: 0.0
    orientation:
      x: 0.0
      y: 0.0
      z: 0.029661582533559053
      w: 0.9995599984601249
navigation_time:
  sec: 9
  nanosec: 516000000
estimated_time_remaining:
  sec: 0
  nanosec: 0
number_of_recoveries: 0
distance_remaining: 19.79079246520996

Feedback:
    current_pose:
  header:
    stamp:
      sec: 838
      nanosec: 700000000
    frame_id: map
  pose:
    position:
      x: -13.005253731966121
      y: -0.028736369072284162
      z: 0.0
    orientation:
      x: 0.0
      y: 0.0
      z: 0.029661582533559053
      w: 0.9995599984601249
navigation_time:
  sec: 9
  nanosec: 516000000
estimated_time_remaining:
  sec: 0
  nanosec: 0
number_of_recoveries: 0
distance_remaining: 19.79079246520996

Feedback:
    current_pose:
  header:
    stamp:
      sec: 838
      nanosec: 720000000
    frame_id: map
  pose:
    position:
      x: -13.005417817570347
      y: -0.028746032902546403
      z: 0.0
    orientation:
      x: 0.0
      y: 0.0
      z: 0.02915703230978396
      w: 0.9995748433543564
navigation_time:
  sec: 9
  nanosec: 524000000
estimated_time_remaining:
  sec: 0
  nanosec: 0
number_of_recoveries: 0
distance_remaining: 19.79079246520996

Feedback:
    current_pose:
  header:
    stamp:
      sec: 838
      nanosec: 740000000
    frame_id: map
  pose:
    position:
      x: -13.00606027522899
      y: -0.02878315900428774
      z: 0.0
    orientation:
      x: 0.0
      y: 0.0
      z: 0.028558378772442737
      w: 0.9995921263204758
navigation_time:
  sec: 9
  nanosec: 544000000
estimated_time_remaining:
  sec: 0
  nanosec: 0
number_of_recoveries: 0
distance_remaining: 19.79079246520996

Feedback:
    current_pose:
  header:
    stamp:
      sec: 838
      nanosec: 740000000
    frame_id: map
  pose:
    position:
      x: -13.00606027522899
      y: -0.02878315900428774
      z: 0.0
    orientation:
      x: 0.0
      y: 0.0
      z: 0.028558378772442737
      w: 0.9995921263204758
navigation_time:
  sec: 9
  nanosec: 548000000
estimated_time_remaining:
  sec: 0
  nanosec: 0
number_of_recoveries: 0
distance_remaining: 19.79079246520996

Feedback:
    current_pose:
  header:
    stamp:
      sec: 838
      nanosec: 740000000
    frame_id: map
  pose:
    position:
      x: -13.00606027522899
      y: -0.02878315900428774
      z: 0.0
    orientation:
      x: 0.0
      y: 0.0
      z: 0.028558378772442737
      w: 0.9995921263204758
navigation_time:
  sec: 9
  nanosec: 556000000
estimated_time_remaining:
  sec: 0
  nanosec: 0
number_of_recoveries: 0
distance_remaining: 19.79079246520996

Feedback:
    current_pose:
  header:
    stamp:
      sec: 838
      nanosec: 740000000
    frame_id: map
  pose:
    position:
      x: -13.00606027522899
      y: -0.02878315900428774
      z: 0.0
    orientation:
      x: 0.0
      y: 0.0
      z: 0.028558378772442737
      w: 0.9995921263204758
navigation_time:
  sec: 9
  nanosec: 556000000
estimated_time_remaining:
  sec: 0
  nanosec: 0
number_of_recoveries: 0
distance_remaining: 19.79079246520996

Feedback:
    current_pose:
  header:
    stamp:
      sec: 838
      nanosec: 740000000
    frame_id: map
  pose:
    position:
      x: -13.00606027522899
      y: -0.02878315900428774
      z: 0.0
    orientation:
      x: 0.0
      y: 0.0
      z: 0.028558378772442737
      w: 0.9995921263204758
navigation_time:
  sec: 9
  nanosec: 556000000
estimated_time_remaining:
  sec: 0
  nanosec: 0
number_of_recoveries: 0
distance_remaining: 19.79079246520996

Feedback:
    current_pose:
  header:
    stamp:
      sec: 838
      nanosec: 740000000
    frame_id: map
  pose:
    position:
      x: -13.00606027522899
      y: -0.02878315900428774
      z: 0.0
    orientation:
      x: 0.0
      y: 0.0
      z: 0.028558378772442737
      w: 0.9995921263204758
navigation_time:
  sec: 9
  nanosec: 556000000
estimated_time_remaining:
  sec: 0
  nanosec: 0
number_of_recoveries: 0
distance_remaining: 19.79079246520996

Feedback:
    current_pose:
  header:
    stamp:
      sec: 838
      nanosec: 760000000
    frame_id: map
  pose:
    position:
      x: -13.006608786839323
      y: -0.02881419872852753
      z: 0.0
    orientation:
      x: 0.0
      y: 0.0
      z: 0.02793695548807746
      w: 0.9996096870869435
navigation_time:
  sec: 9
  nanosec: 580000000
estimated_time_remaining:
  sec: 0
  nanosec: 0
number_of_recoveries: 0
distance_remaining: 19.79079246520996

Feedback:
    current_pose:
  header:
    stamp:
      sec: 838
      nanosec: 780000000
    frame_id: map
  pose:
    position:
      x: -13.007071369036908
      y: -0.028839802768686695
      z: 0.0
    orientation:
      x: 0.0
      y: 0.0
      z: 0.02727591762996
      w: 0.999627942945496
navigation_time:
  sec: 9
  nanosec: 584000000
estimated_time_remaining:
  sec: 0
  nanosec: 0
number_of_recoveries: 0
distance_remaining: 19.79079246520996

Feedback:
    current_pose:
  header:
    stamp:
      sec: 838
      nanosec: 780000000
    frame_id: map
  pose:
    position:
      x: -13.007071369036908
      y: -0.028839802768686695
      z: 0.0
    orientation:
      x: 0.0
      y: 0.0
      z: 0.02727591762996
      w: 0.999627942945496
navigation_time:
  sec: 9
  nanosec: 584000000
estimated_time_remaining:
  sec: 0
  nanosec: 0
number_of_recoveries: 0
distance_remaining: 19.79079246520996

Feedback:
    current_pose:
  header:
    stamp:
      sec: 838
      nanosec: 780000000
    frame_id: map
  pose:
    position:
      x: -13.007071369036908
      y: -0.028839802768686695
      z: 0.0
    orientation:
      x: 0.0
      y: 0.0
      z: 0.02727591762996
      w: 0.999627942945496
navigation_time:
  sec: 9
  nanosec: 584000000
estimated_time_remaining:
  sec: 0
  nanosec: 0
number_of_recoveries: 0
distance_remaining: 19.79079246520996

Feedback:
    current_pose:
  header:
    stamp:
      sec: 838
      nanosec: 780000000
    frame_id: map
  pose:
    position:
      x: -13.007071369036908
      y: -0.028839802768686695
      z: 0.0
    orientation:
      x: 0.0
      y: 0.0
      z: 0.02727591762996
      w: 0.999627942945496
navigation_time:
  sec: 9
  nanosec: 584000000
estimated_time_remaining:
  sec: 0
  nanosec: 0
number_of_recoveries: 0
distance_remaining: 19.79079246520996

Feedback:
    current_pose:
  header:
    stamp:
      sec: 838
      nanosec: 780000000
    frame_id: map
  pose:
    position:
      x: -13.007071369036908
      y: -0.028839802768686695
      z: 0.0
    orientation:
      x: 0.0
      y: 0.0
      z: 0.02727591762996
      w: 0.999627942945496
navigation_time:
  sec: 9
  nanosec: 600000000
estimated_time_remaining:
  sec: 0
  nanosec: 0
number_of_recoveries: 0
distance_remaining: 19.79079246520996

Feedback:
    current_pose:
  header:
    stamp:
      sec: 838
      nanosec: 800000000
    frame_id: map
  pose:
    position:
      x: -13.007440278071243
      y: -0.028859686421123243
      z: 0.0
    orientation:
      x: 0.0
      y: 0.0
      z: 0.026563996133090795
      w: 0.9996471147907351
navigation_time:
  sec: 9
  nanosec: 600000000
estimated_time_remaining:
  sec: 0
  nanosec: 0
number_of_recoveries: 0
distance_remaining: 19.79079246520996

Feedback:
    current_pose:
  header:
    stamp:
      sec: 838
      nanosec: 800000000
    frame_id: map
  pose:
    position:
      x: -13.007440278071243
      y: -0.028859686421123243
      z: 0.0
    orientation:
      x: 0.0
      y: 0.0
      z: 0.026563996133090795
      w: 0.9996471147907351
navigation_time:
  sec: 9
  nanosec: 600000000
estimated_time_remaining:
  sec: 0
  nanosec: 0
number_of_recoveries: 0
distance_remaining: 19.79079246520996

Feedback:
    current_pose:
  header:
    stamp:
      sec: 838
      nanosec: 800000000
    frame_id: map
  pose:
    position:
      x: -13.007440278071243
      y: -0.028859686421123243
      z: 0.0
    orientation:
      x: 0.0
      y: 0.0
      z: 0.026563996133090795
      w: 0.9996471147907351
navigation_time:
  sec: 9
  nanosec: 600000000
estimated_time_remaining:
  sec: 0
  nanosec: 0
number_of_recoveries: 0
distance_remaining: 19.79079246520996

Feedback:
    current_pose:
  header:
    stamp:
      sec: 838
      nanosec: 820000000
    frame_id: map
  pose:
    position:
      x: -13.007807238797
      y: -0.02887893538285269
      z: 0.0
    orientation:
      x: 0.0
      y: 0.0
      z: 0.02583233980925085
      w: 0.9996662894286169
navigation_time:
  sec: 9
  nanosec: 632000000
estimated_time_remaining:
  sec: 0
  nanosec: 0
number_of_recoveries: 0
distance_remaining: 19.79079246520996

Feedback:
    current_pose:
  header:
    stamp:
      sec: 838
      nanosec: 840000000
    frame_id: map
  pose:
    position:
      x: -13.00810134489835
      y: -0.02889397934435145
      z: 0.0
    orientation:
      x: 0.0
      y: 0.0
      z: 0.02529666493154039
      w: 0.9996799881678844
navigation_time:
  sec: 9
  nanosec: 644000000
estimated_time_remaining:
  sec: 0
  nanosec: 0
number_of_recoveries: 0
distance_remaining: 19.79079246520996

Feedback:
    current_pose:
  header:
    stamp:
      sec: 838
      nanosec: 840000000
    frame_id: map
  pose:
    position:
      x: -13.00810134489835
      y: -0.02889397934435145
      z: 0.0
    orientation:
      x: 0.0
      y: 0.0
      z: 0.02529666493154039
      w: 0.9996799881678844
navigation_time:
  sec: 9
  nanosec: 648000000
estimated_time_remaining:
  sec: 0
  nanosec: 0
number_of_recoveries: 0
distance_remaining: 19.79079246520996

Feedback:
    current_pose:
  header:
    stamp:
      sec: 838
      nanosec: 840000000
    frame_id: map
  pose:
    position:
      x: -13.00810134489835
      y: -0.02889397934435145
      z: 0.0
    orientation:
      x: 0.0
      y: 0.0
      z: 0.02529666493154039
      w: 0.9996799881678844
navigation_time:
  sec: 9
  nanosec: 652000000
estimated_time_remaining:
  sec: 0
  nanosec: 0
number_of_recoveries: 0
distance_remaining: 19.79079246520996

Feedback:
    current_pose:
  header:
    stamp:
      sec: 838
      nanosec: 840000000
    frame_id: map
  pose:
    position:
      x: -13.00810134489835
      y: -0.02889397934435145
      z: 0.0
    orientation:
      x: 0.0
      y: 0.0
      z: 0.02529666493154039
      w: 0.9996799881678844
navigation_time:
  sec: 9
  nanosec: 652000000
estimated_time_remaining:
  sec: 0
  nanosec: 0
number_of_recoveries: 0
distance_remaining: 19.79079246520996

Feedback:
    current_pose:
  header:
    stamp:
      sec: 838
      nanosec: 840000000
    frame_id: map
  pose:
    position:
      x: -13.00810134489835
      y: -0.02889397934435145
      z: 0.0
    orientation:
      x: 0.0
      y: 0.0
      z: 0.02529666493154039
      w: 0.9996799881678844
navigation_time:
  sec: 9
  nanosec: 652000000
estimated_time_remaining:
  sec: 0
  nanosec: 0
number_of_recoveries: 0
distance_remaining: 19.79079246520996

Feedback:
    current_pose:
  header:
    stamp:
      sec: 838
      nanosec: 840000000
    frame_id: map
  pose:
    position:
      x: -13.00810134489835
      y: -0.02889397934435145
      z: 0.0
    orientation:
      x: 0.0
      y: 0.0
      z: 0.02529666493154039
      w: 0.9996799881678844
navigation_time:
  sec: 9
  nanosec: 652000000
estimated_time_remaining:
  sec: 0
  nanosec: 0
number_of_recoveries: 0
distance_remaining: 19.79079246520996

Feedback:
    current_pose:
  header:
    stamp:
      sec: 838
      nanosec: 860000000
    frame_id: map
  pose:
    position:
      x: -13.00834720555612
      y: -0.0289063311560529
      z: 0.0
    orientation:
      x: 0.0
      y: 0.0
      z: 0.02489493450562985
      w: 0.9996900730906356
navigation_time:
  sec: 9
  nanosec: 668000000
estimated_time_remaining:
  sec: 0
  nanosec: 0
number_of_recoveries: 0
distance_remaining: 19.79079246520996

Feedback:
    current_pose:
  header:
    stamp:
      sec: 838
      nanosec: 880000000
    frame_id: map
  pose:
    position:
      x: -13.0087085761687
      y: -0.02892417054769325
      z: 0.0
    orientation:
      x: 0.0
      y: 0.0
      z: 0.02447135213357983
      w: 0.9997005316217223
navigation_time:
  sec: 9
  nanosec: 680000000
estimated_time_remaining:
  sec: 0
  nanosec: 0
number_of_recoveries: 0
distance_remaining: 19.79079246520996

Feedback:
    current_pose:
  header:
    stamp:
      sec: 838
      nanosec: 880000000
    frame_id: map
  pose:
    position:
      x: -13.0087085761687
      y: -0.02892417054769325
      z: 0.0
    orientation:
      x: 0.0
      y: 0.0
      z: 0.02447135213357983
      w: 0.9997005316217223
navigation_time:
  sec: 9
  nanosec: 680000000
estimated_time_remaining:
  sec: 0
  nanosec: 0
number_of_recoveries: 0
distance_remaining: 19.79079246520996

Feedback:
    current_pose:
  header:
    stamp:
      sec: 838
      nanosec: 880000000
    frame_id: map
  pose:
    position:
      x: -13.0087085761687
      y: -0.02892417054769325
      z: 0.0
    orientation:
      x: 0.0
      y: 0.0
      z: 0.02447135213357983
      w: 0.9997005316217223
navigation_time:
  sec: 9
  nanosec: 680000000
estimated_time_remaining:
  sec: 0
  nanosec: 0
number_of_recoveries: 0
distance_remaining: 19.79079246520996

Feedback:
    current_pose:
  header:
    stamp:
      sec: 838
      nanosec: 880000000
    frame_id: map
  pose:
    position:
      x: -13.0087085761687
      y: -0.02892417054769325
      z: 0.0
    orientation:
      x: 0.0
      y: 0.0
      z: 0.02447135213357983
      w: 0.9997005316217223
navigation_time:
  sec: 9
  nanosec: 680000000
estimated_time_remaining:
  sec: 0
  nanosec: 0
number_of_recoveries: 0
distance_remaining: 19.79079246520996

Feedback:
    current_pose:
  header:
    stamp:
      sec: 838
      nanosec: 880000000
    frame_id: map
  pose:
    position:
      x: -13.0087085761687
      y: -0.02892417054769325
      z: 0.0
    orientation:
      x: 0.0
      y: 0.0
      z: 0.02447135213357983
      w: 0.9997005316217223
navigation_time:
  sec: 9
  nanosec: 688000000
estimated_time_remaining:
  sec: 0
  nanosec: 0
number_of_recoveries: 0
distance_remaining: 19.79079246520996

Feedback:
    current_pose:
  header:
    stamp:
      sec: 838
      nanosec: 900000000
    frame_id: map
  pose:
    position:
      x: -13.009067056581927
      y: -0.028941602001458122
      z: 0.0
    orientation:
      x: 0.0
      y: 0.0
      z: 0.024043528483157887
      w: 0.9997109125832726
navigation_time:
  sec: 9
  nanosec: 716000000
estimated_time_remaining:
  sec: 1699
  nanosec: 872130103
number_of_recoveries: 0
distance_remaining: 19.79079246520996

Feedback:
    current_pose:
  header:
    stamp:
      sec: 838
      nanosec: 900000000
    frame_id: map
  pose:
    position:
      x: -13.009067056581927
      y: -0.028941602001458122
      z: 0.0
    orientation:
      x: 0.0
      y: 0.0
      z: 0.024043528483157887
      w: 0.9997109125832726
navigation_time:
  sec: 9
  nanosec: 716000000
estimated_time_remaining:
  sec: 1699
  nanosec: 872130103
number_of_recoveries: 0
distance_remaining: 19.79079246520996

Feedback:
    current_pose:
  header:
    stamp:
      sec: 838
      nanosec: 900000000
    frame_id: map
  pose:
    position:
      x: -13.009067056581927
      y: -0.028941602001458122
      z: 0.0
    orientation:
      x: 0.0
      y: 0.0
      z: 0.024043528483157887
      w: 0.9997109125832726
navigation_time:
  sec: 9
  nanosec: 716000000
estimated_time_remaining:
  sec: 1699
  nanosec: 872130103
number_of_recoveries: 0
distance_remaining: 19.79079246520996

Feedback:
    current_pose:
  header:
    stamp:
      sec: 838
      nanosec: 900000000
    frame_id: map
  pose:
    position:
      x: -13.009067056581927
      y: -0.028941602001458122
      z: 0.0
    orientation:
      x: 0.0
      y: 0.0
      z: 0.024043528483157887
      w: 0.9997109125832726
navigation_time:
  sec: 9
  nanosec: 716000000
estimated_time_remaining:
  sec: 1699
  nanosec: 872130103
number_of_recoveries: 0
distance_remaining: 19.79079246520996

Feedback:
    current_pose:
  header:
    stamp:
      sec: 838
      nanosec: 920000000
    frame_id: map
  pose:
    position:
      x: -13.00881354033936
      y: -0.02892949880910578
      z: 0.0
    orientation:
      x: 0.0
      y: 0.0
      z: 0.023657015158320346
      w: 0.9997201336543138
navigation_time:
  sec: 9
  nanosec: 724000000
estimated_time_remaining:
  sec: 1582
  nanosec: 929661601
number_of_recoveries: 0
distance_remaining: 19.79079246520996

Feedback:
    current_pose:
  header:
    stamp:
      sec: 838
      nanosec: 940000000
    frame_id: map
  pose:
    position:
      x: -13.008664433772907
      y: -0.02892247144259663
      z: 0.0
    orientation:
      x: 0.0
      y: 0.0
      z: 0.023235414418609192
      w: 0.9997300213141523
navigation_time:
  sec: 9
  nanosec: 744000000
estimated_time_remaining:
  sec: 1626
  nanosec: 501087319
number_of_recoveries: 0
distance_remaining: 19.79079246520996

Feedback:
    current_pose:
  header:
    stamp:
      sec: 838
      nanosec: 940000000
    frame_id: map
  pose:
    position:
      x: -13.008664433772907
      y: -0.02892247144259663
      z: 0.0
    orientation:
      x: 0.0
      y: 0.0
      z: 0.023235414418609192
      w: 0.9997300213141523
navigation_time:
  sec: 9
  nanosec: 744000000
estimated_time_remaining:
  sec: 1626
  nanosec: 501087319
number_of_recoveries: 0
distance_remaining: 19.79079246520996

Feedback:
    current_pose:
  header:
    stamp:
      sec: 838
      nanosec: 940000000
    frame_id: map
  pose:
    position:
      x: -13.008664433772907
      y: -0.02892247144259663
      z: 0.0
    orientation:
      x: 0.0
      y: 0.0
      z: 0.023235414418609192
      w: 0.9997300213141523
navigation_time:
  sec: 9
  nanosec: 744000000
estimated_time_remaining:
  sec: 1626
  nanosec: 501087319
number_of_recoveries: 0
distance_remaining: 19.79079246520996

Feedback:
    current_pose:
  header:
    stamp:
      sec: 838
      nanosec: 940000000
    frame_id: map
  pose:
    position:
      x: -13.008664433772907
      y: -0.02892247144259663
      z: 0.0
    orientation:
      x: 0.0
      y: 0.0
      z: 0.023235414418609192
      w: 0.9997300213141523
navigation_time:
  sec: 9
  nanosec: 756000000
estimated_time_remaining:
  sec: 1626
  nanosec: 501087319
number_of_recoveries: 0
distance_remaining: 19.79079246520996

Feedback:
    current_pose:
  header:
    stamp:
      sec: 838
      nanosec: 980000000
    frame_id: map
  pose:
    position:
      x: -13.008671355497782
      y: -0.02892279201391723
      z: 0.0
    orientation:
      x: 0.0
      y: 0.0
      z: 0.022333656242036343
      w: 0.9997505727924654
navigation_time:
  sec: 9
  nanosec: 784000000
estimated_time_remaining:
  sec: 1667
  nanosec: 187244359
number_of_recoveries: 0
distance_remaining: 19.79079246520996

Feedback:
    current_pose:
  header:
    stamp:
      sec: 838
      nanosec: 980000000
    frame_id: map
  pose:
    position:
      x: -13.008671355497782
      y: -0.02892279201391723
      z: 0.0
    orientation:
      x: 0.0
      y: 0.0
      z: 0.022333656242036343
      w: 0.9997505727924654
navigation_time:
  sec: 9
  nanosec: 784000000
estimated_time_remaining:
  sec: 1667
  nanosec: 187244359
number_of_recoveries: 0
distance_remaining: 19.79079246520996

Feedback:
    current_pose:
  header:
    stamp:
      sec: 838
      nanosec: 980000000
    frame_id: map
  pose:
    position:
      x: -13.008671355497782
      y: -0.02892279201391723
      z: 0.0
    orientation:
      x: 0.0
      y: 0.0
      z: 0.022333656242036343
      w: 0.9997505727924654
navigation_time:
  sec: 9
  nanosec: 784000000
estimated_time_remaining:
  sec: 1667
  nanosec: 187244359
number_of_recoveries: 0
distance_remaining: 19.79079246520996

Feedback:
    current_pose:
  header:
    stamp:
      sec: 838
      nanosec: 980000000
    frame_id: map
  pose:
    position:
      x: -13.008671355497782
      y: -0.02892279201391723
      z: 0.0
    orientation:
      x: 0.0
      y: 0.0
      z: 0.022333656242036343
      w: 0.9997505727924654
navigation_time:
  sec: 9
  nanosec: 784000000
estimated_time_remaining:
  sec: 1667
  nanosec: 187244359
number_of_recoveries: 0
distance_remaining: 19.79079246520996

Feedback:
    current_pose:
  header:
    stamp:
      sec: 839
      nanosec: 0
    frame_id: map
  pose:
    position:
      x: -13.008665346240804
      y: -0.028922525782856923
      z: 0.0
    orientation:
      x: 0.0
      y: 0.0
      z: 0.021937265306495507
      w: 0.9997593492390419
navigation_time:
  sec: 9
  nanosec: 800000000
estimated_time_remaining:
  sec: 1730
  nanosec: 489200698
number_of_recoveries: 0
distance_remaining: 19.79079246520996

Feedback:
    current_pose:
  header:
    stamp:
      sec: 839
      nanosec: 0
    frame_id: map
  pose:
    position:
      x: -13.008665346240804
      y: -0.028922525782856923
      z: 0.0
    orientation:
      x: 0.0
      y: 0.0
      z: 0.021937265306495507
      w: 0.9997593492390419
navigation_time:
  sec: 9
  nanosec: 800000000
estimated_time_remaining:
  sec: 1730
  nanosec: 489200698
number_of_recoveries: 0
distance_remaining: 19.79079246520996

Feedback:
    current_pose:
  header:
    stamp:
      sec: 839
      nanosec: 0
    frame_id: map
  pose:
    position:
      x: -13.008665346240804
      y: -0.028922525782856923
      z: 0.0
    orientation:
      x: 0.0
      y: 0.0
      z: 0.021937265306495507
      w: 0.9997593492390419
navigation_time:
  sec: 9
  nanosec: 800000000
estimated_time_remaining:
  sec: 1730
  nanosec: 489200698
number_of_recoveries: 0
distance_remaining: 19.79079246520996

Feedback:
    current_pose:
  header:
    stamp:
      sec: 839
      nanosec: 0
    frame_id: map
  pose:
    position:
      x: -13.008665346240804
      y: -0.028922525782856923
      z: 0.0
    orientation:
      x: 0.0
      y: 0.0
      z: 0.021937265306495507
      w: 0.9997593492390419
navigation_time:
  sec: 9
  nanosec: 800000000
estimated_time_remaining:
  sec: 1730
  nanosec: 489200698
number_of_recoveries: 0
distance_remaining: 19.79079246520996

Feedback:
    current_pose:
  header:
    stamp:
      sec: 839
      nanosec: 20000000
    frame_id: map
  pose:
    position:
      x: -13.008719539602623
      y: -0.028924870082098764
      z: 0.0
    orientation:
      x: 0.0
      y: 0.0
      z: 0.021382058612050447
      w: 0.9997713776506661
navigation_time:
  sec: 9
  nanosec: 840000000
estimated_time_remaining:
  sec: 1796
  nanosec: 97071224
number_of_recoveries: 0
distance_remaining: 19.79079246520996

Feedback:
    current_pose:
  header:
    stamp:
      sec: 839
      nanosec: 40000000
    frame_id: map
  pose:
    position:
      x: -13.008829667150877
      y: -0.02892950113975523
      z: 0.0
    orientation:
      x: 0.0
      y: 0.0
      z: 0.020850278915787755
      w: 0.9997826093052098
navigation_time:
  sec: 9
  nanosec: 844000000
estimated_time_remaining:
  sec: 1838
  nanosec: 933517421
number_of_recoveries: 0
distance_remaining: 19.79079246520996

Feedback:
    current_pose:
  header:
    stamp:
      sec: 839
      nanosec: 40000000
    frame_id: map
  pose:
    position:
      x: -13.008829667150877
      y: -0.02892950113975523
      z: 0.0
    orientation:
      x: 0.0
      y: 0.0
      z: 0.020850278915787755
      w: 0.9997826093052098
navigation_time:
  sec: 9
  nanosec: 852000000
estimated_time_remaining:
  sec: 1838
  nanosec: 933517421
number_of_recoveries: 0
distance_remaining: 19.79079246520996

Feedback:
    current_pose:
  header:
    stamp:
      sec: 839
      nanosec: 40000000
    frame_id: map
  pose:
    position:
      x: -13.008829667150877
      y: -0.02892950113975523
      z: 0.0
    orientation:
      x: 0.0
      y: 0.0
      z: 0.020850278915787755
      w: 0.9997826093052098
navigation_time:
  sec: 9
  nanosec: 852000000
estimated_time_remaining:
  sec: 1838
  nanosec: 933517421
number_of_recoveries: 0
distance_remaining: 19.79079246520996

Feedback:
    current_pose:
  header:
    stamp:
      sec: 839
      nanosec: 40000000
    frame_id: map
  pose:
    position:
      x: -13.008829667150877
      y: -0.02892950113975523
      z: 0.0
    orientation:
      x: 0.0
      y: 0.0
      z: 0.020850278915787755
      w: 0.9997826093052098
navigation_time:
  sec: 9
  nanosec: 852000000
estimated_time_remaining:
  sec: 1838
  nanosec: 933517421
number_of_recoveries: 0
distance_remaining: 19.79079246520996

Feedback:
    current_pose:
  header:
    stamp:
      sec: 839
      nanosec: 40000000
    frame_id: map
  pose:
    position:
      x: -13.008829667150877
      y: -0.02892950113975523
      z: 0.0
    orientation:
      x: 0.0
      y: 0.0
      z: 0.020850278915787755
      w: 0.9997826093052098
navigation_time:
  sec: 9
  nanosec: 852000000
estimated_time_remaining:
  sec: 1838
  nanosec: 933517421
number_of_recoveries: 0
distance_remaining: 19.79079246520996

Feedback:
    current_pose:
  header:
    stamp:
      sec: 839
      nanosec: 60000000
    frame_id: map
  pose:
    position:
      x: -13.009103321230228
      y: -0.02894084355290616
      z: 0.0
    orientation:
      x: 0.0
      y: 0.0
      z: 0.02057104426964071
      w: 0.999788393680211
navigation_time:
  sec: 9
  nanosec: 864000000
estimated_time_remaining:
  sec: 1959
  nanosec: 496348322
number_of_recoveries: 0
distance_remaining: 19.79079246520996

Feedback:
    current_pose:
  header:
    stamp:
      sec: 839
      nanosec: 60000000
    frame_id: map
  pose:
    position:
      x: -13.009103321230228
      y: -0.02894084355290616
      z: 0.0
    orientation:
      x: 0.0
      y: 0.0
      z: 0.02057104426964071
      w: 0.999788393680211
navigation_time:
  sec: 9
  nanosec: 880000000
estimated_time_remaining:
  sec: 1959
  nanosec: 496348322
number_of_recoveries: 0
distance_remaining: 19.79079246520996

Feedback:
    current_pose:
  header:
    stamp:
      sec: 839
      nanosec: 60000000
    frame_id: map
  pose:
    position:
      x: -13.009103321230228
      y: -0.02894084355290616
      z: 0.0
    orientation:
      x: 0.0
      y: 0.0
      z: 0.02057104426964071
      w: 0.999788393680211
navigation_time:
  sec: 9
  nanosec: 880000000
estimated_time_remaining:
  sec: 1959
  nanosec: 496348322
number_of_recoveries: 0
distance_remaining: 19.79079246520996

Feedback:
    current_pose:
  header:
    stamp:
      sec: 839
      nanosec: 100000000
    frame_id: map
  pose:
    position:
      x: -13.009163630220584
      y: -0.028943417434435403
      z: 0.0
    orientation:
      x: 0.0
      y: 0.0
      z: 0.01991639765187849
      w: 0.9998016488807029
navigation_time:
  sec: 9
  nanosec: 900000000
estimated_time_remaining:
  sec: 0
  nanosec: 0
number_of_recoveries: 0
distance_remaining: 19.79079246520996

Feedback:
    current_pose:
  header:
    stamp:
      sec: 839
      nanosec: 100000000
    frame_id: map
  pose:
    position:
      x: -13.009163630220584
      y: -0.028943417434435403
      z: 0.0
    orientation:
      x: 0.0
      y: 0.0
      z: 0.01991639765187849
      w: 0.9998016488807029
navigation_time:
  sec: 9
  nanosec: 912000000
estimated_time_remaining:
  sec: 0
  nanosec: 0
number_of_recoveries: 0
distance_remaining: 19.79079246520996

Feedback:
    current_pose:
  header:
    stamp:
      sec: 839
      nanosec: 100000000
    frame_id: map
  pose:
    position:
      x: -13.009163630220584
      y: -0.028943417434435403
      z: 0.0
    orientation:
      x: 0.0
      y: 0.0
      z: 0.01991639765187849
      w: 0.9998016488807029
navigation_time:
  sec: 9
  nanosec: 912000000
estimated_time_remaining:
  sec: 0
  nanosec: 0
number_of_recoveries: 0
distance_remaining: 19.79079246520996

Feedback:
    current_pose:
  header:
    stamp:
      sec: 839
      nanosec: 100000000
    frame_id: map
  pose:
    position:
      x: -13.009163630220584
      y: -0.028943417434435403
      z: 0.0
    orientation:
      x: 0.0
      y: 0.0
      z: 0.01991639765187849
      w: 0.9998016488807029
navigation_time:
  sec: 9
  nanosec: 912000000
estimated_time_remaining:
  sec: 0
  nanosec: 0
number_of_recoveries: 0
distance_remaining: 19.79079246520996

Feedback:
    current_pose:
  header:
    stamp:
      sec: 839
      nanosec: 100000000
    frame_id: map
  pose:
    position:
      x: -13.009163630220584
      y: -0.028943417434435403
      z: 0.0
    orientation:
      x: 0.0
      y: 0.0
      z: 0.01991639765187849
      w: 0.9998016488807029
navigation_time:
  sec: 9
  nanosec: 912000000
estimated_time_remaining:
  sec: 0
  nanosec: 0
number_of_recoveries: 0
distance_remaining: 19.79079246520996

Feedback:
    current_pose:
  header:
    stamp:
      sec: 839
      nanosec: 100000000
    frame_id: map
  pose:
    position:
      x: -13.009163630220584
      y: -0.028943417434435403
      z: 0.0
    orientation:
      x: 0.0
      y: 0.0
      z: 0.01991639765187849
      w: 0.9998016488807029
navigation_time:
  sec: 9
  nanosec: 916000000
estimated_time_remaining:
  sec: 0
  nanosec: 0
number_of_recoveries: 0
distance_remaining: 19.79079246520996

Feedback:
    current_pose:
  header:
    stamp:
      sec: 839
      nanosec: 140000000
    frame_id: map
  pose:
    position:
      x: -13.008482718555541
      y: -0.028916692540455813
      z: 0.0
    orientation:
      x: 0.0
      y: 0.0
      z: 0.019414023886461403
      w: 0.9998115300778122
navigation_time:
  sec: 9
  nanosec: 944000000
estimated_time_remaining:
  sec: 0
  nanosec: 0
number_of_recoveries: 0
distance_remaining: 19.79079246520996

Feedback:
    current_pose:
  header:
    stamp:
      sec: 839
      nanosec: 140000000
    frame_id: map
  pose:
    position:
      x: -13.008482718555541
      y: -0.028916692540455813
      z: 0.0
    orientation:
      x: 0.0
      y: 0.0
      z: 0.019414023886461403
      w: 0.9998115300778122
navigation_time:
  sec: 9
  nanosec: 944000000
estimated_time_remaining:
  sec: 0
  nanosec: 0
number_of_recoveries: 0
distance_remaining: 19.79079246520996

Feedback:
    current_pose:
  header:
    stamp:
      sec: 839
      nanosec: 140000000
    frame_id: map
  pose:
    position:
      x: -13.008482718555541
      y: -0.028916692540455813
      z: 0.0
    orientation:
      x: 0.0
      y: 0.0
      z: 0.019414023886461403
      w: 0.9998115300778122
navigation_time:
  sec: 9
  nanosec: 944000000
estimated_time_remaining:
  sec: 0
  nanosec: 0
number_of_recoveries: 0
distance_remaining: 19.79079246520996

Feedback:
    current_pose:
  header:
    stamp:
      sec: 839
      nanosec: 140000000
    frame_id: map
  pose:
    position:
      x: -13.008482718555541
      y: -0.028916692540455813
      z: 0.0
    orientation:
      x: 0.0
      y: 0.0
      z: 0.019414023886461403
      w: 0.9998115300778122
navigation_time:
  sec: 9
  nanosec: 944000000
estimated_time_remaining:
  sec: 0
  nanosec: 0
number_of_recoveries: 0
distance_remaining: 19.79079246520996

Feedback:
    current_pose:
  header:
    stamp:
      sec: 839
      nanosec: 160000000
    frame_id: map
  pose:
    position:
      x: -13.008150213271435
      y: -0.0289038846360139
      z: 0.0
    orientation:
      x: 0.0
      y: 0.0
      z: 0.01904072307093426
      w: 0.9998187089992545
navigation_time:
  sec: 9
  nanosec: 968000000
estimated_time_remaining:
  sec: 0
  nanosec: 0
number_of_recoveries: 0
distance_remaining: 19.79079246520996

Feedback:
    current_pose:
  header:
    stamp:
      sec: 839
      nanosec: 160000000
    frame_id: map
  pose:
    position:
      x: -13.008150213271435
      y: -0.0289038846360139
      z: 0.0
    orientation:
      x: 0.0
      y: 0.0
      z: 0.01904072307093426
      w: 0.9998187089992545
navigation_time:
  sec: 9
  nanosec: 976000000
estimated_time_remaining:
  sec: 0
  nanosec: 0
number_of_recoveries: 0
distance_remaining: 19.79079246520996

Feedback:
    current_pose:
  header:
    stamp:
      sec: 839
      nanosec: 160000000
    frame_id: map
  pose:
    position:
      x: -13.008150213271435
      y: -0.0289038846360139
      z: 0.0
    orientation:
      x: 0.0
      y: 0.0
      z: 0.01904072307093426
      w: 0.9998187089992545
navigation_time:
  sec: 9
  nanosec: 976000000
estimated_time_remaining:
  sec: 0
  nanosec: 0
number_of_recoveries: 0
distance_remaining: 19.79079246520996

Feedback:
    current_pose:
  header:
    stamp:
      sec: 839
      nanosec: 160000000
    frame_id: map
  pose:
    position:
      x: -13.008150213271435
      y: -0.0289038846360139
      z: 0.0
    orientation:
      x: 0.0
      y: 0.0
      z: 0.01904072307093426
      w: 0.9998187089992545
navigation_time:
  sec: 9
  nanosec: 976000000
estimated_time_remaining:
  sec: 0
  nanosec: 0
number_of_recoveries: 0
distance_remaining: 19.79079246520996

Feedback:
    current_pose:
  header:
    stamp:
      sec: 839
      nanosec: 160000000
    frame_id: map
  pose:
    position:
      x: -13.008150213271435
      y: -0.0289038846360139
      z: 0.0
    orientation:
      x: 0.0
      y: 0.0
      z: 0.01904072307093426
      w: 0.9998187089992545
navigation_time:
  sec: 9
  nanosec: 976000000
estimated_time_remaining:
  sec: 0
  nanosec: 0
number_of_recoveries: 0
distance_remaining: 19.79079246520996

Feedback:
    current_pose:
  header:
    stamp:
      sec: 839
      nanosec: 180000000
    frame_id: map
  pose:
    position:
      x: -13.007832627970785
      y: -0.028891914556014697
      z: 0.0
    orientation:
      x: 0.0
      y: 0.0
      z: 0.0186301287687374
      w: 0.9998264440902034
navigation_time:
  sec: 9
  nanosec: 996000000
estimated_time_remaining:
  sec: 0
  nanosec: 0
number_of_recoveries: 0
distance_remaining: 19.79079246520996

Feedback:
    current_pose:
  header:
    stamp:
      sec: 839
      nanosec: 200000000
    frame_id: map
  pose:
    position:
      x: -13.007705044986395
      y: -0.028887215408161637
      z: 0.0
    orientation:
      x: 0.0
      y: 0.0
      z: 0.01818323840302469
      w: 0.9998346712537923
navigation_time:
  sec: 10
  nanosec: 0
estimated_time_remaining:
  sec: 0
  nanosec: 0
number_of_recoveries: 0
distance_remaining: 19.79079246520996

Feedback:
    current_pose:
  header:
    stamp:
      sec: 839
      nanosec: 200000000
    frame_id: map
  pose:
    position:
      x: -13.007705044986395
      y: -0.028887215408161637
      z: 0.0
    orientation:
      x: 0.0
      y: 0.0
      z: 0.01818323840302469
      w: 0.9998346712537923
navigation_time:
  sec: 10
  nanosec: 0
estimated_time_remaining:
  sec: 0
  nanosec: 0
number_of_recoveries: 0
distance_remaining: 19.79079246520996

Feedback:
    current_pose:
  header:
    stamp:
      sec: 839
      nanosec: 200000000
    frame_id: map
  pose:
    position:
      x: -13.007705044986395
      y: -0.028887215408161637
      z: 0.0
    orientation:
      x: 0.0
      y: 0.0
      z: 0.01818323840302469
      w: 0.9998346712537923
navigation_time:
  sec: 10
  nanosec: 0
estimated_time_remaining:
  sec: 0
  nanosec: 0
number_of_recoveries: 0
distance_remaining: 19.79079246520996

Feedback:
    current_pose:
  header:
    stamp:
      sec: 839
      nanosec: 220000000
    frame_id: map
  pose:
    position:
      x: -13.00762255633667
      y: -0.028884234437361656
      z: 0.0
    orientation:
      x: 0.0
      y: 0.0
      z: 0.01771432521798552
      w: 0.9998430890305096
navigation_time:
  sec: 10
  nanosec: 24000000
estimated_time_remaining:
  sec: 0
  nanosec: 0
number_of_recoveries: 0
distance_remaining: 19.79079246520996

Feedback:
    current_pose:
  header:
    stamp:
      sec: 839
      nanosec: 240000000
    frame_id: map
  pose:
    position:
      x: -13.007720462290493
      y: -0.028887650138022636
      z: 0.0
    orientation:
      x: 0.0
      y: 0.0
      z: 0.017157330622437798
      w: 0.9998528021693555
navigation_time:
  sec: 10
  nanosec: 44000000
estimated_time_remaining:
  sec: 0
  nanosec: 0
number_of_recoveries: 0
distance_remaining: 19.79079246520996

Feedback:
    current_pose:
  header:
    stamp:
      sec: 839
      nanosec: 240000000
    frame_id: map
  pose:
    position:
      x: -13.007720462290493
      y: -0.028887650138022636
      z: 0.0
    orientation:
      x: 0.0
      y: 0.0
      z: 0.017157330622437798
      w: 0.9998528021693555
navigation_time:
  sec: 10
  nanosec: 44000000
estimated_time_remaining:
  sec: 0
  nanosec: 0
number_of_recoveries: 0
distance_remaining: 19.79079246520996

Feedback:
    current_pose:
  header:
    stamp:
      sec: 839
      nanosec: 240000000
    frame_id: map
  pose:
    position:
      x: -13.007720462290493
      y: -0.028887650138022636
      z: 0.0
    orientation:
      x: 0.0
      y: 0.0
      z: 0.017157330622437798
      w: 0.9998528021693555
navigation_time:
  sec: 10
  nanosec: 44000000
estimated_time_remaining:
  sec: 0
  nanosec: 0
number_of_recoveries: 0
distance_remaining: 19.79079246520996

Feedback:
    current_pose:
  header:
    stamp:
      sec: 839
      nanosec: 240000000
    frame_id: map
  pose:
    position:
      x: -13.007720462290493
      y: -0.028887650138022636
      z: 0.0
    orientation:
      x: 0.0
      y: 0.0
      z: 0.017157330622437798
      w: 0.9998528021693555
navigation_time:
  sec: 10
  nanosec: 44000000
estimated_time_remaining:
  sec: 0
  nanosec: 0
number_of_recoveries: 0
distance_remaining: 19.79079246520996

Feedback:
    current_pose:
  header:
    stamp:
      sec: 839
      nanosec: 240000000
    frame_id: map
  pose:
    position:
      x: -13.007720462290493
      y: -0.028887650138022636
      z: 0.0
    orientation:
      x: 0.0
      y: 0.0
      z: 0.017157330622437798
      w: 0.9998528021693555
navigation_time:
  sec: 10
  nanosec: 44000000
estimated_time_remaining:
  sec: 0
  nanosec: 0
number_of_recoveries: 0
distance_remaining: 19.79079246520996

Feedback:
    current_pose:
  header:
    stamp:
      sec: 839
      nanosec: 260000000
    frame_id: map
  pose:
    position:
      x: -13.007672403332563
      y: -0.028886050607663805
      z: 0.0
    orientation:
      x: 0.0
      y: 0.0
      z: 0.01670386417464398
      w: 0.9998604807280039
navigation_time:
  sec: 10
  nanosec: 76000000
estimated_time_remaining:
  sec: 0
  nanosec: 0
number_of_recoveries: 0
distance_remaining: 19.79079246520996

Feedback:
    current_pose:
  header:
    stamp:
      sec: 839
      nanosec: 260000000
    frame_id: map
  pose:
    position:
      x: -13.007672403332563
      y: -0.028886050607663805
      z: 0.0
    orientation:
      x: 0.0
      y: 0.0
      z: 0.01670386417464398
      w: 0.9998604807280039
navigation_time:
  sec: 10
  nanosec: 76000000
estimated_time_remaining:
  sec: 0
  nanosec: 0
number_of_recoveries: 0
distance_remaining: 19.79079246520996

Feedback:
    current_pose:
  header:
    stamp:
      sec: 839
      nanosec: 260000000
    frame_id: map
  pose:
    position:
      x: -13.007672403332563
      y: -0.028886050607663805
      z: 0.0
    orientation:
      x: 0.0
      y: 0.0
      z: 0.01670386417464398
      w: 0.9998604807280039
navigation_time:
  sec: 10
  nanosec: 76000000
estimated_time_remaining:
  sec: 0
  nanosec: 0
number_of_recoveries: 0
distance_remaining: 19.79079246520996

Feedback:
    current_pose:
  header:
    stamp:
      sec: 839
      nanosec: 280000000
    frame_id: map
  pose:
    position:
      x: -13.007527029693264
      y: -0.028881247928717713
      z: 0.0
    orientation:
      x: 0.0
      y: 0.0
      z: 0.01631941706371487
      w: 0.999866829446152
navigation_time:
  sec: 10
  nanosec: 108000000
estimated_time_remaining:
  sec: 0
  nanosec: 0
number_of_recoveries: 0
distance_remaining: 19.79079246520996

Feedback:
    current_pose:
  header:
    stamp:
      sec: 839
      nanosec: 300000000
    frame_id: map
  pose:
    position:
      x: -13.007283915425347
      y: -0.028873433818221272
      z: 0.0
    orientation:
      x: 0.0
      y: 0.0
      z: 0.01585178262235376
      w: 0.9998743526002122
navigation_time:
  sec: 10
  nanosec: 112000000
estimated_time_remaining:
  sec: 0
  nanosec: 0
number_of_recoveries: 0
distance_remaining: 19.79079246520996

Feedback:
    current_pose:
  header:
    stamp:
      sec: 839
      nanosec: 300000000
    frame_id: map
  pose:
    position:
      x: -13.007283915425347
      y: -0.028873433818221272
      z: 0.0
    orientation:
      x: 0.0
      y: 0.0
      z: 0.01585178262235376
      w: 0.9998743526002122
navigation_time:
  sec: 10
  nanosec: 116000000
estimated_time_remaining:
  sec: 0
  nanosec: 0
number_of_recoveries: 0
distance_remaining: 19.79079246520996

Feedback:
    current_pose:
  header:
    stamp:
      sec: 839
      nanosec: 300000000
    frame_id: map
  pose:
    position:
      x: -13.007283915425347
      y: -0.028873433818221272
      z: 0.0
    orientation:
      x: 0.0
      y: 0.0
      z: 0.01585178262235376
      w: 0.9998743526002122
navigation_time:
  sec: 10
  nanosec: 116000000
estimated_time_remaining:
  sec: 0
  nanosec: 0
number_of_recoveries: 0
distance_remaining: 19.79079246520996

Feedback:
    current_pose:
  header:
    stamp:
      sec: 839
      nanosec: 300000000
    frame_id: map
  pose:
    position:
      x: -13.007283915425347
      y: -0.028873433818221272
      z: 0.0
    orientation:
      x: 0.0
      y: 0.0
      z: 0.01585178262235376
      w: 0.9998743526002122
navigation_time:
  sec: 10
  nanosec: 116000000
estimated_time_remaining:
  sec: 0
  nanosec: 0
number_of_recoveries: 0
distance_remaining: 19.79079246520996

Feedback:
    current_pose:
  header:
    stamp:
      sec: 839
      nanosec: 300000000
    frame_id: map
  pose:
    position:
      x: -13.007283915425347
      y: -0.028873433818221272
      z: 0.0
    orientation:
      x: 0.0
      y: 0.0
      z: 0.01585178262235376
      w: 0.9998743526002122
navigation_time:
  sec: 10
  nanosec: 116000000
estimated_time_remaining:
  sec: 0
  nanosec: 0
number_of_recoveries: 0
distance_remaining: 19.79079246520996

Feedback:
    current_pose:
  header:
    stamp:
      sec: 839
      nanosec: 340000000
    frame_id: map
  pose:
    position:
      x: -13.006703099823383
      y: -0.02885559756407119
      z: 0.0
    orientation:
      x: 0.0
      y: 0.0
      z: 0.014788722165126583
      w: 0.9998906408686515
navigation_time:
  sec: 10
  nanosec: 144000000
estimated_time_remaining:
  sec: 0
  nanosec: 0
number_of_recoveries: 0
distance_remaining: 19.79079246520996

Feedback:
    current_pose:
  header:
    stamp:
      sec: 839
      nanosec: 340000000
    frame_id: map
  pose:
    position:
      x: -13.006703099823383
      y: -0.02885559756407119
      z: 0.0
    orientation:
      x: 0.0
      y: 0.0
      z: 0.014788722165126583
      w: 0.9998906408686515
navigation_time:
  sec: 10
  nanosec: 144000000
estimated_time_remaining:
  sec: 0
  nanosec: 0
number_of_recoveries: 0
distance_remaining: 19.79079246520996

Feedback:
    current_pose:
  header:
    stamp:
      sec: 839
      nanosec: 340000000
    frame_id: map
  pose:
    position:
      x: -13.006703099823383
      y: -0.02885559756407119
      z: 0.0
    orientation:
      x: 0.0
      y: 0.0
      z: 0.014788722165126583
      w: 0.9998906408686515
navigation_time:
  sec: 10
  nanosec: 144000000
estimated_time_remaining:
  sec: 0
  nanosec: 0
number_of_recoveries: 0
distance_remaining: 19.79079246520996

Feedback:
    current_pose:
  header:
    stamp:
      sec: 839
      nanosec: 340000000
    frame_id: map
  pose:
    position:
      x: -13.006703099823383
      y: -0.02885559756407119
      z: 0.0
    orientation:
      x: 0.0
      y: 0.0
      z: 0.014788722165126583
      w: 0.9998906408686515
navigation_time:
  sec: 10
  nanosec: 144000000
estimated_time_remaining:
  sec: 0
  nanosec: 0
number_of_recoveries: 0
distance_remaining: 19.79079246520996

Feedback:
    current_pose:
  header:
    stamp:
      sec: 839
      nanosec: 340000000
    frame_id: map
  pose:
    position:
      x: -13.006703099823383
      y: -0.02885559756407119
      z: 0.0
    orientation:
      x: 0.0
      y: 0.0
      z: 0.014788722165126583
      w: 0.9998906408686515
navigation_time:
  sec: 10
  nanosec: 156000000
estimated_time_remaining:
  sec: 0
  nanosec: 0
number_of_recoveries: 0
distance_remaining: 19.79079246520996

Feedback:
    current_pose:
  header:
    stamp:
      sec: 839
      nanosec: 360000000
    frame_id: map
  pose:
    position:
      x: -13.006454394634332
      y: -0.028848376307955448
      z: 0.0
    orientation:
      x: 0.0
      y: 0.0
      z: 0.014237508235179972
      w: 0.9998986415428581
navigation_time:
  sec: 10
  nanosec: 172000000
estimated_time_remaining:
  sec: 0
  nanosec: 0
number_of_recoveries: 0
distance_remaining: 19.79079246520996

Feedback:
    current_pose:
  header:
    stamp:
      sec: 839
      nanosec: 360000000
    frame_id: map
  pose:
    position:
      x: -13.006454394634332
      y: -0.028848376307955448
      z: 0.0
    orientation:
      x: 0.0
      y: 0.0
      z: 0.014237508235179972
      w: 0.9998986415428581
navigation_time:
  sec: 10
  nanosec: 172000000
estimated_time_remaining:
  sec: 0
  nanosec: 0
number_of_recoveries: 0
distance_remaining: 19.79079246520996

Feedback:
    current_pose:
  header:
    stamp:
      sec: 839
      nanosec: 360000000
    frame_id: map
  pose:
    position:
      x: -13.006454394634332
      y: -0.028848376307955448
      z: 0.0
    orientation:
      x: 0.0
      y: 0.0
      z: 0.014237508235179972
      w: 0.9998986415428581
navigation_time:
  sec: 10
  nanosec: 172000000
estimated_time_remaining:
  sec: 0
  nanosec: 0
number_of_recoveries: 0
distance_remaining: 19.79079246520996

Feedback:
    current_pose:
  header:
    stamp:
      sec: 839
      nanosec: 360000000
    frame_id: map
  pose:
    position:
      x: -13.006454394634332
      y: -0.028848376307955448
      z: 0.0
    orientation:
      x: 0.0
      y: 0.0
      z: 0.014237508235179972
      w: 0.9998986415428581
navigation_time:
  sec: 10
  nanosec: 172000000
estimated_time_remaining:
  sec: 0
  nanosec: 0
number_of_recoveries: 0
distance_remaining: 19.79079246520996

Feedback:
    current_pose:
  header:
    stamp:
      sec: 839
      nanosec: 400000000
    frame_id: map
  pose:
    position:
      x: -13.006187971632542
      y: -0.028841143083283782
      z: 0.0
    orientation:
      x: 0.0
      y: 0.0
      z: 0.012733887992146982
      w: 0.9999189207613801
navigation_time:
  sec: 10
  nanosec: 200000000
estimated_time_remaining:
  sec: 0
  nanosec: 0
number_of_recoveries: 0
distance_remaining: 19.79079246520996

Feedback:
    current_pose:
  header:
    stamp:
      sec: 839
      nanosec: 400000000
    frame_id: map
  pose:
    position:
      x: -13.006187971632542
      y: -0.028841143083283782
      z: 0.0
    orientation:
      x: 0.0
      y: 0.0
      z: 0.012733887992146982
      w: 0.9999189207613801
navigation_time:
  sec: 10
  nanosec: 200000000
estimated_time_remaining:
  sec: 0
  nanosec: 0
number_of_recoveries: 0
distance_remaining: 19.79079246520996

Feedback:
    current_pose:
  header:
    stamp:
      sec: 839
      nanosec: 400000000
    frame_id: map
  pose:
    position:
      x: -13.006187971632542
      y: -0.028841143083283782
      z: 0.0
    orientation:
      x: 0.0
      y: 0.0
      z: 0.012733887992146982
      w: 0.9999189207613801
navigation_time:
  sec: 10
  nanosec: 200000000
estimated_time_remaining:
  sec: 0
  nanosec: 0
number_of_recoveries: 0
distance_remaining: 19.79079246520996

Feedback:
    current_pose:
  header:
    stamp:
      sec: 839
      nanosec: 400000000
    frame_id: map
  pose:
    position:
      x: -13.006187971632542
      y: -0.028841143083283782
      z: 0.0
    orientation:
      x: 0.0
      y: 0.0
      z: 0.012733887992146982
      w: 0.9999189207613801
navigation_time:
  sec: 10
  nanosec: 200000000
estimated_time_remaining:
  sec: 0
  nanosec: 0
number_of_recoveries: 0
distance_remaining: 19.79079246520996

Feedback:
    current_pose:
  header:
    stamp:
      sec: 839
      nanosec: 420000000
    frame_id: map
  pose:
    position:
      x: -13.006193533130684
      y: -0.028841263796246963
      z: 0.0
    orientation:
      x: 0.0
      y: 0.0
      z: 0.012056222672154171
      w: 0.9999273211063289
navigation_time:
  sec: 10
  nanosec: 224000000
estimated_time_remaining:
  sec: 0
  nanosec: 0
number_of_recoveries: 0
distance_remaining: 19.79079246520996

Feedback:
    current_pose:
  header:
    stamp:
      sec: 839
      nanosec: 440000000
    frame_id: map
  pose:
    position:
      x: -13.006241584358236
      y: -0.02884238545578377
      z: 0.0
    orientation:
      x: 0.0
      y: 0.0
      z: 0.0114002015417001
      w: 0.9999350155909176
navigation_time:
  sec: 10
  nanosec: 244000000
estimated_time_remaining:
  sec: 0
  nanosec: 0
number_of_recoveries: 0
distance_remaining: 19.79079246520996

Feedback:
    current_pose:
  header:
    stamp:
      sec: 839
      nanosec: 440000000
    frame_id: map
  pose:
    position:
      x: -13.006241584358236
      y: -0.02884238545578377
      z: 0.0
    orientation:
      x: 0.0
      y: 0.0
      z: 0.0114002015417001
      w: 0.9999350155909176
navigation_time:
  sec: 10
  nanosec: 244000000
estimated_time_remaining:
  sec: 0
  nanosec: 0
number_of_recoveries: 0
distance_remaining: 19.79079246520996

Feedback:
    current_pose:
  header:
    stamp:
      sec: 839
      nanosec: 440000000
    frame_id: map
  pose:
    position:
      x: -13.006241584358236
      y: -0.02884238545578377
      z: 0.0
    orientation:
      x: 0.0
      y: 0.0
      z: 0.0114002015417001
      w: 0.9999350155909176
navigation_time:
  sec: 10
  nanosec: 244000000
estimated_time_remaining:
  sec: 0
  nanosec: 0
number_of_recoveries: 0
distance_remaining: 19.79079246520996

Feedback:
    current_pose:
  header:
    stamp:
      sec: 839
      nanosec: 440000000
    frame_id: map
  pose:
    position:
      x: -13.006241584358236
      y: -0.02884238545578377
      z: 0.0
    orientation:
      x: 0.0
      y: 0.0
      z: 0.0114002015417001
      w: 0.9999350155909176
navigation_time:
  sec: 10
  nanosec: 252000000
estimated_time_remaining:
  sec: 0
  nanosec: 0
number_of_recoveries: 0
distance_remaining: 19.79079246520996

Feedback:
    current_pose:
  header:
    stamp:
      sec: 839
      nanosec: 460000000
    frame_id: map
  pose:
    position:
      x: -13.006333647672548
      y: -0.02884442360866757
      z: 0.0
    orientation:
      x: 0.0
      y: 0.0
      z: 0.01073432956019976
      w: 0.9999423854247269
navigation_time:
  sec: 10
  nanosec: 272000000
estimated_time_remaining:
  sec: 0
  nanosec: 0
number_of_recoveries: 0
distance_remaining: 19.79079246520996

Feedback:
    current_pose:
  header:
    stamp:
      sec: 839
      nanosec: 460000000
    frame_id: map
  pose:
    position:
      x: -13.006333647672548
      y: -0.02884442360866757
      z: 0.0
    orientation:
      x: 0.0
      y: 0.0
      z: 0.01073432956019976
      w: 0.9999423854247269
navigation_time:
  sec: 10
  nanosec: 272000000
estimated_time_remaining:
  sec: 0
  nanosec: 0
number_of_recoveries: 0
distance_remaining: 19.79079246520996

Feedback:
    current_pose:
  header:
    stamp:
      sec: 839
      nanosec: 460000000
    frame_id: map
  pose:
    position:
      x: -13.006333647672548
      y: -0.02884442360866757
      z: 0.0
    orientation:
      x: 0.0
      y: 0.0
      z: 0.01073432956019976
      w: 0.9999423854247269
navigation_time:
  sec: 10
  nanosec: 272000000
estimated_time_remaining:
  sec: 0
  nanosec: 0
number_of_recoveries: 0
distance_remaining: 19.79079246520996

Feedback:
    current_pose:
  header:
    stamp:
      sec: 839
      nanosec: 480000000
    frame_id: map
  pose:
    position:
      x: -13.006360628553622
      y: -0.028845002982343715
      z: 0.0
    orientation:
      x: 0.0
      y: 0.0
      z: 0.01000131021560119
      w: 0.9999499856462679
navigation_time:
  sec: 10
  nanosec: 284000000
estimated_time_remaining:
  sec: 0
  nanosec: 0
number_of_recoveries: 0
distance_remaining: 19.79079246520996

Feedback:
    current_pose:
  header:
    stamp:
      sec: 839
      nanosec: 500000000
    frame_id: map
  pose:
    position:
      x: -13.006344219496981
      y: -0.028844687477210584
      z: 0.0
    orientation:
      x: 0.0
      y: 0.0
      z: 0.009223523365087303
      w: 0.9999574624036434
navigation_time:
  sec: 10
  nanosec: 304000000
estimated_time_remaining:
  sec: 0
  nanosec: 0
number_of_recoveries: 0
distance_remaining: 19.79079246520996

Feedback:
    current_pose:
  header:
    stamp:
      sec: 839
      nanosec: 500000000
    frame_id: map
  pose:
    position:
      x: -13.006344219496981
      y: -0.028844687477210584
      z: 0.0
    orientation:
      x: 0.0
      y: 0.0
      z: 0.009223523365087303
      w: 0.9999574624036434
navigation_time:
  sec: 10
  nanosec: 308000000
estimated_time_remaining:
  sec: 0
  nanosec: 0
number_of_recoveries: 0
distance_remaining: 19.79079246520996

Feedback:
    current_pose:
  header:
    stamp:
      sec: 839
      nanosec: 500000000
    frame_id: map
  pose:
    position:
      x: -13.006344219496981
      y: -0.028844687477210584
      z: 0.0
    orientation:
      x: 0.0
      y: 0.0
      z: 0.009223523365087303
      w: 0.9999574624036434
navigation_time:
  sec: 10
  nanosec: 308000000
estimated_time_remaining:
  sec: 0
  nanosec: 0
number_of_recoveries: 0
distance_remaining: 19.79079246520996

Feedback:
    current_pose:
  header:
    stamp:
      sec: 839
      nanosec: 500000000
    frame_id: map
  pose:
    position:
      x: -13.006344219496981
      y: -0.028844687477210584
      z: 0.0
    orientation:
      x: 0.0
      y: 0.0
      z: 0.009223523365087303
      w: 0.9999574624036434
navigation_time:
  sec: 10
  nanosec: 308000000
estimated_time_remaining:
  sec: 0
  nanosec: 0
number_of_recoveries: 0
distance_remaining: 19.79079246520996

Feedback:
    current_pose:
  header:
    stamp:
      sec: 839
      nanosec: 500000000
    frame_id: map
  pose:
    position:
      x: -13.006344219496981
      y: -0.028844687477210584
      z: 0.0
    orientation:
      x: 0.0
      y: 0.0
      z: 0.009223523365087303
      w: 0.9999574624036434
navigation_time:
  sec: 10
  nanosec: 308000000
estimated_time_remaining:
  sec: 0
  nanosec: 0
number_of_recoveries: 0
distance_remaining: 19.79079246520996

Feedback:
    current_pose:
  header:
    stamp:
      sec: 839
      nanosec: 500000000
    frame_id: map
  pose:
    position:
      x: -13.006344219496981
      y: -0.028844687477210584
      z: 0.0
    orientation:
      x: 0.0
      y: 0.0
      z: 0.009223523365087303
      w: 0.9999574624036434
navigation_time:
  sec: 10
  nanosec: 308000000
estimated_time_remaining:
  sec: 0
  nanosec: 0
number_of_recoveries: 0
distance_remaining: 19.79079246520996

Feedback:
    current_pose:
  header:
    stamp:
      sec: 839
      nanosec: 540000000
    frame_id: map
  pose:
    position:
      x: -13.006413639255513
      y: -0.02884604501424093
      z: 0.0
    orientation:
      x: 0.0
      y: 0.0
      z: 0.0075538503331923626
      w: 0.9999714692655705
navigation_time:
  sec: 10
  nanosec: 344000000
estimated_time_remaining:
  sec: 0
  nanosec: 0
number_of_recoveries: 0
distance_remaining: 19.79079246520996

Feedback:
    current_pose:
  header:
    stamp:
      sec: 839
      nanosec: 540000000
    frame_id: map
  pose:
    position:
      x: -13.006413639255513
      y: -0.02884604501424093
      z: 0.0
    orientation:
      x: 0.0
      y: 0.0
      z: 0.0075538503331923626
      w: 0.9999714692655705
navigation_time:
  sec: 10
  nanosec: 344000000
estimated_time_remaining:
  sec: 0
  nanosec: 0
number_of_recoveries: 0
distance_remaining: 19.79079246520996

Feedback:
    current_pose:
  header:
    stamp:
      sec: 839
      nanosec: 540000000
    frame_id: map
  pose:
    position:
      x: -13.006413639255513
      y: -0.02884604501424093
      z: 0.0
    orientation:
      x: 0.0
      y: 0.0
      z: 0.0075538503331923626
      w: 0.9999714692655705
navigation_time:
  sec: 10
  nanosec: 344000000
estimated_time_remaining:
  sec: 0
  nanosec: 0
number_of_recoveries: 0
distance_remaining: 19.79079246520996

Feedback:
    current_pose:
  header:
    stamp:
      sec: 839
      nanosec: 540000000
    frame_id: map
  pose:
    position:
      x: -13.006413639255513
      y: -0.02884604501424093
      z: 0.0
    orientation:
      x: 0.0
      y: 0.0
      z: 0.0075538503331923626
      w: 0.9999714692655705
navigation_time:
  sec: 10
  nanosec: 344000000
estimated_time_remaining:
  sec: 0
  nanosec: 0
number_of_recoveries: 0
distance_remaining: 19.79079246520996

Feedback:
    current_pose:
  header:
    stamp:
      sec: 839
      nanosec: 560000000
    frame_id: map
  pose:
    position:
      x: -13.006163890118316
      y: -0.028842504357886156
      z: 0.0
    orientation:
      x: 0.0
      y: 0.0
      z: 0.006621930962924599
      w: 0.9999780747748034
navigation_time:
  sec: 10
  nanosec: 372000000
estimated_time_remaining:
  sec: 0
  nanosec: 0
number_of_recoveries: 0
distance_remaining: 19.79079246520996

Feedback:
    current_pose:
  header:
    stamp:
      sec: 839
      nanosec: 560000000
    frame_id: map
  pose:
    position:
      x: -13.006163890118316
      y: -0.028842504357886156
      z: 0.0
    orientation:
      x: 0.0
      y: 0.0
      z: 0.006621930962924599
      w: 0.9999780747748034
navigation_time:
  sec: 10
  nanosec: 376000000
estimated_time_remaining:
  sec: 0
  nanosec: 0
number_of_recoveries: 0
distance_remaining: 19.79079246520996

Feedback:
    current_pose:
  header:
    stamp:
      sec: 839
      nanosec: 560000000
    frame_id: map
  pose:
    position:
      x: -13.006163890118316
      y: -0.028842504357886156
      z: 0.0
    orientation:
      x: 0.0
      y: 0.0
      z: 0.006621930962924599
      w: 0.9999780747748034
navigation_time:
  sec: 10
  nanosec: 376000000
estimated_time_remaining:
  sec: 0
  nanosec: 0
number_of_recoveries: 0
distance_remaining: 19.79079246520996

Feedback:
    current_pose:
  header:
    stamp:
      sec: 839
      nanosec: 560000000
    frame_id: map
  pose:
    position:
      x: -13.006163890118316
      y: -0.028842504357886156
      z: 0.0
    orientation:
      x: 0.0
      y: 0.0
      z: 0.006621930962924599
      w: 0.9999780747748034
navigation_time:
  sec: 10
  nanosec: 376000000
estimated_time_remaining:
  sec: 0
  nanosec: 0
number_of_recoveries: 0
distance_remaining: 19.79079246520996

Feedback:
    current_pose:
  header:
    stamp:
      sec: 839
      nanosec: 560000000
    frame_id: map
  pose:
    position:
      x: -13.006163890118316
      y: -0.028842504357886156
      z: 0.0
    orientation:
      x: 0.0
      y: 0.0
      z: 0.006621930962924599
      w: 0.9999780747748034
navigation_time:
  sec: 10
  nanosec: 376000000
estimated_time_remaining:
  sec: 0
  nanosec: 0
number_of_recoveries: 0
distance_remaining: 19.79079246520996

Feedback:
    current_pose:
  header:
    stamp:
      sec: 839
      nanosec: 600000000
    frame_id: map
  pose:
    position:
      x: -13.005444608186636
      y: -0.028834514510798215
      z: 0.0
    orientation:
      x: 0.0
      y: 0.0
      z: 0.0045739589093008745
      w: 0.9999895393952358
navigation_time:
  sec: 10
  nanosec: 400000000
estimated_time_remaining:
  sec: 0
  nanosec: 0
number_of_recoveries: 0
distance_remaining: 19.79079246520996

Feedback:
    current_pose:
  header:
    stamp:
      sec: 839
      nanosec: 600000000
    frame_id: map
  pose:
    position:
      x: -13.005444608186636
      y: -0.028834514510798215
      z: 0.0
    orientation:
      x: 0.0
      y: 0.0
      z: 0.0045739589093008745
      w: 0.9999895393952358
navigation_time:
  sec: 10
  nanosec: 400000000
estimated_time_remaining:
  sec: 0
  nanosec: 0
number_of_recoveries: 0
distance_remaining: 19.79079246520996

Feedback:
    current_pose:
  header:
    stamp:
      sec: 839
      nanosec: 600000000
    frame_id: map
  pose:
    position:
      x: -13.005444608186636
      y: -0.028834514510798215
      z: 0.0
    orientation:
      x: 0.0
      y: 0.0
      z: 0.0045739589093008745
      w: 0.9999895393952358
navigation_time:
  sec: 10
  nanosec: 400000000
estimated_time_remaining:
  sec: 0
  nanosec: 0
number_of_recoveries: 0
distance_remaining: 19.79079246520996

Feedback:
    current_pose:
  header:
    stamp:
      sec: 839
      nanosec: 600000000
    frame_id: map
  pose:
    position:
      x: -13.005444608186636
      y: -0.028834514510798215
      z: 0.0
    orientation:
      x: 0.0
      y: 0.0
      z: 0.0045739589093008745
      w: 0.9999895393952358
navigation_time:
  sec: 10
  nanosec: 400000000
estimated_time_remaining:
  sec: 0
  nanosec: 0
number_of_recoveries: 0
distance_remaining: 19.79079246520996

Feedback:
    current_pose:
  header:
    stamp:
      sec: 839
      nanosec: 600000000
    frame_id: map
  pose:
    position:
      x: -13.005444608186636
      y: -0.028834514510798215
      z: 0.0
    orientation:
      x: 0.0
      y: 0.0
      z: 0.0045739589093008745
      w: 0.9999895393952358
navigation_time:
  sec: 10
  nanosec: 400000000
estimated_time_remaining:
  sec: 0
  nanosec: 0
number_of_recoveries: 0
distance_remaining: 19.79079246520996

Feedback:
    current_pose:
  header:
    stamp:
      sec: 839
      nanosec: 620000000
    frame_id: map
  pose:
    position:
      x: -13.005127382645512
      y: -0.028831928585722366
      z: 0.0
    orientation:
      x: 0.0
      y: 0.0
      z: 0.0035328234039767314
      w: 0.9999937595599266
navigation_time:
  sec: 10
  nanosec: 424000000
estimated_time_remaining:
  sec: 0
  nanosec: 0
number_of_recoveries: 0
distance_remaining: 19.79079246520996

Feedback:
    current_pose:
  header:
    stamp:
      sec: 839
      nanosec: 620000000
    frame_id: map
  pose:
    position:
      x: -13.005127382645512
      y: -0.028831928585722366
      z: 0.0
    orientation:
      x: 0.0
      y: 0.0
      z: 0.0035328234039767314
      w: 0.9999937595599266
navigation_time:
  sec: 10
  nanosec: 436000000
estimated_time_remaining:
  sec: 0
  nanosec: 0
number_of_recoveries: 0
distance_remaining: 19.79079246520996

Feedback:
    current_pose:
  header:
    stamp:
      sec: 839
      nanosec: 620000000
    frame_id: map
  pose:
    position:
      x: -13.005127382645512
      y: -0.028831928585722366
      z: 0.0
    orientation:
      x: 0.0
      y: 0.0
      z: 0.0035328234039767314
      w: 0.9999937595599266
navigation_time:
  sec: 10
  nanosec: 440000000
estimated_time_remaining:
  sec: 0
  nanosec: 0
number_of_recoveries: 0
distance_remaining: 19.79079246520996

Feedback:
    current_pose:
  header:
    stamp:
      sec: 839
      nanosec: 620000000
    frame_id: map
  pose:
    position:
      x: -13.005127382645512
      y: -0.028831928585722366
      z: 0.0
    orientation:
      x: 0.0
      y: 0.0
      z: 0.0035328234039767314
      w: 0.9999937595599266
navigation_time:
  sec: 10
  nanosec: 440000000
estimated_time_remaining:
  sec: 0
  nanosec: 0
number_of_recoveries: 0
distance_remaining: 19.79079246520996

Feedback:
    current_pose:
  header:
    stamp:
      sec: 839
      nanosec: 620000000
    frame_id: map
  pose:
    position:
      x: -13.005127382645512
      y: -0.028831928585722366
      z: 0.0
    orientation:
      x: 0.0
      y: 0.0
      z: 0.0035328234039767314
      w: 0.9999937595599266
navigation_time:
  sec: 10
  nanosec: 440000000
estimated_time_remaining:
  sec: 0
  nanosec: 0
number_of_recoveries: 0
distance_remaining: 19.79079246520996

Feedback:
    current_pose:
  header:
    stamp:
      sec: 839
      nanosec: 620000000
    frame_id: map
  pose:
    position:
      x: -13.005127382645512
      y: -0.028831928585722366
      z: 0.0
    orientation:
      x: 0.0
      y: 0.0
      z: 0.0035328234039767314
      w: 0.9999937595599266
navigation_time:
  sec: 10
  nanosec: 440000000
estimated_time_remaining:
  sec: 0
  nanosec: 0
number_of_recoveries: 0
distance_remaining: 19.79079246520996

Feedback:
    current_pose:
  header:
    stamp:
      sec: 839
      nanosec: 620000000
    frame_id: map
  pose:
    position:
      x: -13.005127382645512
      y: -0.028831928585722366
      z: 0.0
    orientation:
      x: 0.0
      y: 0.0
      z: 0.0035328234039767314
      w: 0.9999937595599266
navigation_time:
  sec: 10
  nanosec: 440000000
estimated_time_remaining:
  sec: 0
  nanosec: 0
number_of_recoveries: 0
distance_remaining: 19.79079246520996

Feedback:
    current_pose:
  header:
    stamp:
      sec: 839
      nanosec: 660000000
    frame_id: map
  pose:
    position:
      x: -13.004670273152925
      y: -0.028829529496182005
      z: 0.0
    orientation:
      x: 0.0
      y: 0.0
      z: 0.0014404460916594697
      w: 0.9999989625569903
navigation_time:
  sec: 10
  nanosec: 464000000
estimated_time_remaining:
  sec: 0
  nanosec: 0
number_of_recoveries: 0
distance_remaining: 19.79079246520996

Feedback:
    current_pose:
  header:
    stamp:
      sec: 839
      nanosec: 660000000
    frame_id: map
  pose:
    position:
      x: -13.004670273152925
      y: -0.028829529496182005
      z: 0.0
    orientation:
      x: 0.0
      y: 0.0
      z: 0.0014404460916594697
      w: 0.9999989625569903
navigation_time:
  sec: 10
  nanosec: 472000000
estimated_time_remaining:
  sec: 0
  nanosec: 0
number_of_recoveries: 0
distance_remaining: 19.79079246520996

Feedback:
    current_pose:
  header:
    stamp:
      sec: 839
      nanosec: 660000000
    frame_id: map
  pose:
    position:
      x: -13.004670273152925
      y: -0.028829529496182005
      z: 0.0
    orientation:
      x: 0.0
      y: 0.0
      z: 0.0014404460916594697
      w: 0.9999989625569903
navigation_time:
  sec: 10
  nanosec: 476000000
estimated_time_remaining:
  sec: 0
  nanosec: 0
number_of_recoveries: 0
distance_remaining: 19.79079246520996

Feedback:
    current_pose:
  header:
    stamp:
      sec: 839
      nanosec: 660000000
    frame_id: map
  pose:
    position:
      x: -13.004670273152925
      y: -0.028829529496182005
      z: 0.0
    orientation:
      x: 0.0
      y: 0.0
      z: 0.0014404460916594697
      w: 0.9999989625569903
navigation_time:
  sec: 10
  nanosec: 476000000
estimated_time_remaining:
  sec: 0
  nanosec: 0
number_of_recoveries: 0
distance_remaining: 19.79079246520996

Feedback:
    current_pose:
  header:
    stamp:
      sec: 839
      nanosec: 660000000
    frame_id: map
  pose:
    position:
      x: -13.004670273152925
      y: -0.028829529496182005
      z: 0.0
    orientation:
      x: 0.0
      y: 0.0
      z: 0.0014404460916594697
      w: 0.9999989625569903
navigation_time:
  sec: 10
  nanosec: 476000000
estimated_time_remaining:
  sec: 0
  nanosec: 0
number_of_recoveries: 0
distance_remaining: 19.79079246520996

Feedback:
    current_pose:
  header:
    stamp:
      sec: 839
      nanosec: 660000000
    frame_id: map
  pose:
    position:
      x: -13.004670273152925
      y: -0.028829529496182005
      z: 0.0
    orientation:
      x: 0.0
      y: 0.0
      z: 0.0014404460916594697
      w: 0.9999989625569903
navigation_time:
  sec: 10
  nanosec: 476000000
estimated_time_remaining:
  sec: 0
  nanosec: 0
number_of_recoveries: 0
distance_remaining: 19.79079246520996

Feedback:
    current_pose:
  header:
    stamp:
      sec: 839
      nanosec: 660000000
    frame_id: map
  pose:
    position:
      x: -13.004670273152925
      y: -0.028829529496182005
      z: 0.0
    orientation:
      x: 0.0
      y: 0.0
      z: 0.0014404460916594697
      w: 0.9999989625569903
navigation_time:
  sec: 10
  nanosec: 476000000
estimated_time_remaining:
  sec: 0
  nanosec: 0
number_of_recoveries: 0
distance_remaining: 19.79079246520996

Feedback:
    current_pose:
  header:
    stamp:
      sec: 839
      nanosec: 680000000
    frame_id: map
  pose:
    position:
      x: -13.004665871343363
      y: -0.02882952115061954
      z: 0.0
    orientation:
      x: 0.0
      y: 0.0
      z: 0.00045549075699585783
      w: 0.9999998962640798
navigation_time:
  sec: 10
  nanosec: 496000000
estimated_time_remaining:
  sec: 0
  nanosec: 0
number_of_recoveries: 0
distance_remaining: 19.79079246520996

Feedback:
    current_pose:
  header:
    stamp:
      sec: 839
      nanosec: 700000000
    frame_id: map
  pose:
    position:
      x: -13.004833720333693
      y: -0.02882947192437868
      z: 0.0
    orientation:
      x: 0.0
      y: 0.0
      z: -0.0005465209847485274
      w: 0.9999998506573956
navigation_time:
  sec: 10
  nanosec: 508000000
estimated_time_remaining:
  sec: 0
  nanosec: 0
number_of_recoveries: 0
distance_remaining: 19.79079246520996

Feedback:
    current_pose:
  header:
    stamp:
      sec: 839
      nanosec: 700000000
    frame_id: map
  pose:
    position:
      x: -13.004833720333693
      y: -0.02882947192437868
      z: 0.0
    orientation:
      x: 0.0
      y: 0.0
      z: -0.0005465209847485274
      w: 0.9999998506573956
navigation_time:
  sec: 10
  nanosec: 508000000
estimated_time_remaining:
  sec: 0
  nanosec: 0
number_of_recoveries: 0
distance_remaining: 19.79079246520996

Feedback:
    current_pose:
  header:
    stamp:
      sec: 839
      nanosec: 700000000
    frame_id: map
  pose:
    position:
      x: -13.004833720333693
      y: -0.02882947192437868
      z: 0.0
    orientation:
      x: 0.0
      y: 0.0
      z: -0.0005465209847485274
      w: 0.9999998506573956
navigation_time:
  sec: 10
  nanosec: 508000000
estimated_time_remaining:
  sec: 0
  nanosec: 0
number_of_recoveries: 0
distance_remaining: 19.79079246520996

Feedback:
    current_pose:
  header:
    stamp:
      sec: 839
      nanosec: 700000000
    frame_id: map
  pose:
    position:
      x: -13.004833720333693
      y: -0.02882947192437868
      z: 0.0
    orientation:
      x: 0.0
      y: 0.0
      z: -0.0005465209847485274
      w: 0.9999998506573956
navigation_time:
  sec: 10
  nanosec: 508000000
estimated_time_remaining:
  sec: 0
  nanosec: 0
number_of_recoveries: 0
distance_remaining: 19.79079246520996

Feedback:
    current_pose:
  header:
    stamp:
      sec: 839
      nanosec: 700000000
    frame_id: map
  pose:
    position:
      x: -13.004833720333693
      y: -0.02882947192437868
      z: 0.0
    orientation:
      x: 0.0
      y: 0.0
      z: -0.0005465209847485274
      w: 0.9999998506573956
navigation_time:
  sec: 10
  nanosec: 516000000
estimated_time_remaining:
  sec: 0
  nanosec: 0
number_of_recoveries: 0
distance_remaining: 19.79079246520996

Feedback:
    current_pose:
  header:
    stamp:
      sec: 839
      nanosec: 740000000
    frame_id: map
  pose:
    position:
      x: -13.005219010789688
      y: -0.02882832555048509
      z: 0.0
    orientation:
      x: 0.0
      y: 0.0
      z: -0.002450356578292512
      w: 0.9999969978718131
navigation_time:
  sec: 10
  nanosec: 544000000
estimated_time_remaining:
  sec: 0
  nanosec: 0
number_of_recoveries: 0
distance_remaining: 19.79079246520996

Feedback:
    current_pose:
  header:
    stamp:
      sec: 839
      nanosec: 740000000
    frame_id: map
  pose:
    position:
      x: -13.005219010789688
      y: -0.02882832555048509
      z: 0.0
    orientation:
      x: 0.0
      y: 0.0
      z: -0.002450356578292512
      w: 0.9999969978718131
navigation_time:
  sec: 10
  nanosec: 544000000
estimated_time_remaining:
  sec: 0
  nanosec: 0
number_of_recoveries: 0
distance_remaining: 19.79079246520996

Feedback:
    current_pose:
  header:
    stamp:
      sec: 839
      nanosec: 740000000
    frame_id: map
  pose:
    position:
      x: -13.005219010789688
      y: -0.02882832555048509
      z: 0.0
    orientation:
      x: 0.0
      y: 0.0
      z: -0.002450356578292512
      w: 0.9999969978718131
navigation_time:
  sec: 10
  nanosec: 544000000
estimated_time_remaining:
  sec: 0
  nanosec: 0
number_of_recoveries: 0
distance_remaining: 19.79079246520996

Feedback:
    current_pose:
  header:
    stamp:
      sec: 839
      nanosec: 740000000
    frame_id: map
  pose:
    position:
      x: -13.005219010789688
      y: -0.02882832555048509
      z: 0.0
    orientation:
      x: 0.0
      y: 0.0
      z: -0.002450356578292512
      w: 0.9999969978718131
navigation_time:
  sec: 10
  nanosec: 544000000
estimated_time_remaining:
  sec: 0
  nanosec: 0
number_of_recoveries: 0
distance_remaining: 19.79079246520996

Feedback:
    current_pose:
  header:
    stamp:
      sec: 839
      nanosec: 740000000
    frame_id: map
  pose:
    position:
      x: -13.005219010789688
      y: -0.02882832555048509
      z: 0.0
    orientation:
      x: 0.0
      y: 0.0
      z: -0.002450356578292512
      w: 0.9999969978718131
navigation_time:
  sec: 10
  nanosec: 564000000
estimated_time_remaining:
  sec: 0
  nanosec: 0
number_of_recoveries: 0
distance_remaining: 19.79079246520996

Feedback:
    current_pose:
  header:
    stamp:
      sec: 839
      nanosec: 760000000
    frame_id: map
  pose:
    position:
      x: -13.00525090459982
      y: -0.02882816769626828
      z: 0.0
    orientation:
      x: 0.0
      y: 0.0
      z: -0.0033130079496909715
      w: 0.9999945119741034
navigation_time:
  sec: 10
  nanosec: 572000000
estimated_time_remaining:
  sec: 0
  nanosec: 0
number_of_recoveries: 0
distance_remaining: 19.79079246520996

Feedback:
    current_pose:
  header:
    stamp:
      sec: 839
      nanosec: 760000000
    frame_id: map
  pose:
    position:
      x: -13.00525090459982
      y: -0.02882816769626828
      z: 0.0
    orientation:
      x: 0.0
      y: 0.0
      z: -0.0033130079496909715
      w: 0.9999945119741034
navigation_time:
  sec: 10
  nanosec: 572000000
estimated_time_remaining:
  sec: 0
  nanosec: 0
number_of_recoveries: 0
distance_remaining: 19.79079246520996

Feedback:
    current_pose:
  header:
    stamp:
      sec: 839
      nanosec: 760000000
    frame_id: map
  pose:
    position:
      x: -13.00525090459982
      y: -0.02882816769626828
      z: 0.0
    orientation:
      x: 0.0
      y: 0.0
      z: -0.0033130079496909715
      w: 0.9999945119741034
navigation_time:
  sec: 10
  nanosec: 572000000
estimated_time_remaining:
  sec: 0
  nanosec: 0
number_of_recoveries: 0
distance_remaining: 19.79079246520996

Feedback:
    current_pose:
  header:
    stamp:
      sec: 839
      nanosec: 780000000
    frame_id: map
  pose:
    position:
      x: -13.00526230940207
      y: -0.02882807107780927
      z: 0.0
    orientation:
      x: 0.0
      y: 0.0
      z: -0.004121993067078333
      w: 0.9999915045504911
navigation_time:
  sec: 10
  nanosec: 592000000
estimated_time_remaining:
  sec: 0
  nanosec: 0
number_of_recoveries: 0
distance_remaining: 19.79079246520996

Feedback:
    current_pose:
  header:
    stamp:
      sec: 839
      nanosec: 800000000
    frame_id: map
  pose:
    position:
      x: -13.005344679302496
      y: -0.028827337611161852
      z: 0.0
    orientation:
      x: 0.0
      y: 0.0
      z: -0.004782288600525236
      w: 0.9999885647924888
navigation_time:
  sec: 10
  nanosec: 600000000
estimated_time_remaining:
  sec: 0
  nanosec: 0
number_of_recoveries: 0
distance_remaining: 19.79079246520996

Feedback:
    current_pose:
  header:
    stamp:
      sec: 839
      nanosec: 800000000
    frame_id: map
  pose:
    position:
      x: -13.005344679302496
      y: -0.028827337611161852
      z: 0.0
    orientation:
      x: 0.0
      y: 0.0
      z: -0.004782288600525236
      w: 0.9999885647924888
navigation_time:
  sec: 10
  nanosec: 600000000
estimated_time_remaining:
  sec: 0
  nanosec: 0
number_of_recoveries: 0
distance_remaining: 19.79079246520996

Feedback:
    current_pose:
  header:
    stamp:
      sec: 839
      nanosec: 800000000
    frame_id: map
  pose:
    position:
      x: -13.005344679302496
      y: -0.028827337611161852
      z: 0.0
    orientation:
      x: 0.0
      y: 0.0
      z: -0.004782288600525236
      w: 0.9999885647924888
navigation_time:
  sec: 10
  nanosec: 600000000
estimated_time_remaining:
  sec: 0
  nanosec: 0
number_of_recoveries: 0
distance_remaining: 19.79079246520996

Feedback:
    current_pose:
  header:
    stamp:
      sec: 839
      nanosec: 800000000
    frame_id: map
  pose:
    position:
      x: -13.005344679302496
      y: -0.028827337611161852
      z: 0.0
    orientation:
      x: 0.0
      y: 0.0
      z: -0.004782288600525236
      w: 0.9999885647924888
navigation_time:
  sec: 10
  nanosec: 600000000
estimated_time_remaining:
  sec: 0
  nanosec: 0
number_of_recoveries: 0
distance_remaining: 19.79079246520996

Feedback:
    current_pose:
  header:
    stamp:
      sec: 839
      nanosec: 800000000
    frame_id: map
  pose:
    position:
      x: -13.005344679302496
      y: -0.028827337611161852
      z: 0.0
    orientation:
      x: 0.0
      y: 0.0
      z: -0.004782288600525236
      w: 0.9999885647924888
navigation_time:
  sec: 10
  nanosec: 600000000
estimated_time_remaining:
  sec: 0
  nanosec: 0
number_of_recoveries: 0
distance_remaining: 19.79079246520996

Feedback:
    current_pose:
  header:
    stamp:
      sec: 839
      nanosec: 800000000
    frame_id: map
  pose:
    position:
      x: -13.005344679302496
      y: -0.028827337611161852
      z: 0.0
    orientation:
      x: 0.0
      y: 0.0
      z: -0.004782288600525236
      w: 0.9999885647924888
navigation_time:
  sec: 10
  nanosec: 608000000
estimated_time_remaining:
  sec: 0
  nanosec: 0
number_of_recoveries: 0
distance_remaining: 19.79079246520996

Feedback:
    current_pose:
  header:
    stamp:
      sec: 839
      nanosec: 820000000
    frame_id: map
  pose:
    position:
      x: -13.004349858659381
      y: -0.03155372403012713
      z: 0.0
    orientation:
      x: 0.0
      y: 0.0
      z: -0.005333755952862508
      w: 0.9999857754225483
navigation_time:
  sec: 10
  nanosec: 636000000
estimated_time_remaining:
  sec: 0
  nanosec: 0
number_of_recoveries: 0
distance_remaining: 19.79079246520996

Feedback:
    current_pose:
  header:
    stamp:
      sec: 839
      nanosec: 820000000
    frame_id: map
  pose:
    position:
      x: -13.004349858659381
      y: -0.03155372403012713
      z: 0.0
    orientation:
      x: 0.0
      y: 0.0
      z: -0.005333755952862508
      w: 0.9999857754225483
navigation_time:
  sec: 10
  nanosec: 636000000
estimated_time_remaining:
  sec: 0
  nanosec: 0
number_of_recoveries: 0
distance_remaining: 19.79079246520996

Feedback:
    current_pose:
  header:
    stamp:
      sec: 839
      nanosec: 820000000
    frame_id: map
  pose:
    position:
      x: -13.004349858659381
      y: -0.03155372403012713
      z: 0.0
    orientation:
      x: 0.0
      y: 0.0
      z: -0.005333755952862508
      w: 0.9999857754225483
navigation_time:
  sec: 10
  nanosec: 636000000
estimated_time_remaining:
  sec: 0
  nanosec: 0
number_of_recoveries: 0
distance_remaining: 19.79079246520996

Feedback:
    current_pose:
  header:
    stamp:
      sec: 839
      nanosec: 820000000
    frame_id: map
  pose:
    position:
      x: -13.004349858659381
      y: -0.03155372403012713
      z: 0.0
    orientation:
      x: 0.0
      y: 0.0
      z: -0.005333755952862508
      w: 0.9999857754225483
navigation_time:
  sec: 10
  nanosec: 636000000
estimated_time_remaining:
  sec: 0
  nanosec: 0
number_of_recoveries: 0
distance_remaining: 19.79079246520996

Feedback:
    current_pose:
  header:
    stamp:
      sec: 839
      nanosec: 820000000
    frame_id: map
  pose:
    position:
      x: -13.004349858659381
      y: -0.03155372403012713
      z: 0.0
    orientation:
      x: 0.0
      y: 0.0
      z: -0.005333755952862508
      w: 0.9999857754225483
navigation_time:
  sec: 10
  nanosec: 636000000
estimated_time_remaining:
  sec: 0
  nanosec: 0
number_of_recoveries: 0
distance_remaining: 19.79079246520996

Feedback:
    current_pose:
  header:
    stamp:
      sec: 839
      nanosec: 860000000
    frame_id: map
  pose:
    position:
      x: -13.002715067361649
      y: -0.03700278315495176
      z: 0.0
    orientation:
      x: 0.0
      y: 0.0
      z: -0.00614679465527704
      w: 0.9999811082792842
navigation_time:
  sec: 10
  nanosec: 668000000
estimated_time_remaining:
  sec: 0
  nanosec: 0
number_of_recoveries: 0
distance_remaining: 19.79079246520996

Result:
    error_code: 0
error_msg: ''

Goal finished with status: ABORTED
